SN,C0,C1,C2,C3,C4,Err_C0,Err_C1,Err_C2,Err_C3,Err_C4,Std
IIP,0.0,0.0,-40857.51686348278,311.0584088853095,1.0520765752901102,0.0,0.0,0.0,5.999191672599163e-17,0.2701795738124177,0.8154693837287587
II-other,0.0,0.0,0.0,-43956.04686300496,341.72346741811384,0.0,0.0,0.0,0.0,0.0,82.67233403061171
Ib,0.0,0.0,-6029781.681916958,46325.35738058179,0.0024816462542490633,0.0,0.0,0.0,0.0,3.6308298999625956e-09,44.64807513275407
Ic,0.0,0.0,-679929.1725030077,33136.05077879939,33.33429111758801,0.0,0.0,0.0,0.0,1.2400564714250022,120.96368861580548
Long-GRB,0.0,0.0,-1792948.1561482172,8768.008171923175,5.889280134917241e-08,0.0,0.0,0.0,0.0,1.0977505999999625e-08,3.589833256213416
Pair-Instab,0.0,0.0,0.0,0.0,0.0,0.0,0.0,0.0,0.0,0.0,0.0
Low-mass,0.0,0.0,0.0,0.0,0.0,0.0,0.0,0.0,0.0,0.0,0.0
