,id,sfr,sfrd,snr,snr_solar,snrd,mass,z,halo_volume,snr_err,snr_solar_err,snrd_err
0,45786,12.55542,2.2819325541757256e+16,0.03275954373218451,2.6045697940517697e-08,59540078549674.305,996195180.85,4.176834914726472,5.50209951517837e-16,0.0005026260875292127,3.9879176012480274e-10,913516896854.815
1,65619,1.039677,4857733846315201.0,0.0006093054555271773,5.239653896712733e-10,2846887768084.579,19984875.46,4.176834914726472,2.1402510571645242e-16,5.3069810300674e-05,5.230674832625686e-11,247960677898.14645
2,84629,0.536664,4824423185880556.0,0.00019363726430809085,1.704273351967868e-10,1740731831422.3328,18399379.66,4.176834914726472,1.1123899776674502e-16,6.434782482163841e-05,6.393386007723142e-11,578464622241.277
3,13600,9.416687,1.681802326391975e+16,0.03179613609728801,2.4337288774040886e-08,56787292238443.12,954152772.99,4.176834914726472,5.599163975591545e-16,0.0004829450664056533,3.725324458219938e-10,862530671562.6787
4,19167,8.158735,1.0684926089561162e+16,0.03038073867830188,2.3739343876991247e-08,39787534136594.42,1565802081.22,4.176834914726472,7.63574303800831e-16,0.0005277128219703056,4.2071927898502676e-10,691108670555.725
5,14423,19.005178,1.6617778118933944e+16,0.18189060923295333,1.4071337938232674e-07,159041803562741.5,5618502599.09,4.176834914726472,1.14366540845469e-15,0.0010777518237068138,8.595818010250968e-10,942366373713.324
6,55668,1.4002948,5090489138078837.0,0.0015075997000685711,1.0758400746261428e-09,5480574446016.635,39363057.9,4.176834914726472,2.750805987434981e-16,7.260364393886087e-05,5.0521320426413825e-11,263935894681.40186
7,66738,0.65362054,4404056435781119.5,0.0002444568951127204,1.5601493256409364e-10,1647136061838.3354,10266389.15,4.176834914726472,1.4841329795177147e-16,3.6345328047757516e-05,2.588138969886082e-11,244892664938.74646
8,75290,7.1273932,2.7553050138336876e+16,0.00607361379284026,4.242916402189377e-09,23479353623288.535,246298008.34,4.176834914726472,2.586789180949175e-16,0.00024139806622924052,1.8047004635404342e-10,933195747094.7203
9,21362,3.960843,7243838702193045.0,0.009002289319895461,6.407151954036062e-09,16463952694867.693,284455080.17,4.176834914726472,5.467878514192855e-16,0.00030201274697612917,2.3771537827717715e-10,552339899637.8599
10,19787,1.9050109,6197995004214800.0,0.001799778989993555,1.2960703040412016e-09,5855620662680.1,69621179.76,4.176834914726472,3.073592183769981e-16,0.0001055371615591405,9.060353934557756e-11,343367484197.8926
11,7611,54.81997,3.3582276391199516e+16,0.3378830120468714,2.819546167295891e-07,206984438306862.1,12267028550.55,4.176834914726472,1.6324078023003222e-15,0.0017028347003362082,1.473611500803351e-09,1043142956028.906
12,643,7.64764,1.7792126333429218e+16,0.024268842134363342,1.790910778168013e-08,56461118099262.33,836941540.76,4.176834914726472,4.2983282923475114e-16,0.00044400338038956766,3.4508482038344756e-10,1032967586910.5785
13,25929,44.82988,7.942242746247805e+16,0.17351957765966136,1.3825314299445284e-07,307414297562123.3,5643247410.75,4.176834914726472,5.644486253102654e-16,0.0010952947473166048,8.989338352426582e-10,1940468446910.5486
14,39656,13.765952,1.997478564691093e+16,0.049272343711472814,3.814690272666168e-08,71495564124993.98,1146988276.92,4.176834914726472,6.891664443031901e-16,0.0005958181452112517,4.6535981708689023e-10,864548978169.8208
15,27710,1.3718463,4535489412421225.0,0.00013291203774271873,7.61299332297961e-11,439423235653.6086,1745857.8,4.176834914726472,3.0246929829512135e-16,2.0331718330224017e-05,1.1645689775091658e-11,67219114286.39022
16,110978,0.57586527,5559348736413415.0,0.0002657660814967462,1.9615808125554116e-10,2565680561619.007,6362276.0600000005,4.176834914726472,1.0358502358884513e-16,3.396053547717591e-05,2.2266666182626592e-11,327851790737.3731
17,67468,0.760795,5242957676864332.0,0.000250341332377185,3.7837705271452127e-10,1725207198290.4822,17518910.25,4.176834914726472,1.4510798043577007e-16,4.4928163736760906e-05,5.632851619078741e-11,309618834207.72784
18,4401,95.13057,5.709446558814187e+16,0.9701016717924752,7.254413270353216e-07,582225424667952.4,33966299333.43,4.176834914726472,1.666195996758011e-15,0.0022785911523178475,1.8215851571471046e-09,1367540887597.4976
19,88643,1.1659749,8826596942076838.0,0.000678880784792089,5.244291978783705e-10,5139224745816.207,30896073.76,4.176834914726472,1.320978977120546e-16,5.882084142807663e-05,4.696806967963019e-11,445282191820.2937
20,16186,39.538765,6.097961267336234e+16,1.6581240649960465,1.6980601606429177e-06,2557281777714604.5,7039300446.09,4.176834914726472,6.483931803861995e-16,0.0012245708816572567,1.0534069469750278e-09,1888623937913.522
21,9326,46.450134,3.683369457781449e+16,0.7508490136791792,6.464466476345561e-07,595402873195417.4,22492319220.84,4.176834914726472,1.2610772427911057e-15,0.0022477047265140387,1.989074712574407e-09,1782368795696.6528
22,12464,76.44053,6.440038812109751e+16,0.27885505024637536,2.2180533659866888e-07,234932613175166.66,8590442830.42,4.176834914726472,1.1869575980856262e-15,0.0014885758252166218,1.229790063102017e-09,1254110363855.8428
23,100820,0.858958,4773324192084967.0,0.0002060962629959799,1.7135543465829288e-10,1145299628220.4912,10055803.6,4.176834914726472,1.7994964629142672e-16,6.358688262042119e-05,5.360065273282701e-11,353359308733.749
24,2324,306.04904,1.3832709827724274e+17,18.144629941523874,1.5443110716530827e-05,8200953707044381.0,91548008328.996,4.176834914726472,2.2125024222412283e-15,0.004683523613476999,3.958297911959061e-09,2116844513432.2913
25,34727,7.892231,1.8827403237002384e+16,0.016246410285540382,1.2287573802104143e-08,38756812566643.305,428866101.25,4.176834914726472,4.1918850415276737e-16,0.00034946443340514685,2.6579484895310446e-10,833668934007.2872
26,67846,2.4378102,8133128729455732.0,0.0036315781715083382,2.5896769932766325e-09,12115829509597.908,97698299.27,4.176834914726472,2.997383025761032e-16,0.00015828189015961618,1.1994285614845813e-10,528066946397.11115
27,57487,1.2601868,5341819158859958.0,0.0008398580901655953,6.996807533256502e-10,3560083343810.7046,25387659.91,4.176834914726472,2.3590967094231376e-16,7.835360622258011e-05,7.15734524559832e-11,332133930370.91583
28,52118,2.3901086,4767532093505022.0,0.00894334034674607,6.749213591959543e-09,17839215392242.1,261229096.51,4.176834914726472,5.013303640380585e-16,0.0002788183718809265,2.1858718003250535e-10,556156961320.1406
29,101597,0.5887771,4457679546308249.5,0.0001579082576722465,8.408001745843734e-11,1195536325068.9368,3549761.7,4.176834914726472,1.3208152220982599e-16,3.999430419793992e-05,2.492827378800922e-11,302800145915.97894
30,17051,30.708183,3.045129921924187e+16,0.23540817500757907,1.9091850245262292e-07,233438910267385.3,9474499082.11,4.176834914726472,1.0084358890209783e-15,0.0014009525308145037,1.1699828045357814e-09,1389233114436.8464
31,37857,30.576902,6.33814468150594e+16,0.05975800876475149,4.536470650915632e-08,123869614204112.31,1367894642.73,4.176834914726472,4.824266963993467e-16,0.000696334869675601,5.563120320936049e-10,1443400365014.5925
32,24256,21.075201,2.93634284404816e+16,0.14935747562064983,1.13213905226338e-07,208095170595902.1,4305241041.86,4.176834914726472,7.177363856784817e-16,0.000899704129053127,7.405343776730424e-10,1253530052266.5154
33,22409,21.27697,2.10473920416044e+16,0.04427825691266174,3.343835784220114e-08,43800495660785.9,1338756147.39,4.176834914726472,1.0109076677025729e-15,0.0006428757000451793,5.151395814645343e-10,635939087796.4186
34,30923,1.5407636,8170906601985398.0,0.001851876319674891,1.6687540866187097e-09,9820785256409.217,29593817.35,4.176834914726472,1.885670311817809e-16,0.00010901248080297794,1.6453980478617859e-10,578109970336.6947
35,59507,4.2893343,1.0561231973963896e+16,0.005190916343460028,3.820536014295858e-09,12781114230411.418,99867426.1,4.176834914726472,4.061395782778271e-16,0.00018554913882350875,1.3585494947586086e-10,456860519751.11993
36,6694,6.403912,1.2048322792811704e+16,0.008661347605346795,6.210588689156927e-09,16295463112229.658,304779997.46,4.176834914726472,5.31518959951896e-16,0.00026315456044562625,1.9261017220601824e-10,495099103274.5896
37,30543,32.376205,5.053368484849393e+16,0.11872694957202092,9.450185196327912e-08,185312338264955.28,3756005028.2,4.176834914726472,6.406856158831037e-16,0.0010062135276655538,8.241805735385738e-10,1570526171839.5476
38,639,29.841415,3.3214323465937796e+16,0.07831842270360052,6.064836915947372e-08,87170579043233.52,2860363792.35,4.176834914726472,8.98450183114619e-16,0.0008278037332807864,6.983453656304515e-10,921368539779.3279
39,37249,13.471421,3.1971851816481412e+16,0.06305724212534232,4.973529253686696e-08,149654353552415.44,2334690078.98,4.176834914726472,4.213525408952232e-16,0.0007331538971368393,6.004741343834221e-10,1740001129645.854
40,24806,14.65922,2.938410038844868e+16,0.035763357997542995,2.7626021018643022e-08,71686904325593.89,1303440925.18,4.176834914726472,4.98882722499912e-16,0.0005543644201366153,4.526163183847972e-10,1111211904390.4414
41,37207,14.054927,2.4314149496605276e+16,0.07625118953286954,6.005504383201458e-08,131909815084501.92,2614834348.52,4.176834914726472,5.780554652739278e-16,0.0007328242925874347,5.885145510187698e-10,1267740444665.0554
42,20379,55.995396,8.355613068925266e+16,0.12774984890572255,1.0248034604778437e-07,190627870025221.97,4074186690.86,4.176834914726472,6.701530520632685e-16,0.001006949283389766,8.419068430069058e-10,1502566138122.5806
43,11911,103.91262,5.8908492635534696e+16,0.2607123208114093,2.060912613399883e-07,147798889398728.12,8721117395.95,4.176834914726472,1.7639667109274832e-15,0.0015910409833395068,1.3187430217670139e-09,901967692181.0769
44,64303,2.4558287,1.34425097981486e+16,0.0051255479452651425,3.841623953167097e-09,28055795778877.86,152314698.47,4.176834914726472,1.8269123377081224e-16,0.00021210447254839295,1.609383695165187e-10,1160999727083.128
45,1535,57.78881,3.452306249161648e+16,0.39630432645873326,3.0565108178327206e-07,236752392513928.34,8607954450.27,4.176834914726472,1.6739189929640028e-15,0.001358829598709771,1.0945328304796253e-09,811765446488.9581
46,4686,15.639707,3.1636941426199476e+16,0.05081085197455476,3.9948420530309206e-08,102783252124498.31,1724491873.324,4.176834914726472,4.943495260590615e-16,0.0006834486893920636,5.57838458555561e-10,1382521178568.7236
47,13118,41.75215,4.613155607932279e+16,1.2616151822583135,1.2004086773655345e-06,1393946695700088.0,5518164685.34,4.176834914726472,9.050670202454814e-16,0.0011772005464697243,1.0185731327466932e-09,1300677762129.0764
48,1786,102.35555,2.213781723938258e+16,1.4337790733784257,1.1197294521196448e-06,310102765195467.1,44763722352.84,4.176834914726472,4.623561071681098e-15,0.0027100625270836116,2.2530332405436963e-09,586141825547.0885
49,113511,0.8732492,8099689544648016.0,0.0006185052889971473,3.8946055536834157e-10,5736851316439.446,17838157.1,4.176834914726472,1.0781267543482721e-16,7.279851469878236e-05,4.048894920521708e-11,675231501353.3737
50,81601,1.3512343,6774750594238516.0,0.00023037899109286825,1.4949340386725007e-10,1155062602249.2761,20260172.1,4.176834914726472,1.994515194624488e-16,3.739958283323969e-05,2.3974250180861474e-11,187512147984.81894
51,38751,19.700409,4.932388154533305e+16,0.0644485751708115,4.995236801132506e-08,161359791438370.56,2661107603.63,4.176834914726472,3.994091377803178e-16,0.0006939067051627783,5.388436761571207e-10,1737333074098.1682
52,17464,26.865313,4.1166710133321816e+16,0.13317061124736046,1.0392444339329858e-07,204062240089939.53,5402832116.23,4.176834914726472,6.525980072975093e-16,0.001011459838614803,8.476011650741666e-10,1549897222033.1865
53,73579,1.6516639,6366628515008648.0,0.001659925968923631,1.212154345565499e-09,6398476110395.431,36583241.66,4.176834914726472,2.5942520379607173e-16,9.923171428605923e-05,7.200647484465904e-11,382506066619.7377
54,36157,14.692737,3.2301276476240044e+16,0.06128151675091054,4.8569220932259735e-08,134724470699672.7,1240262988.88,4.176834914726472,4.548655224448354e-16,0.0006323902643945096,5.08203317054464e-10,1390279617139.3794
55,3591,13.496951,2.476585712186806e+16,0.036626356276192124,2.877958280247376e-08,67206519934080.64,870720789.04,4.176834914726472,5.449821879204131e-16,0.0005163894341158405,4.149908853158482e-10,947534516836.8179
56,58029,2.8555663,8091764220801897.0,0.005390606049759583,4.288277234998238e-09,15275258417877.688,154044544.14,4.176834914726472,3.528978628244079e-16,0.00023262283358907595,1.8645716851839087e-10,659178924256.6837
57,53065,9.599375,1.503550617165237e+16,0.025354511795189646,1.950610309754302e-08,39712785319440.77,779885888.89,4.176834914726472,6.384470792275994e-16,0.00045522371275696005,3.725810176944793e-10,713017143578.5953
58,5703,130.87953,6.575765443965978e+16,3.5704726142971275,3.351586256499765e-06,1793908523030447.8,32674270306.39,4.176834914726472,1.9903314848326446e-15,0.0023125841636565995,2.018975432674893e-09,1161909049462.206
59,137391,0.602116,6825407824197859.0,0.00024147613799618242,1.4281866123860278e-10,2737301652233.499,4494596.8,4.176834914726472,8.821685319159113e-17,2.0212898091669336e-05,1.1959658623007697e-11,229127398681.6392
60,14158,4.122123,4780269431489596.0,0.023254261913422374,1.813207369894767e-08,26967084043000.594,1110951697.34,4.176834914726472,8.623202225476841e-16,0.00047772214707434216,3.8764728050825945e-10,553996223888.7716
61,10894,18.238184,2.3318868167486948e+16,0.20155900229384904,1.5545847099252727e-07,257708103090771.8,6220926664.75,4.176834914726472,7.821213220558085e-16,0.0009549066996365869,8.144603339982498e-10,1220918894176.9436
62,50213,4.765867,9707892588848980.0,0.00917831144286159,7.004750633918599e-09,18695876665107.062,353273213.98,4.176834914726472,4.909270427522383e-16,0.0002967330730529518,2.369060205373405e-10,604434156630.2906
63,21330,29.375889,3.0835247651912988e+16,0.16448286184568958,1.2768947902952274e-07,172654171572721.7,6189545089.24,4.176834914726472,9.526723875096735e-16,0.0012012274806899074,9.959847372060491e-10,1260903009721.9124
64,1401,334.5491,1.2200658722307629e+17,4.371765174632581,3.401036662588744e-06,1594337420419356.5,104229156550.18,4.176834914726472,2.7420576840520253e-15,0.00466262601815852,3.877667579851848e-09,1700411353589.1814
65,3475,147.51183,5.024239778475963e+16,1.5641383489599627,1.178279339698998e-06,532744127158097.2,21856488204.93,4.176834914726472,2.9360029875951854e-15,0.0024221942400571906,2.0002000109933856e-09,824997198671.5027
66,40187,4.029656,1.0489716499794756e+16,0.007667834397916105,5.9856164443619195e-09,19960366096141.79,308066590.0,4.176834914726472,3.8415299403743137e-16,0.00025138090048056934,2.014038471459835e-10,654377043475.7437
67,16832,15.692175,1.050083335679699e+16,0.019048053825318653,1.4360873609505958e-08,12746508306909.057,726670296.17,4.176834914726472,1.4943742526723131e-15,0.0004005744243761268,3.040394107738902e-10,268054955885.24762
68,80099,1.3786666,6297336530386896.0,0.0008548103597127687,6.757367737887338e-10,3904517963061.1064,13638945.24,4.176834914726472,2.189285253134308e-16,8.990753683234903e-05,6.918734308655355e-11,410670727826.0436
69,39850,14.209154,2.2372990241039588e+16,0.04780520507771285,3.6324965487407945e-08,75271573991988.97,1664601329.36,4.176834914726472,6.351030348163131e-16,0.000622646570642549,5.022095316072272e-10,980386703430.9373
70,13731,2.0189066,3364140778055406.0,0.0037334920710341097,2.6481577555898763e-09,6221185725338.844,131906575.31,4.176834914726472,6.001254802324297e-16,0.00016020571890511682,1.2120253072612363e-10,266953702487.4679
71,63944,5.5315905,2.1819681897836644e+16,0.013451392612067032,9.942425151554133e-09,53059804025300.24,521580388.86,4.176834914726472,2.5351380125062414e-16,0.00032376396533707706,2.495486806790091e-10,1277105876444.981
72,32185,41.50487,6.540088466739554e+16,0.10855028586874957,8.519858572691033e-08,171047029582670.8,2465105319.87,4.176834914726472,6.346224552019175e-16,0.0009218275941924676,7.259141000381359e-10,1452560631342.8828
73,18103,19.725452,1.170912117296111e+16,0.0965429321547204,7.72188893030714e-08,57308339043008.22,2524728494.75,4.176834914726472,1.6846227576455806e-15,0.0008793411501419893,7.348345396425098e-10,521981046588.11066
74,3212,64.659706,4.980852669126925e+16,0.16272794182992362,1.2575471841360099e-07,125352240761055.44,4283366442.87,4.176834914726472,1.2981654004902329e-15,0.001220131957578656,9.77720392370736e-10,939889444841.0745
75,14216,28.718964,2.3373724686818388e+16,0.07930560797932382,6.331359752770656e-08,64545066703292.72,1722772827.08,4.176834914726472,1.2286858164371235e-15,0.0008502443501209255,6.982991006466168e-10,691994925591.652
76,19752,48.27432,6.732667769182782e+16,0.2581197368412106,2.0962374449825818e-07,359991488812428.7,8643440018.7,4.176834914726472,7.170162208354384e-16,0.0016298723616620715,1.4008558305914392e-09,2273131784610.1304
77,9491,29.583662,2.635762067935383e+16,0.531251634630737,4.770705291428599e-07,473319667824883.9,11204969932.05,4.176834914726472,1.122395012808313e-15,0.0016768778199837146,1.4917972041196408e-09,1494017525780.0244
78,28638,25.551968,4.975656165506096e+16,0.10651653949867465,8.478752502260612e-08,207416382364346.34,3898526507.28,4.176834914726472,5.135396649217821e-16,0.000926745812044468,7.790039874379538e-10,1804623625685.5093
79,6,65.32272,2.103030597180697e+17,0.24097165786745045,1.962667860235274e-07,775795572426572.1,12329201034.91,4.176834914726472,3.1061231390342596e-16,0.001626185644476385,1.4021787658660424e-09,5235419111497.269
80,4031,24.654743,2.133030604406268e+16,0.06356085434636818,5.039744601142008e-08,54990330892117.8,2532195075.73,4.176834914726472,1.155855098800267e-15,0.0007726574619695007,6.460680109204753e-10,668472599006.1292
81,84861,1.3638129,5079375155542105.0,0.000576112502150906,4.086967349457527e-10,2145669343809.9236,29101155.84,4.176834914726472,2.685001320510741e-16,8.668573760644801e-05,5.726355985167409e-11,322851750366.9557
82,9012,43.310936,2.4903090700431052e+16,0.09212184023399934,7.088474178860108e-08,52968574561351.07,2769494048.48,4.176834914726472,1.7391791453118838e-15,0.0009027621918354311,7.269514647664928e-10,519073721800.8329
83,13053,30.347296,3.2734064289615172e+16,0.16743606796751306,1.3401629164729895e-07,180604657932256.9,7226797604.97,4.176834914726472,9.270861000180668e-16,0.0012567601312685232,1.0484828317550575e-09,1355602388218.3452
84,33182,15.153672,1.664853739046699e+16,0.03608595326934516,2.706625267424575e-08,39645726941650.67,852560327.35,4.176834914726472,9.102104073524828e-16,0.000536095071211346,4.1852176295868107e-10,588979280923.2744
85,16500,47.228775,3.730802245744754e+16,0.30377464938162113,2.3461936380811148e-07,239964543673486.6,6314026676.71,4.176834914726472,1.2659147252810785e-15,0.0015327576325922436,1.3063358460331557e-09,1210790586429.0476
86,45735,9.323557,2.1482317570253988e+16,0.013686695698002292,1.0312082800299477e-08,31535383273992.35,438556998.02,4.176834914726472,4.340107611531676e-16,0.00035755941882991733,2.8137268971079214e-10,823849201065.6167
87,76982,1.9305917,1.1494480590837664e+16,0.002737664252698877,1.9632787868166625e-09,16299680878601.799,75570202.83,4.176834914726472,1.679581504134157e-16,0.00014399571801121494,9.997434550909291e-11,857330934264.1656
88,54869,1.4481622,3847230152452100.0,0.0010001820024571108,7.907341408268062e-10,2657112827411.817,33256991.6,4.176834914726472,3.7641683564914574e-16,7.234915279863612e-05,6.272481242151003e-11,192204880193.16974
89,64655,3.4196534,8721842945493111.0,0.004922816015773408,3.581512500369334e-09,12555666647132.66,109743501.0,4.176834914726472,3.920792224041431e-16,0.0001787232243697372,1.450238857099309e-10,455834469559.1006
90,75947,2.8693135,1.3951841795984304e+16,0.00311537595836813,2.5131740984646035e-09,15148303768885.88,125910509.21,4.176834914726472,2.0565840280857124e-16,0.00016583705088475686,1.3753060002090877e-10,806371383906.543
91,83513,1.7025386,1.021266030481964e+16,0.0026669785168632917,1.8074324147087683e-09,15997843240074.85,63485483.17,4.176834914726472,1.6670862920962175e-16,0.00014357955933028702,9.837202352079541e-11,861260511894.3668
92,58951,12.470779,6.067410511437675e+16,0.04390327481809576,3.4072091802684e-08,213602687625088.34,1649713429.67,4.176834914726472,2.0553708994127455e-16,0.0005971575537617624,4.81401616511513e-10,2905351797733.346
93,39836,23.299143,3.927771693901742e+16,0.07743401459338885,6.122250314857356e-08,130538333819869.31,2232995231.35,4.176834914726472,5.93189849506127e-16,0.0007719687579889154,6.357161099529446e-10,1301385650195.5227
94,29872,28.825369,6.240459084903677e+16,0.2297244420684727,1.9227123002086774e-07,497334823894406.6,7107088119.85,4.176834914726472,4.619110326311021e-16,0.0011639661779514199,9.927105514745056e-10,2519892567452.492
95,10046,80.60199,4.887810247465411e+16,0.35008735986575984,2.7120910148662665e-07,212297560526727.94,11835820064.56,4.176834914726472,1.6490408980544285e-15,0.001693123915057314,1.3728132882461196e-09,1026732518917.448
96,79002,2.3780646,1.0283835341901008e+16,0.0026699511598535595,1.8408663814076638e-09,11546085879606.307,105561395.39,4.176834914726472,2.312429673305529e-16,0.0001549082101072399,1.1913153002131748e-10,669893713506.1261
97,2142,95.380554,3.912942325497489e+16,4.423120734914783,3.84654524685136e-06,1814564458750534.5,47151372911.51,4.176834914726472,2.437566058116468e-15,0.0027536990783830514,2.2735301489383407e-09,1129692083303.3188
98,23925,9.146611,9584775835662410.0,0.03565373851387637,2.775929160625952e-08,37361716963674.13,908725197.66,4.176834914726472,9.542853329931708e-16,0.0005709008851332284,4.520128717761473e-10,598249669564.3063
99,20502,16.032494,3.0159744407150804e+16,0.08508002354710435,6.612025430708967e-08,160049444854620.8,2413821301.93,4.176834914726472,5.315858710062123e-16,0.0008278013054671933,6.727394241285831e-10,1557229698186.4653
100,98184,0.98992217,5508067812575197.0,0.0007336980106901456,4.930995915590812e-10,4082400131348.5522,12721006.6,4.176834914726472,1.7972221905837064e-16,7.887512377762229e-05,5.3236407864663606e-11,438872412052.7636
101,9921,24.571104,1.0508952524601092e+16,0.3403645960300185,2.703666998323395e-07,145572432591327.38,9897754106.04,4.176834914726472,2.3381116188773237e-15,0.0012676559401515396,1.0385327651925709e-09,542170839884.9761
102,33219,12.122452,1.3233724653844012e+16,0.028046384799779913,2.0881927801936828e-08,30617414197725.297,735496865.9,4.176834914726472,9.160272196292659e-16,0.00047080865551688917,3.7018806422481297e-10,513967975435.7459
103,27111,28.222448,5.4803155684206264e+16,0.14278965060565776,1.1528593594075583e-07,277273022249355.53,5566546569.5,4.176834914726472,5.149785198981422e-16,0.001173125425567233,1.0307592184105591e-09,2278008461011.667
104,12549,112.6759,2.3730564956183994e+17,1.6018717409797096,1.31243565567616e-06,3373686955311166.0,26227951613.87,4.176834914726472,4.74813390275555e-16,0.002540831801234538,2.1455201144047563e-09,5351221876367.012
105,89226,1.4090714,7989627870151585.0,0.0019140073388875883,1.285107093585029e-09,10852683816058.537,63626385.26,4.176834914726472,1.7636258195004845e-16,0.0001271368525343763,9.515466120955137e-11,720883370659.5741
106,26044,19.590582,2.0260109113806804e+16,0.06627660081507195,5.176172342510742e-08,68541667838432.49,1894066761.42,4.176834914726472,9.669534300113648e-16,0.0007193572427016377,5.781949795142358e-10,743941973186.0126
107,31413,7.6191025,1.0506597290729944e+16,0.012532065028869058,8.977020776713201e-09,17281479082289.17,296512976.15,4.176834914726472,7.2517317349951125e-16,0.00031489422119906473,2.1683341229340217e-10,434233135899.7479
108,79579,1.8754048,9596535398522604.0,0.0015974307341076962,1.375973377632176e-09,8174128906224.647,73831180.91,4.176834914726472,1.9542519483528614e-16,0.00011941177200587835,1.0738329089985583e-10,611035706560.3767
109,8173,21.340525,2.747690770865265e+16,0.09615486210670757,7.870110439163597e-08,123803808568169.03,2727784563.05,4.176834914726472,7.766712770694985e-16,0.000938393819413822,7.982504423178321e-10,1208225213316.1506
110,14745,30.990084,3.012876485049775e+16,0.13080103411559865,1.0396018885564999e-07,127165631402315.86,5107377710.65,4.176834914726472,1.0285879342806188e-15,0.0010696247168257695,9.080335432189664e-10,1039896231695.3983
111,19881,12.078154,1.1856356939687426e+16,0.020468942571877327,1.5321095344877954e-08,20093061349453.0,630314635.09,4.176834914726472,1.0187070161130306e-15,0.00038930788402763905,3.0183415152285586e-10,382158832588.66595
112,2859,16.198036,1.424183674230008e+16,0.149485784846248,1.1510151881877268e-07,131432733145849.25,8799212436.48,4.176834914726472,1.1373558265760593e-15,0.001101275780772278,8.950183719660271e-10,968277257687.7739
113,174657,0.48137072,6520166039275306.0,0.0004590194672911573,3.0483250767516793e-10,6217418338194.824,9463515.5,4.176834914726472,7.382798491639374e-17,4.578131532448293e-05,2.808723077496398e-11,620107881534.7301
114,41285,6.3372893,1.5525144741906918e+16,0.009698439172606585,7.390361127432252e-09,23759318029760.33,204136783.8,4.176834914726472,4.08195183062854e-16,0.0002504079518078292,2.017154654966127e-10,613451510938.7543
115,87777,0.9298955,8586612344091155.0,0.0009023735267007263,6.270182370029304e-10,8332475706517.05,29317892.54,4.176834914726472,1.0829596850728962e-16,5.6299484412890094e-05,4.3402771006740744e-11,519866853668.7076
116,6558,2.5922828,6205330875770665.0,0.0035383078753550064,2.7036315357826154e-09,8469898078605.822,152428347.93,4.176834914726472,4.17750938974395e-16,0.00018263954419567698,1.4162586514733624e-10,437197208087.8349
117,40753,6.3226852,9960680866869392.0,0.015573308572218045,1.2010387411497872e-08,24533999688794.47,491046622.27,4.176834914726472,6.347643584315735e-16,0.00037902669549868867,3.805035761943614e-10,597114016349.6547
118,12883,45.78074,6.301566295101313e+16,0.31541139594199114,2.7021311022395423e-07,434153275320343.5,7095613413.55,4.176834914726472,7.264977920741523e-16,0.001441095177119926,1.209962728948234e-09,1983619486310.615
119,63320,3.3931236,1.2372492828293186e+16,0.008658882524128948,6.65288492731799e-09,31573256550636.293,275542937.15,4.176834914726472,2.7424736850448346e-16,0.0002610878363276001,2.1804124542837323e-10,952015830639.8911
120,91213,0.71008015,5909365570653323.0,0.0002823624239321479,1.622467180746574e-10,2349851332178.2793,9222226.05,4.176834914726472,1.2016182473569588e-16,2.0227207086998264e-05,1.6730214207561e-11,168333055290.14212
121,12132,16.787905,1.533772605290258e+16,0.0789819138413607,6.18011844618733e-08,72159269285401.9,2242804394.89,4.176834914726472,1.094549801065392e-15,0.0008400563632189197,6.895235137765532e-10,767490307340.2797
122,40978,6.7729425,1.3774862068941808e+16,0.011002712640934616,7.969265077786303e-09,22377400814059.293,356806147.42,4.176834914726472,4.916885894103403e-16,0.0002989156270008921,2.325578377827974e-10,607936880047.1207
123,64918,1.5097383,5994912382700737.0,0.0014710629097921893,1.4052233463057116e-09,5841339027859.977,35524357.25,4.176834914726472,2.5183659136647057e-16,8.970835608087201e-05,7.971275736113976e-11,356216527527.2851
124,53184,2.9166424,8125338520295845.0,0.007204569845421975,5.209704002716989e-09,20070876322434.676,240669704.07,4.176834914726472,3.589564167344753e-16,0.0002565585537662409,1.9659934208089345e-10,714734552178.2958
125,8596,34.543186,1.429113023083874e+16,0.5560798384776862,4.4945072388474446e-07,230060116354883.56,10360374429.47,4.176834914726472,2.4171066558094527e-15,0.0014015712119824452,1.1326440165695069e-09,579854930527.7057
126,7895,52.210213,3.3020779918061984e+16,0.148395654340352,1.17873920504875e-07,93854055771991.64,5030301528.25,4.176834914726472,1.5811320365404702e-15,0.0012041209553338885,1.0294642654063113e-09,761556231551.993
127,41050,1.3540939,6137514091150029.0,0.002039911145804229,1.5814418215899389e-09,9246023043208.049,79025474.23,4.176834914726472,2.2062579081529637e-16,0.00012695220910985213,1.0933102206230356e-10,575418715285.8029
128,70040,5.0072494,1.4784129057898604e+16,0.006885757610547494,5.111718171724071e-09,20330509036706.19,161090900.47,4.176834914726472,3.3869086101658555e-16,0.00024826123288936,1.7273706390238938e-10,733002455821.2178
129,87015,1.4999006,6096199156743728.0,0.0002672898367818251,1.9658531733798824e-10,1086373375406.0308,9168805.2,4.176834914726472,2.460386482519657e-16,3.353150855964053e-05,2.4297913771284526e-11,136285533991.803
130,22193,45.680103,7.028233758914483e+16,0.17573838237238937,1.3955023675575785e-07,270386962946788.62,5793761053.15,4.176834914726472,6.49951389878861e-16,0.0012942192047702373,1.0950798527846895e-09,1991255384516.4573
131,82968,0.7408208,6133515989480424.0,0.0003381869089664975,3.0044963838580737e-10,2799968377749.346,6366894.3,4.176834914726472,1.2078240299211409e-16,3.282229837599093e-05,2.694341191108764e-11,271747353611.8826
132,49639,7.0199046,2.036996712802501e+16,0.01766733500850473,1.3521266849720806e-08,51266086060919.8,545535756.7,4.176834914726472,3.446203204884908e-16,0.000399773470604232,3.1838059703220203e-10,1160040330870.6897
133,108157,0.80831015,6605828698669456.0,0.00108678130493546,8.219992914616341e-10,8881604583735.715,21623078.6,4.176834914726472,1.223631715068254e-16,8.64729425564802e-05,5.2941410553321727e-11,706690922535.1089
134,106302,0.9340235,5458238459210795.0,0.00022381067936694412,1.827011042293145e-10,1307902914330.0466,6335624.34,4.176834914726472,1.7112178351677404e-16,6.673195999914685e-05,6.839924038103905e-11,389967651269.866
135,47069,2.6281462,6589662030305733.0,0.00400648455560765,3.166100634055173e-09,10045628036634.365,131796282.7,4.176834914726472,3.9882867860494283e-16,0.00020023270135005646,1.7556808407279228e-10,502051913745.13885
136,2,30.087029,2.557101345270975e+16,0.11037474381381482,8.828984963898801e-08,93807669042445.2,3473763143.69,4.176834914726472,1.176606826930893e-15,0.0009905171677184693,8.186306188150248e-10,841842104810.9781
137,8894,68.02259,4.560459187256793e+16,3.3948915627471385,2.7838545464220814e-06,2276047474386194.5,25611638201.83,4.176834914726472,1.4915732650359917e-15,0.0020645081011677847,1.7176139989683615e-09,1384114444500.9666
138,37785,5.379467,7159200347104379.0,0.012498559931390277,9.253817918933037e-09,16633561391698.127,415389541.04,4.176834914726472,7.514061262688071e-16,0.0003448676591893637,2.6545576871902423e-10,458963065555.2989
139,34227,4.3322763,7744461674318392.0,0.006560305443139836,5.058640379301514e-09,11727330058846.613,261257518.27,4.176834914726472,5.594031557243511e-16,0.0002496846181343076,1.9163075329485187e-10,446341096898.1752
140,94441,0.4206328,7961206045528151.0,0.0007098658990594465,5.845004443252689e-10,13435444613701.885,11446859.76,4.176834914726472,5.283531133279379e-17,8.709125456577435e-05,7.428266306784082e-11,1648353201085.7783
141,642,7.5705204,1.6399040663787412e+16,0.016554677332531794,1.2331355488523609e-08,35860259586919.36,577797064.9,4.176834914726472,4.616441019453856e-16,0.00039756800797425017,3.0270011151719914e-10,861200232601.0094
142,27408,141.785,1.3433893751060509e+17,0.15057289720644196,1.1846757581710735e-07,142665324460323.5,2589496651.26,4.176834914726472,1.0554274332325064e-15,0.0011058861042832582,8.935917815319078e-10,1047808754502.628
143,9122,55.896362,4.207344332526499e+16,0.14975824702226145,1.1788341001429413e-07,112723706751830.33,4311525356.41,4.176834914726472,1.3285426050792087e-15,0.0011513239601406156,9.468148294635218e-10,866606728108.635
144,79184,2.336944,8726077127734653.0,0.004824521836112695,3.6234975564201034e-09,18014616373502.906,163444717.5,4.176834914726472,2.678115223818433e-16,0.00018992433998614244,1.4430845820993375e-10,709171652873.6578
145,62616,4.769551,1.6274718024696514e+16,0.010829578556496806,7.85549777995547e-09,36952815334878.57,344682214.52,4.176834914726472,2.9306504682676007e-16,0.00029985504668847955,2.328012598514564e-10,1023168917396.462
146,14326,28.291048,2.7854945573258852e+16,0.15691347106501752,1.242976386832878e-07,154494672527761.8,6831777492.93,4.176834914726472,1.0156561938200235e-15,0.0011231947654445186,9.472876611481237e-10,1105880880044.681
147,14570,5.789146,4220646169912827.5,0.0140986780752277,1.0751128137728645e-08,10278809969388.188,517045638.49,4.176834914726472,1.3716255205822117e-15,0.00031460389357171483,2.455190934126146e-10,229365733467.96246
148,20554,101.3753,9.588523941957848e+16,0.19110994650901156,1.4984547543944229e-07,180760234262975.4,5063243029.91,4.176834914726472,1.0572565768584868e-15,0.0012160734922107722,9.803669166905446e-10,1150216058077.587
149,78687,2.740384,1.323692738589516e+16,0.0033364539029071536,2.2445805259178622e-09,16116134833354.922,121298985.2,4.176834914726472,2.0702568807018343e-16,0.00017491626864186397,1.335457424134451e-10,844901279026.6196
150,15971,15.659639,1.7146065596213846e+16,0.13902952077763361,1.071952575361422e-07,152226324186878.25,5102651973.59,4.176834914726472,9.133080071417623e-16,0.0009491020184206538,7.540499891487246e-10,1039191610058.156
151,30193,22.974804,2.6070436228495964e+16,0.06433970460252998,5.073313049234573e-08,73008856388960.97,1887664799.28,4.176834914726472,8.812589017934299e-16,0.0007416929567662151,6.064971116789122e-10,841628896181.1481
152,70893,1.4489235,9815777223618062.0,0.0014925011969296707,1.0292885310357955e-09,10110995684068.176,40957604.1,4.176834914726472,1.4761169360218343e-16,0.0001087346031004364,7.18511175395443e-11,736625943697.1058
153,142506,0.49300376,6036546297001878.0,0.00010880568110156478,1.143980287363408e-10,1332262722187.7944,951115.0,4.176834914726472,8.166983830553179e-17,2.0331718330224017e-05,2.1376719250799343e-11,248950147962.3583
154,16729,11.405162,7697483970633863.0,0.03976499474316457,3.032827890074373e-08,26837883550259.883,1180437495.66,4.176834914726472,1.481674017576528e-15,0.0005749259264170989,4.5565624936975444e-10,388024571934.8346
155,48495,9.478121,1.617553364225433e+16,0.015948620729898475,1.1641033834903947e-08,27218206136430.164,640541516.95,4.176834914726472,5.859541459108897e-16,0.00037961681866869603,2.9501082113081326e-10,647860965431.9728
156,47358,5.3001947,9374658721145936.0,0.010142134258572516,7.430776493360101e-09,17938783905081.793,226660778.19,4.176834914726472,5.653746827118754e-16,0.00028308884090873194,2.1300122428388903e-10,500710147739.3158
157,13352,90.38026,5.712734747942523e+16,0.3798574694806232,2.9563931913164304e-07,240099438214436.7,8251947955.36,4.176834914726472,1.5820839578198694e-15,0.001793737358064699,1.4655408478289767e-09,1133781395859.9836
158,24933,24.956459,5.116033840371556e+16,0.14447926578976747,1.1744672897327587e-07,296180164426566.6,6004538035.21,4.176834914726472,4.878087162571918e-16,0.0011307618586488277,9.59572819933272e-10,2318043571104.7153
159,31523,17.081188,2.378958397205764e+16,0.05005274149554261,3.827082627974261e-08,69710250647666.0,1379227634.85,4.176834914726472,7.180112111276485e-16,0.000662303584851273,5.34708625237378e-10,922413988231.6241
160,28321,19.494818,1.6056610142966888e+16,0.060624426298923846,4.72909405570559e-08,49932386043452.64,2096966144.77,4.176834914726472,1.2141303691389128e-15,0.0007573144785567726,6.220110559453276e-10,623750544263.1141
161,20966,10.84897,1.9817047109904244e+16,0.014414706356452279,1.1110798967338437e-08,26330325822751.008,389838619.98,4.176834914726472,5.474564368663108e-16,0.0003509182196745758,2.767921193419767e-10,640997522438.9777
162,80360,3.4885461,1.997140090571145e+16,0.005788743046112135,4.0161160324714745e-09,33139681919082.203,139410103.41,4.176834914726472,1.7467708532165817e-16,0.00023071154926589848,1.6746428546136815e-10,1320788865013.7249
163,638,3.7417152,2795606798945022.5,0.008002818844940073,5.8700143817296145e-09,5979272493438.256,274353635.97,4.176834914726472,1.338426849373814e-15,0.00027377072797166163,2.1488512929772507e-10,204546649747.60922
164,89946,0.82921743,4820741973775043.0,0.00010908644546866363,6.362296312576235e-11,634185422803.6537,4056737.5,4.176834914726472,1.7201033254029435e-16,3.717570981577678e-05,2.1161080039950333e-11,216124864516.89273
165,14045,9.594655,7792205193631622.0,0.011698979569321578,8.37545005267654e-09,9501211805975.08,409582918.41,4.176834914726472,1.231314468956936e-15,0.00029545076282256434,2.2337269562483077e-10,239947446628.19147
166,68892,1.3253723,4613561686841360.0,0.0013159479411807712,9.220011836065434e-10,4580755915382.699,44086284.3,4.176834914726472,2.872774636958211e-16,7.275042442398575e-05,6.015657679068652e-11,253240972988.45657
167,7827,104.199974,1.2762722223801605e+17,0.2045665457947267,1.5828111531798883e-07,250559179627116.53,6270417590.19,4.176834914726472,8.16440036637906e-16,0.0013337966562378956,1.0574189618886444e-09,1633673749918.5615
168,32661,21.530453,3.691932447336361e+16,0.06636353663060683,5.113142511813804e-08,113796813381740.03,3274993255.73,4.176834914726472,5.831757028906013e-16,0.0007694914822822536,6.118528379444061e-10,1319484811298.1199
169,24807,5.4739633,1.3650964124358912e+16,0.0067905753600824145,4.9896341205392945e-09,16934329944126.705,152864606.56,4.176834914726472,4.009946294000002e-16,0.00023104530239251945,1.7030860547692287e-10,576180540717.5344
170,1787,34.82821,4.383609440404037e+16,0.23934025518827504,1.9233061744618285e-07,301242642706023.0,8509647555.4,4.176834914726472,7.945098776133188e-16,0.0012007188231945927,1.0164439557355234e-09,1511269849534.8
171,16019,61.557796,6.404734374300968e+16,0.24387943090374953,1.9685342758827527e-07,253742511231916.47,10074621857.77,4.176834914726472,9.611295707594214e-16,0.001479484481104658,1.2326011725545127e-09,1539318449993.8616
172,4687,1.4802822,4077394980491978.5,0.0012679614037852112,9.414585841508333e-10,3492563420171.7637,39588833.34,4.176834914726472,3.6304606423520667e-16,9.277917961539062e-05,7.228781939466964e-11,255557596556.898
173,17255,13.208003,1.5942834277136692e+16,0.007290510961766484,5.680763246019717e-09,8800074323051.826,237219883.69,4.176834914726472,8.284601577362778e-16,0.0002452826795050079,1.8546600939964497e-10,296070580117.24963
174,1534,55.136425,1.6215765087769872e+16,0.8191741625714549,5.936476454676047e-07,240921238296268.22,14457456985.43,4.176834914726472,3.4001741331085615e-15,0.001910027517897095,1.5283494342595535e-09,561744029312.6632
175,64055,0.94342613,6057916036986708.0,2.869490120577967e-05,3.232412422221226e-11,184255339836.98532,1957179.7000000002,4.176834914726472,1.5573443478580684e-16,5.157724610439566e-05,5.839453212559542e-11,331187165994.0442
176,63392,1.762272,6118994172626373.0,0.0006150363517372899,4.463402082186673e-10,2135540854211.9836,22178705.46,4.176834914726472,2.880002742744244e-16,4.6252548044645876e-05,3.604549640340101e-11,160598972209.91394
177,52878,3.1205113,9240779607206312.0,0.004419791236868138,3.3690975125970607e-09,13088341237463.312,180232514.44,4.176834914726472,3.376891812857983e-16,0.00017054611342412826,1.3759345987243835e-10,505038724589.13354
178,20637,29.594585,3.629730977846079e+16,0.11396910750009098,8.984189559036013e-08,139781382307118.06,5307834401.04,4.176834914726472,8.153382490501194e-16,0.001060491448591278,8.71986609009141e-10,1300676682133.7837
179,33056,9.80137,1.6106430155418468e+16,0.029485806532614543,2.265348945994427e-08,48453541034951.0,984346689.73,4.176834914726472,6.085377023599894e-16,0.0005161749361015822,4.092451520920078e-10,848221784944.1174
180,3590,47.735786,4.3943652393755976e+16,0.16445519083981217,1.2762107265633743e-07,151390860948922.22,5275931027.12,4.176834914726472,1.0862953668999724e-15,0.001194379895944514,9.92110627733817e-10,1099498287793.4839
181,16087,12.814271,1.2713008426848122e+16,0.023605475440902912,1.79003905332997e-08,23418937230214.277,556806374.17,4.176834914726472,1.0079652722433523e-15,0.0004191461155334669,3.183699102289232e-10,415833885428.0217
182,22777,41.823776,5.783871882533063e+16,0.15894312877824707,1.3264093583325165e-07,219804805157318.84,6036982003.86,4.176834914726472,7.231103463115293e-16,0.0012111285873463572,1.0467535482257402e-09,1674887648232.5708
183,92506,1.3979234,6811359030599766.0,0.000817140584964462,6.340705915223433e-10,3981504210221.578,27175376.54,4.176834914726472,2.0523413810957306e-16,9.625389804481608e-05,6.743252108835622e-11,468995552744.8694
184,69971,4.2703133,9896919599944662.0,0.00406292983265114,3.0625820324128955e-09,9416285660812.043,99908238.61,4.176834914726472,4.314790331351057e-16,0.00017031142946555226,1.3165582455048976e-10,394715423894.5927
185,29938,6.490752,1.2154279959432424e+16,0.010672453477875758,8.116461145192862e-09,19984739429902.76,275597619.74,4.176834914726472,5.340301541238402e-16,0.00028995946018501575,2.28278414120955e-10,542964583452.66943
186,45566,2.2000015,3837451894084135.5,0.0020595370995045255,1.3520449627380489e-09,3592440524895.182,49385466.02,4.176834914726472,5.732974798697933e-16,0.00014302898823059972,9.960282872440771e-11,249484767076.0463
187,25199,43.530163,6.697184670256678e+16,0.1444438095076289,1.1619405505810461e-07,222229093593784.16,5663048113.81,4.176834914726472,6.499770447323151e-16,0.0011821819347026471,1.0043496992295578e-09,1818805670574.8953
188,21028,32.827885,2.428203507137364e+16,0.09963526184490056,7.733961827667812e-08,73697922435861.19,3576386531.43,4.176834914726472,1.3519412563035607e-15,0.000960354100810267,7.724379019037354e-10,710351944903.3162
189,21618,23.967773,3.834646914239753e+16,0.14016628082294533,1.1126531589572042e-07,224254542229755.72,7325824661.37,4.176834914726472,6.250320703842896e-16,0.0011337486538700492,9.475356202854238e-10,1813904769995.2173
190,41450,7.3984027,1.7411726343461726e+16,0.016832141541824695,1.2945792882762283e-08,39613502290253.21,400532001.81,4.176834914726472,4.249091993556499e-16,0.00036452594115544485,2.893142499056885e-10,857891384108.01
191,36605,23.173532,1.0605413205431518e+17,0.09661703339288874,7.799054132031357e-08,442169783101928.6,4376322157.47,4.176834914726472,2.1850663949738207e-16,0.0009723244905661492,8.294065952734966e-10,4449862451789.702
192,68909,1.8052175,5289530080168792.0,0.0010631910120233164,8.10719908613117e-10,3115292666430.739,22210842.6,4.176834914726472,3.4128126178316285e-16,8.594297682430238e-05,7.242590891866452e-11,251824481588.17252
193,161811,0.35517254,6135494928792544.0,9.410286251974636e-07,7.923685568733765e-13,16255976201.729048,1187614.8,4.176834914726472,5.788816454451823e-17,1.2010661740260712e-06,1.0113263779013794e-12,20748043809.583996
194,6269,131.321,1.3283260653346171e+17,1.666534976159016,1.2954960308773804e-06,1685718085929764.2,37589051482.69,4.176834914726472,9.886202147732384e-16,0.002418532055447525,2.084666036050356e-09,2446371234683.147
195,66038,4.7994647,1.3633002573444956e+16,0.008255029824916493,6.463407084764527e-09,23448623936530.137,183953119.91,4.176834914726472,3.520475166159388e-16,0.00023520357478057997,1.954149888509048e-10,668101786490.2935
196,28097,2.876931,7679148661782809.0,0.005710532978710855,4.380439972383488e-09,15242642830688.002,189236109.51,4.176834914726472,3.7464192018026187e-16,0.00021102110508349782,1.6597020427047184e-10,563260793084.6697
197,8072,1.9300857,4534573140314915.0,0.0035035477789135843,2.3449309693118768e-09,8231289239680.661,201036976.28,4.176834914726472,4.2563779219711967e-16,0.00018241527881512426,1.288727031049087e-10,428569272182.1206
198,13730,23.896088,2.552631133999539e+16,0.11699389493155674,9.349449461682358e-08,124975376174611.77,4456041282.44,4.176834914726472,9.361355693628515e-16,0.0010149478592626354,8.353413073725179e-10,1084188970571.244
199,125369,0.6520686,5678519971582116.0,0.00019203609853742285,1.5022098970372964e-10,1672340641474.6345,14825049.700000001,4.176834914726472,1.1483073111713024e-16,7.117849717132507e-05,4.680821057593526e-11,619855821511.0658
200,43320,15.403542,2.870131383246186e+16,0.03128960766164787,2.4130825318718692e-08,58301710683916.64,845899052.73,4.176834914726472,5.36684212085728e-16,0.0004944081070803642,3.897481580691357e-10,921227224402.4746
201,51677,4.568261,9508346098259186.0,0.012883325736166783,9.759149447255442e-09,26815262962445.36,323511020.0,4.176834914726472,4.804474882163123e-16,0.00034096374125098394,2.6879824930551803e-10,709679516728.9365
202,5398,98.99516,3.761697305546707e+16,0.2870487324461002,2.2266891526557315e-07,109075074317077.0,7739507070.28,4.176834914726472,2.6316620386767804e-15,0.0015166065192756563,1.2172579554454457e-09,576292281070.4894
203,4329,134.58488,6.170318403851027e+16,1.2369843507683962,9.155801197292976e-07,567120712580934.0,34747731390.52,4.176834914726472,2.181165884664926e-15,0.0029288224981930963,2.5071197138144264e-09,1342778428172.1545
204,3589,50.5498,1.5996254499484386e+16,0.19930389999198875,1.5869726595650194e-07,63068813467345.79,7591668556.17,4.176834914726472,3.1601022602903318e-15,0.0014439932606745106,1.2111574757893133e-09,456945105485.87274
205,35610,19.65151,3.0890065839017308e+16,0.07140869624863,5.482580621434236e-08,112246810987988.67,2143905573.76,4.176834914726472,6.361757240147457e-16,0.0007561923906892424,6.035191502416989e-10,1188653326658.0837
206,66895,5.1295524,1.986736111105401e+16,0.009750040065964633,7.225320874022072e-09,37763054499212.1,300006644.16,4.176834914726472,2.5818992121434617e-16,0.00028061421386152397,2.127480060123144e-10,1086851928772.8564
207,11873,212.71297,2.1222780191804662e+17,1.5075738253782325,1.193154642268268e-06,1504135263539422.8,18539485598.53,4.176834914726472,1.0022860722184775e-15,0.002617996665506638,2.196267963375406e-09,2612025386835.835
208,9013,4.8607016,6751867026492157.0,0.011352371494919748,8.630421321079158e-09,15769267294465.912,312233377.72,4.176834914726472,7.199048175753711e-16,0.00028607947796488166,2.1724821851719865e-10,397385141730.8099
209,17185,8.970904,1.3444562801203324e+16,0.02270771287902017,1.7838764610757642e-08,34031717636670.75,890719630.63,4.176834914726472,6.67251448235794e-16,0.00043958723735569143,3.6554739725637844e-10,658802972279.7239
210,19950,16.887999,4.4544350439020616e+16,0.47610635316667244,4.1433630265094257e-07,1255794025195073.0,12005678911.55,4.176834914726472,3.7912774198198213e-16,0.0015884658157377183,1.3022203279832874e-09,4189790510801.527
211,4030,29.128042,1.8227294357932516e+16,0.13961977616382745,1.0859083559681589e-07,87369098078296.27,5356815064.22,4.176834914726472,1.5980452955884526e-15,0.0009871104928542988,7.99929894224737e-10,617698694510.9165
212,47790,4.646641,9595292732528712.0,0.010862359095372741,8.270694907608973e-09,22430722598528.105,342830537.53,4.176834914726472,4.842625576442876e-16,0.000317886343048337,2.3223822737859114e-10,656433866361.0632
213,45803,3.33663,1.085090594598707e+16,0.004279057323658283,3.4595068887873352e-09,13915731908093.848,117751304.39,4.176834914726472,3.074978270578382e-16,0.00020159829937359532,1.523489152727074e-10,655608858451.1399
214,7410,60.45208,3.952082637912897e+16,0.5728188918271526,4.062965392531264e-07,374482994970329.5,15800343518.56,4.176834914726472,1.529625909642539e-15,0.0018185282041982384,1.4447154202346776e-09,1188871208793.2751
215,20581,26.06038,1.5343892862786492e+16,0.15748298783621006,1.2179000251083288e-07,92723210216824.0,3744204884.7,4.176834914726472,1.6984203574051391e-15,0.0011281803860339423,9.191681900997899e-10,664252745861.7993
216,16152,42.86773,6.8218294765807896e+16,0.1486373416755819,1.2048145700389095e-07,236536573959734.94,6099039600.35,4.176834914726472,6.283905240839587e-16,0.0011738089023898368,1.0130137686096236e-09,1867960857781.8167
217,87724,2.2015557,8983231595079882.0,0.0035749719368944545,2.4425333560954783e-09,14587321526788.617,97671222.51,4.176834914726472,2.450739109526902e-16,0.0001762826911440073,1.2460063472073726e-10,719304190555.1401
218,44398,4.2682643,7227324298632550.0,0.004696006449511718,3.6559338224896506e-09,7951607288960.809,138466744.44,4.176834914726472,5.905732361847357e-16,0.00018015570576858752,1.4080338367766933e-10,305052269101.19147
219,11815,14.560885,8556670341944849.0,0.12520862842606587,9.699290637225023e-08,73578560465858.39,4911411419.8,4.176834914726472,1.7016998923778161e-15,0.0010584464680267309,8.688779086805647e-10,621993615188.9535
220,23613,27.271036,2.673385912484735e+16,0.07388207433103226,5.611236804668467e-08,72426766882538.58,2403400475.11,4.176834914726472,1.020093502873791e-15,0.0008120930671190076,6.524608759949128e-10,796096695872.6744
221,43011,5.7212067,1.146727217633603e+16,0.018283510307939677,1.4026825801897729e-08,36646462893918.805,977307614.0,4.176834914726472,4.989160989660937e-16,0.00039086483843657634,3.132801853250691e-10,783427993697.8732
222,51115,9.072851,3.210422034699425e+16,0.026570702235159456,2.110739020144906e-08,94020245602174.19,682319353.36,4.176834914726472,2.8260617769057407e-16,0.00046815962183119906,4.052028152504115e-10,1656579575354.463
223,18403,19.347736,2.051332945265382e+16,0.10107304357720268,8.046090425335494e-08,107162132131717.88,5040894940.85,4.176834914726472,9.431787289652765e-16,0.0009888940868596546,8.58730621795003e-10,1048469453869.6082
224,16331,45.053467,2.828082597391643e+16,0.1681471975217714,1.347820788392282e-07,105548850016691.72,5018442444.69,4.176834914726472,1.593074652117766e-15,0.0011831687692902997,9.972793102890565e-10,742695119602.4902
225,83645,0.90116143,5473397020956288.0,0.0003325983738825241,2.3824099919097063e-10,2020107483720.7725,5392623.8,4.176834914726472,1.6464389967504185e-16,5.8821836334391536e-05,4.338014325618174e-11,357267025686.8816
226,20503,5.101729,9290362462041070.0,0.01598108684464884,1.2382474426048308e-08,29101916100236.598,415505226.61,4.176834914726472,5.491420836210477e-16,0.0003295846101230517,2.6477635759364336e-10,600180936689.0403
227,5502,12.17651,1.1389791822947702e+16,0.04481897844135281,3.4646782900112613e-08,41923246822298.8,1003575005.9399999,4.176834914726472,1.0690722174102647e-15,0.0006077623328983368,4.762402940524504e-10,568495114736.5785
228,31175,12.01246,1.4756339413847566e+16,0.03258333414979566,2.451091815986947e-08,40026001164557.055,1114361188.06,4.176834914726472,8.140541948179459e-16,0.0005488517927610629,4.2908475938791803e-10,674220213168.7405
229,8521,39.15715,1.8636712060000564e+16,0.1890558251113145,1.4582534843492692e-07,89980475490820.75,4921332213.58,4.176834914726472,2.1010760843401054e-15,0.001124096662082592,9.181450135780751e-10,535009974393.97455
230,43709,1.177898,6075684396086997.0,0.0011836466433872166,8.500538354638003e-10,6105336320894.053,31972182.84,4.176834914726472,1.93870833837027e-16,9.827722526168025e-05,7.289585371055726e-11,506921145984.7267
231,119894,0.5294787,5030378386676873.0,0.0003077896838263781,1.874938497181107e-10,2924194255901.74,5418430.3,4.176834914726472,1.0525623706605098e-16,2.6341274193767332e-05,1.4007359355433552e-11,250258558808.61017
232,10392,72.01216,3.4539014650327348e+16,0.5574420162976014,4.6956593229771345e-07,267364539094659.44,11011360835.83,4.176834914726472,2.0849511987834746e-15,0.001688370169689695,1.4258256377539418e-09,809788819361.7307
233,80801,3.2830808,1.5406365119079018e+16,0.004303919508406161,3.2697722805525804e-09,20196808860029.395,99499416.34,4.176834914726472,2.1309898698520916e-16,0.00015353861525520978,1.2737546172045316e-10,720503731281.7759
234,8172,39.736507,4.2580415797010696e+16,0.23930106429710404,1.8950770627251218e-07,256427642682279.06,8186433627.08,4.176834914726472,9.33210873032143e-16,0.00131912302628551,1.0853593935819185e-09,1413531565485.816
235,12928,4.015544,6378536298435403.0,0.009260970189108502,6.926133643612642e-09,14710692874977.027,274029352.37,4.176834914726472,6.295400405552253e-16,0.00028103446367920516,2.2727321970305837e-10,446412373439.0996
236,19683,43.21987,5.332317398444868e+16,0.16883849874663936,1.3758429602579968e-07,208307073666352.34,5123792357.7,4.176834914726472,8.105269579902495e-16,0.0012408355138576407,1.0403095892856747e-09,1530899745684.4214
237,42241,23.872646,4.785920685213005e+16,0.04047469645334192,3.1204108747432633e-08,81142528978047.31,740123592.01,4.176834914726472,4.988098961555923e-16,0.000547063915031381,4.2569093372412517e-10,1096738294985.1039
238,57662,7.9145107,1.707802102828201e+16,0.01615790292645338,1.2223858357293855e-08,34865706347571.21,593949530.07,4.176834914726472,4.63432542148367e-16,0.00037176258683782387,2.805483693153272e-10,802193529859.6378
239,10109,32.501324,1.564114744105447e+16,0.12488050115596865,1.0162597086850072e-07,60098300336727.17,4170135902.71,4.176834914726472,2.077937320294762e-15,0.001080059657978703,9.140941283297862e-10,519774897649.70056
240,79733,1.387667,6811052085798954.0,0.0006963227841371227,4.3764793509237357e-10,3417744135506.923,41164726.66,4.176834914726472,2.0373754047385515e-16,8.549827722889345e-05,5.7324129396375826e-11,419649108505.19037
241,66720,2.8512754,1.1096107426088654e+16,0.0030130629555685474,2.198220083780774e-09,11725724648189.643,90139007.74,4.176834914726472,2.5696176961086494e-16,0.00016757479907967591,1.2522946833367245e-10,652139029605.2446
242,59136,1.6771065,1.036898958800846e+16,0.004427528770273338,3.401629337625376e-09,27373932257475.684,130452536.82,4.176834914726472,1.6174251943887974e-16,0.00018365195864312005,1.418181891675518e-10,1135458748140.2476
243,90309,0.58680725,5153315760022768.0,0.00027935361335528966,1.7991766870885794e-10,2453271288524.675,14849714.7,4.176834914726472,1.1386984173417067e-16,3.9383690958696514e-05,3.047553719019455e-11,345865861925.3885
244,25465,2.0385485,4814169568046854.0,0.0027477013606726722,2.1448346084759065e-09,6488881806163.214,78312379.72,4.176834914726472,4.234475897007207e-16,0.00016429224359795595,1.3702313522860715e-10,387987197457.12213
245,62558,1.4804873,5266476798923248.0,0.0012851573756231024,7.894751695260172e-10,4571637663953.05,56557370.45,4.176834914726472,2.811153179869114e-16,6.522026901050893e-05,4.8766981333760545e-11,232005390092.42303
246,47589,9.528211,1.9142261017948064e+16,0.018814722685151743,1.4532331895563942e-08,37798945953178.76,594353304.53,4.176834914726472,4.977578662764137e-16,0.0003698010391301508,2.8548546976264993e-10,742933591178.6349
247,20831,39.112946,8.660069216321499e+16,0.21875873510752433,1.7809552076092592e-07,484357733550958.0,9147113659.98,4.176834914726472,4.516470367960158e-16,0.0014641049944977634,1.2501453300918054e-09,3241701760924.0273
248,78162,2.540498,9745280653918054.0,0.002468462627418072,1.961437477521064e-09,9468954940290.082,77281227.02,4.176834914726472,2.6069008068829725e-16,0.00012973695196491259,1.0187511892589202e-10,497667389654.2956
249,3811,122.759895,7.08692541350735e+16,0.20876932679121782,1.6255048101469389e-07,120522475813253.39,7127455631.43,4.176834914726472,1.7322024409347578e-15,0.001321690744983762,1.0897435835388021e-09,763011709110.9344
250,36183,13.535364,2.957132316321918e+16,0.019741676869144426,1.4671586983362714e-08,43130536162996.35,516638174.16,4.176834914726472,4.577192547418808e-16,0.00041727055563606165,3.238864749757552e-10,911629893899.4185
251,36619,23.036825,3.3978448872033556e+16,0.0672190408814909,5.2435342722057824e-08,99145552558517.6,2821480734.45,4.176834914726472,6.779834208076751e-16,0.0008085517538349642,6.732071900566137e-10,1192583371539.8884
252,19836,40.26141,3.841095165787765e+16,0.12332323776614501,9.508026069557178e-08,117655167171948.2,3651835519.44,4.176834914726472,1.0481752797640681e-15,0.0010274424036663403,8.195878272001092e-10,980220029514.1528
253,17934,7.501517,8687279838098779.0,0.025035354682728016,1.901709772013186e-08,28992686675897.016,498115579.76,4.176834914726472,8.635058545140311e-16,0.00043864473209342345,3.511105404197004e-10,507981190631.6333
254,18479,23.254856,3.162590316625522e+16,0.5134702578161328,4.293547663516045e-07,698304072596498.5,8424089532.15,4.176834914726472,7.353104155714006e-16,0.0015554792939687437,1.316873117751317e-09,2115404951472.0938
255,12049,4.050989,7069312906649194.0,0.006734391687446037,4.881929251931966e-09,11752073894669.502,184285309.26,4.176834914726472,5.730385758126162e-16,0.00022403318149721103,1.6877082929969667e-10,390956544556.3825
256,105017,1.3782179,1.035705207241863e+16,0.001820255003906072,1.5179113584945524e-09,13678878978814.428,44022529.95,4.176834914726472,1.3307048090163283e-16,0.00012778432960721038,1.0589859187164423e-10,960275552785.2189
257,36067,3.9894514,1.3530347953688254e+16,0.008623808694193071,6.550581614866231e-09,29247914216594.84,181261357.82,4.176834914726472,2.9485209202713155e-16,0.0002731257663957519,2.052724218595228e-10,926314493880.6117
258,20162,9.315347,7863184881111394.0,0.22713979027614506,1.8693060204213458e-07,191731146976939.97,3268894197.54,4.176834914726472,1.1846786182500843e-15,0.0008980149698894911,7.248755736327327e-10,758024122369.9719
259,52084,5.8776736,1.0855082072149884e+16,0.00916583584490078,6.733437307565397e-09,16927768897587.516,305648297.98,4.176834914726472,5.414674491572875e-16,0.0002812844086047289,2.1971599432089835e-10,519485352337.44104
260,44105,10.522862,1.9845165298313616e+16,0.03031247705785407,2.271086302581921e-08,57166588121601.63,1044016814.73,4.176834914726472,5.302481406337392e-16,0.00048060095877712326,3.858314672514517e-10,906369908629.4222
261,22158,23.237133,2.4849034805824344e+16,0.06196060784946482,4.7207267757838574e-08,66258660267657.984,1439004367.06,4.176834914726472,9.351322166667604e-16,0.0006738510727300247,5.463260885392144e-10,720594436508.6027
262,7159,37.073437,2.3435666249191828e+16,0.18135151987094594,1.4665539550070012e-07,114639861782417.67,7390700884.69,4.176834914726472,1.581923748435292e-15,0.0012175753150748694,1.0406219390531655e-09,769680154482.284
263,36107,4.5595503,2.236030441773316e+16,0.007727660584994459,5.489958213379498e-09,37896904683208.35,231714444.47,4.176834914726472,2.0391271133070902e-16,0.0002731046168381675,2.118395524407584e-10,1339321198055.387
264,15820,16.73513,2.9859424343865544e+16,0.04648518975112125,3.669420883864533e-08,82940557168294.4,1934808511.31,4.176834914726472,5.604639194405013e-16,0.000647021599843431,5.400788763669351e-10,1154439344622.466
265,1,295.14658,6.125643966977755e+16,1.1699867177916754,9.851205753302074e-07,242825855521845.53,24984811899.66,4.176834914726472,4.818213098754712e-15,0.0027238357035522446,2.3726573625419014e-09,565320721131.2906
266,63044,1.0248836,4759514218462405.0,0.0006831740235745982,4.5772251322013106e-10,3172630022460.571,14920161.950000001,4.176834914726472,2.15333656536716e-16,5.380275851643003e-05,3.676094944687157e-11,249857636663.76163
267,53605,1.1892745,5033712355034790.0,0.0007359460323681082,4.874205551237448e-10,3114958435390.803,40225361.94,4.176834914726472,2.3626191091560306e-16,8.225706081467793e-05,5.5212945004339974e-11,348160482135.699
268,88059,2.0063138,1.0919701550475044e+16,0.003207203272698434,2.5168558462466e-09,17455745232661.873,81045585.78,4.176834914726472,1.8373339149664933e-16,0.00015751988954701312,1.4361213547258763e-10,857328590431.4554
269,137638,0.7980798,8999419035838894.0,0.0006681281603658782,4.153670612058444e-10,7534040185927.153,12767274.1,4.176834914726472,8.86812578480635e-17,6.222776178745693e-05,4.390162130687872e-11,701701388742.9402
270,19348,57.177914,6.070689872179827e+16,0.20366239925971436,1.608323576735786e-07,216232313849328.62,6359608129.88,4.176834914726472,9.418684730055054e-16,0.0013791357663828655,1.1450220939825041e-09,1464255154418.7893
271,41266,3.974616,1.2992889794955474e+16,0.00557475274935753,4.220081025361591e-09,18223684528650.67,117046657.73,4.176834914726472,3.059070047329391e-16,0.00021046177142213733,1.6620876526606837e-10,687992651903.7158
272,20301,1.8902327,8741095966219218.0,0.004095839360384645,2.86413516729276e-09,18940591235851.61,155282613.26,4.176834914726472,2.1624664770927822e-16,0.00019685564061141527,1.3211667743264135e-10,910329212946.0791
273,641,10.244017,7618908278609128.0,0.01830718632324146,1.3482658017840948e-08,13615827993665.393,625884174.65,4.176834914726472,1.3445518209952908e-15,0.0003771203788596347,3.0470951943781715e-10,280480360050.73804
274,26609,15.933107,1.5304082553454368e+16,0.03218554311593197,2.4365953033172374e-08,30914887402311.918,913102702.07,4.176834914726472,1.0411017416005542e-15,0.000496799037308896,4.0319423748682884e-10,477185867103.76086
275,31210,44.33678,9.955064262658027e+16,0.1531822169735597,1.2468246128654792e-07,343944421283686.4,5744405126.93,4.176834914726472,4.453690988847717e-16,0.0011807578504196773,1.0010569522129258e-09,2651189436753.378
276,23220,34.71185,3.87043453064596e+16,0.11742391269854927,9.456517755312255e-08,130929802483019.98,4349964610.61,4.176834914726472,8.968463288851118e-16,0.0011256968373800494,9.635425065972273e-10,1255172487330.6072
277,10568,49.089306,3.886351471888819e+16,0.6691267844271235,5.788042736089845e-07,529741011930090.06,12135765197.35,4.176834914726472,1.2631205992324192e-15,0.0014489007017679425,1.3036499397827626e-09,1147080257141.2573
278,42192,9.92769,3.3719304241950588e+16,0.020459372334329283,1.5256862332082554e-08,69490062677278.99,427937753.06,4.176834914726472,2.9442155534303234e-16,0.00040988335611232284,3.215253446640636e-10,1392164903261.8052
279,33202,25.358974,5.671138978817434e+16,0.08358052631915258,6.350615574042667e-08,186914809991375.28,3182740488.15,4.176834914726472,4.471583943669803e-16,0.0008482007282212303,6.75484743325212e-10,1896868623973.806
280,87658,2.293365,8314508941030647.0,0.0024527527492222575,2.0657304586968246e-09,8892363258158.191,48452035.46,4.176834914726472,2.7582687279132565e-16,0.0001357565936287968,1.1854222259404396e-10,492180447303.63245
281,18628,2.6983771,1.4414586072100998e+16,0.0026665081676974928,1.857356384474898e-09,14244343941117.73,86175016.82000001,4.176834914726472,1.8719768202172856e-16,0.00014364568687261483,1.0624506168957083e-10,767347572476.573
282,21578,10.398068,9183326742279366.0,0.03206528860872151,2.4003396597220852e-08,28319301468251.42,1229999008.55,4.176834914726472,1.132276819916257e-15,0.0005369512810486331,4.1518763885242537e-10,474222620832.55035
283,19733,62.628952,1.0644407014734034e+17,0.4784163921421711,4.0372899885222605e-07,813115761618025.2,12991588040.34,4.176834914726472,5.883742693539315e-16,0.0017638672030726621,1.4769120797596622e-09,2997865975698.5786
284,8441,0.97259235,4715275741116578.0,0.00026423851673425583,1.3878488979637399e-10,1281068546164.9614,8957353.0,4.176834914726472,2.062641515360648e-16,5.0031712711774386e-05,2.825561876199233e-11,242561358041.05768
285,20253,1.5751446,6514055107484719.0,0.0019729871754891543,1.369144424590759e-09,8159344346859.948,50169513.29,4.176834914726472,2.4180707316862303e-16,0.00011374403341170728,8.435896366142967e-11,470391671844.88605
286,22911,39.50263,4.736653024650844e+16,0.12413885446933141,9.75833163145393e-08,148851527227136.4,4743884088.3,4.176834914726472,8.339777010141436e-16,0.0011259522007858284,9.36919062269164e-10,1350098688989.687
287,19478,7.7195334,1.0975921322354228e+16,0.644453630220033,5.762390651346538e-07,916308275989925.4,4530719200.47,4.176834914726472,7.033153002179352e-16,0.0009931490679777302,8.31791033480506e-10,1412096491673.0586
288,22122,25.04171,5.039552622406312e+16,0.147245701211007,1.1136021839494273e-07,296326592583328.6,5456078750.65,4.176834914726472,4.969034332266374e-16,0.0009203902347355742,7.505963731645074e-10,1852251711683.7563
289,112643,1.0611271,7497968517777653.0,0.0019506717692078638,1.5832802684078846e-09,13783528395456.303,38394121.83,4.176834914726472,1.4152194657580542e-16,9.957752853152456e-05,9.099608769596136e-11,703618985894.788
290,78805,2.0467303,8159457244055366.0,0.003233150968534533,2.4641009767469985e-09,12889219987281.04,90656898.8,4.176834914726472,2.50841476189015e-16,0.00015556756395329694,1.208685082301935e-10,620182779645.5522
291,28191,8.251948,8425872175725166.0,0.007845613510304003,5.602544358746581e-09,8010973478985.077,173893102.33,4.176834914726472,9.793583177980982e-16,0.00021682600938003891,1.8246941572974716e-10,221395995152.7559
292,107384,1.3563439,1.1214438948393382e+16,0.0016176090700813263,1.126517024833043e-09,13374615507759.076,37956753.8,4.176834914726472,1.2094621106250834e-16,0.00011212974424621576,7.698081188435452e-11,927104233040.124
293,93206,0.87536335,7600642206018945.0,0.0009488134243898613,7.886407367906152e-10,8238397642596.009,25450849.14,4.176834914726472,1.1516965623073273e-16,6.799484082349527e-05,4.5239925761010247e-11,590388502048.433
294,23039,24.26935,3.759618054614025e+16,0.1876994220882259,1.427557511659575e-07,290769277349213.1,7203712264.94,4.176834914726472,6.455270095911797e-16,0.0012169948525145163,9.966432719185833e-10,1885273326185.4592
295,33460,10.994733,9701476409223072.0,0.011812810158448513,8.55812964238931e-09,10423327158451.135,275451395.61,4.176834914726472,1.1333051317372111e-15,0.0003028737372760958,2.169343937484347e-10,267248183030.66296
296,43741,14.111513,3.1289604438963304e+16,0.025832248963007627,1.9541178553190425e-08,57278114105931.0,757312854.4,4.176834914726472,4.509968487306178e-16,0.00045129490164255053,3.527381491345004e-10,1000660875819.358
297,12330,9.197614,9420618035068762.0,0.030977370542769316,2.3459503492407318e-08,31728443443508.332,1082666399.76,4.176834914726472,9.763280886414651e-16,0.0005242014503977809,4.1666299480896475e-10,536911163876.47253
298,35441,21.049067,3.0514435316353804e+16,0.060269581661320105,4.732418516625467e-08,87371675483196.28,1255497104.5,4.176834914726472,6.898068662184627e-16,0.0007375452973605817,6.061640652800131e-10,1069205502989.2965
299,78465,2.0297542,1.0214872778364386e+16,0.003065639908458708,2.3299286973639574e-09,15428036384495.395,82852294.36,4.176834914726472,1.9870577383001007e-16,0.00017272068473109391,1.219085554884465e-10,869228313812.6322
300,22058,5.5559945,6807017891188303.0,0.01283896861883087,9.835676450313103e-09,15729873219418.578,485753878.5,4.176834914726472,8.162156452081967e-16,0.0003384164767209611,2.6413213009108595e-10,414616503258.3262
301,108983,1.1096416,7582085792265167.0,0.0003507251811108188,2.374411171468849e-10,2396475053467.6846,7376820.9,4.176834914726472,1.4635044107941856e-16,6.813719114259103e-05,4.837317410750064e-11,465575577634.342
302,44005,2.1098435,5199610674618382.0,0.004155529792315719,2.992775295588883e-09,10241108910125.098,170291348.68,4.176834914726472,4.0576951468676047e-16,0.00018729225239436976,1.3383645612200397e-10,461573000472.8243
303,26858,33.787323,4.05989797633509e+16,0.048953613546202694,3.6106537518142284e-08,58822853935636.85,1445157525.43,4.176834914726472,8.322209867574099e-16,0.000636538959318366,4.856186675464344e-10,764867708754.2799
304,74788,1.0068477,6272701485945197.0,0.0003876023222843349,2.825503209912162e-10,2414777987722.231,11347311.16,4.176834914726472,1.6051261203103212e-16,5.68597531312929e-05,3.6315613023587215e-11,354238538715.5754
305,141994,0.5228584,5302764168438088.0,0.00037159759970614405,2.467423405948581e-10,3768696145647.35,10604123.9,4.176834914726472,9.860110376245645e-17,6.073907976440406e-05,3.742335660877105e-11,616008111945.0023
306,13599,30.710873,2.10845872942533e+16,0.09052455241821473,7.141564167118155e-08,62149741810825.68,3373654310.97,4.176834914726472,1.4565555669363462e-15,0.0008906428898672971,7.280363870959279e-10,611471961718.9995
307,22517,10.492599,1.2394361818161016e+16,0.04210542907398636,3.3125776541369544e-08,49736954824243.57,2226877314.69,4.176834914726472,8.465622638694934e-16,0.00061868841538096,5.04156247222673e-10,730824467125.477
308,21206,91.8173,1.619364999392708e+17,0.1825385632110151,1.4211992094089704e-07,321939939753566.3,8336626575.58,4.176834914726472,5.669957053192653e-16,0.0014462256328181856,1.2470518281207263e-09,2550681811608.8574
309,126252,0.9644306,9165184366451112.0,0.0010200339113288575,6.526979681498282e-10,9693594186415.512,20419912.2,4.176834914726472,1.0522762679278661e-16,9.526038039257176e-05,5.868403228335438e-11,905279186616.6262
310,4684,27.985266,1.9616795895718896e+16,0.08683218800163219,6.989158801014468e-08,60866647085173.68,2509385558.52,4.176834914726472,1.4265971950142688e-15,0.0008486098283333914,7.127606694267972e-10,594848939349.6274
311,65464,0.36279014,3401857489824212.0,7.591523487778857e-05,4.616229711619556e-11,711851789469.1661,5672319.100000001,4.176834914726472,1.0664472015220921e-16,3.719510667092154e-05,2.218120148750169e-11,348775885180.5756
312,25104,17.728031,1.415541573892262e+16,0.05394094826628398,4.2033704837861496e-08,43070578343470.125,1542769393.27,4.176834914726472,1.2523850466117992e-15,0.0006915271538199254,5.620092801555667e-10,552168165605.9229
313,142086,0.33710793,4865207905344002.0,1.6985730417068577e-06,1.65397444771154e-12,24514139997.58597,1026964.5,4.176834914726472,6.92895219605552e-17,1.2010661740260712e-06,1.1695303723021304e-12,17334023096.73616
314,70793,2.7478929,8137611408647421.0,0.00274680603495272,1.9401146644885346e-09,8134392765952.72,67103192.3,4.176834914726472,3.3767806817120265e-16,0.00015112433625244243,1.116131549510523e-10,447539684975.4022
315,55742,8.673413,1.7468949084945562e+16,0.01024768666177028,7.352062241980799e-09,20639662441179.816,189810106.16,4.176834914726472,4.965045669218074e-16,0.0002637728332838682,1.9430062497611687e-10,531259631546.16614
316,6917,17.564878,6689156507994599.0,0.10993339247216892,8.429501692474493e-08,41865458314093.23,4915385361.73,4.176834914726472,2.625873378655021e-15,0.0009400349182519949,7.571998816170247e-10,357989431589.989
317,2992,131.13396,7.466718841574054e+16,2.1744834188982187,1.6372228135738115e-06,1238142759860046.8,61075188366.08,4.176834914726472,1.7562461207171385e-15,0.002583921705932578,2.085111753437631e-09,1471275395545.056
318,15671,42.288445,3.677935537859362e+16,0.10894292346910815,8.632894662199826e-08,94750480852470.58,3057308676.12,4.176834914726472,1.1497875524107961e-15,0.0010159243202528436,8.358992926233956e-10,883575681544.58
319,25557,1.2465322,5720754898366930.0,0.0009417097469171884,8.358495888724221e-10,4321822290283.706,21432252.55,4.176834914726472,2.178964528537729e-16,7.336464713126963e-05,6.568959363176892e-11,336695004303.27594
320,38057,16.767822,2.365951831636316e+16,0.03590865454409937,2.7668786700362323e-08,50667371701707.96,829216711.31,4.176834914726472,7.087135830826787e-16,0.0005368861511267138,4.3186938823970977e-10,757550248707.5664
321,36202,9.917998,1.1441918066016452e+16,0.018085547223604368,1.3036374568366655e-08,20864427428958.19,447543770.89,4.176834914726472,8.668125346446385e-16,0.0003795704708833205,2.842903974669711e-10,437892226649.5956
322,174006,0.3027931,5189121605241895.0,5.034528801614705e-05,3.301640391159816e-11,862793180448.0172,1524856.8,4.176834914726472,5.835151361535399e-17,3.714979416894453e-05,2.4362808474175757e-11,636655193108.2954
323,5786,23.23498,2.761555426300769e+16,0.2125562577911237,1.7144207609481847e-07,252630252790087.47,8965238867.27,4.176834914726472,8.413729371032155e-16,0.0011700968388232576,9.895099322371471e-10,1390699400020.8923
324,133626,0.6531168,8181788971475301.0,0.0008851155765383261,6.569331825934237e-10,11088106847966.979,23217521.3,4.176834914726472,7.982567165652931e-17,5.917142498446789e-05,4.5667267894676096e-11,741258090994.44
325,18218,39.5582,3.406782861118707e+16,0.2582143194220304,2.1967319106960892e-07,222376174320976.28,6491256732.79,4.176834914726472,1.1611600038110447e-15,0.0013700893563247123,1.1258267319070866e-09,1179931578617.8823
326,56004,0.7980708,4198963700378633.0,0.0003664023729111914,3.299371891539227e-10,1927786687079.2517,9831469.0,4.176834914726472,1.90063753094135e-16,6.839638287361525e-05,5.594460024174727e-11,359860214060.5937
327,27127,39.566723,8.49827957994522e+16,0.07565708171928842,6.118967549368895e-08,162498934433684.44,2750635980.87,4.176834914726472,4.655850943451199e-16,0.0008219743693077953,6.976435292066523e-10,1765465388156.3015
328,37057,22.508505,4.468104938755651e+16,0.05745066036860945,4.375421170576906e-08,114043815583379.47,1420276340.81,4.176834914726472,5.037595425471033e-16,0.0007142472371384885,5.491302001672136e-10,1417833662320.558
329,32683,20.866674,2.785839402632746e+16,0.05077529786675334,3.831471371496121e-08,67788390942234.43,1746621331.88,4.176834914726472,7.490264507092561e-16,0.0006408122950310742,5.170140048983312e-10,855526923547.6084
330,6990,100.86872,4.7494204422934776e+16,0.4387888910126587,3.457436488975117e-07,206604478457425.28,9202798777.8,4.176834914726472,2.123811130759585e-15,0.0017604931824939482,1.4332818553646573e-09,828931140343.1173
331,99649,2.005938,9334363853869712.0,0.002923729792049548,2.0398738653704496e-09,13605185050280.373,67725316.8,4.176834914726472,2.1489820103470744e-16,0.00016172062061903047,1.2216075192116466e-10,752545250915.8583
332,62724,8.826254,3.954481300429377e+16,0.02011057882620299,1.5375754682556545e-08,90102673126142.39,839230999.53,4.176834914726472,2.2319625077103407e-16,0.00043741621381557336,3.6437162453127604e-10,1959782981589.1348
333,72760,3.6786697,1.3572097042977152e+16,0.005555783774466128,4.319484138422775e-09,20497528369250.49,142744733.79,4.176834914726472,2.71046522018756e-16,0.00019506967959772995,1.6508017783682552e-10,719690768008.5687
334,61286,2.539258,7371006723033821.0,0.002977119503270588,2.2812007204993105e-09,8642039475265.0625,95498408.72,4.176834914726472,3.4449269895047264e-16,0.00017261480071618918,1.354268604707059e-10,501069547314.2838
335,427,200.42827,4.7474172054995416e+16,4.434739272201054,3.37236940015354e-06,1050428540981359.5,66837195168.61,4.176834914726472,4.221838134803452e-15,0.0035117307770868734,2.7643070465361727e-09,831801377731.0206
336,77036,1.452631,7536883371045028.0,0.0012692934790220825,9.100369578270567e-10,6585648327081.98,42214952.519999996,4.176834914726472,1.9273629808054005e-16,0.0001144619838039338,7.211169015799328e-11,593878708597.4993
337,5219,45.91287,2.457838996524531e+16,0.1532431466316872,1.1994634428070766e-07,82035163940195.34,4757069652.2,4.176834914726472,1.8680178020172344e-15,0.0010989136125084836,8.834911991567479e-10,588277912192.1586
338,70971,1.5581282,7399594157652478.0,0.0012853161558287643,9.679228000732094e-10,6104002172226.179,24911460.8,4.176834914726472,2.1056941324121434e-16,0.00011262156237263196,8.759972917682542e-11,534842932024.60596
339,40264,18.38264,4.4529932364693576e+16,0.05905956112054854,4.691032078557438e-08,143065319354919.28,2498630478.66,4.176834914726472,4.1281535865468846e-16,0.0007186954100233204,6.012610799232939e-10,1740960928308.1309
340,11542,25.613113,1.9165483704085244e+16,0.35837128701874765,2.781824962751039e-07,268157918226100.2,11763930917.53,4.176834914726472,1.3364188139191292e-15,0.001553890951499056,1.274750298475845e-09,1162727533700.4397
341,3912,143.12148,5.713990308639845e+16,2.269030593674354,2.019370145801648e-06,905889096609577.5,40792807824.71,4.176834914726472,2.5047553858044355e-15,0.0028517188990319175,2.481639327848509e-09,1138521915231.2751
342,3711,30.276232,1.579277953465512e+17,0.09193016481335442,7.175577793949826e-08,479528900915350.3,3226709426.98,4.176834914726472,1.9170933104943878e-16,0.0008927201994606593,7.232237371360522e-10,4656634054137.099
343,51768,4.986824,9580518526724430.0,0.010308006143015568,8.238831355090708e-09,19803394670986.957,241150884.41,4.176834914726472,5.205171292231707e-16,0.0002799513060583841,2.2343862910577976e-10,537833032461.7532
344,100409,0.87907094,4886119966047121.0,0.00010782641252054536,8.611127172366026e-11,599329090646.3931,2871026.1,4.176834914726472,1.7991186178573707e-16,2.9582661810835266e-05,2.3677089500739218e-11,164428634761.538
345,47414,19.651258,6.90681974230138e+16,0.01777743467105382,1.3292484377072596e-08,62482278108357.016,410619591.5,4.176834914726472,2.84519630353812e-16,0.00038985249764893556,3.0865234632673046e-10,1370213004860.6409
346,21953,40.19515,3.8786140774209224e+16,0.1319835479905933,1.0617401989193132e-07,127356968993591.28,4471606464.6,4.176834914726472,1.0363276468776109e-15,0.0010160200440275714,8.459831033523944e-10,980404264123.1998
347,37586,4.906208,1.5651318227338522e+16,0.005922415876436378,4.263212017133402e-09,18893127962929.36,207584030.03,4.176834914726472,3.134693147718518e-16,0.00021994252873272092,1.5614794992302194e-10,701639740696.1469
348,28595,25.772554,2.88298864959377e+16,0.06599459035306575,5.203674771816826e-08,73823360665954.6,1518578122.96,4.176834914726472,8.939526696933581e-16,0.0006864068434838884,5.608650504310937e-10,767833540582.5662
349,7997,78.925995,3.4232690974267988e+16,0.42452720650949427,3.313371453807656e-07,184130826232963.78,13136767829.29,4.176834914726472,2.305573787913052e-15,0.001757010505591489,1.4356872338546665e-09,762070819334.692
350,84931,3.5361629,2.036982549808355e+16,0.005107756535918253,3.984829117997157e-09,29422883579076.785,158493939.38,4.176834914726472,1.735980949042834e-16,0.0002079946742072673,1.6702404668361456e-10,1198139151941.4375
351,6472,42.38053,3.3846557976651908e+16,0.30994884410672935,2.4145425064526985e-07,247535873710278.25,9961761419.08,4.176834914726472,1.252137071936089e-15,0.001335868711713055,1.119749992697376e-09,1066870985336.6914
352,89408,1.6198777,9277317413889568.0,0.004097343513014907,3.1163534146734902e-09,23466189036357.902,108133081.64,4.176834914726472,1.7460626038026838e-16,0.00016549315130055217,1.2357203742659757e-10,947807661306.8219
353,62875,4.0972314,1.248634910330439e+16,0.007840789000051675,5.681176790431308e-09,23894874158192.32,160078470.44,4.176834914726472,3.2813686099131315e-16,0.00023107193225136704,1.809011272967813e-10,704193767055.888
354,12329,17.739162,2.1353473936361204e+16,0.0641444658066179,5.0214737126527435e-08,77213747682299.08,1954735542.11,4.176834914726472,8.307389258004212e-16,0.0007507763320459806,6.181928812988951e-10,903745218538.5485
355,22568,34.38064,5.138680958981173e+16,0.18371005168779053,1.4465097819861164e-07,274581085337997.28,6749901525.15,4.176834914726472,6.690557416278383e-16,0.0012041391761031413,1.0028175333622082e-09,1799759124962.3306
356,5501,47.931442,2.8632376960084744e+16,2.0473876125001476,1.8856125793002526e-06,1223029632709822.0,9337064253.88,4.176834914726472,1.6740294411050579e-15,0.0014908983961852728,1.2856468682742487e-09,890604645042.027
357,44483,9.892584,2.345690454861262e+16,0.038703860439949826,2.9704584297568667e-08,91773065561306.05,845981304.12,4.176834914726472,4.217344185162362e-16,0.0005137272287445673,4.0940159549160034e-10,1218129719058.7007
358,4264,264.81256,8.25308865871201e+16,1.0782507860565267,8.468650996159768e-07,336045213778773.56,25979497989.53,4.176834914726472,3.2086479492797197e-15,0.0031387701165445613,2.593507712614898e-09,978222031883.9141
359,24032,14.550581,8484723524696386.0,0.032777105424866726,2.4289282720719457e-08,19112960332636.906,1092275581.56,4.176834914726472,1.7149151598926934e-15,0.0005062694810581954,3.900393185615869e-10,295215467737.7008
360,28423,3.914434,8075818538298678.0,0.010443850641717087,8.070439852089368e-09,21546574197853.74,505537814.54,4.176834914726472,4.847104948478261e-16,0.00029549434818305816,2.3045142016347773e-10,609630596663.33
361,42338,12.425321,2.554694982503512e+16,0.025177235589086043,1.967851275863981e-08,51765388944677.55,813401218.67,4.176834914726472,4.8637199685669e-16,0.00044630405459066507,3.5577618652995073e-10,917618731084.4891
362,17628,36.263832,4.17151167311344e+16,0.19100989929751525,1.5165912374888686e-07,219723063078333.1,5612303191.36,4.176834914726472,8.693211200565624e-16,0.0011253466651714595,9.489952385934367e-10,1294512049929.5344
363,20434,25.651321,3.4901392315619444e+16,0.050012068505640675,3.944006729253677e-08,68046820022680.34,1211060925.36,4.176834914726472,7.349655500282218e-16,0.0006191137929383712,5.477761964315539e-10,842371173607.5222
364,32163,45.441868,7.145593545856435e+16,0.12739502715133535,9.91846158712148e-08,200324749807113.4,2928554219.18,4.176834914726472,6.359425246955264e-16,0.000998551741580343,7.905594551996441e-10,1570191806340.4
365,76456,1.2390105,5033978085814074.0,0.0009133829196098892,6.976894905910057e-10,3710985178312.0967,26459804.31,4.176834914726472,2.4612949815804224e-16,8.490390061197227e-05,5.828431328383943e-11,344956217143.28046
366,15022,18.798841,1.3486007372124364e+16,0.027154417602204613,2.1170585561408228e-08,19480173057960.062,908921799.4,4.176834914726472,1.3939515589215297e-15,0.0004884812805205446,3.996756257161393e-10,350429164768.4458
367,12682,37.479992,4.2105626553583624e+16,0.13534678964115204,1.0608231111885806e-07,152050762973929.88,7037500465.34,4.176834914726472,8.901421274969738e-16,0.0011727656849694398,9.952434976306837e-10,1317503855555.2769
368,63512,3.5024214,9572132116328048.0,0.011422167021230747,8.722848612345215e-09,31216829528847.074,287386528.57,4.176834914726472,3.6589772868111632e-16,0.00028481082131177025,2.2590130989241478e-10,778389148078.0026
369,41861,17.158024,5.615791603779321e+16,0.0713529906521293,5.640463035179222e-08,233537105326797.6,2256289093.72,4.176834914726472,3.055317079154607e-16,0.0007639733255590147,6.325466686762387e-10,2500471492046.9165
370,153971,0.45832786,5298115764315185.0,0.00019663275199664778,1.5279264498358043e-10,2273008416145.852,3840498.4,4.176834914726472,8.650770960631166e-17,5.3404661924379436e-05,4.177357265652386e-11,617339913025.3125
371,4852,54.18429,3.937632612692232e+16,1.10456944083105,9.867503005025736e-07,802702896577507.1,15263571492.19,4.176834914726472,1.3760626073988452e-15,0.001796270711568814,1.5076650279762578e-09,1305369902438.0027
372,45350,3.6815703,7872458583451312.0,0.003766732912651445,2.749519995256959e-09,8054565425457.5625,127851555.82,4.176834914726472,4.676519108959208e-16,0.00019209819144685205,1.4789408881561e-10,410771744904.951
373,27526,13.799389,2.102945141279908e+16,0.04666779559134413,3.62737870005009e-08,71118956058895.84,1817122358.86,4.176834914726472,6.561934845148327e-16,0.0006457578312318061,5.172727742758129e-10,984096682564.9872
374,11988,9.973559,7930449528380572.0,0.05389092774410254,4.242017055738411e-08,42851231191614.695,2432623059.92,4.176834914726472,1.2576284565342463e-15,0.0007968495969655998,6.636873034158835e-10,633612886878.8052
375,19265,5.5752225,9347100156558298.0,0.009204960282545548,6.735056453370494e-09,15432511563098.047,312367377.06,4.176834914726472,5.964654712818287e-16,0.0002739259918690239,2.1599200239263813e-10,459248699309.1917
376,16755,38.04859,2.770295657502048e+16,0.08705414830432037,6.83268857997194e-08,63383617898849.34,2431998535.29,4.176834914726472,1.3734487110414809e-15,0.0008509674718000407,6.880162142960153e-10,619584455508.9031
377,48439,7.535002,2.3544264287195736e+16,0.013012875856115332,9.819406310955894e-09,40660717580811.234,352436135.48,4.176834914726472,3.2003556824231794e-16,0.00033232224753164304,2.6182359370221676e-10,1038391605523.1152
378,169479,0.49747968,6420994568622666.0,0.00022729344915114468,1.4067148991806924e-10,2933687668374.7407,4917578.0,4.176834914726472,7.747704419982273e-17,5.403972451743559e-05,4.699484138822496e-11,697493368204.1427
379,4598,54.52012,3.3142153872058144e+16,7.097149184667561,6.730171491267009e-06,4314275359834210.0,39565447470.74,4.176834914726472,1.6450385273832619e-15,0.002757103462811623,2.4172235922932058e-09,1676011483571.334
380,47147,1.8831191,6839057912108760.0,0.0026386514807708824,2.019270828101535e-09,9582978732924.326,75862042.41,4.176834914726472,2.7534773417635205e-16,0.00013948658330172604,1.204351645983232e-10,506583370729.2795
381,40280,2.9617813,7111350840550972.0,0.0016235060407073724,1.0595499113353896e-09,3898100459755.0645,53298948.3,4.176834914726472,4.1648645474092904e-16,0.00012021221272648544,8.642201219684722e-11,288634147300.81
382,32802,29.344357,4.986544358156162e+16,0.089745118167492,6.991067981577571e-08,152505646203174.7,3006060140.51,4.176834914726472,5.884707904383398e-16,0.0009204989856791055,7.472900403289663e-10,1564222049141.0369
383,21648,1.2341436,4746450891662763.0,0.0008489539797738722,6.480214121527661e-10,3265032022431.058,23409044.86,4.176834914726472,2.600139826934264e-16,7.398122502380566e-05,5.0139532909361125e-11,284527871376.18823
384,27570,19.912186,2.914539238935448e+16,0.06615253587436742,5.036195548664679e-08,96827220055562.34,2581546533.52,4.176834914726472,6.83201850021173e-16,0.0007517868604701582,5.710640345221117e-10,1100387624018.9626
385,53849,2.151631,6985969879919896.0,0.0009470466101947046,6.414533577793999e-10,3074894855902.543,29008132.99,4.176834914726472,3.079931687344566e-16,8.251250030720646e-05,6.547205484480702e-11,267903670221.811
386,9624,21.611103,1.4132926074498964e+16,0.03128405516739155,2.3354266885883576e-08,20458707683327.97,953683426.1899999,4.176834914726472,1.5291315390798257e-15,0.000507775389348447,5.432082965731917e-10,332067828287.68756
387,64418,4.2992315,9813289324737488.0,0.010478969270573277,7.766741866827366e-09,23918962558115.074,425168514.86,4.176834914726472,4.381030007097042e-16,0.00030121023949064877,2.516142369962518e-10,687532929477.0951
388,0,198.59544,7.229690050867213e+16,1.4853670513330346,1.100459999683093e-06,540734640881402.4,34568636476.65,4.176834914726472,2.7469426573298e-15,0.0027930458866958635,2.2139491886594646e-09,1016783469885.3447
389,18518,21.508411,3.880068492073801e+16,0.10922530103551217,8.661782056925643e-08,197039962219973.7,4828206575.59,4.176834914726472,5.543307043145593e-16,0.001031299444600148,8.93595603928243e-10,1860440774023.82
390,3214,0.90397674,5526474926868804.0,0.0009313566719151125,6.530221982042591e-10,5693862538222.879,27057308.8,4.176834914726472,1.6357203316077942e-16,0.00010768720978437653,7.267551590910442e-11,658347320770.4634
391,57061,5.5932007,1.4356635902062676e+16,0.010765072062534584,7.62984341984227e-09,27631803032077.13,267157754.73,4.176834914726472,3.895899246979163e-16,0.00029535247915774823,2.1698766001683533e-10,758111184181.0623
392,24565,1.0251721,4373030282417308.0,0.0007076250089249619,4.993796975381424e-10,3018484011245.2104,11328817.95,4.176834914726472,2.344305970443244e-16,8.036924799861077e-05,6.162376379044357e-11,342827467966.6287
393,45402,20.937279,5.517153515473028e+16,0.07288181129805466,5.6957773804633605e-08,192049855865752.22,2413972698.45,4.176834914726472,3.7949422544217326e-16,0.000773468643812727,6.381833293114402e-10,2038156556694.6604
394,46489,4.4889235,1.2069097446854112e+16,0.00972845860835745,6.902696999319233e-09,26156318982034.957,280183046.01,4.176834914726472,3.719353099738264e-16,0.0002637230480864032,1.927969904079891e-10,709056228366.5989
395,44329,4.0604177,1.421663438570163e+16,0.007082087661302525,5.308991507126143e-09,24796328458578.71,272887349.32,4.176834914726472,2.8561033433368465e-16,0.0002723114970578469,2.2317126665449835e-10,953437128572.8743
396,23746,57.81432,6.7584886366473256e+16,0.18449802560675158,1.453981955977525e-07,215678020522787.06,4961678376.83,4.176834914726472,8.554326730166683e-16,0.0012007668167161667,9.971053316586299e-10,1403695293145.2615
397,640,9.655114,1.9640058385171028e+16,0.17690561362109003,1.4306923096781972e-07,359854537210302.75,5334510875.14,4.176834914726472,4.916031210625101e-16,0.0009034131553091538,7.489360546204111e-10,1837687997904.8784
398,13934,40.208897,2.9718649490020916e+16,0.23457413420501472,1.8445957565365585e-07,173375222748934.38,7453131136.11,4.176834914726472,1.3529853371534112e-15,0.001274951199832311,1.0541989911390868e-09,942324476712.1581
399,29611,22.21967,4.4897164124527896e+16,0.10346929182101901,7.944623612260155e-08,209070511701432.2,4182803840.64,4.176834914726472,4.949014137813019e-16,0.0009079591646587106,7.297825563901995e-10,1834626330366.3545
400,84778,2.2454145,8881034958933422.0,0.0016500146399221827,1.2704492668622603e-09,6526116981920.643,38881655.5,4.176834914726472,2.5283252575662257e-16,9.983410484639505e-05,7.098306359829408e-11,394862585609.32025
401,29793,10.3950815,8358806018401308.0,0.025117953260231682,1.9413535694674026e-08,20197638554497.848,684824531.75,4.176834914726472,1.2436084145410216e-15,0.00041080699690717204,3.1666646991540387e-10,330334687433.57495
402,5030,212.01349,1.7941641590000893e+17,2.2412746356587485,1.736047602566105e-06,1896678660294168.2,41789598570.46,4.176834914726472,1.181683899639138e-15,0.0033957915096728456,2.9122385268422166e-09,2873688564860.578
403,57380,9.642981,3.04766230409187e+16,0.023365831017567,1.8412288097628576e-08,73847664322909.61,613017548.45,4.176834914726472,3.1640582314691116e-16,0.00045307776371313415,3.6865433603177494e-10,1431951407236.7893
404,10997,42.78178,3.761261902536586e+16,0.11060202391625154,8.81066668220644e-08,97238398893088.89,3115981513.85,4.176834914726472,1.1374315617625051e-15,0.00095030502052224,7.730644502151573e-10,835483252328.3392
405,43391,6.926957,1.2035399516386644e+16,0.010101110294965472,7.541564317021424e-09,17550404594542.105,319326549.26,4.176834914726472,5.755485715757661e-16,0.00029228652907238134,2.2491199168198272e-10,507839900066.3739
406,9841,50.581753,5.3859230770246344e+16,0.4722953621082157,3.452812681012419e-07,502898049015886.25,14152516639.4,4.176834914726472,9.391473342011239e-16,0.0016371134167709176,1.292602030394621e-09,1743191251416.9158
407,16681,59.92272,3.779027676277975e+16,0.07040474556928458,5.23768001228771e-08,44400768531140.7,1659236970.09,4.176834914726472,1.5856650210886745e-15,0.0007524625984346498,5.724718174269269e-10,474540705903.96796
408,54915,3.0279512,7090780082008295.0,0.004886301233221771,3.601194429829617e-09,11442617522772.99,153545206.47,4.176834914726472,4.270265281083721e-16,0.00020865499252513628,1.683875730359225e-10,488623021734.5729
409,11611,29.41205,2.587338126653658e+16,0.29205558095032363,2.2221775723299722e-07,256917331398102.53,11023740576.57,4.176834914726472,1.1367687005037942e-15,0.001328716527641899,1.1173766152668595e-09,1168853898821.3147
410,8440,47.388096,2.0974725468616412e+16,0.17128309318411925,1.370758667481701e-07,75812623004569.42,4927950244.15,4.176834914726472,2.25929517270225e-15,0.0013420393068224322,1.1326873668170758e-09,594007955683.4861
411,13498,13.566005,8303699815075468.0,0.018337032979551762,1.4025282757854722e-08,11224027807842.967,603555852.2,4.176834914726472,1.6337301807768572e-15,0.00038769795602583315,3.1925750521575925e-10,237308437211.75452
412,59735,2.016531,1.0841058640248386e+16,0.0024370329800903665,1.7367225817075716e-09,13101716485082.025,73837832.71,4.176834914726472,1.860086793104735e-16,0.00012823884596297375,1.0182669218980125e-10,689423990527.4843
413,18057,30.099182,2.8336730452382532e+16,0.17584731741273046,1.4791946276843443e-07,165550613112977.53,7442884323.39,4.176834914726472,1.0621967149872536e-15,0.0013736845346708634,1.270827861359878e-09,1293248713057.2114
414,13007,65.32295,6.737791047981589e+16,0.30404667664389473,2.505690101052119e-07,313611521840300.6,9891100182.55,4.176834914726472,9.695009764300797e-16,0.0015799295227977288,1.3549863764456962e-09,1629631698376.8125
415,113127,1.0370665,5531590645896752.0,0.0003166932447068529,2.080329723148651e-10,1689204491745.8223,10042953.6,4.176834914726472,1.8748070245748928e-16,3.353571654481612e-05,2.2943301553923687e-11,178875564819.37253
416,29238,42.114845,1.5515343715862106e+17,0.13238824978899089,1.0320191293290164e-07,487725693735214.4,6669711147.81,4.176834914726472,2.714399743329173e-16,0.0011530352202395976,9.595057173082398e-10,4247846040632.969
417,45332,11.730394,2.3967695939943388e+16,0.024484780770568485,1.8547720624402555e-08,50027627432220.79,672885782.21,4.176834914726472,4.89425184189303e-16,0.0004507477662057358,3.4208404447063687e-10,920973788777.0662
418,35344,16.29255,3.4237001835068204e+16,0.05080518737096817,3.9435350009469055e-08,106761513283729.14,1729531783.1,4.176834914726472,4.758754892874966e-16,0.0006415377420966008,5.264858953242456e-10,1348121003368.2166
419,50912,6.977454,1.6383196413738482e+16,0.01050256438870721,7.853716006441612e-09,24660223518223.902,310467402.85,4.176834914726472,4.2589088379291516e-16,0.00030653738554265424,2.3679982330716474e-10,719755686744.6469
420,70243,6.642447,2.841984361980106e+16,0.01590361591477223,1.2227662694443195e-08,68043941831557.88,353832794.67,4.176834914726472,2.3372567030495493e-16,0.0003168864536214717,2.4378232668077763e-10,1355805090677.512
421,3709,65.01905,1.8349532239888016e+16,0.3492727663120552,2.761127583192722e-07,98570986287217.84,10747965495.3,4.176834914726472,3.5433628034758445e-15,0.0017557895483800022,1.4474128061530838e-09,495515036354.07275
422,45962,3.1011891,6034301521740425.0,0.006500285326730348,4.5726767071033376e-09,12648271477168.516,201648492.0,4.176834914726472,5.139267716117621e-16,0.0002139218322533282,1.6678227688830157e-10,416249637243.907
423,15112,70.8474,1.491789995560337e+17,0.31205211495837215,2.467538278545505e-07,657068887762068.6,8669819964.01,4.176834914726472,4.749153715392006e-16,0.0016147659062052675,1.3375172086852394e-09,3400112952696.8384
424,21437,75.08031,1.3223742829476733e+17,0.3098859682600945,2.469148122377024e-07,545795875208144.4,12749760016.95,4.176834914726472,5.677689816580541e-16,0.0017344932227954571,1.474862210698038e-09,3054927759051.263
425,26817,5.089725,6662552774111906.0,0.00721487901220591,5.426302977360153e-09,9444422277756.512,152971526.86,4.176834914726472,7.639301589890133e-16,0.0002466076483428277,1.9595367719673982e-10,322814390086.6393
426,17429,29.142532,2.8581100147114332e+16,0.09799324611988108,7.607199604771538e-08,96105402958574.22,3835882365.84,4.176834914726472,1.0196434654368038e-15,0.0009524505722374794,7.678046800706096e-10,934101580133.66
427,17100,41.82261,5.5679465037901304e+16,0.16979045560596537,1.3556635055077715e-07,226046192159735.7,5532812930.43,4.176834914726472,7.511316779270621e-16,0.001183947154382279,9.816720531450948e-10,1576217844585.7598
428,8814,40.111538,2.487105256463984e+16,0.14037024836440154,1.0814395937148851e-07,87036199548932.28,6589701949.51,4.176834914726472,1.6127800741745915e-15,0.001123538584928869,9.43059076447743e-10,696647114457.8639
429,40649,7.180439,1.3571292527761794e+16,0.01741330557355381,1.3310728552400135e-08,32911784894211.01,571901437.37,4.176834914726472,5.290902826913136e-16,0.0003811647255027797,3.1328612232112116e-10,720415282556.157
430,1536,3.4972405,7173252039444802.0,0.007387965460394148,5.258172344724773e-09,15153587037013.918,199073714.47,4.176834914726472,4.875390521299292e-16,0.00026392558888655105,2.0298123975762197e-10,541342458072.9071
431,25978,1.5179474,7538192693364664.0,0.0011996352535107314,1.1000682852332916e-09,5957440753689.662,43731968.9,4.176834914726472,2.0136755078390888e-16,0.00010549667578634992,1.0000629240619409e-10,523901072321.0329
432,38405,26.217228,7.604230611863133e+16,0.06932261698337511,5.496685124617734e-08,201068231225453.78,2545367546.15,4.176834914726472,3.4477160594129386e-16,0.0007614343085027,6.346178009388942e-10,2208518031593.221
433,4685,13.802128,1.4528451256478182e+16,0.03406877173558487,2.660333058847712e-08,35861606958617.27,1132996387.71,4.176834914726472,9.50006835301573e-16,0.0005700657384826793,4.4417733571564847e-10,600064880903.4263
434,103518,1.7783381,7056186318873324.0,0.001432826538555023,1.209504807593837e-09,5685246814804.55,41309563.45,4.176834914726472,2.5202538873490955e-16,0.00010921269758158393,9.229026052914786e-11,433340062006.4443
435,1402,6.9897118,6115253043797880.0,0.020133502095212828,1.5590663485160632e-08,17614669029710.387,601998227.86,4.176834914726472,1.1429963322758983e-15,0.00041548970663626584,3.3188833388049697e-10,363509221249.16693
436,3476,87.65801,1.7476067494546225e+18,2.8509435351734442,2.374973886544582e-06,5.683825316571906e+16,19391700240.44,4.176834914726472,5.015888730537092e-17,0.0022120395584725697,1.895919522183013e-09,44100650498993.6
437,51821,5.8051014,1.3733979330972582e+16,0.01136170732137115,8.381818505043861e-09,26880056482091.98,351633628.99,4.176834914726472,4.226816758714976e-16,0.0003187348693060791,2.4073819172168234e-10,754077802518.6498
438,16236,41.71513,5.948366997725722e+16,0.11348317837484924,9.145531767806375e-08,161821284757346.9,3963540554.29,4.176834914726472,7.012870930113967e-16,0.001038057258381471,8.818598669671821e-10,1480217258703.4927
439,69427,0.9997133,4493078799251534.0,0.0008413131399421293,5.809150194628777e-10,3781170294129.047,19253692.95,4.176834914726472,2.2250072715540493e-16,7.439589166600633e-05,5.933352648904629e-11,334362465314.7526
440,12134,0.4784698,5165481836649497.0,0.00026048490419073884,1.237774107713556e-10,2812152493884.976,8310215.600000001,4.176834914726472,9.262829976580683e-17,6.127269557425721e-05,2.907692533177499e-11,661490016864.9717
441,37482,7.798487,1.021179053740592e+16,0.021909347441358903,1.7261484969376358e-08,28689368448316.637,579182691.95,4.176834914726472,7.636747905701788e-16,0.0003986068408452245,3.3146036138160815e-10,521958883240.88135
442,40464,5.6613865,1.4368948150817006e+16,0.01559366463704728,1.135011162665251e-08,39577682719765.03,430088607.26,4.176834914726472,3.940014565142751e-16,0.0003260851072945852,2.52926302476311e-10,827624116366.1049
443,36680,14.948555,2.4301991392087276e+16,0.05588490041943681,4.322203052991404e-08,90852551898214.11,1438187058.96,4.176834914726472,6.151164634544002e-16,0.0006445973243896723,5.271977236365804e-10,1047927283184.2478
444,108819,1.6694144,1.0939698247648364e+16,0.0020954938849725834,1.5072180601555835e-09,13731803668036.19,52639160.38,4.176834914726472,1.526015034609262e-16,0.00011974847939714006,7.997092065894951e-11,784713627856.2407
445,37162,4.363693,1.371334291040503e+16,0.010007338729073098,7.470444104565348e-09,31449065645167.125,214355504.57,4.176834914726472,3.1820782346870635e-16,0.0002323157936314875,1.8816679124645557e-10,730075681669.5118
446,10613,32.46691,2.274732144225356e+16,0.24968697750612068,1.8870194108397102e-07,174938419987503.03,7772553743.82,4.176834914726472,1.4272849698994505e-15,0.0011365950823074777,9.235374650358166e-10,796333672866.7076
447,22026,45.52732,3.3924841015787196e+16,0.0762680829017626,5.901955753642183e-08,56831427525740.01,2486398568.4,4.176834914726472,1.3420054047950734e-15,0.0008720743399561488,7.107968882848328e-10,649829230821.4034
448,61257,3.8872428,7928629897786801.0,0.004728096311843636,3.2875419794676693e-09,9643680034007.385,110886816.9,4.176834914726472,4.902792601134132e-16,0.00019791353052521024,1.4675878700988586e-10,403675102388.4391
449,46946,5.849933,1.2093904292734256e+16,0.016307279384314807,1.267041491565532e-08,33712980327942.5,532109468.38,4.176834914726472,4.837092189917947e-16,0.00040276304213369263,3.2571246601796064e-10,832655294379.5037
450,47610,1.0696588,3545530272185344.5,0.001058157369759095,8.123988246377328e-10,3507407209866.2607,45266845.0,4.176834914726472,3.0169219210775447e-16,9.375354790190337e-05,7.746097850770051e-11,310758946881.91895
451,123083,0.44666937,5705207905355105.0,0.000275622193453897,1.9453600738167257e-10,3520460597028.373,3044208.1,4.176834914726472,7.829151494737654e-17,1.7643147767611722e-05,1.1402413969526551e-11,225351978173.75897
452,47020,6.243731,1.0784037716759638e+16,0.013720053721837315,1.0521915767051136e-08,23696981310095.203,425613715.09,4.176834914726472,5.78978965392204e-16,0.0003569803866831454,2.7963166184062767e-10,616568835866.6444
453,3211,54.70643,3.269240105801446e+16,0.38764839523455,3.1186783336278286e-07,231657536536447.56,8438731499.68,4.176834914726472,1.6733683739814777e-15,0.001342957184537151,1.1231049721607986e-09,802547248662.1862
454,21302,40.22057,3.4399471268890364e+16,0.1122046499901214,8.782252921777076e-08,95965338968867.94,4080919246.74,4.176834914726472,1.16922058730519e-15,0.0009715241491136999,7.996158821516314e-10,830916047546.5632
455,56430,2.4122934,5614287854176697.0,0.002462007257286183,1.9835832190485402e-09,5729990158525.783,111169084.04,4.176834914726472,4.296704163833346e-16,0.00015876002754003176,1.3650252875389815e-10,369492572647.57196
456,108136,1.060277,6028545601228750.0,0.0010186380956848176,8.061054802212124e-10,5791794230172.623,29058843.55,4.176834914726472,1.758760852342051e-16,7.024160211753622e-05,6.079603735586374e-11,399381200826.7019
457,42108,2.789261,5224467481352204.0,0.003572687635115019,2.6359152858239498e-09,6691876583327.098,143221109.83,4.176834914726472,5.3388426857967155e-16,0.0001756629648835104,1.2826352068154204e-10,329028171874.84937
458,18786,82.755104,1.1205067329872586e+17,0.24067078904228043,1.9163590938989607e-07,325869011723109.4,3969232772.7,4.176834914726472,7.385507071374378e-16,0.0012602526112604332,1.030817776016809e-09,1706386032917.1838
459,39381,2.090644,6950759203750077.0,0.003533774218043727,2.7177667041036443e-09,11748730855201.635,108079594.27,4.176834914726472,3.007792298245715e-16,0.00019517519925189804,1.4261250220429996e-10,648898527221.2224
460,22744,20.058706,3.8264148918879016e+16,0.821838771618536,8.217007236680345e-07,1567746251653534.5,6421892314.32,4.176834914726472,5.242167032781776e-16,0.0011017870110576705,9.335684494485655e-10,2101777765125.891
461,33502,9.486081,2.2033181251005484e+16,0.03466997611558066,2.7764993242409353e-08,80527445182327.62,884651252.48,4.176834914726472,4.3053614872646246e-16,0.0005490881027989652,4.55514692287216e-10,1275358885480.7722
462,83214,0.96300673,7602888030289822.0,0.0007794110921991704,5.161337504020665e-10,6153410021917.696,16137917.2,4.176834914726472,1.2666327929115777e-16,7.440560320761223e-05,4.872927697442654e-11,587428366168.9976
463,33436,33.123966,4.8436501976207224e+16,0.04872973139620513,3.5982370406618705e-08,71256495404938.42,1159405080.2,4.176834914726472,6.838637112207447e-16,0.0006445475599866992,4.988557695265544e-10,942508791461.0013
464,63921,1.7095071,5671519108534762.0,0.0027708762363178336,2.2596475122530808e-09,9192753584738.826,85599487.37,4.176834914726472,3.014196139139257e-16,0.0001462041311047108,1.1539769242820144e-10,485051815992.50977
465,45106,7.1056724,1.3235389617791404e+16,0.01933147329453413,1.4764201804086642e-08,36007793004795.55,393337389.44,4.176834914726472,5.368691519627306e-16,0.00039664285565386786,3.1316186527359187e-10,738807313111.1895
466,29042,69.89465,1.214828477805424e+17,0.2322186791486642,1.842517851295863e-07,403615819677411.5,5117663847.24,4.176834914726472,5.7534583092968e-16,0.0013354989574096362,1.1132570995166102e-09,2321210801600.236
467,23596,26.19425,5.2656191444528376e+16,0.14635429874640968,1.1183280115298613e-07,294204261374944.75,8718244326.05,4.176834914726472,4.974581199552727e-16,0.001253300377271044,1.0151794741283463e-09,2519408824573.474
468,13399,52.313282,3.308581870916199e+16,0.18318419762483185,1.403657742039774e-07,115855838542083.61,6115589458.97,4.176834914726472,1.581139111589027e-15,0.0011797575236449649,9.522759691762824e-10,746144039444.652
469,11477,27.681295,2.0006565436244364e+16,0.053232851773047415,3.976098609447934e-08,38473869533754.47,1387081658.74,4.176834914726472,1.3836105496574597e-15,0.0006573260516841157,5.074718337358896e-10,475080254228.2218
470,14995,38.871853,6.264800587482297e+16,0.34434910042000055,2.5356889261479427e-07,554971857557245.8,11832068469.82,4.176834914726472,6.204802923443386e-16,0.0014968632168030182,1.1772496415276176e-09,2412426688279.612
471,22491,4.955021,6755807932695159.0,0.011910918051473941,9.080133250165085e-09,16239663698262.754,380661040.99,4.176834914726472,7.334461028739233e-16,0.00031262679019374067,2.528950640328134e-10,426243713026.4227
472,73104,0.9797556,6955317917400884.0,0.0007727809037562594,6.497516031794555e-10,5485997595850.598,18530636.8,4.176834914726472,1.4086424396918472e-16,9.278187084742596e-05,7.343323513019324e-11,658661617973.9891
473,4265,94.86657,5.535598375962504e+18,0.6663628190805435,4.771073342980579e-07,3.8883211853280376e+16,8215143071.15,4.176834914726472,1.713754567382339e-17,0.001442122690566668,1.1848699495847072e-09,84149896257865.38
474,39867,15.509909,2.287803374508872e+16,0.027022668602836378,2.0228809779451832e-08,39860035553918.48,722021656.39,4.176834914726472,6.779388986315114e-16,0.0004443682357132934,3.470424292868307e-10,655469448073.1167
475,23777,21.741245,4.764183749135104e+16,0.39580911039964894,3.132776208505534e-07,867341006242112.5,5834454403.21,4.176834914726472,4.563477427575486e-16,0.0011012095874084128,8.965376874459557e-10,2413093095967.1045
476,6692,27.224178,2.8091652197841268e+16,0.1095249809322603,8.842678706095009e-08,113014896953886.11,4372639280.78,4.176834914726472,9.691198583930948e-16,0.001007406417539083,8.569547574720853e-10,1039506526271.6538
477,34320,0.95232874,4901460732090985.0,0.0009664803955417736,6.935738769289133e-10,4974296698305.847,45774954.8,4.176834914726472,1.942948831079857e-16,0.00010583675484512688,7.300705331133403e-11,544722296090.0348
478,10669,22.192892,2.3021980264943576e+16,0.15788434763885387,1.2598696352096843e-07,163782635245788.8,6609785169.48,4.176834914726472,9.63987100353567e-16,0.0011663263688131034,9.717832417890805e-10,1209898315429.0378
479,6841,172.70287,1.0168002001557819e+17,8.823503257448802,8.365624945433421e-06,5194899122550272.0,30947461167.97,4.176834914726472,1.698493666440472e-15,0.002935360658180155,2.5908002317062393e-09,1728214073551.2905
480,19928,42.6407,4.9567556749108824e+16,0.25910916102142156,2.0094824280428599e-07,301200684865475.7,10213637232.74,4.176834914726472,8.602542226527362e-16,0.0015072102993271635,1.2536399914162182e-09,1752052195314.347
481,33607,7.608839,9700146176259078.0,0.014433083430902391,1.0990492501515111e-08,18400050132996.125,403972620.26,4.176834914726472,7.844045709973409e-16,0.0003170516822597119,2.350421877648637e-10,404194077880.74536
482,14092,8.911065,6212177487528293.0,0.009194076521213701,6.9026823117154015e-09,6409473523500.973,324226576.32,4.176834914726472,1.4344511273044042e-15,0.00027068951080610717,2.033133562503948e-10,188705983531.6817
483,6325,106.62728,5.190030737599307e+16,0.5266171459780776,4.150899357421236e-07,256328321849065.66,13376917067.55,4.176834914726472,2.0544633623754097e-15,0.0019278026681977378,1.5703865187183835e-09,938348526190.6913
484,34272,16.55938,2.8396979008667996e+16,0.06300621388533648,4.8125142851413035e-08,108046686114911.67,1960153796.51,4.176834914726472,5.831387907476128e-16,0.0007215881291078886,5.819955100577103e-10,1237420903148.5916
485,91109,0.8028902,4610881153445546.0,0.000447206671658384,2.9961540590219333e-10,2568242599106.021,7653114.9,4.176834914726472,1.7412945015944055e-16,3.1460887117569074e-05,1.9828265642460284e-11,180675279734.4855
486,4853,41.498875,6.7569953182821e+16,0.13628631372897032,1.1137012742072491e-07,221906252594215.62,5751780028.4,4.176834914726472,6.1416166572912e-16,0.0011232816783711156,9.694940661998074e-10,1828967421855.5776
487,127407,0.6576412,6224384677391385.0,0.00026915259742124245,2.420533456447678e-10,2547451867779.685,13893142.96,4.176834914726472,1.0565561643205106e-16,7.242096525918142e-05,6.780111922112636e-11,685443592161.1095
488,60454,3.2131324,9507168091449904.0,0.0072284815895526195,5.401510553856062e-09,21387973155985.652,191776882.41,4.176834914726472,3.3796945305823204e-16,0.00022459226109391016,1.8037563895988781e-10,664534202903.873
489,29971,2.0917666,7092191247899850.0,0.0013241362397911527,1.1093797398422548e-09,4489519744159.712,28948232.57,4.176834914726472,2.94939395580938e-16,0.00010295284601848358,9.978432490803162e-11,349064409709.31946
490,52905,6.0274444,1.2834509765561618e+16,0.017184457617799697,1.2926266613199424e-08,36591642240869.1,717770218.13,4.176834914726472,4.696279413938526e-16,0.0003658908866074322,2.8860548058461354e-10,779108000945.3237
491,108036,0.7684166,5057221590506707.0,5.532161716607952e-06,5.40675020430874e-12,36409114112.58474,2257808.0,4.176834914726472,1.5194441972692138e-16,1.260207801164226e-06,1.2281126046951414e-12,8293873532.368649
492,81649,1.2739667,6569991898275743.0,0.0016386080783192675,1.2364120146416369e-09,8450489168207.278,63381927.22,4.176834914726472,1.9390689056014594e-16,0.000127258559748525,1.1975853099426562e-10,656286939473.417
493,29511,54.415424,8.86341465874481e+16,0.12376413910621246,1.0043663388032205e-07,201592270011703.9,5153764816.37,4.176834914726472,6.139329603214798e-16,0.0011865933688132403,1.019766321352384e-09,1932773520079.2812
494,12836,52.56545,3.006785702130937e+16,0.29956757059003547,2.3210380402079413e-07,171355041775960.97,8782385891.57,4.176834914726472,1.748227349981955e-15,0.0015387307822331848,1.2418983268847328e-09,880166290871.1886
495,39801,5.6293344,8918077019922042.0,0.004179485503841584,3.0225032398529515e-09,6621204387308.547,123672196.42,4.176834914726472,6.312273809056215e-16,0.00023769495755837408,1.7410086126407219e-10,376559960401.8338
496,13887,103.600555,8.709254634925197e+16,0.3066820185694619,2.4880682124030936e-07,257814428858445.94,10661852627.95,4.176834914726472,1.1895455965261236e-15,0.0016086139779092794,1.3913272929149184e-09,1352292827283.7776
497,48922,14.304094,2.84486265071497e+16,0.031041609589048138,2.35117683221573e-08,61736951489523.71,1057701055.79,4.176834914726472,5.0280437955080535e-16,0.0005100944877357233,3.8479685746766847e-10,1014498895557.415
498,9747,21.203434,9714851587441726.0,0.09641940279056212,7.439731197407793e-08,44176815333783.93,3504188221.2,4.176834914726472,2.1825793023343177e-15,0.000939518449765448,7.584403264343075e-10,430462457313.9733
499,39281,11.360183,2.3009706731125944e+16,0.034837906413694254,2.6276590685723267e-08,70563124705430.92,1175836882.18,4.176834914726472,4.937126375727652e-16,0.0005142963943892048,3.886293863955051e-10,1041691776247.8905
500,31246,4.149151,9435602223313730.0,0.005249668201058353,3.877376742356867e-09,11938293147095.775,138859919.97,4.176834914726472,4.3973356462062067e-16,0.00022159596731067987,1.7639474124821107e-10,503932347083.5377
501,52632,4.4205728,8553215884010868.0,0.010069576665447473,7.49454825278681e-09,19483281234542.844,428958217.37,4.176834914726472,5.16831664247326e-16,0.0002835937280580936,2.3205353521795314e-10,548715854070.392
502,135857,1.2174194,1.3390548588608078e+16,0.0016838453381257848,1.281666065449851e-09,18520825950263.746,34799043.59,4.176834914726472,9.091631996583857e-17,0.00010907226828401325,7.719456984619317e-11,1199699551466.631
503,91514,1.2828817,8685648534818423.0,0.002412503732890733,1.6811632020858825e-09,16333664680715.59,57620045.86,4.176834914726472,1.4770131382328828e-16,0.00012354376126291538,9.719426683486411e-11,836443211403.8247
504,16537,15.572961,1.6342766928538564e+16,0.041281480964061736,3.257812853573945e-08,43322115932902.06,1333013202.49,4.176834914726472,9.528962303687823e-16,0.0005874400073977688,4.914146607782111e-10,616478467094.3892
505,57876,3.7109535,1.1822831808120244e+16,0.007674371934197591,5.601487197343648e-09,24449998797068.344,187600504.77,4.176834914726472,3.138802581502695e-16,0.0002462265977709112,1.8672420365477374e-10,784460288206.5642
506,8956,259.0771,1.603447073928491e+17,0.6357539891256312,4.959015181253015e-07,393472782272867.44,17916511148.3,4.176834914726472,1.6157508670694925e-15,0.0018860532362071174,1.541658208369216e-09,1167292108360.663
507,73816,2.3031113,7047493459293273.0,0.0016429188598849943,1.2711334291778244e-09,5027312366184.413,63168560.71,4.176834914726472,3.2679864313502426e-16,0.00012990364433804836,1.1322856061279963e-10,397503622083.2035
508,35799,12.98063,1.5865649996896938e+16,0.028607870596245477,2.0832974093176665e-08,34966135082546.074,915770780.9,4.176834914726472,8.181593570095647e-16,0.00047784105465641314,3.6193481688547637e-10,584043989184.404
509,46967,2.4262316,7420171113269790.0,0.00384051171116044,2.76807159315032e-09,11745479722268.488,170415857.59,4.176834914726472,3.2697785037073774e-16,0.00017322161431590447,1.2641983127703313e-10,529765591520.9559
510,82755,0.2972129,5275902521201571.0,0.00011617248599937113,8.201316112329491e-11,2062207635598.3752,2977783.8,4.176834914726472,5.633403930524301e-17,8.463339719839638e-06,5.97506635545669e-12,150234917009.61615
511,43160,12.607491,2.910620453202983e+16,0.04238291275283849,3.3002325563889766e-08,97847044050818.08,1193454820.21,4.176834914726472,4.331547586744306e-16,0.000587671912450858,4.727092649515056e-10,1356725051917.4514
512,9979,151.92451,1.5024185351200157e+17,1.8925023080689058,1.6872943150288124e-06,1871541692252378.5,20573883178.25,4.176834914726472,1.0111996520853893e-15,0.0023511251304369277,2.0790934187081553e-09,2325084987507.878
513,2585,45.48507,6.821589865107952e+16,0.24424563727953108,1.773142337863408e-07,366305595190439.94,15187013208.33,4.176834914726472,6.667810715600709e-16,0.0011543017275988427,9.318552371398206e-10,1731155512405.4695
514,30804,11.273029,1.7970919444686464e+16,0.05114156541271469,4.097787766425823e-08,81527418434482.8,2251072229.89,4.176834914726472,6.272928346653483e-16,0.0006983100039059698,5.766149210465626e-10,1113212148005.0193
515,37424,2.907345,4258373504719495.0,0.004594391246863182,3.802819027856865e-09,6729381602787.884,187668300.33,4.176834914726472,6.827360250992147e-16,0.00022150284111001721,2.0188493844952156e-10,324434090141.6892
516,91529,0.74911743,5597258665705095.0,5.756026128314988e-05,3.413607234205105e-11,430078994781.04535,3348211.0,4.176834914726472,1.338364858122262e-16,7.293924529312971e-05,4.378328440919792e-11,544987750167.5002
517,55462,3.0633943,6701592196137566.0,0.003164237859706258,2.3871759866653286e-09,6922201215602.735,117767314.8,4.176834914726472,4.571144006293869e-16,0.0001580175959535821,1.1466738021760915e-10,345685009564.3727
518,19644,93.96074,1.125741175240675e+17,0.3599151129040468,2.895127505318194e-07,431213358033878.75,9157293027.93,4.176834914726472,8.346566872257461e-16,0.001819210514387462,1.5093710053098943e-09,2179591372393.1235
519,52558,5.2810664,1.5904109744427016e+16,0.012008359891088154,8.846541150778302e-09,36163581196108.734,345147605.68,4.176834914726472,3.320567126902873e-16,0.00030046148761525923,2.2984650552002511e-10,904849913079.4646
520,120884,0.17913137,6412499319075649.0,2.039959778601023e-06,1.2571039788181565e-12,73025962405.24913,3079564.0,4.176834914726472,2.7934719535505774e-17,7.260392830679829e-07,4.515309252579341e-13,25990569983.892895
521,16791,33.72266,3.046464380481336e+16,0.05521205906208734,4.294395623054718e-08,49877907408751.52,1626752652.93,4.176834914726472,1.1069441748953545e-15,0.0006900585515694498,5.498366827561235e-10,623390562251.8723
522,68456,3.1925895,8142729682802633.0,0.004546856342821598,3.1787977829117277e-09,11596800060306.17,82109315.24,4.176834914726472,3.920785319378486e-16,0.0001643722613584452,1.1878615109887915e-10,419233005556.3999
523,62028,6.4611716,2.036144433409194e+16,0.014737090832497347,1.1032803746721122e-08,46441802386482.26,335819975.81,4.176834914726472,3.173238348903282e-16,0.0003449165126428595,2.6606917611733395e-10,1086954318329.3109
524,1041,58.514313,1.619709014242376e+16,0.7135254355634166,6.160355601114279e-07,197507843913895.62,11921423653.19,4.176834914726472,3.612643535689048e-15,0.001664420344967863,1.364323843680207e-09,460720889986.8401
525,55163,3.309072,1.0155710829732914e+16,0.004735708265865367,3.683424274424046e-09,14534130330831.299,78268806.84,4.176834914726472,3.258336177032549e-16,0.000200954034558234,1.7094930041249719e-10,616738186730.7751
526,134397,1.1594656,1.2132117797691944e+16,0.0010968069367070545,7.25027248311545e-10,11476486199724.8,26916877.6,4.176834914726472,9.556992598774311e-17,8.118145578928067e-05,5.488743637353898e-11,849445627902.7802
527,32246,25.951397,7.592925780476947e+16,0.08878215744519612,7.215845611106106e-08,259761095756036.9,3511059644.2,4.176834914726472,3.4178388871818883e-16,0.0009052510249665429,7.726941727386983e-10,2648606487454.854
528,29430,13.162435,1.863413345109262e+16,0.02788131103344883,2.1370668184575116e-08,39471729249846.74,857335605.36,4.176834914726472,7.063615292090879e-16,0.00046033398273058153,3.698172415640109e-10,651697415126.8075
529,86505,2.0177152,1.0677507338839216e+16,0.004348010173967273,3.1402922333329186e-09,23009149428959.613,109500023.27,4.176834914726472,1.8896874860114608e-16,0.00017366254271789,1.2866585989475982e-10,919001390459.7384
530,26730,26.486591,2.7409736273570972e+16,0.07888421367748376,5.9508728996487517e-08,81633589352735.12,1961414811.87,4.176834914726472,9.663205342671944e-16,0.000785865178033125,6.172513818417023e-10,813255177930.2537
531,66928,2.8630888,1.2033413718381312e+16,0.005541083959551872,4.356626994776392e-09,23288888466740.582,129358284.19,4.176834914726472,2.379282277668694e-16,0.0002212078734198713,1.6912784505418667e-10,929725217962.0264
532,26686,27.876522,6.296640034288235e+16,0.1788534096126795,1.4427697803182913e-07,403987103999613.0,6308367062.98,4.176834914726472,4.427205914296978e-16,0.0012369046448909324,1.0248382681942913e-09,2793871956342.8027
533,51660,8.103803,2.906223696643589e+16,0.013219777995606757,9.91014014476144e-09,47409385538123.086,253855303.69,4.176834914726472,2.7884305703511806e-16,0.00034360982856449586,2.850702656076445e-10,1232269622267.1987
534,13544,50.169617,4.26032449377935e+16,0.2000665092015262,1.5797474113175587e-07,169893314022348.2,6196107141.08,4.176834914726472,1.177600839402126e-15,0.0013246424089552265,1.0886192480655354e-09,1124865374270.4143
535,29586,28.295498,6.2309197593037656e+16,0.08806497528071072,6.972924535926985e-08,193926890623793.97,3649695613.65,4.176834914726472,4.541143056408369e-16,0.0009406566914694231,7.950079422580289e-10,2071409510303.7712
536,19527,36.312057,2.7274006150623684e+16,0.17633019224453678,1.4233387032399176e-07,132441705183987.58,6036204529.88,4.176834914726472,1.3313796586927015e-15,0.0012789173888719428,1.082216170179644e-09,960595560043.127
537,19040,3.701613,1.1271443399819078e+16,0.01035924885029998,7.90437755311548e-09,31544001785383.04,182292232.7,4.176834914726472,3.284062979954649e-16,0.0002580414434009986,1.9985676982387216e-10,785738412984.2784
538,101834,0.92668444,6684409776311278.0,3.792150770731858e-05,2.0725757453209526e-11,273537448034.91446,4431063.8,4.176834914726472,1.386336970668757e-16,3.718258397712896e-05,1.9035485280493176e-11,268207403855.01227
539,32320,16.557344,2.3587227630946696e+16,0.03859353885910424,2.894307269082402e-08,54979505538658.766,1085356992.18,4.176834914726472,7.019622763243523e-16,0.0005580050053150288,4.3883388053902505e-10,794921641996.0353
540,39512,21.751835,6.3906884045180056e+16,0.05373961819174911,4.118129241475351e-08,157886980496696.44,1313817480.63,4.176834914726472,3.4036763527106363e-16,0.000659454002178422,5.317747618202795e-10,1937475640576.8218
541,18743,8.861372,8699252679681695.0,0.5247215315642645,4.317686822529436e-07,515121720377737.4,3879134098.35,4.176834914726472,1.0186360054464168e-15,0.0009083694794396269,7.412428439994403e-10,891750806551.8795
542,107359,1.2994213,1.2309216668926038e+16,0.0019076466591203243,1.4863607788779516e-09,18070841269775.22,29987209.8,4.176834914726472,1.0556490595216507e-16,0.00010494201482633913,9.557932459492173e-11,994099448863.1649
543,77768,2.2692447,8361772526310223.0,0.002079700564496308,1.4647678810235042e-09,7663335312915.831,100314130.8,4.176834914726472,2.7138321364995843e-16,0.000143169060407822,1.0826505191585305e-10,527553117535.44025
544,59338,6.100421,1.589624170447493e+16,0.014716763225009446,1.1262953092074835e-08,38348373879815.53,429605454.63,4.176834914726472,3.837649875619769e-16,0.0003494412293274594,2.703812897152567e-10,910560474907.9036
545,31130,25.664911,4.072866754517636e+16,0.07765938198785734,6.067098677061537e-08,123240760536722.64,2950411647.84,4.176834914726472,6.301436444374814e-16,0.0008516980075530809,6.698911160974795e-10,1351593426469.2573
546,15819,21.311527,1.7731826464897574e+16,0.07918326009202459,6.110333170174996e-08,65882835466300.91,2748427625.52,4.176834914726472,1.201879966634509e-15,0.0007977869982856539,6.352359741869794e-10,663782590968.3878
547,21794,38.79771,4.629316876067906e+16,0.1466890989323944,1.1395622401186431e-07,175028454314166.47,5580241986.96,4.176834914726472,8.380871527842868e-16,0.0012492892478858867,1.0341818998500826e-09,1490643596832.9873
548,92047,0.15920135,7266199045835434.0,0.0002164925537437494,1.470661319182115e-10,9881059346816.521,2951844.4,4.176834914726472,2.1909852592222203e-17,3.9781941363210484e-05,2.8668757349946154e-11,1815710132953.2773
549,41325,12.798526,1.9872376055920104e+16,0.03658777502865278,2.7332351643719836e-08,56810137700137.57,1069631946.64,4.176834914726472,6.440360208555555e-16,0.0005301057724898424,4.1115140794979904e-10,823099571023.4266
550,5114,31.445736,2.766080466175067e+16,0.07443988815548896,5.839898837216602e-08,65480013102938.59,2230343318.97,4.176834914726472,1.136833739456724e-15,0.0007580084285508422,6.2150785588649e-10,666771579908.495
551,26704,100.135414,1.2876158577771326e+17,0.28323208564378594,2.270105567556159e-07,364200945837433.44,5843348819.62,4.176834914726472,7.776808074798653e-16,0.001387028637547984,1.1492970396261737e-09,1783544899407.7112
552,101681,0.7109963,4904693091832920.0,0.00037304109600589676,2.509571401096733e-10,2573363724325.855,9589751.44,4.176834914726472,1.4496244447668293e-16,4.0074259543706476e-05,2.80090701830401e-11,276445804210.7063
553,44172,3.1549084,5539904498967480.0,0.00568821786493801,4.178976106300725e-09,9988303857277.53,211326567.52,4.176834914726472,5.694878676316546e-16,0.00021753460078245346,1.8315091932175488e-10,381982853624.4693
554,22952,79.80342,1.2686634026260242e+17,0.19436920841155889,1.5199110543500471e-07,308995656212647.44,3617190939.07,4.176834914726472,6.290354071443519e-16,0.0012659250702913496,1.0261773433591273e-09,2012486190623.6755
555,3056,16.266273,9011286549050102.0,0.06716181439624606,5.309077351301909e-08,37206700925202.2,1621174711.53,4.176834914726472,1.805099961194183e-15,0.0006939416618960309,5.586235513376428e-10,384433924333.44604
556,102240,0.7614893,8674986464264886.0,0.0016684992051863331,1.271092605335999e-09,19007762841353.332,36063261.15,4.176834914726472,8.777988336198842e-17,0.0001239177115881717,9.411428092078511e-11,1411686901851.5024
557,13441,13.4625845,1.0627824730146428e+16,0.030551602382166566,2.3027793983484687e-08,24118480024603.773,851044432.05,4.176834914726472,1.2667300074880436e-15,0.0004889441170357932,3.8142792881456165e-10,385989211706.9061
558,26783,17.237131,2.8665564740119836e+16,0.053213218784884955,4.147278509314973e-08,88494249310298.83,1955667101.87,4.176834914726472,6.013183816984148e-16,0.0006739751168166978,5.340859649036601e-10,1120829060493.8186
559,49198,16.151161,3.5610667800212184e+16,0.030425565871342652,2.387367295339875e-08,67083395359495.0,1178237998.52,4.176834914726472,4.535483886630108e-16,0.0005206240109999252,4.17839592813594e-10,1147890774200.8362
560,2464,71.91238,1.253842030588172e+17,8.493999489039025,7.984077489141875e-06,1.4809874971669116e+16,32281382091.48,4.176834914726472,5.735362050853105e-16,0.002649825764169923,2.350549621050135e-09,4620154300068.599
561,28765,29.637972,8.485481473294418e+16,0.1503068269430809,1.1985765482555908e-07,430335042942608.56,6380150798.4,4.176834914726472,3.492786130436663e-16,0.0011837597849853167,1.0128746080672213e-09,3389156223078.923
562,29387,24.056559,2.6399690668012324e+16,0.06255773516719208,4.717564906658253e-08,68650917918281.96,1738005689.64,4.176834914726472,9.11243972610201e-16,0.0007254313406293795,5.624962195328406e-10,796089041391.8757
563,11656,38.08453,4.601280252587305e+16,0.2509685905625151,1.9864851276185232e-07,303214144896883.1,10270046388.97,4.176834914726472,8.276942048592895e-16,0.001415527867151292,1.1523016692406174e-09,1710206328425.286
564,10264,26.588242,4.378364091748754e+16,0.05257793646893387,3.991101997354041e-08,86581635993018.02,1209078619.14,4.176834914726472,6.07264298784719e-16,0.0006111061142022184,4.769123879348906e-10,1006326430559.4578
565,33370,3.6328604,6190411332665505.0,0.0042285317536715,2.8821470451785424e-09,7205438141378.621,163365625.73,4.176834914726472,5.868528284752511e-16,0.00019644086463684247,1.372133434798196e-10,334736164000.8297
566,31304,13.162947,1.8514268557195772e+16,0.04857378803287683,3.79179463457087e-08,68321186469943.53,1369245950.16,4.176834914726472,7.109623023634967e-16,0.0005898780522031338,4.748617063132619e-10,829689633672.7913
567,25871,11.825666,1.7712614020857064e+16,0.027560989531479757,2.0834091646462205e-08,41281156562681.805,730962335.65,4.176834914726472,6.676409244888965e-16,0.00045078032482446004,3.486250654409602e-10,675183782614.2081
568,17990,7.67361,7016190385002056.0,0.017318315379285472,1.321114380074629e-08,15834606899305.016,538285186.7,4.176834914726472,1.0937003671398737e-15,0.0003912723272071713,3.125298892382843e-10,357750933402.7053
569,9,1.9620626,8815898180483858.0,0.0030990930027227177,2.2613458930042968e-09,13924779139999.643,134763825.54,4.176834914726472,2.2255958041161415e-16,0.0001715214187185329,1.3854728215504386e-10,770676411239.2357
570,42162,3.5620658,5900230766519704.0,0.004356604956109935,3.1890252466629113e-09,7216310995605.994,135493396.81,4.176834914726472,6.037163529624303e-16,0.00018197048774104026,1.2972977662453051e-10,301417191779.07446
571,10155,99.46981,6.788623856178992e+16,0.5811910430853989,4.406682868209171e-07,396651745900298.0,16599110205.74,4.176834914726472,1.465242619230741e-15,0.002078370369174604,1.7032834050111369e-09,1418447936127.9827
572,24095,29.236185,2.8224132213126164e+16,0.11675334813298548,9.072064981514428e-08,112711762291507.22,4674065674.39,4.176834914726472,1.0358577113808715e-15,0.001027470754428567,8.226851226981985e-10,991903369680.8378
573,69598,1.8702552,8098764853039533.0,0.003956877188522955,2.8516545543338027e-09,17134462667021.91,107014954.72,4.176834914726472,2.309309177310016e-16,0.00018296335475953687,1.4145799622139556e-10,792286093855.3951
574,108722,1.1679238,5377614443397045.0,0.0002966649141687768,6.071084376684996e-10,1365970560136.8503,4386697.9799999995,4.176834914726472,2.1718250951108001e-16,3.956307331444412e-05,4.4757797712998104e-11,182165098853.9928
575,126615,0.91055006,8479525516223429.0,0.001119546831050515,7.191410287550306e-10,10425814392346.45,22681630.0,4.176834914726472,1.073821947062831e-16,6.897698635580543e-05,4.779789472220891e-11,642350312772.7513
576,28454,4.1838217,6462552362958252.0,0.006075640564960308,4.384815777838047e-09,9384755877519.648,239990118.85,4.176834914726472,6.473946306386048e-16,0.00022541729182291251,1.7026115029672325e-10,348191475731.82025
577,1044,10.519664,7769597662211621.0,0.01619685096402986,1.2005380943063433e-08,11962645896800.168,411728658.14,4.176834914726472,1.3539522195806432e-15,0.0003219801518140852,2.638134523360865e-10,237807617697.03473
578,113507,0.9972594,7077221935327858.0,0.0011685556343588083,9.314983212976897e-10,8292854966456.1875,51528673.25,4.176834914726472,1.4091113845418798e-16,0.0001246342471383639,9.372848136031247e-11,884488256255.797
579,17596,48.51762,4.075657332158878e+16,0.11313881474481344,9.024371750019218e-08,95040737749803.86,3137031770.51,4.176834914726472,1.1904244161346162e-15,0.0009740427313580796,8.025553554631343e-10,818231479593.5204
580,84394,3.6948938,1.9445152700004996e+16,0.0037643149098156832,2.561293352440231e-09,19810495834080.938,114586434.01,4.176834914726472,1.900161884560079e-16,0.00020939841161139448,1.3768887973445266e-10,1102003009916.5676
581,108295,1.2072887,9023278169176550.0,0.001295143374288751,8.202597277671819e-10,9679904181305.879,30467600.8,4.176834914726472,1.337971275366517e-16,0.0001124014479745989,7.122944731386214e-11,840088647970.4746
582,22654,20.883038,2.230659427395182e+16,0.09342790806966013,7.383265020809712e-08,99796707699999.3,3491531794.29,4.176834914726472,9.36182267159709e-16,0.0009196176920305826,7.605746856724934e-10,982306249850.9165
583,16997,14.170739,1.3124733711687434e+16,0.03382466556169455,2.6621988062134877e-08,31327916517559.56,894578453.32,4.176834914726472,1.0796972579627356e-15,0.0005078420983504406,4.1367535980150185e-10,470356013785.45703
584,96240,1.2522295,5700288936869239.0,0.00048153549493290586,3.416987813370725e-10,2192003506127.1887,17119769.8,4.176834914726472,2.1967825032528267e-16,4.915722259298349e-05,3.693049125537743e-11,223769182976.4451
585,28099,2.7659736,1.2115511987689968e+16,0.003964320979604332,2.652456251491631e-09,17364510764472.633,109810429.03,4.176834914726472,2.2830018267576166e-16,0.00020443919494765,1.3868504247788466e-10,895484149646.9598
586,40811,6.0419354,1.4460357133438744e+16,0.013051838645729468,9.796872858727467e-09,31237382654780.715,301144897.16,4.176834914726472,4.178275366400441e-16,0.00033678244295300353,2.6534284789190706e-10,806032186536.187
587,79025,2.2502434,1.1325461520006144e+16,0.003533486976626616,2.5075078395407866e-09,17784018735585.49,98171943.64,4.176834914726472,1.986888919294813e-16,0.00016960358230040922,1.219069357064358e-10,853613811287.4723
588,10199,66.23565,6.197285792837206e+16,4.111260096967829,4.389092112608206e-06,3846667737026396.0,11076489914.28,4.176834914726472,1.0687848231326504e-15,0.0016395111368393822,1.3836146704125605e-09,1533995525903.8115
589,5314,36.96368,1.533678594071939e+18,0.2773437367893588,2.6280708000019853e-07,1.1507408145340556e+16,8578367406.36,4.176834914726472,2.4101320930522272e-17,0.001180315596777693,1.1144765462329765e-09,48973066670504.51
590,20871,15.606164,1.6918488973448248e+16,0.05552434614237317,4.359291294338194e-08,60193397811766.19,2501393250.7,4.176834914726472,9.224324952714275e-16,0.0007627356050164178,6.280484859907148e-10,826874171200.9846
591,43962,12.928816,2.175731948987002e+16,0.03948826604049251,2.991640650970901e-08,66453016296618.36,1167656193.31,4.176834914726472,5.942283472014795e-16,0.0005704713149840049,4.510897041037836e-10,960020365353.8939
592,17777,41.39681,4.987400800076798e+16,0.21470217256854687,1.9153210174300575e-07,258668672114251.66,7943783867.12,4.176834914726472,8.300277370802554e-16,0.001399226403366904,1.2431626603197205e-09,1685758608849.493
593,48687,7.170224,2.7375930356581372e+16,0.012776064031624963,9.448962657174261e-09,48779039422058.39,382377339.91,4.176834914726472,2.6191708945066873e-16,0.0003076803526313874,2.2410837226988934e-10,1174724235355.166
594,37676,19.161896,3.549591105511891e+16,0.0406080844502743,3.091382431690301e-08,75223294905978.72,905314854.69,4.176834914726472,5.398338972126942e-16,0.0005830572042402948,4.684339973277143e-10,1080067789834.5658
595,16441,4.845913,1.0134220353765836e+16,0.006601835412842671,5.126749827309414e-09,13806367306437.873,187099926.93,4.176834914726472,4.781732418319953e-16,0.0002487693103022002,1.9276980587068008e-10,520249333377.80646
596,43298,5.56778,9649890484939922.0,0.005517965964976906,4.061441916008177e-09,9563554461859.66,148778383.64,4.176834914726472,5.769785686883538e-16,0.00020464713669818822,1.5187607483487664e-10,354687587726.894
597,5220,20.928213,1.9696673679499884e+16,0.18524844508961252,1.4124294220032379e-07,174347335463608.4,7599886216.47,4.176834914726472,1.0625252436294303e-15,0.00119214208378403,9.726918952066224e-10,1121989421834.203
598,13997,24.431332,1.669262954171261e+16,0.059609579889435646,4.4717289793349566e-08,40728055033244.664,2760259751.39,4.176834914726472,1.4635999642207014e-15,0.0007503593332002919,5.97262686370322e-10,512680617343.2938
599,116060,0.6437976,4634137493875295.0,8.409311401352694e-07,6.768853929816687e-13,6053129937.527185,1242353.8,4.176834914726472,1.3892501050106404e-16,6.954376733452515e-07,5.597742554055467e-13,5005849348.774569
600,35829,26.82033,4.946562335107174e+16,0.09483521883072452,7.391384582078709e-08,174907736597464.9,2115873693.64,4.176834914726472,5.4220139529322025e-16,0.000840314578199652,6.73167225785075e-10,1549820021664.115
601,48998,3.1043637,6577628955198307.0,0.011202604757260839,8.577643087976317e-09,23736451184827.73,411090300.76,4.176834914726472,4.719578621938864e-16,0.00032027986012156666,2.4889161723977686e-10,678619609455.7092
602,2761,11.966325,3.4022280332584856e+16,0.03422273078968404,2.669862380302918e-08,97300995976058.94,1010868428.29,4.176834914726472,3.5172025164166454e-16,0.0005204361979886214,4.104796479875634e-10,1479687892748.4846
603,8678,81.10906,5.732304177615068e+16,1.8455576811372902,1.6823917305592925e-06,1304329997858792.5,11748988113.59,4.176834914726472,1.4149468954689267e-15,0.0016439124561571962,1.3667968740541265e-09,1161819190120.4802
604,25714,22.592808,4.491222368139961e+16,0.08918027304909043,7.073771928317207e-08,177281388446670.38,3327281130.23,4.176834914726472,5.030436292860915e-16,0.0008869336595736686,7.398655463579894e-10,1763134662558.7634
605,21820,10.571805,1.4019010031173346e+16,0.028452893082908288,2.1754703029162636e-08,37730680195595.17,704352921.3,4.176834914726472,7.54104960085771e-16,0.0004829997235289691,3.8303776606739006e-10,640494028144.3491
606,104636,2.246264,2.0956896613683824e+16,0.004287002275284971,3.135969728157882e-09,39996306518634.695,99752051.58,4.176834914726472,1.0718495402288238e-16,0.00017418227295714028,1.3604073507612597e-10,1625062720276.5322
607,41376,8.837706,1.2441945723727632e+16,0.009497433745247499,6.603815487132769e-09,13370727106453.71,236942659.68,4.176834914726472,7.10315427847101e-16,0.00028380013557666097,2.0782524595000808e-10,399540998900.77344
608,73543,2.7744071,7915701774882224.0,0.0030583173271690797,2.4016065880815926e-09,8725730227126.85,123873558.59,4.176834914726472,3.5049414175804767e-16,0.00016874749030028864,1.3410120152636924e-10,481455950886.55725
609,30102,18.222557,1.8911930521379316e+16,0.06338818505586115,4.912547178325421e-08,65786209457475.2,1501188330.51,4.176834914726472,9.635482204949936e-16,0.0007103579403551774,5.59133608045295e-10,737231334400.9421
610,26663,50.652866,5.307468535655141e+16,0.11142234921551264,8.383478015112282e-08,116749684535148.03,2135503295.02,4.176834914726472,9.543695955937973e-16,0.0009208171776657546,7.236123683719485e-10,964843370867.0625
611,30078,30.348255,7.508098123032126e+16,0.09336953457002994,7.246309291494861e-08,230994377519770.06,3358660527.74,4.176834914726472,4.0420695764354154e-16,0.0009176009838042252,7.343445716664611e-10,2270126642929.8604
612,2584,23.8622,9955092807596356.0,0.13326350034710222,1.0647486695012597e-07,55596320281472.445,6431701445.93,4.176834914726472,2.3969841829893996e-15,0.0011661978900440607,1.014585385421845e-09,486527152878.26245
613,99391,2.1175625,1.2903054514692418e+16,0.00284273086717321,2.2116523351376264e-09,17321760916022.445,48418304.32,4.176834914726472,1.6411327237196272e-16,0.00014271485196645556,1.042363879973403e-10,869611883937.043
614,74503,3.2733924,1.1957921689379144e+16,0.007061964604043686,5.3409921580831705e-09,25797829709729.207,242573951.09,4.176834914726472,2.7374258546176803e-16,0.00023413728890850144,1.7550439408716287e-10,855319198923.8444
615,66054,1.9212505,8653861844219507.0,0.0017538416892691295,1.2616544048203895e-09,7899804671784.135,47163204.7,4.176834914726472,2.2201076635899054e-16,0.00011131670927321006,8.225785550980868e-11,501402301783.9206
616,95602,1.7239642,1.1230160026591386e+16,0.0023469891549332575,1.807585899497916e-09,15288637542806.846,62937424.5,4.176834914726472,1.5351198878002658e-16,0.0001756552465003335,1.2829911976102126e-10,1144244484722.5378
617,38173,3.138126,4631117013056032.0,0.006403737722322828,4.743821755786478e-09,9450372200796.887,199669976.14,4.176834914726472,6.776175145549129e-16,0.00023062787656560343,1.876983788074461e-10,340351114916.3394
618,67954,1.3980676,1.0678947456610122e+16,0.0023665938071496012,1.6931443778108405e-09,18076901945005.734,61915426.13,4.176834914726472,1.30918108332354e-16,0.00014658839047168514,1.2719293524140025e-10,1119695299137.3044
619,82732,1.2079384,8525223287167242.0,0.0015084132057691943,1.0375590658016225e-09,10645873488659.793,29271809.3,4.176834914726472,1.4168994280985845e-16,0.00010042891964360684,7.285746850102167e-11,708793564680.7194
620,35684,23.611221,4.8139744092417016e+16,0.07476076352746401,5.89735209899389e-08,152426002211652.72,3247889169.67,4.176834914726472,4.90472507595221e-16,0.0008170339738937075,6.597794685500822e-10,1665809930712.7573
621,75683,1.1507108,6177867287354185.0,0.0009070985868557903,6.004196697131687e-10,4869976614577.352,17179499.2,4.176834914726472,1.862634379271068e-16,9.46420631133679e-05,6.089271634875252e-11,508108645296.2689
622,133578,0.5948736,5151104527999749.0,0.00014216570387682697,9.755521715153424e-11,1231035300551.5708,4287115.1,4.176834914726472,1.1548466872812583e-16,2.106947549354185e-05,1.556564614693728e-11,182443918535.57324
623,38677,1.5649905,4160901296278804.5,0.0015183707764077237,1.1717998852070605e-09,4036951618419.8896,67292580.34,4.176834914726472,3.761181505073454e-16,0.00013926677196914486,1.1474564518727848e-10,370273999755.896
624,17816,58.317204,6.140546681941242e+16,0.18150289650579576,1.4568008863540343e-07,191114616692080.9,6957843022.16,4.176834914726472,9.497070378359845e-16,0.0012497111485706182,1.0304563960816941e-09,1315891215693.4492
625,8732,116.53924,7.978669897587934e+16,1.4394321445416016,1.2817886886959943e-06,985483852586864.4,17901259608.04,4.176834914726472,1.4606349365980347e-15,0.002059359624553598,1.7626198238895404e-09,1409907138980.2937
626,29766,26.686882,2.5114724618051296e+16,0.06450210617851616,4.895253293700499e-08,60702206947883.17,1613898795.41,4.176834914726472,1.062599029288926e-15,0.0007134123183260047,5.568992976859143e-10,671384312108.217
627,91960,0.99817204,4607815356589796.0,0.0009360881198742041,6.146039339555798e-10,4321220231612.205,20212920.8,4.176834914726472,2.1662587641939248e-16,7.536214056292602e-05,5.160752886132113e-11,347890758983.12006
628,65027,3.0166242,8529554381515785.0,0.0050343060588608785,3.934681097611566e-09,14234582916310.314,207864986.29,4.176834914726472,3.536672685430392e-16,0.00022307187503249027,1.6566337924619477e-10,630739383804.0281
629,13188,7.0213556,7412538948603365.0,0.010515695589792737,7.678063438969628e-09,11101560378311.463,252760011.07,4.176834914726472,9.472268069934296e-16,0.0002580165798563669,2.0119664113459418e-10,272391551792.47012
630,38496,14.48744,2.9658338003312868e+16,0.03334393743834892,2.5729472517692902e-08,68260905094887.055,1309574577.55,4.176834914726472,4.884778101315636e-16,0.000559149081693995,4.5035762424350725e-10,1144676523880.1682
631,121460,0.41970825,5835752757074391.0,0.0006714653096166657,4.939142909285321e-10,9336260442522.316,27334170.1,4.176834914726472,7.192015622855315e-17,7.341308372112847e-05,5.174453225085536e-11,1020758123603.4998
632,67631,1.2335092,4671202581185994.0,0.0010752108328328032,7.712779283091579e-10,4071739082000.955,21999373.45,4.176834914726472,2.640667319735079e-16,6.157106342736942e-05,4.404942087979331e-11,233164787427.84778
633,5940,1.921316,4154409211143500.5,0.002475391345007424,1.6155024969892032e-09,5352471225391.212,73713130.53,4.176834914726472,4.624763479838227e-16,0.00011704266067221597,7.723341613189098e-11,253078154553.12775
634,26763,34.031525,1.2502435677656846e+17,0.19546873770433723,1.5125210389994113e-07,718109259030047.5,7088912936.28,4.176834914726472,2.7219916084685704e-16,0.0012311409279495142,1.0140119117852193e-09,4522941672998.657
635,46161,21.469967,6.333450484215001e+16,0.07630219322679693,6.124602132006096e-08,225084725392881.88,2655555033.35,4.176834914726472,3.389932084179086e-16,0.0007892056887773367,6.602021886531128e-10,2328087021154.7397
636,24759,23.778742,4.699921434388655e+16,0.16109363381023975,1.2456342142867315e-07,318405163102531.94,6634007631.22,4.176834914726472,5.059391381739775e-16,0.0011787201231996365,9.732747141414114e-10,2329766634488.5728
637,16391,2.5091586,5351344739937799.0,0.0021692949673344686,1.742462874468677e-09,4626509146460.031,86082345.58,4.176834914726472,4.688837520172855e-16,0.0001276981258376915,1.1283121851888031e-10,272344958186.95773
638,93526,1.593986,1.2712477347583872e+16,0.0029747066743858993,2.4798072568566667e-09,23724104988272.984,90953484.25,4.176834914726472,1.253875193966778e-16,0.0001774682598875346,1.663823428073458e-10,1415358248902.695
639,19568,91.81963,1.942447613992633e+17,0.8544180560834763,6.727149287037573e-07,1807524506896371.0,14809075609.81,4.176834914726472,4.727006758821566e-16,0.0017129139980748235,1.4576709141596654e-09,3623675796270.386
640,87349,0.78056794,6043259734658054.0,0.00045133864815037936,2.8724244405140377e-10,3494323221963.4673,8959112.700000001,4.176834914726472,1.2916339430579959e-16,5.1512266770511305e-05,4.555070849235171e-11,398814749700.3208
641,111525,0.9991081,5699898743348045.0,0.001645410086678679,1.219177578625489e-09,9387043189172.422,43871082.61,4.176834914726472,1.75285236630912e-16,0.00012177452449043744,8.739837514834356e-11,694722081739.5536
642,1788,20.983185,5.927496586299986e+16,0.10877601993955345,8.746333404138685e-08,307279131772894.44,5686495554.15,4.176834914726472,3.5399742023466867e-16,0.0010469009688545694,8.973598488665557e-10,2957368921390.9175
643,24344,28.60286,4.701539014214705e+16,0.13037619539475354,1.071833277841951e-07,214303314134779.97,4752980272.74,4.176834914726472,6.0837227796093315e-16,0.0010877024534624927,9.399914726236752e-10,1787889574962.4211
644,45389,5.717486,1.0277966154088422e+16,0.018643151601350497,1.4089054729305989e-08,33513624898114.27,557862286.16,4.176834914726472,5.56285739248681e-16,0.0003966314788634608,3.049966212561109e-10,712999544800.7546
645,17143,9.662942,1.0459028316264598e+16,0.021459526528466458,1.6373088530275327e-08,23227480369318.375,761858057.33,4.176834914726472,9.238852508863923e-16,0.0004511605973434895,3.5881933269938437e-10,488329689115.2205
646,12797,39.280075,6.030829347689654e+16,0.26952669687043335,2.2764517174663861e-07,413815277458625.75,13682959974.59,4.176834914726472,6.513212816251843e-16,0.0013558480133070148,1.1688237081505564e-09,2081688487015.0217
647,11752,22.138878,1.3979314871443638e+16,0.05329542312125788,4.0735348077184546e-08,33652721742216.633,1605222960.22,4.176834914726472,1.5836883426400514e-15,0.0006750573438679567,5.399583480472736e-10,426256432968.7607
648,130690,0.8408111,8428118651637132.0,0.0011475690053300237,8.014471903157602e-10,11502997210506.193,22120966.34,4.176834914726472,9.976260832975762e-17,5.90054801194029e-05,3.793641981605321e-11,591458875296.8932
649,637,113.06603,2.8684083920778224e+16,1.9472830730442032,1.4861860440338172e-06,494012490619073.1,18204447128.21,4.176834914726472,3.9417689026525625e-15,0.00201602493951744,1.6448226933131728e-09,511451835281.5615
650,72059,2.380584,6771545521954223.0,0.005532423233694902,4.174404703199885e-09,15736918240936.768,121992274.41,4.176834914726472,3.515569661729128e-16,0.00020140232636631697,1.5629521575040629e-10,572886745948.4717
651,15761,34.22493,4.961019390988964e+16,0.18946594951975043,1.578342529260399e-07,274637303713877.0,5311800395.9,4.176834914726472,6.898769648464802e-16,0.0011053320208828726,9.14856204001212e-10,1602216159121.7131
652,37720,10.160061,1.6232219641071476e+16,0.03484570063729663,2.6196118387622086e-08,55671227396333.86,1205364651.42,4.176834914726472,6.259193890090403e-16,0.000535422155491572,4.3063004093430413e-10,855417111042.4553
653,33691,15.202061,2.7637310256540772e+16,0.049424042782702945,3.769419711061359e-08,89852790652406.02,2002239593.5,4.176834914726472,5.500557347617506e-16,0.0006170402958889477,4.870273644437868e-10,1121777770676.658
654,7828,15.150408,1.6805447476386408e+16,0.040863475880825895,3.097500772728615e-08,45327426008448.25,1081146974.11,4.176834914726472,9.015176787936216e-16,0.0005203807885141041,4.263918051204626e-10,577227491767.5035
655,9200,7.4105563,1.6739145503479236e+16,0.015989385790801516,1.1748132070979246e-08,36117215014409.92,460255030.65,4.176834914726472,4.4270815965245735e-16,0.0003623894550800845,2.763318749569526e-10,818574149084.0692
656,42066,2.2841916,7027980606961108.0,0.0013261315275277796,8.805992702170385e-10,4080229809856.995,60059478.2,4.176834914726472,3.2501393042228135e-16,9.005623426469734e-05,6.166734972681372e-11,277084228813.4845
657,40126,14.889496,2.6826788078908296e+16,0.034968475224048626,2.6796689724081372e-08,63003601618087.53,1201167697.17,4.176834914726472,5.550234324065947e-16,0.0005443463210168715,4.270965321813767e-10,980762773666.2811
658,23552,11.55655,1.0490425802582932e+16,0.05435477904621402,4.27999235607488e-08,49340398008064.484,1460529876.17,4.176834914726472,1.1016283054167896e-15,0.0006845497155823542,6.093337796281403e-10,621398081563.783
659,5115,4.182432,8741235654917907.0,0.008024544690248638,5.982402335916901e-09,16771207795101.883,249169448.84,4.176834914726472,4.784714844802201e-16,0.0002551330324632578,1.9257682150678855e-10,533225157065.35254
660,45295,9.836239,1.1466222781758534e+16,0.020622276030156064,1.528820696531005e-08,24039636616057.05,569027810.69,4.176834914726472,8.57844748634079e-16,0.0004301014250063852,3.345907591601051e-10,501374433650.4047
661,21872,38.233875,9.646283880354779e+16,0.18044031835512603,1.4512579075751187e-07,455245128649695.3,6430715825.8,4.176834914726472,3.9635859232658e-16,0.001200696641715083,1.0211609757112592e-09,3029319068541.267
662,26948,36.239334,7.833618424391306e+16,0.15285927244017838,1.249781919016412e-07,330425833136566.9,5456505062.02,4.176834914726472,4.626129591296234e-16,0.001156485061264009,1.0166189229527253e-09,2499897675672.254
663,38073,14.929802,2.271892808413502e+16,0.0162347031378305,1.2196862115928248e-08,24704617854654.22,458789130.71,4.176834914726472,6.571525709624352e-16,0.0003681178953945214,2.78311421674847e-10,560171125641.9387
664,90602,2.0318239,1.5854775637225738e+16,0.0035677460708738,2.6506090432590805e-09,27839919337644.26,90270705.61,4.176834914726472,1.2815216982506147e-16,0.00018361735147236753,1.3568064244390595e-10,1432807198840.4153
665,15181,55.09278,4.730281900508386e+16,0.09343601477228139,7.096476109650501e-08,80224430412289.38,2456386717.81,4.176834914726472,1.1646828066225592e-15,0.0008642058446077432,6.728857604357722e-10,742009618149.8865
666,1973,4.746713,9021968218595770.0,0.009463377324656555,7.418978821041557e-09,17986823611124.438,228923915.49,4.176834914726472,5.261283220014274e-16,0.000283886092130581,2.2268369258542572e-10,539575765567.3416
667,87185,2.2776911,1.2216962805922828e+16,0.0031027628933413603,2.1315939080151643e-09,16642440611700.549,101492334.34,4.176834914726472,1.8643677124856e-16,0.00015712228895420805,1.1046775634405097e-10,842764482038.4199
668,72040,0.95419794,4389856858889519.5,0.00022653334360329117,1.5612147435972506e-10,1042183084344.2023,7860036.9,4.176834914726472,2.1736424914806419e-16,3.0462442554319096e-05,2.3305739033732856e-11,140144677304.172
669,11153,37.422237,5.871292146048393e+16,1.6803844827851795,1.6203000555956804e-06,2636407924015396.0,12651061452.75,4.176834914726472,6.373765104702994e-16,0.0014555081534212266,1.2648752106677002e-09,2283592397133.1396
670,3057,66.67005,4.327218130826879e+16,0.5955522946843688,4.995493607949603e-07,386543086050445.9,11878772751.95,4.176834914726472,1.5407138716915146e-15,0.0018525713802439213,1.5196592821873333e-09,1202411047425.714
671,28883,9.585767,1.0957346179967124e+16,0.014262166929345343,1.0506372711350597e-08,16302868651127.828,625839896.86,4.176834914726472,8.748256049010547e-16,0.00035213639050726256,2.700026925820953e-10,402521815244.6398
672,33112,14.828172,1.9599048964535524e+16,0.0415733522370345,3.1826425495151906e-08,54949333344226.22,1884959402.54,4.176834914726472,7.565760985051659e-16,0.000637965965685973,5.376500037339817e-10,843227755868.1256
673,24291,19.353275,2.372064468574958e+16,0.03430837580668199,2.5484310846937773e-08,42050598271117.97,707663876.33,4.176834914726472,8.158831792470918e-16,0.0005107903820428664,3.871239084582972e-10,626058233623.8759
674,48128,1.418867,7335601034055330.0,0.002329297640679365,1.7988468258458373e-09,12042565075930.436,64509332.980000004,4.176834914726472,1.934220513647005e-16,0.0001428322422717592,1.0673531389357918e-10,738448596031.311
675,57795,3.0958006,1.0228983903191486e+16,0.0035337890200622993,2.639308126118825e-09,11676162542087.521,133452559.61,4.176834914726472,3.0264986525534537e-16,0.00016966696976044955,1.30193556540713e-10,560604808521.2319
676,51337,7.6730967,2.0482372309037024e+16,0.009258354631738214,7.081356165489233e-09,24714020160381.848,230605935.07,4.176834914726472,3.7461953060068903e-16,0.00029231224581033864,2.3617235698022646e-10,780290993749.382
677,23186,22.074675,1.7467582306265278e+16,0.04551179757176718,3.448333414486403e-08,36013262709006.02,1311977267.11,4.176834914726472,1.2637510224916614e-15,0.0005899340035328112,4.700997323965276e-10,466811890185.1996
678,12738,44.87554,5.041271163679264e+16,0.719672523917715,6.747512870356235e-07,808472575955331.5,9456381288.71,4.176834914726472,8.901631858907694e-16,0.0015046532698179795,1.3184091176886808e-09,1690311724487.1248
679,11356,44.00429,3.762812558279465e+16,0.28441537989256793,2.2048689564170694e-07,243203961074608.75,8714808328.66,4.176834914726472,1.1694520871940757e-15,0.0015097968066251552,1.225048460201378e-09,1291029212019.866
680,117933,1.5128647,9533107337552458.0,0.0007437437224546438,5.829803387023872e-10,4686598039990.585,21309175.01,4.176834914726472,1.5869586341911626e-16,8.531368264389752e-05,6.642077804341553e-11,537592353107.42676
681,50687,2.0578299,8143815992115650.0,0.004033897496204719,2.9915271763920493e-09,15964059488175.998,155682830.9,4.176834914726472,2.526861979681597e-16,0.00019357211658397716,1.4908744431830652e-10,766057339658.7677
682,49161,4.8035855,9875547027532334.0,0.00708420359472439,5.202633632902478e-09,14564201210182.338,192987636.14,4.176834914726472,4.864120930828378e-16,0.00023166314630707437,1.7151823801217377e-10,476269298402.54047
683,28561,2.9667478,8421428390235621.0,0.0016850076288422832,1.0823896250180463e-09,4783072926959.282,49711474.75,4.176834914726472,3.522855817951085e-16,0.0001551488420676797,9.825093550721022e-11,440406448873.3894
684,14466,38.24731,5.153438206015785e+16,0.16387322991468498,1.3012319314249142e-07,220802603891762.94,10653966262.72,4.176834914726472,7.42170730898696e-16,0.0010959327346807897,9.494841211908008e-10,1476658522162.0403
685,8250,73.33039,3.768556530190679e+16,0.2562900275106108,1.9751962018999863e-07,131711212336094.38,6715297819.69,4.176834914726472,1.9458482156904164e-15,0.001444556353823412,1.1716925931509957e-09,742378743714.5305
686,46178,6.0608745,7675704365199156.0,0.017011372612817915,1.3005523177552758e-08,21543799829914.95,603774319.31,4.176834914726472,7.896180222207845e-16,0.0003915608045197095,3.068792486911486e-10,495886357074.8458
687,16946,62.262886,8.983674728336904e+16,0.08200383919303751,6.290693297467553e-08,118320216924267.6,2532662965.43,4.176834914726472,6.930670119166967e-16,0.0008492535908820243,6.757807910264824e-10,1225355667316.1938
688,14806,39.096786,3.1433061986674636e+16,0.12305857394623745,9.297480143215365e-08,98936720344323.61,3766672052.42,4.176834914726472,1.2438109280150382e-15,0.0009921121966168683,7.818087036124554e-10,797639073810.1581
689,75961,0.7288817,4556715691941608.0,0.00045978388845555404,3.8325287853995746e-10,2874409467856.516,7389910.76,4.176834914726472,1.5995768647339613e-16,7.694285075905127e-05,6.667662850576821e-11,481020027579.90796
690,24674,29.997843,5.025886867537877e+16,0.1234599921118248,9.945219178471016e-08,206846856629375.03,6352024678.44,4.176834914726472,5.968666583753723e-16,0.0010981914002367653,9.491821254126592e-10,1839927536287.5227
691,35928,6.751472,1.0324901779521898e+16,0.01488503380567474,1.148334073852072e-08,22763408043231.867,411799598.13,4.176834914726472,6.539018137093244e-16,0.00035232842539220687,2.881349284356994e-10,538809371690.8172
692,48730,5.0438213,1.5630828536559054e+16,0.017510685535062614,1.3193861168831743e-08,54265705875854.195,478114413.78,4.176834914726472,3.2268419349639535e-16,0.0003688643223636589,2.7568966049876803e-10,1143112460411.7908
693,139103,0.7588089,5507349801058454.0,2.0891414668273218e-07,1.9133417165673932e-13,1516275420.8226101,1091881.0,4.176834914726472,1.3778113383213192e-16,3.815281742224924e-07,3.494228530604456e-13,2769088652.4952974
694,27755,5.5070868,9023979453645808.0,0.013884323640867943,1.0168113927987079e-08,22751021694984.19,524032730.86,4.176834914726472,6.102725331200819e-16,0.00034463546295277343,2.6330837993307593e-10,564723863928.1187
695,29854,49.912125,2.0141065798908963e+17,0.2733430592944098,2.2187861073395893e-07,1103022670928913.8,8221865746.78,4.176834914726472,2.4781272996339516e-16,0.0013018545480832676,1.050528912705262e-09,5253380438832.044
696,35460,1.3142294,6771203255096222.0,0.002505042479060938,1.8766418052633784e-09,12906538073468.553,54826848.06,4.176834914726472,1.9409096884085845e-16,0.00014368447032115484,1.1841856881745865e-10,740294466967.0151
697,60790,1.0091008,4749259791850234.0,0.0009374632952814984,7.439891101620004e-10,4412103067023.477,26607041.66,4.176834914726472,2.1247538442340522e-16,8.740503217352138e-05,7.693725080853026e-11,411365450217.7396
698,44543,3.410752,6798757234356126.0,0.007174453355876137,5.7203594304176055e-09,14301059313551.227,182399949.35,4.176834914726472,5.016728620290284e-16,0.0002629548245800915,2.1849173467745753e-10,524155967928.1119
699,11954,30.542933,2.5904358916130348e+16,2.705819641678671,2.569907039209593e-06,2294885142836790.0,18840221597.08,4.176834914726472,1.1790653881413474e-15,0.0018916370592317706,1.6853906892509223e-09,1604352971647.913
700,7465,79.17971,5.864074493780116e+16,3.128171930948175,2.9117459274156347e-06,2316734076499154.5,21040482662.91,4.176834914726472,1.3502507528508383e-15,0.001961558397449306,1.6366551907815915e-09,1452736384932.791
701,37009,5.776674,1.0188215842590686e+16,0.014814433576031058,1.1331094005347297e-08,26127949553380.895,609590625.46,4.176834914726472,5.669956437172509e-16,0.0003543232778735531,2.8302227081147457e-10,624913580553.4458
702,52222,7.1499176,2.0730460719344864e+16,0.020692661732688456,1.570330440144084e-08,59996273415540.99,578747707.26,4.176834914726472,3.448991171396386e-16,0.0003910542907247958,3.094320355866894e-10,1133822243350.2793
703,12927,5.1675353,6456769369529520.0,0.007487611987092501,5.458002070376035e-09,9355675563393.041,251670384.48,4.176834914726472,8.00328307278e-16,0.00024249132545893433,1.8950667524078323e-10,302989814622.04254
704,12243,88.255005,6.1908520005713e+16,0.2880334323434329,2.2823051276802095e-07,202047730987580.8,8383402329.43,4.176834914726472,1.4255712298057797e-15,0.0016550548676640612,1.357647639499501e-09,1160976619800.0127
705,6556,4.5021396,4371544028513072.5,0.012057767898485273,9.478658424978547e-09,11708002846873.055,333452781.62,4.176834914726472,1.0298740149098641e-15,0.0003474831679103152,2.868527185799439e-10,337403568669.2487
706,108759,1.2035971,6467092449378252.0,0.0010813400843863433,8.683970371997918e-10,5810188720914.135,15732674.66,4.176834914726472,1.8611100883762908e-16,9.359722113038335e-05,7.89691323927179e-11,502910718258.70026
707,53046,4.886205,1.024901634261722e+16,0.012420350415730783,9.859921162892244e-09,26052196825932.88,339276701.8,4.176834914726472,4.767486787665951e-16,0.0003257719626271197,2.5873495463868274e-10,683320116313.5471
708,54132,4.9271274,1.5525915358790674e+16,0.008832355309165915,6.5454901010204124e-09,27831714063020.867,235524801.66,4.176834914726472,3.1734859337683376e-16,0.0002782459012100912,2.030349120981559e-10,876783155864.4714
709,11286,22.475252,1.4586246860887074e+16,0.07542090314859289,5.7249147895894985e-08,48947522893021.664,2324485105.77,4.176834914726472,1.540852298356971e-15,0.0007660692309459844,5.986618441289058e-10,497172397226.42664
710,75535,0.85571814,6470748970064559.0,0.000536292809686813,3.339071123475039e-10,4055326145048.1504,19292595.3,4.176834914726472,1.3224406385702559e-16,9.865832670493503e-05,7.248630175553066e-11,746032175868.3894
711,14948,57.070927,5.117597341728316e+16,2.200141346125497,2.280205072799395e-06,1972884986493806.8,6565224304.63,4.176834914726472,1.115189867218549e-15,0.0013317775635168548,1.1707328318393409e-09,1194215983004.3186
712,2760,128.6256,7.282413346611842e+16,8.251362935667045,7.624947320980648e-06,4671685540859670.0,27476988316.21,4.176834914726472,1.7662496466208324e-15,0.0021664244350362368,1.7993131708166859e-09,1226567512231.9282
713,21094,7.937287,1.4873729395166602e+16,0.02164781754360762,1.6237588524792372e-08,40565974260419.195,602656922.72,4.176834914726472,5.336447093476985e-16,0.0004096578347354927,3.2266112216280405e-10,767660257020.5159
714,31704,13.419403,2.00283004315001e+16,0.03650179213809663,2.8464452144091406e-08,54478493508986.03,1254154757.57,4.176834914726472,6.700220543373835e-16,0.0005729074080024385,4.636819198656128e-10,855057537723.9093
715,62301,2.433071,8546746494918119.0,0.003039970633909371,2.217389420126439e-09,10678627282154.5,75271084.46,4.176834914726472,2.846780352554858e-16,0.0001224346309160842,9.114017185524523e-11,430081059138.2809
716,80974,1.6215092,7059517004536480.0,0.0016704712692525408,1.4207384115281665e-09,7272681728156.676,54890521.93,4.176834914726472,2.296912379356846e-16,0.00011425290912191205,9.744386427286174e-11,497419536542.8079
717,10263,38.88697,3.531097865726098e+16,0.25088178185122567,2.0770231189891039e-07,227811044276379.34,7917791041.36,4.176834914726472,1.1012713744767221e-15,0.001369395823161471,1.1666069110916793e-09,1243468099597.2954
718,98259,1.2295849,6136137337973967.0,0.0005438737055066075,4.1249149798252515e-10,2714154794436.197,21656678.04,4.176834914726472,2.003841883379333e-16,5.6279294545182394e-05,4.6041568280747534e-11,280856962877.08826
719,6065,19.420053,6.428634969158728e+16,0.13937920898346554,1.0767037534474242e-07,461388059468627.06,6147119097.07,4.176834914726472,3.0208672748052095e-16,0.0010628113363958388,8.691408777796485e-10,3518232479989.9414
720,35528,3.899874,1.0771308949300848e+16,0.009385152976314022,7.018833957058543e-09,25921448294054.812,255761971.88,4.176834914726472,3.6206128877708364e-16,0.00025921127410895116,2.0404290101342983e-10,715932031796.2634
721,48983,3.5144436,6191949182718596.0,0.0069447413794566735,5.347856798051805e-09,12235645411614.732,197791051.92,4.176834914726472,5.675827588844926e-16,0.0002398510024482535,1.8877667863407204e-10,422583312642.63257
722,52739,6.7430644,1.6282595109275476e+16,0.010084877208505373,7.102373680477425e-09,24352128731390.035,315718768.24,4.176834914726472,4.141271311327255e-16,0.00026834010603859175,1.9652020746501704e-10,647965530064.7042
723,37645,14.435761,2.5500440686561436e+16,0.02721120897614543,2.0822988101532122e-08,48067976499875.875,669319615.01,4.176834914726472,5.660984912942132e-16,0.0004747382954114502,3.7749494640307855e-10,838614309545.5076
724,9198,13.932279,1.1228472878539616e+16,0.03995812144773172,3.0535894560483384e-08,32203538484496.883,1349210449.2,4.176834914726472,1.2407990962535987e-15,0.0005796672285649158,4.629862824880228e-10,467172510292.06213
725,5939,20.518364,3.14549509981303e+16,0.06191412796880988,4.943467392651223e-08,94915260366317.88,2013228684.1,4.176834914726472,6.523095204064893e-16,0.0007512899560459032,6.281014050104876e-10,1151738450142.0947
726,29560,17.39928,2.465372972632579e+16,0.05356396446048292,4.135482528839975e-08,75896905094881.28,2189798185.6,4.176834914726472,7.057463594005685e-16,0.0006753552002072216,5.542100286552461e-10,956937561506.9982
727,2463,119.47753,3.5861362637951824e+16,2.356031839745066,2.059975335410111e-06,707166545807053.5,31054590229.44,4.176834914726472,3.331650590252747e-15,0.0026843014840449587,2.360829522066081e-09,805697179619.7035
728,54305,5.4977984,1.5531180963652888e+16,0.013834168663005825,1.0893567521726954e-08,39081276058947.414,491381766.1,4.176834914726472,3.539845690335021e-16,0.0003453526105735873,2.7534421789442487e-10,975614873598.917
729,72638,4.6428595,1.4413546383830304e+16,0.0067317926817888184,4.85395857478988e-09,20898544542494.24,160499262.91,4.176834914726472,3.221177756231143e-16,0.00025647563102130654,1.9483354516873064e-10,796216944330.9125
730,16611,45.528557,6.2685742411270696e+16,1.3222056866983536,1.2240304998507021e-06,1820471601836409.5,19769695197.52,4.176834914726472,7.262984412196116e-16,0.0022199599543612386,1.9643959345233328e-09,3056539610126.999
731,15219,9.967319,1.641477678966678e+16,0.020940579072188877,1.632661312082405e-08,34486197473598.258,620162958.89,4.176834914726472,6.072162374010775e-16,0.0004262887414808289,3.516405745473025e-10,702037783616.2135
732,9279,19.114214,3.0972641424253108e+16,0.058805987426246986,4.636348509800141e-08,95289126832643.23,2641795784.17,4.176834914726472,6.171321889592738e-16,0.0007150947292270834,5.674763564148011e-10,1158738341672.0051
733,18145,6.6595984,9618319925278460.0,0.015099271994470923,1.19703725487485e-08,21807565555547.42,379230610.47,4.176834914726472,6.923868671177724e-16,0.00035497280788392583,2.794655735930185e-10,512679868353.92456
734,1043,29.804407,3.895277203608645e+16,0.11915112107469948,9.570314647692773e-08,155724167136319.94,4205605887.6,4.176834914726472,7.651421308960692e-16,0.0009921707030224164,8.246917440149308e-10,1296714248188.7263
735,4970,259.72516,1.100303175490205e+17,4.256494003084509,3.874092061756138e-06,1803226867989569.8,37665465741.65,4.176834914726472,2.3604872346595544e-15,0.0035274241481247732,3.0989752992707887e-09,1494362730003.7158
736,71218,5.5245657,1.7672633175873396e+16,0.016000129161703586,1.1927480531682176e-08,51183102672013.15,404127493.13,4.176834914726472,3.1260569067557595e-16,0.00034379132427578507,2.634130407753716e-10,1099760287577.662
737,6179,120.16224,5.697640168614401e+16,5.016945563007038,4.649377495783824e-06,2378846346700984.5,17673414709.24,4.176834914726472,2.1089826040948816e-15,0.0019164383915977834,1.6427011737155549e-09,908702797205.0376
738,81547,0.9581336,5048110054976299.0,0.00020620338406393036,1.3925789442939168e-10,1086421952495.2118,10172363.1,4.176834914726472,1.8980045790711244e-16,7.514448080303708e-05,5.5657765172216e-11,395913063812.58826
739,89284,1.1828365,6702798884328691.0,0.00154322475778797,1.1113599865389615e-09,8745016901972.182,48022937.2,4.176834914726472,1.764690423228274e-16,0.00011205399374954358,8.565592648799435e-11,634978193764.7467
740,4510,104.47447,5.9507486664806456e+16,3.7098048919659368,3.124656797960745e-06,2113063269310643.5,34376435727.98,4.176834914726472,1.7556525381164792e-15,0.002525977547782159,2.1763201673138674e-09,1438768488035.8555
741,157898,0.29127827,4886840515837810.0,9.798261899463509e-05,6.984573827968449e-11,1643876257404.5847,1402843.2,4.176834914726472,5.96046196015592e-17,9.583501534792644e-06,6.831484470105172e-12,160784543192.38617
742,63486,0.44661763,3181381745112063.5,0.00015297448162258117,1.1810318947791628e-10,1089679830377.6333,2535354.7,4.176834914726472,1.403847968531887e-16,1.3752239373345723e-05,1.0616501589770207e-11,97961030550.3915
743,85216,1.9072362,5780414529250916.0,0.002524511691694439,1.7230840456371927e-09,7651241132028.818,91922510.0,4.176834914726472,3.299479977341969e-16,0.00015395067062000135,1.0771288658743884e-10,466590710285.2692
744,91249,1.5985832,8327287638501411.0,0.0011229878102687924,8.174955567936336e-10,5849831595026.823,22573305.1,4.176834914726472,1.9196925450358083e-16,0.00010556504055989547,7.869612756811553e-11,549905977563.3308
745,25374,23.508583,3.681100031929773e+16,0.11196009061796121,8.743259943963646e-08,175313115702735.97,5859098669.18,4.176834914726472,6.386292900515368e-16,0.0009389421254688836,7.580879996409853e-10,1470245947211.5847
746,13643,14.709571,1.5014245577688956e+16,0.06985109061385136,5.429158483820495e-08,71297893619451.47,3100157312.67,4.176834914726472,9.79707633253202e-16,0.0007616013026059327,6.14651909516212e-10,777376103600.3887
747,31379,29.850403,7.974066422784027e+16,0.07052448448577815,5.634430975584701e-08,188395085896226.12,2589173796.33,4.176834914726472,3.7434354590663383e-16,0.0007679877834610401,6.593744211888737e-10,2051558766963.7192
748,82619,1.538501,6294676553652304.0,0.00020125099451192454,1.582209276569645e-10,823405325413.1262,37266047.46,4.176834914726472,2.444130348694929e-16,6.814788310398181e-05,4.478800067469083e-11,278822621470.9463
749,78538,2.7275157,1.1348138143763964e+16,0.005838057712187358,4.321208257254546e-09,24289900662778.492,164236527.61,4.176834914726472,2.403491802308404e-16,0.0001894529425589706,1.5315709595190658e-10,788240435756.8969
750,72211,5.589864,2.7117022393067588e+16,0.014274647129777216,1.1337331356706309e-08,69247825326574.44,304973597.07,4.176834914726472,2.0613856193256078e-16,0.0003318535601332481,2.697656645175113e-10,1609856773143.7634
751,167275,0.3852212,7056831286099094.0,1.9333206485891112e-05,1.510481808775117e-11,354163209060.795,1279936.4,4.176834914726472,5.4588410064277483e-17,3.777293748118551e-05,2.951157376349756e-11,691958923821.158
752,25326,29.450556,8.512773001855706e+16,1.5552276789470802,1.601261727659233e-06,4495433022412010.5,7181209017.94,4.176834914726472,3.4595725733060253e-16,0.0012615725463662364,1.0916637558643349e-09,3646613908609.689
753,34160,36.877796,8.46263230842595e+16,0.08683873883133529,6.939730449054365e-08,199275552383071.2,3473821678.95,4.176834914726472,4.3577216468783653e-16,0.0008848936770670167,7.457154374353212e-10,2030633777861.664
754,50280,4.8468337,1.3307662649696692e+16,0.008514092415878076,6.466651556668405e-09,23376636511965.85,274455534.25,4.176834914726472,3.6421374869391275e-16,0.00027812359301590105,2.2333673239436516e-10,763627386426.9678
755,45410,5.225007,7738776907045803.0,0.007479319971846758,5.895219733506304e-09,11077648064114.395,219863750.72,4.176834914726472,6.751721961700264e-16,0.00025361392942810514,2.1347700813362738e-10,375628515016.9874
756,47699,3.2919345,5919932145873946.0,0.0037108139796959722,2.8177531801066565e-09,6673209010009.348,109179545.06,4.176834914726472,5.560763905536318e-16,0.0001910378085858052,1.4362709191095323e-10,343545980068.6867
757,27228,5.324746,7071789573976027.0,0.013718242382924163,1.0623768659851979e-08,18219183310685.457,330186328.13,4.176834914726472,7.529559447858722e-16,0.0003408424633928969,2.6993510499036636e-10,452672517898.5427
758,31154,30.838745,7.797284115424317e+16,0.09561940375690421,7.619010911815216e-08,241764591276348.44,3494228877.69,4.176834914726472,3.9550623708831985e-16,0.0009147806264059242,7.699230537345745e-10,2312936031402.322
759,46628,2.584444,8828537118048122.0,0.005537113987987237,4.477846453530628e-09,18914945098368.85,147937250.59,4.176834914726472,2.927375130718585e-16,0.0002108331907586013,1.752910539104599e-10,720212413319.3955
760,45139,14.679501,3.5925446575247644e+16,0.029046327893937834,2.2230499586656424e-08,71085679340243.86,668602110.38,4.176834914726472,4.086101189933172e-16,0.0004801797517187839,3.785116005538631e-10,1175153843232.74
761,5313,200.70413,1.3107675752393683e+17,2.1713963969307994,1.936354241927494e-06,1418105342470274.5,39059413214.15,4.176834914726472,1.5311954139798433e-15,0.003052756842460719,2.7290673051530307e-09,1993708193342.921
762,31883,6.344912,7129895962991470.0,0.020245877962203878,1.5234187820604235e-08,22750670702751.34,782861181.73,4.176834914726472,8.89902466029516e-16,0.00045214317123519823,3.586424818175165e-10,508081715126.0728
763,6918,9.510213,1.4781731119949732e+16,0.0306166200300479,2.3247290578232358e-08,47587435222096.01,882559738.02,4.176834914726472,6.433761325265089e-16,0.0004933565597562983,3.9068162836725105e-10,766824466768.6217
764,37388,41.558002,8.319264665586802e+16,0.1215432626795487,9.754216300757177e-08,243310679505262.2,4079574281.01,4.176834914726472,4.995393664046712e-16,0.0010027327542951217,8.589852134343048e-10,2007314781840.0747
765,37908,10.246356,1.643591144201358e+16,0.02545974385152229,1.9470183778464982e-08,40839308655679.16,843707151.85,4.176834914726472,6.23412704318192e-16,0.00045821740366391926,4.131244214373848e-10,735014542517.317
766,7329,85.7702,4.054679514290948e+16,0.42539054804685933,3.433586312914334e-07,201098090098728.9,9250265283.75,4.176834914726472,2.115338578491791e-15,0.0015224770872162366,1.2476723951996526e-09,719732104683.5646
767,14637,24.968039,1.5625609303425506e+16,0.12146446931158232,9.574153419897674e-08,76015434840946.16,5273789628.33,4.176834914726472,1.5978921855243373e-15,0.0010876407492541303,8.984399421725043e-10,680672174948.5422
768,27200,37.228165,5.213025114584598e+16,0.1293757994003383,1.0052744561282998e-07,181163721470940.78,3219408656.78,4.176834914726472,7.141374572672961e-16,0.0010147513422273289,8.067627064781624e-10,1420946810590.717
769,33975,10.685148,1.0379857324768594e+16,0.020873935577146105,1.6214752936352357e-08,20277535987071.75,806580696.25,4.176834914726472,1.029411837338353e-15,0.0004323438676942766,3.5277967957997394e-10,419991156126.73035
770,7531,46.499542,2.1749063527720544e+16,0.6270630828716032,5.634290022409586e-07,293293960298851.75,16630369038.34,4.176834914726472,2.1380020312476175e-15,0.001803181772072975,1.6040379139422572e-09,843395724474.9387
771,42298,2.605385,6200604124353102.0,0.002560984882842736,1.963310091910897e-09,6094935461346.64,63005372.18,4.176834914726472,4.201824447665114e-16,0.00013125492021914372,1.3282644655729094e-10,312376021068.8478
772,75279,2.298136,1.2858322528742166e+16,0.005334964286025531,4.05473928656604e-09,29849709272661.387,164361833.19,4.176834914726472,1.78727512462297e-16,0.00023589443651112087,1.8095514045031144e-10,1319855198907.238
773,113304,1.154119,9208783385661520.0,0.0014980518067497367,1.0628145531990428e-09,11953043480661.18,46612800.85,4.176834914726472,1.2532806470364084e-16,0.00011667446963907728,8.448175990963187e-11,930952455980.0198
774,9433,43.119858,3.594889883711153e+16,0.2017144770571314,1.5608514559889476e-07,168168766458082.28,13385720364.24,4.176834914726472,1.1994764622799961e-15,0.0015567349867720939,1.342469639097965e-09,1297845381486.6958
775,4177,109.40067,7.151657472095574e+16,0.905292358165215,7.559871971015977e-07,591800841594780.2,34866918728.55,4.176834914726472,1.5297246886733725e-15,0.0030391750285287187,2.725908026556488e-09,1986746406743.55
776,35954,15.384035,2.473424933275568e+16,0.03435452231828897,2.6624004772001887e-08,55234749578265.98,1115656488.88,4.176834914726472,6.21972989478474e-16,0.0005435675556930385,4.3797318399826345e-10,873940773776.7219
777,17716,19.446955,1.2836317292899278e+16,0.05902713493838231,4.4784462524584055e-08,38961936866715.43,1734358479.58,4.176834914726472,1.5149948818075382e-15,0.0007203436609761752,5.676267187275934e-10,475475970002.4426
778,27850,31.678146,5.043740857737121e+16,0.1299589332368804,1.0372387239128128e-07,206918416688522.22,4210506514.19,4.176834914726472,6.28068469287148e-16,0.0010016818021816604,8.40686370601083e-10,1594860833116.7463
779,7235,29.6154,1.7854993851418814e+16,1.611056289996271,1.519277532372559e-06,971298721346766.4,12534857434.04,4.176834914726472,1.6586620105526762e-15,0.0013906866927234534,1.1978908649770583e-09,838438864503.8468
780,32127,21.116892,2.869446874095269e+16,0.07738665284892894,6.067506550736898e-08,105156047165489.55,1841133135.91,4.176834914726472,7.359220409563469e-16,0.000801273796464299,6.461937862831396e-10,1088802552269.0231
781,1970,173.52081,5.971254271447795e+16,1.2314016587163898,1.096454273813628e-06,423753924066983.25,21799745937.93,4.176834914726472,2.9059357065015423e-15,0.0025387739562467097,2.26270832731381e-09,873651110231.596
782,15618,86.62792,1.6758376359641514e+17,0.1912863546105018,1.539919160462775e-07,370047984879082.5,6775265539.79,4.176834914726472,5.169231084260785e-16,0.0012617938294965227,1.0620840818188216e-09,2440970057110.4624
783,40442,4.36216,8344814940357370.0,0.006587933323980988,5.2029687692753674e-09,12602720768618.008,227801283.21,4.176834914726472,5.227389739829496e-16,0.00024057102803036888,1.957014137598717e-10,460212534369.4302
784,18838,19.045193,3.2231948789932744e+16,0.2150424454831331,1.7830687852889837e-07,363936300906703.8,6875042181.16,4.176834914726472,5.90879351544159e-16,0.0010490380177965916,8.788588291782236e-10,1775384458866.4602
785,24425,10.216871,1.3629825396648164e+16,0.015456324308297041,1.1475828139022233e-08,20619522512915.88,535579192.64,4.176834914726472,7.495966164403342e-16,0.00036020608524128453,2.7760754516861535e-10,480533232596.2492
786,9379,152.10416,1.1908326058599104e+17,1.7737737562736917,1.5917455610331556e-06,1388698129222318.2,28681872191.91,4.176834914726472,1.277292536763925e-15,0.0026323257135285744,2.3576051695713694e-09,2060863614061.101
787,71832,2.0851068,4776613765312870.0,0.00128704669380222,8.818321985825606e-10,2948398112852.5894,42443519.85,4.176834914726472,4.3652405290579843e-16,8.043917535408979e-05,6.334505898398347e-11,184272034538.8356
788,35984,7.352621,1.388474198275953e+16,0.019217766879645725,1.506155591134079e-08,36290968160701.14,534601494.71,4.176834914726472,5.295468226294472e-16,0.00040386736192702874,3.6066442090617596e-10,762666009252.2861
789,10836,29.307089,2.2494542927320508e+16,0.1270185405562202,1.0206884320560534e-07,97492590038795.6,4736037586.87,4.176834914726472,1.3028532784458309e-15,0.0009514138423072219,7.633199051285777e-10,730254018658.3098
790,18441,28.880228,3.636933996151132e+16,0.09675568866008147,7.691100953991724e-08,121846009459781.56,3468909206.0,4.176834914726472,7.940817191228424e-16,0.0009762852350449809,8.114986194807667e-10,1229451845489.4087
791,55581,2.7023158,8690257790341076.0,0.00489862136068367,4.047798527467674e-09,15753259645527.908,158879801.98,4.176834914726472,3.10959221831547e-16,0.00023385280410046565,1.9254252223565472e-10,752036883560.0847
792,17312,30.90648,3.045483702214071e+16,0.18302569940037958,1.4955070035508498e-07,180351105855531.84,5198153790.74,4.176834914726472,1.0148299259500532e-15,0.0012627349375187158,1.06768941661224e-09,1244282322810.4763
793,51504,1.5501791,6095371432137190.0,0.0014947964733382985,1.0554221745051193e-09,5877604542885.196,54337780.44,4.176834914726472,2.543206951797634e-16,9.882443700014022e-05,6.582639713400812e-11,388581971004.3157
794,54087,7.5276318,1.783095562987841e+16,0.013632881615476015,1.0121516520692278e-08,32292667023503.715,370697407.4,4.176834914726472,4.221664814972865e-16,0.00033103710028066903,2.6003071739927807e-10,784138757550.312
795,62099,2.8860965,8858410531830905.0,0.0029703757639460236,2.140435139363436e-09,9117092221564.568,64566898.14,4.176834914726472,3.2580297443084134e-16,0.00015688612097083555,1.1561728744100786e-10,481536797645.5905
796,32740,18.272331,6.097858194768061e+16,0.11411016693723977,8.974237104393947e-08,380809441644089.6,4964247626.58,4.176834914726472,2.9965162219871874e-16,0.0009832340275219066,8.080487911015155e-10,3281257148909.607
797,30253,12.031867,2.191497680068816e+16,0.0375862767563063,2.9413420617013324e-08,68460063856980.56,1472432642.91,4.176834914726472,5.490248568103519e-16,0.0005974675264446687,4.828430632514426e-10,1088234018976.3945
798,6379,34.14393,2.2052581761729704e+16,0.23636723876614468,1.8581543142624278e-07,152662797126303.06,10974917055.0,4.176834914726472,1.5482962661203576e-15,0.0013975560025048241,1.1675537227294576e-09,902641201872.0094
799,130871,0.7387608,6667251600077158.0,0.0013597459127686522,1.0347044594355613e-09,12271587924812.973,31001321.13,4.176834914726472,1.1080439802083524e-16,0.00010587125024070473,8.548271056949308e-11,955478772790.2019
800,15300,16.12774,1.9881797584451804e+16,0.05326063122490632,3.986227773441582e-08,65658120061069.98,1628483919.83,4.176834914726472,8.111811787387074e-16,0.0006499016837519943,5.088222954374832e-10,801179441518.2511
801,26250,44.382393,6.0898245992913384e+16,0.13536753508110677,1.0759833292519381e-07,185741346817950.34,3715841327.69,4.176834914726472,7.287959164729424e-16,0.0010777774047230236,8.784150067972277e-10,1478846657016.1382
802,55349,7.014704,2.1450551155465228e+16,0.006581255228476966,4.861959245565235e-09,20125090373823.062,158097899.8,4.176834914726472,3.2701742482792923e-16,0.0002615804798644573,1.9638840098513268e-10,799897681299.6931
803,59758,1.434422,6138841564374915.0,0.001035398910626232,7.003405269276629e-10,4431157545172.077,21447242.04,4.176834914726472,2.336633035659814e-16,6.971315795521133e-05,4.2447214261701386e-11,298348764616.8876
804,428,14.227674,1.2872041998770056e+16,0.17714336562794578,1.3512293772783412e-07,160264906418744.06,7579406755.18,4.176834914726472,1.1053160020266775e-15,0.0012341281361125027,1.0158538013050498e-09,1116538739916.5837
805,2860,74.49519,7.659231300242626e+16,0.24166226146582281,1.9378859906237086e-07,248465324688271.47,8048154218.02,4.176834914726472,9.726196674285078e-16,0.001422383240079757,1.210730536137927e-09,1462424920771.3137
806,66849,1.1035173,3474389861337240.0,0.000424527172594474,2.8807883713590704e-10,1336610585374.9688,28152182.36,4.176834914726472,3.176147018732299e-16,6.983912366855458e-05,5.332694387931344e-11,219886306448.2122
807,28701,33.9602,8.47751511077207e+16,0.14421579509077573,1.1551249528080589e-07,360007179608500.5,5191062030.25,4.176834914726472,4.005914416695997e-16,0.001179003494218953,9.912269502575135e-10,2943156971364.7876
808,116235,1.2298014,6656490866947243.0,0.0012625993077111917,8.430026387816842e-10,6834014630649.681,28519836.84,4.176834914726472,1.8475221022334303e-16,9.513251219670779e-05,6.807791603235362e-11,514919480972.4014
809,21147,172.91565,2.4474099442571978e+17,0.2756284882516368,2.1663288824356038e-07,390118478615228.94,6094828289.21,4.176834914726472,7.065250772791186e-16,0.0014072057317720604,1.1394888481421267e-09,1991727932986.2087
810,27955,22.63583,5.933562502107459e+16,0.13812621899824615,1.0892341580141109e-07,362072233978553.6,7503277577.54,4.176834914726472,3.814880182345816e-16,0.001098288000817497,9.32150162835858e-10,2878958049325.0156
811,32291,6.6705723,1.2877673548107032e+16,0.013558966619499216,9.764250546359881e-09,26175856871469.83,293296633.07,4.176834914726472,5.179951390350742e-16,0.0003110132381351568,2.223515689809757e-10,600417291008.7822
812,29285,4.550762,5867427745017082.0,0.007078732974272292,5.203952509671491e-09,9126813103566.51,218455309.43,4.176834914726472,7.755974504951915e-16,0.0002249150515698842,1.6909943357955533e-10,289989415806.20703
813,64821,1.8860662,4930708763848449.0,0.0031699216271229447,2.4122061828262133e-09,8287068793008.347,134886506.16,4.176834914726472,3.825142165825088e-16,0.00018205245810413238,1.6070941474965956e-10,475936449449.22833
814,26506,37.41121,4.613148154145308e+16,0.11786770515042319,9.18671963981344e-08,145341780297407.72,3169960040.55,4.176834914726472,8.109691852489676e-16,0.0010340760704997095,8.512667532388723e-10,1275111421381.8716
815,135614,0.38422817,4328106866610361.0,1.0757811408903257e-07,1.1368371394553398e-13,1211804887.4077473,946293.1,4.176834914726472,8.877511157688108e-17,2.0856529684972487e-07,2.2040242801065007e-13,2349366766.7103186
816,76612,1.8096657,7661166343092433.0,0.002539763942771328,2.0614747037230107e-09,10752015710835.12,62697725.27,4.176834914726472,2.362128191657992e-16,0.00015512596307649837,1.2120813537775615e-10,656721187378.1267
817,70830,1.4961133,5294167518948968.0,0.0008325165029435139,5.468878606621755e-10,2945954580360.013,17025747.2,4.176834914726472,2.8259651676020593e-16,6.583871549267393e-05,4.058157920664057e-11,232977802583.95975
818,14299,345.88464,5.36704763201189e+17,0.5229636069982346,4.1694330588845894e-07,811475926935718.1,15684206932.6,4.176834914726472,6.444597918918446e-16,0.002220170518579767,1.8435369559753283e-09,3445010141070.7764
819,73088,1.4445318,6624104565577417.0,0.002921148134329932,2.3502024930200117e-09,13395337294300.379,98810376.68,4.176834914726472,2.180720104429815e-16,0.00016528440217989716,1.3170413579708792e-10,757934967647.3656
820,105085,0.42961946,4381848742360987.5,2.1106102946945298e-06,1.1420195109413009e-12,21526899795.045082,3453611.5,4.176834914726472,9.804525104819488e-17,7.932195819780329e-07,4.3509444652514764e-13,8090341689.146371
821,9564,29.892237,2.3026962362003876e+16,0.2137615035190385,1.653629168191939e-07,164667438438222.53,10046298026.55,4.176834914726472,1.2981406982852553e-15,0.0014312174151538367,1.1583683012212855e-09,1102513323127.736
822,18371,23.289043,3.4523916833278316e+16,0.03700153241256567,2.8270468455436736e-08,54851452149204.64,787111351.13,4.176834914726472,6.74577079781145e-16,0.0005701928842349489,4.471881383616402e-10,845259795099.9733
823,40108,7.8532677,1.5548737235449758e+16,0.00894850541071984,6.584118587200507e-09,17717205702956.39,275964846.0,4.176834914726472,5.050743080341751e-16,0.00027075103827747853,2.1231357105384386e-10,536061791246.6823
824,139066,0.3605288,5173468584804130.0,1.1203659278262354e-06,8.11496017707894e-13,16076879103.954967,1380617.9,4.176834914726472,6.968802343923961e-17,3.815281742224924e-07,2.7634595656227e-13,5474802633.125957
825,52176,5.0174217,1.4752056339360302e+16,0.013808349291772201,1.0639939390336263e-08,40598849147120.61,324171002.58,4.176834914726472,3.401167664071958e-16,0.0003158742587099682,2.578754912922492e-10,928722985481.3923
826,32213,20.168648,4.577282175719619e+16,0.060526916630346955,4.890266407921443e-08,137366062734276.73,2096200846.94,4.176834914726472,4.406249653339141e-16,0.0007342397076675,7.708250397200762e-10,1666359751338.8262
827,73327,1.2256254,5580622919989455.0,0.0009118201586277298,7.416655979218561e-10,4151777921823.691,23237150.35,4.176834914726472,2.1962161170393427e-16,9.102098157366601e-05,7.576625791070169e-11,414444557015.4946
828,57309,2.2449024,6044413311673888.0,0.0017795609029182774,1.2260085791697345e-09,4791478511731.129,62849814.72,4.176834914726472,3.714012070723727e-16,0.00012686151452999172,1.0250368064166991e-10,341575396402.17426
829,31633,16.38769,2.7334363809975184e+16,0.04591386606858559,3.528214497289895e-08,76583479370258.62,1453353511.14,4.176834914726472,5.995270317584493e-16,0.0006386737735118904,5.105256959649349e-10,1065296041178.6959
830,30118,12.085437,1.3940853885498498e+16,0.054984950386945154,4.2577585362966855e-08,63426515668882.016,1214403052.31,4.176834914726472,8.669079454717955e-16,0.0006143637059079563,4.924135729716171e-10,708683902503.1687
831,8383,41.783417,2.533603231327179e+16,0.28120848128252385,2.201937891571901e-07,170515187126512.66,12860882367.54,4.176834914726472,1.6491697075280633e-15,0.001558949658740826,1.2721071682309763e-09,945293653906.3236
832,47533,1.6778879,4971382402445227.0,0.0007933429915555206,5.310853768095541e-10,2350580981794.0566,45573284.4,4.176834914726472,3.3750932118493097e-16,0.00010381735247817272,6.784277203483546e-11,307598474950.82434
833,58009,2.2786777,8910754241174041.0,0.006535718628601818,5.28680229108867e-09,25557884947456.082,157740219.23,4.176834914726472,2.557222024450953e-16,0.0002058200740033011,1.8151752923998802e-10,804858053134.7941
834,5113,42.373695,2.355505119455493e+16,0.2597114080590306,2.0787384534445383e-07,144370593894169.75,10642496572.99,4.176834914726472,1.79892179600931e-15,0.001538575389601587,1.3122977041944426e-09,855276417804.6705
835,32088,17.740314,2.440957271761405e+16,0.04219745211268677,3.0728961743090035e-08,58061079180597.61,1286160532.46,4.176834914726472,7.267769167953734e-16,0.0005904728049673858,4.600036483855829e-10,812453988730.1285
836,41896,11.510612,2.260147017407087e+16,0.0342746635355764,2.6925268046028363e-08,67299443819811.19,1202415438.28,4.176834914726472,5.092859849977964e-16,0.0005364359982019092,4.34862203552045e-10,1053309955513.9541
837,72308,2.8520362,6612670255155581.0,0.0025185672874496585,1.7151540203505692e-09,5839496352580.038,55555015.0,4.176834914726472,4.3129871745478384e-16,0.0001284821442399078,8.529053768594357e-11,297895957117.882
838,39624,7.6387563,1.0809995216475866e+16,0.021776245427097385,1.7068543150592723e-08,30816680052972.395,661967093.66,4.176834914726472,7.066382682905837e-16,0.00043386679069361864,3.4331393142534744e-10,613987113581.0098
839,17671,18.08003,1.837639734923115e+16,0.12709644737775497,1.054632162971368e-07,129179808810564.64,2689632276.22,4.176834914726472,9.838723911113322e-16,0.0008221055488294159,6.851753364578567e-10,835581480135.658
840,42255,3.5675912,9304751762019174.0,0.008929948067820291,6.6683124692242375e-09,23290490799167.4,228494258.55,4.176834914726472,3.8341605356549736e-16,0.000258217125560154,1.9610564361724753e-10,673464564560.9198
841,6064,29.84909,1.2170561332800192e+16,0.10859675327953414,8.253026774675265e-08,44278852264224.49,5247099187.71,4.176834914726472,2.4525647736193898e-15,0.0009914891944536829,8.103000304639539e-10,404266262452.4635
842,105478,1.5604037,1.0752888375888436e+16,0.003298648848140026,2.4640901623942265e-09,22731298865353.027,69551216.59,4.176834914726472,1.4511484221290213e-16,0.00016832855870293405,1.3376433171203463e-10,1159967899465.269
843,5938,57.798462,2.907695524316596e+16,0.14530289594599935,1.1510462121991171e-07,73098239225192.94,6563691330.09,4.176834914726472,1.987775594681102e-15,0.0012053429048188733,1.0048113267613568e-09,606377756143.1656
844,9199,15.452197,2.3759075155897812e+16,0.06377883360147915,5.2465309139475876e-08,98065414315714.7,2835691324.43,4.176834914726472,6.503703068662687e-16,0.0007617762394778884,6.483021768853207e-10,1171296154568.3347
845,36572,7.3356013,1.4712333720311786e+16,0.019570530046392722,1.4567822879184126e-08,39250793132107.47,729852663.38,4.176834914726472,4.986021551341308e-16,0.0004364852432785138,3.320236124113454e-10,875417883344.4739
846,109723,0.8694173,7844369335185070.0,0.00045612782874491494,2.6881506806615633e-10,4115440482644.132,11787312.5,4.176834914726472,1.1083329492153343e-16,7.394063638936585e-05,4.214759493347141e-11,667133792618.1257
847,80475,0.92165065,5168346404537421.0,0.0011018518732978956,9.238395121684649e-10,6178861988207.789,18561560.240000002,4.176834914726472,1.7832602110238969e-16,8.78989345444429e-05,7.11236214496716e-11,492911432672.93475
848,12288,43.430378,3.598476906602657e+16,0.18700059439454644,1.4569342763905755e-07,154941621841224.97,9171921549.51,4.176834914726472,1.2069100101854724e-15,0.0012812781731434757,1.053836158105958e-09,1061618647894.531
849,51884,3.8972547,8071484506426955.0,0.005080118657754251,4.049604138160169e-09,10521277718100.883,109814218.7,4.176834914726472,4.828423689467277e-16,0.0002174180207487996,1.8029862515149954e-10,450287784858.39026
850,11433,100.09813,5.6336798761308056e+16,0.44728895866452156,3.489461637822937e-07,251741246838858.94,8896325595.36,4.176834914726472,1.7767805803823395e-15,0.0018325270681496136,1.5189527341235977e-09,1031374998344.0714
851,84693,0.8081593,6015547501250447.0,0.0008802518567876094,5.334561713709749e-10,6552169674431.476,19660859.06,4.176834914726472,1.3434509491147874e-16,9.146260710379032e-05,4.938797070517551e-11,680803472311.7797
852,38159,34.89591,1.2689815425886826e+17,0.12718449386769162,1.021578529649161e-07,462503414358829.3,3968201091.13,4.176834914726472,2.7499147015813514e-16,0.001059978725121663,8.566316563069097e-10,3854587651435.578
853,11154,4.266567,7476068174344485.0,0.006629078957240095,4.547978140209672e-09,11615766544258.98,217725693.49,4.176834914726472,5.706966416707537e-16,0.0002134272621578522,1.5105043648400783e-10,373976726992.87177
854,10998,23.38243,3.2314958285380004e+16,0.07212434298346217,5.545409885258817e-08,99677199284720.19,2243482823.23,4.176834914726472,7.235791485016004e-16,0.0007958564449298862,6.501797594332722e-10,1099888583823.8413
855,31934,26.714458,4.5601635414368536e+16,0.06902588462048329,5.2761369694823536e-08,117827328730290.8,2079184867.8,4.176834914726472,5.85822367054463e-16,0.0007621638345632324,6.163410858462826e-10,1301015252106.9158
856,3361,210.64536,1.0410327684526816e+17,29.548882034404382,2.4287433859544973e-05,1.4603385742253092e+16,46607852037.76,4.176834914726472,2.0234267967672965e-15,0.003915293376659789,3.4254826696477718e-09,1934981479396.7393
857,9278,42.52526,4.899798217769811e+16,0.14060412122086077,1.1084548296595861e-07,162005316973738.47,5316192848.45,4.176834914726472,8.678981890677892e-16,0.0010382923086996233,8.584807607761829e-10,1196329617665.0105
858,10330,14.185711,1.0836520851296134e+16,0.12271120494431079,9.532174291135515e-08,93739575765127.11,3990684771.15,4.176834914726472,1.3090650767587714e-15,0.0008108977639242544,6.718386368937501e-10,619448015473.7815
859,82219,0.92695403,5836224323653413.0,0.0009827937197442696,6.603513942013374e-10,6187798344547.163,28561489.79,4.176834914726472,1.5882769040305443e-16,6.979029039968983e-05,4.553376704258421e-11,439408834961.8643
860,76644,0.5809781,5191431279679109.0,0.000115197501953999,9.601196591190913e-11,1029367397815.6589,2272079.8,4.176834914726472,1.1191096803575742e-16,1.481487971484951e-05,1.2346449683862419e-11,132380945093.03064
861,48250,1.5063406,6032013377044586.0,0.0008709827675755203,6.617294160694612e-10,3487776738667.7715,21146339.69,4.176834914726472,2.497243467218633e-16,8.262243902430057e-05,6.667262634107136e-11,330854560674.14746
862,1042,80.42415,4.720905060921221e+16,0.24446385477442606,1.9624322929667597e-07,143500509388896.03,10388124899.95,4.176834914726472,1.7035748222461885e-15,0.0015110199458243266,1.2803700146029905e-09,886970109027.5709
863,69884,1.5233507,5375057095879939.0,0.0027346972675993293,1.8531729683277331e-09,9649225193708.354,77721444.54,4.176834914726472,2.8341107318984033e-16,0.00016280156082137826,1.1134351926764009e-10,574436132607.7302
864,61327,6.429061,1.4683679378606702e+16,0.011591844054812683,8.658661512653408e-09,26475238220274.734,291385793.39,4.176834914726472,4.378371955851053e-16,0.00028480513907567877,2.2090294015723783e-10,650481827372.109
865,63353,2.1233394,8748352781839650.0,0.004143564334132238,3.089041667260731e-09,17071864521158.191,71556825.09,4.176834914726472,2.4271305158243663e-16,0.00017327568993412955,1.3592498287144517e-10,713911710987.1493
866,67862,1.1546776,6861448931744596.0,0.0009769686486132613,7.190601806372044e-10,5805447763406.359,33737816.54,4.176834914726472,1.682848056564069e-16,0.00011633087590039486,8.330762067593187e-11,691273792940.7112
867,71849,0.9187003,5661166195134373.0,0.00037324000667194056,2.733690913938269e-10,2299959745787.5195,11113250.0,4.176834914726472,1.6228110398694872e-16,6.083476322969883e-05,5.098035903537006e-11,374872746950.2019
868,21510,52.053856,7.293973988307363e+16,0.18408615047901333,1.451442981781409e-07,257948151468655.53,6638681750.65,4.176834914726472,7.136556297492308e-16,0.0013745774449135386,1.146196190386313e-09,1926107477631.119
869,51631,4.904868,8713543242128239.0,0.012646615841387727,9.56552540279202e-09,22466829688488.246,351870306.53,4.176834914726472,5.629016651097735e-16,0.000332919536944485,2.6568542499023635e-10,591434628070.5372
870,41570,11.984202,2.181044917982898e+16,0.02554251033055151,1.9479779391392877e-08,46485667004757.63,612558361.75,4.176834914726472,5.494706643219152e-16,0.000468515106594837,3.699845417939695e-10,852666278686.6284
871,63628,8.033187,3.120445449981536e+16,0.02157898433605842,1.6660397510827954e-08,83822327908806.72,551962553.24,4.176834914726472,2.574371873748837e-16,0.00043409841438413817,3.394355766727513e-10,1686230411428.4695
872,72974,1.5700045,5021648156542095.0,0.0006803472267343731,5.294478506459836e-10,2176085735384.32,33354657.46,4.176834914726472,3.126472526663645e-16,9.450265218490036e-05,8.475968238314116e-11,302266056646.74445
873,13813,28.13011,3.938710429443215e+16,0.10984268854397466,8.572748100745191e-08,153799093912620.97,2646965740.26,4.176834914726472,7.141959406235541e-16,0.0009302127341105721,7.526459774685573e-10,1302461525192.1157
874,108146,1.210854,8088057536072472.0,0.0009377987252558974,6.776459881775055e-10,6264149143600.399,23596281.240000002,4.176834914726472,1.4970887566014841e-16,8.347983564571153e-05,5.77346404252434e-11,557614471938.3083
875,37317,16.782675,3.690535918823137e+16,0.06820683851152769,5.426999271174158e-08,149987881810356.3,3264509816.0,4.176834914726472,4.547489949739271e-16,0.0007810720489507348,6.5922439370055e-10,1717589390154.7102
876,45945,9.291664,2.3890621676503188e+16,0.02268518432021003,1.7555384226624126e-08,58327890058861.36,924871129.51,4.176834914726472,3.8892516594235393e-16,0.00043003853386697894,3.5541880124339446e-10,1105710227891.807
877,82435,0.4821774,3678279233567768.5,0.0001367554424199988,9.134904324369148e-11,1043235754995.6805,5347907.35,4.176834914726472,1.31087763973892e-16,5.1587827925990406e-05,3.416710916848075e-11,393536561782.1116
878,130710,1.0599877,1.1726768147609082e+16,0.002016863587957486,1.425389652697185e-09,22312798234670.473,42213404.9,4.176834914726472,9.039043721659289e-17,0.00011780727961666346,9.750516121156125e-11,1303315740517.7114
879,14379,18.134142,1.5981717746703284e+16,0.2842798938437533,2.1036445389533444e-07,250537413045162.97,6800988239.22,4.176834914726472,1.1346804071634114e-15,0.001153893718481821,9.482449386482443e-10,1016932795522.9622
880,19314,74.221275,8.31854634316802e+16,0.1486718120712581,1.1630978299873605e-07,166627878413234.88,5316397882.7,4.176834914726472,8.922385226711824e-16,0.0011131741100514616,9.014400644847685e-10,1247619422123.6296
881,61925,1.2845241,8369740314996111.0,0.0025212851873717725,2.039445558899479e-09,16428264972489.07,46135755.54,4.176834914726472,1.5347239599519127e-16,0.00014890354597565377,1.2854480450193553e-10,970230151227.4517
882,26065,8.562274,9535512006940732.0,0.03301069878042106,2.483482609978693e-08,36762887356584.1,1119380253.99,4.176834914726472,8.979354222162031e-16,0.0005333918540839393,4.3416382736266033e-10,594020283516.0125
883,14853,4.175222,7584969441739670.0,0.007473064455515774,5.436180713058637e-09,13576036323634.541,202070772.91,4.176834914726472,5.504599632299087e-16,0.0002461854247232449,1.7999102644368438e-10,447235841238.5053
884,25977,17.377085,1.0671249765839768e+17,0.12093244696216299,9.873506564857384e-08,742644894887383.0,5283987136.64,4.176834914726472,1.628402050491461e-16,0.0009177083104663785,7.734077747606858e-10,5635637158461.014
885,89261,2.5147305,1.3891523879657254e+16,0.0022189280077923126,1.4818040950347928e-09,12257492962958.537,70577186.06,4.176834914726472,1.8102625181982888e-16,0.00011411500033279759,7.994834269955067e-11,630378186509.5099
886,75751,3.919969,1.6849896249821206e+16,0.009996511433339107,7.371861809364268e-09,42969773616045.29,259771764.48,4.176834914726472,2.326405422253917e-16,0.0002648552007516045,1.9552429971905704e-10,1138473965965.0635
887,8319,90.347015,6.463399644008442e+16,0.2594705494389237,2.0784145259884646e-07,185624489848858.25,7133167695.85,4.176834914726472,1.3978249833855082e-15,0.0015107214859596614,1.2620509010138057e-09,1080765835434.3616
888,61993,0.7402865,2486085798621032.0,0.0012858315981694886,1.1114149016434543e-09,4318176375804.9775,78628819.6,4.176834914726472,2.9777190329095554e-16,0.00010986151195433716,9.859376538924976e-11,368945191739.5662
889,1971,8.213342,3416224510967217.0,0.32580360805807207,2.450982849142495e-07,135513445271065.3,6336270033.58,4.176834914726472,2.40421610864053e-15,0.0011143326223369105,9.04559451028846e-10,463491039067.62054
890,44458,16.306711,3.3002408664226784e+16,0.03619883633347112,2.771842359900684e-08,73261173871706.84,862765200.11,4.176834914726472,4.94106692814691e-16,0.0005046638582122908,3.953738044722701e-10,1021366165549.1057
891,5594,99.02237,2.9616849794300012e+16,0.2753641125474875,2.1622860351048914e-07,82359345267737.6,9247508406.41,4.176834914726472,3.343447081230685e-15,0.0015494003426848348,1.2600420840018108e-09,463414046952.5595
892,45373,4.7980103,7920964073621766.0,0.00800544681675364,6.0416702664529205e-09,13216073468786.701,257254575.78,4.176834914726472,6.057356472526161e-16,0.0002324074163904898,1.8302460803245175e-10,383677958272.06213
893,49152,14.488524,3.0380318964923588e+16,0.04273724245479814,3.2626658105862577e-08,89613756201669.78,1555759695.0,4.176834914726472,4.769049336423397e-16,0.0006062790493833222,4.768612126208871e-10,1271278627278.803
894,51286,0.945526,4505346952042200.0,0.0008401858835598758,6.987538046495729e-10,4003410704354.3696,11089439.950000001,4.176834914726472,2.098675218722963e-16,7.103070355518578e-05,6.516742478085017e-11,338454959211.87714
895,63803,4.3158665,1.1709159077559892e+16,0.006034721110846945,4.512290795594043e-09,16372496571804.486,124475479.72,4.176834914726472,3.685889372082386e-16,0.0002199297302592154,1.6194436191567448e-10,596680225741.4567
896,67181,0.8249632,5944553781600988.0,0.0008295939659358309,6.095657239223086e-10,5977922345381.2295,26095657.44,4.176834914726472,1.3877630353910616e-16,8.81092704612117e-05,5.5780840832420977e-11,634901407619.5159
897,80513,1.2135358,5248714693792716.0,0.0006271673054522985,4.739119416467269e-10,2712587672810.199,15330818.19,4.176834914726472,2.312062801651542e-16,8.611572352819234e-05,5.5480448050783744e-11,372462735297.1492
898,39047,7.065636,1.111655159085906e+16,0.01498262599219625,1.1247477132506126e-08,23572560886068.227,484407509.38,4.176834914726472,6.355960247429557e-16,0.00039985406972098257,3.1371344200499716e-10,629100960602.5924
899,56375,1.104839,5494108390110178.0,0.0009184675373437638,7.462561440005458e-10,4567326282801.573,19824834.6,4.176834914726472,2.0109523175567411e-16,8.766897971395711e-05,6.932282637781409e-11,435957525937.12823
900,23967,12.835041,1.5634456628310292e+16,0.02841386021264731,2.1761425736040382e-08,34611129418091.13,921923068.71,4.176834914726472,8.20945767744738e-16,0.0005220525823016032,4.129403576985756e-10,635916040758.4053
901,29354,11.347139,1.4614119871256424e+16,0.03454797727560533,2.5785758968884552e-08,44494764822669.33,981390141.37,4.176834914726472,7.764503849676204e-16,0.0005238377253427015,3.9950433639020026e-10,674657048904.0927
902,99125,1.0938736,6212408156107567.0,0.0003285557291377994,2.0847091817043276e-10,1865958088239.385,7637172.2,4.176834914726472,1.7607883650152424e-16,5.508482717259152e-05,3.7029379378410545e-11,312841839865.94366
903,46028,4.352943,1.0970396302257508e+16,0.008111853701637846,6.219709487691503e-09,20443697483036.58,256149933.58,4.176834914726472,3.9678994997694327e-16,0.00023030151824294777,1.9813303803524904e-10,580411671858.9525
904,13442,26.96674,3.425683830647897e+16,0.05876577846114978,4.4541647734000794e-08,74652322479393.97,1500440458.89,4.176834914726472,7.871929031728478e-16,0.0006931161690515101,5.444189456451834e-10,880490876198.0026
905,11065,75.94737,5.6693619561952024e+16,0.20793084131652867,1.627210375616574e-07,155217382942897.03,5700107611.22,4.176834914726472,1.3396105344272193e-15,0.0013352091568348524,1.1145736090759977e-09,996714434920.2592
906,111422,1.1095922,8298642385871665.0,0.000949049935839118,5.73388184115958e-10,7097946456241.57,21451254.4,4.176834914726472,1.3370767752193623e-16,6.980573879714985e-05,4.140506281291984e-11,522077266548.1191
907,23650,16.632303,2.4409752913987284e+16,0.05958094830760806,4.611489386876027e-08,87441662562891.12,2199306727.38,4.176834914726472,6.813794084113548e-16,0.0007174106547349543,5.922077419904986e-10,1052879857945.2333
908,44126,12.567627,2.6426741231651428e+16,0.027740064402316078,2.115342976829796e-08,58330781436253.03,607677858.15,4.176834914726472,4.755647656226223e-16,0.00048209138079681376,3.754519199599241e-10,1013723924996.0973
909,31784,13.746831,2.275945453658456e+16,0.037239121119958946,2.814476751734467e-08,61653633780183.336,1005761346.16,4.176834914726472,6.040052927412093e-16,0.0004966632234910772,3.8394447708603634e-10,822282899603.4581
910,17523,2.0504782,3926577251742066.5,0.002266983079850147,1.64546212769891e-09,4341174752027.9688,77695697.35,4.176834914726472,5.222049812187661e-16,0.00016519072278225563,1.2795536856522012e-10,316333104285.4466
911,23060,6.296907,7373166134999951.0,0.012783070197598704,9.29566676270558e-09,14967935890153.99,560527292.49,4.176834914726472,8.540302611803338e-16,0.00034491785578905575,2.599109551238931e-10,403870766022.21735
912,7762,110.10541,6.758479364522408e+16,3.8974344238650827,3.948201206067403e-06,2392319335468751.5,14813260447.25,4.176834914726472,1.6291447241517274e-15,0.0018255321678257175,1.5643708511226062e-09,1120546346044.392
913,58196,1.5725014,5100622606172326.0,0.0008232362002451194,5.378522785432737e-10,2670278813862.8457,28778643.15,4.176834914726472,3.082959711814586e-16,9.263777487734622e-05,5.825099208309589e-11,300483248361.4291
914,15301,3.4673016,6752264188071879.0,0.00328789372242811,2.457848118676448e-09,6402883163131.143,126863905.67,4.176834914726472,5.135020644075382e-16,0.0001622235210061092,1.2568126238318086e-10,315916005504.8218
915,25617,7.6420302,1.0392628689980726e+16,0.020383905790309735,1.5615613195865955e-08,27720691830063.324,781157683.95,4.176834914726472,7.353317844759999e-16,0.0004166326115200025,3.1979442720869916e-10,566591326957.1183
916,112831,1.3991994,7610008758163940.0,0.0008368609944043381,6.110299483239986e-10,4551545331410.803,29439388.06,4.176834914726472,1.838630472663981e-16,8.644421538997396e-05,5.744914934714836e-11,470155459050.5913
917,52396,2.9088714,6575685736366871.0,0.0024498314165357997,1.755460058272478e-09,5537997142884.316,56897204.4,4.176834914726472,4.4236776461388186e-16,0.00012809846594534634,1.048085358669273e-10,289574594245.4834
918,135773,0.65073466,6140156257125861.0,0.00035055677018404867,2.399725662212125e-10,3307758873522.1494,8261013.1,4.176834914726472,1.0598014655486988e-16,4.358061571609129e-05,2.9093341063449085e-11,411214903288.7776
919,2861,11.265431,1.5101254449676406e+16,0.043851758657957665,3.473641668473564e-08,58783065251530.91,1587379281.9,4.176834914726472,7.459930588906406e-16,0.000649277002394575,5.465361045746679e-10,870352605371.5685
920,50151,13.712018,3.4148340389629904e+16,0.037585085867705266,2.8687280866835926e-08,93601708062508.94,958489335.21,4.176834914726472,4.015427351240776e-16,0.0005822338800130319,4.546698705529845e-10,1449992314848.1826
921,35729,23.754766,4.416719549256721e+16,0.08944899877104526,7.155859529276812e-08,166312369287710.9,3016513570.16,4.176834914726472,5.378373187402772e-16,0.0008819928693507074,7.283664205935707e-10,1639887822244.3015
922,28229,22.87711,3.1295162284320144e+16,0.07594358624992406,5.8392415381568247e-08,103888421926748.5,2739700237.79,4.176834914726472,7.310110678500027e-16,0.0007896283231982103,6.349737712627668e-10,1080186549733.93
923,23455,2.8854287,4244181490660350.5,0.003687433595717224,2.726948245921893e-09,5423851719150.844,92736036.0,4.176834914726472,6.79855163203932e-16,0.00014420424556733138,9.998626368509267e-11,212110245493.67923
924,61972,3.5799537,1.5053690871665082e+16,0.007651552010266292,5.623480122535395e-09,32174745346850.793,241338897.22,4.176834914726472,2.3781235648583656e-16,0.00024271344875235356,1.9487542822241046e-10,1020609073216.13
925,62379,3.994685,1.027101041481262e+16,0.006012496654824958,4.436568507522379e-09,15459145279473.395,122114465.03,4.176834914726472,3.8892814228276465e-16,0.00018259333007043324,1.419303054817044e-10,469478318022.2566
926,30019,32.35193,6.1170103235756664e+16,0.11114863091236983,8.928442128090564e-08,210156649925450.4,4466893807.85,4.176834914726472,5.28884672228064e-16,0.0010089963637457432,8.54648319682135e-10,1907781444100.2498
927,6380,21.922594,1.8032321038148868e+16,0.04257807956956828,3.321399705893763e-08,35022388317108.027,947826722.9,4.176834914726472,1.2157388920495004e-15,0.0005673932142195196,4.5198084837044017e-10,466706476143.9066
928,38716,21.32464,3.2953811122911124e+16,0.042908424056082514,3.349829409189569e-08,66308087823565.57,1493243971.94,4.176834914726472,6.471069437299181e-16,0.0006284760189830165,5.090511533321198e-10,971208893788.8488
929,18689,35.473858,6.547475378051223e+16,0.2015499656028811,1.5955446249250954e-07,372004487708084.94,9185426683.6,4.176834914726472,5.417944467407583e-16,0.0013386926263633885,1.1239789758475489e-09,2470849663403.685
930,9748,2.5073588,1.0457613899798596e+16,0.002857756640077092,2.1715694668138278e-09,11919042285257.271,80139556.4,4.176834914726472,2.397639484517868e-16,0.00015245140408711886,1.1753845289058127e-10,635839562501.0935
931,31437,13.595216,2.2715078342053812e+16,0.060653606359397504,4.713421214476974e-08,101340899635710.64,3201500709.62,4.176834914726472,5.985106366474795e-16,0.0007692913626080944,6.458585782678413e-10,1285342841887.0425
932,23160,26.125885,2.612535866998073e+16,0.10305433999841714,8.122720013396806e-08,103052263873809.02,3492327316.7,4.176834914726472,1.0000201463270196e-15,0.0009743521034417086,8.012629677482127e-10,974332474221.0571
933,30635,31.828661,7.233438662016424e+16,0.14130526335187482,1.1542130012904781e-07,321132879286333.7,4799733517.5,4.176834914726472,4.4002116402999e-16,0.0011119715771433778,9.590475711216386e-10,2527086576834.7236
934,143325,0.20247164,5734295298907741.0,1.9354871327848936e-06,1.477401734792522e-12,54815848612.797516,1310061.5,4.176834914726472,3.530889663784257e-17,1.2010661740260712e-06,9.168013669786275e-13,34015964484.679466
935,125185,0.40052292,5196735245532902.0,0.00011763218801385178,7.3085859602365e-11,1526263059953.5637,1609506.8,4.176834914726472,7.707202716249367e-17,2.9574486407319795e-05,1.8374875090505857e-11,383725295624.66113
936,54505,6.217121,1.678815810668958e+16,0.008556138391599792,6.382164582170112e-09,23104231701601.754,237797357.81,4.176834914726472,3.7032776082342603e-16,0.0002620996117573439,1.866647318699673e-10,707750375436.5155
937,95763,2.2188303,1.7289014529908268e+16,0.003716427170952027,2.564612251697253e-09,28958214315865.195,89791240.82,4.176834914726472,1.2833758084717005e-16,0.00017177804589035177,1.369984002488348e-10,1338485927165.1108
938,14685,44.85995,4.143442593195803e+16,0.18568740746964144,1.4385228242571413e-07,171508241344410.1,4861514457.11,4.176834914726472,1.0826733806730477e-15,0.0011570754170228603,9.392899088286806e-10,1068720666526.0028
939,12417,56.631516,7.101671094245277e+16,0.32154369049334697,2.522162935015643e-07,403220272668235.1,10750773694.86,4.176834914726472,7.974392963071807e-16,0.00168800215467843,1.387546259429951e-09,2116778245686.298
940,49228,3.4574418,5993377485369288.0,0.0025813415048701644,1.9654649707680864e-09,4474682424831.597,64075152.49,4.176834914726472,5.768770294279179e-16,0.00016332600928447454,1.2324252489325189e-10,283121013583.16
941,64169,1.3728874,4574115858034254.0,0.0010988901454249236,7.454507385219824e-10,3661225851752.8174,43028007.9,4.176834914726472,3.001426816919334e-16,9.273788271100987e-05,6.794458505091226e-11,308979323394.58496
942,47280,14.769544,2.908328784796068e+16,0.031897426662761526,2.4708761729268742e-08,62810472770338.016,1400152928.21,4.176834914726472,5.078361180211487e-16,0.0005086331341453238,4.0922882066439835e-10,1001569435681.8905
943,24120,20.329485,3.2226142216426204e+16,0.10889684181337071,8.511650220809175e-08,172622430484459.03,4108096687.72,4.176834914726472,6.30838307094596e-16,0.0009905327527956476,8.233492563719423e-10,1570184850310.8013
944,35366,21.110582,5.212921717977438e+16,0.06312706513563705,4.8824285154445416e-08,155882224771320.25,2155060547.9,4.176834914726472,4.0496641120079387e-16,0.0007257793709536103,5.897752729322465e-10,1792196465878.619
945,105251,1.0069373,7710630221189459.0,0.0004886557257030194,2.752300061678145e-10,3741885027362.6455,16002706.36,4.176834914726472,1.3059079103973262e-16,8.994977996445571e-05,5.6042176810311954e-11,688791141000.8093
946,19114,28.070234,7.140721742545487e+16,0.13288049202363095,1.0665705320676023e-07,338031602641176.3,4757085760.65,4.176834914726472,3.931007958586784e-16,0.0008295383578571304,6.944918577991382e-10,2110243394560.1914
947,143447,0.8380974,5859799999031320.0,0.00041437619645784375,4.3083474020685225e-10,2897230841668.6113,14157672.0,4.176834914726472,1.4302491554977053e-16,5.878792519325596e-05,4.956936116702185e-11,411032755847.345
948,41809,4.421001,8846146037252050.0,0.009673041546623566,7.175966488216134e-09,19355150144919.33,288594165.53,4.176834914726472,4.997657716007288e-16,0.0002772510250857483,2.113538290455291e-10,554761932170.1942
949,59590,2.4131467,8451073478749322.0,0.004090226622054282,3.0276876886765273e-09,14324369806326.889,80305524.8,4.176834914726472,2.855432160266961e-16,0.00018732578546622606,1.437021504901459e-10,656033044919.9414
950,37613,16.429953,2.609975311321611e+16,0.03469777787969396,2.7042760997495515e-08,55119052150497.54,852169889.28,4.176834914726472,6.295060696064737e-16,0.000534268804536627,4.2543007307130083e-10,848711125010.4658
951,52438,9.143445,2.5476912063107136e+16,0.020304765647631225,1.545783752460181e-08,56576348287401.45,794855339.78,4.176834914726472,3.5889141420873104e-16,0.0004291556523611561,3.4804360614247203e-10,1195781329311.9333
952,37374,17.898565,4.744204572783292e+16,0.06555369834177714,5.08107382438482e-08,173757033279436.4,2884031134.62,4.176834914726472,3.772722007537591e-16,0.0007554604050797772,6.183439962567635e-10,2002427964664.3164
953,64288,3.2744286,9732476197240854.0,0.0036741526072717402,2.6125903171585897e-09,10920562688495.525,112199803.85,4.176834914726472,3.364435251255273e-16,0.00016096933850053948,1.214774917730555e-10,478443859011.6475
954,16647,41.30959,3.5290614092879904e+16,0.12634138359577657,9.893068493782554e-08,107932928224149.86,4404421893.11,4.176834914726472,1.1705545812061814e-15,0.0010398027588106532,8.516972480916162e-10,888299251914.5952
955,22984,7.5533943,1.30981090092151e+16,0.16084242481559066,1.2026905225225505e-07,278911907662637.22,4263318394.48,4.176834914726472,5.766782284897654e-16,0.0008956556879794527,7.24135723073615e-10,1553129013254.1362
956,17911,54.999203,9.19879393242293e+16,0.4963067963233827,4.245135155825504e-07,830089109953065.2,13533437179.1,4.176834914726472,5.978958046461359e-16,0.0016022273689799864,1.3760701140476206e-09,2679776905155.344
957,43949,7.9506273,1.1858830166137962e+16,0.016842689891228543,1.2259699262382514e-08,25121866668433.57,603587596.37,4.176834914726472,6.704394268755484e-16,0.00039241075736265235,2.881545348089247e-10,585303819602.922
958,11699,76.692345,4.897916469016439e+16,0.25485627899044755,2.0763140751268735e-07,162762628538684.2,8862589964.2,4.176834914726472,1.5658156990864475e-15,0.0015906612206728686,1.3621247825409111e-09,1015867462307.9312
959,60813,1.6800537,8403761805869961.0,0.0037947155104676653,2.7620365644179035e-09,18981467837016.457,82733638.62,4.176834914726472,1.9991686328216678e-16,0.00014776200982554022,1.0906016440958673e-10,739117288054.8145
960,27434,45.84008,7.024518496954013e+16,0.12162163034045818,9.82418438454173e-08,186372578746863.4,4198321003.16,4.176834914726472,6.525725573913326e-16,0.0010394533226630747,8.71706204391027e-10,1592854788160.7266
