,id,sfr,sfrd,snr,snr_solar,snrd,mass,z,halo_volume,snr_err,snr_solar_err,snrd_err
0,135397,9.756257,5375325584101296.0,0.014171974667569805,1.0786414532846878e-08,7808217640005.121,518063800.93,0.9972942257819404,1.8150076395104825e-15,0.00035652874388671405,2.81813201184695e-10,196433742825.93753
1,63182,2.1533644,2686803263230443.5,0.0057434527349693315,4.197007738981134e-09,7166240674604.547,210988061.77,0.9972942257819404,8.014596488955168e-16,0.00023111253200580492,1.8463336802632142e-10,288364526304.3482
2,278865,0.97393066,3313237572011130.5,0.0015563207197919525,9.835026189119581e-10,5294483986071.559,41887558.1,0.9972942257819404,2.939513508561432e-16,8.251562773125252e-05,5.801237256784915e-11,280711850756.67444
3,206445,7.818808,5299993763860622.0,0.08885556008353115,6.234322128268578e-08,60230909152272.055,657622614.56,0.9972942257819404,1.475248528274611e-15,0.0003567035390937262,2.898835738042849e-10,241792167392.23712
4,277001,5.8136377,3033076148920415.5,0.018729408758848112,1.4076467911008897e-08,9771459096916.777,655267747.9,0.9972942257819404,1.916746370535171e-15,0.000374584491416771,2.913876687754781e-10,195427260056.4174
5,194659,9.348489,4450446597318037.0,0.029500496090556685,2.302747407481398e-08,14044021707188.406,1292297017.61,0.9972942257819404,2.1005732336241626e-15,0.000507608835436893,4.0740710171006227e-10,241652529562.6589
6,120967,3.3785868,2829494945784803.5,0.007937886440673758,7.23185607965879e-09,6647811908843.105,146885240.58,0.9972942257819404,1.1940600229850906e-15,0.00018197998233577102,1.42379186057119e-10,152404384061.72424
7,78473,27.99838,1.0001964093549578e+16,0.029943046732568465,2.347352867359424e-08,10696664530970.25,687458158.11,0.9972942257819404,2.7992881936115517e-15,0.0005037205514091081,4.1615511791386075e-10,179945942171.54327
8,221430,0.35785404,543672592965364.5,0.001031349516826662,7.56674476995027e-10,1566885946199.5374,20926236.51,0.9972942257819404,6.58216074582957e-16,6.472149901754691e-05,5.116608372831893e-11,98328651512.42953
9,233129,12.957609,2.0980434423124452e+16,0.025328759564585666,1.9680361117045382e-08,41011299157419.84,1273506521.07,0.9972942257819404,6.176044184155804e-16,0.0005117726516713909,4.231341929907119e-10,828641499981.9896
10,268973,60.46346,2.9095681354173996e+16,0.23481679208825262,1.9201487274021786e-07,112996420635026.9,5193716145.27,0.9972942257819404,2.0780905339178817e-15,0.0012901585470155698,1.1027492196121505e-09,620838469719.2178
11,159265,3.8085477,2239374511649209.5,0.004081166426942049,3.245432478863614e-09,2399670634108.771,141427858.64,0.9972942257819404,1.7007194107943818e-15,0.00019638681729269202,1.6093451543097724e-10,115472791129.58588
12,67236,2.3391848,5019269387040230.0,0.0017666930153701274,1.2274668332800528e-09,3790854048104.7397,43673468.02,0.9972942257819404,4.66040895521524e-16,0.00011903045448990713,9.228692438886742e-11,255407745615.77014
13,61259,0.94911534,725228553135698.0,0.0004661085408243147,3.1599517438005507e-10,356158212200.2255,25965766.0,0.9972942257819404,1.3087120410473006e-15,8.707910454708358e-05,7.665243584816112e-11,66538017391.05134
14,248388,2.3585722,2426800354197943.0,0.0037654483105746925,2.6447998836106323e-09,3874374205638.7803,196765645.2,0.9972942257819404,9.718855512444935e-16,0.0001958485697720948,1.3951351140387112e-10,201514025515.97964
15,256199,4.0385427,3296014770002495.5,0.006940620912483269,5.667151132462049e-09,5664515826595.83,241435405.67,0.9972942257819404,1.2252805226345942e-15,0.00022586776016316525,2.282585747494976e-10,184339631611.4657
16,106788,14.35163,7309433864082767.0,0.01668846233873517,1.3125000447454007e-08,8499606787397.72,587397617.53,0.9972942257819404,1.9634393397443964e-15,0.0003646167393937687,3.081099818857783e-10,185703083366.57608
17,137451,12.345529,5616435408928503.0,0.07939479249193139,6.231779895459574e-08,36119612520145.09,3582483422.74,0.9972942257819404,2.198107536387615e-15,0.0008735160628714357,7.263449762019808e-10,397394598949.86664
18,278803,6.097204,6009527219873670.0,0.01469194752755419,1.1014134509246362e-08,14480679764002.088,845930218.46,0.9972942257819404,1.0145896302518407e-15,0.00037642950343559856,2.8698775133527074e-10,371016509741.1467
19,178756,5.3112125,7200088776276372.0,0.008117150899652287,6.040296887778014e-09,11003929345310.15,385386719.28,0.9972942257819404,7.376593074102024e-16,0.00027954649818962636,2.1413014334487807e-10,378964239156.78235
20,19238,14.500664,1.2886141566610146e+16,0.03199589702446858,2.540882104549606e-08,28433433021272.85,1103324330.59,0.9972942257819404,1.1252913779539188e-15,0.0005163157738740348,4.127377040227932e-10,458828516764.10706
21,188342,3.0510368,1173478279233746.2,0.001978847529169464,1.588754191140401e-09,761096881360.3733,64581829.37,0.9972942257819404,2.5999942683150944e-15,0.00015680067055694885,1.397968605851186e-10,60308083163.03031
22,180748,2.8396618,2751281208867828.0,0.0014916667448536137,1.1424064311353503e-09,1445240656830.6084,41104535.16,0.9972942257819404,1.032123430657436e-15,0.00013524886023308358,1.0635746365862861e-10,131039424370.9142
23,245030,2.5373013,2144768953884874.0,0.0086727875275537,6.54027809033945e-09,7331066843633.088,281229501.8,0.9972942257819404,1.1830184763744003e-15,0.00026263828464347973,2.0396083376314605e-10,222006916957.3648
24,232901,8.587092,3763959269558867.0,0.01361781843099446,1.0539429334876769e-08,5969065419878.02,502941541.78,0.9972942257819404,2.2813987572735876e-15,0.00037903679589304566,3.14142781619004e-10,166142282091.01773
25,58115,0.82306594,335326900381689.94,0.0008269421275103092,6.93609149394481e-10,336906105497.5403,31465290.26,0.9972942257819404,2.4545180809029494e-15,6.197813923284004e-05,5.2623658555917794e-11,25250634621.538414
26,186374,3.1640747,3339730232212511.5,0.006151966946695313,4.642200889232903e-09,6493497135023.529,301967940.77,0.9972942257819404,9.474042751961607e-16,0.0002633547675559821,2.083678316110482e-10,277975067720.118
27,248914,20.082409,1.8948559359923924e+16,0.05552115885058834,4.446401992772984e-08,52386442991582.27,1709973323.81,0.9972942257819404,1.0598383031943926e-15,0.0006491714677233518,5.245722674820455e-10,612519349193.8577
28,168523,0.10096997,72478319430872.44,0.0019168179472918198,1.3557312380056216e-09,1375931313782.1643,83533002.39,0.9972942257819404,1.3931058389992335e-15,0.00010826593780340462,8.531385796168721e-11,77715515054.60611
29,217380,1.2509557,966716201658790.5,0.003324919880938643,2.515538143224577e-09,2569438644486.614,141794810.94,0.9972942257819404,1.2940257935612151e-15,0.0001314545192784741,9.606023676504866e-11,101585702489.51959
30,48904,31.5846,6067669730977535.0,0.04736758016984648,3.575725656845598e-08,9099714177992.73,2017890252.47,0.9972942257819404,5.2053920863144186e-15,0.0006484007696064584,5.15111061866805e-10,124563291074.87973
31,161983,3.429764,1324089269546746.2,0.008630168444300748,6.337601791861158e-09,3331749190754.6865,205755072.44,0.9972942257819404,2.5902815458764762e-15,0.0002407398506331386,1.8667569310845717e-10,92939646277.59381
32,116431,3.5294824,2151219280811103.5,0.0024539440338173196,1.863411332211421e-09,1495678720363.981,146677265.48,0.9972942257819404,1.6406892739773284e-15,0.00016414441444545963,1.2479734504740074e-10,100046009350.41393
33,146115,4.7889,5130641130876147.0,0.007785739973092205,6.3780609395066735e-09,8341338875368.751,255516644.28,0.9972942257819404,9.333921195891967e-16,0.0002558691990187499,2.176981816715496e-10,274128304330.83444
34,211670,22.309025,1.9912484649311856e+16,0.0754191226917804,5.77705237307856e-08,67317245951566.45,2986238079.65,0.9972942257819404,1.1203536571600553e-15,0.0008337451745413983,6.74445207972232e-10,744180348065.1184
35,196135,7.408238,5352341866796723.0,0.00781767454571354,6.1853770023643476e-09,5648153686748.945,263653596.22,0.9972942257819404,1.3841115131223285e-15,0.0002583956022347814,2.0806768236039058e-10,186686982793.66473
36,254739,24.250904,1.5091487552577382e+16,0.2047698788363699,1.6569327770484965e-07,127429562114544.48,2578370189.03,0.9972942257819404,1.6069260180954354e-15,0.0007590422125704407,6.238351788611397e-10,472356663606.75055
37,205785,9.128997,3875082177034997.0,0.016658851183942586,1.279604009189334e-08,7071359242726.695,575766058.52,0.9972942257819404,2.355820233723408e-15,0.00039123419819151985,3.1609552884033747e-10,166071329463.52554
38,226145,2.853574,1081758314678624.8,0.006752950317333261,5.370427434957715e-09,2559968710952.27,196014864.53,0.9972942257819404,2.6379034589142555e-15,0.0002569527981490126,2.0182953818146758e-10,97407961341.68335
39,165906,9.065228,7551462530953552.0,0.05496584289628576,4.4192323586459014e-08,45787320860940.445,751870879.38,0.9972942257819404,1.2004599059905947e-15,0.0004283365955788208,3.3812590507270474e-10,356810413610.07916
40,229591,3.5762482,2601251035324434.5,0.013277154883896629,9.947725178134338e-09,9657387003480.064,433234981.06,0.9972942257819404,1.374818559006921e-15,0.0003692763203977594,2.952077110778948e-10,268600040331.50418
41,178205,5.825505,2155132575184494.2,0.0070881226494539816,5.731877661313668e-09,2622235157079.309,191910799.07,0.9972942257819404,2.70308428682226e-15,0.00023009193890502627,1.957100604395795e-10,85121999349.6843
42,196981,0.49098277,535163634195081.8,0.0013387719638332592,1.1277917218022989e-09,1459240758129.8496,26775055.9,0.9972942257819404,9.174441958083858e-16,0.00011396638471202538,1.0862704950067646e-10,124221598689.83246
43,106212,0.25122386,166034777083215.7,0.0015970121617710177,1.127218439897865e-09,1055471237002.8678,38358462.44,0.9972942257819404,1.5130797560205598e-15,9.37878680840968e-05,7.273204965694798e-11,61984748464.787735
44,255095,8.619124,4416948864419778.0,0.03499821597405025,3.1007538464071445e-08,17935155626406.977,433380205.8,0.9972942257819404,1.95137509275472e-15,0.00035619781820651577,2.888750108675465e-10,182536827250.2023
45,254297,8.900293,4137931729537123.5,0.021401686821561825,1.5600361855072848e-08,9950090290797.977,832133268.85,0.9972942257819404,2.1509037803761936e-15,0.00043221112130983956,3.455831200880729e-10,200943959117.616
46,270877,13.164923,6058061215433668.0,0.045396943878736,3.591225951078961e-08,20890168898898.19,1656861623.15,0.9972942257819404,2.173124788911131e-15,0.0006822759583701366,5.777597627094539e-10,313960782119.64935
47,16508,2.0307293,686909096272399.1,0.00501935201710312,3.574474806653107e-09,1697832674173.4348,128179863.96,0.9972942257819404,2.9563290266790974e-15,0.00023093337693782026,1.831366027499255e-10,78114910368.1576
48,240101,0.14942355,142917583772578.84,0.003161794114357636,2.4007455696843097e-09,3024128226175.5547,73326392.94,0.9972942257819404,1.0455225036393976e-15,0.00013657306039402864,1.0736889539206203e-10,130626610062.07564
49,232733,9.803903,6597171797729942.0,0.04437162018155957,3.500306924716974e-08,29858231082189.363,1424809094.31,0.9972942257819404,1.4860766553591162e-15,0.000609458654583931,4.986222866465341e-10,410112528439.29034
50,191571,10.236404,5517688462637204.0,0.15760038397791534,1.2979204511605988e-07,84950713197929.34,564711452.31,0.9972942257819404,1.855197891166814e-15,0.00038163632403267925,2.972816780714012e-10,205711922081.07336
51,163773,1.8711076,5742314000697204.0,0.0027630435334073705,2.243158869098188e-09,8479610454482.156,53057816.94,0.9972942257819404,3.258455737134575e-16,0.0001645004261022155,1.3750140624888612e-10,504841677692.618
52,114795,4.4444027,2365396179994864.5,0.010669522698404375,8.374242177428948e-09,5678524188002.633,248781784.31,0.9972942257819404,1.878925288536506e-15,0.0003267040861291736,2.578073436949978e-10,173878167547.3873
53,238664,0.74912745,728027481252638.6,0.0016008744250578211,1.0996485679613251e-09,1555784099857.2559,32428924.51,0.9972942257819404,1.028982379498995e-15,9.440312333159126e-05,8.132426580880179e-11,91744159290.2257
54,168972,0.33048153,836800700878984.8,0.0004722654177704382,3.5771855459281776e-10,1195806714496.9014,8734075.8,0.9972942257819404,3.949345760022172e-16,3.576010595163225e-05,2.5126866515849778e-11,90546911120.36615
55,296287,81.48651,2.71833502806763e+17,0.3012802009054244,2.441053981507857e-07,1005050435200216.8,5468699294.66,0.9972942257819404,2.9976625088014234e-16,0.001517149551848841,1.279224041458303e-09,5061108605102.626
56,179537,4.6083364,1967723681307453.5,0.00838471581432688,6.081595164836367e-09,3580208221970.1045,245420514.01,0.9972942257819404,2.341963174899634e-15,0.00026758528762786855,1.947683033021162e-10,114256829695.5976
57,249888,31.114138,1.1130936669065766e+16,0.3154872226354395,2.6534668661505807e-07,112864071473056.03,3797411552.64,0.9972942257819404,2.795284792740758e-15,0.0009502391818507694,7.857278844975603e-10,339943602282.8523
58,178404,4.510908,6055258756207424.0,0.006558724787523472,4.953326970206741e-09,8804164416389.38,109166178.96000001,0.9972942257819404,7.449570995419039e-16,0.00022337383177886152,1.6645266011192474e-10,299847913277.45
59,188871,2.6788805,4326599038793994.0,0.002422637403701973,1.7727564838968152e-09,3912746635097.5093,48852368.64,0.9972942257819404,6.191654174514672e-16,0.00013242557128807114,1.01558314129506e-10,213877531844.63214
60,293855,13.284407,7215519236317392.0,0.07619187047187402,5.998643993058333e-08,41384151136050.72,1047967817.73,0.9972942257819404,1.8410881552552005e-15,0.0004959265947450472,3.936651404203557e-10,269366023201.80853
61,209022,6.127168,2.3700976019412772e+16,0.048217137534020627,3.962985604655566e-08,186512467165671.06,1267625593.8,0.9972942257819404,2.5851964893687994e-16,0.000531211948275139,4.4626222970237884e-10,2054822333465.413
62,134168,0.36388016,709267181769864.9,0.00022479232841684016,1.385693378918254e-10,438160248307.2947,17024691.96,0.9972942257819404,5.130367925553727e-16,7.493498420196693e-05,5.031523865879821e-11,146061618366.05334
63,90266,10.452961,1.2731147575742888e+16,0.046392895441028634,3.6816182588218015e-08,56504066008257.85,682156521.13,0.9972942257819404,8.210541066947021e-16,0.0003843192870295272,3.3254918507019625e-10,468080341960.25415
64,24315,30.780651,1.9490773046252176e+16,0.09824431855187236,7.53835494669085e-08,62209786140593.54,3563458962.23,0.9972942257819404,1.5792421843380254e-15,0.00088012266925965,6.967310996352038e-10,557306965320.568
65,189023,7.6905084,3248548030806580.0,0.033022856548460676,2.5836423699945844e-08,13949186455879.836,1156975437.16,0.9972942257819404,2.3673679216282137e-15,0.0005069336611940729,4.240175731114678e-10,214133872712.7033
66,229488,15.932619,9685100020983304.0,0.03340005253829585,2.495275755880185e-08,20303181136729.16,1337900487.68,0.9972942257819404,1.6450649931834573e-15,0.0005554059246132839,4.414011356163983e-10,337619441733.1116
67,281563,1.1517557,2185194943811529.2,0.0011617166634694668,9.412027866300964e-10,2204093610437.594,37196942.07,0.9972942257819404,5.270722885671008e-16,0.00011090717173730718,1.0281437241968402e-10,210421177783.44885
68,160531,28.914846,1.0728920915895374e+16,1.3404228196396766,1.1719801149521133e-06,497367007445779.9,2166643646.99,0.9972942257819404,2.6950376675031102e-15,0.0007797542090924016,6.22234125598754e-10,289329614385.25116
69,107889,24.816097,1.8649737348844404e+16,0.1343459344756706,1.039804920044227e-07,100963354223523.42,2953874083.27,0.9972942257819404,1.3306405626960575e-15,0.0008161310685729643,6.573601039368325e-10,613336983294.2507
70,161254,5.019773,9589774878121914.0,0.009178055773856168,6.8579997780103e-09,17533758735729.217,442046057.72,0.9972942257819404,5.234505568480128e-16,0.0002492112663792898,1.9053577819739021e-10,476093230046.27136
71,148259,2.3637116,1092156102432393.6,0.017874357587787007,1.4340948950194775e-08,8258870801564.9375,316958935.92,0.9972942257819404,2.16426167901792e-15,0.0003669998913404444,2.9202282537715136e-10,169572790064.35968
72,224961,3.4688015,5061723259836013.0,0.0062758191269896915,4.973642759049267e-09,9157762313469.785,200212152.12,0.9972942257819404,6.853005037877912e-16,0.0002582593867219935,2.1658759086471883e-10,376855679070.0472
73,81692,5.4887266,928384337699007.0,0.011021384219286256,8.843058017974652e-09,1864199337046.294,413678764.97,0.9972942257819404,5.912127528566201e-15,0.0002914795445549115,2.508604338468005e-10,49301971776.91812
74,258861,11.48033,7929398345327036.0,0.057648816483365395,4.5012176850808745e-08,39817708204664.805,1712873319.52,0.9972942257819404,1.4478185481456615e-15,0.0005867520448633941,4.809375089695127e-10,405266285346.9414
75,209977,4.288857,2440886693534332.5,0.005487127120968151,4.2271288278895095e-09,3122849648589.942,173608871.26,0.9972942257819404,1.757089754047477e-15,0.0002484700681940735,1.933879597455709e-10,141410003456.9775
76,190410,4.536943,1306233658944530.5,0.009115540829699858,6.9815635329267075e-09,2624460181941.256,411152419.57,0.9972942257819404,3.4733012496906285e-15,0.000313950259980107,2.5697920696196695e-10,90389585414.76096
77,186909,1.2162962,533500206569037.75,0.0037741689865355274,2.9945570545430942e-09,1655451964696.7244,87428941.25,0.9972942257819404,2.2798420413406246e-15,0.00015919037127976377,1.175715666299476e-10,69825175776.71935
78,27063,10.336962,4299318486586668.0,0.023852087810922486,1.911794985820069e-08,9920489411607.354,607762368.99,0.9972942257819404,2.404325716331558e-15,0.00044037039230515395,3.6516688114896416e-10,183157543636.41577
79,269209,3.3407466,2645003403231192.5,0.007131141768800834,5.364521818131324e-09,5646011657215.28,171142744.56,0.9972942257819404,1.2630405677054604e-15,0.00021559098663761152,1.7817011844243636e-10,170692052298.2656
80,266324,10.909342,7217559595378619.0,0.03497080134402127,2.6317825855936426e-08,23136486398411.582,1706545829.59,0.9972942257819404,1.5115000930487944e-15,0.0005634676385007188,4.4726334680027607e-10,372787035271.8059
81,170770,0.42510745,462396054534497.9,0.0009666003344453628,7.381220817743384e-10,1051386375278.2075,28786049.34,0.9972942257819404,9.193578661218531e-16,7.889403714993725e-05,6.332626128895719e-11,85814284140.23111
82,171826,3.7672837,2117299665441934.0,0.00190122586673482,1.4010825057656177e-09,1068532452591.0234,46697758.91,0.9972942257819404,1.7792869670215873e-15,0.00012415509940853268,1.0936352303315332e-10,69778007544.42685
83,212537,9.974493,7015488215752431.0,0.030769911665511483,2.488973549347172e-08,21641797000523.14,912216232.21,0.9972942257819404,1.421781733964499e-15,0.000510789960539769,4.1693647602442764e-10,359260460545.8542
84,76996,1.7825953,617585230195980.0,0.008173171945083558,6.370519083039225e-09,2831618751118.5264,251184417.99,0.9972942257819404,2.8863956144714215e-15,0.0002465190899059201,1.9579678836496873e-10,85407242399.46732
85,152731,43.574734,1.7419580490697802e+16,0.1292465175027524,1.0068789202318481e-07,51668017406178.03,3986610711.68,0.9972942257819404,2.5014801029949753e-15,0.0010468051916874466,8.394084145012795e-10,418474322635.6773
86,63183,11.615009,9374834177776032.0,0.02579383797750627,2.053266940705829e-08,20819007014763.67,2687955617.86,0.9972942257819404,1.2389562076238664e-15,0.00048748858359798017,4.08787760126102e-10,393467162598.8385
87,135396,11.026232,3942660010328588.5,0.05654877338328562,4.471160317531123e-08,20220197384873.99,1428640822.2,0.9972942257819404,2.796647941013066e-15,0.0006529631603607226,5.434547296915938e-10,233480643303.35098
88,156805,21.739,8739812968805275.0,0.03512755418006705,2.763089273029656e-08,14122464399712.955,874326928.7,0.9972942257819404,2.487352999153677e-15,0.0005438004894552461,4.4421558553517673e-10,218626181985.53824
89,305531,8.76205,4790637964001550.0,0.049072658782911976,3.7511744920329484e-08,26830404090356.96,612228700.84,0.9972942257819404,1.828994398207705e-15,0.00043161064145119925,3.44157800302616e-10,235982484076.57755
90,263822,5.661055,4461256219118967.0,0.012462891494724813,9.423696141503959e-09,9821517754030.998,565960104.55,0.9972942257819404,1.2689374297174925e-15,0.00036146503474962657,2.8631792031967546e-10,284856468320.9799
91,94602,0.2596542,566532346665873.4,0.0005197438195867596,3.0935248894976326e-10,1134014723334.2314,10708891.8,0.9972942257819404,4.583219325923813e-16,5.9001058416264806e-05,3.780542964984084e-11,128732784142.66658
92,150824,0.1286466,588594973625964.8,0.00017475458607882667,8.617301298807061e-11,799552191694.793,5426598.9,0.9972942257819404,2.1856557694927113e-16,5.337328176335014e-05,2.3669457325231546e-11,244198022892.40646
93,263621,6.706062,7196086489451420.0,0.03824091281358804,3.082872222641215e-08,41035247816401.125,892611095.57,0.9972942257819404,9.31904030034973e-16,0.0004461724809242289,3.7227822785168674e-10,478775138366.43097
94,127242,0.5844718,353918799546537.4,0.0038365883031728784,3.250806416341651e-09,2323192883922.256,80342209.27,0.9972942257819404,1.6514290869794465e-15,0.00014602299411890695,1.2892404384935983e-10,88422200668.62872
95,232554,0.38375777,242446880563474.34,0.00862294201909575,7.0751834624481106e-09,5447721342057.704,302875973.44,0.9972942257819404,1.5828529907586477e-15,0.00025575664568071397,2.1072528735973015e-10,161579532132.12305
96,57177,4.5428104,5542834507774988.0,0.00428849787050096,3.2467299075051263e-09,5232539307194.567,271216394.41,0.9972942257819404,8.195825427635905e-16,0.0002509697414878222,2.1562020368848486e-10,306216553419.45795
97,173804,15.489523,9122989133881086.0,0.027600726217683464,2.0315482028032938e-08,16256222052231.89,1541633212.96,0.9972942257819404,1.6978561272724517e-15,0.000515841355660817,4.0004724025537856e-10,303819238494.31146
98,77696,6.93298,5064733666877966.0,0.0060434533119566765,4.3722520851943715e-09,4414909815587.544,204664277.13,0.9972942257819404,1.3688735590066415e-15,0.00021354959370832903,1.6649458245959505e-10,156003885313.77347
99,257466,14.067389,5125103548491635.0,0.04249534161216131,3.28252649613086e-08,15482121528796.291,1840387753.98,0.9972942257819404,2.744800932683626e-15,0.0006593851143542635,5.248256012699919e-10,240230577927.40347
100,120966,2.0757713,2245283061899836.8,0.000987954238308594,6.655862741882337e-10,1068632617286.1342,26268323.1,0.9972942257819404,9.245031663150725e-16,8.490982287931826e-05,6.069615692175596e-11,91843733989.31207
101,159264,10.056231,3194445030767889.0,0.025189502342386552,1.9716100166694153e-08,8001653958143.246,989181006.76,0.9972942257819404,3.148036952629189e-15,0.0004938523537108732,4.098849143119582e-10,156876288665.6765
102,79026,9.46023,3675757825098223.5,0.010344068820359431,7.506198378105014e-09,4019172040192.5464,443009931.58,0.9972942257819404,2.5736815236861267e-15,0.00030138547161514027,2.3611398511647736e-10,117102861733.83421
103,253381,3.6029568,3181031791970049.5,0.005750505566556746,4.4585957108453095e-09,5077091412008.534,299434931.78,0.9972942257819404,1.1326377840972937e-15,0.0002178065501873962,1.9321771967538404e-10,192300268669.72913
104,9957,1.596593,1329531182714080.8,0.0018921065515114216,1.552235679783062e-09,1575614236848.1143,44521899.61,0.9972942257819404,1.200869164076877e-15,0.00010069153746954138,8.339438325929752e-11,83848882527.46852
105,274109,10.778238,6366556764284910.0,0.03256327600000254,2.5582655428808534e-08,19234678718830.727,1354636409.18,0.9972942257819404,1.6929461872489264e-15,0.0005547658272834314,4.627915573415824e-10,327692534743.1968
106,19239,0.24725987,1507092419229009.5,0.0006216513314175478,5.130779183240479e-10,3789074260141.797,11507696.0,0.9972942257819404,1.6406417207412662e-16,5.8310762727118934e-05,3.86874069138615e-11,355414360063.77594
107,265531,5.9252534,3195825175334378.5,0.04510601701475137,3.522922388093009e-08,24328232904740.117,1550068302.59,0.9972942257819404,1.854060555543387e-15,0.0006552267433499667,5.2528468717371e-10,353400940110.035
108,112987,6.983116,5585303455607610.0,0.004993608558075895,4.000273265367826e-09,3994036349299.228,165950072.02,0.9972942257819404,1.250266177209941e-15,0.00021671548707293022,1.9190677356163925e-10,173335479294.93417
109,116878,13.628493,7164697587298436.0,0.01915793366635626,1.5607357324205844e-08,10071605211006.541,510943829.37,0.9972942257819404,1.9021728180349958e-15,0.00040572936939096033,3.3186749501250513e-10,213297848410.05746
110,312885,1.6346631,4144839896176756.5,0.0037564970684025667,2.7495771718522327e-09,9524946711641.062,123602395.92,0.9972942257819404,3.9438510073883197e-16,0.0001743403247685801,1.3882206729450223e-10,442056062569.2374
111,252218,1.0577247,650827578766284.6,0.006505305663887439,5.067273947051294e-09,4002773438459.4214,284587404.43,0.9972942257819404,1.6251995682251722e-15,0.0002361118989942112,1.8253169808727435e-10,145281787917.32104
112,297206,15.02414,2.026404790770791e+16,0.06391614890084528,5.019333315477049e-08,86207922942872.02,1713424869.7,0.9972942257819404,7.414184998193382e-16,0.0005959070954682586,4.941209704698334e-10,803739177823.9464
113,151746,10.438082,3482497084623269.5,0.02165503680477689,1.7052777051457906e-08,7224852471943.134,808097792.92,0.9972942257819404,2.997298130151679e-15,0.0004234348306133514,3.4383829955654113e-10,141272176549.1921
114,150544,0.47579506,3259393015777536.0,0.00022663157698777172,1.6171138292951695e-10,1552520068595.4834,2791222.6,0.9972942257819404,1.4597658450418503e-16,5.337328176335014e-05,3.961616654924803e-11,365629062665.3206
115,283973,13.695532,1.619494909620137e+16,0.12575480076744894,1.2437665437482756e-07,148704891276350.6,871391741.43,0.9972942257819404,8.45666875434167e-16,0.0004913458144841432,4.0449522218301665e-10,581015798013.71
116,122376,0.39859617,280608192914337.66,0.0014944779855715674,1.3597166255802706e-09,1052099338740.5029,44507007.13,0.9972942257819404,1.4204723171489188e-15,0.00012639579644920364,1.299133496310161e-10,88981527428.0721
117,207315,5.796354,8243166704612063.0,0.011281956646113157,8.410044955004091e-09,16044404704770.75,326056729.61,0.9972942257819404,7.03170784688478e-16,0.0002774777677218833,2.1423403672813077e-10,394609352043.5619
118,203824,1.9602937,1605424278530981.2,0.019554791852838423,1.522180480471217e-08,16014813291583.111,703617834.26,0.9972942257819404,1.2210440107419681e-15,0.0003955694436120193,3.1337690779869196e-10,323960021204.8469
119,306077,5.7784247,5690572266138096.0,0.008330378819957922,6.611059194302827e-09,8203727683649.966,265461293.72,0.9972942257819404,1.0154382423688163e-15,0.0002829549606363788,2.2685756135798147e-10,278653047354.5106
120,241963,11.258432,5406063088353093.0,0.022693539980464198,1.7262571849927083e-08,10896962279689.805,864432990.31,0.9972942257819404,2.082556532544976e-15,0.00044903553452516054,3.4696645577273674e-10,215617452639.53018
121,213400,11.394645,6299633655464726.0,0.0247918327198426,2.0030862508021114e-08,13706391360377.793,815284386.44,0.9972942257819404,1.808778989888645e-15,0.0004710410522490458,4.2636594939195406e-10,260419351884.46918
122,208238,7.976842,4784438148412799.0,0.01638626556424215,1.3801243532609795e-08,9828334831701.959,330716471.58,0.9972942257819404,1.6672473867482762e-15,0.0003692290881523285,3.1655213081187176e-10,221460289029.12613
123,234068,0.6135869,566612764194551.0,0.004440031664323246,3.3577881395358266e-09,4100117871541.141,174990273.2,0.9972942257819404,1.0829034197142092e-15,0.00018027931414409538,1.4251955654617114e-10,166477740177.11865
124,197099,10.459958,1.6421743320290196e+16,0.0595243343160625,4.6899037960866007e-08,93450981299305.39,1407840181.49,0.9972942257819404,6.369578306023089e-16,0.0005080762195804136,4.0388755741147163e-10,797660685166.5133
125,272656,2.6590185,1366748478028574.8,0.016650023915765987,1.3171332807886826e-08,8558193501102.957,638532782.44,0.9972942257819404,1.9455068308072466e-15,0.0003717051751477973,3.030533472883066e-10,191058272971.24738
126,16510,2.4118245,2046796130202960.0,0.004560148242181001,3.6656448848400554e-09,3869972203718.763,264354537.41,0.9972942257819404,1.1783413425551296e-15,0.0002206344202871677,1.8690309478160295e-10,187241516799.14865
127,165907,0.33504608,2424848769769672.0,0.0002760531224288702,2.899450851889105e-10,1997895556076.1152,6564163.64,0.9972942257819404,1.3817194877345893e-16,2.6931183240150873e-05,2.5455997141957142e-11,194910641987.87656
128,240683,4.0558453,2352171637562222.5,0.016519079282481693,1.256938098266976e-08,9580175498038.635,540575198.44,0.9972942257819404,1.7242981911827892e-15,0.0003591009540006605,2.8585126332349277e-10,208259195443.64526
129,144867,27.29628,1.1192755504190482e+16,0.07918133146004792,6.254985827921315e-08,32468060978586.914,3521270801.68,0.9972942257819404,2.4387453107307204e-15,0.0008697761138099001,7.274469840955087e-10,356649015369.8294
130,225181,5.2289877,2517082117428078.0,0.020056930941118597,1.5404295434530524e-08,9654821372477.033,700023622.52,0.9972942257819404,2.0774005201478737e-15,0.0004211885244111465,3.3811906004532734e-10,202747867022.37152
131,257854,3.1748598,1554062324309904.5,0.018653486688505846,1.396846005250656e-08,9130696378978.139,731098926.1899999,0.9972942257819404,2.0429423906211905e-15,0.0004041448182603478,3.175694917865774e-10,197824872652.16562
132,27067,15.467341,2.2722796419817956e+16,0.09321094955327847,7.950058620196382e-08,136934553314436.4,1529077926.79,0.9972942257819404,6.80697072412706e-16,0.000637143266583434,5.551599150159853e-10,936015876085.8231
133,92568,33.00239,6529015246191210.0,0.0318722758212264,2.3813444588416354e-08,6305439538397.025,1128938753.28,0.9972942257819404,5.054727053861973e-15,0.0005057824384152332,4.0112906955508016e-10,100061275915.73897
134,211911,31.611614,1.790446073586584e+16,0.07140030269901151,5.775909715944286e-08,40440324122753.98,3113735531.5,0.9972942257819404,1.7655719692621783e-15,0.0008259993689291134,6.930332613732116e-10,467836702954.8467
135,196300,9.01445,1.1231137929012066e+16,0.03322014631464717,2.5999902759241522e-08,41389108074454.266,1423398374.45,0.9972942257819404,8.026301570666353e-16,0.000599786206299353,5.103343611009045e-10,747275941501.3583
136,284418,1.7681826,907292837069149.4,0.014500112948478467,1.1635206821611499e-08,7440322404964.36,408925206.16,0.9972942257819404,1.948855460726224e-15,0.00033628669010425004,2.8137718269635016e-10,172555993443.9344
137,105818,0.23218156,61522721512483.15,0.011037864747581446,8.898992981860393e-09,2924777828859.0547,190464066.37,0.9972942257819404,3.7739156248621036e-15,0.00026078084378951353,2.243270226438142e-10,69100867563.5249
138,16509,3.8607233,3671122090302154.0,0.00363529202630963,2.6115970018855324e-09,3456761810017.455,180951169.6,0.9972942257819404,1.0516466641626295e-15,0.0001663428071573098,1.3435191867637785e-10,158173665001.5999
139,144384,2.3424566,732469111772968.5,0.007996768370600524,6.097275973310834e-09,2500531205345.676,264961708.35,0.9972942257819404,3.1980278244498224e-15,0.00023246118082571567,1.835403216160765e-10,72688917541.1435
140,101030,1.858089,2158380344109841.5,0.0015926986968239432,1.1778666221569982e-09,1850099516930.652,40582048.75,0.9972942257819404,8.608719056725438e-16,0.00011196661056952287,8.443989959362413e-11,130061870798.36293
141,4959,11.471611,1.0898708157583598e+16,0.660602832349054,5.157310408019744e-07,627611717120242.9,877537294.58,0.9972942257819404,1.0525661238132852e-15,0.0004523011325812666,3.5335912476505665e-10,429712796515.48083
142,274959,12.434177,9997514084409742.0,0.08155407905596966,6.944204360700654e-08,65572337759316.305,2615515221.66,0.9972942257819404,1.2437268800041024e-15,0.0006488084893908283,5.522055651981804e-10,521664764042.63947
143,163772,6.401937,4345202106317931.5,0.014006803482238614,1.0904610847042867e-08,9506871434974.22,396394801.61,0.9972942257819404,1.4733346903914026e-15,0.00035839738992110565,2.9397278192415047e-10,243255922947.0764
144,324155,12.941832,1.1320262696523958e+16,0.055932832440826606,4.508339376702984e-08,48924631117975.76,938167319.87,0.9972942257819404,1.1432448474869729e-15,0.0004902412956380381,3.9825005834255236e-10,428815661593.108
145,278363,7.271693,4276072623221408.5,0.012102850943278126,9.554269789919377e-09,7117004194412.635,568918287.64,0.9972942257819404,1.7005541394481323e-15,0.0003432225319716776,2.7500906732364514e-10,201829817710.51462
146,197660,0.10823055,162860068588153.94,0.0002760553569115931,2.0300994440431634e-10,415394677018.1743,2696080.7,0.9972942257819404,6.645616137722322e-16,3.2608138562037485e-05,2.2406669615084643e-11,49067141234.57242
147,270470,17.478628,1.6158528981754406e+16,0.050605506714098185,4.030262142129346e-08,46783451588770.164,2119249186.06,0.9972942257819404,1.0816967324028196e-15,0.0006525795110772626,5.531363641185518e-10,603292486266.1455
148,240756,0.80970657,718228574540666.1,0.012987731107889757,1.0022404651763821e-08,11520419798664.998,347027595.06,0.9972942257819404,1.127366132039285e-15,0.00034908085162860193,2.7895279163252306e-10,309642840695.55286
149,205651,23.087824,1.309708931387605e+16,0.10828773305795082,8.676933793660311e-08,61428660901830.76,2888027829.47,0.9972942257819404,1.7628209937866889e-15,0.0008271847645337294,6.700774547185912e-10,469239229308.738
150,21510,13.740037,4458584671750534.5,0.008927979059520091,6.97403155038064e-09,2897091949933.3247,152415521.57,0.9972942257819404,3.08170372698235e-15,0.00023787700533920542,2.0057212805843576e-10,77190095613.81104
151,134169,23.088955,3.467220219645174e+16,0.22281304040579636,1.7199457618094148e-07,334593695944920.1,3089256970.05,0.9972942257819404,6.659212146139036e-16,0.0007681564633940511,6.052754516572058e-10,1153524540946.5183
152,169974,3.3458989,1228131337114925.2,0.004760683626282767,3.6114945539022817e-09,1747436166564.3232,191222415.99,0.9972942257819404,2.72438199310185e-15,0.00019838706748799057,1.6890694055688338e-10,72819108330.00208
153,267113,8.571924,4640328623069667.0,0.02968148175553586,2.278642416898716e-08,16067784707999.416,781587934.83,0.9972942257819404,1.8472665831002083e-15,0.0004104883530279334,3.377559619247784e-10,222213922334.38443
154,212332,18.662039,1.012697075085268e+16,0.10947622468081464,8.180597811612557e-08,59407363003388.12,2700601152.45,0.9972942257819404,1.8428056581903997e-15,0.0007647560303456044,6.264849838993175e-10,414995486337.16504
155,208092,4.813952,3843388728009724.5,0.010371227109773796,7.925888192660291e-09,8280235733412.689,314208466.74,0.9972942257819404,1.2525280008543074e-15,0.0002939007051018229,2.1691038257881793e-10,234646015818.6987
156,242026,0.21016608,887787662490187.9,0.001757528563049573,1.2871002358471936e-09,7424186504071.0625,74412647.83,0.9972942257819404,2.367301201398739e-16,0.00013748343554246877,1.0752662595025576e-10,580760215308.6206
157,327259,3.3556087,3336306047422409.5,0.009864901116465217,7.996622996686668e-09,9808154702926.77,50983197.84,0.9972942257819404,1.0057856360607275e-15,0.00012900324674335335,9.474131012374261e-11,128261174268.31532
158,211774,0.91181713,4564513899416402.0,0.0006665661385582605,6.191383863805517e-10,3336798908712.649,32206262.28,0.9972942257819404,1.9976215432635242e-16,7.407175036159217e-05,6.37895179194382e-11,370799717350.769
159,210576,14.740886,5023711106144847.0,0.08061195397438055,6.979141587440037e-08,27472647741060.664,767863960.94,0.9972942257819404,2.9342622791285525e-15,0.0004252794195926507,3.575069281325071e-10,144935721192.22913
160,110739,11.345774,4.280782085744186e+16,0.041248058447613756,3.1733931886071564e-08,155629708184099.25,2466037603.87,0.9972942257819404,2.6503974677392657e-16,0.0006076713446290181,4.886516967433277e-10,2292755528276.856
161,294244,6.8904786,6939459698840204.0,0.01489363959528899,1.2011930496750452e-08,14999511317045.332,448193175.48,0.9972942257819404,9.929416552633932e-16,0.00034583312485524673,2.95556975953704e-10,348291486233.9108
162,178018,9.858367,2900279896879943.5,0.057787890814315214,4.807964532200248e-08,17000894571266.375,561437671.02,0.9972942257819404,3.399108827601574e-15,0.00038863180524234997,3.078822001715397e-10,114333440014.20816
163,81693,0.89878106,3815042166824365.5,0.00026083133255361485,2.344562576116553e-10,1107146752871.0823,11477389.2,0.9972942257819404,2.3558876172216567e-16,6.040717900921071e-05,7.21206734108077e-11,256409425337.74194
164,129616,12.544093,9308256570831940.0,0.06702660740500356,5.566202963811815e-08,49736625740752.805,1078984001.13,0.9972942257819404,1.3476307732328496e-15,0.00046180681328232526,3.7282240485359417e-10,342680519363.98773
165,213628,0.7168711,5444604240548664.0,0.00022024872267620751,1.8644332757138185e-10,1672779289691.4187,8067634.71,0.9972942257819404,1.316663375936686e-16,6.29604511051567e-05,5.061325187190299e-11,478181836419.39667
166,250740,0.20606281,409583708379347.5,0.004026613698142221,3.2449673325921397e-09,8003556637396.964,138175149.59,0.9972942257819404,5.031030428806732e-16,0.00020146779081064596,1.6082627647791613e-10,400450352391.1908
167,93093,8.677299,1.2505067832414542e+16,0.019735354759405407,1.4995501738853397e-08,28441102463235.367,817157368.58,0.9972942257819404,6.939025934355562e-16,0.0004432695234682138,3.576951659784498e-10,638806552478.1482
168,27062,0.42772633,945883774695276.2,0.0008194370843457432,6.315141734981673e-10,1812121882854.9624,17826139.64,0.9972942257819404,4.521975547553877e-16,6.020005792931534e-05,4.518127735462497e-11,133127782970.60901
169,149515,0.75085634,298717494176819.8,0.021787658929548134,1.663310930010895e-08,8667909602273.36,618559240.15,0.9972942257819404,2.513600156124588e-15,0.00040718087004974605,3.3048170105710467e-10,161991106285.38803
170,255016,0.8038678,751102832741632.1,0.004294161472263552,3.5892027911371647e-09,4012297601753.8354,120019899.41,0.9972942257819404,1.0702499910242227e-15,0.00019710555140387424,1.69804946749685e-10,184167767397.26523
171,44458,3.983398,4683561852516817.0,0.009094204709152212,6.900654467909089e-09,10692697605100.996,381255815.16,0.9972942257819404,8.505061159509257e-16,0.0002827367308188108,2.253162309841634e-10,332433506962.7233
172,181631,1.433642,716228798491758.1,0.007308333494424548,5.55345462066492e-09,3651147858174.3325,229681956.15,0.9972942257819404,2.0016536657266196e-15,0.00027722860720633314,2.3031045251121158e-10,138499787427.3602
173,227573,6.892646,3750207032270012.0,0.038116235018741576,3.4475165146475964e-08,20738591915345.883,559199970.83,0.9972942257819404,1.837937463369285e-15,0.00040419053763402353,3.6805775445683867e-10,219915283131.05185
174,174293,6.949843,3852281836634795.0,0.010990386209178095,8.204716520533141e-09,6091945554916.608,323522998.94,0.9972942257819404,1.804084772279049e-15,0.0002815074882233896,2.2386711966745338e-10,156038947032.27786
175,114271,4.887163,2735967989820444.0,0.0040146223086514835,3.2196225242157377e-09,2247495761383.344,111039850.9,0.9972942257819404,1.7862646851803023e-15,0.0001797558004371423,1.4670420302438745e-10,100632231006.12218
176,55967,25.511555,4846535815225737.0,0.03752376946667531,2.855971878853277e-08,7128545972306.111,1041166983.82,0.9972942257819404,5.263874233602821e-15,0.0005489304773589941,4.3314811323799386e-10,104282597379.47473
177,211459,1.154793,486021036718094.5,0.00220306408443237,1.6505037220429083e-09,927209889800.3541,95854835.98,0.9972942257819404,2.376014437148348e-15,0.0001244466371311368,9.826403594624985e-11,52376212528.6139
178,76997,16.739489,8330109167909119.0,0.20070787947075297,1.5245144109047556e-07,99878708773661.97,1483776739.31,0.9972942257819404,2.009516161503278e-15,0.0005707091930536049,4.4188531637097553e-10,284003285958.48114
179,270627,0.38122052,153624756750984.1,0.010307666788093294,8.052670667774471e-09,4153797395247.847,355719426.26,0.9972942257819404,2.4815044662230714e-15,0.00030943823146561587,2.4443878215967193e-10,124697833784.91786
180,196005,15.204552,2.4421099032981572e+16,0.1305557035183126,1.0870642300522987e-07,209694686495287.25,3391350760.76,0.9972942257819404,6.225990066813007e-16,0.0008734955949894687,7.629576989419861e-10,1402982635076.0598
181,241860,5.6411624,2995489731231663.5,0.014505565310607068,1.0902400426135796e-08,7702538741595.829,1061771366.85,0.9972942257819404,1.883218740890328e-15,0.00037526746749828903,3.004418481809666e-10,199269187030.7504
182,202091,2.9072125,1068592436155564.0,0.003196985352726929,2.464389974469294e-09,1175103081190.0144,105655299.5,0.9972942257819404,2.720599923446185e-15,0.00017903218584292623,1.574742837875316e-10,65806142351.18631
183,259949,6.803447,5431826263346923.0,0.019081531352370347,1.4803490615425497e-08,15234566116952.623,563449364.72,0.9972942257819404,1.2525155758218097e-15,0.00037391228850598213,3.076434611458477e-10,298529052830.85846
184,98420,14.287646,1.2688770389977366e+16,0.040826148874976605,3.288146731724555e-08,36257451296148.49,1638458345.52,0.9972942257819404,1.1260071355129539e-15,0.0005815270626891396,5.162992212812596e-10,516450601731.06647
185,86001,5.505874,9418012507527788.0,0.021253359568767595,1.7017030078072326e-08,36354701587003.01,517581643.44,0.9972942257819404,5.846110307879898e-16,0.0004113352648936135,3.3308378310110186e-10,703605035196.1028
186,256753,6.417859,4374516410571454.5,0.012506418233617611,9.729454728748687e-09,8524576778709.271,574725682.02,0.9972942257819404,1.4671013656482359e-15,0.00036189286442102266,2.926851491958342e-10,246672024779.36554
187,173257,17.576294,1.1467175692630216e+16,0.05381729356399018,4.244305884016575e-08,35111631644312.094,2964646333.31,0.9972942257819404,1.5327482957548147e-15,0.0007641040934482383,6.442171402428279e-10,498518964636.6228
188,268714,0.68523073,1347606553603171.8,0.00042526423111061303,3.1018697109274807e-10,836344372438.866,17466918.7,0.9972942257819404,5.084798142067949e-16,8.567364162606495e-05,6.486696661697216e-11,168489759538.8558
189,143045,4.536518,2555203413026732.0,0.0051693167379757606,3.877865886591066e-09,2911628648203.727,196634517.83,0.9972942257819404,1.7754038589931e-15,0.0002357239938383313,1.927765448851701e-10,132772040932.71458
190,321428,7.1860986,9476517167113446.0,0.4174193162445073,4.041959446892508e-07,550462989232548.2,457808689.9,0.9972942257819404,7.583058705299525e-16,0.00036992661090814907,3.287596741745698e-10,487832977805.672
191,51681,3.1850533,1845713674851346.0,0.050618035991652294,3.945136722601156e-08,29332759117064.15,2541328732.39,0.9972942257819404,1.7256486438810854e-15,0.0006742558560061722,5.453668341523459e-10,390726037074.22797
192,183926,3.1646397,5525598938666741.0,0.002011355548175438,1.8244958128695286e-09,3511914510293.118,65102398.07,0.9972942257819404,5.727233798773656e-16,0.00011123689663062301,9.355368657243769e-11,194224472998.53833
193,29357,7.9747357,1276393419234818.8,0.02560943321353687,2.009452859901991e-08,4098908509794.5073,583089604.45,0.9972942257819404,6.2478665118633645e-15,0.000464019533811736,4.25994746535384e-10,74268477556.40457
194,33590,0.29882345,333994496966278.75,2.415734077801031e-06,1.6881410026314702e-12,2700062154.156418,2802710.4,0.9972942257819404,8.946957291639756e-16,9.83497389430045e-07,7.048505912673386e-13,1099253475.0881708
195,135788,17.410301,1.45230366434009e+16,0.04151846442864405,3.1778235516472087e-08,34633185277780.91,1834362828.99,0.9972942257819404,1.1988058301781564e-15,0.0006235377391505451,5.028893031499598e-10,520132387959.675
196,57174,1.0720897,265685426796703.56,0.002327491347383427,1.882870160506549e-09,576799247297.3114,45644372.86,0.9972942257819404,4.03518443945493e-15,0.0001773038810645094,1.4843026921926637e-10,43939473826.99055
197,91486,6.600487,4857386888756447.0,0.008651998950610775,6.1656880604903e-09,6367122041787.419,310530575.14,0.9972942257819404,1.3588555227664415e-15,0.0002685085786984953,2.0039866484235858e-10,197599063476.48282
198,309059,7.791691,1.063650384756424e+16,0.05842359038218737,4.4320236833502395e-08,79754541586499.4,741465493.0,0.9972942257819404,7.3254248874119455e-16,0.0003859082533543232,3.225458795522254e-10,526806648468.22784
199,68205,0.5794768,460602752214297.94,0.0016863432551570536,1.148391625054517e-09,1340406284605.9702,27349617.24,0.9972942257819404,1.2580836680072534e-15,0.00011562167960803262,8.292342310497912e-11,91903012930.11142
200,279860,5.5848966,6575521657511424.0,0.013815633553028731,1.0308934818359814e-08,16266191506604.064,529429168.87,0.9972942257819404,8.493465447901306e-16,0.0003307569653870844,2.5300341712213017e-10,389425220383.7632
201,67234,0.9903629,845110006945075.9,0.00031678306437234833,3.0791559499250066e-10,270321654548.85043,22489385.66,0.9972942257819404,1.1718745392448822e-15,3.971280176121113e-05,2.5119178162663714e-11,33888270827.01256
202,149223,1.1592139,2319542911198676.0,0.0024819963355684443,1.691576218861924e-09,4966380239047.233,67913137.8,0.9972942257819404,4.997596269520835e-16,0.00015577359113444193,1.1418295578401567e-10,311697029398.8501
203,267546,7.8404613,3431101979274011.5,0.13304397008571558,1.2027394720662064e-07,58222011642551.07,333621628.7,0.9972942257819404,2.285114621296965e-15,0.0002794790925286928,2.2548110965496866e-10,122304189874.75932
204,133406,0.4487802,1047057635057063.4,0.00019921099042984687,1.1440945858932293e-10,464782957262.4878,9547923.24,0.9972942257819404,4.2861078986883283e-16,6.413280730719222e-05,4.406279475691609e-11,149629474626.1957
205,230116,8.310022,4453505411031341.5,0.009859866415006914,7.362710423247492e-09,5284097735394.622,234346026.44,0.9972942257819404,1.8659508034763042e-15,0.00026285114102017984,2.146852811002646e-10,140867133544.18713
206,51679,3.8390713,3215292923330267.0,0.007731768854022324,6.083895795919782e-09,6475498822114.439,275910916.78,0.9972942257819404,1.1940035920657733e-15,0.00028406467349259795,2.3708095123591275e-10,237909396069.01105
207,118881,2.529415,773387646596200.8,0.0036627126321387587,2.7588930077335782e-09,1119901915157.4458,116147491.42,0.9972942257819404,3.270565558077309e-15,0.00015009060272269233,1.1240647727753709e-10,45891329819.70469
208,219202,13.140693,6586129022826813.0,0.025887565962923572,2.0503425011302114e-08,12974875032751.656,981739669.6,0.9972942257819404,1.9952073447780595e-15,0.00045242479090943066,3.7400292743468914e-10,226755776583.08838
209,211192,56.60267,2.9211952633118156e+16,0.09051089236554859,7.113310799223164e-08,46711575629977.54,3728204682.83,0.9972942257819404,1.937654449563514e-15,0.0010345747785833648,8.826342505660787e-10,533931516435.46063
210,43181,59.631023,9177181067130922.0,0.10984019289852755,8.630360392002521e-08,16904344214895.918,3793393284.64,0.9972942257819404,6.497749424774349e-15,0.0009785255353452378,7.978402331727062e-10,150594532256.71588
211,149788,0.7830518,3542548993159127.0,0.0008471026578396969,5.657080785783981e-10,3832316926712.1777,20519659.46,0.9972942257819404,2.2104191120916594e-16,5.2178773748008936e-05,4.6782579440351e-11,236058281719.40472
212,138562,7.0397267,4243085193480645.5,0.005051198982148743,3.566098275339589e-09,3044531204667.3403,293791687.46,0.9972942257819404,1.6591056693408602e-15,0.00023120031781616378,1.747763482647126e-10,139352376457.1406
213,240006,2.3443725,1270429772929804.8,0.019638660370215357,1.518902042650708e-08,10642309971976.832,990007118.98,0.9972942257819404,1.845338128839282e-15,0.00045707467222370907,3.6123429995148294e-10,247691555862.01923
214,229871,12.202252,4009108485564384.5,0.11494844957537756,9.436435735383301e-08,37766865050411.67,508289455.79,0.9972942257819404,3.0436322798289707e-15,0.0003488244197189588,2.898106325067605e-10,114607938032.04115
215,187090,5.0172143,1935123931213968.0,0.0103437062777052,7.602059078215752e-09,3989535299585.566,426013635.92,0.9972942257819404,2.5927095516061e-15,0.0002886630204968518,2.3257411112324464e-10,111336428069.25072
216,251769,40.419632,6.689261407134831e+16,0.15810089988599846,1.2758559006101216e-07,261649647884151.22,4224161742.41,0.9972942257819404,6.042465608667652e-16,0.0010542796324250591,8.838620467233922e-10,1744783836109.4539
217,218401,1.7118948,1301013743553022.0,0.011551391875076323,8.846198383436647e-09,8778880329936.752,314293901.84,0.9972942257819404,1.3158160768731594e-15,0.0002927184002028411,2.215756212237294e-10,222461486333.59363
218,275410,2.258432,2637660786502384.0,0.0013252716796130143,9.904520002295164e-10,1547807124933.3162,56048448.25,0.9972942257819404,8.562253385867511e-16,8.968765393158821e-05,6.998626952238912e-11,104747722228.85019
219,262009,1.3040631,1312593305514644.5,0.004122109704047813,3.1837184023300215e-09,4149073462879.297,149171131.88,0.9972942257819404,9.935012577934032e-16,0.0001963464239541764,1.6146684003095964e-10,197630775415.6928
220,58117,5.992412,4849002209948121.0,0.006864307652679051,5.312161422741626e-09,5554531794143.079,507630666.63,0.9972942257819404,1.2358031076385326e-15,0.00028536097083886364,2.3013687006345766e-10,230911355599.47998
221,9960,0.14694236,253319952134115.22,0.0005375220740432326,3.9558130753873033e-10,926656316583.3325,15547791.7,0.9972942257819404,5.800662709828884e-16,3.6599128014332424e-05,2.951695140631357e-11,63094735627.9091
222,289211,33.108395,6.9120745503173736e+16,0.11119269023105412,8.692215111265366e-08,232138152371141.03,5099551477.05,0.9972942257819404,4.789936040038776e-16,0.0010177593245368063,8.276988159407957e-10,2124786878215.9507
223,265598,12.583432,4713418898938203.0,0.052693096907109924,4.260061960583152e-08,19737432427461.29,1554957963.6,0.9972942257819404,2.6697037267013727e-15,0.0006683389414514655,5.623657021563302e-10,250341989175.4245
224,219498,21.149565,1.1141604652328778e+16,0.05504435214467655,4.1488423005379486e-08,28997400652900.04,1721746532.86,0.9972942257819404,1.898251253743723e-15,0.000643129753422503,5.090440564202668e-10,338801174056.45074
225,31452,1.8352804,1039223927753070.9,0.00039435747009174805,4.229449345673986e-10,223304144155.58005,7559017.58,0.9972942257819404,1.7660105305389768e-15,7.228346810711381e-05,5.112709224233742e-11,40930372077.14344
226,48906,0.49959978,576515561509688.2,0.0042735311562158125,3.3237430023321175e-09,4931461767567.045,120289167.22,0.9972942257819404,8.665850730754373e-16,0.00020195327875312453,1.6582054063971543e-10,233044954301.38138
227,190545,18.423544,7407532738825758.0,0.03960638304117028,3.045527411218562e-08,15924492000233.078,1456058003.26,0.9972942257819404,2.487136358295799e-15,0.0006469960383550535,5.214939585585669e-10,260136938691.36276
228,118056,2.8460202,1232827374452022.0,0.0022689620470177207,1.7698527247670218e-09,982859687066.2205,84599572.54,0.9972942257819404,2.308530990614176e-15,0.00011239705239528488,8.515751943631229e-11,48687694838.08492
229,163291,0.3323179,151663419247291.88,0.003952929562660925,3.204485255701074e-09,1804040087870.2532,136403794.75,0.9972942257819404,2.1911539489832113e-15,0.00017689677378981137,1.5373741874305727e-10,80732243333.19847
230,250889,7.6677036,4882397300691477.0,0.02517532622666255,2.0315208344217157e-08,16030346401637.719,869620055.04,0.9972942257819404,1.5704792395559555e-15,0.00048557907677584326,4.2445351643296557e-10,309191655989.759
231,115258,22.774208,6974245487334602.0,0.02886182000322054,2.2552438035837907e-08,8838481580291.371,871482180.53,0.9972942257819404,3.2654726653024348e-15,0.000491125108263357,3.862007991480366e-10,150399393472.7581
232,239929,8.6879835,3436804808445967.5,0.6016336668542117,5.393835888735322e-07,237995097385663.1,744205420.44,0.9972942257819404,2.5279246230828213e-15,0.0004029126776291166,3.265158708872283e-10,159384767231.61224
233,72440,0.52677834,388956213976324.5,0.0027839535533207248,2.0744908313837575e-09,2055581924620.4482,71445272.85,0.9972942257819404,1.3543384089810804e-15,0.00017792604237901473,1.405066034376161e-10,131374877356.44681
234,138157,2.9122016,9504436461748466.0,0.00551165490698456,4.513695569927505e-09,17988168766378.98,234920308.41,0.9972942257819404,3.064044471989939e-16,0.0002385087934046733,2.0081169250200924e-10,778411656831.3845
235,136498,6.6374273,2483944435855759.5,0.045836430862768056,3.577817700516063e-08,17153505756825.379,1196395118.8,0.9972942257819404,2.6721319543982864e-15,0.0006227414547643848,5.029093157987683e-10,233050412701.12515
236,27064,5.8556724,6919944841111533.0,0.013472106027114948,1.0795962063340067e-08,15920670459850.465,595147550.47,0.9972942257819404,8.462021785508074e-16,0.00036623548335550896,3.016726945136751e-10,432799031530.16943
237,285854,7.4936423,7276293612081216.0,0.028429463651374418,1.9309869457590637e-08,27604883777464.37,645430374.19,0.9972942257819404,1.0298707967965873e-15,0.0003472552793726884,2.6343945552424843e-10,337183344214.46436
238,253885,11.484276,5532308393217475.0,0.0380249560205168,2.84218875402785e-08,18317722714434.105,959652501.41,0.9972942257819404,2.075856077379841e-15,0.00046160916187443424,3.637431482598987e-10,222370503863.19666
239,206988,13.029372,5245104203495187.0,0.015372896404381746,1.2111334914488731e-08,6188513425706.069,577562343.39,0.9972942257819404,2.4841016487942415e-15,0.0003756291608253009,3.0646410772221343e-10,151213281069.89
240,124778,0.16387968,635955149023147.4,6.82171165540685e-07,6.155485042772458e-13,2647248671.956892,1108233.0,0.9972942257819404,2.576906252771532e-16,6.954376733452515e-07,6.275193694333696e-13,2698730978.658186
241,235468,0.630478,303928360832200.7,0.016609748246862444,1.2633704436155364e-08,8006898826770.199,528374816.64,0.9972942257819404,2.0744296395165566e-15,0.0003790352787338109,2.871563929989896e-10,182717828319.37582
242,261767,2.648157,1479829379831408.2,0.007148313161629041,5.381133973160378e-09,3994583339588.324,394862582.19,0.9972942257819404,1.7895015709863086e-15,0.0002855746948896722,2.188605399108046e-10,159583371995.74167
243,242673,0.113580756,160144801927268.5,0.0014954443138081308,1.0855504571248803e-09,2108522973980.4077,30008049.66,0.9972942257819404,7.092378561970681e-16,0.00012236217730436316,1.0981433859021536e-10,172526291758.40796
244,195175,8.653338,4989198961842508.0,0.013552576622219373,1.0167090187767011e-08,7813921195944.033,650564770.34,0.9972942257819404,1.7344142949962306e-15,0.0003884868728692643,3.157911530044648e-10,223987356417.69406
245,96317,5.082322,8325654959350575.0,0.012011998371311674,9.495661047241197e-09,19677571356522.094,460103626.0,0.9972942257819404,6.104411034103718e-16,0.0003181390543114082,2.478564654432374e-10,521162570040.00885
246,294525,0.6000337,358161870633541.9,0.00353567736838438,2.70456434661594e-09,2110456163074.2207,137731656.57,0.9972942257819404,1.6753142899846326e-15,0.0002050009483452872,1.6556864519485112e-10,122365665696.7736
247,50228,0.5734171,1114707362971060.6,0.0002058919494274938,1.7771687698763611e-10,400248391621.5484,7795016.95,0.9972942257819404,5.144104354632192e-16,6.708852007227483e-05,5.432110345310512e-11,130418271961.88698
248,52910,26.867085,5725945484544309.0,0.014234834384498159,1.0554056790492609e-08,3033745032896.3228,465513129.86,0.9972942257819404,4.692165699537424e-15,0.00033787169604005296,2.437370867654861e-10,72007622423.34323
249,248676,4.180969,2064490402889489.5,0.0156531145628907,1.1409993587386797e-08,7729238076249.203,179560948.61,0.9972942257819404,2.025182095372426e-15,0.00021633760266493728,1.6923945008504059e-10,106823778049.03186
250,248311,19.229927,1.6919682720916442e+16,0.09567527515514682,7.585515546235626e-08,84181042385728.44,2594041196.55,0.9972942257819404,1.1365418203869503e-15,0.0007575031674737307,6.246076939090236e-10,666498279153.3611
251,238329,8.989007,2569714686086842.5,0.038902799654190405,3.007099744876037e-08,11121261291849.834,1148779075.66,0.9972942257819404,3.49805643742047e-15,0.0005540487335563733,4.636040676767853e-10,158387591357.71375
252,75505,15.216173,7126132177786405.0,0.014958946720789857,1.1431139864603598e-08,7005666377006.428,652946436.69,0.9972942257819404,2.1352639300505664e-15,0.00039907360619948216,3.198395711279291e-10,186896617595.19885
253,176334,3.1767588,2859602176842587.5,0.06952042208983719,6.976681038779329e-08,62579743335601.664,433547663.68,0.9972942257819404,1.1109093515614816e-15,0.00034412485487443645,2.9516218919893346e-10,309768618286.2161
254,229392,2.6062536,4920172055411218.0,0.000552680452934557,4.5017374782621874e-10,1043368504162.6886,16174396.1,0.9972942257819404,5.297078172568448e-16,4.1152076003246125e-05,2.9681347087263584e-11,77688255039.08374
255,24317,38.361027,3.624132934216729e+16,0.1498420524954069,1.2627814882990895e-07,141562298991431.12,6809653155.366,0.9972942257819404,1.0584884080222303e-15,0.0012449198890284357,1.081128967677815e-09,1176129922248.7942
256,169213,0.18661651,1954582489678545.2,8.549787808950561e-07,5.997852651587078e-13,8954869824.669779,1425474.8,0.9972942257819404,9.547640531185325e-17,3.815281742224924e-07,2.67649890564528e-13,3996046698.410065
257,171613,0.8663133,2427836452810326.5,0.0008336663968863746,5.26798672481562e-10,2336343754440.5493,13948392.0,0.9972942257819404,3.568252297213861e-16,8.259346287085353e-05,5.237262727316225e-11,231467553276.27368
258,144686,9.569621,6245927749026549.0,0.012623075411313588,9.506300680385239e-09,8238865153549.786,403695131.61,0.9972942257819404,1.5321376398392474e-15,0.0003093834659903857,2.4383050064025313e-10,201929290127.51514
259,65245,20.98645,8000720435141164.0,0.03499447314147558,2.6447808173856247e-08,13341036544055.914,1175629050.87,0.9972942257819404,2.62307003102149e-15,0.0005181306893550425,4.1396903025279414e-10,197528347786.15088
260,219857,4.150686,1790808486515830.2,0.012208926122292813,9.79033008304064e-09,5267526503100.156,340438182.03,0.9972942257819404,2.3177721298805726e-15,0.00030820724062379304,2.6243606312610884e-10,132975643571.86139
261,178560,11.3682785,7026240877919954.0,0.02068495210013897,1.5225288870064532e-08,12784473568606.945,660156524.11,0.9972942257819404,1.617974489847758e-15,0.000433498636488526,3.460567656542998e-10,267926743720.98145
262,209841,32.834408,1.6994010097413692e+16,0.14800040730183953,1.2085540208351237e-07,76600145070646.62,3886254070.29,0.9972942257819404,1.932116540580204e-15,0.0009233658284824477,7.562386305300768e-10,477903795702.2851
263,250310,2.2734518,2775440051244140.0,0.0019734906192559634,1.6013448477736077e-09,2409246110006.643,123144338.69,0.9972942257819404,8.191320143920548e-16,0.00013426591289893096,1.1689083148514765e-10,163912422588.6602
264,219285,4.4452887,3850661996379838.0,0.005822460131773396,4.6583839647372725e-09,5043615267295.588,154051544.79,0.9972942257819404,1.1544219420398868e-15,0.00017524748441714367,1.4252896133662367e-10,151805399772.18195
265,181207,4.290098,1986650385431343.5,0.04203255654192006,3.187516834829299e-08,19464355978504.504,1281412869.34,0.9972942257819404,2.1594629993583548e-15,0.0005922012038329406,4.669179733870711e-10,274235402046.2043
266,102012,3.344387,1268550768577059.0,0.012690596640144727,9.819535975159998e-09,4813637333704.8125,319843306.63,0.9972942257819404,2.63638403983738e-15,0.0003412025819221926,2.637184412049789e-10,129420667386.24278
267,252584,15.497109,1.7606678882536652e+16,0.06190964073139845,5.2693056417507025e-08,70337194123816.52,1594935030.93,0.9972942257819404,8.801835430400762e-16,0.000526399353645326,4.265229850693685e-10,598056346097.0756
268,289538,12.71366,1.8139618734945108e+16,0.05177861918370443,4.159528408005541e-08,73876791625252.92,1110492208.2,0.9972942257819404,7.008780165543249e-16,0.000515597535258183,4.285873495777081e-10,735645180873.2384
269,109620,18.094614,5460791734029849.0,0.027666941749822965,2.135329938075611e-08,8349634140486.1455,1680159927.29,0.9972942257819404,3.3135513825294503e-15,0.00047403913956339247,3.8376102978539705e-10,143060748073.1225
270,282344,6.3144794,7531250096406516.0,0.08957219680087937,6.845211146162076e-08,106832340888144.52,657277145.97,0.9972942257819404,8.384370880224665e-16,0.00035249797241869283,2.7641218014170345e-10,420422685797.5627
271,129615,16.032894,5541928054071783.0,0.0398159175151058,3.1364066209137626e-08,13762764868000.307,1741526917.0,0.9972942257819404,2.8930173476756453e-15,0.0005719563775574255,4.634671154872642e-10,197702367051.81042
272,170577,22.44936,1.853029841370347e+16,0.10114879423515107,7.866844731334079e-08,83490903142167.03,3165804996.75,0.9972942257819404,1.2114947907907577e-15,0.0008505183379579361,6.823486721363032e-10,702040441628.9667
273,233549,0.91015834,1098076682202421.8,0.001833187254399429,1.220865209157996e-09,2211681297307.7764,61581735.42,0.9972942257819404,8.288659205243186e-16,0.00011532787945331093,7.405089182222565e-11,139139366932.05768
274,256453,8.13758,6869578722685874.0,0.03351645498237514,2.7180732138695637e-08,28293906297300.086,496894809.72,0.9972942257819404,1.1845821015380055e-15,0.00033361681893529643,2.765961067601552e-10,281632500189.00684
275,250115,0.87039274,1369162978164545.8,0.002238985185226797,1.7450021299895197e-09,3522014239539.0596,73199362.56,0.9972942257819404,6.357115653001512e-16,0.0001249102327919077,9.262861339750756e-11,196488847474.29654
276,27061,18.385044,3173559787983447.5,0.020601010104568558,1.7387927083132776e-08,3556071840769.0215,584334315.35,0.9972942257819404,5.7931928900833085e-15,0.00041865066783285977,3.6185635714758e-10,72265963826.1828
277,248841,4.7244835,4451351972437846.0,0.027122847937899458,2.1142776468360874e-08,25554823647177.625,1572189228.19,0.9972942257819404,1.0613592295674093e-15,0.000512954548012193,4.1739493267141094e-10,483299653616.1125
278,246674,15.132822,1.320348316716625e+16,0.09265626092612393,7.23263516261022e-08,80843175282881.22,1663710793.71,0.9972942257819404,1.1461234742686334e-15,0.000594949936382688,4.846574693738722e-10,519097592658.8875
279,33589,30.796597,1.259981320230803e+16,0.060787447187724324,4.606996116458984e-08,24869971172804.94,2849295594.12,0.9972942257819404,2.4442106010237267e-15,0.00078345596223271,6.18852168008671e-10,320535375267.8143
280,299250,9.95566,6940813501768417.0,0.04308179484928798,3.213365954887425e-08,30035447511300.613,705058696.76,0.9972942257819404,1.434365005984305e-15,0.0004343442833443832,3.400874937375084e-10,302812939197.6646
281,282972,19.788689,1.2978476886419396e+16,0.08747113790259557,6.583831074199599e-08,57368234019830.22,2126103316.78,0.9972942257819404,1.5247312279537804e-15,0.0007005422803448473,5.715977111172927e-10,459452962923.16974
282,172905,6.838489,4328027718173790.0,0.004366731596314675,3.2920866091776203e-09,2763671241801.3975,106027359.6,0.9972942257819404,1.580047413117192e-15,0.00015949443722138568,1.2858705280748254e-10,100942817220.10326
283,117634,0.30181062,224479517467118.62,0.00041751797294489203,3.044486962439848e-10,310539877955.64935,11516768.86,0.9972942257819404,1.3444906840741435e-15,6.259497166796457e-05,5.633077002889644e-11,46556642161.540405
284,35232,78.61675,6269748047982438.0,0.28969920908833385,2.347829677104085e-07,23103741259765.094,8735887478.92,0.9972942257819404,1.2539060485101683e-14,0.0013350545701417348,1.0814539860141529e-09,106471658839.82962
285,222023,0.39475062,1348569362168551.5,0.005846617679764526,4.7295269007549625e-09,19973545513984.055,1062865969.72,0.9972942257819404,2.92718069291761e-16,0.000304455155601545,2.64596155300256e-10,1040096897120.7764
286,189342,7.0181327,1.3890337043436558e+16,0.016493530080748973,1.268048513864021e-08,32644109430655.625,909961833.72,0.9972942257819404,5.052528731342915e-16,0.0004132926329361191,3.250987731362592e-10,817991653114.7955
287,90818,0.49507234,962936738069813.0,3.969508829985041e-05,2.1400891462587418e-11,77208633479.40456,5267260.7,0.9972942257819404,5.141275853617989e-16,3.7168903898631115e-05,1.996343537416396e-11,72295097475.60973
288,79708,12.757714,6558490845385356.0,0.09589040862963619,1.0281293556528276e-07,49295380595436.6,818391932.34,0.9972942257819404,1.945220981588547e-15,0.0004882487963257582,4.1408992314826825e-10,250999141458.48575
289,261854,0.831884,1062821559545724.0,0.0009886960396145732,7.374544554161999e-10,1263165858148.3015,42966467.91,0.9972942257819404,7.827127635193697e-16,8.679498165315431e-05,9.169452753573427e-11,110889953120.08401
290,86000,0.37566888,288923863402430.4,0.001119831738340276,6.926422413649508e-10,861253432016.8656,54007846.15,0.9972942257819404,1.300234863178283e-15,9.914935362217051e-05,7.599731831093532e-11,76254957031.23254
291,236479,10.502325,1.0851505550623206e+16,0.02981957799092484,2.2891312267525536e-08,30811017187695.336,1044823587.04,0.9972942257819404,9.678219258153399e-16,0.0005370530771376588,4.4281370399972823e-10,554908979443.94
292,63181,12.114888,7193972551455300.0,0.0194764882651997,1.5885738133519e-08,11565383186257.098,630803500.6,0.9972942257819404,1.684033114297778e-15,0.00042065314629163793,3.584422432914581e-10,249789117993.1134
293,200553,4.3262005,2307451707875991.0,0.006516294671615357,4.8550144804591045e-09,3475575223349.4673,240300598.06,0.9972942257819404,1.8748823584187884e-15,0.00024558686602209356,1.8113669835150203e-10,130987880343.1769
294,266294,20.026995,9675024630336222.0,0.14780630306439813,1.183507840143686e-07,71405102096794.45,2194081531.43,0.9972942257819404,2.0699683737450113e-15,0.0006810846633782618,5.524356130161725e-10,329031434497.7336
295,82406,11.868426,4508123000376533.0,0.016471040610887767,1.3120808369045152e-08,6256387916820.569,1433707260.31,0.9972942257819404,2.632675727571921e-15,0.0004732946545897517,4.0292901006940253e-10,179777041901.87698
296,230876,17.45027,3.0774128605686308e+16,0.06111525756968751,4.853670561576156e-08,107778779137469.34,2938131330.15,0.9972942257819404,5.670435131922993e-16,0.000757297996470016,6.233530640599068e-10,1335520077121.8352
297,257580,2.7007911,1344515213271956.0,0.03139844105510883,2.466748849856135e-08,15630857814814.555,1201524959.13,0.9972942257819404,2.00874714792365e-15,0.0005559750577982315,4.6465804303858334e-10,276777024113.2227
298,235691,1.0919933,2738089075363667.5,0.0012372438606942015,9.43023048745704e-10,3102293666570.629,32436877.1,0.9972942257819404,3.9881584197729707e-16,6.877612916279548e-05,6.014786116353487e-11,172450845537.652
299,57175,8.588424,5951342171216747.0,0.031729714144781616,2.555132348634928e-08,21987082364644.707,837613864.12,0.9972942257819404,1.4431070761713747e-15,0.0003965687624915885,3.3037136964920404e-10,274802035857.036
300,165036,3.0872805,1883487291261428.5,0.014292420101956816,1.0621543101830125e-08,8719515969930.506,502765188.6,0.9972942257819404,1.639129987403501e-15,0.00037787263665807334,3.0716535597782336e-10,230532440722.80722
301,24313,22.137413,1866314533151741.5,0.08600068388225371,6.717533240651475e-08,7250365080618.897,2492257391.04,0.9972942257819404,1.1861565993710294e-14,0.0008318113638246959,6.73408522750825e-10,70126605902.27054
302,66360,8.682392,5097388149539803.0,0.02535509434800291,1.9809502131267217e-08,14885846833450.234,837499873.35,0.9972942257819404,1.703302111844054e-15,0.0004334725424624113,3.5782920417300516e-10,254489523290.2159
303,351439,2.4675472,3306779301356396.5,0.23772610529001922,2.4790181932149323e-07,318578612950182.7,60751436.15,0.9972942257819404,7.462086142210474e-16,0.00016282660575524032,1.7329821347826852e-10,218205207836.165
304,113336,27.396965,9554719459601264.0,0.04994311473455665,3.8793681541208265e-08,17417712152691.621,2178158270.21,0.9972942257819404,2.867375134962186e-15,0.0006650727172501088,5.355158184165272e-10,231944787809.8725
305,204007,2.7294488,2121384777318730.2,0.011960618460372432,9.913558667254084e-09,9296043189801.35,255168013.73,0.9972942257819404,1.286635422853282e-15,0.00024956872669801164,2.0690553569410925e-10,193970041757.8745
306,209543,0.94828975,823863299315407.1,0.0025060856926634777,1.9686637753520746e-09,2177258614389.6104,73931700.97,0.9972942257819404,1.1510280295141022e-15,0.00014742472539526377,1.1238557249619823e-10,128080916897.82568
307,67235,19.601143,8409507199681542.0,0.04007809777852903,3.219715322304086e-08,17194765214359.219,1485003909.2,0.9972942257819404,2.330831347732513e-15,0.0005775092293331517,4.83275248528665e-10,247769633738.17935
308,51678,2.4449356,795978656769315.8,0.0029767218594145503,2.1647370396412635e-09,969108170878.8785,119915144.11,0.9972942257819404,3.0716094950628457e-15,0.00017182395358478553,1.187230341624841e-10,55939387432.21328
309,109991,0.114153765,126460856427590.56,0.0010977510970549532,8.287438439786154e-10,1216101316306.9695,27265271.06,0.9972942257819404,9.02680625647689e-16,9.895259437402851e-05,7.097308381826269e-11,109620824422.84425
310,133407,6.058194,3446020319849263.0,0.02984884653577559,2.5125072475822086e-08,16978613046453.275,177366227.46,0.9972942257819404,1.758026197670535e-15,0.00019728218315041648,1.468270940485194e-10,112217999601.95381
311,286493,10.791008,1.2811582508775304e+16,0.04376418730979148,3.39384650367114e-08,51958862105272.34,1409031255.28,0.9972942257819404,8.422853299043026e-16,0.0005293550221756095,4.18173117556813e-10,628474702552.1064
312,294196,3.9932508,4758911237307028.0,0.02490855074815793,1.9359138811976384e-08,29684482141828.19,241598112.7,0.9972942257819404,8.391101663538697e-16,0.00024568828431284235,1.974634516720527e-10,292796219333.649
313,187091,9.313696,1.508260444585699e+16,0.026208071235079147,2.0422135729111233e-08,42441365031405.516,1748497355.43,0.9972942257819404,6.175124484258659e-16,0.000498200508015211,3.9999418400559595e-10,806786177809.3715
314,215423,1.6287953,1963939400895631.5,0.002703496643797832,2.0742796608219943e-09,3259773391379.3003,71875555.64,0.9972942257819404,8.293510987442927e-16,0.00013384170655180276,1.0306855159438953e-10,161381237396.86407
315,241762,0.12705827,413896534332944.3,0.00017091104227928293,9.829344249229685e-11,556748396453.2693,6976657.6,0.9972942257819404,3.069807535469541e-16,2.2534533056976528e-05,1.205252456285746e-11,73406989840.91121
316,302547,6.8856144,6106551745953975.0,0.0997109082874338,8.333700926166942e-08,88429265091185.7,424521272.38,0.9972942257819404,1.127578163005367e-15,0.0003458552149529293,2.9408585072579395e-10,306723938348.63855
317,301428,4.918173,4882249994720995.0,0.006092049073031319,4.634061382220315e-09,6047551917073.107,360532296.32,0.9972942257819404,1.0073578791167695e-15,0.0002615571396380577,2.1265605124606622e-10,259646690675.00183
318,116432,18.871336,2.0110987435373256e+16,0.07074740103867933,5.6608245873677634e-08,75394772970720.92,2130159855.34,0.9972942257819404,9.383594943134005e-16,0.0008090309215317906,6.706373977759765e-10,862175878684.704
319,298018,2.8344536,1143295604769533.2,0.004053981459521209,3.5186303036646396e-09,1635200232061.5784,113022455.08,0.9972942257819404,2.4791957462054376e-15,0.0001377574663786267,1.0551792090653294e-10,55565385100.98407
320,177198,0.26886594,390380061087540.7,0.0007909802512679063,5.712203365950936e-10,1148464245076.946,26122934.54,0.9972942257819404,6.887286693151786e-16,0.00010702922209422503,9.115014310779835e-11,155401142514.72507
321,35236,0.12410156,504267473512158.56,0.0004129686647128689,3.8849198184877054e-10,1678034226116.4814,7293937.96,0.9972942257819404,2.461026469457736e-16,3.445954828965428e-05,3.2579284599358237e-11,140021038852.32538
322,104755,4.9656134,1105334803165993.1,0.017320631186358952,1.3210989942154322e-08,3855535040864.203,543096082.54,0.9972942257819404,4.492406631707489e-15,0.00039660647665298637,3.0626167105743743e-10,88283743918.8453
323,253937,4.1148973,2279650295730819.5,0.030838769996362213,2.3943155998498884e-08,17084657530136.135,1051682246.48,0.9972942257819404,1.8050563754037675e-15,0.0005221809745195582,4.182733973480367e-10,289287903488.7501
324,213930,1.9720932,2185344665243125.5,0.001019692957062339,8.53307418389046e-10,1129957024293.8672,54844725.76,0.9972942257819404,9.024174682214713e-16,0.00010777005417251247,9.262179558109e-11,119423723462.39151
325,248772,30.082905,2.539421424990321e+16,0.07869420521079638,6.107209201194299e-08,66429007017401.17,2715115754.23,0.9972942257819404,1.1846361814528151e-15,0.0008152668847517713,6.566623414826864e-10,688200223423.8225
326,137218,20.175945,5462071926265919.0,0.025786238243948184,2.0279686357176618e-08,6980901662661.847,742997555.55,0.9972942257819404,3.693826312132262e-15,0.00044688076376765907,3.620350880714254e-10,120980448457.98314
327,132318,10.102562,1.6314509828458904e+16,0.02045122059434299,1.5764553710861342e-08,33026438183738.92,1274573499.61,0.9972942257819404,6.192378506142532e-16,0.000489833642420272,3.938735241076756e-10,791026649831.533
328,291243,17.356365,9935773836113282.0,0.04598684128759168,3.5310425993057764e-08,26325492375318.65,1499285047.64,0.9972942257819404,1.7468558852371721e-15,0.0005680097491419542,4.563711408397502e-10,325161196148.0354
329,128112,8.837554,2750229314982858.5,0.01360124067850268,1.0069139101827183e-08,4232679181836.446,360786519.71,0.9972942257819404,3.2133880443547973e-15,0.00034648410770578986,2.647072248144214e-10,107825168614.31808
330,300148,12.299982,9367988179773542.0,0.06850326266274782,5.1197591470888305e-08,52173877563442.27,1152251903.25,0.9972942257819404,1.3129800939071354e-15,0.0004753587781339991,3.907363637790843e-10,362045685490.50696
331,72441,1.5486,1556956725728817.0,0.00565287169873141,4.558766104813833e-09,5683376347037.293,174237683.87,0.9972942257819404,9.946326538234996e-16,0.00023761638418061797,2.0668836097573902e-10,238898635860.3743
332,249274,11.469123,1.1559572617542938e+16,0.07917626573776913,6.043225678666071e-08,79800678167076.88,888364697.84,0.9972942257819404,9.921753493372522e-16,0.0004689881883808316,3.8643368829027126e-10,472686797443.72174
333,115259,43.88596,3.7494214518518e+16,0.1382453833507822,1.0853056199481947e-07,118110713757862.1,3761554860.47,0.9972942257819404,1.170472846639451e-15,0.0008939853350559584,7.407744100192104e-10,763781353512.5425
334,216499,30.401865,1.7042847220570946e+16,0.10312647972271867,8.221712618039407e-08,57811217775935.84,2904872223.63,0.9972942257819404,1.7838489429926087e-15,0.000994566003148965,8.329920996029894e-10,557539362879.2737
335,76347,6.4410644,2433603823489239.0,0.004871663365089228,3.9842482852202545e-09,1840642765818.8914,187447707.18,0.9972942257819404,2.6467185569937864e-15,0.0001933030741544063,1.5271112077476635e-10,73034994084.88869
336,78475,1.4683088,2942955595331394.5,0.009778541481457308,8.347254781362862e-09,19599292306247.11,183397858.03,0.9972942257819404,4.98923192157325e-16,0.0002678885471484359,2.3003503952376278e-10,536933442580.80286
337,106211,0.20041664,321837913419028.56,4.830392758139077e-05,3.0447018919103216e-11,77568585436.512,1586491.2,0.9972942257819404,6.227253895319047e-16,5.1575834961400984e-05,3.2509373491262345e-11,82822759162.22064
338,133079,5.258148,1833512654128568.5,0.008781847397529146,7.0966185253630175e-09,3062224252720.8677,224693730.07,0.9972942257819404,2.8678002238817882e-15,0.00027538223955099754,2.2032235220905657e-10,96025600827.32907
339,197100,7.1458054,7080942827634293.0,0.020488749878392453,1.6960841215613095e-08,20302773218340.934,396324656.36,0.9972942257819404,1.0091601604397331e-15,0.0002529843488774689,2.034534546349334e-10,250688006517.45218
340,193882,2.9426298,1599557246334908.8,0.0034109543106336632,2.7357411524899868e-09,1854129488014.8936,137960918.6,0.9972942257819404,1.8396526956084225e-15,0.0002001104674091622,1.6456368855933367e-10,108776220580.581
341,245355,0.33334062,383537779658643.7,0.002065247588104842,1.5842195350076674e-09,2376249478347.704,50048816.5,0.9972942257819404,8.691206907874364e-16,0.00012774013750406995,9.023621196534515e-11,146976293233.0324
342,312278,7.846981,1.0877677547501514e+16,0.028268819077604774,2.2013774739458815e-08,39186930435392.15,673622438.8,0.9972942257819404,7.213838584323882e-16,0.00038554052962583106,3.2064102298115385e-10,534445739420.38916
343,142293,6.9271812,2.2165901940065136e+16,0.1271346332222702,1.016115639860696e-07,406811043601831.7,628357116.48,0.9972942257819404,3.125151964819909e-16,0.00038324907319302727,3.3036681356929047e-10,1226337398972.253
344,225519,0.38850775,2107473877232094.2,0.00014184188212024217,8.858363816900834e-11,769426250224.9812,3122396.9,0.9972942257819404,1.8434759936870809e-16,1.7781551507396607e-05,1.1644005013464093e-11,96456648029.53175
345,251623,9.8555765,7603420195663029.0,0.03211978108189948,2.418332034485494e-08,24779899192948.254,612563633.23,0.9972942257819404,1.2962030568324496e-15,0.00033979748846270244,2.9563865879434647e-10,262148346797.6619
346,63184,0.2746092,493680628641056.75,0.0002506258440683066,2.7530135444776994e-10,450564381139.9511,4980216.01,0.9972942257819404,5.562486840042932e-16,4.593640369709212e-05,4.161558365078818e-11,82582494157.8425
347,191572,3.0279548,5028528928251669.0,0.003822850842351362,2.9799184096197165e-09,6348613938740.131,127399161.2,0.9972942257819404,6.021551915487869e-16,0.00020975447129840364,1.6438205110992037e-10,348339554723.2598
348,250975,0.8043419,539285974512757.1,0.0014993092088591408,1.0674630484782157e-09,1005239721809.2861,79473755.9,0.9972942257819404,1.4914941942013603e-15,0.000144289979523587,1.1081864251166274e-10,96741898214.92998
349,291442,11.253158,4958690646970768.0,0.032305510449625804,2.412627319919573e-08,14235384637110.389,801336282.13,0.9972942257819404,2.2693809316123568e-15,0.0004562357762278266,3.55757926813657e-10,201039750476.6548
350,52911,4.1308537,2519694875748925.0,0.018357294785253844,1.624383038787954e-08,11197390409400.5,246137762.18,0.9972942257819404,1.639426162174574e-15,0.0002647942060112917,2.1843743463739304e-10,161516396481.1092
351,299678,4.251016,5390629025864971.0,0.01361709643256925,8.842347646512055e-09,17267569747422.768,316646132.1,0.9972942257819404,7.885936835206146e-16,0.00021705415544040496,1.7024649688603048e-10,275242066955.677
352,220201,10.192002,6362802514642046.0,0.026152541303336614,1.9994253115761407e-08,16326866455594.316,872130101.58,0.9972942257819404,1.6018102049444755e-15,0.0004904446138855167,3.844565771296407e-10,306181476664.09534
353,224103,4.9098005,7136826784801734.0,0.018464059356990442,1.433034660311508e-08,26839133967895.125,696466610.95,0.9972942257819404,6.879528743020204e-16,0.0004344494428467074,3.5575237936370113e-10,631510469794.1538
354,95778,0.117645174,71187587752751.39,0.01187230533661076,8.878680886762197e-09,7183981707379.149,280509461.47,0.9972942257819404,1.6526079575642458e-15,0.0003367303529883946,2.7509692739813754e-10,203756947585.25574
355,110326,1.6089511,2070734028896750.8,0.004525289328180537,3.5199487999597945e-09,5824086637851.674,143163358.34,0.9972942257819404,7.769955375955355e-16,0.00019989290350998397,1.615211030658629e-10,257263901577.3062
356,99977,12.486979,3806178736346525.5,0.009999167931493746,8.046861451879917e-09,3047864528482.7954,329157474.94,0.9972942257819404,3.280712721333208e-15,0.0002994164264678249,2.5147514308330835e-10,91265664476.14737
357,218130,1.6877862,2278987803917569.5,0.0034172864296242705,2.524682479924626e-09,4614301323003.31,67701407.4,0.9972942257819404,7.405858851454595e-16,0.00012861617682689592,9.629715770597123e-11,173668144919.65945
358,177830,10.483122,2591314342394294.0,0.020752055926374472,1.6325258799187052e-08,5129683710270.917,666273474.43,0.9972942257819404,4.045484497382097e-15,0.00041566645201684873,3.3666339067441815e-10,102748249878.5581
359,231940,0.34111804,202748440833588.12,0.006310792659568016,4.784248075850441e-09,3750910893341.9883,174042182.01,0.9972942257819404,1.6824693625140273e-15,0.0002341134701827104,1.7816814824382346e-10,139148727102.45773
360,90265,19.474102,3765041768005779.0,0.028869877002138094,2.272126485981332e-08,5581581772049.843,904458358.61,0.9972942257819404,5.172346868894047e-15,0.00048280456981789435,3.9305348190662784e-10,93343424572.20541
361,170139,0.50138927,528164845003228.75,9.587188462364337e-05,7.797358955320519e-11,100991708662.64056,11309989.9,0.9972942257819404,9.493045111643789e-16,5.870322234082325e-05,4.831022197751995e-11,61838136920.70233
362,195688,0.30370757,562970524909037.8,0.001979633242001647,1.3789289506119379e-09,3669566634038.9463,54674301.89,0.9972942257819404,5.394733055501825e-16,0.00017002190306585597,1.2998630173482485e-10,315162773239.4635
363,116080,5.0437512,3099400495249320.0,0.0038212203866221516,2.932102219485543e-09,2348151581853.1045,95630005.67,0.9972942257819404,1.6273312234836801e-15,0.00020046955303724544,1.6746848473726137e-10,123189151750.00075
364,216379,5.851525,1.1216537713860618e+16,0.010500535104617547,7.848725725758636e-09,20128026115698.06,641078848.6,0.9972942257819404,5.216872754565869e-16,0.00034879603733032005,2.697830782411536e-10,668592188730.403
365,260360,0.3666349,1350579671820708.5,0.00034844690645155024,4.034564860896403e-10,1283580228075.0574,17289140.97,0.9972942257819404,2.714648440589526e-16,7.468903723184452e-05,1.3344288720120271e-10,275133369445.1599
366,109621,0.7632862,653132489712902.4,0.0071906259347919105,5.05977430168092e-09,6152910165786.839,162302044.97,0.9972942257819404,1.1686544644801209e-15,0.00023547560047497014,1.782242523735484e-10,201492919962.20807
367,175888,5.440854,4091950901441372.0,0.0065838273610199505,5.1204758948213225e-09,4951556925596.599,250732587.46,0.9972942257819404,1.3296479188162992e-15,0.00023790095932727317,2.0232949522805896e-10,178920266004.74902
368,103108,8.902604,9151453035159278.0,0.014686921620552996,1.175180429161643e-08,15097456142220.428,313898685.0,0.9972942257819404,9.728077023175208e-16,0.0003370909768298805,2.696641869704371e-10,346513474376.1057
369,95203,2.0850174,1639647660189552.5,0.0016137932441713115,1.4404547064764497e-09,1269079249331.5396,136073069.63,0.9972942257819404,1.2716252708578624e-15,0.00017690190674647676,1.5882550119374813e-10,139114809056.23666
370,122068,17.40402,9872452627957286.0,0.026069567439846213,2.0454275095657145e-08,14787995508004.441,1012860602.15,0.9972942257819404,1.762887162478193e-15,0.0005445902692965953,4.5221776131856086e-10,308919527515.8922
371,47604,14.194181,6037630429615578.0,0.020177288426522142,1.559556881438336e-08,8582602306614.261,877631658.97,0.9972942257819404,2.3509522759748905e-15,0.000397344084813032,3.24966812208467e-10,169014100742.75613
372,273357,1.9333049,1148251866145926.8,0.00874651759291385,6.52966688792506e-09,5194837683565.334,250204417.57,0.9972942257819404,1.6836941066676253e-15,0.0002790516535410162,2.261720951480259e-10,165737738485.8325
373,153234,10.73503,4028682656042549.0,0.03244249718739041,2.5002667870554297e-08,12175143035235.945,1082797280.92,0.9972942257819404,2.6646501887903035e-15,0.0005031723619083211,4.056577574746053e-10,188832426869.7915
374,53994,3.0327272,1985727040823200.8,0.004133086189043482,3.0074369271858078e-09,2706204833602.0967,79744372.26,0.9972942257819404,1.5272628803718944e-15,0.00016615817760952346,1.3035164261442485e-10,108794746303.96524
375,281765,0.36284596,222377070793287.4,0.005874252268425022,4.223959661784922e-09,3600147601349.0137,112599721.16,0.9972942257819404,1.6316698421542152e-15,0.00012935998238281318,1.0109512718801371e-10,79280733786.2085
376,234940,13.138814,5454409709829600.0,0.044273442784822356,3.3388239804709915e-08,18379550560128.207,1377653749.42,0.9972942257819404,2.4088425144011535e-15,0.0005408745186106116,4.2541540203904105e-10,224537102519.99387
377,83063,3.4998996,1783526745681050.2,0.0017701592377012442,1.385755181766794e-09,902061974736.232,32824153.7,0.9972942257819404,1.962347695920614e-15,0.00010821309631615824,9.088202697743115e-11,55144710869.085434
378,152732,1.415026,1511971533719697.8,0.00012417535521902574,8.075886392005552e-11,132682793306.05844,7653877.9,0.9972942257819404,9.358813763634848e-16,1.7795048882664675e-05,1.4548613718534984e-11,19014214121.676567
379,35233,5.191488,3913469466749269.5,0.006943666443948776,5.561432492288867e-09,5234304040707.6,277003353.13,0.9972942257819404,1.3265691847373268e-15,0.00026891938431736765,2.2579863468117694e-10,202717948985.53763
380,208560,10.981085,8588188184916430.0,0.16560884212472518,1.39122183788081e-07,129520889898699.0,1314787552.74,0.9972942257819404,1.2786264999742615e-15,0.0005739072845241046,4.975207004199857e-10,448846699591.8333
381,162849,16.641493,6522332690833107.0,0.05462847523060664,4.844285388688032e-08,21410644456417.0,1352526342.67,0.9972942257819404,2.5514633780317574e-15,0.0005264892431215352,4.527512634774231e-10,206347952180.94724
382,125974,10.901405,4641524868125350.0,0.01348139459921941,1.0844086851733623e-08,5740015006257.236,701206124.38,0.9972942257819404,2.3486688770888636e-15,0.0003852570734879999,3.200364273949833e-10,164032093772.84366
383,59167,1.752719,1897171606478407.5,0.0003389444502057588,2.264790614246084e-10,366878996064.85693,21145631.4,0.9972942257819404,9.238589666927679e-16,7.973728617188123e-05,5.388453610319985e-11,86308937886.18507
384,19237,0.55921423,617372116484713.4,0.0007670274376139348,5.079074829365562e-10,846797751483.4724,15982863.2,0.9972942257819404,9.057976786903472e-16,7.973585948580674e-05,4.432573525682644e-11,88028332774.15028
385,221674,18.646347,1.645525301627044e+16,0.043529644290064985,3.1933039078724375e-08,38414565088876.19,1854827213.34,0.9972942257819404,1.1331546820679738e-15,0.0005648805559424969,4.289265437060205e-10,498502600643.72375
386,86614,6.8364663,4782943251912013.0,0.023451658027610168,1.8557545449212754e-08,16407299412754.545,656659959.82,0.9972942257819404,1.4293429672758668e-15,0.00046667019028661045,3.993575153099254e-10,326492801917.24756
387,4,16.829773,7267036411782334.0,0.03537111958421047,2.752646780128465e-08,15273124239047.354,1198857422.25,0.9972942257819404,2.315905968588959e-15,0.0005704951378098698,4.5745864641265745e-10,246337781217.1979
388,71516,1.135025,1081037119387948.9,0.00696968568925296,5.4569890404828084e-09,6638170031981.173,178662234.1,0.9972942257819404,1.0499408203879414e-15,0.00022860440103669697,1.8498808010082107e-10,217730748817.09067
389,292709,7.9524636,9355708016429474.0,0.015526326204171097,1.1802170898261301e-08,18266009357661.51,423281773.75,0.9972942257819404,8.50011948431348e-16,0.0003299421258788018,2.676597675812475e-10,388161750535.0278
390,173576,0.21154357,1009100753127062.4,8.754936565734277e-05,5.590334592732187e-11,417626169496.0578,20831965.34,0.9972942257819404,2.0963572700194305e-16,3.303331853291458e-05,2.034746899061242e-11,157574851411.69855
391,70577,10.782477,2997818196579652.5,0.01201474813528896,9.244579711981113e-09,3340422667935.2705,311919371.99,0.9972942257819404,3.596774818533766e-15,0.00032198630554469937,2.440836820961548e-10,89520840694.70824
392,265275,14.550826,2.073954219070543e+16,0.04398589873278922,3.530383505391291e-08,62693856868660.14,2569695111.75,0.9972942257819404,7.015982255635833e-16,0.0006678722211765116,5.618450679016986e-10,951929746743.6151
393,261592,1.6783328,4611834494596076.0,0.0009535859559137618,6.878701226351824e-10,2620326913139.9087,46697822.74,0.9972942257819404,3.639186969884954e-16,0.00012013007188593437,9.555839109890493e-11,330101401439.48706
394,73157,1.7765644,1815166716512399.5,0.0005470391934746048,4.4295100528443545e-10,558925607550.6688,15946748.1,0.9972942257819404,9.787334594881904e-16,4.679834826319064e-05,3.3791801469096917e-11,47815212415.097084
395,13755,1.4153599,1476349406370351.2,0.0010597515315540378,8.552351597067374e-10,1105417459198.8047,30014093.0,0.9972942257819404,9.586889755858704e-16,0.00012202934445177812,8.997442361597192e-11,127287731015.37337
396,57179,1.0953795,1436792641054441.0,0.002149175312492953,1.7624783203528985e-09,2819040591252.3955,57209766.31,0.9972942257819404,7.623782783270083e-16,0.0001371601050454181,1.1607928920641757e-10,179910825038.72934
397,125625,6.8543315,6003150704464648.0,0.007900263740929963,6.06109210884842e-09,6919197567526.494,344238633.91,0.9972942257819404,1.1417890100447276e-15,0.0002680445496091972,2.1732446223136196e-10,234758389904.88882
398,175301,1.0950831,520426068921957.6,0.002715987653529019,2.2490077576955507e-09,1290742937925.605,115044954.95,0.9972942257819404,2.1042049301419934e-15,0.0001434458524682766,1.2221231341221405e-10,68171046656.84666
399,281809,15.237806,1.4640655584004384e+16,0.035496131657486385,2.7644371461863857e-08,34105082986470.152,1443902533.73,0.9972942257819404,1.0407871363798785e-15,0.0006191728562754915,4.956549072429574e-10,594908252257.1633
400,230637,0.151809,134780881943052.62,0.0016951289266577238,1.4737846041902828e-09,1504989636596.6982,57684496.94,0.9972942257819404,1.1263392686816077e-15,0.00013539269451529892,1.026542136379604e-10,120205961276.46115
401,77698,0.40448558,277606958458781.06,0.014927189056478279,1.1148276964014436e-08,10244843715585.947,504761579.72,0.9972942257819404,1.4570440966091916e-15,0.00037127216920784036,3.0488194868982944e-10,254811896271.265
402,4952,5.1040654,2457228658911414.0,0.022853306957188572,1.827900992250619e-08,11002171094066.188,676355366.59,0.9972942257819404,2.0771633854625358e-15,0.0004223666305307509,3.600301345555836e-10,203338183932.36298
403,214657,8.481178,4963439535017536.0,0.10515187257422666,8.010466627750305e-08,61538027089638.12,678316438.0,0.9972942257819404,1.7087299926118743e-15,0.0003645164634587053,2.91849467878589e-10,213325958480.7338
404,150300,6.5560102,5690094286777532.0,0.013670859200390436,1.0566438837412758e-08,11865216108340.049,256103796.41,0.9972942257819404,1.1521795368548914e-15,0.00030823562208834207,2.5358708029882155e-10,267523951110.7218
405,258545,22.142395,1.4186806054316496e+16,0.06021611668015958,4.590022411808886e-08,38580938000858.375,2551668504.15,0.9972942257819404,1.5607737862366087e-15,0.0007626971150760877,6.161972705906981e-10,488666020535.31995
406,171260,37.739906,2.075885872759033e+16,0.1745899095834254,1.3653918083905953e-07,96033288167307.48,8129889086.65,0.9972942257819404,1.818014491800572e-15,0.0011925744635433021,9.66769808010856e-10,655976324128.2909
407,117273,1.5884694,1174194909824734.8,0.001366804675577464,1.0009897092849487e-09,1010340578665.0385,34610818.95,0.9972942257819404,1.352815777609785e-15,0.00013040857660468846,9.204229702121212e-11,96397882670.39592
408,89625,5.219462,2213145248574709.0,0.003432844544013465,2.31618029393349e-09,1455587489990.1587,105953297.0,0.9972942257819404,2.358391074133699e-15,0.00013866983006909854,9.469838675694264e-11,58798488338.08691
409,225039,6.8975983,7883162552834440.0,0.00848167590004934,6.708144987605776e-09,9693581291990.764,207153272.57,0.9972942257819404,8.749785703099482e-16,0.00025760519265031004,2.0809720643324992e-10,294413144951.7183
410,271651,1.2531208,1052524480364083.5,0.011155831586399836,8.93383072421753e-09,9370035070445.496,324599561.18,0.9972942257819404,1.1905858945594571e-15,0.00029846492579401027,2.565574544709832e-10,250687436461.22974
411,139820,4.7604966,4265567757065381.0,0.00783474093787933,5.773222992048459e-09,7020195819397.971,204596643.88,0.9972942257819404,1.116028831593363e-15,0.0002452895042399871,1.9424446345822057e-10,219787784415.73535
412,12,12.183703,1.109208464543445e+16,0.040268864659187525,3.304162383428057e-08,36660911331739.78,872924417.43,0.9972942257819404,1.0984141745631975e-15,0.0004858925662476712,4.0083484335850885e-10,442358244731.22296
413,40133,0.283096,623396177605854.2,0.00033754682620309854,2.529303158978584e-10,743300510137.901,11676770.450000001,0.9972942257819404,4.541189217541033e-16,5.430221119312669e-05,4.894980851627072e-11,119577072418.33516
414,323863,5.750064,4570373336905662.0,0.09733378423031165,7.520008894713734e-08,77364657545784.73,253341566.88,0.9972942257819404,1.258116914337908e-15,0.00026177903092016076,2.0859418899497393e-10,208072101993.73532
415,224417,0.36558393,382518578252680.94,0.004026058009984626,3.2033728029299605e-09,4212553833922.9985,85582329.82,0.9972942257819404,9.557285600871014e-16,0.00017680243195532168,1.5377677623993003e-10,184992307794.18018
416,54943,6.605249,1926648865026982.2,0.005873591481463466,4.631494764514658e-09,1713235695034.9243,327962398.68,0.9972942257819404,3.4283616075041755e-15,0.00030444995590232977,2.5471301260397223e-10,88803338374.78926
417,281921,0.16921046,226926555112081.44,0.0031750705585078796,2.4901579856262006e-09,4258057238778.1787,113569145.5,0.9972942257819404,7.456617843443892e-16,0.00014827724947495913,1.1693730795809576e-10,198853223523.22165
418,143750,5.105457,5447164023804812.0,0.0012263855770228932,9.794643159017918e-10,1308467272268.1257,55245913.339999996,0.9972942257819404,9.372688205621296e-16,0.0001268811633318091,1.0289141636911124e-10,135373289442.94952
419,80978,0.89694756,1002521925068741.8,1.1863921262167401e-05,9.890032156749888e-12,13260352904.702745,2111502.84,0.9972942257819404,8.946912157941058e-16,1.4982844726237775e-05,1.2353236556189667e-11,16746386308.196144
420,235765,8.697912,4362046025307887.0,0.056345787098773366,4.307354752401087e-08,28257691806613.906,720699769.61,0.9972942257819404,1.993998217702454e-15,0.00038985715012903986,3.3036580875921173e-10,195515295183.2852
421,235882,13.660662,7756489183005170.0,0.03164766778343643,2.3694778814487953e-08,17969465376536.355,1410925099.76,0.9972942257819404,1.7611913944173543e-15,0.00054235295810117,4.295881293319433e-10,307946631933.5462
422,243255,2.3494341,2709391262031731.5,0.010525313763958,7.98452313880581e-09,12137898714507.516,433663498.91,0.9972942257819404,8.671446361121704e-16,0.00028227164672776965,2.3230757734825308e-10,325518529403.96454
423,246481,0.6307543,723897567728695.4,0.0041360827205563205,3.2173509052722575e-09,4746856614906.003,143060057.66,0.9972942257819404,8.713308734812549e-16,0.00017590428111796116,1.3475525119586527e-10,201880005026.29434
424,252013,18.463182,1.4979241338149442e+16,0.06084475021865788,4.748724083852364e-08,49363549451264.55,2687578722.38,0.9972942257819404,1.2325845871097347e-15,0.0008049422338301847,6.580350225117711e-10,653052327806.3043
425,157544,15.152971,7608418863567627.0,0.029890612573627608,2.393709107412551e-08,15008297748921.977,758010205.9,0.9972942257819404,1.9916057819265084e-15,0.0005034560545959995,4.2116396067074104e-10,252789010337.67804
426,258275,5.443816,2226446207403163.0,0.04080059296414424,3.1221746060270436e-08,16686883881604.213,847552585.5600001,0.9972942257819404,2.4450696279563148e-15,0.00048073375779431916,3.7896685126947017e-10,196613524742.90695
427,160271,0.19747622,179035476605763.62,0.006479873498715412,5.04208542710794e-09,5874769327605.981,190447848.37,0.9972942257819404,1.1030004988052894e-15,0.00021911036442443638,1.684444683785084e-10,198649379272.05374
428,74669,28.910336,1.3144530939451274e+16,0.11887507019007007,9.515054171045077e-08,54048387332572.6,4482912174.61,0.9972942257819404,2.1994193732109608e-15,0.001004833835723014,8.474567407434285e-10,456863228523.82806
429,264296,11.98053,6736594208243026.0,0.025657234796054734,1.966076979199647e-08,14426939319598.863,1101370896.73,0.9972942257819404,1.7784253629735323e-15,0.00046630658889219135,3.7872981810596554e-10,262201944821.865
430,228379,1.2220644,780309477190754.9,0.001423376532938729,1.1346182697443113e-09,908850792366.5961,47926436.8,0.9972942257819404,1.5661278450694167e-15,0.00012312860668695346,1.0391433920461145e-10,78619767265.22983
431,161739,59.36419,2.53774025279328e+16,0.35834504690411967,2.924011221124557e-07,153187746673151.0,9221264566.2,0.9972942257819404,2.3392539852988536e-15,0.0018693779202607274,1.6643442123346755e-09,799134224846.4325
432,134487,6.1236906,1895712434312416.2,0.03151126091459661,2.4273381938519018e-08,9754948941519.62,917103027.35,0.9972942257819404,3.230284556434368e-15,0.0005284989645153355,4.21489024239085e-10,163607556944.98315
433,166800,11.21424,4121295703454689.5,0.021488209274760972,1.6244557615240517e-08,7897036674710.689,715895355.83,0.9972942257819404,2.7210471674234943e-15,0.0004289796251069496,3.3340489972954256e-10,157652403178.71518
434,266232,17.255596,2.1647134473870664e+16,0.07358635813836623,6.012814199648351e-08,92314040619844.17,1148018522.77,0.9972942257819404,7.971307251233874e-16,0.0006166629864035215,5.266692748885538e-10,773603333766.9535
435,98419,15.505636,4195304659267946.0,0.014821107246959047,1.1679606202001327e-08,4010094154711.0483,442369120.55,0.9972942257819404,3.695949939117327e-15,0.00036053806979849954,2.979302276217807e-10,97549500328.08179
436,297888,5.1662793,3203164547604021.0,0.17825699097225733,1.717322815323374e-07,110521797349381.53,316882456.95,0.9972942257819404,1.61286728272027e-15,0.0002698559821959443,2.4967520461847137e-10,167314437515.77863
437,141621,0.9258699,777300650539111.0,0.0014916451902926818,1.1477899304602676e-09,1252289092439.4858,35787065.29,0.9972942257819404,1.1911348579958683e-15,0.00012065559396026197,9.940465939373724e-11,101294654547.57138
438,191252,1.1288222,540134542623129.2,0.013665889813958323,1.0852774356074973e-08,6539044983523.94,476833719.84,0.9972942257819404,2.0898907789121328e-15,0.0003566397267925907,3.0559124569781767e-10,170649935580.9566
439,101571,1.3788884,3660363189963619.0,0.00015797373876563512,1.2196112658569408e-10,419353196646.4143,2542326.6,0.9972942257819404,3.7670808289756214e-16,2.2021884342397507e-05,1.6512122146423538e-11,58458751861.67931
440,179773,5.0564466,4548724821431593.0,0.006999222005461586,5.627770377838437e-09,6296424620988.448,287073957.91,0.9972942257819404,1.1116184861691887e-15,0.0002626916457278081,2.1172200781270257e-10,236314571047.73834
441,214229,0.9165035,1561838280919202.2,0.0011447927921587515,7.548427044738341e-10,1950872207813.6284,57512742.77,0.9972942257819404,5.868107544787558e-16,0.00011469319283388717,8.662093510098125e-11,195451756735.04016
442,164823,11.1491995,4805533727018526.0,0.03782226478085409,2.9065476719731706e-08,16302172100931.488,1156747992.6,0.9972942257819404,2.3200751744421204e-15,0.0005359774555632143,4.199598534748744e-10,231017279727.62524
443,1,15.178727,3375817080083260.5,0.026544383179225407,2.0258923180959075e-08,5903590078186.657,735657874.92,0.9972942257819404,4.4963120453273e-15,0.00044457908318705437,3.592790195956287e-10,98876385514.45157
444,46095,3.3876207,1265098412436459.8,0.007844857498318378,5.901872917432391e-09,2929642260986.55,390834229.77,0.9972942257819404,2.677752708167393e-15,0.0003094077785927849,2.4559602455712195e-10,115547555100.61201
445,108433,0.92729384,1661256662130693.8,0.0003551349314139196,2.2251578130244426e-10,636227962828.5905,15321400.2,0.9972942257819404,5.581881843656067e-16,5.568670420913546e-05,3.4610700360806174e-11,99763315972.77473
446,97457,28.902634,2.016498285453771e+16,0.10152960873347783,7.967030172250676e-08,70835855975566.19,3395005976.94,0.9972942257819404,1.4333081366095018e-15,0.0009244060550289738,7.52985355485059e-10,644945794569.7994
447,119312,0.59759426,539398367017435.2,0.00515668736449339,3.872247367225002e-09,4654510476099.915,121659909.24,0.9972942257819404,1.1078903766512214e-15,0.0002021920709963513,1.564861266067463e-10,182501874966.64578
448,167266,2.1585639,1983302448280234.0,0.001357361774074292,9.917797932385256e-10,1247152761946.7485,41162591.32,0.9972942257819404,1.0883684946144946e-15,0.00011699885778014678,8.849848468284644e-11,107499305941.95337
449,260745,29.798378,1.9591543895106988e+16,0.1033514173692428,8.407249577827826e-08,67950471331394.05,4177231063.55,0.9972942257819404,1.5209816112267795e-15,0.0009155329420339954,7.91129601395809e-10,601935575865.0844
450,127684,3.4044342,1821417412413098.5,0.004522100329860784,3.403420876577014e-09,2419383603151.281,135408163.01,0.9972942257819404,1.869112580564192e-15,0.00017558840149089051,1.4271829319563911e-10,93942121687.44223
451,264710,9.921222,6983066982965505.0,0.06060293319576095,4.807913068698572e-08,42655465412444.4,1460760299.13,0.9972942257819404,1.4207542365269918e-15,0.0005486678940778791,4.676773289918518e-10,386180720051.2651
452,246406,0.7330571,425788619164883.9,0.024819983311997855,1.9522151281374243e-08,14416430073606.854,734030378.69,0.9972942257819404,1.7216455936228968e-15,0.000441408110339729,3.594963214365552e-10,256387326157.44928
453,270902,3.0668478,2375492840938273.0,0.01594903853994643,1.2188937065685864e-08,12353670394563.22,587870172.1,0.9972942257819404,1.291036431323723e-15,0.00038528498678300357,3.052215719885463e-10,298430762629.9623
454,195002,14.881406,6810510160735227.0,0.10728896872208035,8.783503963357428e-08,49101046743602.87,1992848091.68,0.9972942257819404,2.185064796730805e-15,0.0007149405388030125,5.758274345086416e-10,327194204891.6234
455,220875,23.824886,3.0156881381631116e+16,0.07155942165764487,5.612699114810108e-08,90577935637036.03,2240796346.97,0.9972942257819404,7.900314922653772e-16,0.0007429395021457996,6.133914175234031e-10,940392262105.2188
456,243598,7.324601,4307664845183331.0,0.017180327364601018,1.3544933960107232e-08,10103907669132.146,609649043.6,0.9972942257819404,1.7003646437791218e-15,0.00039331424177930504,3.1326709585633235e-10,231311703179.82498
457,148631,0.30971894,691145996351923.8,0.0005913889942518359,3.9921734433236356e-10,1319700163198.761,16504560.2,0.9972942257819404,4.481237562465668e-16,9.008989601719505e-05,5.469861638555117e-11,201037982837.10217
458,93655,16.8951,8748635047566130.0,0.09367948042350857,7.295595522329042e-08,48509188206692.61,1544640122.27,0.9972942257819404,1.9311698234229367e-15,0.0005888841502179563,4.766236258482599e-10,304936491382.29486
459,236195,17.191055,1.6731946003815998e+16,0.04776448045206904,3.68900073139429e-08,46488869230209.78,2105811369.45,0.9972942257819404,1.0274390675226476e-15,0.0006643267125575051,5.278262537229649e-10,646585022466.9032
460,36637,2.6899984,838365210473809.4,0.011960174356556054,9.507297870865446e-09,3727509314406.1255,315118272.4,0.9972942257819404,3.2086236003038864e-15,0.00026295239565337156,2.0987401661123347e-10,81951773847.34923
461,156472,0.5280529,928454207556853.4,0.0021710023692494054,1.5190616355552078e-09,3817186278771.516,41437618.04,0.9972942257819404,5.687441509792124e-16,0.0001316260163852865,9.159472414495494e-11,231432738532.19357
462,9968,5.490236,9635300980535676.0,0.10824351647636687,8.915946959880154e-08,189966125398137.22,644298828.71,0.9972942257819404,5.698043072127021e-16,0.00036228633260945383,3.1988236638610513e-10,635808343362.0239
463,249080,3.529006,2375704998402261.5,0.020304157955410365,1.546639169318784e-08,13668633474416.72,638341082.34,0.9972942257819404,1.4854563181764446e-15,0.0004076695321293467,3.3478837613663786e-10,274440605988.2019
464,44456,12.9358835,4836174065201456.0,0.012267772158982154,9.939974530929127e-09,4586395784491.254,422670635.79,0.9972942257819404,2.6748175987046778e-15,0.0003427335863373785,2.76648492416097e-10,128133442259.14792
465,137891,6.4920907,2582000111843880.0,0.019295484858567878,1.4970062242598195e-08,7674098586285.023,623586190.55,0.9972942257819404,2.5143649956559505e-15,0.0003931853283170632,3.1978119401392213e-10,156375597415.79547
466,274261,5.9909763,1.200935723042758e+16,0.01223649155728636,9.521114042660324e-09,24528956717549.188,591150440.25,0.9972942257819404,4.988590300920458e-16,0.0003647839209669136,2.893152625871503e-10,731236479571.4059
467,210450,4.097396,3843685618210698.0,0.015810833400303658,1.2127014568983169e-08,14831828056812.795,499145572.93,0.9972942257819404,1.066007058586495e-15,0.000376268563783072,3.02595800985793e-10,352970049074.5314
468,236390,7.326537,3091794564412920.5,0.2137565189710818,2.098129374926051e-07,90205132856439.28,629921163.16,0.9972942257819404,2.369671350202139e-15,0.00042511308314691814,3.493218190967271e-10,179397486115.8088
469,266953,28.690346,1.5520138421714662e+16,0.23799108337576896,1.974913344638238e-07,128742070838942.45,2810146253.34,0.9972942257819404,1.848588280621166e-15,0.0008810636060457994,7.381808812483019e-10,476614298209.08685
470,162850,10.298723,3798529177882262.5,0.005546632617816518,4.147225748594994e-09,2045792069343.8904,156651682.93,0.9972942257819404,2.7112396713882014e-15,0.00021219042692476584,1.6059900258982132e-10,78263249525.30688
471,143254,0.17031766,536605065060827.9,2.1582757462179075e-07,1.9639176208311618e-13,679989202.0701007,1098964.5,0.9972942257819404,3.173985321601341e-16,8.426773495028727e-07,7.667921479746367e-13,2654950367.1860857
472,284071,13.790842,7965576488681621.0,0.027406565511856457,2.096292748087906e-08,15830004714487.8,747554318.76,0.9972942257819404,1.731304949440328e-15,0.00048597719760897867,3.787728755784055e-10,280699941258.8051
473,209978,38.90446,4.375605324737118e+16,0.1483835107264824,1.1761333862826808e-07,166887724347795.53,6438374902.78,0.9972942257819404,8.89121781163783e-16,0.0012645452277381722,1.060172605573257e-09,1422240748711.6023
474,266499,11.182901,7925327109746857.0,0.20905103636943878,1.729059173188347e-07,148154566141593.25,1235670698.65,0.9972942257819404,1.4110333674741147e-15,0.0004755128482201072,3.817696985041898e-10,336996175413.8535
475,73955,1.3515642,3415555536347323.0,0.001004809277198659,7.000572327867409e-10,2539266643574.187,27065481.44,0.9972942257819404,3.957084537543182e-16,9.765126979712994e-05,7.11218532579877e-11,246775798875.8013
476,185421,10.401931,3951903632575018.0,0.014709752435060362,1.1230669006429948e-08,5588531983378.304,437176292.52,0.9972942257819404,2.632131743865984e-15,0.0003515132315696226,2.8087684714010766e-10,133546974762.49123
477,64301,4.09965,1334844069092882.2,0.03423825495965253,2.6456864359418234e-08,11147959354818.615,1029801130.39,0.9972942257819404,3.0712576059808935e-15,0.0005231995202351986,4.3001621648714343e-10,170353512260.3628
478,197221,1.9055107,2503965856381037.5,0.00259914911297074,1.951052364918036e-09,3415452159109.7817,66685326.9,0.9972942257819404,7.609970779529798e-16,0.00015283329370248416,1.2427115487510217e-10,200832957353.25723
479,238242,16.185345,8695058458516403.0,0.16577437425761285,1.3281221341149958e-07,89056975621707.19,892535812.07,0.9972942257819404,1.861441769163405e-15,0.0005455342654044634,4.361710207288421e-10,293070819856.82794
480,125975,4.647163,2907921541882905.0,0.03326947140482037,2.8338619030133214e-08,20818080318063.83,341921523.41,0.9972942257819404,1.5981046713491867e-15,0.0002846465630601203,2.2392027004942164e-10,178115093562.5573
481,5,0.25049096,217136966755494.84,0.0012816572051091786,1.0590986635078563e-09,1110998807852.1165,40734212.56,0.9972942257819404,1.1536080831508672e-15,9.372498764275005e-05,7.728591250280012e-11,81245085754.56369
482,141276,6.938383,5391945966746947.0,0.004836378878186735,3.5897169756223113e-09,3758439622877.418,134506670.33,0.9972942257819404,1.2868049944844023e-15,0.00021962703365105077,1.7621509361895383e-10,170676236564.5395
483,213794,5.470833,3758211964481522.5,0.03787413540250751,2.8840354886736703e-08,26017798169693.16,1176970149.51,0.9972942257819404,1.4557010226416934e-15,0.0005884246514413936,4.6543369515872204e-10,404220813401.344
484,60236,64.58299,2.977785217235309e+16,0.24900548332514733,1.9241477844969732e-07,114811167345481.67,6507761265.09,0.9972942257819404,2.1688263352976594e-15,0.0013213426726994253,1.0859701336093303e-09,609243188905.7075
485,19236,13.897484,2661569682426053.0,0.019263079878463252,1.5569294686387563e-08,3689159087693.0767,607819628.52,0.9972942257819404,5.221536784012461e-15,0.0004081867803719757,3.404972381177964e-10,78173686647.53651
486,131964,1.838536,391972490342918.2,0.016821164303840983,1.3124044556992833e-08,3586241260787.9043,451129487.84000003,0.9972942257819404,4.690472023665619e-15,0.0003634452665061027,2.8210935538264785e-10,77485861694.16464
487,276638,13.223354,5870083949919371.0,0.09495456932589393,6.804396136689617e-08,42152035963904.18,718795911.16,0.9972942257819404,2.252668635204379e-15,0.00040426182413593777,3.261150432919588e-10,179459072594.25223
488,201144,0.14578798,553491526032471.7,0.0002201766895763466,2.3216559277578106e-10,835912068405.0214,1978360.64,0.9972942257819404,2.633969503472526e-16,3.315102288918954e-05,3.473580004481464e-11,125859554734.72447
489,118509,4.798438,4655118816017327.0,0.0008822454584335842,8.060321209615845e-10,855894654447.9705,17946828.31,0.9972942257819404,1.0307874384407849e-15,0.0001073393271756884,1.0006716719041244e-10,104133328727.84583
490,193745,3.8817818,1470673730447099.5,0.0031491699982456587,2.467481236647681e-09,1193112294238.6995,158434068.45,0.9972942257819404,2.6394581746013097e-15,0.00017740517482642455,1.505927553776988e-10,67212724389.24766
491,9958,73.02903,9751487597770276.0,0.1289843277152511,1.029564956674876e-07,17223138141394.014,4115679821.62,0.9972942257819404,7.489014293234444e-15,0.0010697875347371647,8.826817399708972e-10,142847575508.51627
492,170382,11.829223,4553203307932113.0,0.16719397714150225,1.2869304164490766e-07,64354875192310.945,770352926.85,0.9972942257819404,2.598000177016557e-15,0.00042718941500145005,3.4034530361965475e-10,164430094647.65237
493,228448,7.367507,3633077479330358.5,0.027997327890423574,2.1974232980331994e-08,13806089555140.65,855843298.99,0.9972942257819404,2.027897021716686e-15,0.00047199491208443743,3.7410715027362244e-10,232750927206.78543
494,191083,1.4644238,2914360401713449.0,0.001057074409344226,7.540504578421359e-10,2103691431577.01,50706267.9,0.9972942257819404,5.024854850275267e-16,9.169665649260034e-05,6.201300701383466e-11,182486179650.69595
495,57178,0.14916861,308002461330765.6,0.00016892763705408765,1.356428588564253e-10,348800783217.389,10911980.06,0.9972942257819404,4.843097985499764e-16,1.2876556518273798e-05,1.0400526439388372e-11,26587437538.588337
496,234304,31.074217,1.8392133759736716e+16,0.3130981950810314,2.586098142055527e-07,185315816126999.1,3436949532.73,0.9972942257819404,1.68953844104953e-15,0.0008559875401799318,7.042923309406254e-10,506639872395.0892
497,224627,10.302766,9069319116494136.0,0.05160155354440045,4.0916899492238876e-08,45423816866366.445,3173083666.12,0.9972942257819404,1.136002148304896e-15,0.0007143969815495686,5.855436157503307e-10,628869393086.5955
498,129951,0.22845079,356528569019127.1,8.020647993775155e-06,7.716213304600696e-12,12517313474.060604,3100343.1,0.9972942257819404,6.407643309721527e-16,1.5073990588149005e-05,1.6227920487707427e-11,23525015141.337685
499,214656,14.917793,1.2703207393577074e+16,0.050853757772732544,4.067133782674471e-08,43304383679928.63,1272414322.72,0.9972942257819404,1.1743327915391394e-15,0.0006465776565678903,5.601700661156986e-10,550591502874.1156
500,4953,0.7723059,1217460226013464.8,7.5728182061257276e-06,5.40194582680453e-12,11937763216.348223,4260531.9,0.9972942257819404,6.3435821844372805e-16,2.0803076366655184e-06,1.479581987390016e-12,3279389430.421726
501,207550,7.635332,2902377920775480.5,0.023189438831186585,1.7892036943032022e-08,8814877369944.031,890692645.28,0.9972942257819404,2.6307159882059506e-15,0.00046455126353091774,3.759758154909358e-10,176587387469.2662
502,40132,5.386218,1933522685763833.5,0.007411994287161182,5.903561018534945e-09,2660727638758.416,210445891.23,0.9972942257819404,2.7857019933915015e-15,0.00025460326114360154,2.18694191825801e-10,91396445760.38457
503,319125,5.323899,5698956997213530.0,0.023259968341952805,1.763087892607736e-08,24898586418964.207,173783010.19,0.9972942257819404,9.341883089490038e-16,0.00022910221492567062,1.9305630281742407e-10,245242006061.30368
504,269584,2.355793,889373830233822.6,0.01548799884025834,1.2039675219873729e-08,5847126997668.116,466007202.35,0.9972942257819404,2.648822036264149e-15,0.00032611756525034236,2.624969916045159e-10,123117959902.76973
505,138890,9.438394,1.8096322767948788e+16,0.019844711935237312,1.561706809149705e-08,38048455321638.41,1126472938.07,0.9972942257819404,5.215641940647061e-16,0.0004604179392954645,3.7760651567817435e-10,882763702982.1575
506,107406,0.43196455,150023755601789.6,0.0008942918054722285,8.035420109479384e-10,310592652246.22894,31614630.62,0.9972942257819404,2.8793076687572753e-15,7.56776075547787e-05,6.605547841365844e-11,26283265375.19402
507,158759,6.756698,5956655337518136.0,0.002586774577648731,1.9413632565243736e-09,2280481471113.188,91253176.46000001,0.9972942257819404,1.134310719212303e-15,0.00015013944172556558,1.0865644772024814e-10,132361829243.60144
508,294300,2.3618546,2812703284294622.5,0.007058881101441466,5.282486582052562e-09,8406333758847.667,238729900.37,0.9972942257819404,8.397098311748559e-16,0.0002534905858309053,2.0309837048240422e-10,301878787671.4999
509,209719,36.305714,2.4786439332092772e+16,0.39183923955226335,3.377757444158477e-07,267514351572745.3,2390173249.23,0.9972942257819404,1.464741002673684e-15,0.0007898223102159441,6.761872367567259e-10,539223186061.0386
510,180593,7.4329863,2792482873788891.5,0.011097150977135234,7.974939944272383e-09,4169065137588.079,405666394.63,0.9972942257819404,2.661784023733255e-15,0.0003182911920485824,2.3462156448063935e-10,119578143534.78862
511,249953,26.73887,1.3748654730433308e+16,0.07624583668640195,6.12184930590937e-08,39204262679550.24,2035528936.36,0.9972942257819404,1.9448353692970574e-15,0.0007355134795719466,6.337099269699485e-10,378188041611.8672
512,143751,0.4496923,356474987777198.2,0.001816951623075106,1.3392255031402582e-09,1440313315632.62,46850860.0,0.9972942257819404,1.2614974834673783e-15,0.00010885225932901091,8.297310373669558e-11,86288130381.2175
513,80979,1.932051,2075164416745129.5,0.002652654551483733,2.0527872564840486e-09,2849145460009.107,89565344.92,0.9972942257819404,9.31035143244408e-16,0.00012806131232058439,1.0905216803687443e-10,137547237877.96564
514,307586,8.410877,6148272402404328.0,0.0753296061729723,6.879057419668187e-08,55065237396441.81,496420060.64,0.9972942257819404,1.3680065633902074e-15,0.0003490602542403398,2.8448612122361954e-10,255159780356.09366
515,36633,5.2178006,1779657410438738.2,0.00235769427071072,1.9907068766073487e-09,804148797947.4127,81578384.97,0.9972942257819404,2.931912945376188e-15,0.0001388353453780974,1.200662049539461e-10,47353160876.43377
516,226802,10.178827,3722819676038770.5,0.03250428799458753,2.307503581058087e-08,11888167752716.62,538763538.46,0.9972942257819404,2.734171377011384e-15,0.00037414986473460315,3.0048938494234253e-10,136842140869.59383
517,66359,28.9208,2098244458415987.0,0.09135319365402385,7.037936922283911e-08,6627801870735.182,3293768934.24,0.9972942257819404,1.3783332005953671e-14,0.0008819616987760057,6.967897269563258e-10,63987553836.405075
518,225945,4.824649,9256820059669102.0,0.005140599725294317,4.175815184064479e-09,9863019393915.27,261643605.38,0.9972942257819404,5.211993934094538e-16,0.00020917169903732108,1.6656116989180706e-10,401327594932.552
519,139475,0.12541592,286131261860186.8,0.0003641659099784672,2.632484234122272e-10,830829541804.5973,10805766.2,0.9972942257819404,4.3831603434259607e-16,6.192254124733243e-05,3.850998869929063e-11,141273730358.06534
520,141009,2.8665063,1731187217188012.0,0.0033011267406160617,2.437108427790371e-09,1993670279277.6182,113183622.38,0.9972942257819404,1.6558037579875968e-15,0.00016892346223090678,1.3393191241616944e-10,102019011260.25356
521,167053,47.746548,1.6917967470058404e+16,0.12733347959098326,1.0309645069359273e-07,45117893456289.25,3664654862.93,0.9972942257819404,2.8222390239549956e-15,0.0010440169154486392,8.810011416526771e-10,369925051204.7655
522,74668,6.0601487,969819850516968.4,0.015988064446597148,1.2422941597766627e-08,2558607558863.1187,510962678.53,0.9972942257819404,6.248736501701425e-15,0.0003816859010763439,2.9670309879763614e-10,61082092511.408875
523,216616,65.11215,4.962985625035951e+16,0.3508759463559653,2.938755150087381e-07,267445058708020.16,7277491963.54,0.9972942257819404,1.311955240642639e-15,0.001522816551971627,1.2922478369646217e-09,1160722946024.9734
524,179338,30.741869,9858978275610892.0,0.16789286152478192,1.3489662455610027e-07,53843573219408.77,3730654582.18,0.9972942257819404,3.1181597261502375e-15,0.000977922370477303,8.251172189828251e-10,313621641084.0094
525,69892,5.157745,9357712848025582.0,0.0070320803416334616,5.572397997686007e-09,12758325307135.496,136216250.34,0.9972942257819404,5.511758144072834e-16,0.0002323870074046338,1.9233203498713402e-10,421620472688.07544
526,164311,1.3905268,1493974621194518.8,0.0007770146593349904,5.759474166678149e-10,834820430172.637,10937477.81,0.9972942257819404,9.307566408913919e-16,7.136595689483403e-05,4.925001565864523e-11,76675205697.68524
527,182102,1.0062993,2325918472071853.5,0.00015174055479889582,8.536473585948188e-11,350726825874.9491,3681912.8,0.9972942257819404,4.3264598999621033e-16,3.999430419793992e-05,2.039719597966406e-11,92441176210.34749
528,147686,8.630169,4690515579808631.0,0.012497115233022464,9.831287687141586e-09,6792209249106.899,351143347.91,0.9972942257819404,1.8399190564786704e-15,0.00031198906969438284,2.406324399250813e-10,169566736425.61386
529,220696,7.959794,3445890937449438.0,0.04297048842807811,2.9600928166649274e-08,18602443310981.453,183820595.77,0.9972942257819404,2.3099378780373237e-15,0.00022805852764513232,1.8448551945893085e-10,98729290433.95139
530,111663,0.30787966,432630340223211.25,3.024766103005583e-06,2.0279295704866683e-12,4250380126.569395,2865626.2,0.9972942257819404,7.116460205753313e-16,1.2190403756396417e-06,8.131794892422271e-13,1712986991.2770772
531,80386,21.748566,1.1366261061952772e+16,0.03285530153450009,2.604863293626516e-08,17170876209047.785,832144505.64,0.9972942257819404,1.9134318560393425e-15,0.0005274856102983405,4.220097862776948e-10,275675148102.84143
532,210307,5.779638,2202837974555190.2,0.018092107290172646,1.3544658103770178e-08,6895584287202.606,626259539.55,0.9972942257819404,2.62372360870847e-15,0.00038938715304070385,3.0387038129850176e-10,148410126641.49484
533,207449,0.6840715,2073846490348797.2,0.0002988233714970511,1.8768169400197053e-10,905919630058.1945,14749806.72,0.9972942257819404,3.2985638193738584e-16,3.0536658359142803e-05,2.3932800332080765e-11,92575617848.55612
534,200869,0.1963022,435217594962989.94,0.0006627078855215163,4.617135247374549e-10,1469276106430.202,17681079.4,0.9972942257819404,4.510438049194522e-16,5.905693593682005e-05,4.295561900796545e-11,130933925469.53723
535,105315,1.1896191,473196225858399.1,0.004789871062673175,3.5450933852826533e-09,1905272796313.7998,113572138.45,0.9972942257819404,2.5140080055414173e-15,0.00019987353519425172,1.5751889934229016e-10,79503937439.21548
536,223467,1.0863438,1361881332056703.5,0.0014182577428291738,1.0518207828804434e-09,1777981099541.3503,60787306.65,0.9972942257819404,7.976787510255474e-16,0.00011595324415963837,8.662437970162739e-11,145363335817.28406
537,242500,3.337179,2800313292121671.0,0.0061497382121754604,4.382513748269425e-09,5160404538870.557,179868633.74,0.9972942257819404,1.1917163016683643e-15,0.00021023245734443996,1.5837190258726977e-10,176411497476.47266
538,190081,1.5235634,756653203515337.9,0.008997736725216829,6.6667397705712274e-09,4468580905476.541,228652848.32,0.9972942257819404,2.0135557385096255e-15,0.00025889971234037,1.971726826290943e-10,128578368797.47859
539,147462,22.43387,9333275247425800.0,0.04196159393693363,3.2371640537047064e-08,17457491999111.844,1649491351.57,0.9972942257819404,2.40364388762535e-15,0.0006400240841295776,5.111941146447045e-10,266272423891.3284
540,69112,6.954431,2072751749326769.8,0.004333375626282471,3.3948084850963582e-09,1291552380038.9966,128120939.86,0.9972942257819404,3.355168317797247e-15,0.00019097547852813042,1.5319669866763858e-10,56919790734.52585
541,150035,0.17902659,262849142950339.12,1.4924712804783514e-06,8.113232354825258e-13,2191265537.4362535,1839552.0,0.9972942257819404,6.811001473716961e-16,6.954376733452515e-07,3.7804730355284953e-13,1021050540.1134951
542,207664,37.437305,9755668760437590.0,0.15322474576029235,1.2181476012396403e-07,39928351293974.72,6560449617.61,0.9972942257819404,3.83749242817883e-15,0.0011372444494013203,9.223571273808198e-10,296350929854.74005
543,0,122.3265,4956913460189628.0,0.16591342266565923,1.3740790070965798e-07,6723142393819.305,4416021879.5,0.9972942257819404,2.4677957560170994e-14,0.0011847860073891053,1.0243428739376839e-09,48009889169.32459
544,164822,8.175745,5322941503553458.0,0.007154743439996539,5.752208299317747e-09,4658203112258.8125,201177416.39,0.9972942257819404,1.5359449271689503e-15,0.000254898678729822,2.3393853752216195e-10,165955610921.31772
545,181012,3.562751,7396429451772643.0,0.004393557893646351,3.4184943874153817e-09,9121221495028.434,148023260.67,0.9972942257819404,4.816852541121911e-16,0.00018688450823577652,1.498956193702801e-10,387980546716.60876
546,62176,3.1504788,1345402757252565.2,0.025161319771779066,1.93938339493822e-08,10745068018570.715,833770012.87,0.9972942257819404,2.341662214542777e-15,0.0004630823746478812,3.75561321804066e-10,197757973704.29053
547,269931,2.9597657,1285439996204551.0,0.005340505473722403,4.195308059964181e-09,2319406342154.7554,140250738.05,0.9972942257819404,2.3025312023424974e-15,0.0002605886421391488,2.1166477862491978e-10,113174858118.76816
548,226686,1.6465667,956080902810800.9,0.0120115033885077,9.106425207662808e-09,6974493656284.581,360460414.77,0.9972942257819404,1.7222043606971192e-15,0.00032080154623696707,2.457436439958321e-10,186273797441.27
549,85129,1.531136,1427627055241424.2,0.00018766644434083706,1.2587300035691254e-10,174979683909.16147,36384467.95,0.9972942257819404,1.0725041910480406e-15,6.533277479150491e-05,4.680559736419098e-11,60916102087.82715
550,258371,20.821558,2.913446595630576e+16,0.05893374899511586,4.669050239323607e-08,82462767857029.33,2457964603.63,0.9972942257819404,7.14671002764458e-16,0.0007417122356512897,6.092330362446785e-10,1037837316446.6335
551,38728,10.455536,2789434801079502.5,0.015436532447972096,1.127205224508768e-08,4118315963750.3354,419633838.36,0.9972942257819404,3.748263266792879e-15,0.0003799483181419662,2.8460200291317564e-10,101366497254.35663
552,223082,1.1233834,697797564720735.1,0.01123157449981038,9.264290879327413e-09,6976572142642.656,231320335.79,0.9972942257819404,1.6098987110245765e-15,0.00028143765266462427,2.3578400365690425e-10,174816993601.73465
553,91995,30.541168,8298224308755298.0,0.07855918675019277,6.10209068864658e-08,21345017098445.508,3538290529.94,0.9972942257819404,3.680446185068364e-15,0.0008311787786407224,6.705690234505696e-10,225836416794.4717
554,241447,67.52721,4.907786356023697e+16,0.12485748791971829,9.627904436594798e-08,90744734701727.94,2704220255.77,0.9972942257819404,1.3759199178896359e-15,0.000994101286163161,7.852375652717652e-10,722499378952.1542
555,129167,0.16730899,593815701942023.6,0.0003359389421995397,1.969380130537287e-10,1192319783723.9983,6830067.5,0.9972942257819404,2.817523845409109e-16,3.080583557951602e-05,1.9031202306245282e-11,109336556741.87546
556,187737,10.303789,6466863623527424.0,0.047284858309402454,3.7393428962295364e-08,29676920805028.44,2014576958.98,0.9972942257819404,1.5933209048221247e-15,0.000486956335915473,3.9926474075254126e-10,305623515289.1789
557,247428,1.7781484,2179566046904723.2,0.003231975580188613,2.597578216425347e-09,3961595240872.0747,106525966.37,0.9972942257819404,8.158268030120995e-16,0.00018962795977766752,1.479355719067781e-10,232436540547.01996
558,4956,1.429634,1460275621475909.8,0.002904079521872698,2.4572962839933043e-09,2966323218822.5215,105906394.25,0.9972942257819404,9.790165493244762e-16,0.00019029763688849688,1.424471355053797e-10,194376322871.97055
559,255418,8.939146,5.507764786148841e+16,0.03470922482181188,2.7827053254378372e-08,213857393343948.9,1042753025.77,0.9972942257819404,1.623007943708951e-16,0.0005065526143726229,4.3013814079431886e-10,3121072921029.7783
560,168330,15.824483,9268309768109708.0,0.21993467110356585,1.7565577445853906e-07,128814487053711.34,3132431099.8,0.9972942257819404,1.7073752815695368e-15,0.0007803841414669873,6.500149553792353e-10,457066557007.6688
561,93654,8.012632,6117464294343076.0,0.008056498187676304,6.012593156966691e-09,6150955141899.627,180715518.09,0.9972942257819404,1.3097962839618726e-15,0.0002297122437260821,1.6911980748520856e-10,175380130894.2856
562,212989,3.465438,2415666366757435.0,0.009566103474282417,7.738992154649948e-09,6668281014909.366,317688003.25,0.9972942257819404,1.4345681372596498e-15,0.00030990280038678395,2.6398165252160153e-10,216025152335.23068
563,274633,0.46224123,721862923675291.8,0.00021547188185760952,1.792264682008801e-10,336493485463.3176,5611673.2,0.9972942257819404,6.403448838271755e-16,4.230570819882067e-05,3.244289964206093e-11,66067066774.9704
564,185238,1.7955804,1305775700809639.8,0.0017853803566844472,1.3124190158423767e-09,1298358060970.9253,33630518.25,0.9972942257819404,1.3751063056899124e-15,0.00010975736155662184,1.0709147777589863e-10,79817364739.34271
565,76998,16.82546,2.3727795302556656e+16,0.09493900607040504,7.560122757331514e-08,133885986015642.62,4255547597.4,0.9972942257819404,7.091033863642218e-16,0.0010017624855742536,8.621333018637086e-10,1412717108446.738
566,36636,1.1579124,376213978532829.3,0.007925225115440913,6.428639622664922e-09,2574962036375.4004,270313012.04,0.9972942257819404,3.0778027029076963e-15,0.00024625715203170027,1.952555680605966e-10,80010701075.49567
567,44457,0.33472732,1417512588689571.5,9.206651051669872e-05,5.1020626046697436e-11,389885826033.38525,1804495.9,0.9972942257819404,2.361371057095449e-16,9.583501534792644e-06,5.310902360483415e-12,40584479537.83517
568,137890,1.5979009,4377841619979084.5,0.0004085005045293112,3.356511589854414e-10,1119187372953.3997,13600765.9,0.9972942257819404,3.6499742080839235e-16,8.635152466424867e-05,5.7755767379084055e-11,236581191376.6356
569,293770,10.940856,5040517521225247.0,0.025070203733201936,1.9296414946891242e-08,11549992174094.143,852458731.38,0.9972942257819404,2.170581880517003e-15,0.00043031926105804196,3.575846625489776e-10,198250646483.5806
570,277640,7.581719,6040697310213897.0,0.012312827615668554,1.0133563257194728e-08,9810184822082.752,173362002.84,0.9972942257819404,1.2551065896283978e-15,0.00019624992083455307,1.6305990477197155e-10,156361158849.98837
571,174484,15.335995,8449890451072549.0,0.04485299147033558,3.419465460141485e-08,24713288203812.473,1247749665.17,0.9972942257819404,1.814934180366018e-15,0.0006141914786888075,4.913400543568583e-10,338409781100.1297
572,146481,23.040565,3.649147562748074e+16,0.0804300237873078,6.155311759706497e-08,127384473981095.45,3182144856.4,0.9972942257819404,6.313958151543968e-16,0.0008065131564328391,6.405729660157333e-10,1277349543781.2183
573,196726,0.26891518,671575671357010.0,0.0001807532028242323,1.7346567737354572e-10,451404244031.9421,5717067.26,0.9972942257819404,4.004242432675089e-16,3.930106375332156e-05,3.193267195163589e-11,98148562216.46387
574,203534,1.9700032,1709285996125834.0,0.0030578147169868955,2.245525573131215e-09,2653132682471.369,94652564.27,0.9972942257819404,1.1525298893602897e-15,0.0001782371163097689,1.3733658229216292e-10,154648584783.0803
575,133794,22.067768,1.967967217240568e+16,0.0948659978148533,7.475357008916942e-08,84599934950578.89,3834614680.45,0.9972942257819404,1.1213483541124657e-15,0.0008268436542516105,6.679104374028934e-10,737365557473.0367
576,155534,13.209947,5008470313195222.0,0.01995839974169769,1.5588012427932765e-08,7567104743507.002,782234564.68,0.9972942257819404,2.6375212737504543e-15,0.00045662683002175376,3.6955979185712414e-10,173127259509.24667
577,94092,9.860827,7449321645646357.0,0.00713196587208854,5.441786885766062e-09,5387814606924.982,186613730.07,0.9972942257819404,1.3237214700969465e-15,0.00023787638494748351,1.8510081242897588e-10,179702747383.90543
578,89111,38.968937,7103580022468415.0,0.07440104385000333,5.885987401620694e-08,13562437403506.291,2877731073.23,0.9972942257819404,5.485816570904022e-15,0.0008325136059998431,6.891398185924052e-10,151757463130.53464
579,6,11.185091,6941201711115441.0,0.041499702298245615,3.231560626344096e-08,25753729192132.98,1113441981.51,0.9972942257819404,1.611405555624254e-15,0.000577634976465888,4.6338219234316066e-10,358466541492.1657
580,60235,10.286401,4069081840925515.0,0.014870954995600084,1.1295923554402856e-08,5882634065093.989,1353818264.84,0.9972942257819404,2.5279415362312674e-15,0.0004125297682545726,3.501203718188338e-10,163188017737.77753
581,41831,1.854183,753883451598341.1,0.002849407046441337,2.2840738250100882e-09,1158526865568.1934,54887522.49,0.9972942257819404,2.4595088220451927e-15,0.00016264821569363818,1.3732575967558309e-10,66130364825.6032
582,275987,2.4495661,1222135092576838.0,0.013963425480604858,1.0653518133608068e-08,6966618411492.874,424488807.32,0.9972942257819404,2.004333330151872e-15,0.0003145610598478332,2.396395248091576e-10,156940492439.94678
583,202686,23.204193,4.434407606243075e+16,0.10573539095013922,8.330283260192786e-08,202064265660254.8,3124168186.43,0.9972942257819404,5.232760508378049e-16,0.0008954071123202338,7.499640705204346e-10,1711156302465.245
584,241217,9.427097,6780506468935967.0,0.02573666004268285,1.9892872777421497e-08,18511275518668.883,1209342403.21,0.9972942257819404,1.390323428373537e-15,0.0004804931028964075,3.843397682072802e-10,345598076742.841
585,209180,0.17999423,763461857569635.0,0.0009516281750212818,6.267104530634367e-10,4036417246360.339,25516309.04,0.9972942257819404,2.357606057399964e-16,7.076596856097595e-05,5.084611215717148e-11,300160276305.9521
586,157324,23.551188,9883145010101224.0,0.05218244495650294,4.0074823901674017e-08,21898117007377.453,2895082348.85,0.9972942257819404,2.382964934333063e-15,0.0007387891144888938,6.072656180354392e-10,310029368810.5251
587,172738,13.435963,7750333773699850.0,0.013649129955651679,1.0735084008738746e-08,7873295935461.086,539966254.22,0.9972942257819404,1.7335979833015562e-15,0.00038085238965693627,2.9452371370816395e-10,219688989791.98206
588,198947,3.8180761,6303173264627697.0,0.009176572989506256,6.951951393157641e-09,15149391477126.527,247776901.68,0.9972942257819404,6.05738719166483e-16,0.000300174847964236,2.226580550339791e-10,495551693273.44104
589,221927,12.806509,8984570435817162.0,0.051496657356227035,3.9536927735943926e-08,36128139622293.93,2527637892.1,0.9972942257819404,1.4253891258892697e-15,0.000705305714081177,5.556210927959839e-10,494816258431.29114
590,4950,6.189589,1425697483754335.2,0.003259767779258104,2.4603115711140625e-09,750848355280.413,70707118.0,0.9972942257819404,4.341446253872003e-15,0.00013158554088371792,1.0541592128574139e-10,30309148884.743374
591,240514,5.5019584,2350104690607919.5,0.012309800005384846,1.0071582309287872e-08,5258003901501.748,402953991.96,0.9972942257819404,2.341154597064681e-15,0.00032578337368518583,2.7059497882550015e-10,139155002447.788
592,237458,4.4611454,3950341170620994.0,0.012913404048472374,9.853053072147564e-09,11434810366311.807,336745719.7,0.9972942257819404,1.129306357936347e-15,0.00030731147164595764,2.339088137072416e-10,272124095898.58975
593,152926,0.16398811,57271878933977.25,0.004313866404965512,3.261423853974049e-09,1506592365035.1023,130458557.08,0.9972942257819404,2.8633268726706993e-15,0.00019778138425725995,1.4682996832756823e-10,69073980391.48221
594,155681,1.6386708,635525699355111.8,0.019077711210066406,1.4607672258847964e-08,7398908773423.136,613155125.7,0.9972942257819404,2.5784493084430915e-15,0.0003998637708679476,3.2379686560056844e-10,155079166985.59866
595,87926,4.456659,1515921815093813.2,0.016108645478787573,1.3866987216566886e-08,5479316926178.648,355338877.83,0.9972942257819404,2.9399003006788963e-15,0.00019791539108785275,1.616416357909582e-10,67320443159.97694
596,10,16.386877,2.2299168370339056e+16,0.041456648593375375,3.183947027048646e-08,56413969974489.8,2126563481.78,0.9972942257819404,7.348649388107578e-16,0.0006394289476946199,5.42572764887668e-10,870131249872.142
597,251056,25.650223,1.596942857278867e+16,0.1322376302691696,1.0245522908775531e-07,82329085061690.92,2789110576.42,0.9972942257819404,1.6062079418237327e-15,0.0008056684543208171,6.616506340353205e-10,501596607352.1209
598,184473,0.41687417,2771451769519561.0,0.001907658015885425,1.6064185234315784e-09,12682441283814.336,28018312.96,0.9972942257819404,1.504172558890557e-16,0.000126590006774557,1.0861005507547257e-10,841592316163.0265
599,240420,11.729671,7900812353580410.0,0.03686503634046272,2.8317014111471302e-08,24831364369377.332,1478906425.88,0.9972942257819404,1.4846158186106606e-15,0.0006008259311066379,4.887931641390336e-10,404701286066.65753
600,201496,34.537437,2.551318313145777e+16,0.07865507373691888,6.014101774756382e-08,58103364776845.66,4134792891.19,0.9972942257819404,1.3537094458987878e-15,0.000856584565871997,6.830429355067717e-10,632768404229.6628
601,237570,12.654403,6110512735487749.0,0.03341565957113679,2.5647273601707932e-08,16135633848088.64,1373872913.94,0.9972942257819404,2.0709232674547252e-15,0.0005604522514099204,4.51669868010622e-10,270629173092.80414
602,61260,25.018051,9781621118833190.0,0.05408501048481224,4.264971129262846e-08,21146294760153.535,2557179372.54,0.9972942257819404,2.5576589704370294e-15,0.0007122314859731941,5.881254344343224e-10,278470075254.5968
603,192570,1.7694365,1005952461095115.0,0.0011159525876332052,8.385089298632365e-10,634436585882.0505,52898408.71,0.9972942257819404,1.7589663214042238e-15,0.00011318663098397603,8.574839786580873e-11,64348378707.79499
604,251419,17.853605,7131834730484162.0,0.05074285085630335,3.969529677655913e-08,20269834919096.855,1667889692.26,0.9972942257819404,2.503367741219091e-15,0.0006628097002458448,5.421790113369067e-10,264767213115.50876
605,159775,11.701087,2579050612769573.0,0.15840813127499614,1.3339568729993478e-07,34914926111775.92,1032460012.29,0.9972942257819404,4.536974552598841e-15,0.0005079809108591552,4.1218731829225125e-10,111964681522.88332
606,4964,7.653927,6.719206131696773e+16,0.2811892970176056,2.3634297891332359e-07,2468496039599281.0,964331054.44,0.9972942257819404,1.1391118013025128e-16,0.0004203697220974776,3.5492086990677747e-10,3690328917818.317
607,139476,9.372528,4579644742057659.0,0.049130163216874745,3.801731473275125e-08,24006190608616.484,1751403740.61,0.9972942257819404,2.0465622396266643e-15,0.0006452647890688286,5.097804339893726e-10,315292042711.8495
608,177409,0.27679104,1791720970835373.0,7.992799570338875e-05,6.39470688114538e-11,517389096332.74695,8814220.9,0.9972942257819404,1.544833400431479e-16,4.49437571431229e-05,3.248058261798139e-11,290929475829.3671
609,111133,5.9978156,1464595649170291.0,0.009956721959811989,7.434884519457254e-09,2431313770689.938,263197548.41,0.9972942257819404,4.095202388043298e-15,0.0003021011768464972,2.4072374716555885e-10,73769535231.89417
610,69891,7.3013644,4275491478135175.0,0.006831681158337844,5.141076490980228e-09,4000457034278.4277,252677352.97,0.9972942257819404,1.7077251673495578e-15,0.00025225670142362103,2.0701360341104294e-10,147715045867.20544
611,200413,12.185676,1.5812991647925944e+16,0.03874667921997291,2.995973230676511e-08,50280420625847.695,911879564.14,0.9972942257819404,7.706116762287858e-16,0.0004680163830443822,3.8557014513986866e-10,607331029987.448
612,99500,2.0977147,1775646477409341.2,0.0009319519497970035,7.542447799884468e-10,788866663694.4559,8826372.04,0.9972942257819404,1.1813808247802539e-15,7.474251980609358e-05,5.6556694323348676e-11,63267083939.673965
613,105316,0.9207259,982905337160256.1,0.0007016459942515588,5.726145227528436e-10,749030295060.6381,22766905.89,0.9972942257819404,9.367391397630408e-16,6.404299994114621e-05,5.821216278071544e-11,68368019678.719345
614,113859,12.250585,1.1451531321304666e+16,0.03312008355246018,2.628031322684391e-08,30959801035234.26,976866938.81,0.9972942257819404,1.069777015516585e-15,0.0005003247946177031,4.1145700681810917e-10,467690731209.15875
615,235166,1.8974555,590400586054070.0,0.006054721939669817,5.124647781657153e-09,1883950048670.704,154464604.73,0.9972942257819404,3.2138442014117977e-15,0.0002443552531298809,2.0553858405370566e-10,76032078039.91837
616,318273,17.834854,2.2259562205678276e+16,0.0486701628193599,3.731514411885756e-08,60744905275817.32,1708305822.23,0.9972942257819404,8.012221370396243e-16,0.0006559383496736098,5.314356120421115e-10,818672274953.8441
617,268148,0.40131658,860068946141818.0,0.00019290226617747603,1.3058659667730196e-10,413412395719.1858,18329450.1,0.9972942257819404,4.666097779721793e-16,6.681398014006478e-05,4.2221607073366075e-11,143190270101.98752
618,184314,1.5900333,1656007080241489.2,0.0025069990158972703,1.9731414047667822e-09,2611019605994.62,77914514.09,0.9972942257819404,9.601609310560022e-16,0.00014886065255525417,1.1455651387915961e-10,155037189850.59573
619,200713,5.7412157,2348452493165452.0,0.022042020400633664,1.7106153018088882e-08,9016319969352.812,804077981.98,0.9972942257819404,2.4446803657763082e-15,0.0004312739567183178,3.4969656439237767e-10,176413228803.1719
620,204945,29.81592,3.2985445340131956e+16,0.0933102953246631,7.442614757696791e-08,103229470903572.5,3011440533.38,0.9972942257819404,9.039113976649655e-16,0.0009061364383801778,7.592185843171606e-10,1002461569486.7441
621,86613,2.9663649,1539344112040512.8,0.0025014443825870144,1.7792403261828237e-09,1298081595400.531,81980248.73,0.9972942257819404,1.927031699278641e-15,0.00013419059155914546,1.0740713629479831e-10,69635902517.52368
622,168080,18.786097,8832285671091552.0,0.05449636899155558,4.180999661343687e-08,25621474166274.895,2441423806.85,0.9972942257819404,2.1269802290801914e-15,0.0007147256055546294,5.779750672542808e-10,336028325878.5678
623,123161,6.0935407,4734936575017475.0,0.010469429835080249,7.9781217682024e-09,8135185877350.526,358644494.08,0.9972942257819404,1.286931852931422e-15,0.00028691087571670567,2.325373691554146e-10,222941778201.518
624,3,5.6315165,1308508922319042.8,0.018267948897503945,1.5225597397266715e-08,4244642473275.579,424648326.26,0.9972942257819404,4.303766221188146e-15,0.00040265466452830344,3.4441305764323746e-10,93558674852.2651
625,218523,5.1344137,4125220301434645.5,0.016737737887456684,1.339133163221958e-08,13447856010011.064,499854236.71,0.9972942257819404,1.244639879769423e-15,0.0003666360671163602,2.987219349687467e-10,294572006791.45984
626,44460,13.201861,4548432731748172.0,0.027018635391486936,2.0836382202370562e-08,9308721367526.045,1061687343.6899999,0.9972942257819404,2.9025076941010223e-15,0.0004954802048882924,4.036733881002088e-10,170707628405.3589
627,231336,6.751201,3256257814653238.0,0.0357175310670558,2.8345368613107228e-08,17227377715049.553,1096741726.99,0.9972942257819404,2.0733005137429335e-15,0.0005356709778358527,4.4406657510029957e-10,258366297738.867
628,96318,20.60267,5953770406050305.0,0.07974858816351378,6.316513219366569e-08,23045788926009.203,2743399029.33,0.9972942257819404,3.4604407954769766e-15,0.0007994704999590014,6.584730987777864e-10,231031405306.5037
629,50227,1.8911831,1357816852649915.5,0.0012841476481271303,1.1078256185921806e-09,921982286071.4922,21544704.63,0.9972942257819404,1.3928116272155312e-15,8.576629719451012e-05,7.127829417135081e-11,61577815347.48646
630,62175,0.3314557,741432786762601.6,0.000606973222167182,5.044634148696813e-10,1357737542608.8296,13188789.4,0.9972942257819404,4.470475354175676e-16,7.179564177247522e-05,6.295844909884502e-11,160599569585.84738
631,219093,14.4304085,7176742666876094.0,0.04878475194179634,3.740364538358278e-08,24262349243519.76,1582018363.3,0.9972942257819404,2.0107183954919892e-15,0.0006050931320024535,4.910430142965129e-10,300933802246.5335
632,274052,18.300491,1.2573651770262636e+16,0.0871965523129016,6.819593729158614e-08,59909817957885.05,2482152566.38,0.9972942257819404,1.4554634830337555e-15,0.0007546778116202139,6.375395349965211e-10,518513738350.32263
633,140710,1.4246156,1070482441297160.8,0.004663667518606682,3.537740985598399e-09,3504365802758.549,108982261.38,0.9972942257819404,1.330816410471635e-15,0.00019780330551426463,1.423440556364782e-10,148633052581.7337
634,76349,0.14845061,1633201072386656.5,5.221597383351944e-07,4.483864837835846e-13,5744616641.226165,4429793.8,0.9972942257819404,9.0895488932703e-17,7.630563484449848e-07,7.782109568931339e-13,8394875888.834646
635,189678,0.67844045,491978457831841.06,0.00720656966566443,5.677739432698305e-09,5225922231452.0205,242210753.37,0.9972942257819404,1.3790043836266747e-15,0.00026147167966247776,2.1724689952752097e-10,189609027184.4006
636,91996,2.8722522,3426332748016705.0,0.001951435088752487,1.3596131457340989e-09,2327882610803.303,77282472.61,0.9972942257819404,8.382875836162064e-16,0.00015430408189367694,1.127578786371258e-10,184070580203.5618
637,4949,15.657888,3734810789647200.0,0.02653174249264969,2.23714783821762e-08,6328505998362.561,608992522.29,0.9972942257819404,4.192418005057516e-15,0.0004775573109046362,4.731738558228601e-10,113909755737.27043
638,241095,11.231546,4933642232115014.0,0.028351621645951123,2.15726155327933e-08,12453918445547.092,1072716614.19,0.9972942257819404,2.2765221861628833e-15,0.0004995997900901019,4.036776984765226e-10,219457465921.8173
639,131348,4.657546,1534739431199709.2,0.006090222673261732,4.481907533303959e-09,2006830395543.3364,220975643.98,0.9972942257819404,3.0347470751821275e-15,0.00022655426447221218,1.8189120844638414e-10,74653425428.7454
640,203698,1.8964316,2268532029866983.0,0.007106795026854354,5.60800931516897e-09,8501225221156.664,165259655.66,0.9972942257819404,8.359730323539663e-16,0.0002190353770591753,1.6854499289834317e-10,262012491530.26712
641,130600,4.4806337,2319603648011467.5,0.001403380394670124,9.36906426506821e-10,726523635043.9877,40758239.34,0.9972942257819404,1.931637632938336e-15,0.00011487677522047259,8.293277182790483e-11,59471183032.25759
642,134818,3.627848,2624046259767511.0,0.002956864682020979,2.1987621711190835e-09,2138719623726.187,71525506.69,0.9972942257819404,1.382539650928801e-15,0.0001532782841972111,1.1026521138711552e-10,110867188578.81404
643,291761,9.657581,7005642961233585.0,0.038673424358824184,6.474477499965913e-08,28053836995640.637,558842124.628,0.9972942257819404,1.3785431335055434e-15,0.0003411862165669731,6.072813983479132e-10,247497672197.86536
644,200268,10.578365,1.8289602215815236e+16,0.13792709470767006,1.2502921513423544e-07,238470850361692.03,1995868914.35,0.9972942257819404,5.783813598117931e-16,0.0005812592557516345,5.040881990749157e-10,1004975775742.1123
645,347666,5.2685204,5292557791607147.0,0.020701165675911883,1.8291839153398128e-08,20795613829909.03,137584587.9,0.9972942257819404,9.95458265633818e-16,0.00021146299916073214,1.7894398714432954e-10,212427789753.78903
646,217996,4.3772836,1340375793079062.5,0.02110522937241294,1.6370836757551965e-08,6462669806946.828,657836613.76,0.9972942257819404,3.2657137070079903e-15,0.00043087305308633,3.4359827809612783e-10,131938403590.52509
647,158109,27.347065,1.4161047116098864e+16,0.07154106140090893,5.509947190472057e-08,37045889247493.04,2923103835.355,0.9972942257819404,1.9311470949708744e-15,0.000798290609213761,7.025272248364248e-10,413376387170.4454
648,147967,4.3676167,4002553244563335.5,0.002048852587066821,1.5329644306832106e-09,1877601019795.5986,121602829.81,0.9972942257819404,1.0912076450032314e-15,0.0001504530870396542,1.1689089155117453e-10,137877596192.25235
649,237074,1.3945055,993228108310360.0,0.007044081371142475,5.41832868072475e-09,5017104353510.321,453328364.31,0.9972942257819404,1.4040133261756728e-15,0.0002937847665375077,2.4062094658061235e-10,209246423135.97867
650,271052,8.575086,7598356673444972.0,0.01603015850398502,1.3315792580738908e-08,14204272918678.043,594445407.88,0.9972942257819404,1.1285448115338597e-15,0.00035787549896223184,3.2268485013953907e-10,317112351503.19464
651,142750,59.216797,3.78241962871631e+16,0.6234808263482013,5.410250624028717e-07,398242768130080.06,11039734402.92,0.9972942257819404,1.565579782592689e-15,0.001580044392756169,1.326128828749125e-09,1009239139598.1914
652,261391,28.18536,3.544972938025083e+16,0.25321784485912857,2.0673021747878862e-07,318481086440139.4,3499320496.89,0.9972942257819404,7.950796943375867e-16,0.0008851811030511068,7.621858505814757e-10,1113323745223.5366
653,175065,1.6135648,1661155013327520.0,2.9494501297225302e-06,2.5072004435111905e-12,3036440724.009402,2489495.15,0.9972942257819404,9.713511304208809e-16,1.5611996737452246e-06,1.407520732601269e-12,1607245438.7001803
654,97983,0.27921456,147045787391601.16,0.00040105538871674205,3.7796872279039135e-10,211212142452.37787,18847548.49,0.9972942257819404,1.8988273309484007e-15,6.131635076173181e-05,6.384627301608294e-11,32291693806.148422
655,89112,0.11416091,138826265013929.0,0.0014556435960240385,1.1150951597336778e-09,1770146748370.0134,24131053.31,0.9972942257819404,8.223293336354312e-16,0.0001011212602522044,8.85661483808597e-11,122969297234.18472
656,109232,13.470501,3460608859130223.0,0.013031903171284508,9.684725224854e-09,3347931867261.241,385945927.62,0.9972942257819404,3.89252341086176e-15,0.00029155201053499854,2.3414130878743224e-10,74900515619.62276
657,209280,0.11689184,274613192417981.97,9.072566944658878e-05,5.078406402880806e-11,213141188649.15045,1786498.8,0.9972942257819404,4.2565995817885475e-16,1.4813411540978989e-05,8.291867613333404e-12,34801045426.863144
658,124414,21.679502,1.0641791962794256e+16,0.05489634355512956,4.2976323969745655e-08,26946904390689.88,2025648081.91,0.9972942257819404,2.0372040795192852e-15,0.0007068121428795438,5.814649463472904e-10,346952055508.5128
659,162202,2.385467,870567455172088.6,0.0026776612898982495,2.159565769916189e-09,977202692369.893,87884439.7,0.9972942257819404,2.7401288502433794e-15,0.00014427604630944498,1.2383977487789334e-10,52653015312.26545
660,273591,15.736956,8117462140435256.0,0.07977727106510131,6.232970542806452e-08,41150841213396.09,1576187069.02,0.9972942257819404,1.9386546839079175e-15,0.000616641837762933,4.959804875802505e-10,318077191818.356
661,124011,4.623313,2959509969918044.5,0.040472800248305525,3.3472506941230594e-08,25907753994886.723,224140417.65,0.9972942257819404,1.5621886890038183e-15,0.000238838477975766,1.9658554912007974e-10,152887086980.55502
662,108435,20.423521,1.109984246682321e+16,0.051033883676165945,3.947673589978448e-08,27736063202599.715,2268734372.57,0.9972942257819404,1.8399829602126992e-15,0.0007142042541644748,5.836108042270958e-10,388158080595.4387
663,180395,6.5296993,1771931433048007.8,0.010847300280178364,7.99943127034841e-09,2943576946974.9556,301608152.9,0.9972942257819404,3.685074477609929e-15,0.0002740173906066435,2.2469329142654028e-10,74358711681.82362
664,71515,12.869424,5406178914098130.0,0.012442484992510976,9.53174585824375e-09,5226830665109.431,407381115.73,0.9972942257819404,2.3805027921734816e-15,0.00034918474496519505,3.2268719506672723e-10,146685291070.95786
665,46093,1.0050346,428824849860302.06,0.003914867241707777,3.0407776072566818e-09,1670382648665.3818,113592894.94,0.9972942257819404,2.343694868260105e-15,0.00018855040417974079,1.610653199094238e-10,80450064866.89774
666,121721,3.73324,2073190052428836.5,0.00029990806937283,1.919436876161589e-10,166548742129.32697,25005876.86,0.9972942257819404,1.8007225124519285e-15,6.0614669245103386e-05,4.684484599045817e-11,33661304740.711143
667,201642,17.800903,8957811811321592.0,0.029645628399584366,2.298048013345106e-08,14918342076907.426,1016732231.61,0.9972942257819404,1.9871932314431757e-15,0.0005013228782939264,4.012987865407853e-10,252276864857.1969
668,222985,34.042,9704336446546454.0,0.08070428672551265,6.303765736744739e-08,23006331915367.12,2153757701.57,0.9972942257819404,3.507916299842917e-15,0.0007816132965107051,6.413691511264e-10,222814123742.26413
669,122734,31.379309,6980024007911428.0,0.05470840923814459,4.304096588027909e-08,12169356881532.752,1769223154.68,0.9972942257819404,4.495587545892891e-15,0.0006908224521499969,5.484657096862575e-10,153666777723.21954
670,198946,28.547064,2.0849408034515788e+16,0.17115420770155196,1.3575377284469175e-07,125002834378832.16,3006313765.08,0.9972942257819404,1.3692026149011468e-15,0.0008445509896132998,7.11196710464991e-10,616819585663.9336
671,253171,5.919676,4831555315762467.0,0.037647799717246945,3.1631229878566995e-08,30727598410897.016,289369125.6,0.9972942257819404,1.2252112649290483e-15,0.0002201186450550277,1.676958879154226e-10,179657705863.30246
672,4951,8.575221,6314705375072411.0,0.01129421356882959,8.886303170542566e-09,8316943800084.448,340144367.24,0.9972942257819404,1.3579764202224032e-15,0.0003283295215297117,2.6385226213402487e-10,241778514442.79083
673,224015,5.0788946,2146692030147859.8,0.012702087261038686,9.613354132047197e-09,5368780342382.85,310090844.76,0.9972942257819404,2.3659167354574732e-15,0.00031868494181850395,2.5926243798270083e-10,134698291382.12807
674,157827,8.484894,7503199687252692.0,0.00798843624468223,6.283080846503425e-09,7064181630641.204,179717202.72,0.9972942257819404,1.1308367568059164e-15,0.00027039777397488865,2.0834530912361e-10,239113004018.93158
675,225427,5.736307,3219834536774324.0,0.011050212639812013,8.73961001660155e-09,6202571845678.22,391726210.41,0.9972942257819404,1.781553348311716e-15,0.00030693039760579206,2.4651167122182957e-10,172282462322.36255
676,64299,9.372662,5055516525700316.0,0.01497018019875349,1.1224301736548415e-08,8074759698739.793,498448035.14,0.9972942257819404,1.853947455685876e-15,0.000385963135799606,3.0825426197948994e-10,208184506316.99118
677,164517,0.7641715,439426307169578.7,0.0016289119015292695,1.0607008377039262e-09,936683377479.5099,44103322.85,0.9972942257819404,1.7390208267733481e-15,0.00014354056324064732,1.041193529687506e-10,82541025978.95764
678,87927,12.729086,2.277273691685533e+16,0.062370731402506735,4.7868785821420475e-08,111583208530536.52,2821522126.43,0.9972942257819404,5.589616235621867e-16,0.0007157614213943677,5.848916428711527e-10,1280519791024.1443
679,147080,0.71483535,426569485259127.1,0.0026996250063480477,2.1331558255994396e-09,1610969084489.9521,70291219.96000001,0.9972942257819404,1.6757770414959727e-15,0.00015817346397593808,1.426726030328039e-10,94388131630.40831
680,214887,0.17534776,413237788343051.1,0.001191691889068972,8.625067369467404e-10,2808431203371.031,32907451.82,0.9972942257819404,4.2432653776192e-16,0.00010457190178272499,7.16467419800224e-11,246442049875.74432
681,282851,6.851906,5307301768359990.0,0.017838698505666876,1.4028645436692915e-08,13817375212731.543,707901057.95,0.9972942257819404,1.2910338056992202e-15,0.000431454844449651,3.555765684549712e-10,334193297297.8785
682,79707,9.655597,2009439683435288.8,0.014554346512081665,1.0833591518473292e-08,3028925238682.2773,476534770.23,0.9972942257819404,4.805119098421023e-15,0.0003493542284882772,2.784087457383845e-10,72704593025.19183
683,263052,21.266048,1.2208010951583582e+16,0.08598291436352613,6.614723068764646e-08,49359446578837.79,1712344850.61,0.9972942257819404,1.7419748462169786e-15,0.0006692633776526911,5.250497695753093e-10,384198072151.3406
684,184472,23.098108,2.9968715389399384e+16,0.11505794427070677,9.336207587059726e-08,149282304210292.3,4191503115.4,0.9972942257819404,7.707406773988827e-16,0.0009017848523951528,7.491348157762236e-10,1170023691286.8303
685,201008,24.594227,3.5289635673482468e+16,0.2926312900321413,2.3604278513812522e-07,419889253355897.2,8951125010.32,0.9972942257819404,6.969249336422232e-16,0.0014909593716890615,1.254126856393329e-09,2139339977258.5376
686,222885,11.677534,5507302267070713.0,0.1849025591402997,1.4976835304784164e-07,87202853200046.28,1077590499.29,0.9972942257819404,2.1203728129872885e-15,0.000463060511566434,3.523899708382932e-10,218386365232.65497
687,61261,2.9141753,5215355245676894.0,0.003450227329393088,2.7278842198813584e-09,6174701021289.976,286468500.19,0.9972942257819404,5.5876832214174e-16,0.0002015856858735864,1.7838506676830104e-10,360767920953.20526
688,207960,0.10187927,111823536664910.14,0.0036353280098344156,2.8419644182560963e-09,3990166350786.5103,125112307.84,0.9972942257819404,9.110717925626956e-16,0.0001914213210667329,1.6309577063622283e-10,210105638907.22168
689,140092,0.6001977,2823298348506325.5,0.0001144051489205054,1.0077981450625412e-10,538155791013.33307,2343309.9000000004,0.9972942257819404,2.1258741582076734e-16,5.157625666378592e-05,4.5440347040030036e-11,242611993116.61005
690,139138,14.879023,8367570807916408.0,0.02198799476776952,1.636089595083994e-08,12365469368748.67,861623424.17,0.9972942257819404,1.778177124706638e-15,0.0004624384455670801,3.630899236762099e-10,260063206944.79337
691,234818,0.6614331,472536341620086.0,0.0004749594031436606,3.786052931128325e-10,339317126372.3647,9446914.9,0.9972942257819404,1.3997507529945389e-15,5.6621799725254266e-05,5.026596971991055e-11,40451344358.3589
692,158647,7.9061317,3172625110572877.5,0.007848793855549076,5.914107255429849e-09,3149616199009.8276,250163324.21,0.9972942257819404,2.491984216367877e-15,0.0002509809421227883,1.9847716387099825e-10,100715301675.78616
693,133793,8.099583,3712674702093768.0,0.032558930346036644,2.5932465066612556e-08,14924313637253.094,1417876268.09,0.9972942257819404,2.1816031971323072e-15,0.0005430415106319221,4.4748969768821675e-10,248918552808.20273
694,212195,0.78342885,4096006046105585.0,9.169083346178797e-05,8.409821145650281e-11,479387768566.2761,1090282.8,0.9972942257819404,1.912665267535118e-16,2.6607378908287333e-05,2.4404107730845e-11,139111528608.33136
695,173413,23.16188,6907561231115070.0,0.03555938018340033,2.746113786460023e-08,10604864370134.791,1200599904.97,0.9972942257819404,3.353119751681309e-15,0.0005344658519123667,4.375747183444655e-10,159393606996.70114
696,200412,18.893202,1.5268858423732554e+16,0.09370168349645157,7.255357332183644e-08,75726588821350.47,2352153553.22,0.9972942257819404,1.2373683399037932e-15,0.0007330802085079288,5.952656141424595e-10,592451079332.5508
697,276911,6.593407,5364552722800222.0,0.019967248942632493,1.5452040189314317e-08,16245828549948.303,749961349.95,0.9972942257819404,1.2290692888480613e-15,0.0003967364606837861,3.2394858832333755e-10,322794218587.64795
698,69890,0.9318302,1927830782150900.0,0.0005092669730634594,2.9853053559979296e-10,1053604559075.8383,10535404.4,0.9972942257819404,4.833568426375825e-16,4.9211743581802096e-05,3.9133863294070746e-11,101812448362.71143
699,212691,0.17215954,261458282652635.62,0.0002166993888207977,1.436819427067985e-10,329100844791.76416,4095795.4,0.9972942257819404,6.584589260410816e-16,1.764438048311225e-05,1.1684756609564847e-11,26796478543.00848
700,225317,4.1799655,1.1227616626912756e+16,0.005313036931119783,4.303296108731561e-09,14271108646050.309,152902052.38,0.9972942257819404,3.72293215817555e-16,0.00019769163015696134,1.589943614784451e-10,531010563066.07947
701,152220,10.489914,6922216250535590.0,0.06585822951706873,5.483208882881051e-08,43459355967508.96,721058347.64,0.9972942257819404,1.515398193344273e-15,0.00042172215281405923,3.2610207830234647e-10,278291312914.5133
702,99978,7.266979,2.1944639376429284e+16,0.09609218737646226,7.636086410117975e-08,290176756925915.8,1709530285.25,0.9972942257819404,3.3115053181532136e-16,0.0005579645873415226,4.833992666959279e-10,1684927347943.0579
703,212026,0.6129436,848166602313720.9,0.004185597953701465,3.2837051067920922e-09,5791861429081.296,117402547.58,0.9972942257819404,7.226688699224256e-16,0.0001472507285295614,1.201992645132635e-10,203759611985.73276
704,210052,16.460926,1.0604703617855732e+16,0.04678233784496963,3.6761791086083156e-08,30138816455179.895,1524966731.74,0.9972942257819404,1.5522287650061072e-15,0.0006542819062988205,5.353620570267283e-10,421511262417.7186
705,244839,12.507991,1.0864566244696552e+16,0.029186943169416255,2.30188145242121e-08,25352071131512.36,1093275333.61,0.9972942257819404,1.1512646449282476e-15,0.0004888115301354608,3.992683394872103e-10,424586590310.802
706,239621,1.46203,4317155227242807.0,0.001842520774389339,1.5007715907540686e-09,5440687395237.033,73459760.03,0.9972942257819404,3.386558794027287e-16,0.00011801580118585067,9.811731312510666e-11,348482953829.08905
707,2,1.1525798,5298567902122252.0,0.00034505190955970075,3.3090768187177754e-10,1586251097372.1912,23735382.3,0.9972942257819404,2.1752666405168717e-16,3.66205546957856e-05,3.146207354621262e-11,168349727861.7948
708,123160,1.0511816,1054990070795873.1,0.00017504524103639866,1.4598449988390025e-10,175679436582.10046,16724028.35,0.9972942257819404,9.963900410996285e-16,5.7496511560069234e-05,4.5544156696093404e-11,57704823601.62428
709,95777,8.490624,2158160658116644.5,0.004508838168112185,3.493549155093225e-09,1146063840329.5728,108835572.39,0.9972942257819404,3.934194596712502e-15,0.00019170924366290702,1.545107938141529e-10,48728968267.8898
710,197344,30.598011,5.302021385607804e+16,0.43603735219602396,3.530786855411258e-07,755565244507926.0,6994946653.63,0.9972942257819404,5.771008597411072e-16,0.0010438176118320762,8.768200921433996e-10,1808726488989.0173
711,281975,13.704393,6683600525629524.0,0.051946800108365825,3.738567245107629e-08,25334333341801.1,1431939842.08,0.9972942257819404,2.0504506436983968e-15,0.0005462518305013025,4.22560969243952e-10,266405744600.62512
712,273490,28.926018,1.7868278216616248e+16,0.10774322223612934,8.655973633226768e-08,66555509675402.73,4510895972.26,0.9972942257819404,1.6188475268479324e-15,0.0009567134637504723,7.835584630040713e-10,590984294619.33
713,211532,11.832234,9323744662863430.0,0.06097301010606517,4.6722655089098456e-08,48046444784234.58,1323230292.56,0.9972942257819404,1.2690431181720269e-15,0.0005610604837533045,4.624127604844864e-10,442113018635.23376
714,145725,8.676131,4755361256388715.0,0.009286104005430692,7.242125412253621e-09,5089685622568.536,428369416.19,0.9972942257819404,1.8244946140198756e-15,0.0003342829169702272,2.764692994813605e-10,183219459460.99988
715,221543,1.682772,976438322785659.0,0.0034398312582745207,2.7770972987610615e-09,1995982262894.353,71937298.65,0.9972942257819404,1.7233776683398265e-15,0.000185199311406047,1.5892764507885116e-10,107462986673.40526
716,126351,10.41522,5400087831478834.0,0.011631687693060661,9.180787967013213e-09,6030802534258.421,496718368.68,0.9972942257819404,1.928713073755275e-15,0.0003393440197355967,2.726649040287819e-10,175943236115.92548
717,62174,4.9587784,1087404832649306.2,0.01316732996868197,1.0253222158908434e-08,2887448699266.9023,431647524.61,0.9972942257819404,4.560195293521591e-15,0.0003243007479441018,2.72865419458403e-10,71115539372.80215
718,76348,0.37587953,912485576841773.5,0.0005309540425658018,4.0235532377188174e-10,1288944640872.3752,81369500.24,0.9972942257819404,4.119292836397108e-16,0.00010585137469884484,8.141619610710182e-11,256964918258.70416
719,140711,27.460642,1.7776944684398046e+16,0.10605860193042611,8.662141960020624e-08,68658187227442.71,2914853930.16,0.9972942257819404,1.5447335010329902e-15,0.0008819328648938867,7.312362365155011e-10,570928813484.0883
720,4954,5.034921,4090045030817094.0,0.002273783754996813,1.6644224282228192e-09,1847075246717.3464,91509829.72,0.9972942257819404,1.2310184758513873e-15,0.00015566738380318537,1.2760750227199356e-10,126454140905.98756
721,230566,7.423998,4056642391426936.5,0.014057862389945693,1.0897985122513884e-08,7681537697599.067,1299653056.34,0.9972942257819404,1.830084410617369e-15,0.000351296238194582,2.87129511138975e-10,191956303303.01218
722,91997,11.090728,6594365744663557.0,0.060932740572310115,4.8449816254240176e-08,36229612443701.9,2040080133.17,0.9972942257819404,1.6818490859375054e-15,0.0006984395416073437,5.787505624461779e-10,415280745131.78796
723,161526,2.921975,3526043553199678.0,0.0008202271498190331,5.831526689416872e-10,989795139855.3198,34549312.21,0.9972942257819404,8.286837516083654e-16,7.872824997791555e-05,5.737703726321112e-11,95003974465.66853
724,13753,104.66159,8471653864737865.0,0.2022615508440015,1.6335639975803338e-07,16371716203580.123,4992587581.56,0.9972942257819404,1.2354327935379889e-14,0.0013190834491206838,1.0996828350734875e-09,106770959619.99997
725,36634,0.18480699,159121749681661.7,0.00043197064166591674,3.6433531455927013e-10,371933574119.6304,9886319.24,0.9972942257819404,1.1614187901385203e-15,5.9672315931924374e-05,4.9850822475521924e-11,51378810501.94424
726,167555,2.0013812,916357769383603.1,0.004141852778599021,3.139538046984708e-09,1896399832931.5164,101306677.3,0.9972942257819404,2.1840609278036113e-15,0.0001878752371094114,1.5141552464384152e-10,86021060455.64722
727,201944,5.2424436,4426566450730781.0,0.019207592503012984,1.5217983035876596e-08,16218330812971.521,578753197.19,0.9972942257819404,1.1843137696790987e-15,0.00040699959543342106,3.430483298565818e-10,343658585970.5925
728,270054,28.573963,2.240199775452174e+16,0.0529840338460411,4.2450457350691284e-08,41539502491989.53,1703053238.21,0.9972942257819404,1.2755095912922531e-15,0.0006829942321860782,6.214422532435229e-10,535467735286.9753
729,202235,16.500736,3.8498256230220616e+16,0.05724848118693491,4.522818231177746e-08,133567781311426.61,4088056131.49,0.9972942257819404,4.286099583660401e-16,0.0007463470639403397,6.244786116447706e-10,1741319932895.602
730,155930,4.18806,5842475400191915.0,0.0030675549568368664,2.4770828229905595e-09,4279335628920.35,191141148.39000002,0.9972942257819404,7.168297191054378e-16,0.0001876049011824513,1.567904210008174e-10,261714736683.31082
731,162636,0.953148,577493702801846.2,0.002059578280561108,1.4280555934054932e-09,1247858136880.625,48213847.25,0.9972942257819404,1.650490724618431e-15,0.00013154726990356405,9.14410563114861e-11,79701914067.99686
732,243329,24.539312,3.732590618301709e+16,0.13627338317576745,1.0823245652860974e-07,207280771183032.2,3359294161.76,0.9972942257819404,6.574337908818175e-16,0.0008696543613366487,6.968813585142603e-10,1322801433997.147
733,54945,0.10965558,849789248100375.5,0.00010514021310839778,8.798959015830627e-11,814796863438.218,1194916.5,0.9972942257819404,1.2903855896638468e-16,5.1575834961400984e-05,4.316271050019059e-11,399693203136.56635
734,120075,0.39619312,932005437759933.2,3.7518277605943894e-06,2.8958500378400856e-12,8825806653.110594,2375324.3,0.9972942257819404,4.250974339294056e-16,1.4994122378463282e-05,1.0503291296188086e-11,35272201574.74133
735,218842,3.8563728,1896081236212060.0,0.00947478502176484,7.361451796768093e-09,4658512812068.218,360081591.75,0.9972942257819404,2.0338647555545446e-15,0.00025127150074041795,2.047288099838951e-10,123543859076.26752
736,175887,5.3925443,2724967357309421.0,0.007491052986531506,5.880157454561537e-09,3785388440883.7593,193372699.45,0.9972942257819404,1.9789390450990544e-15,0.00023793231727218836,1.9639265036180435e-10,120232261757.34929
737,186760,2.823821,2052560929036036.8,0.004830585896620381,3.707903342772774e-09,3511225348828.9473,185516008.58,0.9972942257819404,1.3757550190367198e-15,0.00021245854275575804,1.557246127439623e-10,154430505297.75125
738,192771,0.28394505,484617037686053.6,0.0008540672120083855,6.455779904207589e-10,1457660636338.9343,20801193.98,0.9972942257819404,5.859163585246177e-16,6.300588104802264e-05,4.980754613531522e-11,107533916968.41554
739,184124,3.7163584,6415715340414071.0,0.0019101050420001332,1.2867380282662375e-09,3297499568330.7935,78857335.43,0.9972942257819404,5.792586177553423e-16,0.00012240920734209767,8.703242329864162e-11,211320476882.05283
740,87272,1.6062245,2301427010380799.5,0.004337250290099787,3.390363592807602e-09,6214489299856.656,181906521.87,0.9972942257819404,6.979254578811215e-16,0.000223285638409996,1.751752684352588e-10,319927631079.5193
741,285820,17.984652,8931805086412383.0,0.25625330281170156,2.2114019675422906e-07,127264322571464.19,1802343295.71,0.9972942257819404,2.0135517766010558e-15,0.0006170221233257085,5.31371694813426e-10,306434694402.1787
742,136895,15.106151,6524952902605753.0,0.03130712525058682,2.396957051534629e-08,13522803907895.42,1239996762.53,0.9972942257819404,2.3151356378323175e-15,0.0005136192198437261,4.0897606479580893e-10,221852755169.29645
743,4960,14.440303,2.0688500565915244e+16,0.056413382421364074,4.437816610428829e-08,80822978170858.58,1681874318.51,0.9972942257819404,6.979869301785318e-16,0.0006168490987826315,5.294639110350077e-10,883754511885.8503
744,244341,4.7608147,6311042400918900.0,0.009147930266689494,7.138430255158527e-09,12126700876160.28,261824015.59,0.9972942257819404,7.543626547821666e-16,0.00027648525601254627,2.3387971848940697e-10,366515036580.6291
745,219646,14.23766,5664544170319497.0,0.04545938234955958,3.535010160353778e-08,18086306266234.957,1580477898.8,0.9972942257819404,2.513469675918681e-15,0.0005482643679251937,4.3350462066644474e-10,218130488375.51675
746,104109,13.793226,4885025956995674.0,0.013973049544243167,1.0503376430154529e-08,4948712485535.613,521382849.79,0.9972942257819404,2.823572714132093e-15,0.00034586201515007293,2.706181235871424e-10,122490918480.34225
747,73956,11.811422,1.4841874161997356e+16,0.03591234187884501,2.7609073033259076e-08,45126358115766.695,1252957398.3,0.9972942257819404,7.958174197597745e-16,0.0005461296670688046,4.5539760172559917e-10,686249953203.6625
748,88521,3.411655,1596789193471419.0,0.008772139073863748,6.573964280290214e-09,4105707311194.718,284151038.25,0.9972942257819404,2.1365719494776037e-15,0.00024826776119247856,1.8878655231457234e-10,116199111035.40442
749,185422,4.9345593,2410249583312312.0,0.07072393008320843,6.27613435361268e-08,34544589019988.516,522618302.74,0.9972942257819404,2.0473229553342054e-15,0.00033456330764263583,2.5726923939587573e-10,163415013137.49576
750,109233,0.4283417,631667218155845.5,0.0004275066117131615,3.4350847070353184e-10,630435729615.1272,13836097.45,0.9972942257819404,6.781129171948245e-16,4.2120978503934255e-05,3.496621137808503e-11,62114992113.9649
