,id,sfr,sfrd,snr,snr_solar,snrd,mass,z,halo_volume,snr_err,snr_solar_err,snrd_err
0,109905,9.665311,8046914103520864.0,0.018588783970165213,1.4540575566404641e-08,15476206393857.89,407225645.21999997,0.7574413726158526,1.2011201903809337e-15,0.0003721859964319916,3.043434892824424e-10,309865739842.366
1,273468,17.59829,1.816334409248058e+16,0.043178640998758865,3.390335121078276e-08,44565040916256.445,1850155344.94,0.7574413726158526,9.688904152449269e-16,0.0006462659069947029,5.327813593114599e-10,667016513762.635
2,222980,3.2343884,1419555455147998.2,0.002571755122601335,1.909809099491251e-09,1128729318220.8835,82374400.55,0.7574413726158526,2.278451601359098e-15,0.00014750377499300946,1.1126110411818669e-10,64738603578.42289
3,237920,15.210063,6578131572214401.0,0.025441067393906912,2.0184993772307187e-08,11002892535993.664,550500700.7,0.7574413726158526,2.312216293186703e-15,0.0004590082375231892,3.746458589337024e-10,198514403205.15292
4,49346,0.42640075,221445385954154.25,0.0007558249505255686,7.219815547112074e-10,392527329942.3467,24439912.26,0.7574413726158526,1.9255345879650776e-15,7.082827705924312e-05,6.518476061474185e-11,36783695033.02202
5,192294,4.7504463,3961182255004103.0,0.01566336410274592,1.2764252032535068e-08,13060970700261.447,440363808.78,0.7574413726158526,1.1992496164494404e-15,0.00037022829911616896,3.2070383562601966e-10,308716629163.7314
6,217716,3.13619,7977889859971722.0,0.0052543324340590895,4.180793395803408e-09,13366054176118.33,177396425.16,0.7574413726158526,3.9311021523818285e-16,0.00022851072760053746,1.9159984698234444e-10,581289212904.5396
7,143205,0.5500925,460230238262615.75,0.00265227932255145,2.3310520002881078e-09,2219007066187.71,55817383.37,0.7574413726158526,1.195255014265506e-15,0.00014646571542605648,1.3179113026430234e-10,122539302222.5143
8,2,0.3595567,247194513637520.34,0.0011334461230158696,9.359621880161063e-10,779241947412.5803,31623131.0,0.7574413726158526,1.4545496771309604e-15,0.00010711537889160791,8.21068681275742e-11,73641609204.36118
9,81766,1.7515738,2386247300072834.5,0.000778146994600832,5.993392047351893e-10,1060104441460.603,11522454.26,0.7574413726158526,7.34028614698291e-16,6.447184857318355e-05,5.714384202674242e-11,87832881828.02454
10,319423,1.9038202,2835424009491435.5,0.001467557400462545,1.1321228540689938e-09,2185683022261.4185,51971909.68,0.7574413726158526,6.714410943926058e-16,0.0001251876302382872,8.754885171694835e-11,186446184607.65128
11,155450,6.36157,1633834487509655.2,0.026374711418639143,2.0131188826796613e-08,6773785891515.3545,879343576.67,0.7574413726158526,3.893644092246159e-15,0.0004972102434622328,3.997195588755425e-10,127697917858.58963
12,93401,0.11351386,111557877409058.84,0.0021420518588987367,1.6068288266924547e-09,2105141686476.6284,59005743.95,0.7574413726158526,1.0175333435555517e-15,0.00016258203572664187,1.354435180000785e-10,159780548476.70532
13,61828,5.9927278,1552250700119912.8,0.0039380698570186685,3.260842058589072e-09,1020048281298.2683,132552479.48,0.7574413726158526,3.860670057702056e-15,0.00017079520527636414,1.3711386263523348e-10,44239782919.45122
14,72700,0.14172582,127015683150918.81,0.0002827686517978569,2.570517797670867e-10,253419267440.25247,3214901.8,0.7574413726158526,1.1158135474625031e-15,5.4555021088584236e-05,4.5010917207862127e-11,48892596090.67218
15,69138,28.490622,2.107368519650378e+16,0.15188856494260933,1.2684091519596208e-07,112347557822685.28,3001219536.35,0.7574413726158526,1.3519525291535968e-15,0.0008403750827438272,7.226003409187796e-10,621601028602.648
16,269429,1.9088879,1121386774081138.1,0.006007906999117263,4.692722454308597e-09,3529378256690.505,219191349.35,0.7574413726158526,1.7022564775334885e-15,0.00022523825143307445,1.772297878596124e-10,132317458858.74788
17,300110,1.6690289,1213327736977654.2,0.013826886566491869,1.0256990328660712e-08,10051680343682.668,544595466.49,0.7574413726158526,1.3755796139281191e-15,0.00034398742611608445,2.784022712277645e-10,250067260835.44556
18,206232,3.1238778,2792040845239021.0,0.0037142609161448597,2.4586232700815904e-09,3319709941199.158,60296492.15,0.7574413726158526,1.1188510387757492e-15,0.00014316116521328098,1.1509481437436043e-10,127953731329.53287
19,216625,14.888822,3960125442156679.5,0.014538936024550317,1.0769847355891379e-08,3867062851091.242,548352819.6,0.7574413726158526,3.759684438655449e-15,0.0003492148917502795,2.734575025158473e-10,92884096377.82443
20,271687,16.466,1.86960174231616e+16,0.20154630037436352,1.7326018507925082e-07,228842046846402.38,1645996519.13,0.7574413726158526,8.807223285746976e-16,0.0007249270845839533,6.282148739994623e-10,823105150243.1272
21,220312,6.2019625,4874194835550944.0,0.012565064018841492,9.516115623516155e-09,9875030709876.783,435519328.29,0.7574413726158526,1.272407589201135e-15,0.00031714646061704595,2.545941352082077e-10,249249111140.6859
22,220488,4.987681,7006953649126129.0,0.004693176494794562,3.390886132021306e-09,6593218404744.355,148803642.5,0.7574413726158526,7.118187517370031e-16,0.0002189912684637666,1.7304043651599493e-10,307650322402.1242
23,377395,6.758146,6242048077052338.0,0.030119746774704196,2.673288111307773e-08,27819598368597.793,192760855.75,0.7574413726158526,1.0826808631681314e-15,0.00024980799542009753,2.2320712797188275e-10,230730960450.44293
24,298997,6.6290674,5987748529507487.0,0.010456782422682618,8.089054862664776e-09,9445157183768.803,287305781.46,0.7574413726158526,1.1071051777361905e-15,0.00028435812210935335,2.2639329141309053e-10,256848335485.89218
25,111360,0.12902148,185757566060063.5,7.293661528929057e-05,7.167891459334311e-11,105009864503.16513,6215891.2,0.7574413726158526,6.945691781850853e-16,8.721115945867231e-06,8.588180274764992e-12,12556151668.946175
26,185274,77.27012,3.303095656305068e+16,0.3125338296029602,2.5577931716767895e-07,133600042941556.98,11417969368.24,0.7574413726158526,2.339324319975536e-15,0.001565744072992402,1.349475030662627e-09,669314664761.3085
27,308928,3.4641788,8444648868854933.0,0.0787985612445756,6.042575019223206e-08,192087712412939.4,694636336.73,0.7574413726158526,4.1022176928828675e-16,0.00029344260558871057,2.2087439303931993e-10,715326751424.7673
28,161623,5.4154277,7658935125898917.0,0.00608153621220014,4.3999105099001584e-09,8600999569257.641,137946989.61,0.7574413726158526,7.070731911134187e-16,0.00022715906686053878,1.822398677698315e-10,321266694474.492
29,29059,3.942364,6979085203845304.0,0.009349879002092557,5.982039374900462e-09,16551896831760.857,191079996.06,0.7574413726158526,5.648826292918525e-16,0.00016952359522041236,1.3085943578123325e-10,300104103808.1315
30,308202,2.8203855,2784781354372108.0,0.0028341612843883245,2.1738909829108495e-09,2798383235216.5728,73724218.93,0.7574413726158526,1.0127852571161443e-15,0.00016913542969692607,1.3926735613000449e-10,167000288075.41177
31,225159,6.785532,5318479485307998.0,0.0024430396954741107,1.8446458846120841e-09,1914847133897.8518,87999723.0,0.7574413726158526,1.2758405891655034e-15,0.0001503876509166666,1.3061717586267714e-10,117873386529.45
32,156726,8.537742,4689025468472855.0,0.007135777767664661,5.572887099888187e-09,3919050691616.351,212777826.44,0.7574413726158526,1.8207924135631992e-15,0.00026539514452166946,2.306612674818853e-10,145758046081.87296
33,249860,0.24918796,985763366756915.4,0.0007641535468934349,5.99558286655887e-10,3022917211188.337,11779920.2,0.7574413726158526,2.527867928586238e-16,7.892716643147197e-05,6.514431072581869e-11,312228204404.70404
34,350362,7.9275293,7976131893676446.0,0.037751670444336714,3.283095903913858e-08,37983120752469.06,632455551.38,0.7574413726158526,9.939064957394976e-16,0.0003750900956961467,3.153353612619235e-10,377389721572.4181
35,136823,12.414916,5264593434371678.0,0.007297568261202167,5.674477067892224e-09,3094562214903.7554,350971070.77,0.7574413726158526,2.3581908374813947e-15,0.0002784454875787002,2.2550231756159076e-10,118075892397.27805
36,295462,7.9731874,3629663707034256.5,0.0066547541470800406,5.13827950158047e-09,3029468441553.516,272264348.84,0.7574413726158526,2.196673863903158e-15,0.00025732379904165186,2.018548251430175e-10,117142468561.27577
37,323056,18.44262,1.2628545117634018e+16,0.05861487534258476,4.506150308497685e-08,40136412170739.586,1368418417.48,0.7574413726158526,1.4603915041842336e-15,0.0005858716263597549,4.695124248699675e-10,401174359533.8289
38,6846,5.3894744,966570261503704.9,0.004667910195671771,3.523854524701061e-09,837162002013.8279,131045977.67,0.7574413726158526,5.575874423878437e-15,0.00020771946572773986,1.6526820764529644e-10,37253253918.02053
39,311848,3.5752592,3136380273936289.0,0.0044399298627598545,3.345544496363715e-09,3894908777305.059,122950453.72,0.7574413726158526,1.1399316689085343e-15,0.00017178302616144235,1.3621457223617704e-10,150695897698.782
40,205194,0.7936687,970986982543315.6,0.004077555798202478,3.2358358580556433e-09,4988546985220.1875,98358342.0,0.7574413726158526,8.173834606115273e-16,0.00019247414145752445,1.6984813634867012e-10,235475943339.40216
41,239220,2.6862473,3265994524627161.5,0.0021668995467298956,1.525317136974896e-09,2634560881657.0674,116401437.28,0.7574413726158526,8.224898357129536e-16,0.0001785882266276747,1.441888392882266e-10,217131226275.7268
42,126198,37.38874,7677664897968045.0,0.05652970192566658,4.306003508935792e-08,11608203650812.703,1948735613.16,0.7574413726158526,4.869806184155709e-15,0.0007015276577431717,5.630472909493091e-10,144056586897.77966
43,183579,6.380325,5666260087106809.0,0.008998906527537506,6.653131228210127e-09,7991778613877.929,419605093.21,0.7574413726158526,1.1260204971031947e-15,0.00028998473490885444,2.258603364833289e-10,257530600601.739
44,175150,0.123151995,42520740054133.94,0.0019227378211049953,1.579139815357309e-09,663864479689.9749,60022759.14,0.7574413726158526,2.8962806113725427e-15,0.00014988527685771044,1.1635274655591993e-10,51750951295.66194
45,343632,9.057765,6275202876971440.0,0.017501469087812613,1.3150966698780659e-08,12124985487155.875,664651151.73,0.7574413726158526,1.443421858636623e-15,0.00037242709645164283,2.9386175150036413e-10,258016805151.76416
46,84130,15.998335,4515374755228652.0,0.011859374270296978,8.963195124913125e-09,3347193266856.0317,447189605.85,0.7574413726158526,3.5430802241772882e-15,0.0002870225344324726,2.3201968634606365e-10,81009324167.67953
47,147548,0.4473652,549457148617648.75,0.00043315088929852613,3.346648639560828e-10,531999030222.21436,13727080.6,0.7574413726158526,8.141948851252611e-16,5.464192536461526e-05,3.723249353094926e-11,67111604804.79902
48,313175,0.20696369,198534561323317.88,5.29730345182695e-07,4.619867354371713e-13,508155714.1762215,1146635.4,0.7574413726158526,1.042456732069713e-15,3.815281742224924e-07,3.3273713180536067e-13,365989457.8693921
49,271353,2.7446823,5794603378698243.0,0.0015011479679498427,1.2213809600241705e-09,3169240056311.1294,59142834.65,0.7574413726158526,4.736618057570305e-16,0.00013277682961649508,1.014026639856809e-10,280319899140.45184
50,295263,15.096317,1.982476789243608e+16,0.16723904956174382,1.3227871437690797e-07,219621470595323.7,1618448330.27,0.7574413726158526,7.614877047695389e-16,0.0005779117517756323,4.495179373576327e-10,758924600037.416
51,103207,0.43825144,1274806913056324.0,2.411681144779506e-05,1.6736637690223933e-11,70152143606.24814,4318158.4,0.7574413726158526,3.4377868170584434e-16,2.118309807768215e-05,1.5198941404217e-11,61618416745.828224
52,269163,1.1491195,915137737021941.4,0.0013000855544420455,1.0693020542670373e-09,1035364339589.5809,24692001.8,0.7574413726158526,1.2556792857646617e-15,8.964009741177335e-05,6.982481773175041e-11,71387732861.40967
53,287937,25.506262,1.7751225491543446e+16,0.09258819861525713,7.299415108810612e-08,64437273931995.22,3840885765.2,0.7574413726158526,1.43687330275597e-15,0.0008801330871834231,7.349669281705621e-10,612533537574.4674
54,242060,0.2419065,888027761421583.6,0.00022662146819422624,1.567609606056893e-10,831917104710.2551,5904781.36,0.7574413726158526,2.7240871345367427e-16,5.5452457845849616e-05,3.473664776687333e-11,203563451193.6412
55,51414,15.907028,5968612619163077.0,0.010387583491516604,8.068983960891279e-09,3897614432443.072,358262558.27,0.7574413726158526,2.6651131535875243e-15,0.00029240380646874714,2.4741687434197994e-10,109715344008.99289
56,22859,11.587141,5492208492690992.0,0.008874860207168371,7.189656929214746e-09,4206609948153.3413,209892941.78,0.7574413726158526,2.1097416486318974e-15,0.00026416679540206515,2.0266955486032535e-10,125212864605.18481
57,99899,6.785764,3696271569214493.5,0.007411956702999155,5.569712176307765e-09,4037364817512.747,205289822.85,0.7574413726158526,1.8358402170763835e-15,0.0002460985224451554,2.032596478156274e-10,134052255831.43219
58,125640,10.479598,5899724518967357.0,0.008996520436393025,6.999599023533858e-09,5064792772010.801,354948346.74,0.7574413726158526,1.77628598866075e-15,0.0002865341106643687,2.35662970797931e-10,161310798201.14114
59,100713,11.221365,5194610871734025.0,0.0089193259740037,6.667001136490018e-09,4128947563250.931,467250532.46,0.7574413726158526,2.1601935692738755e-15,0.00028881441285445264,2.2680800729466695e-10,133698394885.75754
60,174219,8.564112,3685862759845908.5,0.008591412578583126,6.650307453859556e-09,3697612511124.4756,328767018.11,0.7574413726158526,2.3235026798333728e-15,0.00027342590449315116,2.1946166458314795e-10,117678325429.24356
61,262280,7.9921646,4147388897741423.0,0.06916147415694962,4.956800870824299e-08,35890092912996.71,515994243.52,0.7574413726158526,1.927035249660903e-15,0.00034055969428085404,2.5616383238845814e-10,176727277999.08264
62,239642,3.707694,2121685358568918.0,0.0024955710456371688,2.1121535237578897e-09,1428061902842.2803,54819306.17,0.7574413726158526,1.747523017503806e-15,0.00013834778720942255,1.3071954365802946e-10,79167934169.49728
63,134460,1.961932,862423056686310.2,0.0015068264909819636,1.2303213719503952e-09,662368475690.5804,57752128.32,0.7574413726158526,2.2749067117225913e-15,0.0001403857456764428,1.2133203710555193e-10,61710550570.287224
64,36954,4.7347927,5281047036800091.0,0.02991368648136609,2.412647140786248e-08,33364836722880.254,298012084.53,0.7574413726158526,8.965632510004911e-16,0.0002462299388005515,2.0808054851265374e-10,274637554601.72952
65,228530,28.629097,2.7679516616330624e+16,0.08501656326083712,6.727788203780281e-08,82196702726658.3,3687135202.96,0.7574413726158526,1.0343062487987645e-15,0.0009072166438403778,7.505287797484113e-10,877125749645.2451
66,227357,2.593733,1728017049040540.2,0.0016904704284166961,1.3122357446844533e-09,1126238406652.8503,68378027.74,0.7574413726158526,1.5009880842553825e-15,0.0001143353053429112,9.326975517903824e-11,76173359763.63278
67,211660,1.7358035,998783244124490.8,0.0005007543685564595,3.4384101413060903e-10,288134614739.70496,27330546.16,0.7574413726158526,1.7379181220862024e-15,4.532374511261422e-05,3.5103684152117346e-11,26079332815.867905
68,52435,0.46064022,1306583368160853.2,0.004036011796807033,3.1597320421825704e-09,11447949307181.795,86566771.95,0.7574413726158526,3.525532554791335e-16,0.00015095951686860083,1.1477892864522987e-10,428189257998.5994
69,351051,5.0155087,3892231336214554.5,0.022440782579707344,1.431287617226909e-08,17414926857950.543,207024569.6,0.7574413726158526,1.2885947074456024e-15,0.0002311040457833361,1.812358790011205e-10,179345797750.0595
70,232726,0.13892408,195436789906539.62,0.0005369328429129723,4.526422970326129e-10,755350916949.0532,10635251.8,0.7574413726158526,7.108389370621328e-16,6.741341350017507e-05,6.244603797315798e-11,94836410873.59656
71,25784,34.585976,8320675751658092.0,0.10202999627913652,7.992248052393867e-08,24546322358564.54,4796146292.57,0.7574413726158526,4.1566306670594545e-15,0.0010045056526232841,8.189502816579823e-10,241663436827.28647
72,152325,4.4662533,2377969672857760.5,0.008128264710389374,6.462699298006238e-09,4327736399157.1855,231441692.14000002,0.7574413726158526,1.8781792513916353e-15,0.000258072875679001,2.046582881218072e-10,137405881514.12181
73,331200,7.9483113,1.0280730993176724e+16,0.008752197516324176,7.090603166154022e-09,11320516379935.734,249436989.68,0.7574413726158526,7.731270573342752e-16,0.000288077037085235,2.5250987032229126e-10,372612799348.2962
74,79578,1.5657326,1016671261987868.4,0.00015955674422641716,1.3346087170139218e-10,103604380793.59596,22073138.66,0.7574413726158526,1.5400578914157243e-15,1.2915560336489311e-05,1.1235608897845214e-11,8386412230.657423
75,54292,0.79446274,592260369957694.6,0.00024408572006334373,3.0950000843478047e-10,181962339563.09424,3891597.64,0.7574413726158526,1.3414079014889156e-15,4.7790697944708357e-05,5.034132464538018e-11,35627267359.66171
76,261441,1.046346,1372942784940165.5,0.00047053490613403704,3.4979804611115533e-10,617403329720.0201,10025591.5,0.7574413726158526,7.621191585529918e-16,6.146237866947775e-05,6.079511925436628e-11,80646678383.17325
77,297658,0.33821627,1084208695112530.6,1.0096643166093618e-05,5.468816120114341e-12,32366474599.602238,1846221.0,0.7574413726158526,3.1194757201693197e-16,1.4977986257932859e-05,8.112780787312493e-12,48014434480.41929
78,94226,24.36445,8690631576138529.0,0.02749303167555465,2.164984086677299e-08,9806575120856.494,676030615.49,0.7574413726158526,2.8035304208380392e-15,0.00046724022764660437,3.8362986648578473e-10,166661372451.57327
79,218758,6.822896,7562958634142616.0,0.016721908839399165,1.3064024701264936e-08,18535692884118.363,1243081004.71,0.7574413726158526,9.021464125426207e-16,0.0003952650286593988,3.3730470219958126e-10,438138447555.73425
80,265940,1.1281806,989005481834224.1,0.001297796790857148,1.0586456367139517e-09,1137697404533.089,87185722.12,0.7574413726158526,1.1407222919610716e-15,9.673645146299496e-05,7.959319300781967e-11,84802806208.59138
81,201293,0.39862865,496341963679588.06,0.0006201171189351182,4.1393229706690786e-10,772122496773.8401,19752276.74,0.7574413726158526,8.031330799531861e-16,5.135452015860616e-05,3.298328141305345e-11,63942728098.80969
82,297722,0.16787152,126870489450507.88,0.007313091906019717,5.545718195855735e-09,5526938396181.014,186659699.35999998,0.7574413726158526,1.323172321058055e-15,0.0002124661535893657,1.714248969600508e-10,160573305689.67032
83,250748,5.5785117,2651343071425682.0,0.006563291300480806,4.77570249902767e-09,3119387006982.21,151337496.44,0.7574413726158526,2.104032390270912e-15,0.00022595083586382546,1.7293921200591999e-10,107389428465.3728
84,310755,7.8959074,3919198207028444.0,0.06543178130209722,5.224845665597672e-08,32477599719806.324,93164725.19,0.7574413726158526,2.014674171324118e-15,0.00015841890503725641,1.1738521909120952e-10,78632518990.96799
85,219739,8.578919,5272662379389728.0,0.02477260289294168,1.9007644859924888e-08,15225411419920.707,1038208223.99,0.7574413726158526,1.6270563868329736e-15,0.0005250839587850656,4.2744691187954884e-10,322720197673.74445
86,265639,7.4572997,3583473675104783.5,0.02740792547700127,2.357840285991787e-08,13170394564679.729,370614799.25,0.7574413726158526,2.0810253893610486e-15,0.0003507092044558987,2.872448063276653e-10,168527114685.31354
87,192589,13.435412,2.7571873386863092e+16,0.03568274596664974,2.8181097676855155e-08,73227389966758.47,2030295270.49,0.7574413726158526,4.872868742535805e-16,0.0006019209737832645,5.016585225239195e-10,1235249717541.1895
88,155084,1.5315381,4187002283861663.5,0.0006296032682576831,5.329865600029647e-10,1721243710568.9285,66740250.09,0.7574413726158526,3.657839179842686e-16,0.00011366209204750616,9.897394577787725e-11,310735618651.2127
89,299620,11.4803295,8655570903575997.0,0.06239595305836232,4.6753848758262684e-08,47043300960382.24,1135582338.08,0.7574413726158526,1.326351505624773e-15,0.0005034689265579713,4.0415164896108623e-10,379589365581.3465
90,180626,15.558977,6578399493262452.0,0.10210212321653922,7.981122765245179e-08,43169197796789.73,1011627761.99,0.7574413726158526,2.3651614676085556e-15,0.0004369623136664111,3.4726868372907475e-10,184749464106.6638
91,219372,1.1286564,815081151430512.8,0.0005401288751957847,4.206302329729625e-10,390064563064.05383,12369234.84,0.7574413726158526,1.3847165991007707e-15,8.084272659406207e-05,6.767047542423001e-11,58382145954.31368
92,152796,1.6615595,4671472819908140.0,6.907837133888273e-05,3.7670113634075264e-11,194213769746.50146,3826568.9,0.7574413726158526,3.5568215080242576e-16,5.1585477960687584e-05,2.8239315776313163e-11,145032518062.29172
93,204945,0.9380858,2349656615810002.5,0.00030448499470579933,1.7108618231552898e-10,762654313950.1259,3705237.9,0.7574413726158526,3.9924378468238923e-16,3.762851611129978e-05,2.2299527831487262e-11,94249472515.23134
94,3,2.759384,2355729573684026.5,0.0029780183463023937,2.4218359185208327e-09,2542381158025.903,118142176.32000001,0.7574413726158526,1.1713500695602828e-15,0.00015191703784914255,1.2482494202202737e-10,129693967496.98509
95,93400,10.3550625,2351912091989632.5,0.006969037770202214,5.5807471419352414e-09,1582855168790.2466,174623175.94,0.7574413726158526,4.402827186980442e-15,0.00022557698385993835,1.8735493971913999e-10,51234575939.52129
96,246586,0.92386234,724843521841105.4,0.004743896990071037,3.704812121703694e-09,3721964683109.0767,107855306.09,0.7574413726158526,1.2745679752415887e-15,0.0001847177695681494,1.5903377360142345e-10,144925789095.82047
97,131248,10.249695,3229582735915266.0,0.02167115673127637,1.7099445516498883e-08,6828378175803.678,723391509.61,0.7574413726158526,3.1736901755189834e-15,0.00046019230654298197,3.714920778739544e-10,145002278449.47977
98,262464,4.624224,4533567057941741.0,0.002698508607154396,2.0266393979186686e-09,2645604911649.4834,125906105.54,0.7574413726158526,1.0199968238915644e-15,0.00017215800977621743,1.3206584589178584e-10,168782888087.2275
99,120371,1.2469441,3905422630119184.5,0.00015450411809844844,1.4572484986629045e-10,483906118380.3569,5626047.100000001,0.7574413726158526,3.1928531636586184e-16,1.3908693958994469e-05,1.3176625351148321e-11,43561959307.44529
100,61829,1.4773446,1760942960835231.2,0.006033546508027602,4.735471708537281e-09,7191775874215.938,119917217.15,0.7574413726158526,8.389508535241152e-16,0.00020018060920416484,1.709937874632247e-10,238608266936.3549
101,32261,23.16967,5454846714397866.0,0.024749548142334574,1.983207976442296e-08,5826798196394.06,1279249058.81,0.7574413726158526,4.2475382376638586e-15,0.0004536773709675121,3.653151640775239e-10,106809484831.62666
102,295201,1.1317338,5676196777922710.0,0.0009305656482348469,7.327292063859201e-10,4667240418335.298,14334806.35,0.7574413726158526,1.9938241119508456e-16,0.00010918867455964326,9.089689459522285e-11,547634437286.4878
103,191781,0.38179433,262184154723583.22,0.0010668184496068604,7.585042810533769e-10,732600962025.0208,37465853.7,0.7574413726158526,1.4562067276816175e-15,7.281884546267622e-05,5.16961699384624e-11,50005843317.73339
104,125012,18.275387,6120809707413637.0,0.03350849253614971,2.5906316165775007e-08,11222695661441.398,1150208253.55,0.7574413726158526,2.9857793124763404e-15,0.0005523108725656228,4.476839908661477e-10,184980474028.25235
105,301269,5.8885984,2858856817906390.0,0.013363757546764105,1.0438535528059415e-08,6487973330871.831,498114589.24,0.7574413726158526,2.059773809977781e-15,0.0003623947430077908,3.0920356583079093e-10,175939096444.6237
106,288352,18.033976,2.192819735881128e+16,0.02409988858741834,1.981892951136983e-08,29303971196938.1,618673103.95,0.7574413726158526,8.224103288067822e-16,0.0004413015402517538,3.631825865832786e-10,536595328139.9431
107,183580,0.37155244,473308556914223.94,0.0006293221482799137,4.598200841503891e-10,801672996243.8821,30229584.349999998,0.7574413726158526,7.850110347092989e-16,5.9069477385941345e-05,5.517091337045544e-11,75246684153.70192
108,260916,7.4870358,2037957071443235.0,0.014015506036975883,1.0745905734965448e-08,3814994398438.745,601695177.61,0.7574413726158526,3.673794656870692e-15,0.0003646967463491084,2.9296337430932966e-10,99269768838.89153
109,129831,2.57341,4550406838215151.0,0.0003845737591722369,2.5546209394213515e-10,680018754701.1371,12506461.7,0.7574413726158526,5.655340481620305e-16,5.352196642586985e-05,3.387559096247156e-11,94639688980.38007
110,213841,1.3406506,3655714315653492.0,0.0012170120794554628,8.508449551959577e-10,3318574191656.32,28438265.39,0.7574413726158526,3.6672739832525635e-16,0.00010855470055903776,8.041849535244255e-11,296009245708.8763
111,245309,1.8783752,1439559105008193.8,0.0027724519355807617,2.0149526224596195e-09,2124766355019.421,86509574.4,0.7574413726158526,1.3048267302573232e-15,0.0001598444460960418,1.2538313901590135e-10,122502430697.84375
112,6847,3.0781908,1191384645322856.0,0.001913893761709222,1.6717586261362465e-09,740754484900.5359,62484948.27,0.7574413726158526,2.5837086385865196e-15,0.00016074322439778215,1.3511452151102668e-10,62214145200.877075
113,132790,19.66737,7939467643534547.0,0.01853644715580639,1.4509402149419276e-08,7482928445420.654,682091259.87,0.7574413726158526,2.477164828049396e-15,0.00040921401796604784,3.3849453684057775e-10,165194505158.65628
114,270085,1.1171808,1847796299422415.2,0.0008174625930182875,6.860746650120948e-10,1352067950232.8035,30082629.439999998,0.7574413726158526,6.046017087214694e-16,0.00011505675059768159,9.646098048348723e-11,190301729118.47733
115,163885,0.27920526,701578326746212.0,8.6633753198729e-05,7.040933104583682e-11,217690610874.98343,1230430.0,0.7574413726158526,3.9796733929182415e-16,9.583501534792644e-06,7.788741768969095e-12,24081125732.192787
116,273371,0.91515553,1036316800731033.2,0.0035359015396741935,2.9991896952974164e-09,4004034342987.683,87387072.08,0.7574413726158526,8.830847182583895e-16,0.00016562403946026458,1.3345705744865434e-10,187551699215.1179
117,126199,12.117807,3.4314914257450668e+16,0.03512434489620417,2.6482226614396325e-08,99464274638337.69,1677640254.74,0.7574413726158526,3.531352842406974e-16,0.0005838598879380858,4.659642100764447e-10,1653360380550.7192
118,267607,20.730932,1.1570350788928218e+16,0.03221867796102983,2.4888362303854753e-08,17981893238790.504,1389643533.69,0.7574413726158526,1.791728909363546e-15,0.0005628193757259995,4.692940217382192e-10,314120831999.0343
119,140610,7.289445,5730276577927958.0,0.0028264191100290112,2.2274676266268186e-09,2221865070057.7656,81889630.63,0.7574413726158526,1.2720930483665816e-15,0.00013990830465442905,1.1394699239093186e-10,109982760171.57465
120,122152,0.47668505,420248352554774.44,0.0008663409735934058,6.059933553757669e-10,763771313791.6285,34730992.19,0.7574413726158526,1.1342936792069154e-15,8.996578620029841e-05,7.272683480276296e-11,79314367918.54594
121,317121,16.898552,1.326224831951951e+16,0.03506559182327582,2.764573597941555e-08,27520025753164.938,1391572542.93,0.7574413726158526,1.2741845570127458e-15,0.000581084830971375,4.717077061198009e-10,456044477837.41455
122,265747,5.64179,4105255778232369.0,0.0036057674901145025,2.739397988912797e-09,2623741369982.7515,119499570.86,0.7574413726158526,1.374284649915097e-15,0.0001788417348210026,1.389466729020351e-10,130134419264.63446
123,226862,9.737027,5191481772426742.0,0.004794626039353432,3.7142030156847804e-09,2556346376456.1772,203095607.93,0.7574413726158526,1.875577614798878e-15,0.00021579946605880052,1.6938883761309773e-10,115057603778.20522
124,241240,12.275394,6096622035156911.0,0.022590116002379403,1.7648111133879344e-08,11219468719037.207,918337081.54,0.7574413726158526,2.0134746633812053e-15,0.00045287851102559834,3.819278874395301e-10,224923868803.53616
125,314319,3.3102212,2089982877450974.8,0.011029097128232359,8.667239881632161e-09,6963469435743.251,435023587.33,0.7574413726158526,1.583850870604871e-15,0.00030944059021223674,2.3903407634661804e-10,195372301745.84662
126,248448,0.75977254,1958788076204990.2,6.94819865406668e-05,6.599393823942402e-11,179133200506.15903,16019753.74,0.7574413726158526,3.8787888757828474e-16,2.048938706464807e-05,2.0264654805830016e-11,52824187448.23471
127,147549,4.34312,2274190893860251.0,0.014228470272444282,1.1050892578369495e-08,7450463613060.213,411676075.64,0.7574413726158526,1.9097429383458277e-15,0.0003403780497969732,2.736227429519458e-10,178232390843.03162
128,234581,1.8736396,3050887740068423.0,0.0023750107960480446,1.7428073457833324e-09,3867281263799.6787,59098725.79,0.7574413726158526,6.141293156718967e-16,0.00011752748187724468,8.504810028301618e-11,191372531611.94904
129,292041,3.6365597,2896975467477898.5,0.04851308903513086,4.0488875853791095e-08,38646754179876.42,58460627.76,0.7574413726158526,1.2552953039557432e-15,0.0001167257206215764,1.0382398254538432e-10,92986662384.337
130,162036,28.057833,6433375022773363.0,0.05681299313559224,4.407028495205633e-08,13026640047629.967,1827622574.21,0.7574413726158526,4.361292929555434e-15,0.0007188976171656236,5.887229623633271e-10,164835893570.41974
131,82777,1.7491903,2527358777157185.0,0.0007507144763301811,5.50886012218239e-10,1084687481340.3911,37418686.63,0.7574413726158526,6.92102093224579e-16,8.844386763917027e-05,8.029204090244643e-11,127790203938.1223
132,292222,11.623144,9172589418218650.0,0.04688655152972114,3.7141509091012785e-08,37001269744079.88,690559944.85,0.7574413726158526,1.267160609730775e-15,0.0004146718385173454,3.4480794935288145e-10,327244893293.7143
133,139697,4.7384453,3099208731663350.0,0.003235880019428171,2.32820922313168e-09,2116446846147.355,102357195.04,0.7574413726158526,1.5289209957332786e-15,0.00016602402285380278,1.302018446261678e-10,108589013635.83981
134,262780,18.555773,1.209858848478478e+16,0.05657609651234747,4.691444083925178e-08,36888299386846.32,4142797889.77,0.7574413726158526,1.5337138727658843e-15,0.0006550323919508334,5.565177931586887e-10,427089044170.64087
135,255206,14.87356,3291441315499842.5,0.011252683055051322,8.801967254530007e-09,2490160117525.388,409637471.18,0.7574413726158526,4.5188592395551436e-15,0.00029725813241517643,2.5268665725849985e-10,65781675563.86196
136,271964,1.127584,705171818371023.8,0.0075487617505340275,5.928461243462186e-09,4720866959866.15,174209455.05,0.7574413726158526,1.599020225460464e-15,0.00022698366259503048,1.8488437681237582e-10,141951714544.24026
137,103830,0.44462615,359901696882260.06,0.0006968025772100396,5.566819927822574e-10,564025372618.8289,27633955.01,0.7574413726158526,1.235409985147853e-15,7.300549549321056e-05,6.065849069382027e-11,59094143944.832466
138,149884,10.091194,1.1520358787006476e+16,0.05695745737756816,4.6441500522656114e-08,65024054099565.84,732212760.0,0.7574413726158526,8.759444203579497e-16,0.0004234816482294298,3.5909290252073385e-10,483457213023.1464
139,238441,30.36765,1.0979130652318818e+16,0.17097034691480012,1.4648247327781124e-07,61812678177266.4,2813333232.05,0.7574413726158526,2.7659430388130306e-15,0.0007450247854142399,6.41412257704396e-10,269356517816.77972
140,219172,1.8929949,3228732426175146.0,0.0025203937932103083,1.9556023354391724e-09,4298837343338.1665,72103426.36,0.7574413726158526,5.862966174135708e-16,0.0001275257423103606,1.1806842055526425e-10,217510622648.54337
141,36955,0.50183356,3744687050731307.5,0.0002646651810857795,2.67964771336184e-10,1974934231962.0374,4686020.1,0.7574413726158526,1.3401214926678477e-16,1.7105844174284122e-05,1.768934266805908e-11,127643980548.58931
142,289185,3.6203737,2785141555848659.5,0.004525706784754139,3.5199014993036916e-09,3481611314269.844,122389912.15,0.7574413726158526,1.2998885792348307e-15,0.0002046733088106416,1.669599923464248e-10,157454501932.0971
143,213372,6.4629507,5651419259341472.0,0.007805807898723697,6.036807713505687e-09,6825658300869.738,251860344.77,0.7574413726158526,1.1435978120570533e-15,0.00025044629065216567,1.9980693227993678e-10,218998574509.05222
144,207553,0.46167463,597517330998038.6,0.000735418587636429,6.797875600260195e-10,951807448572.3123,15440737.68,0.7574413726158526,7.726547935084337e-16,8.32777733684279e-05,7.134392360425126e-11,107781345651.50912
145,123684,11.183306,7296157439299187.0,0.013370733380552325,9.952430222388919e-09,8723268041078.623,554866993.49,0.7574413726158526,1.5327665408867853e-15,0.0003457979535837761,2.638594374678973e-10,225603798334.29425
146,52434,1.2599938,683111544893842.8,0.0024428503173081926,1.7934554173401315e-09,1324402750395.1318,72235622.54,0.7574413726158526,1.8444920297691735e-15,0.00012844513572532189,9.331127894955097e-11,69637132420.35313
147,152324,28.592812,1.6533145794939784e+16,1.206941430149069,9.787106131963127e-07,697886539827131.8,6642142820.36,0.7574413726158526,1.7294235685474483e-15,0.0010333991924556486,8.455097688533953e-10,597539672321.9204
148,171230,4.191533,3311988963159226.0,0.00459358282029285,3.5369029774423498e-09,3629673344374.8984,106013466.66,0.7574413726158526,1.2655636980148019e-15,0.00019249135399376476,1.4313999388755123e-10,152099301122.26828
149,25785,2.7922776,3498493263169085.5,0.003592499550023546,2.7100310051331763e-09,4501105288992.523,83580125.97,0.7574413726158526,7.981371950594053e-16,0.00016611498895265677,1.3725835876942282e-10,208128364372.60995
150,264388,3.2060218,1226200188329269.8,0.002788616751873411,2.186745521351525e-09,1066556186962.089,84159265.19,0.7574413726158526,2.614599011249778e-15,0.00015620010174028707,1.1677837325948505e-10,59741513351.84031
151,285145,12.185275,1.0442639249109636e+16,0.018164164491800538,1.3659510414506239e-08,15566478150830.398,793350226.73,0.7574413726158526,1.166876946461494e-15,0.00041075958295210354,3.355689527641227e-10,352016195193.2592
152,321295,9.879616,6944978579706611.0,0.04360709591945802,3.599474790572947e-08,30654060550920.957,837295176.59,0.7574413726158526,1.422555287480435e-15,0.00044254631090635783,3.5160631135064376e-10,311092521184.3089
153,232727,13.346109,1.1751526737746866e+16,0.030440170053244037,2.3062172865873965e-08,26803203261883.95,976392942.1899999,0.7574413726158526,1.1356914976103662e-15,0.00046673853674899276,3.640189283695873e-10,410972995510.72424
154,343764,10.341103,1.1435803173292674e+16,0.06727645971183724,5.3079304750359707e-08,74398287248519.33,988901001.64,0.7574413726158526,9.04274307916627e-16,0.0004497668490441087,3.5978147721450935e-10,497378776668.2592
155,231465,6.2053666,3150600874983833.0,0.021608253740705324,1.6693385227811066e-08,10970984879819.812,893260749.1,0.7574413726158526,1.969581945231905e-15,0.0004739514644830958,3.895231384978079e-10,240635565141.35855
156,235200,4.13713,3630849749090451.5,0.002691004546526247,1.822812190703175e-09,2361693536958.2505,98418204.02,0.7574413726158526,1.1394385022504373e-15,0.00016531848919400515,1.3377470002422297e-10,145087680350.88724
157,79579,4.4568477,1020942282242044.2,0.004990853237192586,3.939303798295035e-09,1143268389968.6528,159149377.23,0.7574413726158526,4.365425722414515e-15,0.00021364636493358718,1.6711722879546748e-10,48940556664.75055
158,255081,1.0716757,898674927036766.4,0.006298388917726964,4.891159607365857e-09,5281639026701.321,193632031.21,0.7574413726158526,1.1925065090373394e-15,0.00024554859353365175,1.9098731834284462e-10,205909646339.6857
159,197095,10.300591,5529643405744165.0,0.00829554511925715,6.47284743244475e-09,4453279075516.491,252577900.1,0.7574413726158526,1.8627948032417063e-15,0.0002897634253733528,2.2570801938050222e-10,155553056551.95917
160,54293,0.2577624,394149027048373.44,0.000903303753061348,7.161457088389499e-10,1381257683037.846,20664566.8,0.7574413726158526,6.539719301866122e-16,0.00011490397561578475,8.562517216719197e-11,175701693470.233
161,244622,1.3769013,2465007995201601.0,0.0011089320267029682,9.488495934883308e-10,1985273971313.653,37606520.86,0.7574413726158526,5.58578837342631e-16,9.54881177849398e-05,7.928144548709121e-11,170948327078.07654
162,217227,11.091048,3762547074786143.0,0.07113330722856047,5.6241998889382696e-08,24131391103228.855,252696650.3,0.7574413726158526,2.9477499628706698e-15,0.00025788788865187343,2.2082945925534107e-10,87486351251.01622
163,247703,0.36108026,194626698475144.84,0.0023927998570175747,1.801803651020554e-09,1289748534808.1038,65832822.73,0.7574413726158526,1.8552452609481654e-15,0.00015811512471677948,1.2129295269046872e-10,85225995745.68979
164,94227,4.201433,2218637716797290.0,0.0010733048732533316,7.294805844910894e-10,566776781498.6403,55829006.05,0.7574413726158526,1.893699439160788e-15,9.651244285904708e-05,7.877706103349331e-11,50965026900.899086
165,291561,0.47785038,413850571495452.25,0.0005002394746612117,3.5381550687967944e-10,433241033465.595,22007813.06,0.7574413726158526,1.154644726654077e-15,6.990674709651305e-05,5.5914918222434055e-11,60543945235.07541
166,242199,16.632322,5867833461626299.0,0.03441268005369506,2.7341903895902976e-08,12140690609724.355,1188660145.94,0.7574413726158526,2.834491147161881e-15,0.0004983531569450207,4.2317538313053273e-10,175817503414.68225
167,231307,10.958196,1.0898278484886512e+16,0.0404859823810442,3.069118520763919e-08,40264612051365.8,1997413880.43,0.7574413726158526,1.0054978880560429e-15,0.0006102691393901594,4.966720170656591e-10,606932293582.4458
168,178709,1.1242927,705782922886324.6,0.003844510437848959,2.141111426237271e-09,2413419400385.702,55097978.41,0.7574413726158526,1.5929723765519356e-15,0.00011246002281284886,9.069410975202205e-11,70597597590.65874
169,285444,27.47053,2.6127348621101384e+16,0.07774482516490093,6.248641091882287e-08,73943464162138.2,3313828520.56,0.7574413726158526,1.0514090196589567e-15,0.0008814124588413651,7.38965613716777e-10,838315481759.1987
170,219738,0.7855327,919823867698751.1,0.0002921621236181137,1.7500712143815877e-10,342108857519.8639,6873748.4,0.7574413726158526,8.540033886762194e-16,1.9449310859655094e-05,1.1671317391536884e-11,22774278319.671825
171,276390,14.878297,9428534744220472.0,0.042766576763601,3.224696658407907e-08,27101633668623.76,1953242520.57,0.7574413726158526,1.578007336624616e-15,0.0006090298547021523,5.036583746836571e-10,385948683866.62726
172,304572,2.495363,1133534644038572.5,0.0032864458186439506,2.3260963006514102e-09,1492889087154.304,123388757.62,0.7574413726158526,2.2013998540966397e-15,0.00017479002735163268,1.2512200954973376e-10,79399490749.65257
173,276797,7.3491397,4047232403126795.5,0.00963731978006677,7.58827064715913e-09,5307352218815.63,302567551.99,0.7574413726158526,1.8158432647263423e-15,0.0003092042346723826,2.5098251663045894e-10,170281345685.95676
174,180625,29.816345,2.613500790362853e+16,0.11501692605549538,8.910044944892824e-08,100816121879171.64,3077349917.24,0.7574413726158526,1.1408584650116123e-15,0.0008429070848518419,6.73848965958756e-10,738835807159.7096
175,321409,10.525852,4838636792792435.0,0.012471500774744418,9.946635199903492e-09,5733033535909.272,280332631.54,0.7574413726158526,2.1753755139627677e-15,0.0003037341871361904,2.4826678370529676e-10,139623796069.5318
176,187085,0.8591541,435603688394457.8,0.0011172238462615646,7.963035755401705e-10,566448822386.7875,30901498.36,0.7574413726158526,1.9723297182506847e-15,0.00010652179655110003,7.171133935591213e-11,54008108058.91889
177,359771,13.377163,9170311986156318.0,0.01255795374394368,9.9915491430399e-09,8608727705544.393,285209940.35,0.7574413726158526,1.458746771123428e-15,0.00029525066629225075,2.3561145231003015e-10,202400219240.84103
178,0,247.87788,8454280270712797.0,0.2491334284303466,2.0246638618932177e-07,8497102802209.37,6559035236.73,0.7574413726158526,2.9319808672382814e-14,0.0014062338766138737,1.1796064570795048e-09,47961904947.1645
179,294630,2.1430697,1314393760408248.0,0.017319132985502698,1.3609471597459347e-08,10622221167993.47,754675185.89,0.7574413726158526,1.6304624721699584e-15,0.0004171266842061646,3.3928254873099046e-10,255833354846.25833
180,319239,7.9283786,6998741665841734.0,0.08941555033593943,6.770296757408523e-08,78931187482685.06,832969819.93,0.7574413726158526,1.1328291539456985e-15,0.0004378190507269234,3.713180261129709e-10,386482859486.78015
181,189228,1.8044175,1524430086957945.8,0.00451767550303242,3.2164782270781816e-09,3816677936195.7495,132260586.78999999,0.7574413726158526,1.1836669424445558e-15,0.0001857760789068797,1.3500679631495204e-10,156949621760.3303
182,209457,1.5835155,1735191083142984.0,9.057062455746324e-05,3.8022944210225e-11,99245848952.41074,5255627.6,0.7574413726158526,9.125885416214501e-16,5.157766779524301e-05,2.1576108898464266e-11,56517987507.932014
183,72702,11.372967,2.1118308844397564e+16,0.21792411904045442,1.693131318561011e-07,404660353849578.25,1607820710.52,0.7574413726158526,5.38535878218161e-16,0.0005057106701023563,4.124454689040627e-10,939047314313.7416
184,32262,0.794338,604115526126036.5,0.002601407706377089,2.3008395168160797e-09,1978440896956.1082,38804005.35,0.7574413726158526,1.3148776445025141e-15,0.0001203810366412163,1.0621515835494106e-10,91553033200.10634
185,127298,1.7505543,1071329603356663.2,0.0025620566940546315,1.7672806457045563e-09,1567964605164.6797,61241241.61,0.7574413726158526,1.6340016130565298e-15,0.00012840965383110347,8.490386151597244e-11,78586001877.25826
186,114386,9.6005745,9827804782435084.0,0.02019621667676645,1.646697749979679e-08,20674228906095.203,539178606.98,0.7574413726158526,9.768788363764404e-16,0.00044113701270447324,3.6979246643491625e-10,451578022040.8839
187,238710,6.4622664,2929212962146708.0,0.023852954716525668,1.8287306127743512e-08,10812055680828.236,536337509.31,0.7574413726158526,2.2061442727141466e-15,0.00032756625758574283,2.6808919417213017e-10,148479073484.50464
188,257422,0.42128533,962735685210266.1,0.00044542401193499995,2.677059461854222e-10,1017898229068.0474,10240294.6,0.7574413726158526,4.375918920134235e-16,4.6928757889617176e-05,2.96024272286125e-11,107243207075.18411
189,241239,9.531966,5004241071332135.0,0.027448488154204264,2.1728707498298354e-08,14410337989795.867,1025490355.43,0.7574413726158526,1.904777540515765e-15,0.0005043430035717164,4.2111204618618384e-10,264777903374.03558
190,210078,0.41179997,262582679241575.97,0.007815489082625382,6.224828049958392e-09,4983516785829.439,280427853.26,0.7574413726158526,1.5682678354467707e-15,0.0002542615994669241,2.1306917507141765e-10,162128938514.1854
191,131630,5.6957526,1749754878593020.0,0.003935973307549446,3.0169874005411055e-09,1209144599591.0266,105581601.97,0.7574413726158526,3.255171721298449e-15,0.00017675470099047999,1.4387762226629297e-10,54299654864.28306
192,309798,4.5641828,2518737884353781.0,0.044249616976685884,3.762535168298907e-08,24419089140628.402,264912671.264,0.7574413726158526,1.8120912177294733e-15,0.00026112100279244337,2.2316229551605562e-10,144099259594.46158
193,244515,5.9312186,3263263319390660.0,0.00831882009092949,6.557630410055178e-09,4576884160590.588,289209547.27,0.7574413726158526,1.8175727851185236e-15,0.00028255811478123327,2.33677357042812e-10,155459036961.10178
194,99900,3.0561075,1035219827677340.5,0.015555173998602706,1.2502637808465846e-08,5269128964319.658,474436257.2,0.7574413726158526,2.9521338543686918e-15,0.00037981112605515235,3.138812783876012e-10,128656471823.96281
195,307100,6.1955,4435683460249479.5,0.008581336510236619,6.779177760116512e-09,6143828976723.68,525840014.58,0.7574413726158526,1.39674078538768e-15,0.000323544424684814,2.69336953351997e-10,231642426475.7264
196,311081,2.1388612,976482499457627.0,0.006473651795161742,4.834819782675368e-09,2955501593819.1274,251938661.2,0.7574413726158526,2.1903733053976896e-15,0.00025598604636816553,2.0687080707325474e-10,116868684318.48793
197,306278,2.2255414,1038172636613076.6,0.012611711092527659,9.471712462363489e-09,5883122801998.572,429063443.85,0.7574413726158526,2.1437103247688963e-15,0.00032354756755354023,2.594210517956884e-10,150928772332.34412
198,25783,19.684685,8754380588382866.0,0.02889450858914423,2.2768075590211327e-08,12850270405834.09,998412785.31,0.7574413726158526,2.2485525733393107e-15,0.0005138273720292738,4.210592060540327e-10,228514724592.8932
199,290484,1.0384585,1522019704189080.2,0.0005024014593920144,3.990552967328284e-10,736346152116.8116,15532651.84,0.7574413726158526,6.82289787143907e-16,7.711661802663762e-05,6.23303628183058e-11,113026194264.83128
200,172068,16.439037,6037590391059391.0,0.09856057704244844,7.328954946912238e-08,36198494649580.484,845311171.27,0.7574413726158526,2.722781098953536e-15,0.0004531249457078753,3.560182072840409e-10,166419895408.4218
201,169379,9.194605,3826643938132260.5,0.05897220433695817,4.775411816963865e-08,24543265126051.418,386110694.11,0.7574413726158526,2.402785612838538e-15,0.0003034033526658517,2.584493169088123e-10,126271503809.87393
202,332390,15.686593,1.1002462194272528e+16,0.03364399852336971,2.6439547196726028e-08,23597655769964.58,1213660726.05,0.7574413726158526,1.4257347785449203e-15,0.0004965647650635469,3.838443455457171e-10,348286913201.57886
203,39464,2.5756059,2402197037406587.0,0.002170473854274273,1.7046050530268433e-09,2024341481166.088,62867032.27,0.7574413726158526,1.0721876098809219e-15,0.00014282391819363984,1.1496943639303716e-10,133207954351.85265
204,212772,0.11596122,89259031178751.2,0.0005219160699449369,3.719261099316552e-10,401735362562.643,15646315.6,0.7574413726158526,1.299153917184858e-15,7.870671673093914e-05,5.491646725955492e-11,60583057703.808525
205,242362,40.367733,2.2536466174434184e+16,0.3362236397676394,2.727906954285158e-07,187706668706626.4,5493417313.35,0.7574413726158526,1.7912184052082646e-15,0.001180559741430923,1.0131721224815026e-09,659081962310.2631
206,296389,1.0825181,1975118481691556.5,0.0015653997516509018,1.043428182377045e-09,2856164696665.1816,43364567.24,0.7574413726158526,5.48077550807431e-16,0.00010638174324465585,7.467715637026902e-11,194099800453.3002
207,316077,9.656498,5962688453155131.0,0.0245320148543715,1.8854218460665e-08,15148013462519.342,1018985404.78,0.7574413726158526,1.6194872624764262e-15,0.00047412852347584024,3.6874712241582775e-10,292764589423.71075
208,266982,30.013659,2.915336681269682e+16,0.07424503526505243,5.8334579337628194e-08,72116923401564.75,2414366984.54,0.7574413726158526,1.0295091881781733e-15,0.0007939643602209971,6.562154003568468e-10,771206677257.5406
209,218121,5.9564943,3187282737598283.5,0.01664740698287794,1.26032353295415e-08,8907923055059.412,505093338.57,0.7574413726158526,1.868831475079115e-15,0.0003821594217395017,2.867174564289052e-10,204491109463.6414
210,226418,4.1060243,1546216796355748.5,0.0013077550809847936,1.0865350034530128e-09,492464906196.0642,63981485.0,0.7574413726158526,2.655529489575729e-15,0.00010750319328324045,8.6349951215496e-11,40482771404.06229
211,138121,2.9679484,2880536142440821.0,0.001580480512282405,1.3173451332327282e-09,1533932071747.8955,56764173.85,0.7574413726158526,1.030345829122321e-15,0.0001429408084538648,1.1884034860835559e-10,138730904142.7634
212,296340,3.82225,3671738715345381.5,0.0033583172624462223,2.480490418518597e-09,3226074566272.879,222203614.24,0.7574413726158526,1.0409918287555657e-15,0.00020386146509730074,1.5970019579180876e-10,195833876372.50058
213,5,8.796698,2900460275268071.0,0.013372245534764878,1.0893259643737728e-08,4409116575869.307,342514036.49,0.7574413726158526,3.032862775266583e-15,0.0003519331797970708,2.9455118071598e-10,116039928567.53519
214,148964,0.5051609,353431531077167.25,0.0004634966851409742,2.922967873383606e-10,324281517192.97003,21580037.15,0.7574413726158526,1.429303431022131e-15,8.104016032485304e-05,5.0295560745470244e-11,56699059532.02615
215,225539,0.13346526,103916393393434.08,0.0005567583107870912,3.557110173294151e-10,433493447274.70807,17805050.65,0.7574413726158526,1.2843523109457046e-15,9.66913660148616e-05,7.810927484020285e-11,75284145316.53314
216,318668,5.074345,2195313170551459.0,0.03507440147917453,2.595279041098947e-08,15174233426470.1,259437093.97,0.7574413726158526,2.3114447032289855e-15,0.0002489477836863935,1.974998524695062e-10,107702244980.64978
217,51416,1.1469153,2049399036796860.0,0.0017220636580723835,1.2438912400808419e-09,3077119646199.1743,34316904.660000004,0.7574413726158526,5.596349365873564e-16,9.898740165859834e-05,6.848374303480484e-11,176878524171.8855
218,167619,34.113953,3.9988888407599736e+16,0.09271040370063015,7.113820904006834e-08,108676528569058.55,4209651582.54,0.7574413726158526,8.530858035432856e-16,0.0009569902627495577,7.675960827246841e-10,1121798368669.0198
219,294701,8.065295,3555886053996963.5,0.04277507704002355,3.40752275272463e-08,18858987787212.426,631867212.48,0.7574413726158526,2.268153387798879e-15,0.0003473610320200485,2.702309948468645e-10,153147063989.85815
220,306355,0.86394906,774013053476967.6,0.0029470449799097525,2.6034760680778836e-09,2640261317760.929,85967351.66,0.7574413726158526,1.116194431242507e-15,0.0001620716213851863,1.336260890338373e-10,145200170193.26468
221,287867,1.0829089,2121227179765473.5,0.0001744421413983943,1.4476505408024371e-10,341701330214.17206,10006808.41,0.7574413726158526,5.105105715832513e-16,7.413083098481995e-05,6.465754167365994e-11,145209198616.4308
222,218923,5.755729,8916221450377508.0,0.007032544754856834,5.2772577078669965e-09,10894141540366.883,162423844.15,0.7574413726158526,6.455345498127243e-16,0.00024229540064355418,1.886847034350747e-10,375340716796.40753
223,71668,7.39228,925944830663895.9,0.024008357898181853,1.943772920077301e-08,3007247410616.238,541099847.64,0.7574413726158526,7.983499399958622e-15,0.00040471882714500156,3.4879348362578573e-10,50694414425.220505
224,198615,30.656126,9734043281878764.0,0.07052353534712517,5.561974480923766e-08,22392886350350.44,2139333149.81,0.7574413726158526,3.1493722713428366e-15,0.0007957197057098716,6.588887894347447e-10,252659780156.9488
225,135080,9.868106,5181804563864699.0,0.02133639934556157,1.7324583221739042e-08,11203877573393.59,707666781.74,0.7574413726158526,1.9043763380840745e-15,0.0004318974260401382,3.549609413850654e-10,226792056487.45612
226,126566,0.9225122,1124473260832716.9,0.00047623701822121334,3.423416144229013e-10,580497247416.8447,12246826.9,0.7574413726158526,8.203949636977968e-16,5.564805149270632e-05,4.0713627272579497e-11,67830805837.570946
227,280624,6.945844,4078009026809461.5,0.011421549583354548,8.885407344311709e-09,6705762798742.916,421756605.62,0.7574413726158526,1.7032439002309579e-15,0.00028798978415695925,2.2395296927754126e-10,169083114941.96936
228,259273,12.90776,5829879216445846.0,0.08400757252342271,6.616293181381586e-08,37942602053212.11,923745876.84,0.7574413726158526,2.214069883915905e-15,0.0004305521365267028,3.435224217341705e-10,194461854910.02148
229,25786,5.907763,5520197090952902.0,0.008414157137204965,6.67257676332496e-09,7862164706271.976,346938047.41,0.7574413726158526,1.0702087086133724e-15,0.0002724648053928536,2.2737474122559247e-10,254590345976.4176
230,229961,0.9732743,630026579885686.1,0.0012170515281183679,7.516686477739307e-10,787830123332.2026,36919719.86,0.7574413726158526,1.544814665083803e-15,0.00011018946570033711,7.579942279427258e-11,71328598951.6157
231,173889,2.7874079,4252531793470662.5,0.005063581916574988,3.853264516381367e-09,7725113747822.215,160642566.87,0.7574413726158526,6.554702081898097e-16,0.0002277378786799665,1.8866460033232464e-10,347441997873.4085
232,64257,18.6099,5081369738882764.0,0.01921018127147784,1.4886401275990503e-08,5245274493218.121,459450916.54,0.7574413726158526,3.6623786412542656e-15,0.00037543176278497127,2.943324217395866e-10,102510362679.5934
233,316409,12.805261,5344059481755763.0,0.0786528066002329,5.590792164070093e-08,32824420906272.58,744168422.08,0.7574413726158526,2.396167378697083e-15,0.00043098040890186535,3.577039924051658e-10,179862397232.1212
234,270400,0.62999094,686407077105975.4,0.0001086727970282249,1.0195756660631684e-10,118404523355.64505,16374922.81,0.7574413726158526,9.178095054849425e-16,5.1567257695652905e-05,5.0581961409301636e-11,56185142327.98923
235,52437,1.1894692,948010009834758.4,0.0021325961021945662,1.4882639563378275e-09,1699684575115.554,55222944.84,0.7574413726158526,1.254701097731372e-15,0.00013261594661555487,9.153041540890342e-11,105695250331.20483
236,136824,20.632063,4.611992536352688e+16,0.05875948078229269,4.838619777204221e-08,131348128787651.11,1435326802.07,0.7574413726158526,4.473568167635522e-16,0.0007083167695060958,5.97358172233641e-10,1583337378494.609
237,202986,4.8640704,3976606421667434.0,0.002428353525452238,2.018585654074083e-09,1985293268656.663,120337525.56,0.7574413726158526,1.2231711877486842e-15,0.00014661064949860887,1.3925375186662553e-10,119861104452.97038
238,176443,1.5828553,918045375788136.6,0.0041753050792102935,3.424135141018636e-09,2421648725865.042,130113237.15,0.7574413726158526,1.724158022844054e-15,0.00019101327188125421,1.5615742520746624e-10,110786406669.48363
239,231466,15.477139,8.045964991168704e+16,0.049318472137835544,4.0772597027607985e-08,256387630969104.75,3234811734.32,0.7574413726158526,1.9235901494709205e-16,0.0007499564522021859,6.667891274212623e-10,3898733066440.686
240,241709,22.299662,2.323912709828875e+16,0.15833675293222074,1.3712606290355357e-07,165007340726609.3,3397557862.89,0.7574413726158526,9.595739937083123e-16,0.0008351543527426879,7.073636225354951e-10,870338669262.1799
241,200296,0.49254727,635760417852203.1,0.0009137435953433034,8.816832984084276e-10,1179423875367.806,22445811.48,0.7574413726158526,7.747372377537724e-16,7.09787713754694e-05,7.129433867169727e-11,91616573873.82214
242,182987,1.2948885,1567821439226903.2,0.0004869946318833564,3.4675214546568284e-10,589641984352.4285,60236802.87,0.7574413726158526,8.259158011249757e-16,7.028543866908017e-05,5.221454513310697e-11,85100004835.05066
243,178359,0.15240765,230384758971373.72,0.0006858290661500058,5.703302657360683e-10,1036723314745.2336,10469665.8,0.7574413726158526,6.615352972152871e-16,7.798331064377243e-05,6.020137045022271e-11,117882312511.57848
244,221713,1.118377,711935600563986.2,0.0006941418597646358,6.20666822780614e-10,441876309874.16437,16036859.65,0.7574413726158526,1.5708962989265266e-15,7.659777569886625e-05,6.320899441236218e-11,48760555201.00812
245,153193,4.949331,4108757322703617.5,0.0010675106485243321,7.614177482231981e-10,886209104662.5165,25755885.66,0.7574413726158526,1.204580998895129e-15,6.504812376828553e-05,4.843379390327827e-11,54000622480.3058
246,188406,9.621064,4584513093158989.0,0.006051437427266351,4.7178723540597084e-09,2883557797529.9756,174430430.52,0.7574413726158526,2.0986010519539257e-15,0.00020256100057468982,1.663979270892238e-10,96521918916.45778
247,201768,1.2455904,825504659999690.6,0.0016950427916923572,1.344482830754725e-09,1123375487994.228,37715352.15,0.7574413726158526,1.5088835476718771e-15,0.00011649319294132512,8.935233434130409e-11,77204893062.20325
248,274507,21.140106,2.3424468614749736e+16,0.10448030964884235,7.602275197814113e-08,115770267860938.9,2300501119.96,0.7574413726158526,9.024796398876969e-16,0.000669725127506509,5.358198877386276e-10,742094445022.4368
249,320768,8.219577,4222816857800415.5,0.0286109864818158,2.0737861016783603e-08,14698926238383.262,248874469.69,0.7574413726158526,1.9464677907631116e-15,0.00023654779978717793,1.982184569951739e-10,121526696156.85728
250,267282,1.1436017,3589007418030611.0,0.0008996606240127331,7.430370281591119e-10,2823438136977.015,87796694.43,0.7574413726158526,3.1864010485314804e-16,0.00011499005429795079,9.777421318807192e-11,360877530940.2637
251,205193,4.7863884,3621439623446038.0,0.0021888510938533165,1.6797946634726768e-09,1656111334613.7148,66309622.86,0.7574413726158526,1.3216811262051186e-15,0.00015702001816596584,1.2420823946130221e-10,118803253714.31316
252,262382,1.5157018,1176942246688672.2,0.00600975154715982,4.510177843920989e-09,4666571279360.493,197369416.89,0.7574413726158526,1.2878302263891265e-15,0.0002365610334500934,1.9395628385824792e-10,183689611101.43637
253,332915,2.6838384,2977763471277271.5,0.009376264582942051,8.394125432808748e-09,10403121951051.77,83752255.2,0.7574413726158526,9.012933451187793e-16,0.0001317802598780595,1.1493379098708998e-10,146212396432.03235
254,211104,3.9374394,1907839807461765.5,0.0037855723353284027,2.7935059834116176e-09,1834254412998.8452,161462757.73,0.7574413726158526,2.0638207592693337e-15,0.00019725145665495074,1.6033951902530004e-10,95575866154.5709
255,49345,0.68326044,396587704152274.94,0.0007248414328126759,6.762305729644468e-10,420722733067.38586,34449994.08,0.7574413726158526,1.7228482699949098e-15,6.699112066089631e-05,5.708665117715098e-11,38883935299.24387
256,246280,24.64695,1.948033392193016e+16,0.10410885844386043,8.621798798619225e-08,82285042438003.88,2708046486.48,0.7574413726158526,1.2652221516723322e-15,0.0007949279669361932,6.48262441093232e-10,628291218174.9913
257,109906,0.5418297,1246357408469837.8,0.0007365111655758053,5.078259474152839e-10,1694178350939.7146,13006912.9,0.7574413726158526,4.34730596791821e-16,8.32320951470985e-05,5.514451543944866e-11,191456722304.1717
258,59018,10.899976,2144544338114927.8,0.014199467673577309,1.1593561561818114e-08,2793711472723.9917,428218190.69,0.7574413726158526,5.0826535997764305e-15,0.0003001140096296689,2.3881267302198585e-10,59046717179.952995
259,169737,1.2646706,1777645140139344.8,2.4975163005208144e-06,1.7879112199990444e-12,3510556593.97761,2701160.4000000004,0.7574413726158526,7.114302913689883e-16,7.932195819780329e-07,5.650354599674968e-13,1114964588.3810477
260,117643,2.5468123,2538675854223971.0,0.0012733216252938954,8.952731346409367e-10,1269253672441.756,39785408.46,0.7574413726158526,1.0032049959282872e-15,0.00010987804028180321,9.138499967891854e-11,109527006671.38394
261,113688,3.8888102,5828816740610136.0,0.0028813598071847526,2.114092855773689e-09,4318780659400.5747,76139751.56,0.7574413726158526,6.67169748691213e-16,0.00016214605593517837,1.2318812407850023e-10,243035683577.17105
262,181512,22.646564,8721855877796738.0,0.07217559247139366,5.834744240280571e-08,27796937117263.65,3022276390.03,0.7574413726158526,2.596530407897641e-15,0.0008336505549594879,6.908279120955144e-10,321063274446.4865
263,93402,26.007706,9778195212721668.0,0.0781352538189391,6.063867444349847e-08,29376745678267.156,2684765057.29,0.7574413726158526,2.6597654714607604e-15,0.0008476460638441242,6.888935195239242e-10,318692032413.8923
264,143206,2.3662508,981594000903368.9,0.010227386140102596,7.98233880282813e-09,4242636021526.9526,235061901.35,0.7574413726158526,2.4106206820969978e-15,0.00026908741123890084,2.2572002683465176e-10,111625778886.4658
265,1,14.93059,4392334601592076.0,0.02166706313632106,1.6655394321857507e-08,6374094468372.857,760807052.99,0.7574413726158526,3.399237843717133e-15,0.0004546799992207623,3.640627526626609e-10,133759395524.83943
266,81765,2.6169074,1518433562974329.8,0.001971137506364455,1.4947687107931635e-09,1143732234048.983,61454244.65,0.7574413726158526,1.7234256827634682e-15,0.00013874911872818177,1.1271113725596991e-10,80507746934.40866
267,163164,0.41768655,439312469648196.8,0.0011398135691026916,8.961115890397846e-10,1198827958384.1738,18468766.65,0.7574413726158526,9.507732624445763e-16,8.869763561029803e-05,7.297040096901482e-11,93289997851.0581
268,43368,1.034548,1245581941216030.8,0.0006688584184816598,5.654095414532172e-10,805296581010.3254,40918063.21,0.7574413726158526,8.305740198753977e-16,6.834457781402171e-05,5.752020066427235e-11,82285956674.00568
269,116289,0.66351,2645542345519632.0,0.00033059262045993316,2.480743000732539e-10,1318136541337.814,11309261.9,0.7574413726158526,2.5080301629784525e-16,3.999609738621562e-05,2.4087097799664978e-11,159472154588.11548
270,105246,0.36262977,3161629671911229.0,8.85769630255647e-06,5.154231376935258e-12,77226851659.03758,9134651.3,0.7574413726158526,1.1469710485756783e-16,1.9994876272486687e-06,1.1326080765456575e-12,17432764582.259117
271,216088,7.0099707,5119129848195799.0,0.002271002215848828,1.868132243848426e-09,1658431358132.5715,60445836.79,0.7574413726158526,1.3693676284594762e-15,0.00011088036485293108,1.0200485673000084e-10,80971948327.47017
272,263780,0.6064159,5469156071267318.0,3.0618493681317488e-06,2.4307701351580956e-12,27614269449.438503,3814843.5999999996,0.7574413726158526,1.1087924573699005e-16,1.0678708791975365e-06,8.783702371443331e-13,9630935637.229788
273,36952,25.63805,5826823062928753.0,0.015268860199917375,1.1952459957311594e-08,3470191639282.7646,474770367.71999997,0.7574413726158526,4.400004895139801e-15,0.00034350655659967655,2.7785696234716347e-10,78069585099.57802
274,186757,1.9128511,1822799350489510.2,0.003542933419587208,2.8299193957242644e-09,3376141894186.716,118877447.19,0.7574413726158526,1.0494029962685176e-15,0.00022685704519840617,1.9464842556326968e-10,216177241731.79202
275,149883,13.527409,4761173789745449.0,0.007336119931392235,5.630652833428182e-09,2582057061760.5996,244448930.73,0.7574413726158526,2.8411920247765685e-15,0.00026101305181296786,2.1770187256764344e-10,91867444909.3225
276,212994,0.2896885,270239594249967.8,0.0006711036995975976,4.755429156467174e-10,626047604509.3507,13630318.4,0.7574413726158526,1.0719691198619926e-15,8.833979571698419e-05,7.63351022033075e-11,82408899734.31065
277,279324,10.35453,4147346217061628.0,0.03346323407338396,2.6209952519338074e-08,13403178825586.168,1156246183.13,0.7574413726158526,2.496664001043088e-15,0.0005637011354987797,4.611043523080507e-10,225781737255.50153
278,131631,0.94833827,1874217108792114.0,0.0009051055613548694,5.53307554206855e-10,1788775568821.225,17286485.14,0.7574413726158526,5.059916834347864e-16,7.20641420239377e-05,4.835011715710251e-11,142421593838.7563
279,210079,0.6960054,610140584466725.9,0.0018815573847312335,1.5243303598143027e-09,1649433355585.458,52362451.980000004,0.7574413726158526,1.1407295592512037e-15,0.00010137712289605877,9.814842570756979e-11,88870426889.44136
280,237443,14.329467,4003506006244262.5,0.024406042535041347,1.77948232162058e-08,6818797787642.135,952309214.11,0.7574413726158526,3.579229549712265e-15,0.00046623028739934297,3.6116931030726196e-10,130259957044.89624
281,316823,9.618166,7765535152760844.0,0.016170785757806592,1.26682644600066e-08,13056003114316.334,597875635.2,0.7574413726158526,1.2385709176244601e-15,0.00040424893085065687,3.2740602702680915e-10,326383354475.97424
282,286683,2.4253402,3198145740158318.5,0.0031455907142161543,2.3610258157205406e-09,4147895434608.2896,142270187.72,0.7574413726158526,7.583582478889589e-16,0.00019555913857619342,1.4777878535623016e-10,257871710528.06665
283,178022,6.826926,4786663802705896.0,0.008587721067604257,7.0139960636712974e-09,6021236143768.972,281560122.58,0.7574413726158526,1.426238875632073e-15,0.00027906922445758165,2.256801848105506e-10,195667941202.27948
284,242955,1.4884539,2371241829824744.5,0.002997083770879113,2.3714757769814177e-09,4774625808026.323,104789979.28999999,0.7574413726158526,6.277107131287448e-16,0.00021092364930352066,1.7877803103627312e-10,336020470723.2068
285,71670,0.16152544,186779197062326.38,0.0011140928140129837,7.927937335859426e-10,1288276083657.4895,20750693.9,0.7574413726158526,8.647935237996583e-16,8.541325870370995e-05,5.876068554705984e-11,98767227497.7595
286,225377,0.44039235,476404332455519.1,0.0005633785587509808,4.70329298810878e-10,609447430686.5537,9223245.200000001,0.7574413726158526,9.24408784718847e-16,6.355967396040007e-05,5.678287519842147e-11,68757107257.18745
287,280796,1.4752743,1187984320062017.8,0.00043969436592985095,3.4901379782550987e-10,354069756616.97217,11362380.34,0.7574413726158526,1.2418297742540781e-15,5.878210216002478e-05,6.031705807869551e-11,47335072309.19233
288,6845,17.091059,2702021358359707.5,0.029776540638821784,2.395476659206344e-08,4707540286658.788,734594403.75,0.7574413726158526,6.325286418304007e-15,0.0005043747669388833,4.188996112317684e-10,79739435273.52882
289,52433,17.49151,4334579963050498.5,0.004512826388180822,3.7084321617770816e-09,1118325795710.8413,105428598.97,0.7574413726158526,4.035341405419638e-15,0.00018526686054316568,1.4729409060252845e-10,45911074660.08806
290,169378,8.41588,8415341754598350.0,0.008697235807917071,6.803506189289459e-09,8696679568144.086,329474549.7,0.7574413726158526,1.0000639600169958e-15,0.0002874178881349587,2.2661870354714469e-10,287399506057.6666
291,159823,1.6834505,4563195873252566.0,0.00029609739653164833,1.7223328157777897e-10,802607749936.2448,13893566.35,0.7574413726158526,3.68919184439932e-16,4.177693739419233e-05,2.2698492800665333e-11,113241433778.01085
292,172069,7.2433753,8215372456003674.0,0.012106890578575228,9.113988758652195e-09,13731528640670.78,385478960.27,0.7574413726158526,8.816855643235807e-16,0.00031524664698547505,2.3878706767186407e-10,357549969900.35645
293,223500,6.1666303,5653611944363922.0,0.005545585941003565,4.530199936076931e-09,5084233915328.83,247158114.26,0.7574413726158526,1.0907416994099683e-15,0.00022999936881391394,1.9645134493061852e-10,210865110354.1114
294,39465,2.2115796,1549902520988408.2,0.010582194944246255,8.15306721237777e-09,7416133980290.856,275833065.26,0.7574413726158526,1.4269152866398495e-15,0.000286695687369874,2.2507016655650154e-10,200919907477.47552
295,267806,4.9237533,5746465437041097.0,0.010464277598512145,8.268532451695075e-09,12212758414084.932,325332923.09,0.7574413726158526,8.568316217934623e-16,0.0002952286272526149,2.4263356129324825e-10,344558510381.14374
296,240090,5.021525,2337668620134835.0,0.008954691418911241,7.004652215755882e-09,4168674084661.4307,385907003.18,0.7574413726158526,2.148091032556343e-15,0.0003067231278721408,2.4920618127756247e-10,142788700862.05045
297,122150,24.531971,2.352886343167055e+16,0.11054395214453566,8.385192610840179e-08,106023831236630.14,3755360805.88,0.7574413726158526,1.042633065181518e-15,0.0007998543244553449,6.344805135146808e-10,767148435213.009
298,326403,11.279538,1.103707371621971e+16,0.14075121775565524,1.135751102989393e-07,137725637877797.78,1094517153.19,0.7574413726158526,1.0219681674703298e-15,0.000506102245215526,4.374907808358317e-10,495223101193.3347
299,248567,6.541516,2796420891361932.5,0.023398734040201066,1.821727939667763e-08,10002682665828.512,746771792.99,0.7574413726158526,2.339245862526118e-15,0.0004110308323270404,3.3014595963811565e-10,175710830106.23523
300,172070,2.0485754,2673831599393424.5,0.0002293332687183541,1.3825077583709722e-10,299329251289.1245,6076720.5,0.7574413726158526,7.661572256325836e-16,5.368106350024966e-05,3.8008364523527656e-11,70065336075.01707
301,190085,17.468634,6163373301183995.0,0.03506630832001267,2.6815059807313595e-08,12372275271818.748,1639126129.99,0.7574413726158526,2.834265125015914e-15,0.000595355993057252,4.956615995597872e-10,210056563799.3761
302,136188,4.6971188,1059845427412441.4,0.01796566027379717,1.3887248163079146e-08,4053723932132.455,516764265.23,0.7574413726158526,4.431890423368412e-15,0.0003658065038418307,2.9460648730454223e-10,82539609263.1287
303,306436,3.5427418,4349390580907029.5,0.005289287833923478,3.838274299283745e-09,6493608618210.032,221875305.57,0.7574413726158526,8.145375160262545e-16,0.0002295615690815477,1.7976577194532277e-10,281830565891.51434
304,155902,15.957434,8425516250832934.0,0.17192386950061464,1.4561431207899344e-07,90775707196000.9,1148868625.26,0.7574413726158526,1.893941394798505e-15,0.000534916294133459,4.298649667213343e-10,282435504922.4574
305,98951,6.697505,4123530761560074.0,0.00892968825331358,7.081311977444966e-09,5497844974162.796,201678009.03,0.7574413726158526,1.6242160874449502e-15,0.00019624478478141708,1.5469467222959824e-10,120824307983.63116
306,148965,13.165664,7501284631929827.0,0.03190028691060546,2.590513305850775e-08,18175546023100.465,924218166.23,0.7574413726158526,1.7551212420282363e-15,0.0004594490001195263,3.7209280912173577e-10,261776217572.62894
307,303785,13.20446,9391213762382826.0,0.03478596865900234,2.671554597990487e-08,24740312561682.984,1975685090.2,0.7574413726158526,1.4060440252027273e-15,0.0005400616626534685,4.32171727071641e-10,384100108512.3213
308,239494,1.1225777,3080794483212306.0,3.8307959370381224e-05,2.4367387009309856e-11,105132098999.82126,1572099.6,0.7574413726158526,3.6437928791326e-16,2.0331718330224017e-05,1.2932843650761069e-11,55798227299.5274
309,34672,45.690372,9006038162242991.0,0.07026663516979066,5.4006978318789546e-08,13850270202911.46,4210311507.51,0.7574413726158526,5.073304285068744e-15,0.0008500358203197191,6.938469086747477e-10,167550726815.55133
310,182799,1.7783906,2186559292717586.5,0.00133160439286863,1.0367616996346262e-09,1637228604025.72,30700666.150000002,0.7574413726158526,8.133283217715583e-16,0.0001313876969023919,1.0226942953828002e-10,161543245679.93478
311,316047,13.18134,6612338185633600.0,0.056668567173485396,4.390412237798406e-08,28427438382317.746,2128849966.78,0.7574413726158526,1.9934461350810286e-15,0.0006974906176100433,5.499956741254984e-10,349891880866.7444
312,168366,2.3575385,1362577608578484.5,0.0017605923574185102,1.2796813881061533e-09,1017562904721.5433,48668327.46,0.7574413726158526,1.7302049330309435e-15,0.00011344542892238719,8.73230595422829e-11,65567625404.729034
313,279845,4.48292,5449937922428788.0,0.021228016414347226,1.6629547059604575e-08,25807146162432.465,912160708.79,0.7574413726158526,8.225634977512124e-16,0.0004615177792572893,3.702672957162201e-10,561072525730.8672
314,207102,0.9689265,3889703946091561.5,0.00017930736021000223,1.3059744303028037e-10,719819869280.1846,4800922.5,0.7574413726158526,2.4910032059730234e-16,2.828921610073447e-05,2.456163202678202e-11,113565554764.84935
315,279425,4.1147695,2914145020207751.0,0.004459294916648538,3.1745042348438685e-09,3158143384456.6685,75528986.69,0.7574413726158526,1.4119988783902925e-15,0.00017709359801343222,1.3104273050346385e-10,125420494820.3093
316,206753,5.8123055,4349208840245605.0,0.002714329937211439,2.1903041205835457e-09,2031068008772.644,108743781.72,0.7574413726158526,1.3364052436883606e-15,0.0001517154403696291,1.2428398965608578e-10,113525026249.454
317,226682,0.49645936,1590920514595461.8,0.0018678147135760834,1.36554210819157e-09,5985474310105.539,80476936.7,0.7574413726158526,3.1205792837880364e-16,0.00012687964652657814,1.074538199978015e-10,406590043027.397
318,105243,21.735577,6047530832797741.0,0.030010384974527703,2.3562882883299324e-08,8349846357314.845,820735922.92,0.7574413726158526,3.594124213823077e-15,0.0004916345573222279,3.968326661006584e-10,136788415779.11833
319,291104,2.26712,2044465887785704.5,0.0062741294717767624,4.74894331140097e-09,5657946505080.689,255045074.2,0.7574413726158526,1.1089057604455533e-15,0.0002508337492254651,1.9961755131847228e-10,226199338278.01672
320,296517,1.6454856,3755928277257775.5,0.0010001440532977888,7.129895145713834e-10,2282894077658.518,23065260.65,0.7574413726158526,4.381035734796774e-16,8.384208242128802e-05,5.8017899560675045e-11,191375025214.61914
321,283756,0.3710889,3260760362154267.5,0.00016432174950029222,1.26978859519963e-10,1443896186090.1677,2845072.5,0.7574413726158526,1.1380440718889102e-16,1.377081111232033e-05,1.0654100835446326e-11,121004198804.56583
322,287454,1.2909427,6317031902320349.0,0.0007021413560449885,4.5971713012306315e-10,3435822012917.1216,33954969.1,0.7574413726158526,2.043590597549168e-16,7.60592295105463e-05,5.197328995162463e-11,372184279971.54816
323,52436,8.500585,7291435323290704.0,0.01481563570945157,1.178787697311663e-08,12708213558114.215,504263676.52,0.7574413726158526,1.1658315027285454e-15,0.00036593106685758837,3.0266504836867635e-10,313879892592.67126
324,108402,2.800227,2455153641387218.0,0.0008207746128765195,5.833206005672552e-10,719630151256.2986,32534187.6,0.7574413726158526,1.1405506167906492e-15,0.00010193366606003284,7.682627344177834e-11,89372329960.12048
325,256941,0.2389066,550326226031166.6,0.000284609675280881,1.882996892652324e-10,655604192137.3584,4930778.9,0.7574413726158526,4.341181442922366e-16,5.3136568136862304e-05,3.317850194617656e-11,122401168519.44388
326,332141,6.5776777,6981538047634905.0,0.06833463425508925,5.9100690648953685e-08,72530286642521.44,236476578.0,0.7574413726158526,9.421530979449838e-16,0.00022099947889798463,1.7077424633668094e-10,234568542395.10202
327,242753,6.6694217,1798648682507648.2,0.0053859255657122,4.143373403634975e-09,1452507932262.329,210640201.3,0.7574413726158526,3.708018005329198e-15,0.0002390880803921972,1.9080986549674246e-10,64478672986.10136
328,125639,0.24405944,1896214670198046.5,0.00011500883515652722,1.0455649637466265e-10,893558718426.1168,6063575.300000001,0.7574413726158526,1.2870876058274018e-16,2.1123140412700012e-05,1.9365688017855966e-11,164115793805.04593
329,153620,6.555592,5667233584983682.0,0.005870352563136923,4.912099779796954e-09,5074852004442.103,170491254.6,0.7574413726158526,1.1567534497554816e-15,0.0002313146648029398,1.8699941469175766e-10,199968856675.40982
330,205443,11.736458,4084649858549113.5,0.01804798677444371,1.3821461532365481e-08,6281256800418.641,502038806.95,0.7574413726158526,2.8733082164768084e-15,0.00038711825891176474,3.067025488193559e-10,134729110052.25928
331,284758,6.043036,2305047083381560.5,0.008711672714106196,6.3633426234894475e-09,3322968087733.5845,312318411.7,0.7574413726158526,2.621654040634484e-15,0.0003064249068703889,2.328467582768812e-10,116882281994.85428
332,178358,3.6841853,5729921671496105.0,0.000979744465987701,7.567371509472936e-10,1523772175137.691,48500855.35,0.7574413726158526,6.429730651166205e-16,0.00010120880800949794,7.869783097008422e-11,157407539289.5984
333,294463,10.761494,5297585096340630.0,0.010573710249767311,8.165055403505426e-09,5205144363058.834,353444953.1,0.7574413726158526,2.031396155851018e-15,0.0003230374655604123,2.4961548049168835e-10,159022386957.8415
334,274061,0.90131515,2.2504950420459396e+16,0.0017985123297669465,1.5432137188176116e-09,44907079185332.74,59365144.92,0.7574413726158526,4.0049639442022876e-17,0.00010686478862359863,8.252797794516418e-11,2668308382109.1445
335,142757,17.60521,6573515247867129.0,0.020482660027489514,1.5992736511239495e-08,7647910931342.532,529421585.45,0.7574413726158526,2.6782032650965954e-15,0.00039815854245383415,3.3037330486336295e-10,148666289688.61093
336,201769,11.411263,1.0997866288995126e+16,0.11202339750831156,9.006442715311381e-08,107965117186008.27,1344559953.46,0.7574413726158526,1.0375888104239396e-15,0.0005612289482562442,4.679905254144868e-10,540897263557.55176
337,196295,1.0412343,803434535467836.4,0.0012949749438886777,9.36878154595848e-10,999225239204.747,26529415.5,0.7574413726158526,1.2959790176230025e-15,9.420525720280713e-05,7.252238091536554e-11,72690418534.39268
338,294557,1.9093941,1338753500784704.2,0.013033209538897217,1.022563544341136e-08,9138110826182.637,362676466.92,0.7574413726158526,1.4262476989832836e-15,0.00031439331464480446,2.6128190437593546e-10,220433880362.3825
339,334585,10.166652,8712216523494378.0,0.018148569596853972,1.5023881349060267e-08,15552245510075.38,608750458.08,0.7574413726158526,1.1669420718118542e-15,0.0003902073051715681,3.2755634265938514e-10,334384469115.6882
340,197583,7.335409,5531923770033491.0,0.012836010978416414,9.53556534827518e-09,9680146566321.334,352861556.34,0.7574413726158526,1.3260141146080165e-15,0.0003435145399276493,2.640540452155158e-10,259057981467.4113
341,331695,13.92111,1.063105671005828e+16,0.03493097571337161,2.6410753026099085e-08,26675544101477.684,1394114716.49,0.7574413726158526,1.3094756598211849e-15,0.0005402874738300378,4.248231596067094e-10,412598332605.752
342,240805,1.4348435,732186648100127.0,0.009161802951539379,6.863100982621954e-09,4675178717150.315,270361255.43,0.7574413726158526,1.959669032101476e-15,0.0002523578128971856,1.9044309377561015e-10,128775731393.0539
343,112200,3.3797452,1994568015000858.5,0.0020616420599609067,1.5086128026774268e-09,1216685006662.1907,86841762.36,0.7574413726158526,1.6944747807953519e-15,0.0001277181852315371,9.432035106540006e-11,75373317253.85066
344,277264,3.3394353,1883288810065794.2,0.01228741327913567,9.19809314831129e-09,6929539234747.28,395651805.66,0.7574413726158526,1.7731934062111982e-15,0.00031093579053930045,2.521014529932818e-10,175353568003.43643
345,159435,18.679058,6425365916540436.0,0.16271431604324232,1.339522754347883e-07,55971720867157.1,2595132799.22,0.7574413726158526,2.9070808172832022e-15,0.0007876046550045883,6.60943246801362e-10,270926301849.64734
346,15930,0.1757283,207405328469718.34,0.0009723536424757611,8.316923504323688e-10,1147631466339.8684,33290611.26,0.7574413726158526,8.472699389960791e-16,7.880014067670991e-05,6.834669173023064e-11,93004763948.16902
347,67582,7.906597,2047194955002871.5,0.013840555484339812,1.0824472779461397e-08,3583629640157.174,325860621.36,0.7574413726158526,3.862161237100601e-15,0.0002949186565292021,2.376158274024123e-10,76361042023.87036
348,284007,7.024421,4258788366858655.5,0.00429608664889518,3.1837776049393204e-09,2604645114996.891,138535990.0,0.7574413726158526,1.6493942396065377e-15,0.00020811532275379535,1.5420059788000204e-10,126176821621.1554
349,165085,60.803406,1.7649653149369555e+17,0.8676121182503231,6.470224247165171e-07,2518453152987516.0,8493262591.49,0.7574413726158526,3.445019881434435e-16,0.0013721357647728872,1.063698837420289e-09,3982954560487.35
350,102294,36.9204,1.5778153386903053e+17,0.14047821006301592,1.1397236498865645e-07,600342018475383.0,6315649767.03,0.7574413726158526,2.339969646298816e-16,0.001331642720231258,1.1314375399470646e-09,5690854675561.916
351,260260,10.417923,8522760977884669.0,0.018701863386336667,1.388437665307473e-08,15299739831327.24,896234471.78,0.7574413726158526,1.2223647978669122e-15,0.00042064501254526743,3.3105611909427877e-10,344123958150.0662
352,6855,3.0591433,2963450256620271.0,0.012656335845893363,1.0246100237214485e-08,12260433079543.877,356200286.33,0.7574413726158526,1.0322910914957839e-15,0.000312983605293476,2.6572859919661064e-10,303193166997.0769
353,231812,0.3046378,236655740765912.12,0.0006733572143796919,6.055091203135006e-10,523092834733.89404,24553988.06,0.7574413726158526,1.287261399254761e-15,6.321496715505211e-05,5.4538408728664596e-11,49108104376.97377
354,106841,3.0237448,3909555770193688.0,0.000504024841164398,3.640517685674503e-10,651679740332.3287,8697580.06,0.7574413726158526,7.734241376099354e-16,6.731969518645793e-05,5.2205700686985595e-11,87041109674.30084
355,198878,0.5966428,493531386169540.7,0.0014787485656847222,1.1055480165901694e-09,1223192217217.07,29251233.16,0.7574413726158526,1.2089257476221339e-15,8.745825660373185e-05,6.836444263859337e-11,72343778578.42441
356,47331,7.4496326,2072021577311468.5,0.0033581345898057225,2.3321777453927026e-09,934022884510.2313,101329718.72,0.7574413726158526,3.595345087895368e-15,0.00013939536247142793,1.0914921663675767e-10,38771066215.79593
357,170870,1.2339284,1640143529823343.0,0.01169091759937806,9.20586652503966e-09,15539623578092.355,479172867.28,0.7574413726158526,7.523295233392801e-16,0.0003368141287103877,2.9123327832497546e-10,447694950499.09625
358,234147,0.41503158,687842768691859.2,8.386219470492408e-05,3.421840207300388e-11,138987024058.29153,4048580.1,0.7574413726158526,6.033814686884154e-16,8.545594168035065e-06,3.511095307413158e-12,14162838289.69893
359,226043,2.930686,1230032463881289.0,0.018806589941787945,1.4461137872719422e-08,7893276919909.705,693882598.1,0.7574413726158526,2.3826086595734287e-15,0.0004171986272467224,3.3207554082269976e-10,175101616276.93225
360,254568,0.877587,660499433527497.4,0.0019036997092475344,1.359034524813554e-09,1432783962803.07,52159078.24,0.7574413726158526,1.3286718435368121e-15,0.00014343728484129302,1.1337102354152788e-10,107955388336.87865
361,322796,2.0979424,1509732186546983.5,0.002324655373376624,1.7863904162067795e-09,1672880551828.3462,63086995.35,0.7574413726158526,1.3896122893149375e-15,0.0001257621298858797,1.0754465798583723e-10,90501595914.8425
362,164263,28.474936,1.2045406764917146e+16,0.05780607310453117,4.601082093875376e-08,24453001897058.34,1944343213.52,0.7574413726158526,2.3639663280558266e-15,0.0006896687027576042,5.728228540426732e-10,291742185399.401
363,254344,8.700211,4706167447795168.0,0.03265486982761742,2.713518560781786e-08,17663857278257.016,461854072.07,0.7574413726158526,1.8486828393826136e-15,0.0003484601716566973,2.9376756359655576e-10,188491051160.00812
364,328777,0.10425537,78790106542468.27,0.002169298014757891,1.7078373562389754e-09,1639428469777.04,79956187.56,0.7574413726158526,1.3232038205685867e-15,0.00012044515736711721,9.710831731621752e-11,91025400240.57774
365,224332,16.432758,8006721839276962.0,0.04624161822392574,3.679039908783352e-08,22530835938618.08,1185109676.07,0.7574413726158526,2.0523702870991634e-15,0.0005991801197199281,4.949817536794068e-10,291945426946.7203
366,208271,2.5481408,1112918481846631.9,0.001726670259813033,1.2440828338487042e-09,754135424620.5116,38068101.76,0.7574413726158526,2.289602375703158e-15,0.0001066730762607443,7.305762108038212e-11,46590219067.179306
367,73917,4.8969684,2226649500587741.2,0.0037568692718248876,2.7205546879655254e-09,1708246899833.439,130742824.74,0.7574413726158526,2.199254260137219e-15,0.00019142162354865826,1.3846638031775902e-10,87039332840.35782
368,148510,0.7278849,333575410499320.0,0.004106936908978836,3.2455337139137375e-09,1882128843869.9907,111778618.61,0.7574413726158526,2.1820700120265122e-15,0.0001618060337123064,1.3719173072446654e-10,74152539937.08267
369,282345,8.244304,7752827115477207.0,0.021296760868856464,1.7003850218767e-08,20027173323048.777,816889619.44,0.7574413726158526,1.0633932470313497e-15,0.0004294156594991112,3.572797625228235e-10,403816425106.9874
370,186438,0.72954607,928058600331252.9,0.0028081973724617144,2.207111665733861e-09,3572319597226.6978,70676785.31,0.7574413726158526,7.860991425968171e-16,0.00014864912490567553,1.2650812365876498e-10,189097172164.0921
371,120861,30.53676,1.3772559427798106e+16,0.07055025361045174,5.4281168101613985e-08,31819274883654.14,3289605588.94,0.7574413726158526,2.21721751574842e-15,0.0008372485433092674,6.716502771507395e-10,377612271850.85394
372,316219,6.7950096,4445831854451878.5,0.0143530264140435,1.1295786585864658e-08,9390883279891.732,432275240.82,0.7574413726158526,1.528400043558946e-15,0.0003081066633317681,2.585604940285899e-10,201587709075.38602
373,219956,0.92639893,1041389480574745.6,2.5360397359515103e-07,2.653296052406704e-13,285082918.14838976,955807.3,0.7574413726158526,8.895796887526825e-16,2.0856529684972487e-07,2.182085205351799e-13,234453753.25752226
374,146617,0.79639643,2528183096790187.5,0.00018255400512483776,1.382671397221468e-10,579522876575.3811,7415815.16,0.7574413726158526,3.1500741817755e-16,1.7067891161717253e-05,1.3521678888431881e-11,54182505480.226974
375,283392,7.9067783,4097438015654324.0,0.008860634802173795,6.9275181051833514e-09,4591744007955.382,343943534.46,0.7574413726158526,1.92968832470242e-15,0.00025128909916998437,2.1168481543796932e-10,130222635413.79723
376,235371,0.10535792,1128363464220794.0,6.260076544371236e-07,3.247324151699453e-13,6704423982.453398,1927764.6,0.7574413726158526,9.337232491195225e-17,3.815281742224924e-07,1.9791222134823535e-13,4086094831.4424415
377,247543,11.280742,6846017891675157.0,0.27654858608815475,2.2869690485908233e-07,167830854413386.53,677506108.29,0.7574413726158526,1.6477815539625631e-15,0.00039892760585949694,3.3308753623662867e-10,242099812866.6759
378,292519,9.689879,5601697385126112.0,0.01029862022444612,7.946911034999125e-09,5953609325945.837,324456155.09,0.7574413726158526,1.7298112221715185e-15,0.0002746718224458531,2.1075382937560281e-10,158787166440.65
379,312380,11.924228,4706692411859915.0,0.01792059057425487,1.3648219259170573e-08,7073557103394.343,742653844.81,0.7574413726158526,2.5334623460741457e-15,0.0004028275093348863,3.307782949482802e-10,159002761560.32394
380,59020,7.683681,7810270529480738.0,0.006377189798836975,4.898270774488652e-09,6482254735297.004,189064014.96,0.7574413726158526,9.837919148891307e-16,0.00024292558129353906,1.925720363816928e-10,246927808225.49835
381,251222,15.414663,5530694970602294.0,0.04296971592100452,3.5084900531785404e-08,15417294022743.736,1388298060.53,0.7574413726158526,2.787111399550089e-15,0.000593059677531574,5.003506810216249e-10,212786499178.79456
382,158781,10.04672,4557758654005860.0,0.011133650365792464,8.220947560291338e-09,5050851552085.269,345820107.82,0.7574413726158526,2.2043115405353544e-15,0.00031944300065752485,2.6234530949831023e-10,144917356182.7575
383,168739,5.7484345,7380999348049961.0,0.007058637648545513,5.157753389813912e-09,9063302344670.596,285400432.96,0.7574413726158526,7.788152022420541e-16,0.0002254623596292396,1.760512384866932e-10,289494040409.30164
384,335615,7.04953,7278173510067828.0,0.018928568323424128,1.7079278270178784e-08,19542494968466.62,450175178.9,0.7574413726158526,9.685850426962825e-16,0.0003272422052376967,2.7776084796836877e-10,337855935010.8707
385,45195,8.108554,4521618054309852.0,0.022934024478710784,1.8331777103288362e-08,12788827593788.332,1012914515.31,0.7574413726158526,1.7932859216782372e-15,0.0004966067936925823,4.096181303455289e-10,276925607728.98694
386,221060,0.24692519,4307706125262900.0,0.00016036811164079766,1.0435305089659408e-10,2797684176377.099,4155167.2,0.7574413726158526,5.73217352390607e-17,4.019849367500416e-05,3.379049267558048e-11,701278380833.3098
387,286772,2.043,1992787234905436.2,0.010251072221986495,7.467095548618296e-09,9999121815011.451,383437482.01,0.7574413726158526,1.0251972534824806e-15,0.00029769204058336247,2.2584273234881797e-10,290375378564.599
388,208470,6.4090424,3146984179405540.5,0.005480417295572443,4.540242482835494e-09,2691008336238.652,127773565.32,0.7574413726158526,2.0365664504899597e-15,0.00019221046535728895,1.6808566873314483e-10,94379667950.95084
389,269517,0.8511104,528360767813302.4,0.0031928828705000785,2.6112712715680754e-09,1982109541835.4216,81882789.33,0.7574413726158526,1.6108508652571684e-15,0.0001335831775854919,1.1220691043582261e-10,82927091803.84969
390,189797,3.9910069,7262985398673415.0,0.003565989905850129,2.8470925793522004e-09,6489523387696.041,159581816.17,0.7574413726158526,5.494995075618571e-16,0.00019683982355095432,1.5329925272690534e-10,358216560419.3851
391,283871,3.3021238,2068117099249116.8,0.0064730589794811996,4.9342319414619815e-09,4054070886110.662,218510939.78,0.7574413726158526,1.5966812523328206e-15,0.000250461049059432,1.892994410702824e-10,156863524697.55475
392,92442,1.1261371,814294836678875.5,0.0013101380330478095,1.0741585399465367e-09,947343476782.2224,35136280.99,0.7574413726158526,1.382959892749636e-15,0.00010578217166402205,9.299646023156525e-11,76489688687.71983
393,15935,1.8548497,6825512962101268.0,0.002581381216220853,2.102028592687637e-09,9499018142246.334,58791434.11,0.7574413726158526,2.717524250996331e-16,0.00016561286189025663,1.4213744583709926e-10,609425515998.7539
394,260006,1.6778281,1806521383826298.5,0.0018997607502062878,1.454375388005766e-09,2045476780011.9395,60135732.79,0.7574413726158526,9.287618264702076e-16,0.00010149988929048673,7.264755754992882e-11,109285164826.6388
395,65740,3.484748,1711398597236477.0,0.0009131659596572664,6.926601898932615e-10,448465984456.1348,24518320.4,0.7574413726158526,2.036198934384475e-15,8.484042873923115e-05,6.941104778366725e-11,41666080512.35311
396,209871,0.1964389,125346198923959.16,0.0006841317677671587,6.802684045850749e-10,436539385288.46423,22160418.55,0.7574413726158526,1.5671707773058917e-15,7.483069955122524e-05,7.214272488993285e-11,47748912010.63995
397,259528,1.1129556,766836289315210.4,0.0009680156107792962,7.763991805425009e-10,666971349952.498,36490496.31,0.7574413726158526,1.451360108418808e-15,0.00010195601509224254,9.705933254053631e-11,70248599572.79594
398,96116,1.4980814,1571004807843756.0,0.0006948082993793129,4.4103840144195057e-10,728630085691.3679,35855196.04,0.7574413726158526,9.53581677484587e-16,9.850177312698394e-05,6.604887898666078e-11,103296629384.50919
399,193136,0.44629604,1082190622372516.1,7.219788862149812e-05,9.605622915788037e-11,175067379090.5262,751621.1,0.7574413726158526,4.1240057968860697e-16,8.460769452618673e-06,1.1256694965879315e-11,20515900969.409843
400,170415,1.4875363,2786879472365758.0,0.0006408463835816281,5.063424219465803e-10,1200617175757.9778,9689313.84,0.7574413726158526,5.337641310828714e-16,5.74634759563099e-05,4.053659840683993e-11,107657057883.84685
401,293549,19.118834,8215753432753031.0,0.04255069308649061,3.449324862679016e-08,18284901829858.24,1201576481.48,0.7574413726158526,2.3270944237178057e-15,0.0005507571742288703,4.461206820224668e-10,236671605851.2878
402,109096,0.7558805,1472728108231019.5,0.00017177866696510444,1.2748251320066035e-10,334686860203.3848,2690066.9000000004,0.7574413726158526,5.132519001813121e-16,4.748428638035627e-05,3.5331599841258943e-11,92516533038.8098
403,199651,41.47382,1.614897753059789e+16,0.24085778326413587,1.9019100251311675e-07,93784631606207.16,5105742894.1,0.7574413726158526,2.5682009849489524e-15,0.0010038099166707103,8.329428882813189e-10,390861121288.2402
404,316850,3.3307774,3581356969531308.0,0.0046477113432786595,3.74795846942435e-09,4997365903713.873,143170476.92,0.7574413726158526,9.300322275430419e-16,0.0001786125458788286,1.5343469829093177e-10,192049845789.41638
405,228690,1.6857027,1471401125519083.8,0.017938530259036474,1.4428659715349122e-08,15658024166007.688,795938669.66,0.7574413726158526,1.145644563378538e-15,0.00041671723073492237,3.483003393206441e-10,363740416579.12775
406,130358,13.619519,5529365120994593.0,0.036278740070149966,2.977110411745721e-08,14728743355585.184,424599372.17,0.7574413726158526,2.4631252778529106e-15,0.0003479334586604087,2.739412451852288e-10,141256907145.09653
407,121479,0.25850645,715676976017560.1,1.5384135326881308e-06,9.345362714761797e-13,4259108989.1131663,3443756.1,0.7574413726158526,3.612054860818342e-16,5.395623184128938e-07,3.300282776667104e-13,1493782179.9601662
408,8,4.792857,4803007244939761.0,0.002275957723309581,1.836204127956562e-09,2280777714468.118,63028979.15,0.7574413726158526,9.978866896462721e-16,0.0001441935304092264,1.2397359285699062e-10,144498901433.7286
409,282045,0.4955729,462114406589156.9,0.0007351378939665046,4.712907367290055e-10,685505223613.9907,39690771.5,0.7574413726158526,1.07240305200134e-15,9.108877641977756e-05,6.234694815271403e-11,84938938069.77318
410,365483,6.6016803,4560654555002726.0,0.006661042066874449,4.976980431709917e-09,4601663586065.464,243469505.46,0.7574413726158526,1.4475291255634366e-15,0.00024658151196854704,1.9019014151459838e-10,170346494321.87943
411,250747,17.433756,7870076686849396.0,0.046896057861221634,3.656614677470424e-08,21170169622583.957,1604575209.89,0.7574413726158526,2.2151951872503546e-15,0.0006622626763336639,5.389893465288735e-10,298963576729.1946
412,57512,3.2218835,2062702715073941.2,0.00564062451629506,4.301781366742095e-09,3611220425715.0996,176404726.6,0.7574413726158526,1.561971813221037e-15,0.00021399084734387034,1.7400035718659642e-10,137000453870.28258
413,95151,19.428001,1.385915946828561e+16,0.07995717797515262,6.321324691845019e-08,57038255258054.3,2880083667.44,0.7574413726158526,1.4018166862469372e-15,0.0007138401915217867,6.130035457243786e-10,509225063822.6745
414,353632,20.450037,1.6772523271321758e+16,0.03819025215232648,3.1322938983012495e-08,31322529781366.25,684375970.95,0.7574413726158526,1.219258227828259e-15,0.0005309375308182605,4.436891599362765e-10,435459461088.8669
415,157598,6.596891,6710378673553557.0,0.004374855165511999,3.1581739573422595e-09,4450116699296.279,128052663.91,0.7574413726158526,9.830877392954251e-16,0.00019035325602767718,1.4390299098448374e-10,193627942266.98685
416,170869,11.417611,7797894594518680.0,0.014757360583872416,1.143303305734023e-08,10078845944772.662,562744459.16,0.7574413726158526,1.4641915021556849e-15,0.0003671194343481889,2.9351024292952444e-10,250731843346.7822
417,276057,0.8440766,538939708219635.2,0.01007217026301867,8.165812077719053e-09,6431042517574.553,325688902.09,0.7574413726158526,1.5661800144368128e-15,0.0002930712465408964,2.520636440848935e-10,187124879540.92734
418,110722,14.823133,7665945943260876.0,0.024736301208922607,1.8948472467610968e-08,12792649698536.697,886420245.31,0.7574413726158526,1.933633906332329e-15,0.00044629903014359204,3.5253131370209296e-10,230808442426.47845
419,276300,4.032263,4195252097692467.5,0.0068391515395405346,4.907932309744429e-09,7115598571495.483,213637226.45,0.7574413726158526,9.611491529240599e-16,0.000226397267254486,1.7054454947110743e-10,235548527058.18655
420,239350,4.4174027,1737994128664209.5,0.05470071989835508,3.689193395834832e-08,21521590054953.926,181683244.25,0.7574413726158526,2.541667216905465e-15,0.00020877169063197472,1.5990747841219953e-10,82139663777.91928
421,274374,21.53051,1.5716938105616496e+16,0.12084167375140821,1.045017596210843e-07,88212546146374.81,3600244684.37,0.7574413726158526,1.3698921415428878e-15,0.0008060755579654204,6.583843459741106e-10,588422645492.0387
422,213580,3.0092216,1554199232949661.0,0.005570332587827957,4.199426267222229e-09,2876958823928.6567,187529786.14,0.7574413726158526,1.9361878041136994e-15,0.00021079060216188186,1.7036948352566138e-10,108868882302.6506
423,145360,4.1214113,3714233524550935.5,0.005966308066948995,4.552466557525703e-09,5376862396640.841,300031116.41,0.7574413726158526,1.1096263260663703e-15,0.0002308924712838969,1.728929669010833e-10,208081284536.94104
424,15929,0.24824066,635320660601081.9,0.0004940638619730649,3.639171032665113e-10,1264454337044.7424,8719548.4,0.7574413726158526,3.9073286199308796e-16,2.6246003488032585e-05,1.9198705466522286e-11,67171221161.574265
425,157049,22.773817,5432187227181719.0,0.03193641449431169,2.500838647796361e-08,7617720951124.754,1127846437.6,0.7574413726158526,4.192384402003632e-15,0.000542488450286317,4.458329241361164e-10,129398547048.08315
426,259400,26.360706,2.64015026237111e+16,0.09927234699926368,8.025783341907288e-08,99425983877784.56,4590826530.76,0.7574413726158526,9.984547612955007e-16,0.0009593745324448958,7.968842492868637e-10,960859289408.4674
427,232157,0.7124834,3039244619800345.0,0.0006150272057891764,4.2651347800131425e-10,2623525160341.411,31461637.7,0.7574413726158526,2.34427790168073e-16,3.434757840992921e-05,2.2018874270982186e-11,146516666753.9873
428,91086,3.9103582,1889776541421374.0,0.00601870044277613,4.83989566670889e-09,2908684658761.125,168936683.31,0.7574413726158526,2.069217240393337e-15,0.00021336708642478265,1.7622483236421314e-10,103114879510.77759
429,86305,0.46960503,428109648954859.94,0.00044618709993684663,2.6850419074252137e-10,406760981078.3978,10356495.2,0.7574413726158526,1.0969269932281188e-15,8.042182878037966e-05,5.733507203273256e-11,73315570933.03748
430,106025,3.7678168,3741994035476846.0,0.007417899758956676,5.523622742424271e-09,7367061119792.506,223124068.18,0.7574413726158526,1.0069008032290632e-15,0.0002588372421304369,2.0473846340564775e-10,257063298887.4011
431,77295,40.833054,9469272615773686.0,0.08069094475796144,6.204775811234997e-08,18712402788620.01,2773896030.96,0.7574413726158526,4.3121637381081715e-15,0.0008235895631686867,6.585753869700564e-10,190992182391.01727
432,275738,0.33632332,621086676749961.6,0.0010006808620033646,8.220444471781689e-10,1847952592371.4023,14038966.2,0.7574413726158526,5.415078645059999e-16,3.7142194390203666e-05,2.916526740612272e-11,68590313871.225655
433,112201,3.4825354,4795213408107009.0,0.0014352075499541646,1.0564135246943189e-09,1976182779637.1057,26285739.05,0.7574413726158526,7.262524320840998e-16,0.00010921726974874651,7.892492788857161e-11,150384721515.25848
434,241086,2.173388,2006951435214990.0,0.0005107367987420997,4.182687095031353e-10,471624924427.9284,12301419.56,0.7574413726158526,1.0829300409888498e-15,3.683089379043881e-05,3.0393979876356475e-11,34010409164.388515
435,266189,1.3571746,662439314508468.9,0.012338656046408877,9.141375634760629e-09,6022519765208.449,499388988.86,0.7574413726158526,2.048753101266379e-15,0.00032919639744274394,2.589074838694461e-10,160681341855.81485
436,67583,1.973148,839719861687215.2,0.002407612930898096,1.810639130128735e-09,1024616702512.9894,71148606.01,0.7574413726158526,2.3497693576467672e-15,0.00014121882415490462,1.1975824048716554e-10,60099015120.50169
437,15931,0.28687635,221615932369246.78,0.0022613375588375847,1.947194825211811e-09,1746914416275.1226,54578152.93,0.7574413726158526,1.294475297570299e-15,0.0001023606305388251,1.0016472074145507e-10,79074997206.16815
438,280230,5.5648313,2319245170112852.5,0.04863934193008726,3.625091060311854e-08,20271334882842.258,266992366.1,0.7574413726158526,2.3994148491550893e-15,0.00026229386346685924,2.1057568350443168e-10,109315762365.65398
439,69136,0.23246188,296300164067714.0,0.00041496962865043813,2.0818076046173739e-10,528927878636.45935,7675882.3,0.7574413726158526,7.845486037155047e-16,4.267234012480335e-05,2.0352680995248525e-11,54390945217.05033
440,190972,12.839894,5220975909596805.0,0.0485667953547697,3.5560578253963865e-08,19748299211315.19,942206457.64,0.7574413726158526,2.4592900297430354e-15,0.0004951373676727845,3.9936352473494465e-10,201333458715.5302
441,158381,3.5809317,4938395119116459.0,0.004178146063421375,2.947038613737305e-09,5762002142223.423,185110546.88,0.7574413726158526,7.251205328099939e-16,0.00022514368578227498,1.783543020740344e-10,310491395009.5939
442,224164,15.593506,1.7277012925530078e+16,0.0773666315845587,6.41981823180737e-08,85719291985467.81,1337576514.7,0.7574413726158526,9.025579865694042e-16,0.0005116121502532165,4.680719075828309e-10,566846848475.4524
443,11504,77.76004,1.8424949014351188e+16,0.16868116285864312,1.3467479011503542e-07,39968367111847.8,6567065959.52,0.7574413726158526,4.220366631106155e-15,0.0012415371261579665,1.034647351784857e-09,294177552492.0593
444,6854,2.9329948,1.6057129546037832e+16,0.07103248071995599,6.56629203755425e-08,388878202203688.94,232362847.37,0.7574413726158526,1.8265996992742263e-16,0.00021920232454335448,1.9199409236984244e-10,1200056720859.2634
445,75004,3.0631824,1011053674993268.8,0.0018411546524259449,1.36918017323419e-09,607703340671.5205,51894422.8,0.7574413726158526,3.029693156518514e-15,0.00014181382678489648,1.204020469559564e-10,46807983336.45702
446,221503,8.619995,3785415811202810.5,0.010394017039963406,8.136598421920518e-09,4564466272310.937,365917704.49,0.7574413726158526,2.2771593478553702e-15,0.00029773200076771596,2.403984154413743e-10,130747108694.04906
447,280534,0.36174002,327650929112934.56,0.0023184412233722236,1.7262842751931077e-09,2099959581280.6052,58717203.74,0.7574413726158526,1.1040408796622566e-15,0.0001248819227380862,1.0970924933180646e-10,113113495196.201
448,274169,1.5644197,1391835340697349.2,0.0008076418100545127,7.970262412303729e-10,718544015943.194,17770416.93,0.7574413726158526,1.123997684392883e-15,6.542650382502203e-05,5.83500380622849e-11,58208753214.969086
449,137266,1.2995058,4280141500814478.0,0.0,0.0,0.0,1511453.4,0.7574413726158526,3.036128127429231e-16,0.0,0.0,0.0
450,304404,0.68749386,2174888146080028.2,0.0011113783081988726,9.937654329811505e-10,3515847411804.091,22557350.19,0.7574413726158526,3.161053874145777e-16,5.5533221146243745e-05,5.094433384972792e-11,175679451718.45792
451,283927,11.397986,6797523395915635.0,0.022678868518480527,1.7927027229159706e-08,13525208694524.273,890311509.76,0.7574413726158526,1.6767851077715455e-15,0.00047321140284939395,4.011731458577562e-10,282213505270.3885
452,333152,4.8562016,4603706372109634.0,0.024274459287068978,1.9355176308088726e-08,23012323643935.074,808594632.47,0.7574413726158526,1.0548460756359362e-15,0.0004748180885250248,3.862792614586955e-10,450130212826.3317
453,289220,2.5198581,2400788699193876.0,0.0020695321635323103,1.4884978729879584e-09,1971741754357.7644,77746112.74,0.7574413726158526,1.049595951882856e-15,9.842271174153061e-05,7.36586813653266e-11,93772000134.88184
454,215475,1.8680416,1147872118022228.5,0.0009494568772841585,6.036978930473055e-10,583421202557.2333,29289978.3,0.7574413726158526,1.6273952217069404e-15,9.416042160818583e-05,7.055732080900149e-11,57859590806.358
455,193455,5.9973664,2881388288583101.0,0.0014805123514617926,1.1493038565476558e-09,711300705357.0442,110095977.36,0.7574413726158526,2.08141555366325e-15,0.0001459282615778322,1.3290585788667893e-10,70110104309.0609
456,138662,4.998791,1964263071917525.0,0.001086598477906028,8.47237134315638e-10,426976295698.82025,44200908.75,0.7574413726158526,2.5448683893039598e-15,0.00011896664373200786,8.960842469656063e-11,46747660598.88312
457,76077,11.199936,3639994388876755.5,0.009309562032327487,7.554043741495797e-09,3025620285738.4307,420376936.68,0.7574413726158526,3.0769102376160865e-15,0.00028687707523490793,2.3501526739211765e-10,93235438501.8307
458,265261,0.50277114,1305959249227719.2,0.0017277683839102274,1.468914407295354e-09,4487916910844.943,38829785.87,0.7574413726158526,3.8498225752244135e-16,0.00012813415060901144,1.2321714791901374e-10,332831313925.0119
459,334190,3.748282,1938441256335430.2,0.005681401029339219,4.4159260728283346e-09,2938162643327.7227,161374255.36,0.7574413726158526,1.9336577715468272e-15,0.0002132317322240881,1.6858255476756781e-10,110273769930.60857
460,166426,0.1507811,225424068061210.3,0.0004869911706044992,3.625102620159268e-10,728072223823.5237,9315872.4,0.7574413726158526,6.688775572937394e-16,5.365369975940402e-05,3.734408874493412e-11,80214531305.97691
461,135613,0.68158674,4166712615078946.0,0.0002842230174981571,1.688917818509218e-10,1737527394540.239,12777346.8,0.7574413726158526,1.6357901371296904e-16,0.00010798959447514493,6.554845473575721e-11,660167780841.5786
462,219551,17.610096,1.2355194823689428e+16,0.060272934813145954,4.7148781188505416e-08,42287324964722.01,2221292178.79,0.7574413726158526,1.4253191674675177e-15,0.0007521824021111497,6.215951982942558e-10,527729100456.5766
463,290769,14.2434,5976735422151190.0,0.03254075425405531,2.5302200533579185e-08,13654568334367.455,1128340135.83,0.7574413726158526,2.383140459457282e-15,0.0004938774008699464,4.0476817845520355e-10,207238058046.48972
464,55836,0.43204147,408860948872731.8,0.0010038686468143757,6.146822448542786e-10,950007617278.2927,28443108.240000002,0.7574413726158526,1.0566953659702132e-15,9.092750777841813e-05,5.804551987806786e-11,86048932082.64647
465,162813,0.2087958,598945599821925.8,1.15595123797678e-06,7.201107110874816e-13,3315928326.1200666,1605241.0,0.7574413726158526,3.486056163733028e-16,6.954376733452515e-07,4.332294486281197e-13,1994912418.73896
466,123225,1.0154327,1715999583750666.0,0.00020591709581501693,1.6022975717974847e-10,347983328393.6149,3582224.66,0.7574413726158526,5.91744141208103e-16,6.526569635147569e-05,6.0449492550687e-11,110293777000.02141
467,279766,1.6371416,1397094817248083.2,0.017822206137892288,1.3712764509647112e-08,15209015412702.414,636052519.2,0.7574413726158526,1.17181853356578e-15,0.00038021970923467094,3.076313385004804e-10,324469786356.4959
468,246459,19.592266,1.2709252933397334e+16,0.07287835790678263,5.907011128729401e-08,47275260758911.59,2701211316.74,0.7574413726158526,1.5415749535140265e-15,0.0008669656655275065,7.556023584437429e-10,562389563706.4255
469,80647,3.79254,7378552176336489.0,0.004869746685842968,3.4558411587799455e-09,9474304821316.066,198097993.63,0.7574413726158526,5.139951455738064e-16,0.00024347721286278263,1.7483686645962412e-10,473695549383.0065
470,251359,40.377087,2.2839269101475504e+16,0.12530469957504997,9.939134446183815e-08,70878509717011.27,3842776702.92,0.7574413726158526,1.7678799974116285e-15,0.001043124004633534,8.561685277359656e-10,590042314048.9076
471,6848,2.368595,4451668376729945.0,0.0012937310079943584,9.881187881891948e-10,2431509572672.171,31835268.76,0.7574413726158526,5.320690580595078e-16,9.660713369935162e-05,7.76252008897308e-11,181568787427.1141
472,115640,3.280208,1008716134823448.4,0.029348846493263223,2.3215914289050208e-08,9025237117954.47,849428326.15,0.7574413726158526,3.2518643122270687e-15,0.0004539514272426359,3.742492068624435e-10,139597284405.67776
473,139099,3.3155668,1804777454581035.0,0.002501674022733066,2.1329123003986557e-09,1361747522305.894,90728750.19,0.7574413726158526,1.837105617417901e-15,0.00013280291430892009,1.270160780998483e-10,72289210293.51486
474,129177,3.6641254,1764818136433257.2,0.007044849834385824,5.482554125347975e-09,3393136805899.9644,228450529.2,0.7574413726158526,2.0762056578845522e-15,0.0002445725100965077,2.0235406854926855e-10,117797824684.52708
475,29057,14.616691,1.1052798286140462e+16,0.024862858623805884,1.8884336366938786e-08,18800709489292.363,1337073082.36,0.7574413726158526,1.3224425726043008e-15,0.0005477249683746486,4.349971702245968e-10,414176751203.6517
476,87284,0.40546915,1743400159582962.5,0.00014084067067948825,1.1630924757300426e-10,605574179289.3276,1210915.5,0.7574413726158526,2.3257377130044086e-16,1.3734644306435188e-05,1.134236394400368e-11,59055001041.766884
477,192053,0.5810457,1192996032494350.8,0.0004905529637831843,3.5969893345744006e-10,1007197436486.8096,14715414.01,0.7574413726158526,4.870474705478549e-16,0.00010327444003263683,7.850747484494375e-11,212041836325.45853
478,107569,0.60686725,1441164171429532.8,0.00045603031053440533,3.657314302428806e-10,1082962616005.5082,14047438.7,0.7574413726158526,4.2109515489691276e-16,3.125542261265317e-05,2.53256945578115e-11,74224132596.12244
479,317332,1.861598,4228737216411064.5,0.0011805382079919436,9.623436292240163e-10,2681666963292.1597,22611146.09,0.7574413726158526,4.4022551053194575e-16,8.278231718739115e-05,7.055118318766081e-11,188045252278.45447
480,295722,17.466234,1.9009132816392924e+16,0.14536313433667428,1.1145946959860136e-07,158203945235876.72,2325993294.77,0.7574413726158526,9.188338136570664e-16,0.0006844767190615433,5.558064091360291e-10,744940716033.5618
481,228017,0.19635567,238642839624156.75,0.0005521786376440251,4.4680419356240117e-10,671095864291.4077,6777256.2,0.7574413726158526,8.228014312486575e-16,5.7338705015918426e-05,4.727491582613166e-11,69687172187.95186
482,102290,1.074514,549046823592996.7,0.0054873477199230865,4.5544183700086205e-09,2803882346413.3955,149622497.57,0.7574413726158526,1.9570534858362595e-15,0.00022224224183421576,1.822821872724766e-10,113559615740.01155
483,197367,6.240905,2884056960414028.0,0.004569551679538954,3.4714782693618074e-09,2111688501482.7065,197957619.38,0.7574413726158526,2.1639326426840306e-15,0.00022019064261712384,1.7179534244945094e-10,101754850531.76642
484,6851,3.7241652,4535416971005191.0,0.008050530429359111,6.736368096033679e-09,9804213930925.787,279647979.63,0.7574413726158526,8.211296169257417e-16,0.00029184652788653343,2.5796911106959184e-10,355420778730.63293
485,298131,20.99914,1.6555640396747932e+16,0.059742337691164854,4.593944078760543e-08,47100626943579.85,2067356470.41,0.7574413726158526,1.2683979294527873e-15,0.0007141400276188195,5.590172567442416e-10,563025223422.5217
486,45194,6.6012235,5375766279730701.0,0.004304766837878049,3.2027554897534913e-09,3505625950881.3438,189264973.91,0.7574413726158526,1.2279595422311939e-15,0.00021082376321780692,1.5723710340967664e-10,171686245325.91815
487,196785,11.096163,8550088870636850.0,0.04537276100068194,3.48145636276263e-08,34961737571987.39,669997749.86,0.7574413726158526,1.297783352651106e-15,0.0003508253214610997,3.0529392506755894e-10,270326569334.1152
488,260484,0.34926367,273185600267892.78,0.0008454341613691564,6.300346372359807e-10,661278165177.0867,18917571.36,0.7574413726158526,1.2784849188884888e-15,8.061426739591606e-05,6.494211200323845e-11,63054531347.93478
489,330989,11.571503,1.3395952654336108e+16,0.027012725195438424,2.1846917299173212e-08,31271753356732.07,788529683.71,0.7574413726158526,8.638059045583775e-16,0.000448524053131466,3.7025428477003717e-10,519241707847.291
490,270314,0.37988266,196939817513490.44,0.009411374671761551,7.2980256352231224e-09,4879070843633.152,205530209.99,0.7574413726158526,1.92892765310894e-15,0.00024836134896058016,2.1888676155124502e-10,128756176293.22954
491,291324,3.614236,1709986104309299.8,0.01469181836747426,1.1473723752041938e-08,6951069397631.235,494903967.92,0.7574413726158526,2.1136054795368456e-15,0.0003548060851945208,2.8146011563297745e-10,167867697462.75897
492,121480,3.0810983,2821717427831556.5,0.004804313317926483,3.57125496570177e-09,4399864365884.207,143444096.45,0.7574413726158526,1.091923049987246e-15,0.00019409218995035849,1.5851028622750652e-10,177752626389.4013
493,98073,0.8894426,346840519479309.06,0.0014566900071443284,1.2180331475877306e-09,568040162229.9823,44627597.36,0.7574413726158526,2.56441375804438e-15,9.472399210719882e-05,7.266306756377252e-11,36937873933.19682
494,107570,3.5962682,4786445679863847.0,0.010994784804612981,9.130492183370652e-09,14633485964442.94,133502155.1,0.7574413726158526,7.513441999622354e-16,0.00020128824128587877,1.499890213660863e-10,267904166021.3735
495,65741,11.621985,6133425511635480.0,0.018887830243509818,1.5098835682467805e-08,9967927154869.268,533158938.18,0.7574413726158526,1.8948603807044513e-15,0.00042175319315159425,3.4848260398306513e-10,222577450796.03134
496,329375,8.797669,7012039989584436.0,0.029126382820966686,2.309636859719025e-08,23214713021433.69,982514093.51,0.7574413726158526,1.2546518578142605e-15,0.00044617703082708917,3.483219266232356e-10,355618196432.8956
497,70605,15.93745,3862947939376625.5,0.017750327373472756,1.493836144711404e-08,4302356434098.1206,659790860.42,0.7574413726158526,4.125722181638272e-15,0.0004040326726216004,3.724357475146429e-10,97930169515.4772
498,307414,7.299425,6649924848373558.0,0.04984061370997565,3.869733388477264e-08,45405814234430.09,1158933475.62,0.7574413726158526,1.0976702995050082e-15,0.0004195786999506772,3.3876274941001485e-10,382244741558.44904
499,295794,5.504654,2569492640985137.0,0.016164821047741328,1.2218382416261067e-08,7545503990807.232,600437861.33,0.7574413726158526,2.142311642460875e-15,0.00040264418134289986,3.260758680797795e-10,187948463408.61136
500,222345,0.47014725,3510896944494594.5,0.00020946034352329465,1.4477305668388707e-10,1564177350965.5183,4192442.0,0.7574413726158526,1.3391086592195013e-16,5.366551543594442e-05,3.8456258255546407e-11,400755495578.8527
501,192851,0.9076444,1136520387193740.0,0.000419555946449042,2.702128283051059e-10,525353196370.40814,14174122.06,0.7574413726158526,7.986169102000244e-16,4.710585464426244e-05,2.923498988442522e-11,58984294024.6083
502,161062,14.161861,7306468104277424.0,0.01518095126645042,1.1845159605730172e-08,7832242967284.453,425113039.57,0.7574413726158526,1.938263576584865e-15,0.00033719204925470784,2.8183056560583265e-10,173966045344.9914
503,313865,14.735346,1.0817797752371854e+16,0.06966114542599232,5.373065446215994e-08,51140989998941.91,2320487230.08,0.7574413726158526,1.3621391652260465e-15,0.0006078469185890234,4.883579824145145e-10,446244358951.4963
504,47335,0.18825279,516156799226463.6,2.7773338148351293e-06,2.752768726271668e-12,7614972039.717043,3443410.94,0.7574413726158526,3.6472015922704944e-16,1.204533383731464e-06,1.2398932781321836e-12,3302623540.975165
505,95150,13.428092,6475035211670102.0,0.021313637605687337,1.682654554349721e-08,10277450734296.545,687412331.73,0.7574413726158526,2.0738253246558792e-15,0.0004317382694033329,3.6422119897048065e-10,208184490887.6178
506,57513,14.864333,5891249980133733.0,0.21286654431717134,1.7072722194915746e-07,84366383946031.89,1376994155.01,0.7574413726158526,2.5231203989178838e-15,0.0005160564439972929,4.036867855080861e-10,204531041887.109
507,192587,5.859356,3203363415477628.5,0.004004780579918861,3.080760681153201e-09,2189450102831.6692,125019359.78,0.7574413726158526,1.8291262151804146e-15,0.00019981479977676796,1.7698735556974885e-10,109240575154.65622
508,274291,5.2933874,1729990477110836.0,0.007533172866462863,5.746273125298742e-09,2461999535762.3916,246936637.17,0.7574413726158526,3.0597783456243074e-15,0.00024170615861016966,1.9544781569091617e-10,78994662785.23933
509,260364,4.2776823,2807453732078265.5,0.005988838309569773,4.470594668396902e-09,3930489756804.7417,160123737.84,0.7574413726158526,1.5236875504385867e-15,0.00019161648529931674,1.472550894205712e-10,125758384810.69218
510,253234,0.77026385,879229076031451.9,0.004699928929233611,3.3778000499382945e-09,5364803462947.87,106124174.93,0.7574413726158526,8.760673082795615e-16,0.00020834365899486396,1.534354290147018e-10,237816954274.91
511,321906,4.047895,3463207218278829.5,0.009396121063370129,7.165019191462859e-09,8038922524048.965,401609542.31,0.7574413726158526,1.1688284139150508e-15,0.000303787922577824,2.3705217235592926e-10,259908057471.21664
512,94228,1.6334109,2062639513839968.5,0.0006094692582907726,5.549733110931645e-10,769625924879.8237,21378436.26,0.7574413726158526,7.919032332310539e-16,8.12170830676553e-05,8.018845356119251e-11,102559352783.90076
513,305202,2.300811,2471243668230381.5,0.0020501799566281856,1.6335716691629236e-09,2202047120146.0015,55324793.08,0.7574413726158526,9.310336449531803e-16,0.00013685884619752135,1.1839191658538084e-10,146996670785.6231
514,217228,0.30872253,5391981411973461.0,2.6954080296895716e-05,1.854264809638664e-11,470765447334.5428,3986760.5,0.7574413726158526,5.72558594720763e-17,3.77857390171552e-05,2.533247120385198e-11,659945363942.765
515,289393,10.39099,6657858495798577.0,0.08127861872860147,6.134796695805713e-08,52077958137674.33,1039795969.61,0.7574413726158526,1.5607105507810366e-15,0.0005210785471516919,4.405699921972188e-10,333872636979.9481
516,169091,11.455715,6635043011949450.0,0.03250363384851495,2.595441513477784e-08,18825800801569.586,1060499142.36,0.7574413726158526,1.7265472099229365e-15,0.000483199070869784,3.9500200396860785e-10,279864383720.7042
517,164682,0.8407626,1055943146351652.1,0.0003292631164342299,2.8321608865558964e-10,413533060515.6688,13298804.46,0.7574413726158526,7.962195719579089e-16,5.831612365499247e-05,4.9225248638919596e-11,73241258704.04411
518,15928,68.497635,1.041737289994974e+16,0.11355281155706042,8.742050545343309e-08,17269530281266.22,3961525458.04,0.7574413726158526,6.575327163370572e-15,0.0010361235797954076,8.231981593759021e-10,157577494480.78888
519,248193,0.5489198,778087133612569.9,0.0005489966146849075,3.9606390016646894e-10,778196017493.237,11437693.799999999,0.7574413726158526,7.05473431299947e-16,5.661486570010833e-05,4.6411778441741877e-11,80250882865.68983
520,170073,4.494354,2485362254005225.0,0.004446907652898727,3.035235304710481e-09,2459124587774.2305,115695425.25,0.7574413726158526,1.8083295474360865e-15,0.0002025133933193028,1.46305450919388e-10,111989207722.91391
521,106024,5.5189943,1353816554096059.8,0.007478393039512809,6.0373518128302895e-09,1834459639671.8855,248195679.41,0.7574413726158526,4.076619009644937e-15,0.0002575686312958323,2.1231722608630325e-10,63181923718.26915
522,275145,4.53982,4972567884767742.0,0.042817779210608066,3.3201895842751015e-08,46899285390113.61,869526038.83,0.7574413726158526,9.129729558658494e-16,0.00044484950976109936,3.7636456644398386e-10,487253764641.04675
523,98075,2.4783762,4543615939574725.0,0.002643491305605894,2.5776146863534344e-09,4846322052430.191,104715356.44,0.7574413726158526,5.45463400287299e-16,0.00015962721848832812,1.4738419804525866e-10,292645149801.52924
524,294222,11.403729,5324224454712959.0,0.09263949684733463,7.262199073802461e-08,43251946322723.305,1080383542.57,0.7574413726158526,2.1418572971516096e-15,0.00048620506769972145,3.99895742693138e-10,227001616002.29422
525,127817,0.5721985,2642078906006178.0,0.00017946094572277846,6.328312122683641e-10,828645966646.3169,283584.22,0.7574413726158526,2.165713138616845e-16,2.9574486407319795e-05,1.042881949049203e-10,136557727244.55948
526,45192,13.647046,3334544730588857.0,0.011931745827703401,9.909276063978786e-09,2915425080013.21,278591449.67,0.7574413726158526,4.092626461061156e-15,0.0003030776257255627,2.420441586073075e-10,74054553624.46619
527,154009,10.197786,7902822145482751.0,0.022762849348179365,1.78190215353104e-08,17640176987738.27,752745349.51,0.7574413726158526,1.2903980138068842e-15,0.00046450381283186053,4.0280534000890264e-10,359969410880.8326
528,116287,1.5581458,1446076523359660.5,0.006520436256279883,4.788968015731757e-09,6051455385156.828,317825788.99,0.7574413726158526,1.0774988562707384e-15,0.00027289385624680736,2.04889804410789e-10,253266028691.0212
529,289658,3.0649805,1372483916759903.2,0.008102551339816666,6.441831915036484e-09,3628284551441.6094,231906059.32,0.7574413726158526,2.23316314499019e-15,0.0002457498430993257,2.1239747782423535e-10,110045629066.83885
530,279584,28.227089,3.3610100952078576e+16,0.1751734231155223,1.5037848471589518e-07,208579653220134.72,2157353965.32,0.7574413726158526,8.39839458984259e-16,0.0007777269067534257,6.63147422033777e-10,926042350634.5425
531,256402,6.8846703,9461131623336420.0,0.010335472803503765,7.562781859861088e-09,14203333539931.898,460205580.65,0.7574413726158526,7.276793700891517e-16,0.0002964091073745535,2.2153134128786291e-10,407334767973.756
532,158382,3.6557891,2675964517422485.5,0.006612972466663273,5.335539107250245e-09,4840563607863.148,215763157.5,0.7574413726158526,1.3661575391594842e-15,0.00022320260450110998,1.6989731292097522e-10,163379843175.65112
533,255489,0.2010155,379977951485062.94,0.00033959588391382656,2.9327188004395484e-10,641935314950.0166,6012352.9,0.7574413726158526,5.290188528423129e-16,2.6359628094232447e-05,2.026023894267197e-11,49827388858.842026
534,320219,6.2394915,3528743927425805.0,0.008510405047011286,6.516578901741354e-09,4813058905453.272,211193245.3,0.7574413726158526,1.7681905030019186e-15,0.00024239578323829062,1.900217343228505e-10,137086916159.07158
535,165978,6.4091434,6735605936285951.0,0.016946917710757035,1.2909312577235555e-08,17810142855334.555,455467425.24,0.7574413726158526,9.515318236586203e-16,0.0003591774343877152,2.7104743321437484e-10,377472855302.606
536,180054,5.4097214,3900027065507356.0,0.005824590588403316,4.553783197103803e-09,4199118450031.8906,237363646.65,0.7574413726158526,1.3870984249941986e-15,0.0002369451822916313,1.8735836493974283e-10,170820742077.20502
537,160228,5.5843034,3151746665221159.0,0.004675766630198305,3.3467126879373467e-09,2638974072232.5156,124254739.59,0.7574413726158526,1.7718122657577708e-15,0.0001876453085970806,1.518467238419464e-10,105905863856.76038
538,175808,0.15064833,79411841398510.47,0.0007974913939329794,5.71943220921701e-10,420384746991.10706,18397330.59,0.7574413726158526,1.8970512123501232e-15,7.880077804304251e-05,5.87392093799275e-11,41538561283.97387
539,278583,0.112023786,185471236148366.97,0.0004311527127605955,4.380797066031493e-10,713834351254.9152,13647570.6,0.7574413726158526,6.039954675796036e-16,8.735918667889869e-05,8.023944310165928e-11,144635500377.1368
540,156406,18.089697,8448686654976047.0,0.025911117557159087,1.9759599171260934e-08,12101635152909.72,979100137.31,0.7574413726158526,2.141125329739346e-15,0.0004445303262166821,3.4283884955547223e-10,207615275968.36093
541,334858,2.5099385,4148552927068566.5,0.0196620698218856,1.6259313251775015e-08,32498460544674.71,631175156.41,0.7574413726158526,6.050154220338132e-16,0.0003930432990165895,3.502881022306868e-10,649641785485.9624
542,321952,0.61451817,1729372210817739.2,0.00031741093062287,2.4059542715216143e-10,893255349681.5054,13766360.3,0.7574413726158526,3.5534176284087685e-16,5.743524412725498e-05,5.1558440782364625e-11,161633813228.35013
543,199855,2.0847561,1594694337218132.0,0.0026605276678332394,2.1096061033205496e-09,2035119794543.7505,121312227.79,0.7574413726158526,1.3073076459509834e-15,0.00015510314867892136,1.20406124528307e-10,118643189427.75987
544,193456,7.8349676,5806495377928023.0,0.009986931821120804,7.62440882040839e-09,7401316306530.77,360729786.6,0.7574413726158526,1.349345360677065e-15,0.0002835568097747402,2.2889570490084408e-10,210143983918.58627
545,115639,7.719254,7334949476368296.0,0.011622429950494667,8.955977005346828e-09,11043805072291.709,308601311.53,0.7574413726158526,1.0523936156438234e-15,0.0002863302213756128,2.403467668872271e-10,272075217028.4161
546,111359,1.5891182,531272178533395.2,0.005537188593135739,4.177425240421658e-09,1851186555427.7144,150610812.45,0.7574413726158526,2.991156443363634e-15,0.00022527759092469128,1.789106313934354e-10,75314546460.61932
547,104587,1.7290155,1004564601142487.4,0.0005858368623851524,4.249815127541654e-10,340373451826.49133,11351074.9,0.7574413726158526,1.721159095227522e-15,4.076197160752311e-05,2.8810271852353945e-11,23682860997.887436
548,209641,17.136812,6166232115063555.0,0.06665100175627853,5.3236385218182235e-08,23982614008411.957,2733916096.27,0.7574413726158526,2.7791383263267524e-15,0.0007869833065733566,6.53302737023725e-10,283175291822.7462
549,335712,10.995901,7617198100329473.0,0.06099340456142757,5.5241895212756084e-08,42252003301769.734,457883853.76,0.7574413726158526,1.4435624300652474e-15,0.0003346721019127798,2.7689363982639645e-10,231837636490.47934
550,120863,1.5132964,1237607325308584.2,0.012002393118873904,8.679307058317469e-09,9815823023930.863,479431122.4,0.7574413726158526,1.2227597308562113e-15,0.00030186208778660244,2.2809290223309086e-10,246869503606.5916
551,123226,0.25753564,487292863839323.44,0.0007042078032052969,5.783432044735153e-10,1332458051871.6082,12217263.9,0.7574413726158526,5.285027939274687e-16,6.214817248249658e-05,5.149238313295339e-11,117592892973.47736
552,167938,8.190781,2779769471289302.0,0.00901701055177551,7.1112552491670046e-09,3060173462593.9907,226686260.6,0.7574413726158526,2.946568441951045e-15,0.00024204259749913986,1.9636560281412866e-10,82143891196.66042
553,197857,0.9965724,441584023475051.1,0.000772063910317801,5.000003893389702e-10,342103682480.0843,17665303.2,0.7574413726158526,2.2568126268642168e-15,8.881159773064597e-05,6.219709156352047e-11,39352667861.50847
554,128596,7.5203757,4550370255773825.0,0.00579214487898123,4.625047344024987e-09,3504665833975.405,163625902.95,0.7574413726158526,1.6526953362657964e-15,0.0002024585941641675,1.66394496787705e-10,122502066606.91325
555,232437,3.6317132,7807840386389666.0,0.0035650394071685796,2.7708299984423495e-09,7664498028743.434,129105083.36,0.7574413726158526,4.651367113409063e-16,0.00017556755842550298,1.4965625564341212e-10,377453669308.04706
556,60592,4.0751343,2845163391430017.0,0.001642049965389557,1.341122343537581e-09,1146440854335.842,62815742.839999996,0.7574413726158526,1.4323023810424412e-15,9.614351913147276e-05,7.423136847004412e-11,67125154858.360794
557,141248,5.4464927,2455364578995906.5,0.005236274732706884,4.148585243273393e-09,2360595012746.412,188362811.93,0.7574413726158526,2.218201218096614e-15,0.00023608718488308636,1.938139633590781e-10,106431816445.2489
558,284950,7.0036063,6960012132528675.0,0.08648098251422745,6.024593898193042e-08,85942678921289.92,515622036.72,0.7574413726158526,1.0062635188906613e-15,0.00032623330891188516,2.6313345725458016e-10,324202659430.14185
559,211459,4.7342057,2491496718703476.0,0.002378294181214928,1.7409940532139038e-09,1251638083366.0361,76785273.71,0.7574413726158526,1.9001452678868404e-15,0.00014795993944499337,1.1032615741398832e-10,77867698825.75359
560,231145,8.812586,4251189184799570.5,0.006964778818944897,5.109615194024578e-09,3359807483254.027,362699034.46,0.7574413726158526,2.0729696131873e-15,0.00024532757670107073,1.8512122181103785e-10,118345958927.91049
561,247921,2.3193629,1249243189212747.8,0.0039240356242188044,3.0468793622492685e-09,2113543670886.3176,297486368.59,0.7574413726158526,1.8566144046473638e-15,0.00020630196086076751,1.56119778469459e-10,111117289806.84683
562,277087,0.22124057,287894371797705.44,0.0026873084003974698,2.191175701307381e-09,3496921761497.5693,63176749.65,0.7574413726158526,7.684782742312829e-16,0.00014017699285495075,1.1552677681668535e-10,182408530670.7874
563,203770,1.0746076,2065714538079856.5,0.0021938004551673514,1.505381624946991e-09,4217135160672.0483,48753277.43,0.7574413726158526,5.202110844409702e-16,0.000135115529146753,1.0854481601636863e-10,259732122570.88098
564,281933,15.486241,1.0415392510926938e+16,0.05597991970802688,4.52088871885918e-08,37649732849261.125,1572023966.84,0.7574413726158526,1.486861007278714e-15,0.0006170567082284861,4.924788477478653e-10,415006315457.7152
565,300728,2.476649,1090312399560920.0,0.0030190863116532447,2.5047135144598264e-09,1329113346679.395,79211253.91,0.7574413726158526,2.2715040212304033e-15,0.0001547865748102523,1.2579551930183805e-10,68142769444.18933
566,245486,2.844333,1098655455238916.6,0.0030997400464295322,2.4096538652040725e-09,1197309285457.2017,70004700.48,0.7574413726158526,2.5889217465192155e-15,0.00017958206696453287,1.4016158029852818e-10,69365583261.05434
567,65742,10.200317,6288060826123282.0,0.015655711135082795,1.2817307122585546e-08,9651078872707.209,558953448.55,0.7574413726158526,1.6221721262020145e-15,0.00041311990847049847,3.4911199505182694e-10,254670821793.57535
568,15937,15.621055,1.836076652498022e+16,0.07275772270959582,5.5542630636067405e-08,85518395496343.88,1423089950.84,0.7574413726158526,8.507844690877811e-16,0.0005567457973891859,4.449690702205431e-10,654391115044.8407
569,266296,2.2510314,2050204003368241.8,0.003753063388381801,2.8553901761099213e-09,3418231120079.0654,78154571.26,0.7574413726158526,1.0979548358611254e-15,0.0001942760988522755,1.6405808661615755e-10,176943615991.18497
570,289594,21.783018,2.3100071560207896e+16,0.05657631178005926,4.521415970112495e-08,59997051406375.46,2497443176.51,0.7574413726158526,9.429848709872982e-16,0.0007323685354713589,6.084118782471511e-10,776649295236.9156
571,151309,2.7869942,2043528529536005.0,0.003498760894594894,2.6360825550187346e-09,2565422528015.875,128081176.45,0.7574413726158526,1.3638146762907211e-15,0.00016584353033522725,1.2851550965929696e-10,121602687827.2681
572,254792,6.0887885,4646932487377734.0,0.007391643943520398,5.377317255044426e-09,5641265150903.798,337262155.8,0.7574413726158526,1.3102812482296049e-15,0.0002815232302260456,4.216930077752843e-10,214857100799.1052
573,249292,1.8770373,4303560889643222.5,0.007028302398313193,5.547112425001911e-09,16114078991379.83,279321546.7,0.7574413726158526,4.3615911291442466e-16,0.00025719269531214147,2.046366567921566e-10,589676307789.5457
574,137633,0.27845547,881083585080223.1,4.905145529755328e-06,4.057932664407082e-12,15520769653.751299,2894673.35,0.7574413726158526,3.160375187044785e-16,1.3878737377360672e-06,1.2839661137110199e-12,4391484097.917644
575,146239,16.215263,1.0043072694221844e+16,0.019439906503499426,1.4857966633883524e-08,12040285389359.441,454852943.63,0.7574413726158526,1.6145719038088062e-15,0.00042524818570784556,3.2927700272581267e-10,263381385929.4076
576,358919,1.4514521,1565782252255071.0,0.004879468969042121,3.909403791101716e-09,5263822286767.509,138744849.05,0.7574413726158526,9.269820870108788e-16,0.00022495923422978647,1.8830153029871222e-10,242679160020.43137
577,232302,9.672885,2.0710964608383184e+16,0.08336279972573205,6.75521789340616e-08,178491111470401.2,1104960095.45,0.7574413726158526,4.670417425214809e-16,0.00046694437505167326,3.7132969656873245e-10,999791522981.9032
578,301761,1.8244787,3537155415664370.0,0.0003895785899640821,2.962896319360652e-10,755284246025.0931,10821739.34,0.7574413726158526,5.158039400587987e-16,5.484450069023414e-05,4.680222090898872e-11,106328192615.16725
579,19913,5.86675,4830608481780569.0,0.00680288287364177,5.7369661204771905e-09,5601408566919.283,236658921.89,0.7574413726158526,1.2144950314494351e-15,0.0002564319958190041,2.1948516478932527e-10,211142894107.16333
580,246142,1.7620682,887951524318337.1,0.0022597819955989863,1.4823811539794896e-09,1138762317837.2173,67925250.26,0.7574413726158526,1.9844193649565556e-15,0.00013168846162355191,9.549315864086283e-11,66361205675.109375
581,172367,16.21056,7998542154342002.0,0.39747725730524774,3.3322409514054505e-07,196121454036644.4,1420968017.05,0.7574413726158526,2.0266893250290758e-15,0.0006148770276989625,5.107015658432856e-10,303389878313.06665
582,41575,1.3246384,2107526540911316.2,0.00022527481031225019,1.5283212291990477e-10,358416788862.4016,6653954.2,0.7574413726158526,6.285275057210965e-16,6.029056027947271e-05,5.101277823338361e-11,95923503316.37851
583,119786,5.934512,1657668230385746.5,0.004202333418021498,3.0362003952105953e-09,1173824334762.9229,107338035.15,0.7574413726158526,3.580036035690334e-15,0.00016579674845265398,1.3216425362357388e-10,46311474744.885796
584,248821,14.343514,5021252241853010.0,0.1079118689849227,9.29129728072679e-08,37776845622564.41,1216057992.5,0.7574413726158526,2.856561134380846e-15,0.00048309202404285507,3.9232867010593397e-10,169116641064.83905
585,293253,3.1748247,2464985942330883.0,0.002276610863807154,1.661981365313524e-09,1767597995392.4397,70903331.2,0.7574413726158526,1.2879686839097733e-15,0.0001382450783507858,1.0961086911401965e-10,107335745098.34149
586,307058,2.8510234,1634932690786031.8,0.004002699808366292,3.0982210222240104e-09,2295366908633.944,113019148.71000001,0.7574413726158526,1.743816987737461e-15,0.00019513659537516027,1.385331402006042e-10,111901992438.06134
587,57510,0.42557007,1100186603027899.9,6.626262140896345e-05,5.108961242897852e-11,171302573876.14523,5067209.8,0.7574413726158526,3.8681626264922613e-16,2.041439501248701e-05,1.559536781367912e-11,52775431086.25516
588,275040,8.745177,5439294008834764.0,0.023510738385102665,1.8581262430723335e-08,14623125231355.574,829631971.09,0.7574413726158526,1.6077779553367884e-15,0.00044104203815129776,3.6471465462026773e-10,274317754318.82367
589,134459,15.282808,4713199983430767.0,0.04093155314438041,3.140570475709341e-08,12623242770693.012,1484018938.37,0.7574413726158526,3.2425545391085972e-15,0.0006010041636687962,4.81853457987342e-10,185348976068.11475
590,332787,4.1742783,3748070431162176.0,0.005214536579131116,4.117994616833627e-09,4682114837540.875,286362593.82,0.7574413726158526,1.1137139433918451e-15,0.00022364969418973122,1.7601219117222042e-10,200814307405.1854
591,85189,5.087173,6399840264940797.0,0.008407884377911247,6.378918529469986e-09,10577410476255.3,268285638.96,0.7574413726158526,7.948906206094285e-16,0.000275579567322827,2.0995653042444306e-10,346688664047.31885
592,140135,1.9633162,3134329287745170.0,0.0004973677507305316,3.841194177123171e-10,794021007871.6024,10200860.8,0.7574413726158526,6.263911732810963e-16,3.8283069593662666e-05,2.8308454098258038e-11,61116872693.356
593,265156,8.834229,7625375963237330.0,0.024610108208633984,1.9309781144818866e-08,21242524682888.26,829903362.08,0.7574413726158526,1.1585302865839884e-15,0.00047846189252166005,3.7563776308988433e-10,412990405224.91656
594,234413,2.0530548,4174814727825418.0,0.004836894125690493,3.904091511771357e-09,9835654086225.521,178475101.0,0.7574413726158526,4.91771475825323e-16,0.00023222068485836424,2.1046778531912993e-10,472212595227.56244
595,214216,17.48996,7421478077986536.0,0.021831313354549547,1.6895588464457846e-08,9263635449963.531,529197368.03,0.7574413726158526,2.356668013596702e-15,0.00038045805952303306,3.0854652984927506e-10,161438971177.9493
596,52438,1.8452581,2600972342189590.5,0.0006930102806876386,4.695419590458468e-10,976828430083.3541,18203897.6,0.7574413726158526,7.094493355690958e-16,5.173108824416754e-05,3.637894905826508e-11,72917241091.8824
597,63035,8.971127,9586237837190656.0,0.011163030083911495,8.775723333356827e-09,11928430103385.0,309891646.09,0.7574413726158526,9.3583396869163e-16,0.00032659854599353407,2.7958696893633477e-10,348991976055.4799
598,98074,5.853555,5643217103720174.0,0.006948608098839794,5.6196611987152284e-09,6698921265866.854,156878917.63,0.7574413726158526,1.03727269258189e-15,0.00019546271310330073,1.639041900600146e-10,188439081160.78113
599,312666,2.8641243,1458925064683381.0,0.008739249839178818,7.0469844250813596e-09,4451591237471.147,296273898.24,0.7574413726158526,1.9631743736074466e-15,0.0002748343504181574,2.2477156832826954e-10,139994874685.09143
600,154742,1.2559829,5329944928129341.0,0.0004470861229705425,3.133117160825277e-10,1897274567642.4846,17972045.26,0.7574413726158526,2.3564650609641744e-16,5.6543172379244814e-05,4.575838336163327e-11,239949122590.04398
601,122715,5.108227,3149389356194263.0,0.006155429401718881,4.574719925723603e-09,3795023956566.273,149499341.79,0.7574413726158526,1.6219737930951815e-15,0.00021020462532816565,1.6298212420773563e-10,129598040500.41783
602,236505,1.0431558,1332083677701531.8,0.0008115541123887726,6.30128123099336e-10,1036334157069.0,19345598.69,0.7574413726158526,7.831008047481915e-16,8.328092965263478e-05,6.918615436667495e-11,106347649175.784
603,347926,4.4461856,7492655415803977.0,0.04542983173176666,4.186825933697341e-08,76557774548162.11,208717537.68,0.7574413726158526,5.934058559028121e-16,0.00021721152607460568,1.7700891509487766e-10,366042100720.65845
604,75006,3.551376,2570422594026734.0,0.003282734932320973,2.7651896846439266e-09,2375984981663.0654,105322801.08,0.7574413726158526,1.3816311793449259e-15,0.00019062972533343976,1.6010431155749632e-10,137974394457.2988
605,356229,9.061832,8124095672078610.0,0.029939828480254928,2.369254254638234e-08,26841595714775.438,454091797.45,0.7574413726158526,1.115426549092013e-15,0.00034779917597401057,3.297435670198039e-10,311808228212.90063
606,45193,14.042698,6242310290625560.0,0.009480828814468224,7.370489511316005e-09,4214451900355.211,210912116.15,0.7574413726158526,2.2495994825968096e-15,0.0002617808031654381,2.128445343494059e-10,116367737986.52072
607,275517,1.0534502,3049785607225700.5,0.0024219360660578016,1.8083382478532656e-09,7011613606304.234,48573587.01,0.7574413726158526,3.4541778855015723e-16,0.00013002923633461343,1.0864458344302501e-10,376440474824.39435
608,262694,1.7407879,1637798107043393.2,0.0024763956192570516,1.9415942088814922e-09,2329885253401.4917,104396256.71,0.7574413726158526,1.062883082178259e-15,0.0001501684221658711,1.2544665438198124e-10,141284045897.23816
609,222693,6.172736,2780353074840302.0,0.06490516607582639,4.9337805922264814e-08,29234893258345.14,457875332.82,0.7574413726158526,2.2201266651554855e-15,0.0003191795550415578,2.557146343258897e-10,143766371554.8429
610,185007,3.0522158,3220359631074279.5,0.0050086247374981656,3.6284196668347327e-09,5284545382354.388,266045941.62,0.7574413726158526,9.477872503891162e-16,0.00021127423928732293,1.554377428905567e-10,222913147650.57645
611,253819,1.439229,5873485828276291.0,0.0005070932261458713,4.1819726932425005e-10,2069444735606.8276,19363323.3,0.7574413726158526,2.450383029905726e-16,7.791908581258704e-05,6.92090232075208e-11,317987371205.3288
612,113687,0.29034203,335459680703983.4,3.571285268469896e-06,2.6568245104250568e-12,4126244539.4617896,4290197.4,0.7574413726158526,8.655049971749178e-16,1.3166956557385317e-06,9.929694611013358e-13,1521303354.7308667
613,282524,15.058923,1.2426620730626406e+16,0.03925081126792128,3.0202190334785255e-08,32389762866564.566,1555750982.49,0.7574413726158526,1.2118276823952689e-15,0.0006072413168625557,4.851456918893078e-10,501095432695.7587
614,215859,2.0926676,5773810759936078.0,0.0011643791289129497,8.789830155978981e-10,3212600387736.0103,32596585.3,0.7574413726158526,3.624413211670914e-16,0.00010442161074160091,8.65451013407436e-11,288106252359.2911
615,283158,1.6563603,771039731769263.4,0.0021742107748124375,1.520992635345676e-09,1012100382157.9303,79322328.95,0.7574413726158526,2.148216533795527e-15,0.00013980001090944206,1.0554229714389936e-10,65077243708.966156
616,315640,1.2647965,1411894403823798.8,0.0007703808991535943,5.64362779178497e-10,859977459083.5016,33148071.8,0.7574413726158526,8.95815222848524e-16,6.537911930002495e-05,4.672295487182089e-11,72982817921.01237
617,43367,88.89444,1.6555307308943728e+16,0.24728336375751114,1.8805618688287362e-07,46052959885847.92,9507371636.34,0.7574413726158526,5.3695433338151485e-15,0.0014614170444993346,1.165477814684346e-09,272167846247.91803
618,235538,9.577033,4284233528216331.0,0.018922496763363248,1.4464572356620836e-08,8464875820221.757,667202957.11,0.7574413726158526,2.2354133911993442e-15,0.00039739348515010255,3.067186202932909e-10,177771810222.93732
619,154377,9.553583,3074819067421258.0,0.01896417085971384,1.4194065028612626e-08,6103615173205.98,586712774.66,0.7574413726158526,3.107039077916299e-15,0.00038651440779875626,3.10641509938279e-10,124399596563.1587
620,230296,2.5217056,3374363852509479.0,0.001385856038988451,9.028206359732111e-10,1854452209942.5864,36430227.38,0.7574413726158526,7.473128892501127e-16,9.529203092190494e-05,7.186885397152797e-11,127512896261.59831
621,180055,13.953358,6222110639741931.0,0.030880440988477805,2.450719092094184e-08,13770270958025.344,753994997.18,0.7574413726158526,2.242544179603134e-15,0.00047534544878685654,3.946961908496025e-10,211967038647.586
622,188092,0.7572151,1174254333283341.8,0.0001283384628023982,1.2669468418706043e-10,199021382527.42056,6756488.1,0.7574413726158526,6.448476097020183e-16,2.109344837078628e-05,2.604687175834541e-11,32710749103.239265
623,196030,5.945249,1621963971497049.8,0.021721181153889563,1.7191361228660588e-08,5925903734220.314,664108605.21,0.7574413726158526,3.665463046329333e-15,0.0004296675939951941,3.4885116287573516e-10,117220549918.0988
624,292133,7.356684,4968105407768218.0,0.017455098863959056,1.3869403524291323e-08,11787752615059.158,479008178.38,0.7574413726158526,1.4807825913872436e-15,0.00036762599130404986,3.0698968021096416e-10,248264663187.08292
625,238585,0.7041653,426675225605376.25,0.004857024655847899,3.665041886929619e-09,2943019331973.2983,120103128.7,0.7574413726158526,1.6503543157466307e-15,0.00017989602484504787,1.513205939797952e-10,109004486569.09276
626,251772,16.527328,1.1545795354126154e+16,0.04282308310878138,3.376899155531319e-08,29915698049117.566,1801746855.98,0.7574413726158526,1.4314585953659384e-15,0.000601541807578939,4.935387642075955e-10,420229973487.3999
627,124419,3.2984667,3825021484525216.5,0.0012023366714857446,8.342526015562976e-10,1394273163365.727,63417537.46,0.7574413726158526,8.623393916464301e-16,0.00011007853769346087,8.25143943912575e-11,127651060313.14693
628,104586,7.3413815,4874127024849809.0,0.003777893369515877,2.7604804468034702e-09,2508238016149.7183,86619546.04,0.7574413726158526,1.5061941271885948e-15,0.00018896245722730673,1.4457318662992434e-10,125456907457.2193
629,151311,9.210967,7455972868301480.0,0.025370024063560807,2.0151622069186815e-08,20536194634728.91,399994862.11,0.7574413726158526,1.2353809707596642e-15,0.00028413024733886896,2.251755071733792e-10,229994029424.098
630,111358,12.242348,7160255870681714.0,0.009208164439091834,7.482862588296444e-09,5385634641590.804,252992465.84,0.7574413726158526,1.7097640393169958e-15,0.00026010083166939495,2.182627693089408e-10,152126741286.0655
631,150920,1.2487061,299789251304669.7,0.008507549060158172,6.845459136388675e-09,2042491634486.7415,244798162.67,0.7574413726158526,4.165279757581987e-15,0.00024378487683980292,1.965467590864587e-10,58527851915.83962
632,250312,9.934679,6214564759052477.0,0.012553811520608613,9.783873101438938e-09,7852943680189.494,524133560.17,0.7574413726158526,1.5986121933203124e-15,0.0003530422370428431,2.8173506138094036e-10,220842952729.87723
633,237254,0.6326252,589868661739653.2,0.0014554113057763584,1.08458877136295e-09,1357046034870.3496,38212111.839999996,0.7574413726158526,1.07248484456565e-15,0.00011810550923869864,9.25206340494118e-11,110123243080.91335
634,162471,2.1025615,1142443164745850.2,0.006675211836076509,4.910399869409192e-09,3627028334417.901,228376034.35,0.7574413726158526,1.8404079650367024e-15,0.00025095199776402246,1.927848630328924e-10,136356722276.52951
635,284600,0.45453024,248519483255326.78,0.014600507209072503,1.189573192613653e-08,7982990321753.668,553886391.69,0.7574413726158526,1.828952137056472e-15,0.00035955762333204704,3.1223486344312307e-10,196592144784.45648
636,264155,1.7896519,1126894671582900.2,0.0019807912030363247,1.4531910854778618e-09,1247249843514.2146,78203470.98,0.7574413726158526,1.5881270407341206e-15,0.00014061796484844997,1.1118707227656176e-10,88543272195.30783
637,321561,0.3753515,672010390484109.5,0.003674990991062297,2.801589225937495e-09,6579518480489.244,147816196.37,0.7574413726158526,5.585501434428723e-16,0.00021006447626278676,1.7542477223118738e-10,376088841313.2631
638,97123,13.82853,5746979120030778.0,0.011790810701915705,9.390745064324384e-09,4900126254355.669,255566684.81,0.7574413726158526,2.4062258990643317e-15,0.00029429234842470953,2.573402201912689e-10,122304538630.03719
639,55834,6.305355,1784711186005708.5,0.009964450834458767,7.704016909524897e-09,2820406918668.7314,669972747.52,0.7574413726158526,3.532983403388514e-15,0.0003244741762439123,2.564427438386436e-10,91841409708.49352
640,294289,2.8487713,1928067429592815.5,0.008274250043569657,6.1938878550157425e-09,5600067654891.634,243118274.5,0.7574413726158526,1.4775268002953745e-15,0.0002383864881996689,1.8691239741545352e-10,161341566293.087
641,204731,14.333558,6328108382065076.0,0.019374343324705653,1.5247667548009255e-08,8553559722580.841,533486720.67,0.7574413726158526,2.2650620271649765e-15,0.00037149391004550047,3.0841047126480656e-10,164010479885.38928
642,80645,10.430397,2882700588345003.5,0.010955594900042958,8.561338902851002e-09,3027852138707.9854,322411788.49,0.7574413726158526,3.6182727551279365e-15,0.00030966763303300185,2.4109249832788806e-10,85584380722.57835
643,202447,0.34171775,1075802820305029.6,0.000363908446359328,2.823958074151537e-10,1145664025138.2512,15859733.1,0.7574413726158526,3.176397603262561e-16,5.796712529613191e-05,4.594035990774705e-11,182493291257.34247
644,198365,2.1416004,1216202508574338.8,0.007336663844528719,5.728090775613296e-09,4166449059442.8726,269046899.56,0.7574413726158526,1.760891286526316e-15,0.00028353136006583355,2.3430613254815156e-10,161015823200.0521
645,207339,23.704859,1.933242462005485e+16,0.11060404216088415,8.649163314221385e-08,90202785333954.58,3516427256.24,0.7574413726158526,1.2261710295463574e-15,0.000862025952524486,7.038606952893744e-10,703022605943.8112
646,191489,36.36235,2.1108413514568292e+16,0.12204747113231432,9.697871611323757e-08,70848789725312.78,5650739864.28,0.7574413726158526,1.7226472266569901e-15,0.001080357515479569,9.054610336927245e-10,627149597875.6698
647,297099,11.084952,4979589977548694.0,0.022231220847587732,1.7233502067788266e-08,9986724752738.617,814182652.98,0.7574413726158526,2.226077257360213e-15,0.0004441101993088591,3.6437306119707504e-10,199503497841.53757
648,78609,67.31803,6603214429607122.0,0.15165876698059114,1.2162830069559858e-07,14876183371715.775,4692414212.43,0.7574413726158526,1.0194736323897523e-14,0.00107231882565416,8.793186776457714e-10,105183576267.73857
649,147942,1.8527166,2408262980172009.5,0.0004239253316359081,2.941704896337697e-10,551041472039.4363,10787612.5,0.7574413726158526,7.693165635372888e-16,6.265840330147412e-05,4.2119671882206667e-11,81446840314.17851
650,158782,4.7682614,4256380498009037.5,0.0045991200437163465,3.578768620538592e-09,4105396751544.8564,177993210.98,0.7574413726158526,1.1202620165726254e-15,0.00019615332011157374,1.4763971763354666e-10,175095930425.00278
651,29055,1.0297935,336153829270375.7,0.004580694000906505,3.5514026977890153e-09,1495268545704.1233,105830365.63,0.7574413726158526,3.0634590783486665e-15,0.00018143780024005787,1.4243945161048201e-10,59226448142.35955
652,242623,9.828966,6373757625617612.0,0.013525125626211271,1.0316065947452763e-08,8770594241296.62,444089461.67,0.7574413726158526,1.5420991159900876e-15,0.0003654277181290154,2.809851175815304e-10,236967724279.12103
653,283668,5.2198076,2965917055583313.0,0.031204784780744933,2.356011905366276e-08,17730692487021.55,644162070.78,0.7574413726158526,1.759930403371786e-15,0.00036392374078894477,2.6980205886644106e-10,206783029653.73895
654,118348,0.54011065,283129122832291.44,0.001363942618936395,9.428360203199107e-10,714986600047.675,62758999.48,0.7574413726158526,1.9076478060504177e-15,0.0001182176836418403,7.509254227667225e-11,61970392683.01704
655,11503,1.9680855,509787739227426.56,0.01045863812260983,8.464218219875209e-09,2709072082449.1836,199922519.8,0.7574413726158526,3.860597948045191e-15,0.0002796354842977745,2.2966988707205641e-10,72433205441.49582
656,6853,6.3292165,2.5466972490252052e+16,0.05622196951943342,4.377686817757193e-08,226221263105662.5,714793788.03,0.7574413726158526,2.4852645921782115e-16,0.0004087132265552457,3.547314981239858e-10,1644546129380.2476
657,185565,15.786481,1.053529271646501e+16,0.031711522260337716,2.3592040435162872e-08,21163055243113.016,1157046297.42,0.7574413726158526,1.498437815147576e-15,0.0005415497838562033,4.144021102112136e-10,361409581620.0874
658,102292,16.047422,9755402400131594.0,0.04396045495667974,3.510689067336375e-08,26724038776774.883,1385988217.93,0.7574413726158526,1.6449779662378181e-15,0.0006075043554409201,5.046819703666183e-10,369308506198.6124
659,286075,1.595435,1950215013493664.5,0.004517046076832757,3.4674444565525505e-09,5521510481894.845,97284980.16,0.7574413726158526,8.180815904713487e-16,0.00019543726418374863,1.562968547649236e-10,238897032349.9699
660,286512,23.190063,9829673030922722.0,0.054022553177594294,4.2101610963076954e-08,22898774963715.59,3400027311.68,0.7574413726158526,2.3591896624686736e-15,0.0007486720517441632,6.190839792094424e-10,317342884149.78357
661,126568,0.71249044,271812987830033.03,0.01839820479616874,1.4004879995751223e-08,7018860514613.318,604555467.31,0.7574413726158526,2.6212523753483268e-15,0.000404269490863715,3.1306059503486103e-10,154227610689.33447
662,188926,0.24057361,1153090207209339.5,8.136293986428734e-07,6.472210898017626e-13,3899796373.6451445,1257112.0,0.7574413726158526,2.0863381589392397e-16,6.954376733452515e-07,5.532026369529934e-13,3333293169.017404
663,92441,27.462093,6916928714119489.0,0.03777750941918988,2.9679777573779728e-08,9515091935982.953,1297148913.58,0.7574413726158526,3.970272665083533e-15,0.0005742143607051883,4.722689329512566e-10,144628444730.03143
664,210514,0.37675384,334192709733193.6,0.0023338441430143285,1.7029824535061595e-09,2070194422567.5352,54407152.0,0.7574413726158526,1.1273550530195153e-15,0.00013737781179948443,9.774302630832378e-11,121858514255.58504
665,88605,0.7273125,448621086983229.4,0.00031739589586340575,2.675417680185575e-10,195776219721.5873,24948049.44,0.7574413726158526,1.6212178185623023e-15,7.527474309122031e-05,6.115109069241791e-11,46430986773.86487
666,144900,3.3126204,1308042554982204.5,0.011560450382966587,9.007109200779615e-09,4564833645195.392,445887011.33,0.7574413726158526,2.5325020102614838e-15,0.00029907856114447365,2.4669479597600344e-10,118096080450.33435
667,268140,1.9463624,1485628203080931.0,0.0015003419499877665,1.0745761163277134e-09,1145187717953.8948,53742583.85,0.7574413726158526,1.3101275244799388e-15,0.00010980418058924509,8.312098316397147e-11,83811826358.5313
668,265404,0.3750779,385135325768921.8,0.00014909805949358388,1.0745227734914825e-10,153096009427.84286,8945184.35,0.7574413726158526,9.738859951399105e-16,4.494262166224102e-05,3.3504659878898673e-11,46147723539.02108
669,253380,11.129406,6771756847076550.0,0.018909607303413175,1.4513082371484661e-08,11505669101515.113,683169056.92,0.7574413726158526,1.6435034882867508e-15,0.00040309222797535303,3.2478978250153854e-10,245263992956.62668
670,147074,0.41584247,3571673770028604.5,3.8389212637467876e-05,3.04701848323496e-11,329725205386.777,7492925.1,0.7574413726158526,1.1642789817186177e-16,2.1228514730913197e-05,1.6799611930729154e-11,182331855717.06638
671,272534,17.514212,2.339928803797417e+16,0.0643834519386259,5.005076411044532e-08,86017397573523.34,2625716890.72,0.7574413726158526,7.484933717460373e-16,0.0007247732556188402,6.045683809397195e-10,968309517461.9058
672,216287,14.326824,7761392902968299.0,0.023878927058662725,1.7665572297515757e-08,12936135392156.877,533492857.11,0.7574413726158526,1.8459088695948882e-15,0.00038124017912161096,2.895257933353788e-10,206532502986.06546
673,139100,0.38861445,2670069284386948.5,0.00016199664821142033,1.4375800915184413e-10,1113037033396.3428,2349904.0,0.7574413726158526,1.4554470637612176e-16,1.3736227783032084e-05,1.2190631698901522e-11,94378065166.68796
674,165552,3.3749402,8507097187352381.0,0.0046698309707932885,3.6446942545913238e-09,11771084393449.88,129884315.07,0.7574413726158526,3.9672054117561635e-16,0.0001811912983825257,1.6002541949640775e-10,456722754626.20355
675,96115,3.6778069,2513666876380203.0,0.0023472928555084453,1.7357338182347143e-09,1604301819123.6416,70529670.33,0.7574413726158526,1.4631242248361138e-15,0.00012524929198740238,9.510962456132388e-11,85604003994.55603
676,310041,0.35255218,270727445230302.5,0.0020746716642060506,1.6073994951988041e-09,1593155825450.3037,69018182.45,0.7574413726158526,1.302240264928038e-15,0.00014856660363064236,1.259158291807331e-10,114085401620.45457
677,341767,4.803778,4003215418646935.5,0.18054699622872764,1.7708925979793986e-07,150458351550224.12,212073503.49,0.7574413726158526,1.1999798905709778e-15,0.00023918287946890759,2.1281586996318336e-10,199322406440.57703
678,248041,4.893615,3488415319927321.0,0.004432630721917168,3.5824316277217746e-09,3159802501405.6787,153643389.75,0.7574413726158526,1.4028189166712969e-15,0.00017393778900059957,1.423924985161764e-10,123991619255.69899
679,19912,12.612516,2691542540089132.5,0.014054193634897164,1.0513342618430454e-08,2999200162360.597,302619804.91,0.7574413726158526,4.685980552840278e-15,0.00034135503671385895,2.5516415819712997e-10,72846020777.22153
680,259760,0.5701224,1662387085828866.8,3.309411661717252e-06,3.0680855624408953e-12,9649722950.949148,1078656.9,0.7574413726158526,3.4295405977347133e-16,1.4977986257932859e-05,1.3885774297585135e-11,43673447889.27749
681,321051,7.2668014,8837960958725538.0,0.010101133805258185,7.934802988333186e-09,12285106100427.428,368086190.99,0.7574413726158526,8.222260127575734e-16,0.0003180815985121014,2.607169397894353e-10,386854214749.6921
682,119001,0.13638957,119795458985415.83,0.00043445831277042873,3.2901849072814017e-10,381599069403.64185,15542127.8,0.7574413726158526,1.138520367592601e-15,8.287016078478011e-05,5.723592617046988e-11,72787596202.61243
683,317631,12.377167,1.7128135938580192e+16,0.04472334142376333,3.447143223792535e-08,61890372129078.72,1468319931.55,0.7574413726158526,7.226219504786336e-16,0.000549755177997856,4.3543831134714145e-10,760778409282.6434
684,379266,6.557652,4455476939047144.5,0.007692597857311807,6.270048139759905e-09,5226595182942.955,297704732.34,0.7574413726158526,1.4718181890988375e-15,0.00027219884440802335,2.206386523988516e-10,184940535742.85886
685,119787,4.134388,2754982772810658.0,0.013914317933862842,1.0635261682867011e-08,9271917924297.988,621401646.69,0.7574413726158526,1.500694683394358e-15,0.00034494479922877325,2.6648096756318684e-10,229856747708.70593
686,41574,3.7738702,840488739721883.6,0.007041606990302434,5.160143228878687e-09,1568255152203.1943,148821240.82,0.7574413726158526,4.490090136423205e-15,0.00022491010681277167,1.7736064945345338e-10,50090332260.442
687,237555,1.8009118,1321305507748453.0,0.0003582844827800806,2.28977384553112e-10,262868653777.56216,13491675.1,0.7574413726158526,1.3629791062241248e-15,6.593494062712096e-05,4.6196581958982386e-11,48375606292.14722
688,160663,3.2161336,1034737346113236.9,0.015614784949738818,1.202365380055101e-08,5023796629288.553,482562619.22,0.7574413726158526,3.1081642235884285e-15,0.0003647732166061032,3.019450985381106e-10,117359698640.68712
689,268815,11.100689,6302955853416347.0,0.018166377748661887,1.4429562545534594e-08,10314844147629.12,635262060.97,0.7574413726158526,1.7611878074607123e-15,0.00038152833629973774,3.024335634576068e-10,216631261404.10138
690,210743,3.3040364,4445754020107974.0,0.002986884627095117,2.3879374308523243e-09,4019009699320.148,139975029.66,0.7574413726158526,7.431892059380638e-16,0.00017497180361038467,1.4340130626373083e-10,235433725641.28244
691,220102,0.9473436,1082128597430971.5,0.011431038353989847,8.360359918717323e-09,13057409688715.557,342290504.32,0.7574413726158526,8.754445656912145e-16,0.00029339334173322074,2.26332532683847e-10,335136401813.82544
692,168740,4.9779544,1.5396663986074972e+16,0.036535058132811896,2.9234157856466938e-08,113001841435634.78,750957110.38,0.7574413726158526,3.2331382983366747e-16,0.00036223401891056687,2.900515070623083e-10,1120378980066.8977
693,57511,16.508816,9079023449526420.0,0.02460788509096242,1.9415881659343157e-08,13533106540414.492,1228721013.44,0.7574413726158526,1.8183471043751e-15,0.0005217096886851736,4.3276305183062365e-10,286914246146.8963
694,201062,0.67225736,1676989619136489.8,0.001799341947813284,1.327294813708246e-09,4488575279800.147,33748778.3,0.7574413726158526,4.008715094766995e-16,0.00011611837737954672,8.838573779758861e-11,289664829339.27747
695,115011,0.57844764,2029863667208884.5,0.00041111873847788456,2.1693559816393043e-10,1442680257360.9067,7658279.8,0.7574413726158526,2.849687145715459e-16,3.974082719491487e-05,1.9198855969446062e-11,139456807582.0734
696,256506,13.427876,5903231596065455.0,0.027547215934111597,2.11294383446124e-08,12110448107048.75,1047793427.59,0.7574413726158526,2.2746652882380172e-15,0.0005189294308143153,4.052602202882374e-10,228134413224.49872
697,275388,2.489726,2603054143569118.0,0.00478130137916012,4.415115497427576e-09,4998938183027.164,243538524.04,0.7574413726158526,9.564633936450777e-16,0.00025144341697040174,2.457103461140028e-10,262888698763.6317
698,101529,16.5112,4960090489981825.0,0.0127097154699536,1.0352721696278841e-08,3818095525030.9937,255026144.27,0.7574413726158526,3.328810237101239e-15,0.0003334425921321109,2.9240302316810434e-10,100168699439.73618
699,22861,8.000927,5711838197509579.0,0.02635025744004216,2.2018855095475738e-08,18811371102403.98,948864587.57,0.7574413726158526,1.4007621930692098e-15,0.00045744288766412874,3.990894804728816e-10,326567128901.3203
700,77296,4.3260016,3123351236702241.0,0.0010980188001258895,7.931499388509479e-10,792764010372.8828,37336530.94,0.7574413726158526,1.3850512709443352e-15,7.492585514205337e-05,5.5041813768989365e-11,54096087786.67704
701,63034,4.679292,3988113868964839.0,0.0028367103131888053,2.1582092279129925e-09,2417699887560.7393,64594463.85,0.7574413726158526,1.1733095276977546e-15,0.00017550163059911988,1.191899402785264e-10,149578288129.54907
702,212278,6.8634953,6016341994354638.0,0.028316288081436235,2.2727794726317128e-08,24821241315425.47,345543546.54,0.7574413726158526,1.1408087017726516e-15,0.00023948517583604294,1.8623047038662317e-10,209925796905.2284
703,86306,1.8572984,3778897322646203.5,0.0031997682810740737,2.6668494812492784e-09,6510314007937.046,97483291.83,0.7574413726158526,4.914921580085197e-16,0.00016034699315416228,1.5062990298147586e-10,326245272770.726
