,id,sfr,sfrd,snr,snr_solar,snrd,mass,z,halo_volume,snr_err,snr_solar_err,snrd_err
0,305703,1.7155472,918188042932777.8,0.0006695505408816356,4.2718889001479414e-10,358354057980.2711,32737528.900000002,0.2613432561610123,1.8684050758495867e-15,7.086656735625807e-05,4.9628567308455554e-11,37928909673.95503
1,410975,7.992892,4849519138277407.0,0.015766489482292832,1.2393946299010088e-08,9565985939485.799,262109781.93,0.2613432561610123,1.648182380993582e-15,0.00023686868897126608,1.9129538069172885e-10,143715095915.82538
2,282213,7.099558,7628230938391286.0,0.0066429231256083104,5.064498832104677e-09,7137592468167.772,170131128.05,0.2613432561610123,9.306952106378183e-16,0.0001891072895635744,1.5161801230356136e-10,203189279800.82388
3,357367,2.9366164,3350306874721942.5,0.0022349343852835876,1.7702537562916556e-09,2549776687063.405,62874878.06,0.2613432561610123,8.765216172156539e-16,0.00013046052743603988,1.0065577880356887e-10,148838916090.23737
4,323846,1.2285609,5625993213498331.0,0.0012300833639863119,9.572074881336626e-10,5632965087708.87,30071086.88,0.2613432561610123,2.1837226839384355e-16,0.0001017984816779332,8.65491557432723e-11,466169456527.9478
5,116561,9.016866,5583336804417396.0,0.004973749622880092,3.8958988579943025e-09,3079797273840.33,136086790.97,0.2613432561610123,1.6149600706276723e-15,0.00019774418299851442,1.529716512665215e-10,122445245919.70805
6,221665,0.8569602,3853586314175973.5,0.00030607641668144707,2.8339369211039074e-10,1376367175996.7932,4555172.899999999,0.2613432561610123,2.2237991578067114e-16,4.0756285358753175e-05,3.821893396690817e-11,183273229579.55557
7,138701,26.496372,6261373783439902.0,0.017231867728222994,1.3140636710063612e-08,4072073143945.879,593099316.34,0.2613432561610123,4.231718615821607e-15,0.0003981115283909577,3.2905033990176236e-10,94077977420.92136
8,214443,8.22845,5376020581974596.0,0.006018181415670502,4.644582859348958e-09,3931951601662.7227,159252282.49,0.2613432561610123,1.530583797909813e-15,0.0002297893952859133,1.9149542170695534e-10,150131861842.33554
9,265278,1.5787096,1304343428748760.8,0.0011182374022119998,8.285581872760678e-10,923897344613.7952,37064515.64,0.2613432561610123,1.210348107104304e-15,0.00010496483630993751,8.349221226551236e-11,86722849148.79614
10,368022,1.345673,1650453070664806.8,0.0009663922111111517,7.677818045474997e-10,1185269372496.1062,33019903.94,0.2613432561610123,8.153355123620445e-16,0.00010871007456614507,8.822040984011548e-11,133331705681.7624
11,274774,2.5101168,4925715288214385.0,0.0008623845862390639,6.025858435081942e-10,1692296127717.3215,22619474.44,0.2613432561610123,5.095943742436521e-16,7.931788535590408e-05,5.40972395494653e-11,155649060046.29453
12,28548,18.041622,4999834709335211.0,0.01971292970753194,1.589914725139842e-08,5463000509289.209,578240181.75,0.2613432561610123,3.608443688411222e-15,0.00037621683981956964,3.2495584931002084e-10,104260138803.83313
13,420986,8.73003,6407117893094580.0,0.008222953468253254,6.344483593578081e-09,6034965779101.511,367537826.0,0.2613432561610123,1.3625517971830971e-15,0.00029012634095196575,2.3015830434142088e-10,212928669245.2831
14,370390,0.22140676,310135510715676.94,0.00011720226935846536,1.2796270058065856e-10,164171074381.48676,1992613.1,0.2613432561610123,7.139032853383216e-16,9.608701016520433e-06,1.0501264164841616e-11,13459387586.326672
15,384783,1.6588141,1519635211767155.8,0.001059484519752249,7.807518960644848e-10,970590967690.5519,45686983.18,0.2613432561610123,1.091587038228073e-15,9.574549109951405e-05,7.164899641425095e-11,87712191283.37549
16,379185,5.4949837,3127369317207128.5,0.005675699787372942,4.2761747332603484e-09,3230220568026.282,204343705.13,0.2613432561610123,1.7570626116224898e-15,0.00020253549597680745,1.553154193829339e-10,115269367543.92838
17,283524,3.82481,1998730520228252.8,0.0037039540805662505,3.1906560503492036e-09,1935574856359.3335,137146098.74,0.2613432561610123,1.9136196507187026e-15,0.00016288750805346894,1.400209879432089e-10,85120106282.5065
18,331588,1.7380838,4376379364073894.5,0.0011648277982131434,9.424411927377476e-10,2932958893466.2593,47561306.76,0.2613432561610123,3.9715108207211007e-16,8.557829908271016e-05,6.523024588377671e-11,215480463092.81326
19,137028,1.3324801,3074784826358044.0,0.00014783930187238658,1.0330550076989383e-10,341148841274.6882,6189991.399999999,0.2613432561610123,4.3335718603056455e-16,7.36258432828655e-05,5.4345818235810414e-11,169896440295.03342
20,202795,4.3769746,8231671887936632.0,0.03569502525916161,2.7083335288498065e-08,67130783890093.54,227457316.88,0.2613432561610123,5.317236473448824e-16,0.0002511296328694418,2.2130018206562307e-10,472293519619.5179
21,386513,1.9901133,2469306835660421.0,0.00045880134956477264,3.205604378150963e-10,569274778823.1552,18478875.66,0.2613432561610123,8.059400602872993e-16,7.835267319174463e-05,5.074598740018568e-11,97218983212.98694
22,305481,4.774152,3611700550440036.0,0.0016206229076063461,1.069052125624273e-09,1226019751247.4617,46989627.14,0.2613432561610123,1.3218570956604737e-15,9.699270056425687e-05,6.725737326815983e-11,73376086479.1469
23,238383,3.447081,1639155342082014.0,0.0026415690984232234,1.973316089378634e-09,1256118466365.9475,80682048.07,0.2613432561610123,2.1029617581098836e-15,0.00013375188171628328,1.0833660819410318e-10,63601670929.33627
24,423574,6.142472,2.187480919027136e+16,0.011559776353925518,9.353444435248605e-09,41167123272899.164,589575958.5,0.2613432561610123,2.808011693529109e-16,0.0003923401878979514,3.3025027447252347e-10,1397217072856.482
25,101336,1.8112181,1064465448842464.0,0.001074429157315383,8.052031905924155e-10,631449473252.9171,40739178.86,0.2613432561610123,1.7015283135489089e-15,0.00010364022860540041,8.99019507176526e-11,60910081707.21302
26,259667,0.5652888,529475767847590.9,0.0005410660810560806,3.911982583713565e-10,506787643278.01135,18149364.65,0.2613432561610123,1.0676386613460994e-15,3.9642571670525585e-05,2.654324062649106e-11,37131075433.83964
27,247093,0.3242466,542263000959082.2,0.000116717967637144,7.475435096300899e-11,195196604672.995,4242215.3,0.2613432561610123,5.979508087893071e-16,2.6661540320805792e-05,1.697819185196691e-11,44588183390.51734
28,10606,17.041174,6354613697937606.0,0.012045014325078922,9.649352342054141e-09,4491557507833.744,400147281.63,0.2613432561610123,2.6817010144189767e-15,0.0003393175474827952,2.896248159284708e-10,126530715265.55412
29,151839,8.535913,2489871143130043.0,0.004743099788307292,3.720093401713031e-09,1383531825112.62,180847282.99,0.2613432561610123,3.4282549213648926e-15,0.0001854482598729082,1.4865528342919205e-10,54094069468.75339
30,360652,1.0092624,1462637761829307.5,0.001639477513383567,1.340421622024224e-09,2375954678134.0703,44475670.52,0.2613432561610123,6.900289506663117e-16,0.00011680988318316817,8.878520362881978e-11,169282583100.85858
31,333467,0.22480853,224374078531679.5,0.001173222089514285,9.80567631692616e-10,1170954790940.4473,26614114.0,0.2613432561610123,1.0019362819054838e-15,9.262657582341589e-05,7.848156677252509e-11,92447571263.97154
32,314358,2.399931,4576996283425979.0,5.071846416687453e-05,3.316473412138675e-11,96727040066.09291,2623793.7,0.2613432561610123,5.243462855083642e-16,3.7169204548245776e-05,2.3992633915659842e-11,70886750942.0983
33,154939,4.568298,4417627852686885.0,0.002089106972107913,1.6656612860833794e-09,2020204712395.356,63721004.41,0.2613432561610123,1.0341065731060789e-15,0.0001188492798008306,9.398400063056184e-11,114929430768.29182
34,270211,0.9417462,1633539907559285.5,0.0004874521022157667,3.369057612245909e-10,845527661267.0409,10672516.8,0.2613432561610123,5.76506393043735e-16,4.561918946564768e-05,3.4680619700249275e-11,79130413844.66817
35,382047,3.8528547,2502411323905475.0,0.0006492968118207742,3.907899218214103e-10,421715278927.0843,26824747.16,0.2613432561610123,1.5396568354665645e-15,8.415810007842804e-05,6.469854396415624e-11,54660297112.84689
36,312680,5.6007857,3168364330381223.0,0.0006816532061430071,4.644010603580579e-10,385611201662.9207,34121232.05,0.2613432561610123,1.7677214852769485e-15,7.960143403225373e-05,5.839358082814033e-11,45030529240.743256
37,384331,0.7864165,1039397394463887.6,0.0,0.0,0.0,819518.5,0.2613432561610123,7.566081117661709e-16,3.714979416894453e-05,4.5331245321422916e-11,49100443930.24647
38,401257,0.25862062,3289407881706129.0,0.00018231245591571074,1.3157947841928138e-10,2318840738307.4873,7978538.2,0.2613432561610123,7.86222412362739e-17,2.0384698118545906e-05,1.6464936549718525e-11,259273938239.51468
39,122617,3.9009655,1951525686277332.5,0.0010989797717969763,8.671479255089805e-10,549783701845.351,28445798.4,0.2613432561610123,1.9989311580322347e-15,0.0001159306437728235,8.596964896589685e-11,57996316334.84899
40,400637,1.9135458,2288058865146899.0,0.00044747602740398174,3.8076309856976723e-10,535054604620.59344,9033057.16,0.2613432561610123,8.36318430940869e-16,8.084714499351419e-05,5.876703372075329e-11,96670289691.64307
41,254090,5.1345496,6408166645733577.0,0.003823668699278949,3.279254948336583e-09,4772123775580.015,115868165.17,0.2613432561610123,8.012509480255909e-16,0.0001829407055945063,1.6789551539105275e-10,228318863204.2198
42,256849,1.5241722,1518731305616997.5,0.0010376398192058296,7.731395153358574e-10,1033935717619.4756,25098072.76,0.2613432561610123,1.0035825259957962e-15,7.538935446463972e-05,4.902535868277706e-11,75120234272.54802
43,218701,2.2294893,2908219814476019.5,0.003673788082845008,2.920770253813434e-09,4792211066774.674,100784430.48,0.2613432561610123,7.666165015802604e-16,0.00016997084975389965,1.3407412358846605e-10,221715615830.77228
44,411188,4.4744725,5537126389522078.0,0.045053949196776064,3.592657322870032e-08,55753926535397.37,258133534.34,0.2613432561610123,8.080856721036851e-16,0.000220476889455243,1.9256961905171834e-10,272838508423.58914
45,243943,1.0124763,2783509412730450.5,0.0010545639532110469,1.0636334288933615e-09,2899217186702.724,19461358.35,0.2613432561610123,3.637409291196984e-16,8.56178951706545e-05,8.427547068361831e-11,235381526565.79297
46,59015,7.9159436,6754783688976014.0,0.004243004108448257,3.20474551336244e-09,3620613838633.78,174916864.53,0.2613432561610123,1.1719018645880592e-15,0.00022148225976483294,1.7832956446676217e-10,188993862419.26257
47,435871,1.7929138,2831340561615175.0,1.3408556371652711e-05,8.964690940697707e-12,21174576004.581993,1495707.6,0.2613432561610123,6.332384822605759e-16,1.4977986257932859e-05,1.0013980177631548e-11,23652994373.4049
48,315421,4.3445196,4589180562485190.0,0.0009930838609722636,6.75516302208027e-10,1049009228014.9126,31587258.169999998,0.2613432561610123,9.466874403493294e-16,9.34870190373788e-05,7.182615558165875e-11,98751726338.40154
49,302309,8.307623,6635696838225625.0,0.005214634573272609,3.98555565096229e-09,4165178673895.901,226948209.12,0.2613432561610123,1.2519593951524531e-15,0.00024195608010657522,2.0582230212686114e-10,193261922905.34457
50,384166,1.4744865,1967231908547949.8,0.001405174454506598,9.86755548292369e-10,1874757092711.15,60339816.44,0.2613432561610123,7.495234769185631e-16,0.00013531218025744364,1.0891839861034903e-10,180530943225.07193
51,309575,16.269205,1.0399348586832602e+16,0.04994421632299545,4.08294969791752e-08,31924566408684.66,1669098215.86,0.2613432561610123,1.564444624983498e-15,0.0005879557469013644,4.821377749897731e-10,375823942574.8714
52,391375,0.33497328,797568186260286.0,0.00016678378654526535,1.46300925483184e-10,397110605754.9724,34240830.74,0.2613432561610123,4.1999328179156036e-16,1.7978594433147754e-05,1.491623008162643e-11,42806861948.97375
53,365335,2.9589705,1337111697836852.0,0.010193206787781961,7.643441518208788e-09,4606147994518.114,331533567.16,0.2613432561610123,2.212956856773412e-15,0.0003112680921553254,2.506734436985512e-10,140657099212.12286
54,174195,55.93084,6481112025219344.0,0.06504677577610692,5.051519746148729e-08,7537441609750.057,1939883792.41,0.2613432561610123,8.629821515561151e-15,0.0007245428280818547,5.798655238418028e-10,83958031666.74664
55,114673,4.745238,6051934315287022.0,0.004270450395300079,3.3021743859394584e-09,5446404435151.109,130753488.63,0.2613432561610123,7.840861702701659e-16,0.0002053622839672652,1.60445490876315e-10,261912901609.4051
56,243469,4.3276963,4105649461472182.5,0.0038063825933340317,3.082918870232954e-09,3611083486722.244,168687064.42,0.2613432561610123,1.0540832432509222e-15,0.00020311871904076258,1.6957880669478324e-10,192697038247.49124
57,271516,0.42045754,847479644482450.4,0.0006936065023507625,4.703065678886508e-10,1398042218538.7378,15955892.99,0.2613432561610123,4.961270075775924e-16,4.380044618687718e-05,3.063805209117516e-11,88284744667.98091
58,109841,7.8291087,5623760857344866.0,0.024461100831731607,1.8306348189225427e-08,17570758901975.412,220757726.84,0.2613432561610123,1.3921482258220241e-15,0.00024911730293209475,1.934730350834636e-10,178944524951.71484
59,340428,6.095995,3602540493300162.5,0.007702501597418013,5.386331309849226e-09,4551935148307.631,308462644.17,0.2613432561610123,1.6921378153381061e-15,0.00026586430501399436,2.0883264341775146e-10,157117406516.2488
60,341829,2.0943367,2249514655815948.5,0.00015305889205023318,9.558414541324748e-11,164399650194.71356,1601300.0,0.2613432561610123,9.3101713944617e-16,1.3734644306435188e-05,8.577183729741577e-12,14752300172.052101
61,427221,0.94515204,1054505314551338.1,0.006981928501220501,4.553282910544683e-09,7789731597420.535,42043135.0,0.2613432561610123,8.962989820512523e-16,0.00010615189936595411,7.550592087553363e-11,118433582422.48245
62,189143,0.12204592,618031943808181.1,0.0001073570992092252,1.2075383926737646e-10,543648789782.4458,889057.44,0.2613432561610123,1.9747510015093887e-16,9.583501534792644e-06,1.077939523771675e-11,48530176855.04427
63,255844,0.21575212,1042782346712550.9,0.00046796911084508197,3.3794630838763635e-10,2261808262166.8813,20920117.42,0.2613432561610123,2.069004339018345e-16,5.527248731812987e-05,4.034519941944424e-11,267145342693.45383
64,133098,0.18149616,280756367544350.56,0.00028195017147220503,2.066313093840201e-10,436148654445.5985,17009923.64,0.2613432561610123,6.46454296255024e-16,6.64634439040733e-05,4.9666905893006164e-11,102812285863.21236
65,283142,0.13236447,296053981833508.56,0.0006731051314816306,4.410423671384833e-10,1505505626756.9692,21809663.0,0.2613432561610123,4.470957261923861e-16,6.391145289088212e-05,4.0545459835871134e-11,142948029128.28763
66,40691,3.2473445,3756824162878613.0,0.001495123927061733,1.2599619822437427e-09,1729695662312.2307,29863171.22,0.2613432561610123,8.643855446009931e-16,0.00010748814788049698,9.208381223296156e-11,124352088662.14244
67,224650,1.6233253,3435674117706230.0,0.00028234641168671645,1.9095355924671173e-10,597569851747.6931,8987545.65,0.2613432561610123,4.724910583439695e-16,4.046777254851368e-05,2.8914490462234805e-11,85647700276.80287
68,401600,17.140478,1.6869493319092626e+16,0.040993229705804275,3.3013638058840657e-08,40345141754512.016,1620318187.83,0.2613432561610123,1.016063593362385e-15,0.0006129136564102831,5.15839462683195e-10,603223715931.0203
69,295574,1.2614095,1866066549743972.8,0.00012034723673255457,9.154746278965136e-11,178035723387.7969,4858250.3,0.2613432561610123,6.759724084722848e-16,4.2919689767390144e-05,3.3792270814055995e-11,63493256868.85616
70,67903,24.103624,9650838993051598.0,0.029735077771687643,2.211899915914028e-08,11905614193966.223,1276417432.07,0.2613432561610123,2.4975677262209126e-15,0.0005312906969783071,4.24724377248726e-10,212723239254.139
71,361406,0.14408557,477784784421376.4,0.0003165732064363712,2.3517745934900334e-10,1049750236548.9167,10371342.36,0.2613432561610123,3.0157002629226784e-16,4.522537777156302e-05,3.282871228423917e-11,149966421821.15494
72,397061,1.6069198,2317803193310133.5,0.00020307452620145283,1.6649234490770863e-10,292912431167.79675,10834486.06,0.2613432561610123,6.932943248322578e-16,7.049411953634501e-05,5.474963089470636e-11,101679931612.59618
73,369945,3.444839,2083638462774384.2,0.003283160839989513,2.4500224709563707e-09,1985846132628.2026,90254163.9,0.2613432561610123,1.6532805770023867e-15,0.0001429946807664369,1.1613485364247134e-10,86491478068.23262
74,198567,0.39155036,2943635922055834.0,0.00018384533891768458,1.0130883695976986e-10,1382130624884.6912,1814701.9,0.2613432561610123,1.3301589271493242e-16,1.3734644306435188e-05,7.568540213924495e-12,103255663861.6863
75,150073,1.065096,1787632947981406.5,0.0011635294983469364,7.63117487603683e-10,1952841497098.159,34227362.13,0.2613432561610123,5.958135875727204e-16,0.00011434946278675872,8.070120693819876e-11,191921542529.10873
76,28549,6.462794,5097285232796604.0,0.006328070780741724,4.83444187148889e-09,4991027370324.114,124538135.94,0.2613432561610123,1.2678894165893509e-15,0.00021219013707724955,1.75065522810636e-10,167356974749.4584
77,346941,3.730119,8844109162703498.0,0.0048398099777154065,3.6893964212903135e-09,11475185582459.068,157033953.34,0.2613432561610123,4.2176311162353003e-16,0.000182853132089266,1.4407920704216467e-10,433544629793.23456
78,35380,0.78702426,476247471098313.6,0.002908815287552036,2.722566572737986e-09,1760194691569.9539,34369621.31,0.2613432561610123,1.6525531530592243e-15,0.00014098654295850133,1.2568350635557855e-10,85314377148.78067
79,300853,0.16469656,5330888250792561.0,5.905388002878523e-05,3.8512991446168064e-11,1911452401975.88,1533349.6,0.2613432561610123,3.08947687987108e-17,9.583501534792644e-06,6.250043391795741e-12,310198195598.49084
80,275895,0.10999561,406296288543155.5,0.00018480921834811452,1.0329368471201716e-10,682639057171.4686,2819322.5,0.2613432561610123,2.7072757763652723e-16,2.6608196328429022e-05,1.48537773724134e-11,98284026181.30241
81,316635,0.6341651,996433711931686.9,0.00048564750590853194,2.9524821099153776e-10,763075021004.4739,10749248.56,0.2613432561610123,6.364348098686939e-16,5.6276158690362264e-05,3.7262829382928195e-11,88424073947.13826
82,315959,5.5591497,7057922871148005.0,0.019141108160639922,1.478923128190213e-08,24301641861901.69,345755146.96,0.2613432561610123,7.876467059062346e-16,0.00027160683900933453,2.2596263473883966e-10,344833333235.1522
83,243071,1.1768774,1405925462542179.2,0.0026329428947323226,2.141814304217385e-09,3145375599126.7104,46703104.46,0.2613432561610123,8.370837795852867e-16,0.00013471188280760044,1.14526304667294e-10,160929988243.6382
84,394522,13.45783,9986243139419710.0,0.02863924448236849,2.246804545487187e-08,21251454263444.86,1036277480.84,0.2613432561610123,1.3476369253294608e-15,0.0005017178736775955,4.107294254818561e-10,372294543320.66406
85,101337,22.147436,3701988220573771.0,0.02765823133760499,2.2146476236139238e-08,4623128682422.5625,920185399.59,0.2613432561610123,5.98257873348051e-15,0.00046201421766194745,3.9755482587702975e-10,77226600475.20335
86,288570,3.4526305,1716163330368949.0,0.0005887709778028885,3.893869431770113e-10,292654299986.8615,26291155.77,0.2613432561610123,2.01183094808216e-15,4.9913410409401045e-05,3.469121898825129e-11,24809942633.093773
87,398007,0.8239869,678095829409829.2,0.0014499328888012146,1.0373519007425523e-09,1193214897979.87,35404153.49,0.2613432561610123,1.2151481608685676e-15,9.504718451236537e-05,6.65764944907171e-11,78218597182.77254
88,376485,11.296532,1.053479129261642e+16,0.01619416729385003,1.226270137618219e-08,15102172294862.258,473511047.7,0.2613432561610123,1.0723071474531693e-15,0.00038447256829584334,2.995537940591869e-10,358547053620.7858
89,410273,0.5441468,2367843428993542.5,0.0019943345582406815,1.2498722988466297e-09,8678305153949.148,16546039.36,0.2613432561610123,2.298069176944233e-16,4.838840440610552e-05,3.4487115104102564e-11,210561130585.4948
90,120401,1.6444664,4282721745357590.0,0.0003689768994346674,2.997515475851507e-10,960935042968.0233,8597956.64,0.2613432561610123,3.839769421822883e-16,6.208276190456494e-05,4.815723559504236e-11,161683567642.69434
91,40694,5.183461,4363449875424734.0,0.0037441072930119754,3.076742078472805e-09,3151798480063.7915,194102914.03,0.2613432561610123,1.1879272474730668e-15,0.00022688645273425014,1.8975295151358752e-10,190993558921.1192
92,263375,0.91794646,1934869758907411.5,2.5261360801453622e-05,1.8582468540938166e-11,53246507518.0765,1359419.0,0.2613432561610123,4.744228678825126e-16,1.4977986257932859e-05,1.1017932115067435e-11,31570961839.980377
93,73539,6.7201777,6940849397880641.0,0.009715949006397539,8.015670427140575e-09,10034993391751.139,230412974.7,0.2613432561610123,9.682068165968243e-16,0.00028333507553210115,2.414070836350107e-10,292639000960.56244
94,371311,3.4343348,4729905001941740.0,0.001021226807154366,7.501811174077712e-10,1406474925879.8032,51979492.47,0.2613432561610123,7.26089593467548e-16,0.00010940166675446958,7.901385236677405e-11,150672407012.48145
95,147891,0.5133662,606558199171070.6,0.00010450540362848226,6.480343177093689e-11,123476398384.89186,4916889.5,0.2613432561610123,8.463593447447782e-16,2.5158726030737373e-05,1.6680471558749564e-11,29725820583.128376
96,217083,5.0038567,5781063588564873.0,0.00271792732860656,1.90918253487717e-09,3140080073790.4385,86597141.47,0.2613432561610123,8.65559878963758e-16,0.00015849406643289918,1.0422099019698185e-10,183111613979.43622
97,383808,2.077471,1555115121191261.8,0.0014462776014571798,1.2283843151673076e-09,1082627948821.567,29536706.96,0.2613432561610123,1.3358953119873202e-15,6.459626851905313e-05,4.357635835578535e-11,48354289396.34325
98,246071,0.926096,3977674724658206.5,0.00010719379560829595,9.035820132289361e-11,460408047795.5813,1186320.6,0.2613432561610123,2.328234619736478e-16,5.1575834961400984e-05,4.347546098533649e-11,221523357329.16217
99,19820,0.5281056,926776422298426.0,0.0,0.0,0.0,1256595.9,0.2613432561610123,5.698306379981985e-16,3.815281742224924e-07,3.036204194383353e-13,669546613.99533
100,230658,1.524285,4456779591104353.0,0.00030858781702633133,2.968198293027754e-10,902264264875.9241,3636959.6399999997,0.2613432561610123,3.4201489412724015e-16,4.8036413070154686e-05,3.851918581196949e-11,140451231496.0285
101,387311,1.5242411,2707156529296932.5,0.0005506855075882762,4.042643220050091e-10,978055156403.2733,12478398.45,0.2613432561610123,5.630413622206973e-16,6.276831109457456e-05,5.610747027136137e-11,111480817052.2489
102,253687,0.1413758,101861628196814.31,0.00035677731472586247,2.643620886268624e-10,257058974602.8925,6891714.15,0.2613432561610123,1.3879200882871955e-15,4.826081964230529e-05,4.0374297198429666e-11,34772044910.64252
103,302822,0.778235,4753350124064694.0,0.00024785871201521366,2.6362715083804653e-10,1513886216256.0552,3261445.1,0.2613432561610123,1.6372347495717697e-16,3.3084302037320675e-05,3.6943605307551824e-11,202074272159.042
104,292118,2.9366612,3644010065474128.0,0.002388934982015677,1.8250134145136965e-09,2964353913290.502,88255919.71,0.2613432561610123,8.058872361039723e-16,0.00014116394981549563,1.1032763094516403e-10,175165883626.53165
105,163644,0.12559204,1805707381307013.5,3.282587310039765e-05,1.9417252811398035e-11,471956036029.31665,11545915.44,0.2613432561610123,6.955281974263932e-17,2.0455013593138825e-05,1.1778986177883652e-11,294093232579.59717
106,202791,1.1198841,2679369228716799.5,0.000705721328764463,5.731443561083095e-10,1688467594406.0947,22885085.62,0.2613432561610123,4.179655748813438e-16,8.354436776046795e-05,6.895504129797017e-11,199883370261.2598
107,258436,0.22537354,2549393985054919.5,7.5223898796455e-05,7.802380245344758e-11,850922229486.4888,964114.75,0.2613432561610123,8.840278957320321e-17,2.0331718330224017e-05,2.1088483845127373e-11,229989556080.55835
108,373381,1.8850968,1319013602231968.5,0.005669925438248935,4.28513189959103e-09,3967281031240.0938,141978254.97,0.2613432561610123,1.4291716149174913e-15,0.00019578978112086732,1.513532478758348e-10,136995290892.45915
109,310546,2.52987,4527271930230854.0,0.0004038980869135489,2.7759331015349487e-10,722786732740.2799,8750864.9,0.2613432561610123,5.588067248858624e-16,3.341557811260316e-05,2.1419635730742244e-11,59798095879.08659
110,284679,1.5529746,818248182967465.9,0.00159967539860763,1.1149289569396302e-09,842854408725.3262,37179524.56,0.2613432561610123,1.8979261211041974e-15,0.00013244628716117357,1.0165888126049659e-10,69784743298.7104
111,234912,0.14309485,272003854881912.3,2.494353660980189e-05,2.0968805707779425e-11,47414271808.20428,2452207.7,0.2613432561610123,5.260765516066791e-16,3.715630283481461e-05,3.13507261894283e-11,70629079971.98572
112,272250,4.266175,2034580780445273.2,0.004348613096059591,3.466506424701374e-09,2073896318560.645,85067460.72,0.2613432561610123,2.096832448729972e-15,0.00017878711669353604,1.4928748478448334e-10,85265332860.44167
113,333998,5.780898,2922683180113398.0,0.002443239510102532,1.957523136136184e-09,1235243213280.215,92701619.79,0.2613432561610123,1.9779420634212242e-15,0.0001344812974429664,9.652732687886849e-11,67990513943.747986
114,209490,1.6141955,1517997899539859.5,0.0024828040106077364,2.0954150897063943e-09,2334841890633.2495,57014547.2,0.2613432561610123,1.0633713659875946e-15,0.00012191704761174021,1.0115238583537515e-10,114651429887.34804
115,368869,4.31148,3389236560140725.5,0.0038527722294064313,3.1534427526578954e-09,3028648282677.68,158454285.41,0.2613432561610123,1.2721094923574713e-15,0.00020449933272815053,1.6372421632766008e-10,160756077960.8465
116,271515,0.29012796,296668198739685.25,0.00010728294622852218,7.920526566813445e-11,109701382841.90941,1354492.6,0.2613432561610123,9.779543652893379e-16,2.0331718330224017e-05,1.5010579112963788e-11,20790048137.070965
117,343374,0.71733475,2834339245886109.0,0.00010454513429628207,6.307261175006403e-11,413079635557.02,8031840.16,0.2613432561610123,2.5308711758522657e-16,1.4933016379133595e-05,9.023430880601527e-12,59003463003.623375
118,358502,1.5522146,1437140924696098.2,0.0033322898484512324,2.5481818231699464e-09,3085250012568.2524,147571757.09,0.2613432561610123,1.0800712535051046e-15,0.00014923284226643694,1.1897602455675484e-10,138169441860.56113
119,211541,0.30981675,591593522118558.9,0.00018429773329273498,1.3086416046538686e-10,351915592546.61304,2599601.7,0.2613432561610123,5.236986856964111e-16,3.9607419267344816e-05,3.363519034291845e-11,75630167401.84315
120,40692,0.32357922,1559952343167611.5,0.0006774965323123379,4.858252304723421e-10,3266162465774.418,21342305.44,0.2613432561610123,2.07428913721137e-16,7.768159897316194e-05,5.921065652400915e-11,374497448690.2796
121,194440,4.156981,3468383445719463.0,0.004352599832036659,3.297483034091274e-09,3631598316970.2393,144890928.83,0.2613432561610123,1.198535590155228e-15,0.00017849662558497065,1.3319490589871823e-10,148928932149.48477
122,324930,6.3440833,4285481978106336.5,0.005641619542405332,4.2576900420094175e-09,3810961762798.822,195830182.46,0.2613432561610123,1.4803663467518107e-15,0.00021840710450427285,1.665665268501701e-10,147535848125.3625
123,372751,1.3584164,2882604637043643.0,0.00011203602186499,6.428223251821108e-11,237744152782.56586,2918215.2,0.2613432561610123,4.712461717931503e-16,9.59109302504665e-06,5.5040706076430305e-12,20352617377.3494
124,305964,14.533288,4.699606942467983e+16,0.06066572547641973,4.9305528429425316e-08,196173821518460.88,3770713532.03,0.2613432561610123,3.0924475552774405e-16,0.0007752018410913329,6.645568855702338e-10,2506758246452.413
125,290247,1.1172076,1369090585237047.8,0.00016776522483880825,1.6757581389636118e-10,205589175957.08163,1001130.3,0.2613432561610123,8.160216804109889e-16,1.3734644306435188e-05,1.3719137565245191e-11,16831224753.143496
126,321165,0.39764696,461440797895380.44,0.001031860198510082,7.909346767279969e-10,1197399807399.453,60690134.27,0.2613432561610123,8.617507637245287e-16,0.00010037874735068474,7.686086044894013e-11,116482342199.31865
127,314573,0.124809965,182917909220444.88,0.0002697153441138957,2.1257045471986053e-10,395287081684.4362,7040032.3,0.2613432561610123,6.823277476323236e-16,3.5910401923896075e-05,3.33278673252835e-11,52629256319.27636
128,332529,4.318262,2028063969832471.8,0.0020853488955591133,1.5977318621313692e-09,979380352468.9739,48823020.35,0.2613432561610123,2.1292533491222714e-15,0.00012477857508142278,9.440508627014006e-11,58602033023.85762
129,370974,9.739615,4117045035098256.5,0.014955155736158745,1.1848636729404184e-08,6321712888309.606,489271792.75,0.2613432561610123,2.365680947613816e-15,0.0003670369653372858,2.8639012250436907e-10,155150662099.00528
130,248568,5.642744,5418568149003740.0,0.0030286257020037018,2.372341058983946e-09,2908303967738.2754,87842897.5,0.2613432561610123,1.0413717876811198e-15,0.0001313236023275538,1.08293583429431e-10,126106356904.46286
131,323673,1.5224822,2763320236376098.0,5.871254990356402e-05,3.327689659761173e-11,106563858203.24202,3280690.8,0.2613432561610123,5.50961187906556e-16,2.0332788046468624e-05,1.1507553959225684e-11,36904211209.00643
132,314108,1.3748146,1101904687882255.0,0.00014761775646049703,1.4020936439560409e-10,118314642467.77908,6170251.4399999995,0.2613432561610123,1.2476710691214585e-15,4.645212277368715e-05,3.434611236165521e-11,37231065080.635544
133,307374,3.167911,4800863547475676.0,0.0015106484337575883,1.2950286084640454e-09,2289337357860.757,56468892.75,0.2613432561610123,6.598627452483434e-16,9.618586627899136e-05,8.061939502464084e-11,145766474879.2436
134,178034,5.874229,4351385131125155.0,0.0006442347061653026,5.297035779120293e-10,477222342091.61426,18274731.54,0.2613432561610123,1.349967613296752e-15,9.225359989236324e-05,7.411995230758655e-11,68337639350.5256
135,442392,0.8116638,5055467101852462.0,0.001063081719197852,7.099626869417144e-10,6621429535215.811,29295796.26,0.2613432561610123,1.605516925829829e-16,0.00010553780687545868,7.806051545307633e-11,657344716692.4778
136,53359,0.5525138,9728046526416146.0,0.0010106220332068484,8.190390105847137e-10,17793905165187.734,10467529.4,0.2613432561610123,5.67959660245939e-17,9.122151693076672e-05,7.050092919938037e-11,1606126690252.364
137,241636,0.45656884,2055389771571636.5,9.84844794909939e-07,6.193329851378409e-13,4433591915.829067,1590170.1,0.2613432561610123,2.2213248616630434e-16,6.954376733452515e-07,4.3733539785790933e-13,3130733758.7019887
138,187611,6.5716558,4981389873726327.0,0.0022862429683052324,1.6370494028372924e-09,1732998184596.598,41348768.16,0.2613432561610123,1.3192414098445331e-15,0.0001165095392685474,8.574036228725361e-11,88315556500.21442
139,323120,0.50935155,394645878912272.9,0.0002019800271496285,1.5885024905476663e-10,156494243194.48892,2540772.0,0.2613432561610123,1.2906546785788822e-15,2.515583295663208e-05,1.9788133071647443e-11,19490754091.04063
140,320631,1.3511683,5738194815823098.0,0.0010250036547198207,9.220335278631783e-10,4353025938895.2534,26587728.48,0.2613432561610123,2.3546922740826913e-16,8.887334187969198e-05,8.189100127410645e-11,377430812755.8368
141,412705,1.7501984,3187206532318278.0,0.0013098483960255376,9.617142908352302e-10,2385305211203.034,26084913.66,0.2613432561610123,5.491324086635071e-16,9.32528833355773e-05,6.501351106656393e-11,169818575382.46307
142,387627,3.7514544,3735554378776710.0,0.0016305124996494438,1.1898698054867087e-09,1623601797669.6287,111854923.83,0.2613432561610123,1.004256402025259e-15,0.00016307284248654556,1.1775978509362104e-10,162381680771.6442
143,363270,3.1819706,1909344859643119.8,0.000956829295698665,7.771136032744595e-10,574146441610.1747,37551821.94,0.2613432561610123,1.6665248207674489e-15,0.00011128650034723205,9.519911030693861e-11,66777583484.16537
144,421354,1.4861981,5077671873621830.0,0.0013592460802365086,1.1749407611807792e-09,4643933800579.91,35682075.46,0.2613432561610123,2.9269282005414743e-16,9.438718191273934e-05,6.414854536155495e-11,322478637826.77673
145,10604,0.8278468,1386363764344870.0,9.403497001590918e-05,9.084919169677835e-11,157476812148.47098,3855675.9,0.2613432561610123,5.97135341597161e-16,9.657313906987974e-06,9.370102786003553e-12,16172738798.473234
146,67905,2.6880772,5327166492710549.0,0.0006497136351966218,4.378163937371492e-10,1287586795229.173,31314493.419999998,0.2613432561610123,5.045979328181767e-16,5.7030824533697945e-05,3.6515748871675874e-11,113022311080.78683
147,227514,3.5040936,1246896912365619.5,0.006194540289838102,5.0715157833178716e-09,2204265651158.2793,182660362.37,0.2613432561610123,2.8102512447095687e-15,0.00021326828759826128,1.731654585258784e-10,75889402415.44202
148,192733,1.0188667,677196204444578.9,0.0002867844084250265,2.767988688457922e-10,190613073210.96255,13109787.26,0.2613432561610123,1.5045369322996305e-15,5.149827617129821e-05,4.285669216440391e-11,34228655386.06949
149,340952,5.0829544,6409673696453042.0,0.016221375083069083,1.2640464145823578e-08,20455371622111.477,160237139.9,0.2613432561610123,7.930129739385616e-16,0.00017811418553839533,1.4839320077904486e-10,224604377723.83112
150,351811,4.124647,9015840673899362.0,0.010483124945701677,8.488357710333204e-09,22914490446097.863,244848630.16,0.2613432561610123,4.574888963977316e-16,0.0002660458651757704,2.2121469764039333e-10,581535130733.4801
151,147892,2.9928784,5775372729329415.0,0.0009518991560984507,7.742391568443651e-10,1836884661669.741,30157275.98,0.2613432561610123,5.182138954947599e-16,8.60239634449214e-05,7.675986980938626e-11,166000881475.38156
152,10618,0.30908325,659520192384525.1,0.0009618821932925128,8.517035634767611e-10,2052459100166.4668,23589938.39,0.2613432561610123,4.686486533224942e-16,0.00010214345629249408,9.237130605340474e-11,217953162925.67142
153,360032,8.765372,8164550703778904.0,0.00962238138050475,7.497550957974018e-09,8962816486536.918,458694819.26,0.2613432561610123,1.073589021370522e-15,0.0003104022865920927,2.4855745319136117e-10,289125801785.7145
154,243941,0.776868,829321835931881.2,0.0007170331505275267,5.029336993224375e-10,765446959868.9989,15828253.74,0.2613432561610123,9.367509286995432e-16,5.695607714619115e-05,4.168432265731275e-11,60801730109.04956
155,202792,0.4334898,4601672161779109.0,1.057656189870724e-05,7.492347528065582e-12,112274545921.52965,1411648.6,0.2613432561610123,9.420266910809291e-17,1.4977986257932859e-05,1.0610279539775591e-11,158997472149.60925
156,104418,0.951283,8669768995453260.0,0.0005384004313298912,3.74335064451928e-10,4906854602344.993,16506532.4,0.2613432561610123,1.0972414611033895e-16,3.525868442891177e-05,3.5636648562780327e-11,321339337591.705
157,209489,10.063586,5200249037241033.0,0.007578937568524314,5.59262735813402e-09,3916333878801.1016,229172942.87,0.2613432561610123,1.9352123192429236e-15,0.00026097023902120893,1.9841735096663758e-10,134853543679.02296
158,141805,4.2235823,3306306235009836.5,0.001215056599856925,7.903120732750343e-10,951171050223.5988,40620754.5,0.2613432561610123,1.2774322763201137e-15,8.677128813700277e-05,5.961224471360324e-11,67926331395.7934
159,327820,4.5476174,4728138328776128.0,0.0035814151720501416,2.7069362262907812e-09,3723582011589.327,129075136.7,0.2613432561610123,9.618198715385605e-16,0.00019193781384239873,1.5577204078609192e-10,199556922789.88614
160,183815,2.5818,2617405677115545.5,0.00038735072382235287,2.686360981194193e-10,392692688654.2111,15220709.6,0.2613432561610123,9.863965767986015e-16,2.2415625122300625e-05,1.525886720939854e-11,22724759644.900265
161,63582,3.5803623,1910177675924294.5,0.004535714180683454,3.337996228811479e-09,2419872416910.0947,135857620.39,0.2613432561610123,1.874360874973339e-15,0.00016639217910307822,1.3497231405913794e-10,88772755196.05849
162,347970,10.388277,5351826500197971.0,0.011327742206952833,9.36587097140643e-09,5835819638866.119,405195244.43,0.2613432561610123,1.9410713332384235e-15,0.00032151394651077156,2.7363820256519817e-10,165637367883.00696
163,326543,0.14942448,224007578433090.06,0.00017206009086606302,1.4582720681082048e-10,257941431684.31448,7820957.600000001,0.2613432561610123,6.670510035651867e-16,4.436040560399703e-05,3.251344666973561e-11,66502269491.993904
164,276554,8.809072,7579486006542773.0,0.01235213161164931,9.49484388664679e-09,10627999033436.277,418402502.25,0.2613432561610123,1.1622255113863688e-15,0.00034149072867936355,2.7660275215319653e-10,293824843228.5865
165,273007,3.3676777,1434079243990300.0,0.00011225384819937248,6.645476739183082e-11,47801757799.07857,6203399.21,0.2613432561610123,2.3483205088649753e-15,4.1204087664242524e-05,4.852477759871682e-11,17546194188.014774
166,211540,4.2613072,2154650774418671.5,0.0011030217718651675,7.693542197293976e-10,557722455435.726,40598216.0,0.2613432561610123,1.977725230739403e-15,6.909844212487146e-05,5.074821956438111e-11,34938342824.82099
167,284034,0.69151795,699314051007652.5,0.00023154864034717891,1.6561030910227207e-10,234159095489.1332,8482067.65,0.2613432561610123,9.888517884112025e-16,7.589255907982314e-05,5.885964388450703e-11,76748163849.4687
168,194441,0.59651035,969868155331989.6,0.00017722542226999825,1.1181604452294831e-10,288151401522.0962,11537837.200000001,0.2613432561610123,6.150427217561465e-16,3.353215718930555e-05,2.534349313651773e-11,54520045523.92777
169,386239,4.2316656,4431189136220417.0,0.0017172823979995045,1.4381561744130196e-09,1798252467264.4148,49136964.56,0.2613432561610123,9.549729135708705e-16,8.762725978360185e-05,7.065173788079863e-11,91758895502.01242
170,339536,8.132506,5649323133368842.0,0.04039453919362855,2.981455193817306e-08,28060453288118.098,415344319.29,0.2613432561610123,1.4395540506372787e-15,0.00029820322214886655,2.4491598905827994e-10,207149722524.7322
171,208238,0.16468863,714144469940875.8,1.4801171664652214e-06,1.0332701783892045e-12,6418278476.757604,1432459.0,0.2613432561610123,2.3060968323907153e-16,6.954376733452515e-07,4.854852204113706e-13,3015648187.7835803
172,302559,3.582515,1972975852971658.5,0.006718858593276341,5.3973901473498e-09,3700234545861.035,211656592.37,0.2613432561610123,1.8157926234140596e-15,0.0002537247280954306,2.1111248663972505e-10,139732216566.8767
173,19827,3.4270034,3420009526300918.5,0.0009078349968727905,7.175319901102653e-10,905982275247.9056,38847694.63,0.2613432561610123,1.002044986613428e-15,8.83056084663219e-05,7.797390553403343e-11,88125393216.89029
174,109839,1.7070385,3633330183009542.0,0.0016803086750813237,1.4826147975552733e-09,3576437336325.8926,47617691.06,0.2613432561610123,4.698275174611393e-16,0.00014200705941325398,1.2219085898257643e-10,302253601876.3519
175,181519,1.6451392,2590504986243976.0,0.00025967650918103634,2.4259055087485486e-10,408897491375.74756,2076733.6,0.2613432561610123,6.350650582554252e-16,3.108848256065446e-05,2.7320526167331528e-11,48953224801.97071
176,143225,3.3851914,4754679640609408.0,0.0017389605915040269,1.212242531165003e-09,2442461752752.382,64479738.93,0.2613432561610123,7.119704492995283e-16,0.00012305015366596644,9.781035759923546e-11,172830422648.90244
177,157950,16.319857,4137854716992485.5,0.00994191723736523,7.837664812317066e-09,2520745686471.4326,299938388.23,0.2613432561610123,3.9440381831147885e-15,0.0002773077547494732,2.3080821982025607e-10,70310616143.79973
178,293130,2.4358559,1835494936301478.2,0.0006714494013233366,4.924468361519403e-10,505958491268.56946,19460006.3,0.2613432561610123,1.327083966196196e-15,6.39366779411383e-05,4.681892420050269e-11,48178321470.04172
179,392556,0.8722086,1281500246612659.8,0.0008010987367902639,6.292370517616408e-10,1177021447343.9192,13867970.0,0.2613432561610123,6.806152416322005e-16,9.127805070994829e-05,6.348142764341639e-11,134111088213.44067
180,163643,1.4588518,2199699305474353.8,0.00021014125986965922,1.4856449836958794e-10,316857122421.0678,5438157.5,0.2613432561610123,6.632051009742016e-16,4.74952180435215e-05,3.3103524363177706e-11,71614675420.55145
181,246539,2.6315875,5611567304255290.0,0.0015380036329399641,1.0917180601874653e-09,3279621483394.2466,46316996.31,0.2613432561610123,4.689576650010861e-16,0.00010346055739040643,7.708586104721977e-11,220618117821.2895
182,309827,0.7040479,8084443415584045.0,0.000901173827992309,6.863509559370575e-10,10348001634560.791,24762092.8,0.2613432561610123,8.708674967565932e-17,7.7996438952407e-05,6.088111465555387e-11,895617751757.7849
183,404585,1.4412082,2056192022515420.0,7.726913693294153e-06,5.47168605816534e-12,11024096514.866205,1412163.2,0.2613432561610123,7.009112885463458e-16,1.4977986257932859e-05,1.0606413095832591e-11,21369303794.487938
184,336198,13.061076,9159168824824202.0,0.020157413417110345,1.6187803297762934e-08,14135523946043.203,799488261.09,0.2613432561610123,1.4260110551298511e-15,0.00042620716140089775,3.388844898806577e-10,298880685298.8161
185,324355,0.6280883,9678290926856592.0,4.837089005558848e-06,5.686534365391215e-12,74535307591.14279,3720870.4499999997,0.2613432561610123,6.489661291923951e-17,1.623668262688739e-06,1.7225798857631702e-12,25019306704.177467
186,337837,6.308689,2180595218725357.0,0.03960746916211912,3.045080530515772e-08,13690302039097.025,1234107731.66,0.2613432561610123,2.893104114796544e-15,0.0005582624842493352,4.573694636770909e-10,192963150338.81686
187,369516,11.360925,7756167200128211.0,0.05955907034716287,4.9307331373329555e-08,40661311283790.125,692715810.39,0.2613432561610123,1.4647601975125294e-15,0.0004337498608976443,3.665387238481883e-10,296123462143.6619
188,196562,1.8502576,4015010272975619.5,0.0012917794829525311,8.992030225638632e-10,2803127464237.1675,24524631.75,0.2613432561610123,4.608350848947467e-16,7.320145060691051e-05,6.603958237686838e-11,158845220353.89188
189,352355,4.213166,2517884837918004.5,0.00980028780749963,7.766283068890355e-09,5856877245695.043,276687641.05,0.2613432561610123,1.673295750684052e-15,0.0002718824275397797,2.2765402501575363e-10,162483187702.25333
190,101335,13.1475935,2348348769133194.0,0.010374881498483358,8.179036444344774e-09,1853102637898.4214,231644972.5,0.2613432561610123,5.598654540932158e-15,0.0002939485455247938,2.3867914315609154e-10,52503426202.798416
191,67904,2.887946,5620569195473764.0,0.004863553394846848,3.4310705520299223e-09,9465529615726.21,123141617.48,0.2613432561610123,5.138173554247243e-16,0.00018260983673900783,1.414149966081201e-10,355398343031.95447
192,10605,10.179851,4482286928701043.0,0.0022900897130253995,1.7372473020275991e-09,1008348667013.5419,68153718.99,0.2613432561610123,2.2711288148057265e-15,0.0001468533262729918,1.1762561765564792e-10,64660940989.185455
193,412885,9.693381,8364528848740730.0,0.01347120961846302,1.0303821885082407e-08,11624460183816.928,920746101.88,0.2613432561610123,1.1588675435627588e-15,0.000380283230231701,3.081520950474077e-10,328150729860.44556
194,392263,1.2661109,2438382739516411.0,0.0008028168617664316,5.539231899605085e-10,1546132158505.2302,22801003.8,0.2613432561610123,5.192420695411827e-16,8.362795772375207e-05,5.771212725102951e-11,161057746722.3489
195,257229,4.386214,5121592414121168.0,0.001231557382158406,8.642336265355828e-10,1438036298734.4932,44525497.6,0.2613432561610123,8.564160607365797e-16,8.990978725320963e-05,5.970641172712037e-11,104983770593.79376
196,322821,2.4763622,2163971939988342.2,0.006168845530381619,7.191894831168415e-09,5390652720296.056,33781997.27,0.2613432561610123,1.1443596630062314e-15,6.381062742609053e-05,4.809132296400839e-11,55760989738.540855
197,160667,2.5984821,2073841801582316.8,0.0004926654331179312,4.5051989874140017e-10,393195000032.7586,31129581.85,0.2613432561610123,1.2529799032970543e-15,4.593382284935521e-05,3.876966942611846e-11,36659664475.45272
198,173132,12.956427,1.0292972197244848e+16,0.01116421687997863,8.874685386075348e-09,8869187002684.588,233434061.88,0.2613432561610123,1.2587644027123755e-15,0.00029843739798715986,2.302727920187083e-10,237087573611.14545
199,131426,3.6719997,4449775939721791.0,0.0013342651963199163,1.2443926620410363e-09,1616879535091.611,34708262.99,0.2613432561610123,8.252100217498998e-16,0.0001027921056904198,9.519867463193171e-11,124564781063.18184
200,40696,0.71168005,894497677660594.0,0.006359108574032546,4.935778207876517e-09,7992647611048.931,173013856.94,0.2613432561610123,7.956197850186461e-16,0.00023319277882105505,1.9310395289225304e-10,293095751528.58966
201,280299,8.379216,6312202567364679.0,0.016554679899194617,1.2869610783906889e-08,12470915293459.043,520974759.7,0.2613432561610123,1.3274631019166248e-15,0.000391022020890153,3.2069769700386717e-10,294563382082.39874
202,344262,1.965328,5013923507261537.0,0.0008736880578846362,6.540012106266782e-10,2228943510417.3223,12531714.66,0.2613432561610123,3.919740692401202e-16,6.765312993076142e-05,6.029231232432202e-11,172595932332.75247
203,281228,3.275928,1459546119463316.0,0.001715092383658773,1.4434700425693685e-09,764136584531.2385,48347339.1,0.2613432561610123,2.24448406002037e-15,0.00010601124966887628,8.948763699781359e-11,47231901334.115135
204,317530,2.449792,3167764618681071.0,0.0008403464344177573,6.176618927420787e-10,1086630906780.398,25559000.66,0.2613432561610123,7.733503889629256e-16,7.922401345405947e-05,6.63169063554398e-11,102442585643.87619
205,112498,8.713416,5403099185451493.0,0.03767426950749097,3.4472329473896605e-08,23361425058599.805,237940706.63,0.2613432561610123,1.612670006773509e-15,0.0002407526576455787,2.0303478599803778e-10,149288234191.97574
206,303869,0.96311307,4389467865777095.0,0.0,0.0,0.0,1959798.0,0.2613432561610123,2.194145394044237e-16,3.815281742224924e-07,1.9467729542661663e-13,1738846364.7765007
207,360934,6.275317,2526751337248254.5,0.011993325669194794,9.467083562845204e-09,4829102923835.045,395278229.63,0.2613432561610123,2.4835514708123603e-15,0.0003071117807519582,2.525474573446761e-10,123658311237.4567
208,205061,0.9639711,270033984803701.78,0.005196075202792514,4.136256678692084e-09,1455559085069.8381,143333356.5,0.2613432561610123,3.569814002118097e-15,0.00022329395193595764,1.8885729142970916e-10,62550584373.15486
209,216329,7.7595334,4594033426988288.0,0.003992588451625552,3.1119184182426777e-09,2363812855934.765,106247056.87,0.2613432561610123,1.6890459164740817e-15,0.00016737525050957802,1.3535560017860942e-10,99094553248.7224
210,338884,8.254018,6880820552248740.0,0.007790229559323072,6.48991761507962e-09,6494191272484.0,291687450.01,0.2613432561610123,1.199568850448001e-15,0.00024412163891258785,1.8965754691833846e-10,203507817680.84103
211,315422,1.2644149,1587124757406371.2,0.001078624872264937,8.533498364322137e-10,1353916533826.0142,39266493.02,0.2613432561610123,7.9667013831116e-16,0.00010870473221762794,7.30583667340048e-11,136448860061.54095
212,359034,1.177607,2305781623027206.0,0.0001627163004798883,9.779504498766469e-11,318602263245.29266,3420212.9,0.2613432561610123,5.107192234683299e-16,3.999430419793992e-05,2.269046363429161e-11,78309768577.6067
213,264365,2.353003,2015307104858862.2,0.0016060705652178797,1.257934536737931e-09,1375572160761.4956,40516745.3,0.2613432561610123,1.167565476411491e-15,9.505764478666706e-05,7.723309003318376e-11,81415258250.7205
214,151840,8.645517,1943194353476421.5,0.007985522823992695,6.3230562271290826e-09,1794851928593.7087,253547699.41,0.2613432561610123,4.449126246447228e-15,0.0002560209486526252,2.1337281980844093e-10,57544096182.2709
215,253685,1.1981975,1839057311651907.8,7.651458754980472e-06,5.978684454427082e-12,11743866239.205006,2436100.9,0.2613432561610123,6.515280912717917e-16,1.5026065096931238e-05,1.1098321965828981e-11,23062804656.051212
216,323990,0.37116075,4253008185186586.0,6.782687205007206e-07,6.722964156302542e-13,7772056770.673079,1008883.44,0.2613432561610123,8.727017062717376e-17,8.426773495028727e-07,8.352573905890186e-13,9655960833.431484
217,377051,6.4423304,3749343463164579.0,0.003185612236583179,2.3790772677854332e-09,1853980419167.9204,144103255.94,0.2613432561610123,1.7182555994916626e-15,0.00016118220965620554,1.2897382845784148e-10,93805723492.99516
218,253181,2.270955,1873365521958963.2,0.0004246178147228207,2.767523352592434e-10,350277470980.83905,8544074.4,0.2613432561610123,1.2122327294810467e-15,5.160686158144833e-05,3.494730428810965e-11,42571744126.67531
219,407595,5.243224,2915133448777610.5,0.015965861992161986,1.2769128937018159e-08,8876717518061.129,156449515.85,0.2613432561610123,1.798622290241504e-15,0.00016855650842114906,1.3727497240474964e-10,93714233019.16086
220,301351,1.7686125,4527070152391317.0,0.0003304010185199348,1.8948234005968928e-10,845718657569.8677,11236055.2,0.2613432561610123,3.9067486044274627e-16,5.084068108383185e-05,3.0334739891638535e-11,130135532719.4968
221,378141,0.70589393,1267783256757341.8,0.00023844069683623986,1.7109997463877144e-10,428238734364.1532,6006295.5,0.2613432561610123,5.567938574969764e-16,5.211781252535691e-05,3.470451038920667e-11,93603425798.64026
222,399268,1.2437961,1135703336784191.5,0.002483183989120941,1.9178006090777033e-09,2267381560606.061,48328744.1,0.2613432561610123,1.0951769354855284e-15,0.00011389998030438998,8.630798461587388e-11,104001441788.8506
223,254628,7.2040763,4776501908143204.0,0.0031754415802994185,2.3646639497908482e-09,2105405625353.724,64935437.46,0.2613432561610123,1.508232685455051e-15,0.0001569937423467204,1.2848507521628113e-10,104091194853.89856
224,133096,2.286494,5239369615814434.0,0.00016699594278469157,1.033179333981275e-10,382661607067.5885,11884165.700000001,0.2613432561610123,4.364063174887454e-16,2.5267172119994032e-05,2.0674348337450532e-11,57898273025.44871
225,413090,8.413017,6534405711924588.0,0.022030469778896514,1.7858302741439266e-08,17111106224984.854,468924605.2,0.2613432561610123,1.287495354726314e-15,0.00032542822341921233,2.697473006144502e-10,252760697135.4001
226,288257,3.3779836,3778354068746939.5,0.0022743247678673594,1.6357952653570597e-09,2543885719375.1846,114924126.25,0.2613432561610123,8.940357463958588e-16,0.00011064107751235703,9.267184422407024e-11,123754646230.1829
227,355878,2.518705,4986920611256896.0,0.0020268854251719033,1.4978371676112882e-09,4013140365166.211,59521925.72,0.2613432561610123,5.050621809207405e-16,0.00012380230516386199,1.0946873775364404e-10,245122897418.62558
228,245572,2.0735486,1576930885611233.0,0.0004421223648723538,3.485998038509355e-10,336233456204.8334,11483344.16,0.2613432561610123,1.3149267472152234e-15,7.007762363769638e-05,6.395722382507201e-11,53293937313.320366
229,186901,8.545882,3544816542355682.0,0.00482477208826576,3.7930175316507206e-09,2001306817901.351,221611331.24,0.2613432561610123,2.410810798778573e-15,0.00019302213834743648,1.6139903171849577e-10,80065237158.06746
230,329105,2.1248913,3555849480362416.0,0.02085951847464241,1.8666395741274654e-08,34906871673232.15,61322810.42,0.2613432561610123,5.975762786740424e-16,0.00013230541195724784,1.0500967071290942e-10,221403386779.03906
231,284309,1.7380668,1.165685233230411e+16,0.002128266662659803,1.6890372215211407e-09,14273841609764.947,31577514.94,0.2613432561610123,1.4910258365231013e-16,0.00010107901783835663,8.382642343278844e-11,677915937889.186
232,302098,19.51605,7421184694298743.0,0.029799836469809746,2.3050861360427353e-08,11331703408341.215,665035512.52,0.2613432561610123,2.6297755417666705e-15,0.00047935210602344117,3.876910268515494e-10,182278714821.95578
233,301820,1.4279137,6352524550318841.0,1.4583181163573112e-05,1.3442779960437882e-11,64877881879.93818,5818459.2,0.2613432561610123,2.247789345305767e-16,3.7800926743933436e-05,3.251920678819432e-11,168169347465.2153
234,213143,11.967359,1.2435539986545528e+16,0.030710042936325885,2.4230573776822998e-08,31911465756413.81,1754184035.23,0.2613432561610123,9.623513746043942e-16,0.0005988201960434728,4.973464751345621e-10,622246937912.5034
235,381194,0.9194372,766918314311361.6,0.0009371685605774321,7.601314977457603e-10,781708345826.8269,29485931.71,0.2613432561610123,1.1988723998925355e-15,7.208780403753054e-05,5.448355224396715e-11,60129671885.00823
236,238915,4.444237,3787773896686718.5,0.0033722744784154797,2.63379445513192e-09,2874152130456.808,124844466.22,0.2613432561610123,1.1733110584788363e-15,0.00014415840522521463,1.1858091018627742e-10,122864609673.16869
237,129161,1.4540935,4285999360416500.5,0.0001397578885338646,1.2818213186186366e-10,411942024958.71436,8128584.7,0.2613432561610123,3.3926591623632336e-16,4.095159498089118e-05,2.872279696516438e-11,120706481320.58577
238,241168,0.6691732,1227672191678904.5,0.00018041576833402839,1.2145670868830138e-10,330992666359.1281,26784728.9,0.2613432561610123,5.450748208973207e-16,5.515789109845675e-05,3.8560857344337896e-11,101193247208.98674
239,295330,0.6515418,1826084919257551.5,0.00016671345004811144,1.6140814197049735e-10,467250016760.63367,1032868.9,0.2613432561610123,3.567970980587822e-16,1.3734644306435188e-05,1.3297567877622404e-11,38494271341.22153
240,354036,5.276623,1.0462065399176322e+16,0.00912356624417251,8.069292757439536e-09,18089476303357.336,436405594.09,0.2613432561610123,5.043576768709005e-16,0.00024851980930371204,2.163417906335798e-10,492745170145.0461
241,291281,44.661064,3.599757815185855e+16,0.09481085249790105,7.558992563663318e-08,76419161720767.03,3921948214.72,0.2613432561610123,1.2406685753023126e-15,0.0009166513015529183,7.608083032287956e-10,738836559416.8118
242,293676,1.9169946,1920098096231175.2,0.0027382145823824865,2.2444764372561207e-09,2742647583203.967,69530073.6,0.2613432561610123,9.98383678293694e-16,0.0001405992053105021,1.2634723384444633e-10,140826826767.4365
243,28547,18.838795,4670519548465490.0,0.010401683414718364,8.127561624194491e-09,2578788384575.0957,277218879.25,0.2613432561610123,4.033554469585623e-15,0.00031087284322875295,2.605838901045035e-10,77071685921.89352
244,376143,6.6313267,4284931879750290.0,0.011685358263848596,9.526877891660672e-09,7550670690235.839,363694662.28,0.2613432561610123,1.5475920938996232e-15,0.00033539031854624366,2.792595651270288e-10,216717518697.79007
245,162050,3.4450634,5595134746956787.0,0.0029490437284475394,2.4655684294783733e-09,4789548150356.775,100523806.16,0.2613432561610123,6.157248316269383e-16,0.00016091469715565505,1.2306008049524304e-10,261341899644.46924
246,309162,0.26236284,959867589662876.5,7.078119891448852e-05,5.856824894616463e-11,258956561056.8124,1208525.1,0.2613432561610123,2.733323250263578e-16,8.460769452618673e-06,7.0009050309494374e-12,30954148770.3761
247,171763,1.0016104,2286643994924326.0,0.00032825005724454806,2.6323146257221187e-10,749384213893.7577,6463908.4,0.2613432561610123,4.3802638374109785e-16,2.465134861991289e-05,2.1109018670606606e-11,56278227830.4118
248,6,4.439132,3916763745986492.5,0.004091966979451373,3.6005018763040365e-09,3610450852754.321,150050379.01,0.2613432561610123,1.1333673123758812e-15,0.00017167320325382903,1.5182278220275183e-10,151471814458.76535
249,190864,0.9567954,5358977202967194.0,0.0006172199743112216,4.470443413624838e-10,3457027251123.7344,6909131.2,0.2613432561610123,1.7854067367001208e-16,7.036570420365398e-05,4.988444617062449e-11,394115821102.5205
250,279788,9.5057955,3337182231863219.0,0.0031347057865135745,2.4270391886748404e-09,1100495424383.148,56766367.6,0.2613432561610123,2.848449631919775e-15,0.0001576673337223906,1.3668071451183837e-10,55351982339.99569
251,367257,4.1509314,3411170689490782.5,0.2598581589482887,2.641661118363586e-07,213547382457209.28,495143415.34,0.2613432561610123,1.2168641729914866e-15,0.0003262585842308364,3.025855420047794e-10,268114216419.71454
252,153295,2.5337102,4182459038988109.5,0.0007865977727621266,6.140666005435362e-10,1298456691983.5076,22894465.0,0.2613432561610123,6.057943846864302e-16,0.00010863098895466693,9.577041977892662e-11,179319900779.3647
253,77562,6.7201476,2651467059748346.0,0.0029381230401682476,2.349895992721961e-09,1159250796588.72,103042530.39,0.2613432561610123,2.534501635723816e-15,0.00014021375360333044,1.0988766401309355e-10,55322021350.081894
254,360117,3.0070152,2407189266174577.0,1.7909122279086807e-05,1.7203544481373547e-11,14336690721.359085,8972018.95,0.2613432561610123,1.2491810437401319e-15,2.5339659876698144e-05,2.380531205336196e-11,20285017935.29423
255,207486,3.5739439,5769793571939964.0,0.001001348460935321,9.031544586764898e-10,1616582149813.9885,30057643.95,0.2613432561610123,6.194231830721011e-16,0.00010825245432122954,8.71956237629985e-11,174763323814.1636
256,331705,5.3174515,7004697511766247.0,0.004165690711055401,3.1470639084196064e-09,5487478984719.942,201296374.74,0.2613432561610123,7.591264991911399e-16,0.00021192333244014373,1.6432882510801653e-10,279167349138.71545
257,240672,3.5898068,2539377493981661.5,0.0010159670533422083,7.960798625584247e-10,718680423103.5692,36014646.93,0.2613432561610123,1.4136562242155258e-15,0.00010592808605998857,9.733537765489095e-11,74931998491.19667
258,290766,4.4374924,7115886461270872.0,0.0051259320435412085,4.109662360793977e-09,8219856428380.456,218080410.09,0.2613432561610123,6.236035979707692e-16,0.0002232110690161417,1.7614845316973184e-10,357937429710.9243
259,226986,2.781465,3073772229815637.0,0.0,0.0,0.0,832955.25,0.2613432561610123,9.049027683377926e-16,6.954376733452515e-07,8.349040039608988e-13,768521986.7574219
260,10609,0.82736945,1344135829974165.8,0.0002439390489358387,1.9191605597802144e-10,396300849643.9918,8495989.64,0.2613432561610123,6.155400604237311e-16,4.268674006250646e-05,3.183179657649613e-11,69348435312.4334
261,314999,1.0313097,1046813905889048.4,6.447556545859574e-05,4.749893360108505e-11,65444859591.75757,1357410.8,0.2613432561610123,9.851891479451825e-16,2.0331718330224017e-05,1.497830894687446e-11,20637375444.73572
262,295329,2.5857627,3562741273316912.0,0.0014111981064116519,1.112901624571455e-09,1944391006390.2861,37343647.29,0.2613432561610123,7.257789723228078e-16,0.00010543010781971148,9.665381848063009e-11,145264759438.11017
263,242660,2.4889104,4757685484643887.0,0.00030798248231699493,1.816281239378075e-10,588725004180.2064,7419422.3,0.2613432561610123,5.231347065780863e-16,4.7721373311061e-05,3.1875049096958656e-11,91221960063.0489
264,237271,2.364583,3655789870691414.5,8.420018736062714e-05,8.77509164411299e-11,130178637021.11533,9588854.58,0.2613432561610123,6.468049542335402e-16,4.2385584937221376e-05,4.258158559546818e-11,65530705446.5098
265,208933,3.5090256,4600546593740685.0,0.0024842589158228035,1.8990373036899597e-09,3257014965396.241,46623795.18,0.2613432561610123,7.627410196810606e-16,0.00011015740103687304,8.456854546837275e-11,144423071782.52356
266,81234,11.096214,3279494399830583.5,0.008068092934742224,6.340232504459918e-09,2384530939724.1094,181740875.82,0.2613432561610123,3.383513629592788e-15,0.0002507165195254178,1.953440327885815e-10,74099456060.29433
267,404846,5.532737,3964836771809803.5,0.03012975408192059,2.3468131217578046e-08,21591403478890.336,118304753.97,0.2613432561610123,1.3954513939484342e-15,0.0001854531567196192,1.6323880561637795e-10,132898327755.35011
268,118090,1.5216485,570141246524421.8,0.002321926598276608,2.3813475148162146e-09,869994696593.6191,69644049.01,0.2613432561610123,2.66889741669448e-15,0.0001386453529240257,1.3288620864567816e-10,51948550759.864975
269,409782,1.545261,2990052752164484.0,0.0008446132468563797,6.808600475273337e-10,1634311720335.593,21720918.41,0.2613432561610123,5.168005811540928e-16,6.79958751778957e-05,6.295352776303176e-11,131570817946.93568
270,98103,14.709129,3534257402926179.0,0.008382037845020701,6.929544350311321e-09,2014006356553.9338,245377736.44,0.2613432561610123,4.1618725868188366e-15,0.00023967944618976403,2.009565304305596e-10,57589328166.57059
271,286280,6.10369,2726645122189954.5,0.01140310627715202,8.717540935805145e-09,5094004464251.986,427159428.99,0.2613432561610123,2.2385348024673305e-15,0.00031797862223615443,2.574357614778829e-10,142047656299.86002
272,389463,0.62441957,1108780049394428.8,0.0014300415891495355,1.0205757501342714e-09,2539320770893.374,34785575.45,0.2613432561610123,5.63159095747649e-16,0.00010095627259313533,7.775584170784703e-11,179267765282.395
273,358775,1.6554177,1450724633044853.0,0.001409996227450141,1.1095524385900232e-09,1235649624661.0342,29281760.89,0.2613432561610123,1.1410971195308976e-15,0.00010970918625754375,1.0202460764418258e-10,96143601083.3547
274,212358,6.4378448,5655928448505371.0,0.0023600979263508712,1.7226596935755403e-09,2073449332439.084,52181871.2,0.2613432561610123,1.138247214160083e-15,0.0001321298277096101,1.0378075154798013e-10,116081837114.01323
275,124693,5.672699,7371458763462740.0,0.0059265819408923425,4.671394652515783e-09,7701370086015.647,170799161.96,0.2613432561610123,7.695490379892258e-16,0.00024743796043149083,1.9890233374997323e-10,321536313108.8147
276,168036,23.241203,5913605030547188.0,0.023037148469737524,1.734262877177719e-08,5861684400764.551,501346036.37,0.2613432561610123,3.930124328551831e-15,0.00039048300451313,2.9277860264604233e-10,99356399917.50969
277,424921,0.7838203,3703167880148505.0,5.16558222077356e-07,4.3147685446255993e-13,2440485167.6123767,1197186.4,0.2613432561610123,2.116621026558934e-16,1.2010661740260712e-06,1.0032407434849505e-12,5674450735.182798
278,197441,1.4813796,4826376306484809.0,0.0007753290125936154,6.494386798750092e-10,2526043679899.526,9891891.4,0.2613432561610123,3.069341273720391e-16,5.848709324573211e-05,4.2121857955706287e-11,190552591028.2342
279,406884,4.7308846,5482009418764434.0,0.010773274711031365,8.156724731184398e-09,12483752708068.725,212225409.4,0.2613432561610123,8.629836686902799e-16,0.00017581994379979926,1.5107568744955628e-10,203734960670.38562
280,355583,2.0188758,5213548255289448.0,3.658557563805715e-05,2.975769592020186e-11,94478651949.04659,6693280.7,0.2613432561610123,3.8723642731257603e-16,3.717127481288736e-05,3.0285864767268686e-11,95991162481.42332
281,270651,3.2593658,2143558831114004.0,0.0012069477122918734,8.110874251269716e-10,793762831829.4587,68574068.39,0.2613432561610123,1.5205394658126144e-15,0.00010022291817938101,7.533649709714097e-11,65912737178.32728
282,394252,1.1229771,2209982222321157.0,0.0017548584591894868,1.5153426016523593e-09,3453504080803.307,27144141.25,0.2613432561610123,5.081385219563127e-16,7.31501694003541e-05,6.583243865131125e-11,143957142077.57544
283,182652,1.6743596,990903373651371.1,0.0011461788791174024,8.585183586305467e-10,678320546031.6775,46124204.38,0.2613432561610123,1.6897304465017281e-15,8.55286980859857e-05,6.925170413648406e-11,50616770422.20369
284,384645,7.4012413,4946355509352714.0,0.03148096555750214,2.483104245714041e-08,21039179931222.316,200228202.4,0.2613432561610123,1.4963019309884854e-15,0.00021946033882234365,1.673716487639067e-10,146668486003.59955
285,53360,0.51754075,1712229236277214.0,9.708869630694444e-05,8.10064257897623e-11,321207758671.7371,1198530.8,0.2613432561610123,3.022613672484967e-16,1.4813411540978989e-05,1.2359641939096591e-11,49008616866.34438
286,317310,0.38038886,364474850375712.56,0.0019838166500608188,1.4951909001961332e-09,1900821377113.316,77439101.98,0.2613432561610123,1.0436628469917272e-15,0.00014108126699137168,1.0830198950039802e-10,135178968378.55911
287,291049,1.7276226,1646088906729207.5,0.000495810939580999,3.4562548773145504e-10,472411559954.85815,12447814.56,0.2613432561610123,1.049531767656949e-15,7.13498926808895e-05,6.228023505531795e-11,67982594600.42471
288,63577,7.817439,6004397863942558.0,0.006342885236107186,4.7797108333705315e-09,4871826510307.887,126114985.53999999,0.2613432561610123,1.3019521985618352e-15,0.00022811457969475055,1.732942737855573e-10,175209642832.30283
289,285690,0.10531749,150849538347262.62,0.00016224386007574336,1.2717097143183937e-10,232386960533.3716,4926717.4,0.2613432561610123,6.981624945881787e-16,4.088122492973327e-05,3.0861893832569233e-11,58555458430.70194
290,186900,0.15997753,1022543381346576.5,0.00034972302407343267,3.2632277843384207e-10,2235357450329.418,5364114.66,0.2613432561610123,1.5645060436392175e-16,3.728344940178408e-05,3.394111211619729e-11,238308120018.88193
291,144713,0.5695682,4098549997883359.0,1.4040287499973433e-05,1.1805555022758652e-11,101032361538.61446,4295029.7,0.2613432561610123,1.3896822053998263e-16,1.5078818123425004e-05,1.1533486292462615e-11,108505513453.60768
292,369360,1.7694558,3538966163644797.5,0.0013811893306796504,1.028761968033465e-09,2762421252264.39,61620811.56,0.2613432561610123,4.999922910191459e-16,0.0001265176419460246,1.0270525212584797e-10,253039185240.5179
293,371249,1.7669857,8269698855686142.0,0.002458182921388112,1.9403707359742215e-09,11504582347254.133,48432413.48,0.2613432561610123,2.1366989667163545e-16,0.0001023604200854778,7.729333486168041e-11,479058686693.6323
294,258147,2.3063905,1186950105223788.0,0.002017626695236695,1.3937462294668385e-09,1038342040610.0001,53591395.18,0.2613432561610123,1.943123379701923e-15,0.00012823213826349857,9.582942089572397e-11,65992792636.34278
295,200069,11.386889,4775923798204854.0,0.010292873308311622,7.838948554313376e-09,4317068391996.5327,374152266.5,0.2613432561610123,2.384227529819474e-15,0.00029925304368735265,2.3458479785169884e-10,125513626507.79018
296,377444,0.7892971,389702682615638.56,0.002260277536320971,1.7697783982244539e-09,1115975491814.361,51567017.14,0.2613432561610123,2.025382773098534e-15,0.0001251937299763507,1.0122134148780516e-10,61812380177.808525
297,241169,3.7553911,5345902333895931.0,0.0015674174832067346,1.2644048521952172e-09,2231261820283.956,65460934.71,0.2613432561610123,7.024803046229962e-16,0.00012037620289498056,9.915845961478558e-11,171358829710.6543
298,305276,1.8029405,2680514900801694.5,0.00017297701635718402,1.363098135574886e-10,257172918264.16357,4104361.2,0.2613432561610123,6.726097659299608e-16,3.242063560237461e-05,2.708941152318619e-11,48201256128.87783
299,342985,4.3712497,3200382666060899.0,0.002074347594693466,1.5521294902593942e-09,1518720398297.5598,83543818.08,0.2613432561610123,1.3658521983498398e-15,0.00015598085878186892,1.1572316804576677e-10,114200393695.83171
300,129160,8.947353,5038148626770208.0,0.0028540196859591074,2.4140870615349507e-09,1607064722001.0227,99104142.09,0.2613432561610123,1.7759208119542624e-15,0.00018423190416772466,1.6792179277910733e-10,103738805766.34035
301,381613,5.559963,4105814674532187.5,0.008556744099645639,6.514163147031314e-09,6318820015626.322,201961100.38,0.2613432561610123,1.3541680374634777e-15,0.0002300763732557063,1.945365398602781e-10,169902380569.15555
302,398576,1.0812265,1437006778965246.8,3.836698812922323e-06,4.201555874854202e-12,5099174135.130144,913161.44,0.2613432561610123,7.524157267918838e-16,1.2010661740260712e-06,1.315283499077744e-12,1596279996.893636
303,162051,4.531995,5950475476903193.0,0.002397120508776041,2.038347230628415e-09,3147401266473.9336,81036902.25,0.2613432561610123,7.616189693732823e-16,0.00017953534971558484,1.4629037230612411e-10,235728568923.80203
304,368353,0.5846422,660420550018967.4,9.924046015336736e-05,4.9054426252043416e-11,112103504123.75687,5207363.5,0.2613432561610123,8.852574317731467e-16,4.235008236754165e-05,2.6441201017913158e-11,47839284763.433815
305,359239,0.9602016,2329431169251564.5,0.00016977503378991465,1.0932215735788486e-10,411871064858.6347,6791659.4,0.2613432561610123,4.122043238171782e-16,2.530228682982475e-05,1.7826377628311866e-11,61382875840.591324
306,28546,0.49728918,3733092007039768.5,6.882369597975624e-05,5.707296586665664e-11,516651477027.8393,1205889.6,0.2613432561610123,1.33211069821538e-16,8.460769452618673e-06,7.016205673072122e-12,63514011740.56714
307,98107,0.7975384,884001592417870.2,0.00019989257131163086,1.6220072004149996e-10,221563439894.53595,7545298.3,0.2613432561610123,9.021911349940206e-16,4.274072484795923e-05,4.104345183517011e-11,47374356929.63498
308,220174,5.9825354,3055515826219633.0,0.0011094321480733785,9.194894886681006e-10,566630577155.4734,24959119.33,0.2613432561610123,1.957946134221715e-15,0.00010527131975865842,9.549202786455665e-11,53766198118.87923
309,289060,3.155031,2933239865111533.0,0.0019503415226632354,1.6290693106060327e-09,1813237177339.3445,123333360.93,0.2613432561610123,1.0756130235124955e-15,0.00018948821148715258,1.5197152872418215e-10,176167643329.90738
310,289678,0.34312138,409272383600700.5,0.0005171506599373763,3.8833513889290807e-10,616853089344.7832,8314655.640000001,0.2613432561610123,8.383692468602044e-16,6.257697508706131e-05,4.516675251640709e-11,74641305512.36195
311,348629,0.38685018,1163141188567218.2,0.0001458270981360724,1.0519344835908875e-10,438457865655.6386,13797281.2,0.2613432561610123,3.325909045285639e-16,6.0203256429871226e-05,4.318597851178093e-11,181012936944.88507
312,276227,0.26743996,812865444289361.1,7.857239678366244e-05,5.800144270859319e-11,238815419432.57745,1354662.8,0.2613432561610123,3.290088930201806e-16,9.583501534792644e-06,7.074455380920361e-12,29128396642.472565
313,273369,2.4970422,3117668682510090.0,0.0025683268431698574,1.967622686114412e-09,3206670742449.073,83728516.89,0.2613432561610123,8.009325089635848e-16,0.0001223023028985285,1.0319361164358505e-10,152699886107.4936
314,7,19.573936,1.62142630789968e+17,2.872376957778783,2.0750893470589474e-06,2.3793618031382996e+16,4431034637.74,0.2613432561610123,1.2072047865903424e-16,0.000894932361414218,6.993694593275866e-10,7413260544980.823
315,330931,1.0478779,552766290740837.06,0.001340984707710941,1.0019776647262743e-09,707383124333.0568,48677662.83,0.2613432561610123,1.8956979062446024e-15,0.00011425707440459037,8.446033097823546e-11,60271773275.80366
316,399391,4.62431,3718967249305375.0,0.015045338042090559,1.3635511838269372e-08,12099776925263.021,132908389.11,0.2613432561610123,1.2434392910730053e-15,0.0001840926394288032,1.6871891668337827e-10,148051168038.88635
317,362001,4.310489,3542218776921534.5,0.0015816957325689802,1.0784658457435774e-09,1299785783766.6455,45848788.94,0.2613432561610123,1.2168895462030587e-15,0.00012400706129195394,9.399471460657873e-11,101904944190.6055
318,272621,6.750143,3139722954476949.5,0.01925879033703324,1.4837661746805562e-08,8957923720525.94,580514025.56,0.2613432561610123,2.1499167594946334e-15,0.0003834010698547239,2.9806071278226894e-10,178332983433.66904
319,153294,0.9175291,2649436240025208.0,0.00010812139217539301,5.92666196548937e-11,312208882259.39014,1824321.9,0.2613432561610123,3.46311070309535e-16,2.6607378908287333e-05,1.458480485723892e-11,76830864472.52608
320,395450,1.5896877,1240368841450088.5,0.0010988082491679184,9.295262764501649e-10,857355513913.9663,38387012.84,0.2613432561610123,1.281624986759205e-15,9.960835852033384e-05,8.615333076875483e-11,77720362469.06328
321,289986,0.30302843,232877946813260.47,0.0028302121551886626,1.9916803985900516e-09,2175023629783.7422,113587170.3,0.2613432561610123,1.3012328309601235e-15,0.00016463856754594177,1.4111527998145e-10,126525064253.46037
322,170579,16.126144,7579229710977814.0,0.01898471204464702,1.4497466493070601e-08,8922746416201.36,615993097.88,0.2613432561610123,2.1276758476712706e-15,0.00037193912446330273,2.972562488026183e-10,174810051479.5936
323,380643,9.263916,5321742819467520.0,0.0166161433229986,1.2303159699868939e-08,9545298275201.436,430348682.98,0.2613432561610123,1.740767322710819e-15,0.00034084550658867145,2.6723586259918363e-10,195801875495.85205
324,122619,4.1374164,5062763766188515.0,0.0016642497327524022,1.321376906421516e-09,2036464892648.4124,84816063.25,0.2613432561610123,8.172248580175884e-16,0.00012785023595422541,1.0364283541699067e-10,156444379658.6934
325,20,10.55841,3734823323278864.5,0.020226851443461143,1.6202652808137606e-08,7154838325802.411,488447566.35,0.2613432561610123,2.827017260546235e-15,0.0003304443080605065,2.713190703119865e-10,116887969759.56851
326,73536,2.8352933,1767268789744962.5,0.0012496944284118312,9.383712672357766e-10,778947969880.3646,24993128.74,0.2613432561610123,1.6043362031019435e-15,7.607407856328692e-05,5.576081853982764e-11,47417790869.64416
327,87621,2.7650075,2741053041320166.0,0.00028585292962098426,1.8269038533668084e-10,283376461766.5154,10986182.7,0.2613432561610123,1.0087391445253817e-15,4.171236347506843e-05,3.279441197720695e-11,41350991186.81904
328,180488,12.518453,4777543867132634.0,0.004977187158274189,4.268427116375322e-09,1899494289237.1892,186137295.41,0.2613432561610123,2.6202696088509743e-15,0.0002181927825532205,1.9129451521003852e-10,83271119054.3866
329,242661,4.022702,5161480677544741.0,0.16351987105775403,1.7763379354551863e-07,209810384875440.7,140600050.37,0.2613432561610123,7.793697683497974e-16,0.00018300707018599163,1.6962751567289802e-10,234814176297.19278
330,424127,1.8822722,4164446920014142.0,0.006430726249789538,5.18516390226416e-09,14227707408306.904,74373664.97,0.2613432561610123,4.519861187217649e-16,0.00016875691554331978,1.4927264705414665e-10,373367474250.2518
331,251704,7.9908705,5890592154766719.0,0.004628820459238743,3.5679459354712548e-09,3412205651814.2075,143644143.36,0.2613432561610123,1.3565479140384412e-15,0.00021605700618596113,1.7005489975254533e-10,159269719816.0585
332,10620,0.18432032,8936197776127841.0,0.000678504200728444,6.108822438756182e-10,32895167117998.27,2886649.7,0.2613432561610123,2.0626257902705928e-17,3.7786678736130166e-05,3.185382741592986e-11,1831969662862.258
333,239542,4.5767856,4100868412473788.0,0.005107372826811274,4.003313008986246e-09,4576282510633.076,195202520.43,0.2613432561610123,1.1160527819128735e-15,0.00023843501775282355,1.96537959928997e-10,213641345299.23816
334,313370,1.3415123,5047432274399594.0,6.323969472699445e-05,4.5058207967655426e-11,237938985865.58588,3286145.0,0.2613432561610123,2.6578113921490437e-16,2.0361053728440486e-05,1.4356280079508223e-11,76608346960.15437
335,244595,4.910385,3413146328944015.5,0.001554452189681162,1.1371682998325178e-09,1080479999985.5908,40871855.12,0.2613432561610123,1.4386681749795388e-15,0.0001235060349669759,1.0800571485265092e-10,85847478323.99396
336,295767,1.3955994,5092923279624724.0,0.000135862993834853,1.0861877530950687e-10,495801161953.08856,3274737.4,0.2613432561610123,2.740271791612058e-16,5.1580523315716564e-05,4.129938175460351e-11,188231413663.4329
337,14,0.7706579,4723210578298798.0,0.0003797700758990584,3.3537777919913704e-10,2327536043953.8345,5415830.3,0.2613432561610123,1.6316399347953166e-16,3.4458285931846865e-05,3.871782305229832e-11,211188051953.19968
338,249386,2.4752712,4845323965443145.0,0.0016618579204499967,1.3585178556634301e-09,3253073848682.8745,66618171.49,0.2613432561610123,5.108577295664101e-16,0.00012450387311159256,1.1171442283358444e-10,243715355383.31793
339,124692,1.496149,2145452753720858.2,0.00041186610508292824,3.0028536654048687e-10,590609136733.3419,7337756.64,0.2613432561610123,6.973581671305644e-16,2.2816566605364647e-05,1.6835330096430857e-11,32718576594.934704
340,329657,0.5253592,637318516648249.6,0.0007298710501227588,4.848174415357867e-10,885413893977.1815,15479351.05,0.2613432561610123,8.243275321152445e-16,6.332604104014688e-05,3.697925936356099e-11,76821455760.00685
341,178840,8.478277,2989830265024008.5,0.0017582821594148137,1.2903346906695283e-09,620051127684.337,37484292.49,0.2613432561610123,2.8357051231909713e-15,9.744428574759702e-05,7.123571939601862e-11,34363335225.047874
342,104414,33.24194,7499991086659490.0,0.0476918353796528,3.782551249567295e-08,10760152393447.186,1579154770.38,0.2613432561610123,4.432263934170357e-15,0.0006405495882818269,5.399647224913015e-10,144519730276.78613
343,94716,17.59467,4362726286472791.0,0.011520429874621721,8.705539357280448e-09,2856574306052.834,322264158.93,0.2613432561610123,4.0329529850530845e-15,0.00030901458986923856,2.503946926201422e-10,76622413158.42444
344,324188,3.9573505,2858889119882838.5,0.0011262594157069564,8.231267554408674e-10,813638011020.3079,33263001.47,0.2613432561610123,1.3842266468040488e-15,8.084564006433128e-05,5.854942481047014e-11,58404915301.255424
345,341593,1.200975,600376587364952.6,0.0022047416606106453,1.6372594256928606e-09,1102167217651.2898,63066611.910000004,0.2613432561610123,2.000369476882948e-15,0.00011817677512550315,9.529930782208293e-11,59077473682.33727
346,10614,8.129009,6960828608084087.0,0.025535282950882497,1.9842101799873808e-08,21865731490766.555,375012224.98,0.2613432561610123,1.1678220306357242e-15,0.00029051613125394727,2.51861185674796e-10,248767469385.55334
347,242151,4.6010656,5781098983614771.0,0.0033480956329181477,2.525478297373785e-09,4206780329432.416,66512060.86,0.2613432561610123,7.958807854770675e-16,0.00016750313956022476,1.2824778314919936e-10,210462600199.3752
348,350948,6.0087023,9949568466790046.0,0.008290947461459813,6.358647103708719e-09,13728646437077.36,431957771.87,0.2613432561610123,6.039158703270416e-16,0.00029655596871545816,2.560516596932013e-10,491055101027.33795
349,308302,0.8669572,929246134672349.9,1.7503923684644092e-06,2.46009979225869e-12,1876154142.9675326,711512.75,0.2613432561610123,9.329683144775062e-16,9.973888243371143e-07,1.4017862987516588e-12,1069048979.327541
350,2,19.91241,5835710495496477.0,0.018072879261355035,1.3946894382252706e-08,5296601023649.582,442970505.16,0.2613432561610123,3.4121654964492787e-15,0.00038691925838274364,2.9846420016831483e-10,113394048086.2884
351,53361,0.66155624,2065747122811932.5,1.2947557708496915e-06,8.215241156145556e-13,4042948802.6246963,1576041.1,0.2613432561610123,3.2025035043954345e-16,8.426773495028727e-07,5.346798059408936e-13,2631308126.1153917
352,313940,2.9324274,4904690683675967.0,0.0016800315692712731,1.2434221454144578e-09,2809970738264.9365,62538256.22,0.2613432561610123,5.978822293034399e-16,0.00015903441613108598,1.2456643083459948e-10,265996225237.148
353,92001,4.44526,4846990938693873.0,0.0022083698846500454,1.6840486294577877e-09,2407946626335.2886,56719356.66,0.2613432561610123,9.17117456216634e-16,0.00014149388298521516,1.1383729316831072e-10,154281092379.28696
354,179521,8.799946,4279879625892900.0,0.0024773570148050087,1.9205358459829777e-09,1204869872352.2634,72276737.57,0.2613432561610123,2.056119977478126e-15,0.00015251503512692433,1.3322703009112575e-10,74176136021.97826
355,398794,2.6180346,4090656123801057.5,0.0011831975279292931,7.490386269110041e-10,1848735770447.8909,33587962.25,0.2613432561610123,6.400035888539342e-16,0.00011292757599257907,8.218411191626138e-11,176448348039.4235
356,203767,2.3388178,2979083774921170.0,0.0015097624402480244,1.1004174030987129e-09,1923069334314.2341,53532561.03,0.2613432561610123,7.85079566975886e-16,0.00012725182465442823,1.0204929336829223e-10,162087806137.40875
357,225214,5.872887,4771277910109102.0,0.0010421691782621712,8.49148113555734e-10,846683884576.5042,53990820.79,0.2613432561610123,1.2308834468763336e-15,0.0001047596899212025,8.437094397863292e-11,85109349863.34872
358,320824,2.8174255,4301885640177525.0,0.0018687477416962977,1.3415079310258228e-09,2853363496254.819,53510055.12,0.2613432561610123,6.549280328808866e-16,0.00011431877632225188,9.542179329029642e-11,174551661530.48654
359,348778,4.401658,4677850459775370.0,0.001496861949737951,1.2072955061995658e-09,1590786099193.061,46957722.98,0.2613432561610123,9.409573986705354e-16,0.00012339921219218432,1.0124138707090121e-10,131142188123.00453
360,98104,18.024258,6425781026059772.0,0.020072819790669758,1.5770166851173137e-08,7156108426233.292,804140508.79,0.2613432561610123,2.804991008392999e-15,0.00041006884356193567,3.406640645036182e-10,146192569721.23676
361,387135,0.41013885,486774756795291.8,0.0002986468654344238,2.9182899869558933e-10,354450097301.2381,2789869.5,0.2613432561610123,8.425639256648629e-16,3.108848256065446e-05,3.4640333962957865e-11,36897476397.55962
362,199416,12.189012,4419826282797331.5,0.005501341658768094,3.993595305630131e-09,1994827345651.2383,249638888.62,0.2613432561610123,2.757803411288262e-15,0.00022918708548013163,1.6598116284169168e-10,83104939439.128
363,315786,6.604283,4317353629581322.5,0.001863243734912528,1.3869249909550781e-09,1218040187211.7324,63981198.02,0.2613432561610123,1.5297062892298803e-15,0.00012457288787793013,1.0376018926199943e-10,81435821212.87183
364,296058,0.409008,1253985295525170.5,0.00025294684057170706,1.6487889093867623e-10,775514460906.5599,4197713.5,0.2613432561610123,3.261665040726869e-16,1.6748953859113575e-05,1.084641817069169e-11,51350931656.00179
365,327282,1.6789024,2877968886504852.5,0.001061056191147198,7.389555737352453e-10,1818858978910.8538,26122484.5,0.2613432561610123,5.833636381103973e-16,8.333376355022988e-05,6.693644719664807e-11,142850459140.99222
366,4,2.9936194,3408070582139683.0,7.558012533571435e-05,4.831335241628125e-11,86043804282.89522,2775480.2,0.2613432561610123,8.783912562399224e-16,3.7151753263374667e-05,2.3724900768949464e-11,42295222088.62595
367,195548,5.521429,5848199759599784.0,0.002301666185937856,1.919531246842651e-09,2437884039671.7446,47872097.45,0.2613432561610123,9.44124555755232e-16,0.0001229898400514876,9.472441215206619e-11,130268659258.74
368,399625,5.6764135,7828589292954588.0,0.006616825010104064,5.280362920816337e-09,9125551799116.61,277533077.07,0.2613432561610123,7.250876610819961e-16,0.000257804315073912,2.1418754406895222e-10,355549168619.4317
369,388979,5.6935287,5208637560658385.0,0.02333947095167332,1.9463648685005062e-08,21351757662129.81,167727905.47,0.2613432561610123,1.0930936609995808e-15,0.00017015476494917046,1.2930931332986585e-10,155663481566.22943
370,217869,3.0742877,4514935465444850.0,0.0006079455929296916,4.812412332554608e-10,892836125447.5834,13437289.65,0.2613432561610123,6.809150924811934e-16,9.985451062201429e-05,7.484322656891183e-11,146647521437.88358
371,109837,27.202414,1.431612179672322e+16,5.3496799882688055,4.225109434515201e-06,2815436537564242.0,2440092306.9,0.2613432561610123,1.9001245160002963e-15,0.0006713688504915438,5.550694921833025e-10,353328871259.8449
372,312513,0.4398735,1955213960066598.2,0.00017050518906664897,1.1344651668632183e-10,757886360344.2963,4661334.9,0.2613432561610123,2.249746109551187e-16,6.393234855283144e-05,4.02689574689294e-11,284175837804.14056
373,182655,0.7726378,4357812910804510.5,0.0004422918454252547,3.8711301745821267e-10,2494603699608.96,23305933.43,0.2613432561610123,1.7729944259065512e-16,8.456633569800855e-05,7.50406530508053e-11,476968987958.1481
374,160669,1.7815218,7752737759509883.0,0.0012834197396744758,9.385242023206675e-10,5585122044015.77,31745082.54,0.2613432561610123,2.2979260427256154e-16,7.557281477146114e-05,6.098125142858419e-11,328874007980.79095
375,422980,2.368187,1798163974661135.2,0.0007649442401061388,6.401949992558189e-10,580822027645.366,37937341.4,0.2613432561610123,1.3170028058460496e-15,6.417358587584626e-05,4.884365435233108e-11,48726992524.98616
376,393926,1.9842585,3721809294881486.5,0.0007159195742940198,4.848116587192867e-10,1342827119548.728,18202987.95,0.2613432561610123,5.331435177855304e-16,6.329384482853697e-05,4.3632362593823955e-11,118718211357.8626
377,347054,7.4041047,7658073614539838.0,0.015790509740278968,1.2379941657814725e-08,16332141548749.934,492773430.12,0.2613432561610123,9.668364490440984e-16,0.0003214221744458374,2.6573779723163455e-10,332447307674.03766
378,77560,5.843037,3055229503159225.5,0.0004755681461014708,4.4378594339939683e-10,248666888594.39886,9100347.95,0.2613432561610123,1.9124707305811475e-15,8.210136928912596e-05,7.846551052985684e-11,42929477547.704796
379,112496,2.3080409,3346952884748218.5,9.511807435466021e-05,7.910743380806811e-11,137933306707.4442,1202391.1,0.2613432561610123,6.895946789444056e-16,5.1575834961400984e-05,4.289439181760492e-11,74791521071.98753
380,84560,7.9836197,4398046719061064.0,0.0015026068129510286,1.1001885418237157e-09,827761743678.5062,25312019.24,0.2613432561610123,1.815264868697079e-15,0.0001073861027774312,8.942121901116099e-11,59157263840.239716
381,217870,0.2761859,1041854545539265.8,0.00033701826454522407,2.635835600274452e-10,1271332138411.8323,13513086.31,0.2613432561610123,2.650906512646117e-16,7.510505409283589e-05,5.385941348966303e-11,283318380842.7349
382,87622,22.55386,7544796084880061.0,0.0254599412492623,1.912763095418009e-08,8516948542675.648,897839239.59,0.2613432561610123,2.989326649291216e-15,0.0004715890351265227,3.7071587356090846e-10,157757612483.84775
383,283802,4.7701306,2823117414221115.5,0.0014484428068328287,1.2162826011325044e-09,857235252945.2905,43512712.96,0.2613432561610123,1.6896678033903367e-15,0.00012756529273453193,1.0335303199958297e-10,75497261934.31087
384,380589,13.217146,1.281959704905804e+16,0.029824111858621372,2.3113907037752544e-08,28927054023127.188,1483240913.8,0.2613432561610123,1.031011033296961e-15,0.0005989380977340133,5.038249671083901e-10,580923072975.0123
385,19818,6.029459,6384544792190087.0,0.005623123320247598,4.4061605994800316e-09,5954279266204.387,176648650.94,0.2613432561610123,9.44383538098997e-16,0.00023245981028257242,1.8996388316399952e-10,246149790741.27435
386,184846,5.1448846,1831648356203343.8,0.0026807289495365287,1.993249821681693e-09,954375686841.5084,92318071.26,0.2613432561610123,2.808882274032315e-15,0.00016592086416854235,1.2998244550857603e-10,59070067016.49807
387,387666,1.0739294,714382354462550.6,0.0006080377089776128,4.951382368698198e-10,404469241778.3164,22193627.759999998,0.2613432561610123,1.5032977694528112e-15,9.099920192221323e-05,7.387534233044588e-11,60533051915.14802
388,53356,18.906013,6436553709246408.0,0.018846382607105566,1.4152397751904363e-08,6416252536991.3955,557215977.87,0.2613432561610123,2.937288159786601e-15,0.00038216376955424556,3.1989118258566304e-10,130107687351.31879
389,374162,0.56578964,1939160736963621.0,3.974346533283349e-06,2.8246003967136423e-12,13621487930.444523,2756414.2,0.2613432561610123,2.9177036705370045e-16,9.83497389430045e-07,7.623476269640211e-13,3370792583.775418
390,135132,14.259215,6018206174565746.0,0.005244124041987998,3.782187334964393e-09,2213320978025.8486,204123293.53,0.2613432561610123,2.369346377706792e-15,0.0002218915734090135,1.7227759202622478e-10,93650964458.71904
391,404193,0.338263,378866477468752.56,0.0003577167807814559,2.730659155604576e-10,400655397327.32275,2793393.4000000004,0.2613432561610123,8.928290575085218e-16,5.94534860056365e-05,4.059060322372383e-11,66589998954.048416
392,249385,2.685268,2234668819083068.5,0.0005666271037994931,3.559682719999434e-10,471544710214.4264,33567764.62,0.2613432561610123,1.201640250702483e-15,5.5793413483130784e-05,4.3080265990371643e-11,46431045773.0704
393,234404,0.6110799,500193605369146.06,0.0006341984377823978,5.709166066984265e-10,519117063274.14404,30600351.38,0.2613432561610123,1.2216867497716592e-15,7.17960300179629e-05,6.97037282512848e-11,58767953431.09191
394,118092,2.048837,5040294505256669.0,0.0022551935235779995,1.7952164431974592e-09,5547947213556.09,49399559.14,0.2613432561610123,4.0649152502164476e-16,0.00011791229483100876,8.770515517691517e-11,290073193591.7488
395,350064,1.8759696,1543325612899012.8,0.0013546820699299514,1.074009824150026e-09,1114471970045.7542,52516281.29,0.2613432561610123,1.2155371389684529e-15,8.231422896455352e-05,6.270152694730729e-11,67718398990.59624
396,252674,2.1539657,1874332958243867.5,0.0023934358763700756,1.8003607938045266e-09,2082714569931.9756,62739836.28,0.2613432561610123,1.1491905376396577e-15,0.000114121815162065,9.05631077340832e-11,99306260732.41237
397,313142,1.8779739,1703773301621958.2,3.7595746240274683e-06,3.308572516826759e-12,3410837003.5778513,1136313.2,0.2613432561610123,1.1022440005440902e-15,3.714979416894453e-05,3.269326992676361e-11,33703784416.70504
398,303279,4.711692,3329901365816782.5,0.0011122998482319343,9.058248188942672e-10,786097390030.0184,72018507.19,0.2613432561610123,1.4149644335919488e-15,0.0001411804192835938,1.1033781610049196e-10,99776655816.85411
399,358392,5.135885,6903166121689346.0,0.005496180105648335,4.453363923881494e-09,7387440393235.938,186926043.51,0.2613432561610123,7.439897736001671e-16,0.00021176416250984754,1.6686470136594323e-10,284633163013.9492
400,260540,0.33298945,212556706780764.38,0.0009548998264089835,6.46808026255138e-10,609539919078.5686,29113013.3,0.2613432561610123,1.5665911231088682e-15,9.208574791805945e-05,7.356782658652236e-11,58780971345.80793
401,190863,4.666487,3557970462531144.5,0.0003461305868891403,2.4397889568134563e-10,263907818521.75546,10674374.1,0.2613432561610123,1.3115586678255489e-15,4.828077159759377e-05,4.2315846437821886e-11,36811751377.95332
402,1,9.226681,3857495248929971.0,0.003165406929236293,2.7727908779376763e-09,1323394857853.9792,65834327.94,0.2613432561610123,2.391883956969068e-15,0.0001412090530716305,1.2103019166886091e-10,59036749111.59439
403,399989,8.525023,4691995544044079.0,0.012105212157657337,9.52862174121409e-09,6662457274711.922,409183147.45,0.2613432561610123,1.8169290486265453e-15,0.00029854920740826873,2.273114980294332e-10,164315281124.46014
404,380022,2.0220385,2383068163759737.0,0.0004629940346413118,3.387187388915565e-10,545660403580.0421,9359637.26,0.2613432561610123,8.485021665556788e-16,5.1878992796810955e-05,4.092848845537353e-11,61141850712.53634
405,297108,2.728801,1496250809177943.2,0.003038295864571963,2.5152694019375216e-09,1665952425951.104,52672872.339999996,0.2613432561610123,1.823759080537596e-15,0.00017118890518842678,1.5831462513388525e-10,93865964542.84126
406,248005,14.63991,8857592648518926.0,0.025333471731263487,2.1080084654096164e-08,15327524074144.0,735491160.24,0.2613432561610123,1.652809130079823e-15,0.0004431338720472088,3.8146751132405115e-10,268109525765.87445
407,225708,0.14946675,1228740773407721.2,6.762279995348424e-05,6.410551010921967e-11,555915556569.2025,1054867.2,0.2613432561610123,1.2164221553865852e-16,1.4813411540978989e-05,1.4042916057091347e-11,121778541071.3044
408,87626,0.9199644,1013859744900737.4,0.00030576906574340595,1.9594526515312295e-10,336977112367.7681,13414655.8,0.2613432561610123,9.073882305979805e-16,4.645664351871823e-05,3.3641656768086086e-11,51198199350.79244
409,208237,7.5660105,2540112535809917.5,0.004632483610043306,3.7015111243504853e-09,1555248924093.4814,168858285.74,0.2613432561610123,2.9786123226180488e-15,0.0002082206168727409,1.651857295348725e-10,69905242549.2303
410,47975,2.1113985,6844657510491265.0,0.0010597303200303183,9.249042903701463e-10,3435396536509.252,30890706.85,0.2613432561610123,3.0847394435203196e-16,0.00011032753103785472,8.37354690062432e-11,357655915703.3646
411,169298,0.60289025,1394894366636118.8,0.0012719264861081035,1.0707327193164823e-09,2942829296455.6436,38099737.8,0.2613432561610123,4.322121190107823e-16,0.00012022795839927754,1.0920510431464385e-10,278168873826.2294
412,292620,4.2530274,4835800309989207.0,0.0007765589446460076,5.689943117972666e-10,882967268267.3184,27613153.6,0.2613432561610123,8.794878049895099e-16,6.212835321751468e-05,4.4328499795015756e-11,70641517557.2056
413,133095,20.907162,5406675132558607.0,0.011101611545999791,8.420056365222374e-09,2870920839331.6406,371989962.82,0.2613432561610123,3.866916633126074e-15,0.0003063867765391727,2.4089040898989325e-10,79232837324.31671
414,77564,3.2135408,3068136741276944.5,0.0015052378972809477,1.055252883143859e-09,1437129939974.6619,28768367.6,0.2613432561610123,1.0473916487381e-15,0.00010181060735920769,8.114289046972544e-11,97203951818.66245
415,210202,3.631747,1.1846247446494264e+16,0.010478881265073105,8.25489374707585e-09,34180635498146.996,445325363.8,0.2613432561610123,3.065736231159654e-16,0.00032540764548943637,2.732289306979781e-10,1061433929579.6063
416,411862,1.8771505,2046033818101921.0,0.001210763603125054,8.743937806930422e-10,1319693481007.939,38622116.46,0.2613432561610123,9.17458198096358e-16,8.970606463062743e-05,6.507278184453173e-11,97776732298.82225
417,140389,10.523514,6183174470757978.0,0.007922101978928967,5.894806181202811e-09,4654694117464.456,300386029.1,0.2613432561610123,1.7019597376345668e-15,0.0002728192549416469,2.1108399725626695e-10,160297126253.30316
418,364839,0.65287924,1627603123274500.5,0.00025415382375095104,2.592055224315794e-10,633595819847.4879,6914089.55,0.2613432561610123,4.0112926220398375e-16,3.762715894025219e-05,3.532100749220394e-11,93803076677.85625
419,225215,1.7133459,3030082510230651.0,0.0006358586521504857,5.133969845281359e-10,1124527266128.8198,17922487.51,0.2613432561610123,5.654452953723625e-16,6.711767390715205e-05,4.714359164210164e-11,118698792715.13449
420,203766,14.624123,4446715968760392.0,0.010501998179244259,8.164649572379936e-09,3193313062775.662,429316809.95,0.2613432561610123,3.2887468196168055e-15,0.00030964307941953965,2.355255410422288e-10,94152300679.56958
421,338268,2.5874712,2373127227662118.0,0.0006111315748130519,4.3547810246183317e-10,560505941041.1532,16091871.45,0.2613432561610123,1.090321315199372e-15,5.09577123080208e-05,3.905732037494712e-11,46736417602.45957
422,104413,22.18306,4710716061522330.0,0.007962139637614827,6.130475568371482e-09,1690811775967.5962,253853393.19,0.2613432561610123,4.709063274094099e-15,0.00025509916841061147,2.040864054593438e-10,54171955984.10937
423,352497,3.8687754,4233485213285716.5,0.00259670254770419,2.1647577208959264e-09,2841493936041.631,94399399.44,0.2613432561610123,9.138511663767793e-16,0.0001581682847237552,1.2555149479457857e-10,173078823492.51462
424,319576,0.45277113,1455710577112983.0,2.7047484720468424e-06,2.5814193553513817e-12,8696073354.298822,1047775.7,0.2613432561610123,3.110310092669326e-16,1.4977986257932859e-05,1.4295031138756949e-11,48155925974.17987
425,291282,0.8148822,1441938216316628.0,0.00027433797966951547,1.4772469654427945e-10,485442456679.7121,4828703.2,0.2613432561610123,5.651297613025218e-16,2.0236604845207896e-05,1.0616432864317498e-11,35808775666.96574
426,376770,1.0716183,923272323264638.5,0.00031971293671155423,2.9792825645352984e-10,275454521311.77405,14079924.35,0.2613432561610123,1.1606741293953429e-15,5.311750972544717e-05,4.598527195686337e-11,45764360883.20407
427,13,0.37494454,668295857386373.5,0.00025773953052275316,1.9867576280955412e-10,459391302332.5122,5179540.2,0.2613432561610123,5.610457342446562e-16,2.6932685319602183e-05,2.2485723885806057e-11,48004438276.073944
428,175234,0.12657553,258383386992086.34,0.001372641622100662,1.1978897872552484e-09,2802024936768.4297,67091821.89,0.2613432561610123,4.898748773034572e-16,0.00010991913387655378,9.753470676217767e-11,224382059520.1975
429,285969,0.95637995,3307807231202153.5,2.596175065431105e-06,1.129193993653591e-12,8979325272.241156,3699098.0,0.2613432561610123,2.891280788609993e-16,8.681040251117377e-07,3.826197390948494e-13,3002489514.4448624
430,385168,6.662302,5999211812544880.0,0.0056870526966356005,4.416940441694185e-09,5121027794330.174,316806764.02,0.2613432561610123,1.1105295509100946e-15,0.00027123167271630186,2.333905102386563e-10,244236339766.03656
431,377643,0.7901735,2178136974091290.8,0.00014860844161007712,1.1858170422557548e-10,409643630586.18854,1253215.6,0.2613432561610123,3.62774935368634e-16,2.9574486407319795e-05,2.3598881475238415e-11,81522959620.31572
432,375350,2.753907,5350143093884780.0,0.0063200677129989485,4.219184251599079e-09,12278289218766.467,137180344.27,0.2613432561610123,5.147352045869051e-16,0.00018770705384456808,1.433202370257439e-10,364667215632.1817
433,405323,1.2668765,2061728106635735.8,0.0005455078791139254,4.2265930261058894e-10,887765245278.7854,24932654.45,0.2613432561610123,6.144731188959974e-16,8.80983702323427e-05,6.985019577854292e-11,143372211937.64505
434,264845,1.6175703,3969671701115240.0,0.00015640142036204928,1.3246341741827918e-10,383823993569.5258,3946702.9000000004,0.2613432561610123,4.074821349950827e-16,1.3741525295798429e-05,1.1639786820173712e-11,33723012902.060738
435,159346,1.6882629,1817410949611475.0,0.000993534059033376,8.361253017116258e-10,1069537023942.8888,60351438.5,0.2613432561610123,9.289384441977286e-16,0.00012227445722464995,1.1515683773178089e-10,131628158989.85799
436,295085,2.734807,1632858688938103.5,0.0004057527008761894,3.250617931288071e-10,242260906596.2567,14793659.06,0.2613432561610123,1.6748583441586892e-15,7.443269556723082e-05,6.225279038211692e-11,44441188609.66697
437,156046,10.690927,6616386578522142.0,0.007161390538207915,5.477714504055311e-09,4432031781767.315,166234049.6,0.2613432561610123,1.6158256282522056e-15,0.00025056628596246267,1.9506267856346355e-10,155070127358.6639
438,84561,0.38695654,4447003424657323.0,0.00010612122706204547,4.691718366726387e-11,1219572255255.7288,2261884.0,0.2613432561610123,8.701512075624679e-17,5.1575834961400984e-05,2.2802157388000882e-11,592722672946.453
439,112497,11.063839,5062465745820892.0,0.0087767282977813,6.6914035443601376e-09,4015955616119.752,321088332.4,0.2613432561610123,2.1854644664279047e-15,0.0002709706700492761,2.195597611976232e-10,123987680519.08522
440,77561,3.8619208,1786121503767751.5,0.002359858030852563,1.4663394631706168e-09,1091424033021.2843,14780088.65,0.2613432561610123,2.162182579322534e-15,5.834713191914721e-05,3.256695019816262e-11,26985293692.186176
441,87623,4.541824,3210058450403830.0,0.0016928488550308938,1.2925552376772254e-09,1196467272256.3376,34863092.06,0.2613432561610123,1.4148726791652757e-15,0.00013379692836218524,1.1453122274410538e-10,94564641986.8116
442,378420,4.9188995,5304932963047033.0,0.003457426453332866,2.8645754144429786e-09,3728764037483.652,98816075.23,0.2613432561610123,9.272312269097357e-16,0.00015405389882547883,1.3322633989959084e-10,166143993380.06302
443,335163,2.9551878,6932218109237234.0,0.002504125286324742,1.9592412980045955e-09,5874125041278.003,50117833.76,0.2613432561610123,4.262975794229829e-16,0.0001409363959269505,1.1483174842210641e-10,330605667800.68427
444,278222,8.580536,1.4328933111147086e+16,0.0655366860999494,5.0244066576520526e-08,109441973258129.56,1330935584.82,0.2613432561610123,5.988258814136578e-16,0.0004415290584718809,3.4225248630790483e-10,737324608331.1499
445,407328,2.296191,6664797976027178.0,0.002549092820045047,2.192259394463308e-09,7398856919020.082,58705020.339999996,0.2613432561610123,3.445252216585171e-16,0.00014423271262513167,1.246791842690708e-10,418641955822.0058
446,213691,0.48324585,2294219129199029.0,0.0,0.0,0.0,2188800.0,0.2613432561610123,2.1063630925643687e-16,0.0,0.0,0.0
447,421111,3.4723008,2351132660593388.0,0.020095885900597868,1.392868991904262e-08,13607143046032.71,100368326.05,0.2613432561610123,1.4768629853168929e-15,0.0001624850987803792,1.2606155975722202e-10,110020428703.15048
448,53357,3.6833096,4115503233462431.0,2.123509759565739e-06,1.1376777365467983e-12,2372678984.623456,8438808.1,0.2613432561610123,8.949840131461103e-16,1.0036552031372776e-06,7.363495589910049e-13,1121422492.910414
449,228831,9.6529455,5047518791120626.0,0.004487743805849324,3.137154084215793e-09,2346638255624.634,169240373.97,0.2613432561610123,1.9124139799104934e-15,0.00021253682016383427,1.5199919059179495e-10,111135362111.1793
450,391967,0.893532,1446874283534086.2,0.00031107221388133877,2.0000843200563823e-10,503711547641.18585,12993389.86,0.2613432561610123,6.175602194113844e-16,5.6720277757786625e-05,4.017150496221416e-11,91845743904.6972
451,330234,1.7257253,2621872947122175.0,3.050789163697758e-05,3.396668144519188e-11,46350259659.93914,898171.1,0.2613432561610123,6.582032519516987e-16,1.4977986257932859e-05,1.6676094630447205e-11,22755867907.854088
452,380838,2.585636,1809424723058295.0,0.0025645237738983768,1.8513894010587566e-09,1794650414583.6782,89988677.97,0.2613432561610123,1.4289823539217208e-15,0.00012348998169605367,9.490614919715932e-11,86418129207.22632
453,205792,2.7529106,4811380424009104.0,0.0030628135420188995,2.5435341993611667e-09,5353011143354.861,52306256.1,0.2613432561610123,5.721664797617739e-16,0.0001392243357012865,1.1979356237745793e-10,243328367924.05887
454,393343,1.2437725,1164125127130911.8,0.0002569300667137332,1.6973453257214222e-10,240477053944.25293,3118607.0,0.2613432561610123,1.0684182232758656e-15,3.0453074949035657e-05,2.0494176195235083e-11,28502953511.653713
455,107307,4.391032,1738855556119157.8,0.0008491826731434958,6.887649045165386e-10,336277669886.1876,22673599.66,0.2613432561610123,2.5252425277922843e-15,0.0001106461513823347,8.795017825258131e-11,43816049414.89247
456,140390,10.972311,5509944946230225.0,0.005570623548472063,4.5317703396596295e-09,2797389635442.773,221029915.35,0.2613432561610123,1.99136490601544e-15,0.00020791681773082033,1.6767433827005688e-10,104409200494.9736
457,270652,4.549371,4127545109374037.5,0.0024182208614097387,2.086795368932487e-09,2193999058308.9485,68563250.87,0.2613432561610123,1.102197766335238e-15,0.00013002633793469015,1.1415129768312536e-10,117970061186.95227
458,153293,4.3744807,6465617647282941.0,0.003959601543947859,3.043643417445431e-09,5852413434755.366,112993811.63,0.2613432561610123,6.765758414183828e-16,0.00018128777104937208,1.4575272386208537e-10,267948927454.0426
459,59019,2.6678073,1.3655715617774754e+16,0.005501159075555422,4.3791710449873324e-09,28158804387380.418,246376578.29,0.2613432561610123,1.95361954999084e-16,0.00023886021198709284,1.942596411021052e-10,1222654697472.7642
460,315587,0.24559085,554703996053220.1,0.00027838395129404706,2.1322000444915743e-10,628772164027.6619,19486946.84,0.2613432561610123,4.427421683409636e-16,6.0380820830538964e-05,7.845570770340773e-11,136379195721.9639
461,403754,7.850145,6059560674348961.0,0.00434311455842456,3.446372751916728e-09,3352468799292.487,170196361.75,0.2613432561610123,1.29549738370157e-15,0.0001899205048215875,1.607019898159696e-10,146600454166.05603
462,0,0.12111345,1619015634169626.0,5.3292678887825646e-05,3.0440091033416644e-11,712403785922.7963,2608568.0,0.2613432561610123,7.480684401303984e-17,8.460769452618673e-06,4.832682419522691e-12,113101542569.33827
463,350137,2.1224403,3213721660851521.5,0.0015290579528981058,1.264296054643424e-09,2315243761591.7524,64287956.05,0.2613432561610123,6.604306545444976e-16,0.0001366015328697426,1.1013245556268608e-10,206837056895.78778
464,206582,7.721711,6152525018525475.0,0.005767537822008587,4.703763399007936e-09,4595473819882.635,282357246.01,0.2613432561610123,1.2550474767269779e-15,0.0002491920329226694,2.1359325952763373e-10,198551877553.2971
465,305703,1.7155472,918188042932777.8,0.0006346758614597037,4.92197070978183e-10,339688576991.8543,32737528.900000002,0.2613432561610123,1.8684050758495867e-15,2.0708821767415433e-05,1.3900888701652824e-11,11083689524.873978
466,410975,7.992892,4849519138277407.0,0.36571235962598325,3.26930086670047e-07,221888283628853.66,262109781.93,0.2613432561610123,1.648182380993582e-15,0.0002638193373064998,1.8478748547824577e-10,160066835047.38126
467,282213,7.099558,7628230938391286.0,0.002620732771782217,1.817085842294441e-09,2815887244102.387,170131128.05,0.2613432561610123,9.306952106378183e-16,0.000256874191818027,1.7715434539149747e-10,276002485971.7367
468,357367,2.9366164,3350306874721942.5,0.0008191683377798011,7.6524722471894e-10,934567182018.807,62874878.06,0.2613432561610123,8.765216172156539e-16,0.00022152911754506286,1.8138871465040653e-10,252736627590.2802
469,323846,1.2285609,5625993213498331.0,0.00013724409748747338,1.0995918184100297e-10,628486842660.5703,30071086.88,0.2613432561610123,2.1837226839384355e-16,5.8103816645415614e-05,4.1791762893320625e-11,266076901947.19662
470,116561,9.016866,5583336804417396.0,0.002417136595700852,1.8380749927187679e-09,1496716011536.6846,136086790.97,0.2613432561610123,1.6149600706276723e-15,0.00025488924544906565,1.8816173932028643e-10,157830060374.18628
471,221665,0.8569602,3853586314175973.5,4.0589728220786665e-05,3.7727345811933225e-11,182524253947.55298,4555172.899999999,0.2613432561610123,2.2237991578067114e-16,1.7833720516806554e-05,1.6598773581621506e-11,80194834386.0135
472,138701,26.496372,6261373783439902.0,0.012266980496452112,9.981048646103139e-09,2898817622369.351,593099316.34,0.2613432561610123,4.231718615821607e-15,0.0004891526955726203,3.6212515261414e-10,115591971012.3848
473,214443,8.22845,5376020581974596.0,0.0015094926968604074,1.0957572197122108e-09,986220224545.557,159252282.49,0.2613432561610123,1.530583797909813e-15,0.00016393394932537588,1.077575043531278e-10,107105504154.19685
474,265278,1.5787096,1304343428748760.8,0.0002926315568342869,1.8907297728047426e-10,241774705241.1169,37064515.64,0.2613432561610123,1.210348107104304e-15,6.359346123147161e-05,3.88322904668896e-11,52541463780.70992
475,368022,1.345673,1650453070664806.8,0.0005023055557784082,3.894323225777213e-10,616072215870.0266,33019903.94,0.2613432561610123,8.153355123620445e-16,8.378264235704644e-05,5.1074268163770794e-11,102758485417.03566
476,274774,2.5101168,4925715288214385.0,0.0005870428483719531,4.379574903070522e-10,1151980630169.3406,22619474.44,0.2613432561610123,5.095943742436521e-16,0.00017461490440454894,1.25856197112757e-10,342654694066.6586
477,28548,18.041622,4999834709335211.0,0.004826933139925736,3.749256960530107e-09,1337677280492.9119,578240181.75,0.2613432561610123,3.608443688411222e-15,0.0003482941199547204,2.55215399530266e-10,96521977348.09944
478,420986,8.73003,6407117893094580.0,0.10448646407773968,8.494921316199962e-08,76684397828950.19,367537826.0,0.2613432561610123,1.3625517971830971e-15,0.00023273507017097046,1.7549773996597266e-10,170808236906.7515
479,370390,0.22140676,310135510715676.94,1.2335261888967557e-05,1.3491030365786245e-11,17278617625.525883,1992613.1,0.2613432561610123,7.139032853383216e-16,6.355837292708082e-06,6.9511573187724925e-12,8902938847.93656
480,384783,1.6588141,1519635211767155.8,0.0003376769831765617,2.476243375230131e-10,309344991604.79083,45686983.18,0.2613432561610123,1.091587038228073e-15,4.9737042677927756e-05,3.10499200347002e-11,45563973312.34694
481,379185,5.4949837,3127369317207128.5,0.0012404646181375645,9.504942826685191e-10,705987714912.5077,204343705.13,0.2613432561610123,1.7570626116224898e-15,0.00013887039574480008,1.1592928550043246e-10,79035541947.23074
482,283524,3.82481,1998730520228252.8,0.002369854657799263,1.924959367846564e-09,1238414674989.9915,137146098.74,0.2613432561610123,1.9136196507187026e-15,0.0002375278454140091,1.7935570792834485e-10,124124898761.77861
483,331588,1.7380838,4376379364073894.5,0.00021901787771596643,1.9310482998432673e-10,551472443618.3198,47561306.76,0.2613432561610123,3.9715108207211007e-16,0.00013037562525477787,7.773339436297173e-11,328277149780.25867
484,137028,1.3324801,3074784826358044.0,4.604614602141586e-05,3.2958603112939425e-11,106254488227.56625,6189991.399999999,0.2613432561610123,4.3335718603056455e-16,1.999429314487744e-05,1.4074117005403176e-11,46138136828.92811
485,202795,4.3769746,8231671887936632.0,1.0866207820128648,9.469908558736786e-07,2043581825707423.2,227457316.88,0.2613432561610123,5.317236473448824e-16,0.00028914306555501395,2.2033090143578796e-10,543784477141.1347
486,386513,1.9901133,2469306835660421.0,7.501389151819947e-05,4.948452671814681e-11,93076266107.75337,18478875.66,0.2613432561610123,8.059400602872993e-16,2.272477961238643e-05,1.5639945225035227e-11,28196612542.483074
487,305481,4.774152,3611700550440036.0,0.0004260939452191634,2.790404466852221e-10,322344939266.11865,46989627.14,0.2613432561610123,1.3218570956604737e-15,8.586762444237615e-05,5.3052143482217795e-11,64959839247.579094
488,238383,3.447081,1639155342082014.0,0.0006226924296330646,4.431634526075956e-10,296102593036.5624,80682048.07,0.2613432561610123,2.1029617581098836e-15,0.00017515018639802362,1.1051502087101373e-10,83287385385.19429
489,423574,6.142472,2.187480919027136e+16,0.08360573029561481,7.080478826439337e-08,297739964859402.5,589575958.5,0.2613432561610123,2.808011693529109e-16,0.00042033301747141733,2.9738575063936474e-10,1496906221722.8262
490,101336,1.8112181,1064465448842464.0,0.0018519688890177013,1.3248798956799072e-09,1088414970395.0654,40739178.86,0.2613432561610123,1.7015283135489089e-15,6.570933782575964e-05,4.1805444082345697e-11,38617833921.73385
491,259667,0.5652888,529475767847590.9,0.0003348472336665542,2.378522440276187e-10,313633484613.95386,18149364.65,0.2613432561610123,1.0676386613460994e-15,5.2203267785911e-05,3.394484830285965e-11,48896007306.52833
492,247093,0.3242466,542263000959082.2,0.001214969844904691,7.599146153128726e-10,2031889290968.0728,4242215.3,0.2613432561610123,5.979508087893071e-16,3.6066376294461326e-05,2.2929227600449752e-11,60316627662.877884
493,10606,17.041174,6354613697937606.0,0.007554160027718705,5.671545433527728e-09,2816928504371.471,400147281.63,0.2613432561610123,2.6817010144189767e-15,0.00037063215486435005,2.730494708651332e-10,138207858695.4825
494,151839,8.535913,2489871143130043.0,0.00688807974867684,5.030591632510657e-09,2009208739335.6636,180847282.99,0.2613432561610123,3.4282549213648926e-15,0.00023896954430794348,1.644277058434891e-10,69705885294.20164
495,360652,1.0092624,1462637761829307.5,0.0005284763789166557,4.196463871991663e-10,765875661312.9692,44475670.52,0.2613432561610123,6.900289506663117e-16,7.554996646237208e-05,5.6788785211291295e-11,109488111171.88469
496,333467,0.22480853,224374078531679.5,0.00032594800669358346,2.768229795265749e-10,325318099144.6832,26614114.0,0.2613432561610123,1.0019362819054838e-15,0.00013517216055494732,1.1905521857008517e-10,134910934952.74641
497,314358,2.399931,4576996283425979.0,3.067390174338674e-06,1.9788734386830638e-12,5849932113.783887,2623793.7,0.2613432561610123,5.243462855083642e-16,2.2320881793265462e-06,1.4466418691263313e-12,4256897094.565078
498,154939,4.568298,4417627852686885.0,0.0013204392105135934,8.754748667279483e-10,1276888905702.8965,63721004.41,0.2613432561610123,1.0341065731060789e-15,0.0001921546974463156,1.213381148529401e-10,185817112513.9965
499,270211,0.9417462,1633539907559285.5,0.000282247140380588,2.1571039504974548e-10,489581978250.8052,10672516.8,0.2613432561610123,5.76506393043735e-16,0.00011078241990150088,9.011005692020544e-11,192161650309.91544
500,382047,3.8528547,2502411323905475.0,9.613899441121782e-05,6.972956020001656e-11,62441832619.204834,26824747.16,0.2613432561610123,1.5396568354665645e-15,9.785873109452874e-05,5.7853815322842827e-11,63558793648.24465
501,312680,5.6007857,3168364330381223.0,0.005298020219873912,3.829732999969873e-09,2997089905847.8506,34121232.05,0.2613432561610123,1.7677214852769485e-15,9.756445257309725e-05,6.13194292377263e-11,55192208379.937096
502,384331,0.7864165,1039397394463887.6,3.6448689189746827e-06,4.447573689885808e-12,4817380176.464624,819518.5,0.2613432561610123,7.566081117661709e-16,2.222538833573393e-06,2.7120056881856764e-12,2937503311.1728873
503,401257,0.25862062,3289407881706129.0,3.153162694653283e-05,2.2478662581542156e-11,401052252527.0508,7978538.2,0.2613432561610123,7.86222412362739e-17,1.6520103126663287e-05,1.1802038379128488e-11,210119971993.897
504,122617,3.9009655,1951525686277332.5,0.001191305920455482,9.320534840466746e-10,595971459881.6969,28445798.4,0.2613432561610123,1.9989311580322347e-15,0.00017769580531744474,1.2974470037387934e-10,88895410231.32085
505,400637,1.9135458,2288058865146899.0,0.00016669125107840411,1.419347708634536e-10,199315529720.98715,9033057.16,0.2613432561610123,8.36318430940869e-16,4.220614001762947e-05,3.4780634302782186e-11,50466590781.87123
506,254090,5.1345496,6408166645733577.0,0.03246813301988651,2.6830365844386902e-08,40521802938134.586,115868165.17,0.2613432561610123,8.012509480255909e-16,0.0002075226216009358,1.6387292790522114e-10,258998285259.19925
507,256849,1.5241722,1518731305616997.5,0.0005258611933108042,3.516176569506584e-10,523984006984.40106,25098072.76,0.2613432561610123,1.0035825259957962e-15,7.8736723219777e-05,5.4005880818394296e-11,78455653800.51944
508,218701,2.2294893,2908219814476019.5,0.0006607030073323456,5.138941057066273e-10,861842924030.9977,100784430.48,0.2613432561610123,7.666165015802604e-16,0.00016585378631972156,1.4229601626414482e-10,216345181688.41895
509,411188,4.4744725,5537126389522078.0,1.263482180321565,1.454098862371279e-06,1563549786784795.5,258133534.34,0.2613432561610123,8.080856721036851e-16,0.00019849516523111438,1.2238169975702334e-10,245636288432.60266
510,243943,1.0124763,2783509412730450.5,0.0002529245047689165,2.4868674315670697e-10,695342438864.4622,19461358.35,0.2613432561610123,3.637409291196984e-16,9.352617022739724e-05,6.79353460479108e-11,257123031091.78024
511,59015,7.9159436,6754783688976014.0,0.020229443197804942,1.5982906394341898e-08,17262062472198.463,174916864.53,0.2613432561610123,1.1719018645880592e-15,0.00018911622436478245,1.3026218531074212e-10,161375478680.76785
512,435871,1.7929138,2831340561615175.0,0.0,0.0,0.0,1495707.6,0.2613432561610123,6.332384822605759e-16,3.454945002886558e-07,2.309906697596882e-13,545599343.6395196
513,315421,4.3445196,4589180562485190.0,0.00021520671768797566,1.2406648585734342e-10,227326051361.32785,31587258.169999998,0.2613432561610123,9.466874403493294e-16,6.882228813583596e-05,4.18281236255415e-11,72698004856.21782
514,302309,8.307623,6635696838225625.0,0.03004272127058644,2.6443380761851995e-08,23996562018633.27,226948209.12,0.2613432561610123,1.2519593951524531e-15,0.00021124132925594088,1.5140453035562395e-10,168728578637.5026
515,384166,1.4744865,1967231908547949.8,0.03786889943001683,2.838031220314672e-08,50523967021958.07,60339816.44,0.2613432561610123,7.495234769185631e-16,0.0001402112363539047,1.1253204884905547e-10,187067170904.8266
516,309575,16.269205,1.0399348586832602e+16,0.8705876728757711,7.581545742213428e-07,556483533499918.0,1669098215.86,0.2613432561610123,1.564444624983498e-15,0.0006080704880127985,4.6009767417535085e-10,388681375040.176
517,391375,0.33497328,797568186260286.0,0.002205757953167056,1.888244579409824e-09,5251888658213.724,34240830.74,0.2613432561610123,4.1999328179156036e-16,0.00014388675568268786,1.2615665345862862e-10,342592993556.7346
518,365335,2.9589705,1337111697836852.0,0.003945519614537324,3.0643255669738547e-09,1782917548736.1575,331533567.16,0.2613432561610123,2.212956856773412e-15,0.0002576473284997735,1.873969089681136e-10,116426729111.852
519,174195,55.93084,6481112025219344.0,0.03596418185142178,2.843754541746526e-08,4167430553062.049,1939883792.41,0.2613432561610123,8.629821515561151e-15,0.0008323315758511128,5.865336750668546e-10,96448295523.87222
520,114673,4.745238,6051934315287022.0,0.0015986997687398145,1.1322884844621177e-09,2038933766921.2607,130753488.63,0.2613432561610123,7.840861702701659e-16,0.0001917162670182833,1.4391271762368504e-10,244509180607.31165
521,243469,4.3276963,4105649461472182.5,0.000617308487086536,5.050186140457506e-10,585635423994.2957,168687064.42,0.2613432561610123,1.0540832432509222e-15,0.0002059650832133321,1.4545083234002912e-10,195397360248.42828
522,271516,0.42045754,847479644482450.4,9.952248971122941e-05,6.396124147231858e-11,200598814801.80145,15955892.99,0.2613432561610123,4.961270075775924e-16,5.1374283750435406e-05,3.200524486053948e-11,103550669416.84415
523,109841,7.8291087,5623760857344866.0,0.230450539995043,1.5885850199170302e-07,165535921908723.8,220757726.84,0.2613432561610123,1.3921482258220241e-15,0.00017179220861634947,1.2190231389857785e-10,123400802752.09993
524,340428,6.095995,3602540493300162.5,0.02199620223695628,1.780103863296768e-08,12999060737001.033,308462644.17,0.2613432561610123,1.6921378153381061e-15,0.00021684795093319768,1.4962363302054214e-10,128150289514.01886
525,341829,2.0943367,2249514655815948.5,1.1234696817380506e-05,7.015985023031603e-12,12067121367.99505,1601300.0,0.2613432561610123,9.3101713944617e-16,1.6513789417133986e-05,1.0312739285039646e-11,17737363489.309628
526,427221,0.94515204,1054505314551338.1,0.06255323774835408,4.7962426670849485e-08,69790593318756.17,42043135.0,0.2613432561610123,8.962989820512523e-16,9.220993227449767e-05,5.396582073684666e-11,102878541782.4171
527,189143,0.12204592,618031943808181.1,1.6884902072222593e-05,1.8991913584596508e-11,85503954976.1804,889057.44,0.2613432561610123,1.9747510015093887e-16,6.355191489365555e-06,7.14823497721987e-12,32182242138.41646
528,255844,0.21575212,1042782346712550.9,0.008420021125529429,8.545896368033087e-09,40696005159294.99,20920117.42,0.2613432561610123,2.069004339018345e-16,5.884824970609749e-05,4.046280314074746e-11,284427869948.3951
529,133098,0.18149616,280756367544350.56,2.873918785838512e-05,2.0182761148292035e-11,44456642990.65562,17009923.64,0.2613432561610123,6.46454296255024e-16,0.00012257184955765288,5.438511790102237e-11,189606365473.51324
530,283142,0.13236447,296053981833508.56,5.9691038780468604e-05,3.749679694307944e-11,133508408342.02794,21809663.0,0.2613432561610123,4.470957261923861e-16,1.495520388163798e-05,9.985211155244712e-12,33449668617.95214
531,40691,3.2473445,3756824162878613.0,0.000759633991968133,6.069337952843676e-10,878813854202.9712,29863171.22,0.2613432561610123,8.643855446009931e-16,0.0002401392247259134,1.613701337135796e-10,277814947537.9802
532,224650,1.6233253,3435674117706230.0,0.000321662453335494,2.297394885172334e-10,680779980181.8185,8987545.65,0.2613432561610123,4.724910583439695e-16,9.009738730029042e-05,8.251725082701367e-11,190685909731.4394
533,401600,17.140478,1.6869493319092626e+16,0.7203513956888579,6.38481440444226e-07,708962903891725.5,1620318187.83,0.2613432561610123,1.016063593362385e-15,0.0005904540872047044,4.5488439338632533e-10,581119224290.635
534,295574,1.2614095,1866066549743972.8,0.00013452555023509976,1.0663514012973347e-10,199010416030.33914,4858250.3,0.2613432561610123,6.759724084722848e-16,3.0116119419217317e-05,2.397442424811563e-11,44552290954.12419
535,67903,24.103624,9650838993051598.0,0.10353644644313817,8.150081729537024e-08,41454910453939.88,1276417432.07,0.2613432561610123,2.4975677262209126e-15,0.000534957310390887,3.8653873800085016e-10,214191312922.0062
536,361406,0.14408557,477784784421376.4,3.149857791108238e-05,2.3290766060315384e-11,104448636021.12567,10371342.36,0.2613432561610123,3.0157002629226784e-16,9.51386765169099e-06,7.0453463638008505e-12,31547789310.03768
537,397061,1.6069198,2317803193310133.5,1.706892590522989e-05,1.287259792452797e-11,24620028311.00588,10834486.06,0.2613432561610123,6.932943248322578e-16,7.434788680873899e-05,5.7694836565606286e-11,107238562535.07834
538,369945,3.444839,2083638462774384.2,0.0010095668891548903,7.967722608941142e-10,610644619672.0986,90254163.9,0.2613432561610123,1.6532805770023867e-15,0.00019647739133283045,1.185218788886721e-10,118840923958.03111
539,198567,0.39155036,2943635922055834.0,5.5714474314441336e-05,3.070172258839942e-11,418855771120.85046,1814701.9,0.2613432561610123,1.3301589271493242e-16,1.6513789417133986e-05,9.100001172167168e-12,124148995131.91887
540,150073,1.065096,1787632947981406.5,0.0009155107331674192,5.854929929627035e-10,1536572431819.0024,34227362.13,0.2613432561610123,5.958135875727204e-16,9.616219154185362e-05,5.764696529952467e-11,161396439335.34296
541,28549,6.462794,5097285232796604.0,0.0012701315088175509,9.306737081755434e-10,1001768365757.1898,124538135.94,0.2613432561610123,1.2678894165893509e-15,0.00018231781426132157,1.3396671643249213e-10,143796305794.36517
542,346941,3.730119,8844109162703498.0,0.0014685412670980757,1.160096156447465e-09,3481910168589.875,157033953.34,0.2613432561610123,4.2176311162353003e-16,0.00022769783248716808,1.8276247702879423e-10,539871378534.4353
543,35380,0.78702426,476247471098313.6,0.0016577026434816953,1.4784783201253845e-09,1003116081569.2604,34369621.31,0.2613432561610123,1.6525531530592243e-15,0.00015538168899232753,1.3621162430822946e-10,94025229206.50586
544,300853,0.16469656,5330888250792561.0,4.48583382564738e-06,2.925512763460714e-12,145197196809.4019,1533349.6,0.2613432561610123,3.08947687987108e-17,6.355191489365555e-06,4.144646132470739e-12,205704452128.17874
545,275895,0.10999561,406296288543155.5,2.0476952424635925e-05,1.1430352182397924e-11,75636743782.81412,2819322.5,0.2613432561610123,2.7072757763652723e-16,3.606519681724456e-05,2.013179952758187e-11,133215822089.8533
546,316635,0.6341651,996433711931686.9,0.00012916769202207315,7.483542574945381e-11,202955102422.387,10749248.56,0.2613432561610123,6.364348098686939e-16,2.651750835131678e-05,1.6100711457917786e-11,41665710203.3557
547,315959,5.5591497,7057922871148005.0,0.3885746154809807,3.1583929813133537e-07,493336177968144.2,345755146.96,0.2613432561610123,7.876467059062346e-16,0.00030302070275712076,2.0959379716544983e-10,384716523899.47766
548,243071,1.1768774,1405925462542179.2,0.0015650060394425081,1.258155204358846e-09,1869593077311.632,46703104.46,0.2613432561610123,8.370837795852867e-16,0.00023464152631583223,1.8769476585995912e-10,280308294149.57697
549,394522,13.45783,9986243139419710.0,0.01973775518453766,1.533881602463433e-08,14646196474404.492,1036277480.84,0.2613432561610123,1.3476369253294608e-15,0.0005190065816743349,3.9887969814390047e-10,385123449735.87885
550,101337,22.147436,3701988220573771.0,0.010129851746183598,8.283770622498553e-09,1693224978301.3406,920185399.59,0.2613432561610123,5.98257873348051e-15,0.0005424934655301214,4.1233448427392106e-10,90678867708.69336
551,288570,3.4526305,1716163330368949.0,0.00042836934814552673,2.672638379760091e-10,212925121046.51886,26291155.77,0.2613432561610123,2.01183094808216e-15,0.00010156493086115051,6.877087078857743e-11,50483829646.805275
552,398007,0.8239869,678095829409829.2,0.000541966926929245,3.862972231597134e-10,446008926633.15735,35404153.49,0.2613432561610123,1.2151481608685676e-15,0.00011780689546471355,9.195205643596694e-11,96948585578.65663
553,376485,11.296532,1.053479129261642e+16,0.005489463848565772,4.1076387350895575e-09,5119301742605.901,473511047.7,0.2613432561610123,1.0723071474531693e-15,0.00039074833053697844,2.75002189564332e-10,364399632572.66595
554,410273,0.5441468,2367843428993542.5,0.00015457272268700216,1.0219284629047365e-10,672619972617.7919,16546039.36,0.2613432561610123,2.298069176944233e-16,5.200632362883323e-05,3.582643306958866e-11,226304430478.40097
555,120401,1.6444664,4282721745357590.0,7.024316122628121e-05,5.3055882621347215e-11,182935883668.0723,8597956.64,0.2613432561610123,3.839769421822883e-16,5.312954613560689e-05,3.8643311750788797e-11,138366501471.81052
556,40694,5.183461,4363449875424734.0,0.016495758616193932,1.5143697786184005e-08,13886169082562.383,194102914.03,0.2613432561610123,1.1879272474730668e-15,0.00023015054259099824,1.922020973542933e-10,193741277574.50595
557,263375,0.91794646,1934869758907411.5,7.449452391539973e-07,5.479879559973763e-13,1570213599.6919894,1359419.0,0.2613432561610123,4.744228678825126e-16,3.454945002886558e-07,2.541486475388793e-13,728241667.2507763
558,73539,6.7201777,6940849397880641.0,0.003384930880043008,2.453645226588362e-09,3496082471243.893,230412974.7,0.2613432561610123,9.682068165968243e-16,0.0003855575908602825,2.625705913823704e-10,398218215624.10504
559,371311,3.4343348,4729905001941740.0,0.013354894604250584,9.121199549244186e-09,18392901818730.543,51979492.47,0.2613432561610123,7.26089593467548e-16,0.00010657759648308018,7.063727987986835e-11,146782983039.46643
560,147891,0.5133662,606558199171070.6,2.5899344555532835e-05,1.5925983054565416e-11,30600884501.77489,4916889.5,0.2613432561610123,8.463593447447782e-16,7.89978465359074e-06,5.029282064432996e-12,9333842300.722681
561,217083,5.0038567,5781063588564873.0,0.0016405344999957114,1.162322498896425e-09,1895344897408.7703,86597141.47,0.2613432561610123,8.65559878963758e-16,0.0001599151273740855,1.0913995678851775e-10,184753396339.87512
562,383808,2.077471,1555115121191261.8,0.07127256030918737,5.191948725515911e-08,53351905399802.664,29536706.96,0.2613432561610123,1.3358953119873202e-15,5.1883695507590435e-05,3.446989645729665e-11,38838144757.3213
563,246071,0.926096,3977674724658206.5,5.0393486584820495e-05,4.2478809341100956e-11,216445053078.56085,1186320.6,0.2613432561610123,2.328234619736478e-16,1.97454853524783e-05,1.664430791514393e-11,84808829767.82295
564,19820,0.5281056,926776422298426.0,1.960276450504536e-07,1.5599895324380224e-13,344010363.7443821,1256595.9,0.2613432561610123,5.698306379981985e-16,1.7390666783563014e-07,1.3839506227549377e-13,305190097.265672
565,230658,1.524285,4456779591104353.0,3.366788932174631e-05,2.8990342916065213e-11,98439833761.21863,3636959.6399999997,0.2613432561610123,3.4201489412724015e-16,3.671975003622476e-05,2.4888284205603618e-11,107363014496.56712
566,387311,1.5242411,2707156529296932.5,0.00016140870100301162,1.1689209285001774e-10,286672901554.5108,12478398.45,0.2613432561610123,5.630413622206973e-16,5.246208697491204e-05,3.869356212388649e-11,93176257545.26413
567,253687,0.1413758,101861628196814.31,3.7639113005299715e-05,2.7647424145947946e-11,27119077908.692417,6891714.15,0.2613432561610123,1.3879200882871955e-15,1.0383826762180017e-05,7.583175047688863e-12,7481573939.170007
568,302822,0.778235,4753350124064694.0,1.4752397666893674e-05,1.5154465582136925e-11,90105573869.30779,3261445.1,0.2613432561610123,1.6372347495717697e-16,4.934545085716429e-05,5.7044402476452684e-11,301395086257.9171
569,292118,2.9366612,3644010065474128.0,0.06550826552912994,5.984109255685957e-08,81287136207575.25,88255919.71,0.2613432561610123,8.058872361039723e-16,9.149936881105564e-05,7.35316667741938e-11,113538674782.10161
570,163644,0.12559204,1805707381307013.5,0.036893430879883574,4.137455723784266e-08,530437601471764.25,11545915.44,0.2613432561610123,6.955281974263932e-17,4.450869218479424e-06,2.5467547053826017e-12,63992649542.44293
571,202791,1.1198841,2679369228716799.5,0.00035177194921762726,3.706602114288022e-10,841629000947.008,22885085.62,0.2613432561610123,4.179655748813438e-16,8.04982453057198e-05,9.430278126226113e-11,192595395753.759
572,258436,0.22537354,2549393985054919.5,6.749099916893737e-06,7.000307709112154e-12,76344874969.18915,964114.75,0.2613432561610123,8.840278957320321e-17,4.435584702662173e-06,4.600681301330752e-12,50174714215.20271
573,373381,1.8850968,1319013602231968.5,0.0015532307560196512,1.1681170781813358e-09,1086804929378.1434,141978254.97,0.2613432561610123,1.4291716149174913e-15,0.00024154087828500223,1.688842616209069e-10,169007609557.75546
574,310546,2.52987,4527271930230854.0,7.531705213049194e-05,5.5237603403632674e-11,134781935822.04228,8750864.9,0.2613432561610123,5.588067248858624e-16,4.0200918069049203e-05,2.1547147949769374e-11,71940648311.38232
575,284679,1.5529746,818248182967465.9,0.0009309545933882876,6.848731670428089e-10,490511502548.1951,37179524.56,0.2613432561610123,1.8979261211041974e-15,0.00017970930697096184,1.3968432827410552e-10,94687198291.15819
576,234912,0.14309485,272003854881912.3,1.721686226083177e-06,1.452709016506505e-12,3272691437.824043,2452207.7,0.2613432561610123,5.260765516066791e-16,2.2243847894679082e-06,1.876676747598042e-12,4228253060.651463
577,272250,4.266175,2034580780445273.2,0.001281318558134367,1.0602112172602079e-09,611073411664.555,85067460.72,0.2613432561610123,2.096832448729972e-15,0.00014966654958395374,1.2410125298255947e-10,71377448243.23236
578,333998,5.780898,2922683180113398.0,0.019918812656106594,1.5858373474147668e-08,10070473258277.973,92701619.79,0.2613432561610123,1.9779420634212242e-15,7.067751336346295e-05,6.463250702080368e-11,35732853186.41378
579,209490,1.6141955,1517997899539859.5,0.0005858154523892998,4.84586931413431e-10,550903918543.2927,57014547.2,0.2613432561610123,1.0633713659875946e-15,0.00011011601518663964,8.713073812910795e-11,103553677208.8748
580,368869,4.31148,3389236560140725.5,0.005007219067996839,4.4138383876699e-09,3936154158175.071,158454285.41,0.2613432561610123,1.2721094923574713e-15,0.00020820780330169778,1.5591385107426318e-10,163671291309.8757
581,271515,0.29012796,296668198739685.25,8.784866753001946e-06,6.485725173398471e-12,8982900495.978514,1354492.6,0.2613432561610123,9.779543652893379e-16,4.435584702662173e-06,3.274720513542985e-12,4535574317.263628
582,343374,0.71733475,2834339245886109.0,1.60595048460837e-05,9.722289665556141e-12,63454453941.83564,8031840.16,0.2613432561610123,2.5308711758522657e-16,6.544117380562984e-06,3.9279951639488976e-12,25857172988.503716
583,358502,1.5522146,1437140924696098.2,0.0006285512956138679,4.3947509006372477e-10,581953545725.8582,147571757.09,0.2613432561610123,1.0800712535051046e-15,0.00019689793997608644,1.1591647531019095e-10,182300879999.44705
584,211541,0.30981675,591593522118558.9,4.597853262792343e-06,3.582986460716683e-12,8779577624.255726,2599601.7,0.2613432561610123,5.236986856964111e-16,1.666268045004129e-05,1.156359823939715e-11,31817304310.938583
585,40692,0.32357922,1559952343167611.5,0.0002819473541522034,1.8365381535105935e-10,1359248086943.4016,21342305.44,0.2613432561610123,2.07428913721137e-16,5.0729752637148204e-05,3.241913840592056e-11,244564519608.62216
586,194440,4.156981,3468383445719463.0,0.0016069203041314869,1.2291019166031707e-09,1340736409774.3372,144890928.83,0.2613432561610123,1.198535590155228e-15,0.0002715126586993521,1.8640036793223333e-10,226537001428.70782
587,324930,6.3440833,4285481978106336.5,0.0017202808947104843,1.233019394932646e-09,1162064308260.6472,195830182.46,0.2613432561610123,1.4803663467518107e-15,0.0002473853734908383,1.818679314159339e-10,167110914155.57114
588,372751,1.3584164,2882604637043643.0,6.091545014751823e-06,3.5932509243635524e-12,12926460477.276106,2918215.2,0.2613432561610123,4.712461717931503e-16,6.3575704790133536e-06,3.646604863770362e-12,13490975332.11147
589,305964,14.533288,4.699606942467983e+16,1.9715954592293428,1.7163183145653527e-06,6375517851110203.0,3770713532.03,0.2613432561610123,3.0924475552774405e-16,0.0008184319273473862,6.170943220398045e-10,2646550710134.711
590,290247,1.1172076,1369090585237047.8,2.491868404060396e-05,2.4890550251654513e-11,30536791654.914948,1001130.3,0.2613432561610123,8.160216804109889e-16,1.6513789417133986e-05,1.6495144954791584e-11,20236949352.64076
591,321165,0.39764696,461440797895380.44,0.0004049800793757867,2.8651334272955237e-10,469950357369.5057,60690134.27,0.2613432561610123,8.617507637245287e-16,0.00013495818721041903,9.73700677530033e-11,156609303863.12997
592,314573,0.124809965,182917909220444.88,5.7003871256133655e-05,3.8986856366453116e-11,83543240699.11713,7040032.3,0.2613432561610123,6.823277476323236e-16,5.162498158880098e-05,4.943134617967387e-11,75660094093.98871
593,332529,4.318262,2028063969832471.8,0.0007712414325357664,5.98916796206413e-10,362212149556.41156,48823020.35,0.2613432561610123,2.1292533491222714e-15,0.0001637817832300802,1.4197479605893854e-10,76919819474.55663
594,370974,9.739615,4117045035098256.5,0.006882254054527853,5.4458324186824415e-09,2909206358308.695,489271792.75,0.2613432561610123,2.365680947613816e-15,0.0003839868279336399,2.7702279983015e-10,162315560059.3371
595,248568,5.642744,5418568149003740.0,0.0010001088226797615,7.053837939375852e-10,960376336780.5068,87842897.5,0.2613432561610123,1.0413717876811198e-15,0.00011735182862278384,1.0067333603488776e-10,112689656096.8851
596,323673,1.5224822,2763320236376098.0,1.0319292091100344e-06,5.840199863481818e-13,1872961710.8438706,3280690.8,0.2613432561610123,5.50961187906556e-16,4.435584702662173e-06,2.510317659996331e-12,8050630062.55616
597,314108,1.3748146,1101904687882255.0,0.00014103456805631488,8.959416233478576e-11,113038261082.40508,6170251.4399999995,0.2613432561610123,1.2476710691214585e-15,3.0781167381434995e-05,1.9940754183350157e-11,24670899360.60584
598,307374,3.167911,4800863547475676.0,0.00033354418387451974,3.2833482291031815e-10,505475095050.2416,56468892.75,0.2613432561610123,6.598627452483434e-16,0.00010535890597611239,9.691657966414231e-11,159667910841.76135
599,178034,5.874229,4351385131125155.0,0.0002552031961315037,2.54253978314374e-10,189043939734.43015,18274731.54,0.2613432561610123,1.349967613296752e-15,4.824727369218008e-05,4.797875405393645e-11,35739578651.33931
600,442392,0.8116638,5055467101852462.0,0.012568498779391528,1.1865574157679779e-08,78283190772936.64,29295796.26,0.2613432561610123,1.605516925829829e-16,0.00012863912058620029,8.416681381878507e-11,801231793428.224
601,53359,0.5525138,9728046526416146.0,0.0003219385601123539,2.662608533704131e-10,5668334965426.021,10467529.4,0.2613432561610123,5.67959660245939e-17,9.25058753161043e-05,7.800094348244269e-11,1628740239686.1643
602,241636,0.45656884,2055389771571636.5,0.0,0.0,0.0,1590170.1,0.2613432561610123,2.2213248616630434e-16,9.060256549575454e-08,5.697665016827731e-14,407876250.1578583
603,187611,6.5716558,4981389873726327.0,0.0010816251716003476,7.746136515014108e-10,819884187631.5968,41348768.16,0.2613432561610123,1.3192414098445331e-15,0.00018941740038653986,1.3907526610003043e-10,143580544829.06345
604,323120,0.50935155,394645878912272.9,4.587419456561287e-05,3.614519713118027e-11,35543352785.98623,2540772.0,0.2613432561610123,1.2906546785788822e-15,7.897870222027587e-06,6.222147185908021e-12,6119274468.306113
605,320631,1.3511683,5738194815823098.0,0.0005121599702490431,4.5565342080777047e-10,2175061157189.0571,26587728.48,0.2613432561610123,2.3546922740826913e-16,7.402714115997679e-05,7.309748266041447e-11,314381382122.70337
606,412705,1.7501984,3187206532318278.0,0.0005101049882650062,3.7480749481729377e-10,928928943579.4059,26084913.66,0.2613432561610123,5.491324086635071e-16,7.301414430770443e-05,4.7423535459714254e-11,132962730219.12544
607,387627,3.7514544,3735554378776710.0,0.04726309275206821,3.892322263426749e-08,47062774662679.68,111854923.83,0.2613432561610123,1.004256402025259e-15,0.00014092370329714951,1.0474939158312765e-10,140326417648.87152
608,363270,3.1819706,1909344859643119.8,0.0008656483449704227,6.168211576331451e-10,519433214665.10425,37551821.94,0.2613432561610123,1.6665248207674489e-15,0.00014463920461073066,1.0704369208076615e-10,86790909327.18486
609,421354,1.4861981,5077671873621830.0,0.010434329322054368,7.657722362070507e-09,35649420167273.13,35682075.46,0.2613432561610123,2.9269282005414743e-16,4.8387723804877026e-05,3.263617240100068e-11,165319134907.1201
610,10604,0.8278468,1386363764344870.0,0.00014653685367852398,1.0336481025896294e-10,245399733478.47925,3855675.9,0.2613432561610123,5.97135341597161e-16,0.00010481948158759845,7.450317969714236e-11,175537226296.5331
611,67905,2.6880772,5327166492710549.0,0.00035094397156640187,3.141412700376425e-10,695492289487.5563,31314493.419999998,0.2613432561610123,5.045979328181767e-16,0.00013501702679711785,5.932716594246756e-11,267573483789.45688
612,227514,3.5040936,1246896912365619.5,0.002125858930911179,1.7766306946498813e-09,756465791061.6388,182660362.37,0.2613432561610123,2.8102512447095687e-15,0.00023374172830655527,1.7683276377840575e-10,83174672992.88103
613,192733,1.0188667,677196204444578.9,3.3140476099033086e-05,2.947462865613247e-11,22027027311.572247,13109787.26,0.2613432561610123,1.5045369322996305e-15,1.0289916275865949e-05,9.70461667460867e-12,6839258016.842553
614,340952,5.0829544,6409673696453042.0,0.3582688238510116,2.1469872674070712e-07,451781793772731.3,160237139.9,0.2613432561610123,7.930129739385616e-16,0.00017258204471953285,1.4864955120797878e-10,217628273926.45355
615,351811,4.124647,9015840673899362.0,0.003693474845435622,2.8637275100764566e-09,8073365002993.623,244848630.16,0.2613432561610123,4.574888963977316e-16,0.00035406608717788307,2.811055259148964e-10,773933728153.4045
616,147892,2.9928784,5775372729329415.0,0.00015447788107238552,1.333835932436575e-10,298096755828.7861,30157275.98,0.2613432561610123,5.182138954947599e-16,6.536722769661735e-05,5.081629102661925e-11,126139473034.02313
617,10618,0.30908325,659520192384525.1,0.0006028488108965143,4.862238723924851e-10,1286355581356.3218,23589938.39,0.2613432561610123,4.686486533224942e-16,7.941927573287523e-05,7.562448421753776e-11,169464427497.72278
618,360032,8.765372,8164550703778904.0,0.004834238889468978,3.950614087727954e-09,4502876606634.526,458694819.26,0.2613432561610123,1.073589021370522e-15,0.0002572758263215879,1.815513367254991e-10,239640887900.6184
619,243941,0.776868,829321835931881.2,0.00012487437833032914,7.89575345662075e-11,133305849510.80608,15828253.74,0.2613432561610123,9.367509286995432e-16,2.1985601978421514e-05,1.3548287796354308e-11,23470061576.499653
620,202792,0.4334898,4601672161779109.0,0.0,0.0,0.0,1411648.6,0.2613432561610123,9.420266910809291e-17,3.454945002886558e-07,2.4474539930734586e-13,3667565935.867676
621,104418,0.951283,8669768995453260.0,0.00042268993946597763,2.9840696758493634e-10,3852296458437.8657,16506532.4,0.2613432561610123,1.0972414611033895e-16,8.242168700065901e-05,4.3890300647691107e-11,751171824274.4446
622,209489,10.063586,5200249037241033.0,0.002040453257145647,1.605050538014966e-09,1054382114487.5177,229172942.87,0.2613432561610123,1.9352123192429236e-15,0.00027086268012101563,2.0536796583004136e-10,139965355443.2622
623,141805,4.2235823,3306306235009836.5,0.0006084420701840934,3.517840296779961e-10,476300843076.25793,40620754.5,0.2613432561610123,1.2774322763201137e-15,0.00015221030847389848,1.07430450911688e-10,119153329139.58397
624,327820,4.5476174,4728138328776128.0,0.0017812576295579833,1.4284642973600888e-09,1851965926539.469,129075136.7,0.2613432561610123,9.618198715385605e-16,0.00017966271629782067,1.5682293229566953e-10,186794556459.33572
625,183815,2.5818,2617405677115545.5,6.446771291481163e-05,4.104801974791676e-11,65356788974.31372,15220709.6,0.2613432561610123,9.863965767986015e-16,7.634951464426936e-05,5.052461177149214e-11,77402452968.8307
626,63582,3.5803623,1910177675924294.5,0.2961904706776469,2.498252346097708e-07,158022115502096.12,135857620.39,0.2613432561610123,1.874360874973339e-15,0.00018894632245648412,1.556671005086994e-10,100805733292.51321
627,347970,10.388277,5351826500197971.0,0.004048232236315611,3.1447863529189946e-09,2085565927946.4321,405195244.43,0.2613432561610123,1.9410713332384235e-15,0.0003159365491269562,2.256800073322592e-10,162764007544.15213
628,326543,0.14942448,224007578433090.06,0.00020247031767390298,1.4987366336477742e-10,303530489560.40857,7820957.600000001,0.2613432561610123,6.670510035651867e-16,3.0461301518656158e-05,2.238361350503365e-11,45665625800.50053
629,276554,8.809072,7579486006542773.0,0.005352643431946152,4.506240914103615e-09,4605511907548.144,418402502.25,0.2613432561610123,1.1622255113863688e-15,0.0003389773711079926,2.5954736738913273e-10,291662304593.2291
630,273007,3.3676777,1434079243990300.0,7.013867771410231e-06,5.59643855307226e-12,2986759151.884372,6203399.21,0.2613432561610123,2.3483205088649753e-15,6.744630676065473e-06,4.476276291581331e-12,2872108236.760827
631,211540,4.2613072,2154650774418671.5,0.00011710253089525802,8.326460593134057e-11,59210717988.0986,40598216.0,0.2613432561610123,1.977725230739403e-15,2.995843603877184e-05,2.2664111994730635e-11,15147926300.951029
632,284034,0.69151795,699314051007652.5,9.900369285069454e-05,7.072787075136316e-11,100119850124.11688,8482067.65,0.2613432561610123,9.888517884112025e-16,2.9414464481660396e-05,2.276340829929923e-11,29746080076.28817
633,194441,0.59651035,969868155331989.6,0.0002514466054677342,1.891928315968689e-10,408827869306.00946,11537837.200000001,0.2613432561610123,6.150427217561465e-16,0.00012771446149796066,6.206961492499967e-11,207651366287.68558
634,386239,4.2316656,4431189136220417.0,0.00020764160876088187,1.6274015101178824e-10,217431935304.2806,49136964.56,0.2613432561610123,9.549729135708705e-16,0.00010526664040353996,6.530782392305615e-11,110229975015.65044
635,339536,8.132506,5649323133368842.0,0.8044400733524988,7.057155470323908e-07,558811996671038.4,415344319.29,0.2613432561610123,1.4395540506372787e-15,0.000334910120956566,2.570144358693507e-10,232648521122.4296
636,208238,0.16468863,714144469940875.8,0.0,0.0,0.0,1432459.0,0.2613432561610123,2.3060968323907153e-16,9.060256549575454e-08,6.324967450779013e-14,392882745.52559644
637,302559,3.582515,1972975852971658.5,0.0023145322563504485,1.7164770124018279e-09,1274667727198.1956,211656592.37,0.2613432561610123,1.8157926234140596e-15,0.00036824386761201785,2.629852995000081e-10,202800618784.1233
638,19827,3.4270034,3420009526300918.5,0.0009652010688073817,9.128948622520962e-10,963231273746.9341,38847694.63,0.2613432561610123,1.002044986613428e-15,8.531463958707613e-05,5.6213805345343225e-11,85140528346.34767
639,109839,1.7070385,3633330183009542.0,0.0013898179349542193,1.1013447498824302e-09,2958145028338.3516,47617691.06,0.2613432561610123,4.698275174611393e-16,0.00015759064573470785,9.664965129479456e-11,335422340918.42566
640,181519,1.6451392,2590504986243976.0,4.284771473806766e-05,3.714423981655947e-11,67469803575.359314,2076733.6,0.2613432561610123,6.350650582554252e-16,4.932192035950087e-05,4.22162463879151e-11,77664358506.81528
641,143225,3.3851914,4754679640609408.0,0.0029108431453240594,2.2799147103728843e-09,4088432530012.8545,64479738.93,0.2613432561610123,7.119704492995283e-16,0.0001694139039655489,1.0495663461650267e-10,237950752214.8239
642,157950,16.319857,4137854716992485.5,0.03985403382762981,3.125204354000268e-08,10104880322470.723,299938388.23,0.2613432561610123,3.9440381831147885e-15,0.00037036104291630987,2.750836996162182e-10,93904020630.9105
643,293130,2.4358559,1835494936301478.2,0.0001460736480971051,9.716866024021824e-11,110071142307.44128,19460006.3,0.2613432561610123,1.327083966196196e-15,0.00012487357083610585,7.110649392932073e-11,94096209446.36185
644,392556,0.8722086,1281500246612659.8,0.0018895599660348514,2.1563778974441857e-09,2776252793727.4077,13867970.0,0.2613432561610123,6.806152416322005e-16,5.7471611839986443e-05,3.8402205470808636e-11,84440677088.22142
645,163643,1.4588518,2199699305474353.8,4.894506724979722e-05,3.4788818811684224e-11,73800800352.56117,5438157.5,0.2613432561610123,6.632051009742016e-16,8.989948909023073e-05,6.299638264670483e-11,135553072432.90909
646,246539,2.6315875,5611567304255290.0,0.0003233998443512448,2.2632949872355273e-10,689614156003.817,46316996.31,0.2613432561610123,4.689576650010861e-16,0.00017482586319551288,1.6421217759456008e-10,372796685592.30817
647,309827,0.7040479,8084443415584045.0,0.0003438009295174325,2.8043914408971755e-10,3947798382622.662,24762092.8,0.2613432561610123,8.708674967565932e-17,0.0001366662217191763,1.311831382319847e-10,1569311315764.6577
648,404585,1.4412082,2056192022515420.0,7.414502912694154e-07,5.250457534011759e-13,1057837565.731243,1412163.2,0.2613432561610123,7.009112885463458e-16,3.454945002886558e-07,2.4465621274414725e-13,492921866.05411035
649,336198,13.061076,9159168824824202.0,0.22296396087898535,1.965114554947915e-07,156355001650869.03,799488261.09,0.2613432561610123,1.4260110551298511e-15,0.0003669048770520863,2.75184967745041e-10,257294553034.63712
650,324355,0.6280883,9678290926856592.0,0.003933511145349653,4.396068801718025e-09,60611963682060.03,3720870.4499999997,0.2613432561610123,6.489661291923951e-17,7.3982554553838e-05,3.46700755322539e-11,1140006407513.216
651,337837,6.308689,2180595218725357.0,0.013972732522231773,1.058407704909231e-08,4829668054726.886,1234107731.66,0.2613432561610123,2.893104114796544e-15,0.0006710935320442747,5.068278177052754e-10,231963145955.2464
652,369516,11.360925,7756167200128211.0,1.2183176800491184,1.0603032827875516e-06,831752311482847.4,692715810.39,0.2613432561610123,1.4647601975125294e-15,0.00042724097095498336,3.6894318559461464e-10,291679806483.3604
653,196562,1.8502576,4015010272975619.5,0.0003633469733159082,2.590525856672096e-10,788453364827.6704,24524631.75,0.2613432561610123,4.608350848947467e-16,9.522489274138607e-05,6.59837989080328e-11,206635509887.7403
654,352355,4.213166,2517884837918004.5,0.003434749939111027,2.584876182598131e-09,2052685508647.759,276687641.05,0.2613432561610123,1.673295750684052e-15,0.00028116661582195643,1.987262238040396e-10,168031632009.47235
655,101335,13.1475935,2348348769133194.0,0.007204299878406768,5.4893483179168766e-09,1286791286323.4595,231644972.5,0.2613432561610123,5.598654540932158e-15,0.0004660861920560567,3.632346500573954e-10,83249678766.29425
656,67904,2.887946,5620569195473764.0,0.0015285828727702071,1.0631088693536415e-09,2974953758630.1885,123141617.48,0.2613432561610123,5.138173554247243e-16,0.00011232079166901587,7.487719987952151e-11,218600618455.50327
657,10605,10.179851,4482286928701043.0,0.0009341453118737434,6.533886965522826e-10,411313222651.1998,68153718.99,0.2613432561610123,2.2711288148057265e-15,0.00020818783489290728,1.3375310397854243e-10,91667118807.04828
658,412885,9.693381,8364528848740730.0,0.26518222049003626,2.349383559760656e-07,228828757836097.97,920746101.88,0.2613432561610123,1.1588675435627588e-15,0.0003183549767479667,2.0673571695054324e-10,274712134718.37656
659,392263,1.2661109,2438382739516411.0,0.00048343255781197635,3.028689867150068e-10,931035033889.2058,22801003.8,0.2613432561610123,5.192420695411827e-16,5.158687618969791e-05,2.9844301285728946e-11,99350340074.10371
660,257229,4.386214,5121592414121168.0,0.002685297870379312,2.1544452281667823e-09,3135506202522.3604,44525497.6,0.2613432561610123,8.564160607365797e-16,5.0051422345297873e-05,3.8015030231532314e-11,58442881491.795044
661,322821,2.4763622,2163971939988342.2,0.0630282984293427,5.341164784308459e-08,55077350650203.31,33781997.27,0.2613432561610123,1.1443596630062314e-15,0.00011736936152256108,9.4510511495979e-11,102563350768.78883
662,160667,2.5984821,2073841801582316.8,0.00013199864984746022,1.1513644881116224e-10,105347778922.96825,31129581.85,0.2613432561610123,1.2529799032970543e-15,0.00010850433820546766,7.829180397739702e-11,86597029944.33714
663,173132,12.956427,1.0292972197244848e+16,0.004739779942748127,3.608858028086095e-09,3765422610088.82,233434061.88,0.2613432561610123,1.2587644027123755e-15,0.0004004677041706579,2.988078110733189e-10,318143493180.879
664,131426,3.6719997,4449775939721791.0,0.000846773498739229,6.533020316113271e-10,1026130895676.2338,34708262.99,0.2613432561610123,8.252100217498998e-16,0.0001461165932795771,9.159767461279937e-11,177065946157.23334
665,40696,0.71168005,894497677660594.0,0.0018731411798406513,1.4067718423637813e-09,2354316993005.3364,173013856.94,0.2613432561610123,7.956197850186461e-16,0.00021379271391511404,1.5028886940320779e-10,268712163700.28253
666,280299,8.379216,6312202567364679.0,0.05261269129388164,4.5173005940890486e-08,39634014096450.664,520974759.7,0.2613432561610123,1.3274631019166248e-15,0.00041174007356645226,2.805402401865986e-10,310170635230.44183
667,344262,1.965328,5013923507261537.0,0.00035819969396106333,2.639072319758839e-10,913835179596.11,12531714.66,0.2613432561610123,3.919740692401202e-16,5.8422464170683366e-05,4.330893573092504e-11,149046757822.37582
668,281228,3.275928,1459546119463316.0,0.0002644764578416844,2.2591338149343844e-10,117833965744.12924,48347339.1,0.2613432561610123,2.24448406002037e-15,8.27893148723978e-05,5.936053532802373e-11,36885677357.6937
669,317530,2.449792,3167764618681071.0,0.0051515912951016945,4.336120018664891e-09,6661393552811.236,25559000.66,0.2613432561610123,7.733503889629256e-16,7.791012360511984e-05,5.414878446204662e-11,100743627619.55609
670,112498,8.713416,5403099185451493.0,0.927550814463506,7.040638657603328e-07,575164671363405.4,237940706.63,0.2613432561610123,1.612670006773509e-15,0.00019146610162482062,1.2077494959834962e-10,118726150310.12418
671,303869,0.96311307,4389467865777095.0,3.3485817804630055e-07,1.7086361862105205e-13,1526143978.2214785,1959798.0,0.2613432561610123,2.194145394044237e-16,1.7390666783563014e-07,8.87370371005737e-14,792594092.9333143
672,360934,6.275317,2526751337248254.5,0.006940046651387934,5.4498577779528004e-09,2794404196148.1357,395278229.63,0.2613432561610123,2.4835514708123603e-15,0.0003384503594632592,2.499238124688281e-10,136276764722.15547
673,205061,0.9639711,270033984803701.78,0.0020333133646199307,1.5306343479574785e-09,569585239851.0103,143333356.5,0.2613432561610123,3.569814002118097e-15,0.00018863479758278432,1.2459294437714328e-10,52841631936.80697
674,216329,7.7595334,4594033426988288.0,0.0011241418608418639,7.772217176691608e-10,665548431737.4469,106247056.87,0.2613432561610123,1.6890459164740817e-15,0.0001370682547740934,1.0477481895484265e-10,81151289871.51884
675,338884,8.254018,6880820552248740.0,0.12825063546379217,6.763967398397857e-08,106913942801944.73,291687450.01,0.2613432561610123,1.199568850448001e-15,0.0003049024872383773,2.0968637255022746e-10,254176729517.86462
676,315422,1.2644149,1587124757406371.2,0.0011957294667335884,7.83280055449237e-10,1500909108088.8054,39266493.02,0.2613432561610123,7.9667013831116e-16,0.00013895633093114157,9.566306649412371e-11,174421412638.49982
677,359034,1.177607,2305781623027206.0,5.742862469636816e-06,3.486544971959661e-12,11244656957.763674,3420212.9,0.2613432561610123,5.107192234683299e-16,6.9022910150356e-06,4.187675770170532e-12,13514844748.082243
678,264365,2.353003,2015307104858862.2,0.00029678985998766983,2.0261005956752727e-10,254195474244.28183,40516745.3,0.2613432561610123,1.167565476411491e-15,7.500790681217561e-05,4.9217386753629027e-11,64242998210.86881
679,151840,8.645517,1943194353476421.5,0.006190571862988886,5.775721293017899e-09,1391412947189.8574,253547699.41,0.2613432561610123,4.449126246447228e-15,0.0003027904604810095,2.3286359641238303e-10,68056162875.30557
680,253685,1.1981975,1839057311651907.8,4.2439544603665145e-07,3.128830276289231e-13,651384724.192361,2436100.9,0.2613432561610123,6.515280912717917e-16,4.023744813941669e-07,3.1838601238054227e-13,617585775.3250922
681,323990,0.37116075,4253008185186586.0,0.00015281799732958743,1.514724013406221e-10,1751090850760.9094,1008883.44,0.2613432561610123,8.727017062717376e-17,7.398221158300956e-05,7.333078198112714e-11,847737675443.1753
682,377051,6.4423304,3749343463164579.0,0.0007877548420738433,5.278742815623811e-10,458461967071.07874,144103255.94,0.2613432561610123,1.7182555994916626e-15,0.00020278412028963043,1.0496660430799961e-10,118017436026.17859
683,253181,2.270955,1873365521958963.2,4.1388383711567434e-05,2.89146890571744e-11,34142275410.5028,8544074.4,0.2613432561610123,1.2122327294810467e-15,4.978059401972617e-05,2.4272012753757504e-11,41065211991.95562
684,407595,5.243224,2915133448777610.5,0.1509412133867929,1.202640914733771e-07,83920461903385.94,156449515.85,0.2613432561610123,1.798622290241504e-15,0.0001971498835301956,1.5927289462218317e-10,109611609174.33308
685,301351,1.7686125,4527070152391317.0,5.5543110687914455e-05,3.3574546608477995e-11,142172216110.77875,11236055.2,0.2613432561610123,3.9067486044274627e-16,2.4284510214468154e-05,1.4415566384534025e-11,62160411824.16208
686,378141,0.70589393,1267783256757341.8,0.00016650937985300331,1.1019570856743058e-10,299050317475.7231,6006295.5,0.2613432561610123,5.567938574969764e-16,5.743897465249642e-05,4.1494017727697955e-11,103160216081.96053
687,399268,1.2437961,1135703336784191.5,0.0008146120752170049,6.237525036540999e-10,743817778499.7455,48328744.1,0.2613432561610123,1.0951769354855284e-15,0.00012612344552169108,9.20416605459533e-11,115162620244.35016
688,254628,7.2040763,4776501908143204.0,0.0009371951015064107,7.064433528298525e-10,621386282464.5311,64935437.46,0.2613432561610123,1.508232685455051e-15,0.00021492796572588507,1.6578883933193118e-10,142503187869.21054
689,133096,2.286494,5239369615814434.0,4.406470499349507e-05,2.6672333124185727e-11,100971739472.19832,11884165.700000001,0.2613432561610123,4.364063174887454e-16,1.652492531766032e-05,9.925426676681111e-12,37865916819.79142
690,413090,8.413017,6534405711924588.0,0.4648852869409931,3.640944073998184e-07,361077253781482.5,468924605.2,0.2613432561610123,1.287495354726314e-15,0.0003017163517859123,2.091600199252174e-10,234343643010.69568
691,288257,3.3779836,3778354068746939.5,0.003338004020510523,2.545883128975184e-09,3733635969218.316,114924126.25,0.2613432561610123,8.940357463958588e-16,0.0002049844994914729,1.5636174601363166e-10,229279981609.04678
692,355878,2.518705,4986920611256896.0,0.00031930630282955147,2.4544641811861977e-10,632211863987.6152,59521925.72,0.2613432561610123,5.050621809207405e-16,0.0001477568011977707,9.683566732619976e-11,292551703096.0554
693,245572,2.0735486,1576930885611233.0,0.0002075258886952071,1.6021481743294102e-10,157823155650.84467,11483344.16,0.2613432561610123,1.3149267472152234e-15,4.015358609557098e-05,3.3488762374798083e-11,30536747526.51355
694,186901,8.545882,3544816542355682.0,0.007048637365250696,5.888157735677883e-09,2923762150402.619,221611331.24,0.2613432561610123,2.410810798778573e-15,0.0001914300825266932,1.3567649279006172e-10,79404855256.03271
695,329105,2.1248913,3555849480362416.0,0.6085396531890217,5.861370109719009e-07,1018346401800462.9,61322810.42,0.2613432561610123,5.975762786740424e-16,9.175438281828912e-05,5.4930578478009583e-11,153544218692.6868
696,284309,1.7380668,1.165685233230411e+16,0.001478368560302408,1.2661836434658987e-09,9915110282393.172,31577514.94,0.2613432561610123,1.4910258365231013e-16,0.00018509945088687925,1.608171094017953e-10,1241423497519.732
697,302098,19.51605,7421184694298743.0,0.012378940078640469,9.336939780929684e-09,4707223062210.229,665035512.52,0.2613432561610123,2.6297755417666705e-15,0.0005459321374501167,4.0393495242506846e-10,207596476877.78027
698,301820,1.4279137,6352524550318841.0,0.0001411614952629098,1.2139771077667986e-10,628001443096.562,5818459.2,0.2613432561610123,2.247789345305767e-16,2.9788193646933097e-05,2.5620651664638484e-11,132522176551.56207
699,213143,11.967359,1.2435539986545528e+16,0.5427354876452161,5.014485221082076e-07,563968111822280.2,1754184035.23,0.2613432561610123,9.623513746043942e-16,0.0005615964115364054,3.9184012828000083e-10,583566903270.9261
700,381194,0.9194372,766918314311361.6,0.00037966317684165127,2.815412604750849e-10,316683557712.80035,29485931.71,0.2613432561610123,1.1988723998925355e-15,6.910453397140475e-05,4.458563782240111e-11,57641275232.959854
701,238915,4.444237,3787773896686718.5,0.0005578845909855545,4.380881260598417e-10,475478848472.48914,124844466.22,0.2613432561610123,1.1733110584788363e-15,0.00021733378288917317,1.5507291005237617e-10,185231172346.52173
702,129161,1.4540935,4285999360416500.5,7.450749094308933e-05,7.860837147708953e-11,219613840876.33917,8128584.7,0.2613432561610123,3.3926591623632336e-16,8.025857865368605e-05,6.00826861835946e-11,236565404341.3548
703,241168,0.6691732,1227672191678904.5,0.001073264625090627,6.246258088835821e-10,1969022570743.1914,26784728.9,0.2613432561610123,5.450748208973207e-16,9.163487263031329e-06,5.6183502570585696e-12,16811430122.466644
704,295330,0.6515418,1826084919257551.5,5.974460508214392e-05,5.784335754725882e-11,167447003933.59424,1032868.9,0.2613432561610123,3.567970980587822e-16,1.6513789417133986e-05,1.5988272487567384e-11,46283418522.68469
705,354036,5.276623,1.0462065399176322e+16,0.1326660176161065,1.2783738769607077e-07,263039552484227.94,436405594.09,0.2613432561610123,5.043576768709005e-16,0.0002484398030488005,2.030109001884459e-10,492586540151.7289
706,291281,44.661064,3.599757815185855e+16,0.0987148241902563,8.112674296166304e-08,79565829388563.78,3921948214.72,0.2613432561610123,1.2406685753023126e-15,0.0009998730948275023,7.437284275554707e-10,805914742044.5175
707,293676,1.9169946,1920098096231175.2,0.0009107677638898069,7.941026298735356e-10,912242240825.0616,69530073.6,0.2613432561610123,9.98383678293694e-16,0.00013810176714633301,1.19638294897303e-10,138325345404.6428
708,28547,18.838795,4670519548465490.0,0.004482732091980673,3.2527117313255554e-09,1111360247092.7324,277218879.25,0.2613432561610123,4.033554469585623e-15,0.0002907803537924256,2.078171193256269e-10,72090350083.28479
709,376143,6.6313267,4284931879750290.0,0.003753606705969746,2.925511671236383e-09,2425449652247.451,363694662.28,0.2613432561610123,1.5475920938996232e-15,0.0003238966864933778,2.5696323965114704e-10,209290734793.8324
710,162050,3.4450634,5595134746956787.0,0.001730220437839846,1.5979593950701174e-09,2810054668849.4927,100523806.16,0.2613432561610123,6.157248316269383e-16,0.00017223949075530795,1.3158618442953445e-10,279734520857.6323
711,309162,0.26236284,959867589662876.5,7.471194561038533e-05,6.182076450905764e-11,273337394701.41617,1208525.1,0.2613432561610123,2.733323250263578e-16,3.103147248233653e-05,2.5677143554847578e-11,113530196179.11684
712,171763,1.0016104,2286643994924326.0,6.180915637980417e-05,4.706241353101266e-11,141108295468.19583,6463908.4,0.2613432561610123,4.3802638374109785e-16,3.234455535252598e-05,2.3072903630978415e-11,73841568802.95073
713,6,4.439132,3916763745986492.5,0.0015825302989400016,1.3075602149892268e-09,1396308400338.9321,150050379.01,0.2613432561610123,1.1333673123758812e-15,0.00022585223693071403,1.6245523389427192e-10,199275410949.747
714,190864,0.9567954,5358977202967194.0,8.265417557562046e-05,5.60399037369218e-11,462943114734.66315,6909131.2,0.2613432561610123,1.7854067367001208e-16,0.00010419650682500707,8.1265677228774e-11,583600950322.3245
715,279788,9.5057955,3337182231863219.0,0.003314401563709984,2.2756027595103717e-09,1163580892064.4912,56766367.6,0.2613432561610123,2.848449631919775e-15,0.00020277188048512218,1.672931614853127e-10,71186753036.75972
716,367257,4.1509314,3411170689490782.5,3.606386063607223,3.7967144906757013e-06,2963671824392231.5,495143415.34,0.2613432561610123,1.2168641729914866e-15,0.00024235844200859045,1.8104402442811172e-10,199166387989.53778
717,153295,2.5337102,4182459038988109.5,0.00024139208674278114,1.6873991038659526e-10,398471978025.5638,22894465.0,0.2613432561610123,6.057943846864302e-16,5.619500769997382e-05,3.920562681710699e-11,92762510053.73933
718,77562,6.7201476,2651467059748346.0,0.0016495353139182737,1.2859196705931235e-09,650832215165.3262,103042530.39,0.2613432561610123,2.534501635723816e-15,0.00025373250775983836,1.8771773402941257e-10,100111400278.25476
719,360117,3.0070152,2407189266174577.0,9.523539969664058e-05,8.079298609577408e-11,76238268403.0326,8972018.95,0.2613432561610123,1.2491810437401319e-15,4.461331878031342e-06,3.892450887479568e-12,3571405362.2474246
720,207486,3.5739439,5769793571939964.0,0.00043549690883297324,3.7755095168920605e-10,703068468753.5844,30057643.95,0.2613432561610123,6.194231830721011e-16,0.0001558141142023627,1.0849211534587976e-10,251547114251.65674
721,331705,5.3174515,7004697511766247.0,0.014275489507986933,1.1874167105446958e-08,18805152399761.66,201296374.74,0.2613432561610123,7.591264991911399e-16,0.000206279389098096,1.3197795193111594e-10,271732562778.25845
722,240672,3.5898068,2539377493981661.5,0.0004891698755593833,3.8093581462128683e-10,346031706422.00244,36014646.93,0.2613432561610123,1.4136562242155258e-15,0.00014723209218928433,1.0577791326519109e-10,104149856002.6411
723,290766,4.4374924,7115886461270872.0,0.027424360220391412,2.1332771173980418e-08,43977232186650.89,218080410.09,0.2613432561610123,6.236035979707692e-16,0.00024375282157236542,1.8254016871424912e-10,390877830669.26935
724,226986,2.781465,3073772229815637.0,2.6655230812936535e-06,3.2000795736549514e-12,2945645846.77968,832955.25,0.2613432561610123,9.049027683377926e-16,9.060256549575454e-08,1.0877242864578204e-13,100124089.20151891
725,10609,0.82736945,1344135829974165.8,0.007264344777089474,6.7134203240332276e-09,11801579205240.967,8495989.64,0.2613432561610123,6.155400604237311e-16,9.512577371620742e-06,7.374078867368321e-12,15454034567.745901
726,314999,1.0313097,1046813905889048.4,4.364678227111903e-06,3.215443863502414e-12,4430294665.968814,1357410.8,0.2613432561610123,9.851891479451825e-16,4.435584702662173e-06,3.2676804270764405e-12,4502267114.810907
727,295329,2.5857627,3562741273316912.0,0.0003362892826426299,2.5792112470782024e-10,463349443104.36304,37343647.29,0.2613432561610123,7.257789723228078e-16,7.485389375015037e-05,5.5936169366872155e-11,103135936152.27707
728,242660,2.4889104,4757685484643887.0,5.176813109873847e-05,2.944265280261518e-11,98957554235.62448,7419422.3,0.2613432561610123,5.231347065780863e-16,3.9728853414121675e-05,2.2282423322878516e-11,75943830364.44841
729,237271,2.364583,3655789870691414.5,5.8048425890849094e-05,4.568999614173267e-11,89746415068.25829,9588854.58,0.2613432561610123,6.468049542335402e-16,0.00010474455658529604,6.378289740852072e-11,161941487769.5513
730,208933,3.5090256,4600546593740685.0,0.0005165431036260528,3.3637088369088903e-10,677219515271.4413,46623795.18,0.2613432561610123,7.627410196810606e-16,0.00010372336539127718,8.277864172569732e-11,135987658608.74901
731,81234,11.096214,3279494399830583.5,0.004420654865655223,3.1380951368018087e-09,1306527872975.4243,181740875.82,0.2613432561610123,3.383513629592788e-15,0.00041608095066423845,3.1589085638688965e-10,122973038153.33368
732,404846,5.532737,3964836771809803.5,0.5478744719987833,4.798952995714125e-07,392614514826324.9,118304753.97,0.2613432561610123,1.3954513939484342e-15,0.00019218446331399424,1.530925380917018e-10,137722076273.97733
733,118090,1.5216485,570141246524421.8,0.0018199868334128435,1.7570270125747037e-09,681924611275.228,69644049.01,0.2613432561610123,2.66889741669448e-15,0.00016027637971690857,1.5985367229276734e-10,60053405842.55812
734,409782,1.545261,2990052752164484.0,0.0002680998744127961,2.362994071576899e-10,518768523468.1608,21720918.41,0.2613432561610123,5.168005811540928e-16,6.602134008517923e-05,5.241872952184784e-11,127750127404.54689
735,98103,14.709129,3534257402926179.0,0.0023538371238824825,1.9148791855384237e-09,565571644681.6211,245377736.44,0.2613432561610123,4.1618725868188366e-15,0.00028888040053663043,2.2930076459178083e-10,69411159162.23631
736,286280,6.10369,2726645122189954.5,0.003058265490332318,2.271156597257583e-09,1366190727506.8826,427159428.99,0.2613432561610123,2.2385348024673305e-15,0.00023396838199741022,1.828790187804411e-10,104518536740.87552
737,389463,0.62441957,1108780049394428.8,0.00021889796253804752,1.512792403269334e-10,388696487708.21857,34785575.45,0.2613432561610123,5.63159095747649e-16,8.255511418819049e-05,5.131899558382385e-11,146592880789.02548
738,358775,1.6554177,1450724633044853.0,0.00035827183286179744,2.685277639796222e-10,313971376081.54,29281760.89,0.2613432561610123,1.1410971195308976e-15,0.00010728546777719465,7.67866035425378e-11,94019576371.64088
739,212358,6.4378448,5655928448505371.0,0.0008868584657248266,6.157476649179502e-10,779143980931.4559,52181871.2,0.2613432561610123,1.138247214160083e-15,0.00022983801258541367,1.3378881761070193e-10,201922754324.5182
740,124693,5.672699,7371458763462740.0,0.0017601443936617763,1.4825951292272864e-09,2287241367049.0737,170799161.96,0.2613432561610123,7.695490379892258e-16,0.00020097405148258036,1.3453480277648e-10,261158212877.12936
741,168036,23.241203,5913605030547188.0,0.10280547641176888,7.44540623962018e-08,26158326764601.504,501346036.37,0.2613432561610123,3.930124328551831e-15,0.0004494946478409598,3.281162478909381e-10,114371610225.01015
742,424921,0.7838203,3703167880148505.0,0.0,0.0,0.0,1197186.4,0.2613432561610123,2.116621026558934e-16,2.0624929950794208e-07,1.7227835156492096e-13,974427150.2548989
743,197441,1.4813796,4826376306484809.0,0.00030664327575458735,2.3680503460573097e-10,999052397268.6191,9891891.4,0.2613432561610123,3.069341273720391e-16,4.45123080522086e-05,3.300458789986036e-11,145022348714.7606
744,406884,4.7308846,5482009418764434.0,0.17419153981956345,1.2628896806619887e-07,201848014208574.6,212225409.4,0.2613432561610123,8.629836686902799e-16,0.0001770951588482359,1.3287638642665162e-10,205212642224.1652
745,355583,2.0188758,5213548255289448.0,5.120213797792261e-07,4.0076953458792747e-13,1322244870.743847,6693280.7,0.2613432561610123,3.8723642731257603e-16,2.2348487354813765e-06,1.8184731070474861e-12,5771277126.460558
746,270651,3.2593658,2143558831114004.0,0.0002514440299609641,1.6550866320170255e-10,165365013940.35574,68574068.39,0.2613432561610123,1.5205394658126144e-15,0.0001222670264419238,9.447954580274718e-11,80410294629.59795
747,394252,1.1229771,2209982222321157.0,0.2543442033132855,1.8479847718522844e-07,500541077527581.7,27144141.25,0.2613432561610123,5.081385219563127e-16,0.00014445171506423122,8.719397048884449e-11,284276253073.86255
748,182652,1.6743596,990903373651371.1,0.00031323317563784216,1.954273427229419e-10,185374641432.50366,46124204.38,0.2613432561610123,1.6897304465017281e-15,5.966012777179727e-05,3.932942698459993e-11,35307482264.58986
749,384645,7.4012413,4946355509352714.0,0.7015181842249233,6.052537639293884e-07,468834644730751.0,200228202.4,0.2613432561610123,1.4963019309884854e-15,0.00021947536442525065,1.5320999934135755e-10,146678527829.11337
750,53360,0.51754075,1712229236277214.0,3.3768222812014298e-06,2.8174680877633094e-12,11171861994.607002,1198530.8,0.2613432561610123,3.022613672484967e-16,6.5346723245698705e-06,5.452235624290899e-12,21619277329.601807
751,317310,0.38038886,364474850375712.56,0.0009762463023291298,7.313236827467074e-10,935403904760.1243,77439101.98,0.2613432561610123,1.0436628469917272e-15,7.448945776223782e-05,5.690486992446966e-11,71373104807.69493
752,291049,1.7276226,1646088906729207.5,0.00013362096385301507,1.0758009637672272e-10,127314835025.26105,12447814.56,0.2613432561610123,1.049531767656949e-15,1.085107159381031e-05,7.184140085599628e-12,10338964410.801048
753,63577,7.817439,6004397863942558.0,0.003028319170250737,2.153584766452965e-09,2325983376037.8335,126114985.53999999,0.2613432561610123,1.3019521985618352e-15,0.0003382646283646016,2.351420054299127e-10,259813400782.49884
754,285690,0.10531749,150849538347262.62,0.00018172767028633532,1.5211320134139604e-10,260294231923.0855,4926717.4,0.2613432561610123,6.981624945881787e-16,3.179031533670857e-05,2.700981291679444e-11,45534263990.305786
755,186900,0.15997753,1022543381346576.5,0.00017506176963239835,1.3583850420456167e-10,1118958730419.3784,5364114.66,0.2613432561610123,1.5645060436392175e-16,5.829268360904034e-05,4.834584691279184e-11,372594812567.45404
756,144713,0.5695682,4098549997883359.0,1.6872864854633953e-06,1.4061273239024071e-12,12141527601.829983,4295029.7,0.2613432561610123,1.3896822053998263e-16,4.844455861522879e-07,4.62025207816733e-13,3486017049.5808268
757,369360,1.7694558,3538966163644797.5,0.0013328057112758503,1.0283167837286783e-09,2665652521480.204,61620811.56,0.2613432561610123,4.999922910191459e-16,0.0001443132385876839,9.478141076941515e-11,288630927275.95233
758,371249,1.7669857,8269698855686142.0,0.0008754921205018131,6.337535262100018e-10,4097405082042.304,48432413.48,0.2613432561610123,2.1366989667163545e-16,0.00023241791297850934,1.59362194322111e-10,1087742899673.3478
759,258147,2.3063905,1186950105223788.0,0.0005968414363324466,4.0661461373282577e-10,307155707438.40393,53591395.18,0.2613432561610123,1.943123379701923e-15,8.268993020098835e-05,5.517910864666927e-11,42555161995.77253
760,200069,11.386889,4775923798204854.0,0.041291771596972685,3.872726012196189e-08,17318721087034.492,374152266.5,0.2613432561610123,2.384227529819474e-15,0.0002711064252073372,1.974750940817324e-10,113708285730.54204
761,377444,0.7892971,389702682615638.56,0.0007449576798075892,6.417932491189803e-10,367810810727.8482,51567017.14,0.2613432561610123,2.025382773098534e-15,0.00010726334238148176,9.314989652477345e-11,52959541182.126686
762,241169,3.7553911,5345902333895931.0,0.003261417829872815,2.7237676112421266e-09,4642717821993.795,65460934.71,0.2613432561610123,7.024803046229962e-16,0.00020488496612968863,1.30281683798079e-10,291659374335.9756
763,305276,1.8029405,2680514900801694.5,1.6664733906949656e-05,1.3332096734338729e-11,24776229473.725723,4104361.2,0.2613432561610123,6.726097659299608e-16,6.282371348361307e-06,5.438297856319899e-12,9340291602.330812
764,342985,4.3712497,3200382666060899.0,0.0012121968267766149,9.055301152296477e-10,887502196973.5347,83543818.08,0.2613432561610123,1.3658521983498398e-15,0.00013633406050831475,1.0432558953786271e-10,99816115296.38956
765,129160,8.947353,5038148626770208.0,0.0070719074955187845,6.403000267528359e-09,3982107449789.218,99104142.09,0.2613432561610123,1.7759208119542624e-15,0.00020511635520190533,1.8981821812837594e-10,115498593079.82925
766,381613,5.559963,4105814674532187.5,0.002750066014782261,2.0810924030699227e-09,2030815924391.0903,201961100.38,0.2613432561610123,1.3541680374634777e-15,0.00023385067265661614,1.7054066992867627e-10,172689552689.9653
767,398576,1.0812265,1437006778965246.8,0.0,0.0,0.0,913161.44,0.2613432561610123,7.524157267918838e-16,2.0624929950794208e-07,2.2586290930981722e-13,274116146.38537467
768,162051,4.531995,5950475476903193.0,0.0028257505149111815,2.318373969030762e-09,3710189252818.142,81036902.25,0.2613432561610123,7.616189693732823e-16,0.00011081929365679491,8.771701208635395e-11,145504902205.86996
769,368353,0.5846422,660420550018967.4,1.1935112531207319e-05,6.093771530721988e-12,13482081147.06432,5207363.5,0.2613432561610123,8.852574317731467e-16,4.961258965346644e-06,2.5017071540284857e-12,5604312132.584277
770,359239,0.9602016,2329431169251564.5,9.829904449525106e-05,7.390910755474611e-11,238471648198.5494,6791659.4,0.2613432561610123,4.122043238171782e-16,1.6523590752617933e-05,1.0367803053987707e-11,40085922921.92091
771,28546,0.49728918,3733092007039768.5,0.00016029598110720144,1.3292757571439495e-10,1203323277276.7979,1205889.6,0.2613432561610123,1.33211069821538e-16,3.103147248233653e-05,2.57332615542389e-11,232949652937.3211
772,98107,0.7975384,884001592417870.2,9.74170976214489e-06,6.996885976896101e-12,10797833612.286,7545298.3,0.2613432561610123,9.021911349940206e-16,6.917085025721884e-06,4.878924039788487e-12,7666984031.901098
773,220174,5.9825354,3055515826219633.0,0.0006164759992906001,5.1999278485331e-10,314858508370.3795,24959119.33,0.2613432561610123,1.957946134221715e-15,8.813494695836152e-05,8.082204919511385e-11,45013979403.16434
774,289060,3.155031,2933239865111533.0,0.009302395058985856,1.0553315127754158e-08,8648458930525.202,123333360.93,0.2613432561610123,1.0756130235124955e-15,0.0002471121355071956,2.2072956255766187e-10,229740743283.52057
775,289678,0.34312138,409272383600700.5,0.0007355326489400299,7.889524708422285e-10,877337344725.7158,8314655.640000001,0.2613432561610123,8.383692468602044e-16,9.493344095205175e-05,8.367591421114374e-11,113235834100.05688
776,348629,0.38685018,1163141188567218.2,0.00015005775896166927,1.0049369135829995e-10,451178179915.5661,13797281.2,0.2613432561610123,3.325909045285639e-16,5.465664956340928e-06,3.8972960405975435e-12,16433597196.797426
777,276227,0.26743996,812865444289361.1,1.461659143268233e-05,1.0789837465590941e-11,44426128724.08219,1354662.8,0.2613432561610123,3.290088930201806e-16,6.355191489365555e-06,4.691345690872707e-12,19316169332.163746
778,273369,2.4970422,3117668682510090.0,0.012415076853514452,1.0764526131756455e-08,15500777799092.828,83728516.89,0.2613432561610123,8.009325089635848e-16,0.0001590257270147994,1.2499098047838569e-10,198550720859.83923
779,7,19.573936,1.62142630789968e+17,53.16934155644544,4.035806365493154e-05,4.4043348856011565e+17,4431034637.74,0.2613432561610123,1.2072047865903424e-16,0.0007685341015231954,5.376678370809186e-10,6366228083752.561
780,330931,1.0478779,552766290740837.06,0.000957586708288583,6.906228026785982e-10,505136765269.5109,48677662.83,0.2613432561610123,1.8956979062446024e-15,0.00018566360042904972,1.3557563094781625e-10,97939444790.99588
781,399391,4.62431,3718967249305375.0,0.4966330288437733,4.699046537348071e-07,399402715041449.3,132908389.11,0.2613432561610123,1.2434392910730053e-15,0.00031809886848837047,2.77242966298499e-10,255821792645.6806
782,362001,4.310489,3542218776921534.5,0.0015576441161301883,1.3835946850294539e-09,1280020952592.0842,45848788.94,0.2613432561610123,1.2168895462030587e-15,0.00015982588486211367,1.0386234395913446e-10,131339681042.37787
783,272621,6.750143,3139722954476949.5,0.005168837652993565,3.87716007574368e-09,2404203618659.4355,580514025.56,0.2613432561610123,2.1499167594946334e-15,0.0004342530691117837,3.336018111576825e-10,201985991873.4066
784,153294,0.9175291,2649436240025208.0,9.157447653983376e-05,5.019644643844585e-11,264428383585.84354,1824321.9,0.2613432561610123,3.46311070309535e-16,3.606519681724456e-05,1.9769097118904598e-11,104141045173.6621
785,395450,1.5896877,1240368841450088.5,0.0003647763264689772,2.598783234605148e-10,284620173793.09436,38387012.84,0.2613432561610123,1.281624986759205e-15,0.00010235824267147365,8.124996415941278e-11,79865985548.78595
786,289986,0.30302843,232877946813260.47,0.0005351625075142136,3.4820346214093327e-10,411273443753.59814,113587170.3,0.2613432561610123,1.3012328309601235e-15,0.00020862009107661445,1.4240122782908438e-10,160324951932.45523
787,170579,16.126144,7579229710977814.0,0.11124847268460074,8.342499225130085e-08,52286382254308.88,615993097.88,0.2613432561610123,2.1276758476712706e-15,0.00039597608401508735,2.8905513861742364e-10,186107336062.71884
788,380643,9.263916,5321742819467520.0,0.008896486372344957,6.416225742375246e-09,5110669448051.712,430348682.98,0.2613432561610123,1.740767322710819e-15,0.0003714017382927582,2.626889868179435e-10,213355187363.2318
789,122619,4.1374164,5062763766188515.0,0.0009589136657092607,6.567412608692706e-10,1173377995421.4546,84816063.25,0.2613432561610123,8.172248580175884e-16,0.00017586607744541878,1.2275463135866402e-10,215199128758.79965
790,20,10.55841,3734823323278864.5,0.6763994085716064,6.710135332308111e-07,239262567657939.53,488447566.35,0.2613432561610123,2.827017260546235e-15,0.00029874562760932356,2.1059856573371837e-10,105675204668.40025
791,73536,2.8352933,1767268789744962.5,0.0003488164746592075,2.7222386663957617e-10,217421057995.68674,24993128.74,0.2613432561610123,1.6043362031019435e-15,0.0001577461475267174,9.559162805832405e-11,98324869327.08943
792,87621,2.7650075,2741053041320166.0,3.450451923764393e-05,2.185374390091576e-11,34205591628.823456,10986182.7,0.2613432561610123,1.0087391445253817e-15,8.998334756513774e-05,8.58084525298973e-11,89203782814.9075
793,180488,12.518453,4777543867132634.0,0.009609298170898999,7.087146891127462e-09,3667293677887.144,186137295.41,0.2613432561610123,2.6202696088509743e-15,0.00020783141086195284,1.664512112247619e-10,79316803950.22018
794,242661,4.022702,5161480677544741.0,1.7132719839177186,1.703331016551746e-06,2198278729165135.5,140600050.37,0.2613432561610123,7.793697683497974e-16,0.00011713682016899053,1.034226533803646e-10,150296848717.92087
795,424127,1.8822722,4164446920014142.0,0.30639723790879353,2.4611397438914254e-07,677890813937599.1,74373664.97,0.2613432561610123,4.519861187217649e-16,0.00012306690554674075,1.0190485199903109e-10,272280276869.5175
796,251704,7.9908705,5890592154766719.0,0.006632908642985126,5.1910535592015535e-09,4889549845120.447,143644143.36,0.2613432561610123,1.3565479140384412e-15,0.00020087666308635287,1.4506268566405305e-10,148079298200.6388
797,10620,0.18432032,8936197776127841.0,0.0005175650018487937,4.675080711556321e-10,25092530321794.1,2886649.7,0.2613432561610123,2.0626257902705928e-17,8.106769134713888e-05,7.258562279130548e-11,3930315025126.479
798,239542,4.5767856,4100868412473788.0,0.006884570440275498,5.999103906364146e-09,6168678177098.037,195202520.43,0.2613432561610123,1.1160527819128735e-15,0.0002667384260127749,2.0160045115545088e-10,239001622804.6088
799,313370,1.3415123,5047432274399594.0,5.379579354221627e-05,6.248752401062492e-11,202406362246.48828,3286145.0,0.2613432561610123,2.6578113921490437e-16,7.411511486324877e-05,9.070900817273275e-11,278857691264.99615
800,244595,4.910385,3413146328944015.5,0.0011713645406744063,9.205433896587977e-10,814200634340.9006,40871855.12,0.2613432561610123,1.4386681749795388e-15,0.00015239684417109567,1.0025073679249097e-10,105929113343.50125
801,295767,1.3955994,5092923279624724.0,3.4948801510228574e-05,2.798430767990089e-11,127537719496.31593,3274737.4,0.2613432561610123,2.740271791612058e-16,1.974569321725144e-05,1.5810726666397634e-11,72057426119.89363
802,14,0.7706579,4723210578298798.0,0.00012887334148380835,1.4311007499604753e-10,789839343445.434,5415830.3,0.2613432561610123,1.6316399347953166e-16,4.975335475233799e-05,6.193449014612076e-11,304928518181.79706
803,249386,2.4752712,4845323965443145.0,0.0003649705155335223,2.898354834895489e-10,714426922429.6373,66618171.49,0.2613432561610123,5.108577295664101e-16,6.636033369403655e-05,5.146071266636247e-11,129899832875.8964
804,124692,1.496149,2145452753720858.2,0.00045377062406417294,3.4619384078855217e-10,650699519203.0421,7337756.64,0.2613432561610123,6.973581671305644e-16,4.9712627110222496e-05,3.9199218926329736e-11,71287079514.35657
805,329657,0.5253592,637318516648249.6,0.00029701621878155227,1.6889976321777182e-10,360313355080.3543,15479351.05,0.2613432561610123,8.243275321152445e-16,0.00013007068228944546,7.191052737744891e-11,157790049733.84903
806,178840,8.478277,2989830265024008.5,0.00039548423165344137,2.9068307529999093e-10,139465922750.25043,37484292.49,0.2613432561610123,2.8357051231909713e-15,0.0001176361490174449,9.47133342448805e-11,41483914549.29239
807,104414,33.24194,7499991086659490.0,0.18619967531242837,1.295436817823544e-07,42010060338900.31,1579154770.38,0.2613432561610123,4.432263934170357e-15,0.0006443950166622453,4.973968084533748e-10,145387329417.43573
808,94716,17.59467,4362726286472791.0,0.005040601428665813,3.732260140787612e-09,1249853754146.7188,322264158.93,0.2613432561610123,4.0329529850530845e-15,0.00038938311113365066,2.882373703813909e-10,96550372041.7225
809,324188,3.9573505,2858889119882838.5,0.0002628147123046618,1.981087845411925e-10,189863930817.58517,33263001.47,0.2613432561610123,1.3842266468040488e-15,0.00011097483563501064,7.776121082577132e-11,80171000819.29013
810,341593,1.200975,600376587364952.6,0.00037364394694152633,2.971340341680332e-10,186787466645.2882,63066611.910000004,0.2613432561610123,2.000369476882948e-15,7.986877106308018e-05,6.538643602276485e-11,39927009478.0364
811,10614,8.129009,6960828608084087.0,0.7703973516575127,6.434252616128729e-07,659687290912069.4,375012224.98,0.2613432561610123,1.1678220306357242e-15,0.00028633774100378725,2.0690092628225389e-10,245189535299.23932
812,242151,4.6010656,5781098983614771.0,0.0009279164547302202,6.87160959625225e-10,1165898802512.2478,66512060.86,0.2613432561610123,7.958807854770675e-16,0.00018224242066987173,1.315334710843805e-10,228982058614.00693
813,350948,6.0087023,9949568466790046.0,0.04630071591705177,4.0292767180473833e-08,76667493258586.34,431957771.87,0.2613432561610123,6.039158703270416e-16,0.00023917222916044573,1.860366164177886e-10,396035674689.1344
814,308302,0.8669572,929246134672349.9,0.0,0.0,0.0,711512.75,0.2613432561610123,9.329683144775062e-16,7.539704961558728e-05,1.0596725022227259e-10,80814158900.78987
815,2,19.91241,5835710495496477.0,0.006468297200637072,4.8048682378696544e-09,1895657525219.109,442970505.16,0.2613432561610123,3.4121654964492787e-15,0.0003725054584613588,2.7737695175912255e-10,109169809860.91982
816,53361,0.66155624,2065747122811932.5,0.00012080630799876837,7.665174975371414e-11,377224592675.5795,1576041.1,0.2613432561610123,3.2025035043954345e-16,7.398221158300956e-05,4.694180347391293e-11,231013678771.839
817,313940,2.9324274,4904690683675967.0,0.0005476696582998185,3.9094064470061803e-10,916015950060.7312,62538256.22,0.2613432561610123,5.978822293034399e-16,0.00016552966976563147,1.0339128799507097e-10,276859992909.4415
818,92001,4.44526,4846990938693873.0,0.0010380247941046703,6.924565934330907e-10,1131834081958.0654,56719356.66,0.2613432561610123,9.17117456216634e-16,0.00016326753014920403,1.1306947517180544e-10,178022486697.3182
819,179521,8.799946,4279879625892900.0,0.0009737616358318052,7.912467907879072e-10,473591836321.8007,72276737.57,0.2613432561610123,2.056119977478126e-15,0.0002284035637339208,1.7867669496224232e-10,111084745168.45195
820,398794,2.6180346,4090656123801057.5,0.0001946270770079584,1.3308579915714417e-10,304103102541.16003,33587962.25,0.2613432561610123,6.400035888539342e-16,6.93965119030041e-05,4.952131095127558e-11,108431441809.9962
821,203767,2.3388178,2979083774921170.0,0.0007070381821056741,4.71933081000456e-10,900594298778.1147,53532561.03,0.2613432561610123,7.85079566975886e-16,0.00014711249690773447,1.0215682936552504e-10,187385461418.14575
822,225214,5.872887,4771277910109102.0,0.0002928528447845557,2.3796023576481744e-10,237920857192.2395,53990820.79,0.2613432561610123,1.2308834468763336e-15,0.00017355539903887292,1.1188730262109816e-10,141000676773.5093
823,320824,2.8174255,4301885640177525.0,0.00023427831997648485,1.6487513431152622e-10,357716127901.78674,53510055.12,0.2613432561610123,6.549280328808866e-16,0.00014063659344256546,1.1323351224773509e-10,214735950183.6187
824,348778,4.401658,4677850459775370.0,0.00040874943409237384,3.266559954216172e-10,434397385758.26044,46957722.98,0.2613432561610123,9.409573986705354e-16,0.00015838871619070703,1.2183371968951676e-10,168327191448.2973
825,98104,18.024258,6425781026059772.0,0.006648979067762785,5.174970275162571e-09,2370410118202.852,804140508.79,0.2613432561610123,2.804991008392999e-15,0.00048759336426744637,3.8543650284757286e-10,173830633612.90146
826,387135,0.41013885,486774756795291.8,4.153063124302652e-05,3.70173527974572e-11,49290777800.93055,2789869.5,0.2613432561610123,8.425639256648629e-16,4.932192035950087e-05,5.6791189589664605e-11,58537897074.79013
827,199416,12.189012,4419826282797331.5,0.00899980968682956,7.054575422566471e-09,3263397836840.5337,249638888.62,0.2613432561610123,2.757803411288262e-15,0.00018787224716549636,1.260962133404791e-10,68123872208.039276
828,315786,6.604283,4317353629581322.5,0.00043505764476307256,3.1907126532626156e-10,284405998606.50323,63981198.02,0.2613432561610123,1.5297062892298803e-15,0.00014413423212036853,9.530992224061377e-11,94223468344.98006
829,296058,0.409008,1253985295525170.5,2.7789810220902903e-05,1.74292743182014e-11,85201300176.1514,4197713.5,0.2613432561610123,3.261665040726869e-16,1.7694453927147647e-05,1.1093864887823068e-11,54249758041.3849
830,327282,1.6789024,2877968886504852.5,0.00015310833665125703,9.827251271077906e-11,262457799301.98938,26122484.5,0.2613432561610123,5.833636381103973e-16,9.695591036644805e-05,6.321318399105468e-11,166201497715.04932
831,4,2.9936194,3408070582139683.0,8.583752132652536e-07,5.498048851956708e-13,977212839.0025759,2775480.2,0.2613432561610123,8.783912562399224e-16,2.2293322757856153e-06,1.4265151290167106e-12,2537971843.354391
832,195548,5.521429,5848199759599784.0,0.0007026281629699176,5.572021966399671e-10,744211299967.5825,47872097.45,0.2613432561610123,9.44124555755232e-16,0.0001961441368110642,1.3264640512988094e-10,207752394125.75488
833,399625,5.6764135,7828589292954588.0,0.07116877801085635,6.149700835624247e-08,98151964004816.05,277533077.07,0.2613432561610123,7.250876610819961e-16,0.00029081802755934167,2.4175259914828807e-10,401079818577.21155
834,388979,5.6935287,5208637560658385.0,0.3556441798258367,2.600895244735583e-07,325355632838102.3,167727905.47,0.2613432561610123,1.0930936609995808e-15,0.00017952891177144543,1.4551849278378404e-10,164239276264.0989
835,217869,3.0742877,4514935465444850.0,0.00017453426570813419,1.264598578496528e-10,256323097601.12234,13437289.65,0.2613432561610123,6.809150924811934e-16,5.9109841680325106e-05,3.9529587916220226e-11,86809416229.7595
836,109837,27.202414,1.431612179672322e+16,71.25039282745375,6.164688419175646e-05,3.749774934615003e+16,2440092306.9,0.2613432561610123,1.9001245160002963e-15,0.0007504311783164863,5.44195793177545e-10,394937895910.16956
837,312513,0.4398735,1955213960066598.2,0.00018878744519204753,9.969204201964069e-11,839150001818.2482,4661334.9,0.2613432561610123,2.249746109551187e-16,3.573720596590415e-05,1.9919877146667104e-11,158849951175.30637
838,182655,0.7726378,4357812910804510.5,0.0008397936306959611,6.172139876226037e-10,4736583592283.803,23305933.43,0.2613432561610123,1.7729944259065512e-16,4.743766576021088e-05,4.3384721163767506e-11,267556767619.0267
839,160669,1.7815218,7752737759509883.0,0.0007793318303225018,5.387540898513445e-10,3391457409125.8438,31745082.54,0.2613432561610123,2.2979260427256154e-16,0.00022079787443887548,1.4503064186573037e-10,960857183101.4316
840,422980,2.368187,1798163974661135.2,0.0003308424134863766,2.520033952533179e-10,251208586661.9257,37937341.4,0.2613432561610123,1.3170028058460496e-15,5.957373501583422e-05,5.010783453135952e-11,45234326571.96485
841,393926,1.9842585,3721809294881486.5,0.00012595378782990357,7.337374188492943e-11,236247433623.62604,18202987.95,0.2613432561610123,5.331435177855304e-16,6.130072845408296e-05,3.7563313913874347e-11,114979787635.23602
842,347054,7.4041047,7658073614539838.0,0.2142283798886413,1.8640717136666444e-07,221576648357068.84,492773430.12,0.2613432561610123,9.668364490440984e-16,0.00023910769668611566,1.7929506383441727e-10,247309353016.75797
843,77560,5.843037,3055229503159225.5,0.0002032921532899982,1.7660586600692004e-10,106298177556.01587,9100347.95,0.2613432561610123,1.9124707305811475e-15,5.3243769354343354e-05,4.413991342592564e-11,27840305476.551807
844,112496,2.3080409,3346952884748218.5,6.167697161517247e-05,5.129526625336171e-11,89439454071.17157,1202391.1,0.2613432561610123,6.895946789444056e-16,1.97454853524783e-05,1.6421849223998995e-11,28633465360.700905
845,84560,7.9836197,4398046719061064.0,0.00039319888610914953,2.840080535484115e-10,216606894613.3306,25312019.24,0.2613432561610123,1.815264868697079e-15,0.00014262265092812687,1.0954442961023481e-10,78568507212.1158
846,217870,0.2761859,1041854545539265.8,4.228427785842928e-05,3.409920950268475e-11,159508747881.95154,13513086.31,0.2613432561610123,2.650906512646117e-16,2.1037215389403262e-05,1.4815211775232977e-11,79358571451.10733
847,87622,22.55386,7544796084880061.0,0.006846697501568725,5.027401237017724e-09,2290381181056.9814,897839239.59,0.2613432561610123,2.989326649291216e-15,0.0005687974122198205,4.120568011877488e-10,190276098583.83496
848,283802,4.7701306,2823117414221115.5,0.0005882255565351647,4.5735566823384305e-10,348130890199.1763,43512712.96,0.2613432561610123,1.6896678033903367e-15,0.00011220680230245524,1.0341261265811038e-10,66407611056.62964
849,380589,13.217146,1.281959704905804e+16,1.1723473026467617,1.0127605566361954e-06,1137085118185240.5,1483240913.8,0.2613432561610123,1.031011033296961e-15,0.0005780093529634993,4.568037147470894e-10,560623828743.272
850,19818,6.029459,6384544792190087.0,0.0019724959775579806,1.6165635995421846e-09,2088659848443.0693,176648650.94,0.2613432561610123,9.44383538098997e-16,0.0003288508069119315,2.424486343639935e-10,348217428243.0779
851,184846,5.1448846,1831648356203343.8,0.0006577494795448232,4.2922318561748254e-10,234167692119.2519,92318071.26,0.2613432561610123,2.808882274032315e-15,0.0001086387812657155,7.673775974902479e-11,38676872388.01866
852,387666,1.0739294,714382354462550.6,0.00043757268912427013,2.7076465725476304e-10,291075193495.1272,22193627.759999998,0.2613432561610123,1.5032977694528112e-15,0.00017324613226592787,8.65666022692138e-11,115244055959.04538
853,53356,18.906013,6436553709246408.0,0.007818705145828664,6.157396915000539e-09,2661878821721.2935,557215977.87,0.2613432561610123,2.937288159786601e-15,0.00045784256237799283,3.375538450376114e-10,155872538706.33377
854,374162,0.56578964,1939160736963621.0,0.0,0.0,0.0,2756414.2,0.2613432561610123,2.9177036705370045e-16,1.281313769098927e-07,9.931968521390487e-14,439151440.2362529
855,135132,14.259215,6018206174565746.0,0.038156662754243495,2.9672949687126352e-08,16104299106816.963,204123293.53,0.2613432561610123,2.369346377706792e-15,0.00020612350675530293,1.5324767728357642e-10,86995936387.65587
856,404193,0.338263,378866477468752.56,7.780893204764768e-05,5.15753039992404e-11,87148745208.6034,2793393.4000000004,0.2613432561610123,8.928290575085218e-16,5.2746066781205375e-05,4.535470065430121e-11,59077453111.12024
857,249385,2.685268,2234668819083068.5,0.0002236083718345467,1.8788642145524485e-10,186085953515.4756,33567764.62,0.2613432561610123,1.201640250702483e-15,7.725571486493806e-05,4.3095296663179e-11,64291883381.71436
858,234404,0.6110799,500193605369146.06,0.00012595674880289237,1.1205615648415997e-10,103100691585.98509,30600351.38,0.2613432561610123,1.2216867497716592e-15,2.5602792909084524e-05,2.2157099042100902e-11,20956921169.743263
859,118092,2.048837,5040294505256669.0,0.0006515401800080844,5.005198194136922e-10,1602838287891.4668,49399559.14,0.2613432561610123,4.0649152502164476e-16,0.00013553888836971431,1.0734932907226335e-10,333435951370.6889
860,350064,1.8759696,1543325612899012.8,0.00028249971645490497,2.332029415248651e-10,232407309820.77936,52516281.29,0.2613432561610123,1.2155371389684529e-15,4.7912784403176634e-05,3.8137716003267005e-11,39416964621.7779
861,252674,2.1539657,1874332958243867.5,0.0008875037978362225,6.33397053414944e-10,772286029833.7314,62739836.28,0.2613432561610123,1.1491905376396577e-15,0.00013264888497528302,9.070698767780038e-11,115428104070.30748
862,313142,1.8779739,1703773301621958.2,3.83011974009023e-06,3.370654974429788e-12,3474838364.463408,1136313.2,0.2613432561610123,1.1022440005440902e-15,2.222538833573393e-06,1.9559209851415903e-12,2016376439.7686014
863,303279,4.711692,3329901365816782.5,0.010206555688103119,8.655668353528375e-09,7213294868616.12,72018507.19,0.2613432561610123,1.4149644335919488e-15,7.70520760604925e-05,6.350170130215174e-11,54455132744.85102
864,358392,5.135885,6903166121689346.0,0.00803421886469469,6.809469826145404e-09,10798829701404.494,186926043.51,0.2613432561610123,7.439897736001671e-16,0.00019250930543340973,1.4834563065682787e-10,258752623039.23486
865,260540,0.33298945,212556706780764.38,0.00019260454621753447,1.316369135144456e-10,122945000374.64445,29113013.3,0.2613432561610123,1.5665911231088682e-15,0.0001031134568509629,7.692607070210498e-11,65820273924.65773
866,190863,4.666487,3557970462531144.5,3.4401703071370415e-05,2.3801353349697112e-11,26229633424.18031,10674374.1,0.2613432561610123,1.3115586678255489e-15,1.0386270063183793e-05,7.111938368860131e-12,7919028189.873757
867,1,9.226681,3857495248929971.0,0.0010520670634750857,8.93761188265243e-10,439848706041.8421,65834327.94,0.2613432561610123,2.391883956969068e-15,0.00012240789069232526,1.0173346291753404e-10,51176350063.16832
868,399989,8.525023,4691995544044079.0,0.6685685537882072,5.410624403648615e-07,367966241881372.44,409183147.45,0.2613432561610123,1.8169290486265453e-15,0.00034384858465678366,2.538659679086602e-10,189247117226.01715
869,380022,2.0220385,2383068163759737.0,0.00013405493120997828,9.545504293505129e-11,157990087113.32687,9359637.26,0.2613432561610123,8.485021665556788e-16,3.577800153671119e-05,2.394843223287131e-11,42166069748.46591
870,297108,2.728801,1496250809177943.2,0.0011602329293132511,9.453196351089615e-10,636176642899.1515,52672872.339999996,0.2613432561610123,1.823759080537596e-15,0.00019696286084146494,1.671129572429165e-10,107998289326.35416
871,248005,14.63991,8857592648518926.0,0.028089334100781453,2.3499814678844807e-08,16994904970923.576,735491160.24,0.2613432561610123,1.652809130079823e-15,0.0006662145894938142,5.553897997390664e-10,403080172640.1639
872,225708,0.14946675,1228740773407721.2,1.0448278912909243e-05,9.904828695886311e-12,85893526902.9914,1054867.2,0.2613432561610123,1.2164221553865852e-16,6.5346723245698705e-06,6.194781982575504e-12,53720431641.5391
873,87626,0.9199644,1013859744900737.4,0.00021743118425816954,1.6150825136305055e-10,239623103899.94766,13414655.8,0.2613432561610123,9.073882305979805e-16,3.4651106143321214e-05,2.5298985785000335e-11,38187740346.252556
874,208237,7.5660105,2540112535809917.5,0.0028443355947056553,2.7218196775529415e-09,954919703080.2682,168858285.74,0.2613432561610123,2.9786123226180488e-15,0.0002667977130478634,1.8551008141511483e-10,89571143925.62567
875,47975,2.1113985,6844657510491265.0,0.0008384659339826877,6.297997204167723e-10,2718109420048.2173,30890706.85,0.2613432561610123,3.0847394435203196e-16,0.00012253568023859888,9.693370240894655e-11,397231865063.97626
876,169298,0.60289025,1394894366636118.8,0.00023306342783849373,1.726862381022562e-10,539233902954.6729,38099737.8,0.2613432561610123,4.322121190107823e-16,5.0293802655769955e-05,3.60373041623737e-11,116363703014.34163
877,292620,4.2530274,4835800309989207.0,0.0008700164277949244,5.264108892952406e-10,989230803268.8429,27613153.6,0.2613432561610123,8.794878049895099e-16,5.248223018250468e-05,3.2588430089673266e-11,59673630361.62924
878,133095,20.907162,5406675132558607.0,0.0033638476608259275,2.4964951195221357e-09,869904365666.7979,371989962.82,0.2613432561610123,3.866916633126074e-15,0.00035995090619276004,2.6010562111366616e-10,93084733999.49413
879,77564,3.2135408,3068136741276944.5,0.000640339275499763,4.365665767995403e-10,611365649393.181,28768367.6,0.2613432561610123,1.0473916487381e-15,7.743390658285308e-05,4.9133441617169884e-11,73930231042.1757
880,210202,3.631747,1.1846247446494264e+16,0.04742574159656373,4.2857610678912935e-08,154696092620545.97,445325363.8,0.2613432561610123,3.065736231159654e-16,0.0002726645357337538,2.086656955724763e-10,889393330588.7015
881,411862,1.8771505,2046033818101921.0,0.0004812468487746438,3.164889951578721e-10,524543624737.5489,38622116.46,0.2613432561610123,9.17458198096358e-16,6.73209863380731e-05,4.2127568649678044e-11,73377715167.57712
882,140389,10.523514,6183174470757978.0,0.0037544975935273972,2.9189388615043245e-09,2205984965746.315,300386029.1,0.2613432561610123,1.7019597376345668e-15,0.00028077936644868573,1.8241184135810664e-10,164974153171.75543
883,364839,0.65287924,1627603123274500.5,6.855448851437188e-05,6.656009389258593e-11,170903733469.11374,6914089.55,0.2613432561610123,4.0112926220398375e-16,4.932473023952993e-05,4.793162528182547e-11,122964677192.87737
884,225215,1.7133459,3030082510230651.0,0.0002020298829167214,1.363884407245155e-10,357293419133.8151,17922487.51,0.2613432561610123,5.654452953723625e-16,6.169921279430244e-05,4.3645771169829874e-11,109116148457.24673
885,203766,14.624123,4446715968760392.0,0.006753910904334249,5.277879656479278e-09,2053642701848.7224,429316809.95,0.2613432561610123,3.2887468196168055e-15,0.0004203560692499959,3.0671222366143147e-10,127816488257.06032
886,338268,2.5874712,2373127227662118.0,0.00010869275414651139,7.247064442725863e-11,99688736367.25725,16091871.45,0.2613432561610123,1.090321315199372e-15,5.096163686415843e-05,2.8571348741450064e-11,46740017051.61545
887,104413,22.18306,4710716061522330.0,0.0028617550050629,2.0887738864641583e-09,607712158128.397,253853393.19,0.2613432561610123,4.709063274094099e-15,0.00032723593897663217,2.5687811405954773e-10,69490665113.13417
888,352497,3.8687754,4233485213285716.5,0.0006097737229443681,5.168319600754033e-10,667257147968.6217,94399399.44,0.2613432561610123,9.138511663767793e-16,0.00014433755981877583,1.180443944286892e-10,157944274876.88483
889,319576,0.45277113,1455710577112983.0,6.987639276868822e-07,6.669022078741492e-13,2246605344.379634,1047775.7,0.2613432561610123,3.110310092669326e-16,3.454945002886558e-07,3.2974089806497305e-13,1110804035.5942323
890,291282,0.8148822,1441938216316628.0,3.8534826718801294e-05,2.021477979957049e-11,68187572762.02459,4828703.2,0.2613432561610123,5.651297613025218e-16,1.7760904314715883e-05,9.785439551636183e-12,31428010929.348713
891,376770,1.0716183,923272323264638.5,6.510751235202349e-05,4.489656985926129e-11,56094566685.94955,14079924.35,0.2613432561610123,1.1606741293953429e-15,3.237169959682365e-05,2.0322411318808397e-11,27890429171.26773
892,13,0.37494454,668295857386373.5,4.628771795204346e-05,3.805943462905582e-11,82502575328.1259,5179540.2,0.2613432561610123,5.610457342446562e-16,7.4673505633683e-05,6.193525022756247e-11,133097002750.0824
893,175234,0.12657553,258383386992086.34,0.01133823130266111,1.1642676213532345e-08,23145157728996.062,67091821.89,0.2613432561610123,4.898748773034572e-16,0.00013569609648578966,1.070157551299587e-10,277001542174.88385
894,285969,0.95637995,3307807231202153.5,0.0001427822377628423,5.837687589210281e-11,493837327475.50275,3699098.0,0.2613432561610123,2.891280788609993e-16,7.398221158300956e-05,3.0247812693467806e-11,255880410766.25116
895,385168,6.662302,5999211812544880.0,0.030133736632932347,2.3813132518933665e-08,27134565314572.066,316806764.02,0.2613432561610123,1.1105295509100946e-15,0.0002627551839856153,1.8757260088630708e-10,236603504850.71173
896,377643,0.7901735,2178136974091290.8,1.6770999108188784e-05,1.3382373398630517e-11,46229762514.17955,1253215.6,0.2613432561610123,3.62774935368634e-16,4.89107694591124e-05,3.902821626152148e-11,134824004335.94368
897,375350,2.753907,5350143093884780.0,0.19581455255878538,1.542684465892546e-07,380418030113044.5,137180344.27,0.2613432561610123,5.147352045869051e-16,0.000173478824130034,1.1795101730235078e-10,337025372626.80035
898,405323,1.2668765,2061728106635735.8,0.002200020285536479,2.0072897296513097e-09,3580336092633.6035,24932654.45,0.2613432561610123,6.144731188959974e-16,3.8592233908005194e-05,2.869662753012019e-11,62805406324.92195
899,264845,1.6175703,3969671701115240.0,2.1231857111426535e-05,1.797731155192778e-11,52105001147.30858,3946702.9000000004,0.2613432561610123,4.074821349950827e-16,1.6514705097051056e-05,1.3990276063753073e-11,40528660470.60038
900,159346,1.6882629,1817410949611475.0,0.0003204887247338069,2.317923762492829e-10,345005341027.30005,60351438.5,0.2613432561610123,9.289384441977286e-16,4.987938548124618e-05,3.5908954209645836e-11,53695038452.54696
901,295085,2.734807,1632858688938103.5,9.619003231740662e-05,8.586941712826629e-11,57431742005.45573,14793659.06,0.2613432561610123,1.6748583441586892e-15,2.622440545355652e-05,2.322722276828808e-11,15657685645.486336
902,156046,10.690927,6616386578522142.0,0.0025079699337942642,1.8454407108864829e-09,1552129072557.8271,166234049.6,0.2613432561610123,1.6158256282522056e-15,0.00036400228759832736,2.6206229723407846e-10,225273248074.4588
903,84561,0.38695654,4447003424657323.0,3.1436877030385987e-05,1.3898536366314978e-11,361280622921.26556,2261884.0,0.2613432561610123,8.701512075624679e-17,1.97454853524783e-05,8.729663127056161e-12,226920162620.8256
904,112497,11.063839,5062465745820892.0,0.01620499098714419,1.2499060713460723e-08,7414895659974.24,321088332.4,0.2613432561610123,2.1854644664279047e-15,0.00032247563515920303,2.530657845548423e-10,147554737271.14978
905,77561,3.8619208,1786121503767751.5,0.00024208003974081528,1.2875255605323675e-10,111960961139.86128,14780088.65,0.2613432561610123,2.162182579322534e-15,3.529681840429364e-05,1.914033335949316e-11,16324624359.591785
906,87623,4.541824,3210058450403830.0,0.0009077062005406559,7.477813141857724e-10,641546206882.8484,34863092.06,0.2613432561610123,1.4148726791652757e-15,0.00010687522223359987,6.647962196649343e-11,75536989163.33054
907,378420,4.9188995,5304932963047033.0,0.0021296318561093595,1.3884762141397974e-09,2296764597981.637,98816075.23,0.2613432561610123,9.272312269097357e-16,0.00017006799898255188,1.183954549212357e-10,183414874355.9385
908,335163,2.9551878,6932218109237234.0,0.00044237429292018777,3.6774215643117306e-10,1037712420321.4233,50117833.76,0.2613432561610123,4.262975794229829e-16,8.359168182415247e-05,6.987211813638468e-11,196087629531.69565
909,278222,8.580536,1.4328933111147086e+16,2.5214709044535697,2.0686267947766004e-06,4210691258869929.0,1330935584.82,0.2613432561610123,5.988258814136578e-16,0.00039415558030201476,2.966147539830317e-10,658214002660.5486
910,407328,2.296191,6664797976027178.0,0.0008214064527536936,6.726844235863178e-10,2384169288969.6377,58705020.339999996,0.2613432561610123,3.445252216585171e-16,0.00018196319439345093,1.5479705795389918e-10,528156381461.6954
911,213691,0.48324585,2294219129199029.0,4.2227058984256845e-05,1.9292333234766467e-11,200473788841.63782,2188800.0,0.2613432561610123,2.1063630925643687e-16,0.0001222093594050891,5.583395440656483e-11,580191325211.204
912,421111,3.4723008,2351132660593388.0,0.36151911918285423,3.1612539851417753e-07,244788529997102.25,100368326.05,0.2613432561610123,1.4768629853168929e-15,0.00015061868274411703,1.1029769108209527e-10,101985549263.25717
913,53357,3.6833096,4115503233462431.0,7.084842420101167e-07,5.501935074606303e-13,791616645.2176095,8438808.1,0.2613432561610123,8.949840131461103e-16,3.145463594249488e-07,2.806910356389663e-13,351454724.1120358
914,228831,9.6529455,5047518791120626.0,0.009830613373036194,1.1816963010094263e-08,5140421203936.345,169240373.97,0.2613432561610123,1.9124139799104934e-15,0.00020622239934332413,1.432378772792874e-10,107833555657.74307
915,391967,0.893532,1446874283534086.2,0.00014381852933407983,1.100946839920247e-10,232881790007.71405,12993389.86,0.2613432561610123,6.175602194113844e-16,3.119619668045743e-05,2.407207732286851e-11,50515230255.91169
916,330234,1.7257253,2621872947122175.0,0.0,0.0,0.0,898171.1,0.2613432561610123,6.582032519516987e-16,3.454945002886558e-07,3.8466445901972996e-13,524905489.7012411
917,380838,2.585636,1809424723058295.0,0.000755398667134523,5.810537668966044e-10,528627008627.08026,89988677.97,0.2613432561610123,1.4289823539217208e-15,0.00011251091539280647,8.858375632624954e-11,78734992831.80775
918,205792,2.7529106,4811380424009104.0,0.0011527813103442259,9.894521205147374e-10,2014765546601.394,52306256.1,0.2613432561610123,5.721664797617739e-16,0.00015411259417978573,1.4895712563071036e-10,269349218507.0886
919,393343,1.2437725,1164125127130911.8,2.76952569754372e-05,1.812707852906479e-11,25921737735.36085,3118607.0,0.2613432561610123,1.0684182232758656e-15,3.665242643886058e-05,2.53778055835127e-11,34305317562.331512
920,107307,4.391032,1738855556119157.8,0.0006019070327288426,4.913805278373572e-10,238356128611.1656,22673599.66,0.2613432561610123,2.5252425277922843e-15,9.308750209133158e-05,6.310045459410426e-11,36862796767.767944
921,140390,10.972311,5509944946230225.0,0.003303773129016903,2.5453789393780255e-09,1659049589071.7917,221029915.35,0.2613432561610123,1.99136490601544e-15,0.00027571915960605554,2.2381181013650067e-10,138457376030.4671
922,270652,4.549371,4127545109374037.5,0.0008296343141781008,7.204181216440975e-10,752709123097.3917,68563250.87,0.2613432561610123,1.102197766335238e-15,0.0001755415987054383,1.4124336142043217e-10,159265064825.0784
923,153293,4.3744807,6465617647282941.0,0.0012141428031654403,9.474416736566937e-10,1794540580432.3354,112993811.63,0.2613432561610123,6.765758414183828e-16,0.0001734900387891089,1.2899226805607194e-10,256423638221.2555
924,59019,2.6678073,1.3655715617774754e+16,0.08707802519663374,8.011602958864185e-08,445726626747986.94,246376578.29,0.2613432561610123,1.95361954999084e-16,0.0002454756222242816,1.9211467123921534e-10,1256517023621.2703
925,315587,0.24559085,554703996053220.1,9.990962650342441e-05,1.2185414952806387e-10,225660968499.57657,19486946.84,0.2613432561610123,4.427421683409636e-16,2.1757977780991324e-05,2.9010411140276264e-11,49143676245.076164
926,403754,7.850145,6059560674348961.0,0.001381376530774269,1.1773282741074266e-09,1066290482831.6366,170196361.75,0.2613432561610123,1.29549738370157e-15,0.0002444977864262986,2.0314910499564087e-10,188728892471.94415
927,0,0.12111345,1619015634169626.0,0.0003077811062669972,2.5809751673848866e-10,4114344219806.236,2608568.0,0.2613432561610123,7.480684401303984e-17,0.00012608758785314378,1.4356206642446567e-10,1685508719378.2031
928,350137,2.1224403,3213721660851521.5,0.0006563951578997714,5.16479390184685e-10,993889598223.5873,64287956.05,0.2613432561610123,6.604306545444976e-16,0.00014473782116858713,9.603472163474151e-11,219156727769.4182
929,206582,7.721711,6152525018525475.0,0.05335950187610139,4.887319441236424e-08,42515922995404.88,282357246.01,0.2613432561610123,1.2550474767269779e-15,0.0002576836815497795,2.0154889782183862e-10,205317875481.32397
