,id,sfr,sfrd,snr,snr_solar,snrd,mass,z,halo_volume,snr_err,snr_solar_err,snrd_err
0,52597.0,11.721052,1.6878934970215978e+16,0.07168277086621351,5.707238689927988e-08,103226982350706.27,4724547668.25,2.8957850057274284,6.944189322775749e-16,0.0007749730689192796,6.35519838936723e-10,1116002218397.907
1,20925.0,14.855804,1.4053520573660622e+16,0.046731355032331286,3.89389226062007e-08,44207641631641.516,1527309598.95,2.8957850057274284,1.0570877184926197e-15,0.0005949461465963054,5.075589109303736e-10,562816250901.7544
2,30961.0,98.81291,4.767106190009583e+16,0.20785163763980394,1.665763404226955e-07,100275442591088.36,7552909712.52,2.8957850057274284,2.0728069831354306e-15,0.0013383507747292628,1.1104448038074326e-09,645670718797.3706
3,129317.0,4.336176,7417938051235958.0,0.0075663885897853025,5.8752210645377884e-09,12943893843470.832,217185494.73,2.8957850057274284,5.845527382474591e-16,0.00022925737314913737,1.7846594078377786e-10,392192796558.3931
4,21994.0,4.4631395,2794118786069240.0,0.18219996408106462,1.4327486899631532e-07,114065075147223.94,16331440776.9,2.8957850057274284,1.5973334856957653e-15,0.0013296203552439067,1.0985903188549436e-09,832399976054.3126
5,61313.0,40.142708,3.7313277418671784e+16,0.1505307990959939,1.2214743658654497e-07,139920741438847.83,5968050719.19,2.8957850057274284,1.0758290554212306e-15,0.0011304840952262643,9.597339139137205e-10,1050802717708.3762
6,61993.0,21.984505,4.631117532760444e+16,0.11947248648671308,9.537104637959179e-08,251673224778589.38,4678761093.67,2.8957850057274284,4.747127414599607e-16,0.0009712439613743598,8.071957526470945e-10,2045961434250.3984
7,60246.0,33.73324,3.2965032281889988e+16,0.10956031634291494,8.868761753807839e-08,107065297168557.48,4054883013.38,2.8957850057274284,1.0233037150256954e-15,0.0009614552349556674,8.120114079837958e-10,939559996546.602
8,23284.0,110.79817,3.5923422770034984e+16,0.3316100427745676,2.609180792656697e-07,107515925230355.14,15794014354.01,2.8957850057274284,3.084287672399099e-15,0.0017031061473255726,1.3921629635395096e-09,552187839858.9258
9,82833.0,7.2395315,8540559085368469.0,0.022102629580442266,1.7413559132119942e-08,26074727884501.93,841788345.88,2.8957850057274284,8.476648223653922e-16,0.0004381755525442919,3.5433479671573396e-10,516920769841.04584
10,48380.0,33.024162,1.5756336588598246e+16,0.12341042383023278,1.0459542010343356e-07,58881014949318.44,6234883723.92,2.8957850057274284,2.0959289498738725e-15,0.0010013120412763496,8.823563206469944e-10,477741404992.0948
11,58944.0,16.560879,3.023962613745881e+16,0.05165298878202955,4.017839826010726e-08,94316676648076.9,3265927007.46,2.8957850057274284,5.47654885834898e-16,0.000651391055594412,5.208547364616189e-10,1189418870245.937
12,18094.0,58.07253,1.775758209625711e+16,0.5356138602116902,4.3706980582189017e-07,163781517605695.3,19885843571.12,2.8957850057274284,3.2702948906675957e-15,0.0020517278220548315,1.7404772023604272e-09,627383123127.4661
13,21709.0,37.47592,1.6098948628378364e+16,0.14703155041421176,1.1885016252044411e-07,63161981797090.46,9406725312.82,2.8957850057274284,2.327848908961636e-15,0.001105603405199617,9.278573189462138e-10,474946376864.63257
14,141856.0,2.4731371,4539225458443502.0,0.000987706186187564,7.210091888043385e-10,1812847765619.1106,33498004.45,2.8957850057274284,5.44836805891558e-16,9.994268260279322e-05,7.182940008681528e-11,183435996838.07962
15,62862.0,47.08405,1.141914333361126e+17,0.12522979630568873,1.0618787906337344e-07,303715800500084.75,5541016556.11,2.8957850057274284,4.123255889205994e-16,0.0009953600024248529,8.643725963927949e-10,2414014626233.9473
16,48928.0,25.306845,2.8217177564901804e+16,0.09183135087102136,7.02800824526581e-08,102392120928247.27,8055735194.55,2.8957850057274284,8.968595438644491e-16,0.0008704709598922875,6.970537237170648e-10,970576681540.9504
17,11279.0,33.94173,2.3182700044093196e+16,0.10682121279658531,8.822051902667154e-08,72960457071854.83,4579536353.95,2.8957850057274284,1.4640973629233552e-15,0.000952083749699435,8.223850994812047e-10,650287182949.6466
18,81197.0,16.281395,1.0251270906817248e+16,0.06082539859138837,4.9462640966724455e-08,38297556135420.98,2983399892.05,2.8957850057274284,1.5882318541765032e-15,0.0007454393982208232,6.31772269074012e-10,469351748776.83887
19,80441.0,31.48598,4.701056311376221e+16,0.1028866038609922,8.383635887542393e-08,153616218531798.1,5267263073.47,2.8957850057274284,6.697639405808898e-16,0.0009462857791659452,8.021100890398164e-10,1412864625625.0024
20,60314.0,27.452473,2.1164460643225996e+16,0.11063972301686463,8.800855447471321e-08,85297600087535.16,2878191895.18,2.8957850057274284,1.2971024144093452e-15,0.0009444432046954235,7.79575840638347e-10,728117683078.6255
21,45708.0,39.900208,1.5349000564827746e+16,0.1402351602067587,1.1120302699902407e-07,53946324119970.72,6536476503.72,2.8957850057274284,2.5995313396125202e-15,0.0011667829047906201,9.739393279621061e-10,448843561533.8794
22,89684.0,14.817619,2.2172513824765904e+16,0.0510645147045394,4.025191707399803e-08,76410971171641.1,2545459191.33,2.8957850057274284,6.682877330512363e-16,0.0006603415595997967,5.45975079045324e-10,988109652387.065
23,75107.0,44.621,4.303238158164045e+16,0.13887284495418373,1.1290727285058654e-07,133928626776549.73,3594997866.7,2.8957850057274284,1.0369168138032437e-15,0.0010510430472592139,8.851310463072664e-10,1013623304461.7701
24,2352.0,17.2348,1.6652269054647922e+16,0.037455128691896995,2.9260254710948204e-08,36189156848581.47,851305148.57,2.8957850057274284,1.0349820762227886e-15,0.0005509489485223921,4.482849946039426e-10,532327043317.60406
25,27004.0,52.790096,4.729247524164189e+16,0.19025459292557492,1.4932421747570478e-07,170441262799397.22,15940409601.14,2.8957850057274284,1.1162472619643592e-15,0.0013271841251783153,1.0667813603779992e-09,1188969657889.912
26,61188.0,45.592594,7.1757867185000296e+16,0.17151685096278887,1.3742225893604246e-07,269949181030965.16,7604116261.1,2.8957850057274284,6.353671839556892e-16,0.0012144460246140863,1.0112937339253802e-09,1911408167247.7158
27,96844.0,15.2885,2.379697500235591e+16,0.04650423714887766,3.7110336611146256e-08,72385137124994.12,1943426262.36,2.8957850057274284,6.424556061636587e-16,0.0006003544585493275,4.905439638624843e-10,934468394064.2487
28,48852.0,35.729794,1.918781376316499e+16,0.13231525380266185,1.0870608311042175e-07,71056677460591.69,5561220124.65,2.8957850057274284,1.862108650887095e-15,0.0010801493376114731,9.190721187328803e-10,580067837124.809
29,68664.0,27.157133,3.64852899202057e+16,0.06810123918033462,5.3812281196983526e-08,91493216733142.61,4357255387.42,2.8957850057274284,7.443310183198045e-16,0.0007467647841483733,6.06106656071778e-10,1003269735868.4078
30,106489.0,20.466103,3.7798501109946424e+16,0.05190594919449672,4.14817619931959e-08,95864223796831.61,1852868118.2,2.8957850057274284,5.414527666181578e-16,0.0006274280159236102,5.192359547271572e-10,1158786240658.5203
31,43187.0,30.842329,1.3056236505553204e+16,0.15908445977626107,1.2281450827616648e-07,67343952241642.65,9233131015.74,2.8957850057274284,2.3622679465772426e-15,0.001116760647085637,8.968905951885482e-10,472749354578.4014
32,68835.0,51.178978,7.088012512598681e+16,0.20259847677612908,1.6856669920039857e-07,280587966884105.44,7171494834.25,2.8957850057274284,7.220497693680881e-16,0.001304493959654487,1.1271566580398877e-09,1806653800050.5603
33,32688.0,15.971391,1.6275817159447136e+16,0.09546378382004168,7.509767088699355e-08,97283391960286.12,3930726623.62,2.8957850057274284,9.812957987629866e-16,0.0008986966112132153,7.752294712383633e-10,915826412735.1863
34,35656.0,57.024952,5.93321433829444e+16,0.24350999976999543,1.9135623896635495e-07,253362251344536.47,8886510677.4,2.8957850057274284,9.61113972100195e-16,0.0014609832563053312,1.1813377478814088e-09,1520093660809.9016
35,58077.0,25.93423,3.5840638570969296e+16,0.07271596583470218,5.8637068959892794e-08,100492154570253.77,3266920133.85,2.8957850057274284,7.235984355760495e-16,0.0007935368123728196,6.676859857236479e-10,1096653576567.0815
36,24410.0,136.5774,9.409271389463462e+16,0.31954455338050713,2.6923722217358503e-07,220144871976043.3,17572167678.21,2.8957850057274284,1.4515194040735173e-15,0.001673181342371446,1.4519867293048157e-09,1152710282532.814
37,66104.0,16.471329,1.6954497832810994e+16,0.03399402185169069,2.6027177416724086e-08,34991200152277.9,1135805538.22,2.8957850057274284,9.715020263309747e-16,0.0005188126962950739,4.1159026478113785e-10,534031512270.1792
38,39297.0,43.640766,3.1071177890260784e+16,0.11923776655139388,9.912411143431445e-08,84894427741157.12,4884023143.47,2.8957850057274284,1.4045417317017497e-15,0.001024129109357655,8.88614802330014e-10,729155343869.2172
39,40024.0,23.95767,1.8819008546741204e+16,0.11243827110103702,9.084639542320724e-08,88321476371918.48,3188808632.55,2.8957850057274284,1.2730569700574705e-15,0.0009166188680053819,7.653803657941296e-10,720014021025.3138
40,38226.0,29.41115,2.0821209595101004e+16,0.11331644435462153,8.80623614064096e-08,80220781522625.77,5603497788.03,2.8957850057274284,1.4125572227523281e-15,0.0009760359388343279,7.806092197689003e-10,690970902355.7638
41,35762.0,67.88899,4.8859293827002536e+16,0.261183101510883,2.1280854865324524e-07,187971892045647.75,17165150299.91,2.8957850057274284,1.3894795581855205e-15,0.001464872304076867,1.2414202380552656e-09,1054259701373.2247
42,67232.0,11.37556,7836348654868129.0,0.02446630133420799,1.817928909572581e-08,16854244322909.738,1036324050.48,2.8957850057274284,1.4516403622410582e-15,0.00045953698486872837,3.512006384023705e-10,316563934719.54047
43,50853.0,36.155186,6.18747120072073e+16,0.1249533090270142,9.950228002180399e-08,213840692463705.75,6116780398.44,2.8957850057274284,5.843289581014707e-16,0.001030558533362471,8.541790724809376e-10,1763661579790.319
44,104965.0,14.876874,2.1306501205490852e+16,0.05391273287555858,4.209224842734587e-08,77213244395589.77,2169427370.36,2.8957850057274284,6.982316738219842e-16,0.0006749319701767722,5.472629463982974e-10,966630411482.6617
45,16792.0,42.62575,1.292476490786466e+16,0.1405975763354505,1.127351603090126e-07,42631287912852.055,4687846281.53,2.8957850057274284,3.2979903544754167e-15,0.0010733922270347155,8.856870705853886e-10,325468576819.24634
46,56659.0,13.45616,1.2088302508362e+16,0.06341138719005773,5.0370536197852556e-08,56965436709156.914,3370238982.74,2.8957850057274284,1.1131554650201544e-15,0.0007116276542557633,5.946002133315454e-10,639288649804.9747
47,25094.0,23.92001,1.0676399997313908e+16,0.11215005180057369,8.862986946181434e-08,50056785626026.055,4370485104.33,2.8957850057274284,2.2404565214883363e-15,0.0009721332978518208,7.905865674326468e-10,433899648811.76636
48,47905.0,30.38066,2.530699100632937e+16,0.11494738610621755,8.874134907523299e-08,95750798909277.05,9111682531.17,2.8957850057274284,1.2004848775740145e-15,0.0009788115737714616,7.879234212868757e-10,815346858637.221
49,25227.0,60.445667,3.3700980712701096e+16,0.20296045224435835,1.6718101475812635e-07,113158918182310.95,10546492409.75,2.8957850057274284,1.7935877746495214e-15,0.0013082900777689175,1.1050523692200967e-09,729426290845.7692
50,56617.0,66.13465,6.225526697787892e+16,0.1786544105444297,1.4605246594731843e-07,168174746902252.6,11445344803.77,2.8957850057274284,1.0623141335736225e-15,0.0012820912248103524,1.0921826104361073e-09,1206885218120.3691
51,95056.0,24.223263,2.6354181330507852e+16,0.0810467155412894,6.397110734556995e-08,88176388029029.36,2780106849.25,2.8957850057274284,9.19143064860031e-16,0.0008098487379219066,6.661752903170839e-10,881091060666.6351
52,30287.0,29.006044,1.8491237818628776e+16,0.08498284254367117,6.977270319569834e-08,54176224513005.18,3312676795.59,2.8957850057274284,1.568637226155742e-15,0.0008625545612127422,7.320502897398474e-10,549875106130.564
53,139086.0,6.040882,1.4867385020995584e+16,0.01809664299650425,1.3965898343888418e-08,44538158337893.695,362541377.45,2.8957850057274284,4.0631772106992064e-16,0.00033706047661323095,2.6952991316964186e-10,829549042866.4526
54,111513.0,1.3788731,3221212248485977.5,0.0012718319563533424,9.362515790076423e-10,2971151352377.002,49131810.85,2.8957850057274284,4.280603057585209e-16,0.00011304871659223585,8.631282164171385e-11,264095304029.44986
55,37973.0,25.551237,1.2144337132886394e+16,0.12671642333778715,9.890094133431811e-08,60227493693852.88,5818030444.19,2.8957850057274284,2.1039630834035595e-15,0.0010055095075595618,8.140556906544134e-10,477912143749.6704
56,38924.0,22.161821,2.6604631025132404e+16,0.07917674034208774,6.269416987927524e-08,95049407834038.55,5024197722.33,2.8957850057274284,8.330061401364505e-16,0.0008372401222218126,6.883225743423594e-10,1005082774161.3868
57,59559.0,47.914616,2.8595849606512316e+16,0.15320175467417427,1.2605162585314915e-07,91432107816881.64,6030091380.55,2.8957850057274284,1.6755793815997725e-15,0.001158447914101382,9.90344004221366e-10,691371549938.3531
58,72414.0,9.984797,1.4002000196610174e+16,0.06124869948273579,4.781541047900764e-08,85891010322932.36,3237630851.66,2.8957850057274284,7.1309790457061115e-16,0.0006979010758557218,5.63961391713029e-10,978689001022.8818
59,50702.0,18.643717,1.9948740800146532e+16,0.1280442618990908,9.852744586061235e-08,137007110308048.58,4347872752.55,2.8957850057274284,9.345811440821896e-16,0.001027380091958362,8.24984186014898e-10,1099294693097.3083
60,44089.0,20.931713,9816215840944930.0,0.05980899174403878,4.604640394923348e-08,28048252533788.227,3011647449.56,2.8957850057274284,2.1323607120261802e-15,0.0007289974210202796,5.8519373144066e-10,341873406740.63654
61,60773.0,33.63156,2.3742290094313296e+16,0.21395982999815405,1.7835286793190028e-07,151045516542977.2,8996534459.82,2.8957850057274284,1.4165255275039944e-15,0.0013242876623729735,1.1401412915787337e-09,934884431420.3431
62,16609.0,87.31956,2.9923162694263e+17,0.2973195062821828,2.3449254271590488e-07,1018871368415015.8,11329229101.54,2.8957850057274284,2.918126031401797e-16,0.0015841155305276985,1.290827086168016e-09,5428537059335.74
63,15965.0,1.2406169,279195044420489.4,0.07071692217332955,5.47750749431271e-08,15914513358203.516,2787857291.77,2.8957850057274284,4.443549141694416e-15,0.0007794112602135132,6.313898521047609e-10,175402867248.65787
64,113300.0,14.086752,4.2976521307328376e+16,0.056144971107853735,4.4408728316225725e-08,171289701637113.5,2387998980.52,2.8957850057274284,3.277778557102043e-16,0.0007003313445461255,5.814404537665283e-10,2136603594006.375
65,41217.0,19.542616,2.2034698146780964e+16,0.04909632677630034,3.8064383319020794e-08,55357109848113.36,3053079681.62,2.8957850057274284,8.869019157793623e-16,0.0006613950279525606,5.338598422481851e-10,745736384356.9576
66,94203.0,6.3396087,8182430671211090.0,0.011791049787558315,9.169124867677371e-09,15218517733987.93,347714824.48,2.8957850057274284,7.74783063216797e-16,0.00030423614179851265,2.4016547845346217e-10,392672679931.03046
67,40496.0,62.841568,2.3370946577128172e+16,0.2059498057948982,1.6336851085954376e-07,76593281517139.84,10574231969.82,2.8957850057274284,2.688875599993862e-15,0.001311669149358285,1.0728688501754002e-09,487813251517.20636
68,21225.0,72.591354,2.2848730775817404e+16,0.22679819844800922,1.8561782453160758e-07,71386614124582.55,13004898850.39,2.8957850057274284,3.1770409793102858e-15,0.0013552009789625826,1.1433633628738502e-09,426560748755.83997
69,5371.0,203.38625,6.087904526189593e+16,1.0233796887617586,8.289398589067263e-07,306325419698883.6,41105733100.83,2.8957850057274284,3.3408252236061108e-15,0.002843202233961245,2.3686200345601607e-09,851047882981.5204
70,78974.0,22.114082,3.014537366207966e+16,0.07226343906854549,5.78417927486556e-08,98507746006740.39,4528590773.11,2.8957850057274284,7.335812867304959e-16,0.0007861901287264996,6.542971016604922e-10,1071715081815.2361
71,44569.0,19.51769,1.1446595592576572e+16,0.05769876713624182,4.479368676300757e-08,33838761328764.19,4324637945.1,2.8957850057274284,1.7051087235629913e-15,0.0007051639519784409,5.584843084637597e-10,413559523937.53046
72,50232.0,34.50769,1.725443511280803e+16,0.10502122397525886,8.496175433055987e-08,52512407945845.78,4672546698.55,2.8957850057274284,1.9999315987102245e-15,0.0009862268610874433,8.335694047134124e-10,493130295917.8557
73,56423.0,31.019192,3.889723744828214e+16,0.0961412537984506,7.386429206325587e-08,120558561859828.27,8286275661.3,2.8957850057274284,7.97465168091775e-16,0.0008762873401940449,6.953530803086002e-10,1098840896450.538
74,83963.0,22.648209,6.8017343269641416e+16,0.07007300526655313,5.6075330587173956e-08,210443998161202.72,3711625821.4,2.8957850057274284,3.3297697192046476e-16,0.0007820466860698943,6.407409995573476e-10,2348650963937.2144
75,12158.0,11.360843,4290960557918772.5,0.09654335701651895,7.292807672676459e-08,36464172340639.984,5775845566.76,2.8957850057274284,2.647622332261731e-15,0.0009086471769105114,7.050157547576913e-10,343193651843.1991
76,44090.0,20.624372,3.811520222494983e+16,0.07067398923756253,5.682463361646794e-08,130610201941354.81,2297029070.71,2.8957850057274284,5.411061937512033e-16,0.0007560773194100533,6.256136163366307e-10,1397280844576.1243
77,88961.0,20.847683,3.3046129013990396e+16,0.07856654669318981,6.305193358877081e-08,124537591933206.73,3618532789.55,2.8957850057274284,6.308661141876537e-16,0.0008223070772658003,6.787658097409937e-10,1303457356121.6853
78,72273.0,42.65989,2.830224157413601e+16,0.11869047087224792,9.428162616297614e-08,78743906258884.27,3426679373.12,2.8957850057274284,1.5072972184289714e-15,0.0010062477699591115,8.370483348731048e-10,667584174943.2174
79,65841.0,42.185234,3.2593308151440332e+16,0.13685867028723933,1.0927453173556954e-07,105740241096407.39,4568987402.87,2.8957850057274284,1.2942912638383346e-15,0.0010586708032523356,8.805552617098987e-10,817954067087.4608
80,7257.0,8.04891,1397191745960843.2,0.15604308095700672,1.1719641379819591e-07,27087158972758.977,6862245696.77,2.8957850057274284,5.7607769465205336e-15,0.0011529162336751133,8.958071260837586e-10,200132073221.73203
81,72142.0,33.35249,1.8831176394217816e+16,0.12397649115276387,1.0136120485697696e-07,69998467089979.81,4077783451.88,2.8957850057274284,1.7711315162573172e-15,0.0009993784526556794,8.428025512732879e-10,564259877644.5044
82,69253.0,12.593466,1.522237350344159e+16,0.019689909245532607,1.4894841894092936e-08,23800211378215.11,574617039.88,2.8957850057274284,8.272997635455978e-16,0.00038086234552200525,3.017829139528167e-10,460368009643.47614
83,45874.0,41.74667,1.8967672925448496e+16,0.17436717141833402,1.414598832456745e-07,79224030956207.3,7043314270.81,2.8957850057274284,2.200937888589878e-15,0.0012543702192456992,1.064634085476562e-09,569925314907.166
84,98877.0,2.20863,6735827058166572.0,0.0014328255572785354,1.006266984572525e-09,4369797185743.8125,62033046.48,2.8957850057274284,3.2789291959659784e-16,0.00010576708564384985,7.619955526968488e-11,322565933335.71716
85,38271.0,10.061923,1.0871112003684236e+16,0.02401186686582969,1.8493216367923972e-08,25942923049201.32,1384404598.99,2.8957850057274284,9.25565204055482e-16,0.00044336676605779993,3.405394528202402e-10,479022724833.574
86,3603.0,22.447845,2.445561507849331e+16,0.06445721670109225,4.978143291776116e-08,70222370150584.27,2586576800.88,2.8957850057274284,9.17901468760891e-16,0.0007226947720522035,5.667877147358421e-10,787333713527.8755
87,62337.0,10.7449255,1.5670228013895816e+16,0.02894391519586513,2.195017361314424e-08,42211344390807.6,1137903699.66,2.8957850057274284,6.856904373358047e-16,0.0005016539903001274,3.972541786352964e-10,731604180232.2106
88,102415.0,7.090861,7384406480954017.0,0.013315670925511296,1.0144024508228228e-08,13866909347200.092,407917204.86,2.8957850057274284,9.602479249062014e-16,0.0002963698997263282,2.358817173633564e-10,308638937965.19073
89,32810.0,53.47668,2.317122092036289e+16,0.21643516205988902,1.6684622811552234e-07,93780447010252.55,8945314505.29,2.8957850057274284,2.307892198852787e-15,0.001371912802601418,1.1041784631154608e-09,594444057345.2139
90,54979.0,59.919727,5.5459452772212424e+16,0.12362327843980035,9.93105053367303e-08,114421071580953.19,5783391458.49,2.8957850057274284,1.0804240576643838e-15,0.0010023434024824778,8.295373952747334e-10,927731473000.798
91,95898.0,11.199437,1.586491130617556e+16,0.029656743167609637,2.230567105397265e-08,42011183239314.164,979982641.1,2.8957850057274284,7.059249676133089e-16,0.0004833646189068447,3.7410088560128844e-10,684725206052.808
92,33042.0,19.36692,1.2219375923664704e+16,0.0508869257776433,3.9683285408904845e-08,32106626953415.793,1909588218.49,2.8957850057274284,1.584935279918263e-15,0.0006538689209887746,5.188798741135852e-10,412552442534.1175
93,36696.0,33.87133,1.8124925899462224e+16,0.09601887661011774,7.740418279969647e-08,51380770212093.54,4681914858.47,2.8957850057274284,1.8687706745882466e-15,0.0009083234827655026,7.596791897750285e-10,486054011397.4322
94,47506.0,8.345732,6848593382457225.0,0.1069233260920434,8.059557981129672e-08,87742379398749.5,6130434531.86,2.8957850057274284,1.2186052717595584e-15,0.0009409533981385355,7.323450613048617e-10,772156021268.3816
95,76422.0,11.835424,1.5880112065604424e+16,0.07580888918453108,5.9249979144343455e-08,101716140952731.45,3913333912.37,2.8957850057274284,7.452985187450265e-16,0.0007883585645065482,6.432691750729548e-10,1057775568686.2609
96,28353.0,38.406986,8.054734146815147e+16,0.05874578288945359,4.67157605310104e-08,123201977739432.83,5524334896.19,2.8957850057274284,4.768249988137247e-16,0.0007276420143008249,5.961301275898591e-10,1526014819086.8738
97,22386.0,14.585876,1.0718660580609032e+16,0.05472848542523252,4.3156205033648406e-08,40218089017339.49,2789544813.19,2.8957850057274284,1.3607927865900606e-15,0.0006759121145740808,5.529734656542203e-10,496704657193.1157
98,94032.0,10.853884,1.2555273209141192e+16,0.026148165608936593,1.9608928294672043e-08,30246993899885.855,696289365.16,2.8957850057274284,8.644880775750502e-16,0.00045879915135469253,3.601722317216382e-10,530717731401.98346
99,85089.0,15.5823145,2.2616549868409532e+16,0.04690181050020948,3.7206724158779656e-08,68074427332132.305,1516849855.83,2.8957850057274284,6.88978406992357e-16,0.0006163118980838844,4.999753390939124e-10,894530063393.8755
100,90619.0,4.013772,5890287043024163.0,0.004984124742548193,3.824767571909267e-09,7314298219193.257,171840496.14,2.8957850057274284,6.81422139648269e-16,0.00019639053504033857,1.55276913899731e-10,288206859762.01166
101,17790.0,31.614521,9827029899999776.0,0.19992331790577028,1.545837233637428e-07,62143988288393.33,14704867300.05,2.8957850057274284,3.2170982811399325e-15,0.0013015401280348847,1.0333530939618465e-09,404569588583.9405
102,118133.0,19.32861,3.804493805202049e+16,0.0720596519110151,5.794823317951218e-08,141836634553893.38,2523228364.95,2.8957850057274284,5.08046825403452e-16,0.0007585759854766067,6.282568940590922e-10,1493122183913.2715
103,49735.0,21.710562,1.2919478586951404e+16,0.0839597352417074,6.521527970403143e-08,49962594317979.79,4080779068.48,2.8957850057274284,1.6804518738029828e-15,0.0008592231132405041,6.895915785340747e-10,511304802377.95844
104,105154.0,8.3483,1.175162377831242e+16,0.021288743764052834,1.5782994571491913e-08,29967455341571.76,860863601.23,2.8957850057274284,7.103954447049912e-16,0.0004170271906612761,3.24664583674627e-10,587035282629.7424
105,67365.0,18.813679,1.7377098565298686e+16,0.05306582888453783,4.23950682211122e-08,49013812714455.68,2837109248.28,2.8957850057274284,1.082670903275539e-15,0.0006929580923448358,5.72326849495255e-10,640044994511.5764
106,68761.0,14.509516,1.4304449205737518e+16,0.049670414851847706,4.051804746009092e-08,48968409854344.28,937477098.01,2.8957850057274284,1.0143358748954996e-15,0.0006035705676126453,5.105256411452548e-10,595040146514.4149
107,69004.0,25.978643,4.330527057517888e+16,0.08123496957549252,6.328456330254203e-08,135415169207765.3,4150923711.75,2.8957850057274284,5.998956398367381e-16,0.0008127409385349257,6.537522446799213e-10,1354803876814.4966
108,90687.0,3.1006446,4993893894053940.0,0.0020294343121871287,1.636826086808138e-09,3268604089618.9326,64558047.46,2.8957850057274284,6.208871605565813e-16,0.00011763398978213598,1.010901185397674e-10,189461140856.3924
109,861.0,38.197056,8.703561199391038e+16,0.15228818010659037,1.2756454080651763e-07,347003050575833.4,5786827819.41,2.8957850057274284,4.3886697783744582e-16,0.0011428698548411034,1.0069723722227928e-09,2604137272921.9487
110,6928.0,20.743368,2.632222624824363e+16,0.06159338125819543,5.0378235540031733e-08,78158711587845.77,2242087422.2,2.8957850057274284,7.880552277140356e-16,0.0007113970783058275,6.04514911673995e-10,902724902123.1982
111,73594.0,28.316174,3.68715472554871e+16,0.08159654989890787,6.540287296980302e-08,106249913758910.11,4079218164.63,2.8957850057274284,7.679681518053485e-16,0.0008294750614840201,6.992446310223119e-10,1080090443248.3046
112,34333.0,32.907524,9875404384683550.0,0.0813365892044159,6.141659191194361e-08,24408755568012.15,2815385494.89,2.8957850057274284,3.3322710360133268e-15,0.0007777820306211219,6.145385626598563e-10,233408994111.00946
113,20924.0,65.80697,2.1195944082634612e+16,0.21093625206916708,1.6396683036620069e-07,67941025150657.81,12933583865.87,2.8957850057274284,3.1046963392356873e-15,0.0013380750079747305,1.0755034009925463e-09,430984180663.5869
114,113954.0,21.797853,3.0574559688644276e+16,0.06246856960509749,4.928657564320983e-08,87620969370482.62,1484089238.74,2.8957850057274284,7.129408639724731e-16,0.0006982805426528249,5.666009277470202e-10,979436834020.1997
115,170190.0,0.9427116,4853876337464534.0,0.00040817912660893015,3.5559937564136426e-10,2101651241051.904,19495399.37,2.8957850057274284,1.9421829780122374e-16,5.192027299421531e-05,5.132879911114411e-11,267329461652.23868
116,92876.0,20.415842,3.949198269418412e+16,0.07228909251963501,5.9489157360517595e-08,139834526088304.39,3086667572.8,2.8957850057274284,5.169616870871006e-16,0.0007844066191939004,6.659099290101037e-10,1517339947596.0378
117,73426.0,15.706011,3.604177183294318e+16,0.04652705867537706,3.67254941115224e-08,106769162000198.5,3969394374.62,2.8957850057274284,4.357724440629267e-16,0.0006488625120810382,5.330971520438824e-10,1488993902485.8137
118,86279.0,23.365644,2.319439150487885e+16,0.06223449597753705,4.839890800434158e-08,61778364200524.586,1604452408.12,2.8957850057274284,1.007383357958976e-15,0.0006946165179256808,5.558945414904031e-10,689525504305.5494
119,29781.0,17.242804,5064111184957383.0,0.1369734551479479,1.0946644185531331e-07,40228306617472.51,5403201666.79,2.8957850057274284,3.4049023353236477e-15,0.001064395402140807,8.754003699881349e-10,312606735029.7825
120,10052.0,7.1778345,1042537496107307.4,0.054286431324599704,4.1845183361901825e-08,7884779202661.954,2781764755.33,2.8957850057274284,6.884965314725901e-15,0.0006511211523749247,5.220576592595656e-10,94571449907.27475
121,36875.0,110.214424,1.0485313073734283e+17,0.3354700906336204,2.781400234440556e-07,319151414080567.6,14549358170.16,2.8957850057274284,1.051131456208849e-15,0.0016929538741929204,1.4625340770064595e-09,1610601475384.3955
122,9764.0,22.643545,1.291873573228331e+16,0.08474597707287923,6.668069328792541e-08,48349800447706.71,3412631839.25,2.8957850057274284,1.752767876767914e-15,0.0008532585744613104,6.949591980173622e-10,486806373947.6504
123,143347.0,0.75414246,4029444800595307.5,0.0,0.0,0.0,1239586.5,2.8957850057274284,1.8715790817846256e-16,0.0,0.0,0.0
124,42856.0,13.626131,1.6229953751201402e+16,0.06359468682595168,5.112412433173564e-08,75747020633174.06,2034017006.7,2.8957850057274284,8.395668409709019e-16,0.000692769957448972,5.778121621181322e-10,825151642063.2223
125,73468.0,27.710356,2.4065415466799556e+16,0.10854117015038259,8.76334048641451e-08,94263976793424.8,5556704256.84,2.8957850057274284,1.1514596969343402e-15,0.0009737983166376688,8.289036956964584e-10,845707686713.0659
126,6580.0,23.697586,3.1256478996327316e+16,0.10659798378590919,8.458754267987339e-08,140599875500192.72,5697992816.45,2.8957850057274284,7.581655631392296e-16,0.0009439106519506127,7.801432690202304e-10,1244992779733.0896
127,143823.0,3.5307229,5712911141993947.0,0.004164291100901071,2.865960439633826e-09,6738060647252.711,90192549.0,2.8957850057274284,6.180251735488556e-16,0.00017330343055064652,1.2470179320034947e-10,280414840637.46906
128,21708.0,0.18529563,152375303598822.7,0.23314263938266763,1.9268306426821761e-07,191721631307574.9,16195738951.67,2.8957850057274284,1.2160476509228209e-15,0.0013553184066075596,1.1138351621745678e-09,1114527383510.8767
129,71705.0,6.8347573,1.6541431251461436e+16,0.030051255153590403,2.329663953560007e-08,72729835065722.36,4343948947.1,2.8957850057274284,4.1319020078121406e-16,0.0005426761513212976,4.3827778443999564e-10,1313380981192.8403
130,51467.0,23.153465,2.0547233843254044e+16,0.0808887045680648,6.402151055284272e-08,71783602499147.27,3714492179.67,2.8957850057274284,1.1268409741490153e-15,0.0008396565777772719,6.942948385235881e-10,745142036045.8373
131,107297.0,3.5185773,6075359943134028.0,0.001911987307948191,1.506253372248644e-09,3301337475942.0815,56477721.89,2.8957850057274284,5.791553641157451e-16,0.00011900863276491098,9.155621410411862e-11,205486541502.7511
132,5877.0,44.311474,1.6059358203293368e+16,0.20524784031737797,1.59402557021429e-07,74385893552291.47,7901843405.72,2.8957850057274284,2.7592306889893543e-15,0.0013126378604208665,1.0633654699991078e-09,475726029599.0898
133,63950.0,18.311108,1.1964823658782926e+16,0.07555585615473863,6.134675704651178e-08,49369622814731.71,3084061611.62,2.8957850057274284,1.5304118574751e-15,0.0008056364048254327,6.825891382967084e-10,526418036354.3351
134,11278.0,0.29752982,262747214276746.53,0.1995055035088566,1.5427606709416158e-07,176182391666931.9,8720341256.54,2.8957850057274284,1.13238049285888e-15,0.0013568376409436524,1.091353343371553e-09,1198217074119.7542
135,61594.0,0.13584347,206995707065340.6,0.04345888839312869,3.335517376556914e-08,66221831135566.52,2630563525.95,2.8957850057274284,6.562622574443992e-16,0.0006091646311322719,4.833652161028792e-10,928233528931.6594
136,57210.0,13.755636,1.6008947175166938e+16,0.050425801262490015,3.954764951917261e-08,58686053387620.086,2674485669.86,2.8957850057274284,8.592467605451113e-16,0.0006238375354427719,5.088656639150381e-10,726028382169.2916
137,11055.0,63.416924,2.459238579863346e+16,0.21275548278068226,1.7280147846661698e-07,82504236776243.77,10146076850.12,2.8957850057274284,2.5787219068238565e-15,0.001359079751825595,1.14865907393673e-09,527036183401.2329
138,60138.0,17.101557,1.6602161347773538e+16,0.04791693613671922,3.7421516992966295e-08,46517677018108.516,4621787215.08,2.8957850057274284,1.0300801589483068e-15,0.000621024218232422,5.079784089591464e-10,602889214822.346
139,31184.0,1.8752611,619651562500069.2,0.0677525568145472,5.1813357297541856e-08,22387803860224.523,2509389819.61,2.8957850057274284,3.0263154545015617e-15,0.0007550189324304604,6.025644463424239e-10,249484544417.66483
140,202421.0,0.6858625,4490535455048800.0,0.00011997122770571598,1.0938630842968566e-10,785485504161.9137,1096766.4,2.8957850057274284,1.527351263263874e-16,1.8261625842153255e-05,1.6650424230860152e-11,119564020938.63506
141,6578.0,81.49095,5.23058150161016e+16,0.26899977922278157,2.1598226631418145e-07,172660310027051.88,8086729004.79,2.8957850057274284,1.5579711352344701e-15,0.0014953482846124507,1.246402732331903e-09,959804871087.9391
142,22252.0,0.6897471,303105870800419.7,0.011285102761203387,8.617068546574086e-09,4959181270217.408,534933782.19,2.8957850057274284,2.275597955851421e-15,0.00032369957960457803,2.4958627822473566e-10,142248141316.9775
143,43335.0,19.658989,1.7503356419892664e+16,0.10182739918077524,7.853252250891471e-08,90661898288451.94,3965526115.53,2.8957850057274284,1.123155383938674e-15,0.0009119431682066713,7.338741230713216e-10,811947466261.2354
144,48853.0,0.71417195,4365775398464902.5,1.5329044932166815e-05,1.0438048049312885e-11,93707358916.5984,1468573.9,2.8957850057274284,1.6358421696432614e-16,1.1323119905490066e-05,7.710282680013628e-12,69218902138.7031
145,17371.0,57.80336,2.0448904988104176e+16,0.13878970831169685,1.0933056610709035e-07,49099179677316.016,5551725861.14,2.8957850057274284,2.826721530254367e-15,0.0010947368066740967,8.858501988066604e-10,387281447768.0739
146,92326.0,19.775942,2.0406982134514004e+16,0.08517105740998732,6.988338827437168e-08,87888822031500.58,2960313603.39,2.8957850057274284,9.690772437416537e-16,0.0008258958673682206,7.08387150661025e-10,852249779573.1918
147,39438.0,31.096596,1.6304711421711312e+16,0.12640547362775195,9.974758689528829e-08,66277504123770.81,5304140951.29,2.8957850057274284,1.907215356083632e-15,0.0010869522707837372,8.966700144857852e-10,569915855237.102
148,14779.0,145.65317,3.4365283050525956e+16,0.5558461044073265,4.348230888723388e-07,131145849489509.77,43103824217.74,2.8957850057274284,4.238381211231455e-15,0.0021768101695394137,1.759474987098659e-09,513594710115.0311
149,63562.0,13.65464,1.4643029080022594e+16,0.07050226366525177,5.46513700448652e-08,75605559506343.77,3677843988.79,2.8957850057274284,9.32501050525738e-16,0.0007882316978578725,6.275645517923458e-10,845287731754.8036
150,58511.0,71.633446,1.005687889857392e+17,0.25071646766231137,1.9825318074560542e-07,351989928441818.8,10761113310.86,2.8957850057274284,7.12283072337261e-16,0.0014526036288028557,1.1956220846437146e-09,2039362839322.1987
151,40025.0,20.678293,1.753642930253939e+16,0.09194223178959512,7.368771254564075e-08,77972511932968.77,4580829640.73,2.8957850057274284,1.1791621112403793e-15,0.0008832819740585997,7.373054779075075e-10,749075946079.595
152,40372.0,105.51809,4.7142645519812904e+16,0.2634619382473263,2.0748266790287557e-07,117707710239604.8,7293799436.18,2.8957850057274284,2.2382725626981058e-15,0.0014890449085315474,1.219045313914569e-09,665265228796.171
153,16793.0,54.09697,4.326575049521175e+16,0.19284163154406603,1.5692008693977135e-07,154231150385596.75,8288734986.69,2.8957850057274284,1.2503416531740724e-15,0.0013917185493924186,1.2039803374479113e-09,1113070612227.8274
154,56569.0,34.788254,6.0186060735539864e+16,0.13179585402584612,1.0298729044028852e-07,228015849116541.47,7518955662.03,2.8957850057274284,5.780118116196554e-16,0.0010317994199894262,8.37993224490921e-10,1785083625018.3296
155,4970.0,0.41555268,99381995919501.53,0.01771655974144391,1.2377756473535258e-08,4237024937323.912,564724284.02,2.8957850057274284,4.181367823771558e-15,0.00036706306438871825,2.6210043181470875e-10,87785404168.92348
156,59326.0,18.995676,8404847523682112.0,0.07411532154411626,5.908874649915066e-08,32793146016333.88,3062878324.01,2.8957850057274284,2.2600857358180973e-15,0.0007728150191989744,6.567905762270713e-10,341940576391.11365
157,34507.0,73.63233,4.2401424136080776e+16,0.2739079839641629,2.1633708642818692e-07,157730831040159.7,17184517106.87,2.8957850057274284,1.736553229054017e-15,0.0015789806886182948,1.3014194242762472e-09,909261324214.3119
158,27735.0,131.86967,4.573280311562492e+16,0.4230531658144016,3.328113642059669e-07,146716126154193.38,11655568225.64,2.8957850057274284,2.883481024913294e-15,0.0017930520753912434,1.4645675533515906e-09,621835919813.3307
159,41726.0,41.276398,1.6360399233202854e+16,0.15708605161366673,1.240106894142502e-07,62262955172762.34,9769561444.03,2.8957850057274284,2.5229456452524096e-15,0.0011437770386012636,9.266471108135926e-10,453349853475.2752
160,104228.0,6.7032485,8196541336369347.0,0.015153458498379875,1.1936794374376597e-08,18529217434043.81,421112469.07,2.8957850057274284,8.178142737176996e-16,0.0003479787495290731,2.774148719617819e-10,425498503403.7099
161,81046.0,21.39,4.13666820746381e+16,0.0730902856428137,5.597113069720023e-08,141351220613873.75,5242259201.3,2.8957850057274284,5.1708280498314865e-16,0.0008076354528678561,6.304485499395003e-10,1561907387143.1023
162,26349.0,8.15375,8580115061545453.0,0.010479408492465422,8.202655934204597e-09,11027383797919.96,309362285.7,2.8957850057274284,9.50307768778493e-16,0.0002841966544684084,2.3200133621227202e-10,299057488326.8704
163,111972.0,3.7511098,6121027514190308.0,0.006178777720394925,4.486778132268767e-09,10082474373478.326,149725716.27,2.8957850057274284,6.128235482202694e-16,0.00021154083725565716,1.5418199842440177e-10,345190451427.66327
164,46156.0,4.610657,3346977971902788.0,0.01765595014039306,1.3781865465853767e-08,12816845016428.137,725223777.32,2.8957850057274284,1.3775582148151393e-15,0.000378909790491884,3.0676040421691755e-10,275059003980.2649
165,84841.0,45.82433,1.3153783503872638e+17,0.09103009183249633,7.463042994619091e-08,261300082358498.53,4304041649.68,2.8957850057274284,3.4837375867185854e-16,0.000862140668093053,7.300922003581905e-10,2474757775613.9883
166,172535.0,1.7938187,5966531687940858.0,0.0011208311419170875,7.151350757776971e-10,3728066010840.025,31205513.31,2.8957850057274284,3.00646806858588e-16,9.357013783993459e-05,6.250486865669552e-11,311229441674.88257
167,44391.0,10.415282,1.6257097854668562e+16,0.05048328489190603,4.16202639574624e-08,78798798007853.02,7052519782.13,2.8957850057274284,6.406605959506503e-16,0.0006338264115530953,5.145451060346999e-10,989332597570.7715
168,39139.0,276.08585,1.778131105599246e+17,0.3765183663283842,3.130735568924972e-07,242496679564675.88,12256550225.4,2.8957850057274284,1.5526743170434366e-15,0.0017537584648000906,1.5070511665473979e-09,1129508259104.558
169,42103.0,18.27276,1.6057240238433002e+16,0.07995647233615626,6.27602401295249e-08,70261979302485.41,3652694486.15,2.8957850057274284,1.1379763725689396e-15,0.0008045694246786469,6.488727213513662e-10,707017688655.8384
170,113666.0,1.4877112,4087038130528391.5,0.00014957644697904086,1.1040184277240344e-10,410916206204.73804,4862909.2,2.8957850057274284,3.64007174018624e-16,5.071236358552772e-05,2.8017419827671325e-11,139316934404.52106
171,11931.0,29.378386,1.2252971665157768e+16,0.14394784951266637,1.0985882044104909e-07,60036957828081.35,7501237849.58,2.8957850057274284,2.3976539571653146e-15,0.001092701459526407,8.593955669733944e-10,455737766603.4343
172,107990.0,3.061384,6993634821230212.0,0.002820173103620044,2.288756346936342e-09,6442596165451.318,81017724.67,2.8957850057274284,4.377386120743274e-16,0.00014624058098690603,1.2224858469640987e-10,334081977127.653
173,45377.0,36.20499,3.590642144670338e+16,0.1467480736498777,1.2028086030760476e-07,145537899028956.4,11518947489.56,2.8957850057274284,1.0083151854533817e-15,0.0010248936125388831,8.604255453437705e-10,1016441711207.639
174,32122.0,21.119188,2.1016529915505496e+16,0.047675481693281715,3.766701477573158e-08,47443736342656.25,5115937668.61,2.8957850057274284,1.0048846353278695e-15,0.0006488252941007327,5.314673099243125e-10,645671424649.693
175,132002.0,10.378363,1.434286014746411e+16,0.039431676043527396,3.013169226411908e-08,54494433743782.555,1015294788.4,2.8957850057274284,7.235908942356205e-16,0.0005358310968562998,4.19867691012683e-10,740516638787.0809
176,112550.0,6.667208,9044450935037512.0,0.010180539194215446,7.3121634190185684e-09,13810486673628.291,281045341.74,2.8957850057274284,7.371600606701006e-16,0.0002821885167946556,2.130549294819479e-10,382804945425.4721
177,20722.0,26.397131,2.005981957394017e+16,0.1427172069329731,1.0987055760787728e-07,108454264259707.73,7362666219.91,2.8957850057274284,1.315920659340958e-15,0.0011155156764919246,9.046764437137241e-10,847707396774.6653
178,12159.0,46.93513,1.4900278967057494e+16,0.14279582154724701,1.1176407562376087e-07,45332730012341.28,4925623901.63,2.8957850057274284,3.1499497495159146e-15,0.0010845752167926795,8.871120652831118e-10,344315085330.9191
179,84524.0,21.754152,3.0276937499241856e+16,0.05889457433178308,4.6438934961445594e-08,81968138592019.11,2290100091.73,2.8957850057274284,7.18505694327398e-16,0.0007070340461236093,5.678586445535089e-10,984034019083.8329
180,138454.0,8.052556,1.7323725494835918e+16,0.011603212766654878,8.768127609277392e-09,24962368821490.312,211334822.02,2.8957850057274284,4.648281919729339e-16,0.00028825447165589543,2.3088829019835013e-10,620131215433.4219
181,32423.0,52.977764,8.127705332894962e+16,0.15142059828619625,1.2673216703924163e-07,232305388389148.12,22693849727.23,2.8957850057274284,6.518169868386475e-16,0.0010821950441370042,9.250047549781946e-10,1660274380675.0369
182,34081.0,39.463615,3.823559611656383e+16,0.18038302755096047,1.3940347810757343e-07,174769913696997.4,14934029955.3,2.8957850057274284,1.0321171632761384e-15,0.0012739281824467564,1.0157175686831322e-09,1234286404465.0352
183,83137.0,23.649515,2.2881522724241524e+16,0.08382684077167754,6.808738720545928e-08,81104655297096.6,3817221948.72,2.8957850057274284,1.0335638622050637e-15,0.0008553633199001131,7.151518737577608e-10,827586326475.4946
184,57038.0,9.681132,1.1541458589501682e+16,0.05249206526679144,3.978167963950493e-08,62578941961961.99,2169556971.28,2.8957850057274284,8.388135628547098e-16,0.0006772570165705073,5.379128665593004e-10,807398743369.8833
185,3599.0,142.76236,2.274668185679415e+16,1.0780292607204387,8.427276436956173e-07,171765083078780.8,106090124669.96,2.8957850057274284,6.2761839682282565e-15,0.002857945835616543,2.301128508407686e-09,455363617459.9469
186,9260.0,721.17456,1.3547953115766274e+17,1.937408858147734,1.5239900054317687e-06,363960763899599.7,60648008833.27,2.8957850057274284,5.3231255957089305e-15,0.0040415094441820735,3.3027801500020792e-09,759236161446.2015
187,854.0,76.07021,1.5397261405264744e+16,0.34667941420441656,2.880043513407839e-07,70170879827063.086,19021150825.75,2.8957850057274284,4.940502599636941e-15,0.0017420171579433325,1.4989158060396342e-09,352599178486.6881
188,100598.0,26.643953,2.761340628070791e+16,0.06919761954281135,5.372531159824153e-08,71715408824415.19,1768467147.27,2.8957850057274284,9.648919343433114e-16,0.0007180575961253366,5.855016767221531e-10,744184473480.9956
189,100882.0,19.499546,2.7376534624779588e+16,0.04983405306353976,3.906164065361829e-08,69964894525600.734,2045577125.69,2.8957850057274284,7.122722531269602e-16,0.0006307836220390444,5.115679303562073e-10,885593421995.3522
190,107611.0,5.945241,6834282788260759.0,0.008047967367196816,6.00617874187131e-09,9251447478431.48,329874713.54,2.8957850057274284,8.699143983641026e-16,0.00025027365524602993,2.0088280818146422e-10,287699175593.2265
191,109444.0,2.640689,4868035141457086.0,0.0025414706593173838,1.835883970356428e-09,4685128949504.8955,47403702.08,2.8957850057274284,5.424547940320737e-16,0.00013895299393656735,1.0798944616285521e-10,256155896242.94385
192,59040.0,21.209618,1.5186105760755072e+16,0.08859433782738124,7.147032434357014e-08,63433626388305.31,5250941241.07,2.8957850057274284,1.396646272200427e-15,0.0008847128084981154,7.449097561341753e-10,633455174805.46
193,43256.0,104.05238,1.1170171236542227e+17,0.21462545375371408,1.7696834785666174e-07,230403482375853.5,10046010436.01,2.8957850057274284,9.31520008033555e-16,0.001410447135404059,1.2045290841225817e-09,1514135094512.3794
194,62336.0,51.14944,5.50205863772869e+16,0.1794051740026398,1.4454705881675343e-07,192983107395592.78,5777470614.73,2.8957850057274284,9.296418553095438e-16,0.001251830612419258,1.043844801967242e-09,1346572989662.1692
195,104762.0,14.355171,2.579392599060009e+16,0.05053973028778932,3.9642213295879564e-08,90811740426368.12,1836536208.8,2.8957850057274284,5.56532999483342e-16,0.0006280087468377421,5.205201002517026e-10,1128430384938.0984
196,3602.0,12.632175,3.326872108338773e+16,0.03672893869341216,3.0735169363181444e-08,96731150184348.8,2535841260.27,2.8957850057274284,3.797012505631814e-16,0.0005570832068088146,4.798635313062519e-10,1467161896313.3157
197,88304.0,3.6663556,3331617217664026.5,0.0054861776086393,3.979090806571448e-09,4985289419309.34,208897502.96,2.8957850057274284,1.100473241812178e-15,0.00019358057564626777,1.4610154785759631e-10,175906662962.1031
198,84396.0,34.06993,3.5233439310750584e+16,0.15489439388861803,1.2519226726932799e-07,160184133828573.16,3897512875.3,2.8957850057274284,9.669771292978609e-16,0.0010897939493902508,9.042326996730476e-10,1127011090925.7693
199,54282.0,34.966255,1.6088489594096988e+16,0.1446831448265352,1.1361668411660189e-07,66570848664889.59,5170733975.01,2.8957850057274284,2.173370893239688e-15,0.0010855055157769006,8.735977668104373e-10,499457096418.00507
200,89935.0,13.391033,1.2988309658704362e+16,0.04638391659408729,3.603607782241035e-08,44988961785660.71,2228145790.88,2.8957850057274284,1.031006601465322e-15,0.0006127766689036679,4.972383885542074e-10,594347958619.0397
201,10767.0,14.448672,2.935400942743242e+16,0.06289406323535246,4.8656907879044927e-08,127775959281245.14,4937658896.74,2.8957850057274284,4.922214130822339e-16,0.0007371447480053849,5.910532212105794e-10,1497587728639.1692
202,26737.0,9.479288,6352960799587049.0,0.06496622835396891,4.921478988828357e-08,43539968616818.59,3767484769.85,2.8957850057274284,1.492105539296916e-15,0.0007386090952111107,5.708182729917898e-10,495011294951.12335
203,34707.0,34.565483,2.52886788043773e+16,0.13368052759467275,1.0472829863535329e-07,97802884014129.8,5126241293.8,2.8957850057274284,1.3668362537791792e-15,0.0010682399758250955,8.797741192816771e-10,781542026611.8258
204,32925.0,25.631186,1.5021638075761274e+16,0.13162763271146669,1.0486842024005972e-07,77142846974029.53,6190723477.78,2.8957850057274284,1.706284352660457e-15,0.001037588378998897,8.524186577473441e-10,608098162173.8944
205,28352.0,23.2705,2.6303007461107584e+16,0.1450875469849405,1.1288870047301625e-07,163994707069409.25,8440746217.67,2.8957850057274284,8.847087176022916e-16,0.0011177754783487032,9.133841272288639e-10,1263438978399.6494
206,36970.0,60.700245,3.2538919269455988e+16,0.20833535244018592,1.6434582532551953e-07,111680063466380.9,11147500047.34,2.8957850057274284,1.8654659208973426e-15,0.0013399904300683526,1.0923342812226885e-09,718314076423.2126
207,36697.0,6.5598035,6209606378684390.0,0.011196673723296618,8.802782893567807e-09,10598935863281.662,336156208.58,2.8957850057274284,1.0563960257638433e-15,0.0002930464108918652,2.418617373776351e-10,277402038387.9933
208,33043.0,16.566925,1.406761627576486e+16,0.06964397497421608,5.5840381165085876e-08,59137390665814.125,3185820416.34,2.8957850057274284,1.1776639819598188e-15,0.0007691230869518242,6.389564490516954e-10,653092137259.6299
209,115944.0,13.814696,2.193205557356694e+16,0.03421928374610089,2.619066286401917e-08,54326148965358.38,1102213667.34,2.8957850057274284,6.298860566744969e-16,0.0005207438795983284,4.1356318215992824e-10,826727110531.0886
210,8235.0,0.42460844,72653652781733.34,0.022559656156664883,1.6006724742681542e-08,3860124460271.264,587305880.94,2.8957850057274284,5.844282066252221e-15,0.0004249926315960407,3.0893317339281916e-10,72719390812.80122
211,11503.0,95.23482,1.4681649269953074e+16,0.3035852418815806,2.4570028116264197e-07,46801495974258.52,8079498841.23,2.8957850057274284,6.486656795085283e-15,0.001551719991094792,1.2996888064439333e-09,239217217761.6175
212,108411.0,14.553863,2.1962699886093736e+16,0.051915060015354376,4.0983722261756615e-08,78343109501977.11,1970777577.42,2.8957850057274284,6.626627452672684e-16,0.0006524740329763574,5.391426759677127e-10,984624588655.8755
213,37327.0,18.178354,1.2098202805108538e+16,0.06092124495841426,4.931035260187977e-08,40544791714727.95,3226116568.09,2.8957850057274284,1.502566479735658e-15,0.0007462637466320565,6.184061166490044e-10,496659386920.00134
214,130614.0,0.6011513,3584267030550061.0,0.00019507238305887224,1.5428915966295083e-10,1163087414380.952,4872519.4,2.8957850057274284,1.6771945139024536e-16,3.721392620892656e-05,2.574175195104858e-11,221881993414.9328
215,92575.0,24.69237,3.1306195116325776e+16,0.0695317001088223,5.3437136644885915e-08,88155692239207.53,1543357867.39,2.8957850057274284,7.887374977460372e-16,0.0007088629030181258,5.54124827883002e-10,898731079787.4226
216,24292.0,33.878445,2.4797869377350864e+16,0.11298298144159619,8.842500506732025e-08,82699699341346.95,6506258494.91,2.8957850057274284,1.3661837024975573e-15,0.000966966849522674,7.887406099169988e-10,707786842834.4855
217,119153.0,1.6318921,4463503530439584.0,0.0012485305676000068,1.013548751269447e-09,3414944282372.8164,26665199.6,2.8957850057274284,3.656078882588639e-16,8.730267852018256e-05,7.195699668120521e-11,238787732223.02313
218,37423.0,53.66178,3.0329833507699916e+16,0.21337934826988791,1.6950458791836714e-07,120602784831349.56,10375478178.54,2.8957850057274284,1.7692738071370137e-15,0.001330443073620776,1.089550033088093e-09,751971271068.3597
219,55255.0,17.465992,1.9883179823364e+16,0.08612473802384021,6.867025585208912e-08,98043881696964.61,6237842186.35,2.8957850057274284,8.784305204279422e-16,0.0008528242479059716,7.048923428399645e-10,970849973985.9949
220,39676.0,17.929075,8981593584306907.0,0.08676967089529078,6.560514413057678e-08,43467380186962.54,3961055428.6,2.8957850057274284,1.9962019915181403e-15,0.0008512422352759589,6.697577544370653e-10,426430911747.8522
221,49803.0,22.069904,2.6205191554792636e+16,0.10353975923691276,8.156931683643651e-08,122940236819354.03,5267015170.46,2.8957850057274284,8.421958661837625e-16,0.0009033735598393223,7.347512518802806e-10,1072640695724.1122
222,6929.0,24.123041,2.6618046958248784e+16,0.10458663849384399,8.224157644867828e-08,115403860343914.72,8820972761.81,2.8957850057274284,9.06266377763843e-16,0.0009681575980318995,7.873200380128637e-10,1068292526112.2115
223,71235.0,21.602545,2.243863888240116e+16,0.0686327286788195,5.5401154208837684e-08,71289054800619.48,2936424765.81,2.8957850057274284,9.627386542123589e-16,0.0007586180109480816,6.277949629505412e-10,787979175479.0675
224,89449.0,18.080097,2.432277203469544e+16,0.05137099492942708,4.145818781131883e-08,69108312796327.93,2170367129.64,2.8957850057274284,7.433403139333576e-16,0.0006458155964000601,5.704300257221338e-10,868802060502.7472
225,111209.0,1.3029861,4277528595668914.5,1.1095573332895121e-05,9.171465086528588e-12,36425278993.22972,9253179.5,2.8957850057274284,3.046118970003614e-16,1.995559400708347e-06,1.6548827727516848e-12,6551153846.449994
226,20724.0,35.93372,6.308484297785668e+16,0.13233350068726524,1.0703821189068359e-07,232323235990212.44,5780283387.28,2.8957850057274284,5.69609407011016e-16,0.0010447016829958232,8.790369988743137e-10,1834066765992.8923
227,103393.0,17.97952,3.040681093517283e+16,0.05228773438252531,4.1852511766318354e-08,88428570595765.8,2221050636.5,2.8957850057274284,5.912991019785747e-16,0.0006723587328423899,5.580689376960612e-10,1137087356623.0317
228,111923.0,1.4481194,4265898508544387.0,0.0001700496666536875,1.3121410702188214e-10,500935640636.01086,6684900.78,2.8957850057274284,3.394641004935976e-16,4.307152704347024e-05,3.976768048032936e-11,126880948473.90964
229,60920.0,15.646238,1.6231402755712542e+16,0.04478518733838361,3.468211342413547e-08,46460140334011.42,1441662994.29,2.8957850057274284,9.63948602316174e-16,0.0005927665194114977,4.6405090952890496e-10,614935815029.141
230,41974.0,32.467945,2.1295978643371096e+16,0.25213654308959343,2.0201360142875353e-07,165378327357934.06,11094233229.39,2.8957850057274284,1.5246045060298957e-15,0.001526412793591041,1.2706575947447668e-09,1001186069930.9187
231,53944.0,26.070871,1.8168938695772132e+16,0.09140000088213247,7.245452864515443e-08,63697181916974.84,2707926001.75,2.8957850057274284,1.4349143577696493e-15,0.0008543085761336575,7.06933553067488e-10,595372519278.1171
232,21091.0,191.20566,3.927869311848885e+16,0.22973470875017415,1.782622152815769e-07,47193577447777.99,6496990475.22,2.8957850057274284,4.867923161883349e-15,0.0013733176416311605,1.1182011569172061e-09,282115718749.3153
233,81017.0,37.30636,4.356022576370936e+16,0.1454353395285796,1.1850661012162815e-07,169815447657896.72,5324600471.0,2.8957850057274284,8.564317412486979e-16,0.0010939223328057083,9.188134133344835e-10,1277302416665.1548
234,48228.0,39.69726,6.596489487778599e+16,0.20005322937803163,1.602810549933534e-07,332428239276047.4,8888967882.12,2.8957850057274284,6.017937279146374e-16,0.0012825831887303366,1.0578865587176001e-09,2131267125655.8313
235,36791.0,96.256226,4.205750415471489e+16,0.4429214116118509,3.611671976721803e-07,193526900889274.44,14921871510.55,2.8957850057274284,2.288681364588515e-15,0.0018361179253641425,1.5312188174305038e-09,802260180806.8904
236,95006.0,18.561995,3.139982474347372e+16,0.060933393439084015,4.920139775519558e-08,103076090420904.08,2454569051.59,2.8957850057274284,5.91149637032863e-16,0.0007422486594370126,6.202472221716968e-10,1255601987954.447
237,46781.0,33.307247,2.432803413994258e+16,0.11750105857043706,9.454337267948323e-08,85824258137605.48,8217627419.89,2.8957850057274284,1.3690891260841764e-15,0.0010010566462657188,8.281723131758242e-10,731184425610.7037
238,71887.0,23.179003,3.029740020082235e+16,0.08609130908685332,6.799793141588862e-08,112530415791269.75,6099572866.13,2.8957850057274284,7.650492400787201e-16,0.0008446198751118862,6.92091407943414e-10,1104007207464.161
239,81071.0,39.59983,7.976629873885758e+16,0.22037551403848285,1.8028133496326722e-07,443904407860410.7,7416737727.33,2.8957850057274284,4.964481319315525e-16,0.0013630279393770555,1.1580001045693978e-09,2745559609770.0337
240,64827.0,26.643,3.1884658416310776e+16,0.1051806780693038,8.468383464463401e-08,125873587517760.81,5407224285.87,2.8957850057274284,8.356056273875785e-16,0.0009024227317006075,7.448921175530838e-10,1079962487234.4681
241,85543.0,14.024597,1.4632756843470644e+16,0.04989655813388919,4.039845457420078e-08,52060262587174.37,2989043480.71,2.8957850057274284,9.584384644687092e-16,0.0006499775359667738,5.455950286730115e-10,678163032957.0251
242,219804.0,0.8880778,5349575843726455.0,9.164319551915783e-05,6.910921145710976e-11,552037473508.7255,6795195.0,2.8957850057274284,1.6600901191848043e-16,3.2113018003412586e-05,2.2849870570190094e-11,193441414006.98083
243,65322.0,9.022589,7019854022271580.0,0.030004091755631332,2.3436174639654054e-08,23344113778802.754,2034325771.25,2.8957850057274284,1.2852958154648846e-15,0.00047009922005303436,3.6954529264672287e-10,365751770445.93585
244,47034.0,43.560425,4.212626255066776e+16,0.11584965635923959,9.005259027651473e-08,112035478078874.66,4268952998.16,2.8957850057274284,1.0340443790285761e-15,0.0009778514334969684,7.903976093304617e-10,945657123938.5319
245,53615.0,24.477535,1.773255340162981e+16,0.08450882540775104,6.605077613517636e-08,61221739013015.625,3628503181.13,2.8957850057274284,1.3803728343911405e-15,0.0008323443764809203,6.924283692013958e-10,602985190481.5654
246,64913.0,54.00838,8.760411351935726e+16,0.07623425273611448,5.985334142551942e-08,123655516620901.14,8769988155.74,2.8957850057274284,6.165050684299904e-16,0.0008005553218654245,6.459706080007247e-10,1298538102702.2888
247,11056.0,33.350193,5.8047246958552984e+16,0.08797808531731105,7.084819808641297e-08,153129118183951.72,4178727562.34,2.8957850057274284,5.745353095524543e-16,0.0008765539299532031,7.334400902703425e-10,1525674602377.3755
248,67566.0,35.421207,5.220369265348584e+16,0.0756915089503816,6.109378391924612e-08,111553970188658.27,3709683151.4,2.8957850057274284,6.785191851296135e-16,0.0007956203505029645,6.708552978846127e-10,1172583425700.7512
249,2350.0,0.6197862,112493375562604.3,0.01572635024652675,1.1761034443202384e-08,2854387891359.2925,1183198952.09,2.8957850057274284,5.509535089513599e-15,0.0003674727258011715,2.841009521063665e-10,66697592415.84452
250,70382.0,16.166666,2.46578989428985e+16,0.056719335076213996,4.4360188226612225e-08,86510083923159.11,4290690206.29,2.8957850057274284,6.556384239159199e-16,0.0006518058286177348,5.221079632068861e-10,994154407126.8823
251,45788.0,10.989108,5228945888415942.0,0.07217606569935077,5.680576336080042e-08,34343528335571.832,2670229981.88,2.8957850057274284,2.101591455429852e-15,0.0007405018942815557,6.526702574878691e-10,352352923955.95325
252,65370.0,36.33692,3.4123080404048892e+16,0.1802958873327958,1.432623688213128e-07,169311297159372.1,7825661545.42,2.8957850057274284,1.064878069908613e-15,0.0012605133348364576,1.054772054195755e-09,1183716117794.2502
253,31282.0,54.197712,6.4517473512896104e+16,0.2696097172622934,2.239784690797999e-07,320945980012761.75,13331990158.62,2.8957850057274284,8.400470298820159e-16,0.0015424725554142634,1.3195998534313168e-09,1836174048054.0747
254,94663.0,10.493474,1.534927565695398e+16,0.06249075776611831,4.846662579306987e-08,91408037696961.7,2745922102.69,2.8957850057274284,6.836462015877563e-16,0.0007247643252309247,5.83973711801275e-10,1060145325970.7614
255,20393.0,72.71883,4.149311341391299e+16,0.25586277016428893,2.0654693091253262e-07,145994413562825.4,10956306108.59,2.8957850057274284,1.7525517855118762e-15,0.0015062645783178777,1.2520577607179746e-09,859469369618.6191
256,62687.0,38.511177,6.171937653120535e+16,0.17308026130897675,1.3581417969412287e-07,277384558198471.8,7677978158.89,2.8957850057274284,6.239722298641291e-16,0.0012837176623543246,1.0562528314969127e-09,2057331401805.904
257,17372.0,80.83384,6.070302023960735e+16,0.19915096945985333,1.6039027095608632e-07,149554509965862.12,6811503159.71,2.8957850057274284,1.3316279763499764e-15,0.0012560183273916709,1.038768354432289e-09,943220140834.2642
258,49403.0,188.51178,9.317248254124982e+16,0.4035801221465315,3.1729171518037734e-07,199470621330365.56,10956179924.47,2.8957850057274284,2.023255953457514e-15,0.0018761421137901224,1.534756276363194e-09,927288567016.9458
259,16459.0,78.1691,3.069898284479133e+16,0.2513940192406242,1.9490727579171874e-07,98728790327009.83,12245012330.11,2.8957850057274284,2.5463091202470538e-15,0.0014608789952490057,1.1802115472617642e-09,573724134133.1193
260,81470.0,18.9124,3.336608710311993e+16,0.0654071631528567,5.3545182625490665e-08,115394191267432.62,2643646887.1,2.8957850057274284,5.6681504011993e-16,0.0007334753141231628,6.319759803150104e-10,1294029378557.0154
261,49050.0,51.872433,2.6074361466793388e+16,0.1418951574929541,1.1196801020959626e-07,71325469288453.48,4341531337.08,2.8957850057274284,1.9894037699086653e-15,0.0010607034414204482,8.631094994103606e-10,533176551419.2957
262,30863.0,27.417824,1.5186370611133338e+16,0.12674325306922266,1.0199282666397548e-07,70201413998787.01,9243260119.52,2.8957850057274284,1.805423079817347e-15,0.0010807784195774547,9.09961851144638e-10,598628892950.0093
263,128017.0,4.515828,7623440345710719.0,0.008110624378204482,6.085344677396781e-09,13692031918334.57,251126917.72,2.8957850057274284,5.923609020618627e-16,0.0002397412418346641,1.816648850893034e-10,404721582738.13104
264,24041.0,8.077895,7760781847645736.0,0.011562345327396728,8.589579072921595e-09,11108443441400.516,223903782.81,2.8957850057274284,1.0408609800635565e-15,0.0002844187085242157,2.1319226628788234e-10,273253310453.4754
265,48105.0,43.03035,3.635053890776905e+16,0.15718134420306568,1.2506482813189465e-07,132781317559094.42,8117106306.19,2.8957850057274284,1.1837609920771573e-15,0.0012315251984085713,1.0143640878700432e-09,1040349535633.5417
266,1670.0,61.90942,7.764441211972414e+16,0.274277951854862,2.2242869132437082e-07,343988852248539.25,14451863971.32,2.8957850057274284,7.973454664649723e-16,0.0015676733013222544,1.3228910764454856e-09,1966115526150.1982
267,93490.0,14.805475,1.5052117554833798e+16,0.04563305990235732,3.559459859814164e-08,46393255335411.72,1931687570.46,2.8957850057274284,9.836140958947938e-16,0.0006068841951808968,4.971795361388022e-10,616994203025.1348
268,60512.0,4.488295,5734718303796405.0,0.009018299481325215,7.081757383093723e-09,11522729032889.625,237756715.0,2.8957850057274284,7.826530898699473e-16,0.00026102680425383034,2.052729250717301e-10,333515330907.59906
269,115374.0,6.0642695,6766116247687704.0,0.012721095376822682,9.724933034248043e-09,14193368239571.953,606725743.02,2.8957850057274284,8.962703681114617e-16,0.00032196396601667646,2.4936464493268463e-10,359226386893.8223
270,42287.0,69.8148,9.426007961323877e+16,0.08825146988969018,6.910533817262317e-08,119152251066930.52,4958836711.64,2.8957850057274284,7.406613731545646e-16,0.0008499514009951219,6.889668452824638e-10,1147557347799.951
271,27736.0,10.114823,1.2699099522309758e+16,0.03165166859515954,2.4483778198742373e-08,39738479807021.57,1226947615.09,2.8957850057274284,7.964992306919317e-16,0.0005119798181420761,4.1081561925550076e-10,642787586495.609
272,52939.0,47.418316,5.5649428819998104e+16,0.16289029649829237,1.2895839768503807e-07,191165623858302.1,8385956992.87,2.8957850057274284,8.520898957180278e-16,0.001173297149714568,9.665594741409749e-10,1376964045238.2898
273,37608.0,41.044437,2.075424194104428e+16,0.1448756751286141,1.1523537088095731e-07,73256817068568.6,7294312194.86,2.8957850057274284,1.9776408657369055e-15,0.0010883856737949405,8.917716463456858e-10,550345460923.4058
274,66407.0,11.633802,1.0830037594490176e+16,0.06269504527380672,4.8671586409332e-08,58363525294962.94,5018770213.46,2.8957850057274284,1.0742162156407233e-15,0.0006990114584818275,5.611832940017296e-10,650717656561.2516
275,9518.0,1.3850995,433439841718140.2,0.08857813422823177,6.83637479547704e-08,27718797443485.434,3970631170.5,2.8957850057274284,3.195598020037832e-15,0.0008601315424303179,7.308030752384413e-10,269161370434.2372
276,42583.0,32.780125,2.6012511332377936e+16,0.14820732915337714,1.19808101655601e-07,117609216839279.6,6713250864.74,2.8957850057274284,1.260167639377378e-15,0.0011198939924498708,9.38874204307602e-10,888686518726.3391
277,4012.0,0.2060401,59980621075846.94,0.007162399627977414,4.9351613936987385e-09,2085056152076.709,178931138.43,2.8957850057274284,3.435111145972586e-15,0.00023628363549734076,1.6525925107956014e-10,68784858904.5993
278,59108.0,13.531851,1.062126982011668e+16,0.06272496038087183,4.905922901655219e-08,49233377507731.09,4323376153.92,2.8957850057274284,1.274033258657141e-15,0.0007288731680550412,5.927908711044003e-10,572099011624.9316
279,64597.0,33.832764,2.4909835976773844e+16,0.15018268906525245,1.217535519042958e-07,110574062206867.44,5662909452.73,2.8957850057274284,1.3582090235979865e-15,0.0011699503758187623,9.9202552968915e-10,861391991579.8273
280,72788.0,12.998606,3.3933149940646628e+16,0.06455047037590836,5.004484294393234e-08,168510437965807.0,3185967046.43,2.8957850057274284,3.8306511546190692e-16,0.0007343456242093817,5.855120874474869e-10,1917025577554.6
281,73739.0,19.506453,3.7730878476861256e+16,0.10414143360496028,8.388047136379109e-08,201438353541511.2,4963708405.77,2.8957850057274284,5.169891024923387e-16,0.0009595227345379311,7.986018276098834e-10,1855982514741.9822
282,35406.0,6.7588043,6136865305950797.0,0.004474347720178936,3.106136703734675e-09,4062622332581.246,140111312.61,2.8957850057274284,1.1013447359592724e-15,0.00017032236285393753,1.2170077105747056e-10,154649454701.01746
283,62981.0,25.517859,3.1892853331621476e+16,0.09434747251032294,7.459783638037016e-08,117917812108802.64,3239210449.28,2.8957850057274284,8.001121359279345e-16,0.0008873406306852279,7.235684728286636e-10,1109020337075.7896
284,23030.0,0.76363003,612846211236684.4,0.012674828458778825,9.771594406312253e-09,10172099438045.29,1391543647.96,2.8957850057274284,1.2460385917358345e-15,0.00032086969922638805,2.546938664867767e-10,257511847028.26108
285,91752.0,4.5746226,6054955147133925.0,0.011143808635769815,8.68535701636145e-09,14749907775524.463,409909593.38,2.8957850057274284,7.555171737589779e-16,0.0002959187044778602,2.3576715659162603e-10,391677005839.0003
286,15507.0,41.84051,3.318431215632598e+16,0.14351487985642306,1.1481586195072774e-07,113823721848351.33,4589441401.18,2.8957850057274284,1.2608521099637702e-15,0.0010406169539828366,8.633001029753634e-10,825328320236.3346
287,54702.0,35.733692,2.74850001706244e+16,0.17231200552907752,1.407220651792078e-07,132535857234324.66,6865460312.37,2.8957850057274284,1.3001161280032185e-15,0.0011925810080089998,1.004818453520957e-09,917288065521.2112
288,67652.0,12.751028,1.3796650219722472e+16,0.040115116747956155,2.9240294361974435e-08,43404675630457.55,1625551010.86,2.8957850057274284,9.24211877298466e-16,0.0005653014470905935,4.2641134174751903e-10,611657847054.5173
289,84295.0,28.294724,2.087291011952716e+16,0.07117140863747354,5.550318659258658e-08,52502877058285.65,2715698810.57,2.8957850057274284,1.3555715919808198e-15,0.0007632726116609642,6.150298066684633e-10,563063298298.8654
290,127691.0,4.4692564,1.202086964073104e+16,0.014463941666209049,1.1963369061172563e-08,38903374901613.85,522404565.11,2.8957850057274284,3.717914371899141e-16,0.0003438494501021143,2.9307871704903055e-10,924844995627.1401
291,104607.0,8.438004,6751956983772452.0,0.015397010047179478,1.2157394037305438e-08,12320443260902.473,515713770.54,2.8957850057274284,1.2497123456621193e-15,0.0003599945510146866,2.9197954270873534e-10,288061930622.88684
292,109343.0,16.744946,2.9419321857255644e+16,0.06284579095946868,5.0630297238924664e-08,110414243892480.55,2314050334.61,2.8957850057274284,5.691819166073067e-16,0.0007024351110287663,5.889888506340075e-10,1234113541792.9912
293,77527.0,2.8632727,6823122670991846.0,0.0008321989332395497,5.301548438486668e-10,1983113731417.2,18223461.4,2.8957850057274284,4.1964256515173856e-16,0.00010135669260203459,7.0367672877697e-11,241531010004.6334
294,38539.0,21.69492,1.120371833455859e+16,0.14433355915613416,1.1039975324092824e-07,74536921224400.78,5886644111.14,2.8957850057274284,1.936403553905905e-15,0.0010750359317272743,8.503614724088549e-10,555171430851.1919
295,199934.0,2.0113485,1.0524127056637698e+16,0.002632537852576728,1.868875970114393e-09,13774421907454.45,53956398.2,2.8957850057274284,1.9111784656109956e-16,0.00012788245326845996,9.562788772514116e-11,669128789223.6505
296,77794.0,19.540924,1.773997268179392e+16,0.059905360885895535,4.669847775906294e-08,54384299616988.06,2696868222.25,2.8957850057274284,1.1015193963660581e-15,0.0007355598419467394,6.037141955171217e-10,667768397336.7795
297,109827.0,27.147263,4.824198197581887e+16,0.10667895106036131,8.913930455479694e-08,189573587372443.9,4259220201.53,2.8957850057274284,5.627310879061203e-16,0.0009489900439393142,8.239010142609057e-10,1686400599388.3052
298,49900.0,43.14292,3.0188328057887756e+16,0.11592011690065433,8.9806414219102e-08,81112602427134.1,6128156976.37,2.8957850057274284,1.4291258501388718e-15,0.0010511284641506287,8.512744806006745e-10,735504479223.0774
299,51160.0,11.762972,1.354336962640084e+16,0.044429738771414394,3.4002969749821984e-08,51154450982770.125,2629479366.45,2.8957850057274284,8.685410148645568e-16,0.0006651711010015491,5.240980302164927e-10,765848808078.7734
300,89964.0,22.805569,2.063109752466158e+16,0.0711448067608894,5.5811493614170723e-08,64361272751278.945,2884323122.52,2.8957850057274284,1.105397760479739e-15,0.0007565403932690638,6.110661810655595e-10,684405578079.6296
301,36616.0,61.982357,7.025390085970988e+16,0.30433185445260263,2.5369516788569867e-07,344944932171017.7,16871098410.53,2.8957850057274284,8.82262141198005e-16,0.001567782139567121,1.3470571975752712e-09,1777002623549.349
302,57141.0,10.452175,9221385785141014.0,0.04176245399334645,3.286758862652234e-08,36844742802990.81,1902343881.43,2.8957850057274284,1.1334711770591177e-15,0.0005966240937789441,4.905034664552954e-10,526369003336.22363
303,857.0,54.608593,8.754485229592603e+16,0.2735627386529925,2.1610489981059004e-07,438557527915895.0,12351689236.41,2.8957850057274284,6.237784583313672e-16,0.001498921456696539,1.2423282049364158e-09,2402970857163.319
304,58589.0,23.907742,1.6539937091886458e+16,0.08565978307254893,6.673966558310204e-08,59261448585341.09,4262618539.28,2.8957850057274284,1.4454554371750158e-15,0.0008201974321039951,6.680342695611111e-10,567431835675.9452
305,86686.0,15.756058,2.6898761838291692e+16,0.05109081724207563,4.083158831302863e-08,87222306818004.8,2093903725.11,2.8957850057274284,5.857540244685347e-16,0.0006712691988356547,5.582395945133917e-10,1145991612169.8174
306,43102.0,39.213432,4.450440874004949e+16,0.16505388302968885,1.3606753908316812e-07,187324217744715.38,7739391189.9,2.8957850057274284,8.811134247181192e-16,0.0011552211764634189,9.833984074946983e-10,1311092470113.017
307,3601.0,21.26425,2.7994885278178188e+16,0.07226683035238371,5.735329658055387e-08,95140981935998.1,3943380604.64,2.8957850057274284,7.595762507580386e-16,0.0007943399814476051,6.579880426475349e-10,1045767269125.2169
308,12393.0,15.715563,3.298112064650993e+16,0.03397994217679383,2.5532285821660285e-08,71311258304539.81,682349970.02,2.8957850057274284,4.76501789264187e-16,0.0004954348152788355,3.843982159115795e-10,1039733378638.2732
309,44895.0,33.6383,5.1363950399102744e+16,0.12146411987009105,9.680526831268996e-08,185469450842582.0,4684871977.61,2.8957850057274284,6.549009517108251e-16,0.001004873490708302,8.312521147321985e-10,1534390029642.2368
310,120352.0,9.919009,1.3269580856239176e+16,0.026911756959950645,1.9819319781259836e-08,36002360211944.81,952055854.13,2.8957850057274284,7.47499797277788e-16,0.0004417999556650577,3.4257409807916394e-10,591036890276.0715
311,105903.0,2.2344825,4039613217309621.0,0.0017516809132049165,1.2791121523248041e-09,3166779497933.668,68390350.43,2.8957850057274284,5.531426846573602e-16,9.454326560152435e-05,7.262226119558323e-11,170920213217.83984
312,69967.0,35.18531,3.906205747900486e+16,0.11738749016811105,9.142481223564743e-08,130321344000177.12,5470846809.56,2.8957850057274284,9.007541402270337e-16,0.0009657847855858718,7.894060437686758e-10,1072195777354.348
313,95580.0,15.616161,1.9298674704556852e+16,0.0551808370129909,4.490470970788705e-08,68193266157980.95,2464784416.83,2.8957850057274284,8.091830780645612e-16,0.0006594722121645484,5.541951887226516e-10,814985174605.8535
314,35548.0,27.721947,8276750412628034.0,0.13404951499269765,1.06254939917498e-07,40022238644652.125,5814952084.55,2.8957850057274284,3.349375735397792e-15,0.0010746947667550333,8.89578649272325e-10,320864200273.8448
315,66254.0,7.5918856,4712704455914593.0,0.019013694738002015,1.4891262483601166e-08,11802854868516.717,631101096.41,2.8957850057274284,1.6109403148487157e-15,0.00038930709710456915,3.158389772386709e-10,241664507068.42557
316,41796.0,30.12056,4.249711053794319e+16,0.1068454766083105,8.743683497958115e-08,150748327053102.4,4564087146.7,2.8957850057274284,7.08767246025047e-16,0.000938883165108661,8.04102865205071e-10,1324670645228.267
317,73812.0,13.177187,9254311424373436.0,0.04458775560696913,3.5400307296001415e-08,31313889383276.2,2232304108.89,2.8957850057274284,1.4238970784249529e-15,0.000635219574676509,5.322645287698705e-10,446113405457.05634
318,57358.0,71.979256,7.552657575785099e+16,0.24982138169100462,1.9975061972273128e-07,262133211132616.7,7900820069.66,2.8957850057274284,9.530321648736705e-16,0.0014579470631323392,1.2044257516486382e-09,1529798381280.8647
319,94519.0,13.85931,2.1984102972963348e+16,0.04936085550945289,3.829882502713944e-08,78297846743696.3,1598631503.46,2.8957850057274284,6.304241759167777e-16,0.0006199059541646765,4.998227573395875e-10,983315643412.9365
320,48305.0,21.56681,1.215600137375926e+16,0.13193338677251443,1.0652145726553265e-07,74363451565224.39,4325830341.37,2.8957850057274284,1.7741697567224309e-15,0.0010535649318517764,8.839380150944311e-10,593835470286.7404
321,19144.0,17.43358,7170589247854543.0,0.06346758341716027,4.857699442588774e-08,26104791513756.83,3471787114.9,2.8957850057274284,2.4312618387974416e-15,0.0007297682892877577,5.770472851021149e-10,300160302622.4103
322,31082.0,21.73558,6.750129454808162e+16,0.06978808932580022,5.69383834340418e-08,216731569782295.72,3378172526.76,2.8957850057274284,3.2200241707242523e-16,0.0007825591273637913,6.695240430072089e-10,2430289606142.233
323,58712.0,23.323618,4.48080514251124e+16,0.07243709727271339,5.6279693375017084e-08,139162165135855.44,3286503448.44,2.8957850057274284,5.205229251930474e-16,0.000771090838522872,6.225593389546458e-10,1481377286575.6028
324,90248.0,8.843618,8583306340413831.0,0.012687003561058204,9.290806382275129e-09,12313561950152.498,399531102.1,2.8957850057274284,1.0303276673652566e-15,0.00030113862561721185,2.2899474415050184e-10,292274618216.6305
325,3019.0,6.0169096,4171864727952343.5,0.050353649473713895,3.887441822073046e-08,34913041432941.438,2731357473.89,2.8957850057274284,1.442259035794109e-15,0.0006270531893780209,4.959857150829466e-10,434771545066.28894
326,53447.0,28.76663,1.5915388665321084e+16,0.12051432843481813,9.484831614687695e-08,66675602139711.43,6012253326.4,2.8957850057274284,1.807472667172822e-15,0.0009771436822610428,7.865740467542127e-10,540613255186.56537
327,23766.0,47.314342,5.932915632643672e+16,0.14089018126042868,1.161661277299747e-07,176667269067378.72,6672314323.73,2.8957850057274284,7.974888727503615e-16,0.001057940452520123,8.963943065443067e-10,1326589609797.9673
328,87185.0,5.9275827,8760581630568240.0,0.010965294946126547,8.848542383178796e-09,16205992618002.441,171917353.26,2.8957850057274284,6.766197668105648e-16,0.00027383130820599186,2.2935075259350313e-10,404704860303.9958
329,156933.0,1.2734001,6000581827760235.0,0.00076894914881135,6.172592993841942e-10,3623481958913.846,24967579.18,2.8957850057274284,2.1221277145308203e-16,7.161216539345513e-05,6.203889792765786e-11,337454550464.1685
330,99394.0,14.206074,1.764593612238059e+16,0.05020143759981343,4.0101605722860075e-08,62357225588011.37,1530845403.87,2.8957850057274284,8.050620778334472e-16,0.0006956815388959996,5.790084361189396e-10,864134031462.7559
331,52512.0,22.518732,1.6728673595270474e+16,0.07785111582502359,6.063602896305073e-08,57833891609190.76,2909762980.51,2.8957850057274284,1.3461158095861522e-15,0.0007889850051977513,6.418975076761339e-10,586119707962.0629
332,78594.0,17.701366,1.9835219234968804e+16,0.06580512180759542,5.384915253745656e-08,73737756613669.34,4308706878.41,2.8957850057274284,8.924209906786967e-16,0.0007881831508732344,6.720952853523308e-10,883196562055.1034
333,72317.0,15.392903,2.599172318941322e+16,0.09798304509676188,7.699865212862515e-08,165449505230483.6,7570847754.89,2.8957850057274284,5.922232584513573e-16,0.0008680896267401423,6.986940841276908e-10,1465814816206.587
334,32310.0,22.50852,1.1148050801650224e+16,0.15808964931839276,1.206349553377781e-07,78298859357101.72,14580508042.49,2.8957850057274284,2.0190543082803416e-15,0.0011676435834212775,9.382079267599655e-10,578312122973.9366
335,24291.0,36.805542,1.4767438660723482e+16,0.12230781992894106,9.543883546195754e-08,49073403905516.45,7078382991.0,2.8957850057274284,2.492344329006127e-15,0.0010056352511416916,8.275185006668442e-10,403489694195.9497
336,68204.0,28.307266,6.596009595938196e+16,0.08470600031294637,6.679203890840939e-08,197377447506847.9,4076937966.48,2.8957850057274284,4.291574411509579e-16,0.0008810269996309536,7.247569254450262e-10,2052922576078.6672
337,55466.0,20.485254,1.351863864129825e+16,0.0802267201552108,6.238776287315473e-08,52943255629383.64,3297005175.13,2.8957850057274284,1.5153340912168002e-15,0.0008207855195560997,6.691765572636745e-10,541653173589.605
338,61047.0,13.951728,1.690444398125577e+16,0.052535718775127443,4.09710698062001e-08,63654273868380.234,2727515245.6,2.8957850057274284,8.253290090741912e-16,0.0006626630812590511,5.415698497305169e-10,802907778562.6246
339,78191.0,26.705282,2.2852480363765724e+16,0.07032253436075196,5.533992034456841e-08,60177021744586.875,2931750786.64,2.8957850057274284,1.168594462172394e-15,0.0007578201769174978,6.300876940797067e-10,648488591592.9509
340,114988.0,4.2283444,8552544829900184.0,0.003228091921208149,2.220012547488279e-09,6529364275807.644,97019405.38,2.8957850057274284,4.943960521805705e-16,0.00015302265279212564,1.0775150705494602e-10,309514309665.71814
341,60921.0,19.245024,2.3690221967794276e+16,0.06530669392188151,5.3276813027312284e-08,80391174102571.88,2205638698.16,2.8957850057274284,8.123614893166763e-16,0.0007287878529509867,6.076321444249149e-10,897122601865.3491
342,16145.0,91.17572,2.6381207997738036e+16,0.4961311256616896,3.925669824346831e-07,143552893470245.6,19259858600.38,2.8957850057274284,3.4560858626268193e-15,0.002057872176734128,1.687827536482554e-09,595434331938.1624
343,48634.0,11.995744,1.6617809504554886e+16,0.06055875003295782,4.825554617755736e-08,83892568220999.88,3351991936.44,2.8957850057274284,7.218607239848313e-16,0.0007043182531871393,5.825707929490486e-10,975698261153.684
344,72016.0,16.710152,1.1025532774161448e+16,0.06909342014225771,5.5046430652364705e-08,45588560071588.164,2109716903.24,2.8957850057274284,1.5155868058512845e-15,0.0007161118855706425,5.881937580810457e-10,472498099617.8653
345,71749.0,34.726406,3.9857035037633336e+16,0.0890803729326875,7.056029572747753e-08,102241491536543.42,4389911959.79,2.8957850057274284,8.712741920519437e-16,0.0008804418146659118,7.329184579531349e-10,1010522086729.5259
346,88060.0,13.3288765,1.2880175490283084e+16,0.033710576499904284,2.5459628018971118e-08,32575749441251.11,1366524916.64,2.8957850057274284,1.0348365602670104e-15,0.000508224980619427,4.005341931755877e-10,491116182142.12866
347,70652.0,23.112383,1.0975043303130762e+16,0.07228822400246601,5.690982312801019e-08,34326464247909.055,3147692258.62,2.8957850057274284,2.1059035815746546e-15,0.0007856251352529593,6.47484913964018e-10,373058454397.7655
348,33911.0,2.901354,1278485736145287.5,0.026474720910574626,1.9350282497194948e-08,11666123145468.3,1938973636.47,2.8957850057274284,2.269367516565151e-15,0.000486963890582619,3.7060143423837167e-10,214581325866.36893
349,80916.0,13.790754,1.3239085121438136e+16,0.048235886738997404,3.694936430718442e-08,46306315843617.805,2211520392.83,2.8957850057274284,1.0416697130882966e-15,0.0006393701410382608,5.031702259186958e-10,613793540317.7695
350,57422.0,28.966019,1.4053319826537758e+16,0.09091904538567244,7.155092250301132e-08,44110805255232.234,3829256728.09,2.8957850057274284,2.061151340575176e-15,0.0008522302014361841,6.939693493322175e-10,413472889961.76495
351,43599.0,37.183647,3.335455244048136e+16,0.158034229251962,1.2987348035753296e-07,141760193317659.78,6720175626.19,2.8957850057274284,1.1147997583343793e-15,0.0012091678010663904,1.0367700181529177e-09,1084650218145.9083
352,57691.0,30.785812,2.692298414404252e+16,0.12152417340603594,9.945894410110463e-08,106276014214878.58,4954846408.97,2.8957850057274284,1.1434769576541254e-15,0.001047526739600533,9.062919956127307e-10,916089067286.1157
353,84269.0,16.884125,2.043719058540234e+16,0.06918276712434136,5.4659166290863464e-08,83741467025722.19,4095123657.31,2.8957850057274284,8.261470640715077e-16,0.0007846134945762894,6.444297249725122e-10,949726179149.5958
354,853.0,190.96773,2.5927059696572268e+16,1.0784836874256287,8.699034456092227e-07,146422177954692.47,48388448461.1,2.8957850057274284,7.365576052005897e-15,0.0030238983131261575,2.5256562233216503e-09,410544713919.91766
355,114647.0,11.726579,1.3068170012297114e+16,0.040646694160694496,3.102716740014772e-08,45296919905609.305,1450139327.36,2.8957850057274284,8.973390297926427e-16,0.0005636565951076237,4.440790156706272e-10,628142292259.2296
356,51579.0,71.50387,7.134564849891289e+16,0.25743850907977706,2.0887467153879283e-07,256868857292478.94,10074457517.31,2.8957850057274284,1.0022176755613838e-15,0.001474086046544,1.2357882108118732e-09,1470824235581.6597
357,48186.0,61.482307,4.331396811081788e+16,0.2692529521888321,2.274114966658294e-07,189687315813485.1,10756053421.75,2.8957850057274284,1.419456809930201e-15,0.0014655480888845658,1.2816790260050697e-09,1032471068250.8412
358,53024.0,52.616783,4.7871609190113096e+16,0.16295671308754806,1.321070259359103e-07,148260681080264.62,7895779731.84,2.8957850057274284,1.0991229225456436e-15,0.0011518819146909948,9.680214800336157e-10,1048000993394.9497
359,109672.0,4.0333056,7259444109075787.0,0.004245283677773872,3.2025854093035162e-09,7640978056800.636,158621978.86,2.8957850057274284,5.555942768341649e-16,0.00017897436982312816,1.3370436312465897e-10,322131413669.2392
360,65616.0,20.837797,2.250379117670946e+16,0.0644498610405053,5.226626872287881e-08,69602665494028.67,2418253395.32,2.8957850057274284,9.259682884707133e-16,0.0007514974495212535,6.325878487992347e-10,811580114436.0917
361,41311.0,46.34281,2.566979109380229e+16,0.1442168672630537,1.1372311370915588e-07,79883305627026.11,9718360195.46,2.8957850057274284,1.80534425974308e-15,0.0011473894259548792,9.334860944834988e-10,635551596191.5015
362,95737.0,11.010195,1.435739393764908e+16,0.03382459299952681,2.6732126330564677e-08,44107575431212.05,1181067199.64,2.8957850057274284,7.6686584263236e-16,0.0005167439420524152,4.2511063163351866e-10,673838777691.0612
363,45623.0,71.18766,6.1976209796323304e+16,0.292597226880429,2.3590629821422892e-07,254736103405616.62,6283125243.26,2.8957850057274284,1.1486288082789979e-15,0.0014491214337211135,1.201260667058712e-09,1261609863235.4058
364,70018.0,35.955086,5.529005119709432e+16,0.1524588107386603,1.2301129933193873e-07,234444035294162.3,7252919172.54,2.8957850057274284,6.502993797533246e-16,0.0011547703009650025,9.815992698151198e-10,1775751810501.552
365,65112.0,107.12108,1.2780077267775642e+17,0.18654386711227547,1.4790277295244047e-07,222556105252537.75,5236096763.16,2.8957850057274284,8.381880465629165e-16,0.0012588104816031284,1.0343512303126384e-09,1501823471194.8245
366,160455.0,3.1267672,9036174342352856.0,0.006950058586397045,5.107317696339601e-09,20085262847918.492,190439137.77,2.8957850057274284,3.4602776369029717e-16,0.00022886094269650408,1.7671732572833807e-10,661394739704.5859
367,86118.0,13.620883,1.6626636271414466e+16,0.03554653882002336,2.7411110027675433e-08,43390679713513.64,1427057621.2,2.8957850057274284,8.19220603473347e-16,0.0005289307101614025,4.249856472351137e-10,645651132208.8728
368,28748.0,15.544091,1.192385999924614e+16,0.08955880824897981,6.97002180185265e-08,68700491476803.99,3223313474.1,2.8957850057274284,1.303612337026998e-15,0.0008548880518240389,6.873643431173833e-10,655783953206.2775
369,1671.0,12.220908,2.051913028794135e+16,0.037284884228019455,2.9576656008857808e-08,62602009379789.195,1778243492.43,2.8957850057274284,5.95586061811887e-16,0.0005728826291059152,4.794744713153317e-10,961880517087.8184
370,24040.0,30.10785,3.188638350449612e+16,0.09802825126829871,7.831913174249991e-08,103818984557717.7,4460937342.81,2.8957850057274284,9.442227901371964e-16,0.0009134737484582039,7.639203472748208e-10,967434548286.507
371,49986.0,37.457737,1.6581007070856996e+16,0.10926050482654606,8.753099591528014e-08,48365153588813.05,5560532389.054,2.8957850057274284,2.259074906604209e-15,0.0010071712267086478,8.336484778419992e-10,445833479786.0267
372,55735.0,13.79484,1.5209176526178472e+16,0.08381013294676506,6.361619142757315e-08,92402891709496.89,4616899852.8,2.8957850057274284,9.07007685541418e-16,0.0008198983502077741,6.414389379167552e-10,903959650262.8906
373,46507.0,24.694988,9852999313138230.0,0.0374684410047897,2.8812228509021383e-08,14949451422472.982,1095261541.67,2.8957850057274284,2.506342202528229e-15,0.0005453983555350797,4.4573457724920203e-10,217607298390.8257
374,52195.0,32.088783,1.5910721637419108e+16,0.10887021290796553,8.525419142644936e-08,53981593885476.81,3693520189.45,2.8957850057274284,2.01680248899164e-15,0.0009199500543929888,7.47952677525442e-10,456142859508.739
375,157348.0,4.670516,1.0156547085634712e+16,0.007203549888297373,5.4890312788983045e-09,15664905895667.832,172681270.93,2.8957850057274284,4.598527393828477e-16,0.0002409275869244742,1.8342302258551002e-10,523923348261.0427
376,32524.0,57.682724,2.414358226494717e+16,0.28090393067924563,2.1992618933547778e-07,117574668611374.6,13701636895.24,2.8957850057274284,2.3891534970660338e-15,0.0015011580483426862,1.2070166574394833e-09,628322144301.8049
377,79008.0,10.770877,1.7657213895510542e+16,0.04023341613189681,3.057455754704558e-08,65956563647322.89,2426786169.66,2.8957850057274284,6.099986704436176e-16,0.0005753583783347188,4.500972279455199e-10,943212512113.007
378,97508.0,12.925681,1.6700009720463916e+16,0.058053860747104204,4.5897646115466385e-08,75005722235222.95,2661893914.33,2.8957850057274284,7.7399242373859725e-16,0.0007058604919716962,5.966310747381549e-10,911973386718.9489
379,163808.0,2.2000713,5892833845009190.0,0.003949894740908947,3.356414616200193e-09,10579690491599.998,69882911.91,2.8957850057274284,3.733469087819782e-16,0.00016211219843541026,1.3453473500749736e-10,434213313736.2555
380,113480.0,8.951761,1.0880999837090056e+16,0.0319373334710602,2.3684326099828398e-08,38820308126601.78,1340997613.4,2.8957850057274284,8.226965475623057e-16,0.0004956498140173802,3.852502681336944e-10,602469787294.0118
381,29878.0,42.65654,1.5493786041874788e+16,0.11597106564328094,9.537167445568715e-08,42123221389386.27,3566586507.16,2.8957850057274284,2.7531385734069714e-15,0.0009949000481625425,8.525801606233686e-10,361369405002.8754
382,19897.0,2.5493793,1532675803131200.0,0.1030397553993284,7.760640756546791e-08,61947055058110.836,7222273156.67,2.8957850057274284,1.6633519592282413e-15,0.0009676719148816495,7.498854201679067e-10,581760167782.3063
383,67604.0,19.076637,3.4604013173681184e+16,0.06136554715041935,5.059160887725704e-08,111313865331885.53,3514995749.35,2.8957850057274284,5.512839480280034e-16,0.0007524020857845897,6.462102930004605e-10,1364817692363.4465
384,75353.0,19.749447,1.2184089086136392e+16,0.06513991474687462,5.267329783263022e-08,40186974568920.84,2906154597.04,2.8957850057274284,1.620921093105911e-15,0.000769372953504327,6.373611211827269e-10,474651700676.00336
385,14234.0,142.97005,3.436232667988e+16,0.43349034212103515,3.413386210758092e-07,104187812402219.6,18682511903.86,2.8957850057274284,4.1606626737447475e-15,0.0019265182669539324,1.5638677031110945e-09,463031593287.0366
386,4013.0,23.187243,1.0563449566365344e+16,0.18729203100037958,1.436925467470474e-07,85324931629631.19,9031398107.54,2.8957850057274284,2.1950446068138167e-15,0.0012626886856580556,1.0033419226955755e-09,575245114262.5717
387,103414.0,12.920274,1.7983223705077022e+16,0.03804646445630078,2.94341288818913e-08,52955384808783.35,1843635579.53,2.8957850057274284,7.184626189325748e-16,0.0005497243345224735,4.314223558554733e-10,765139786032.5747
388,47356.0,65.43335,3.444464503529516e+16,0.18961424593453652,1.5272444988267398e-07,99814473733199.8,9179066001.52,2.8957850057274284,1.8996668403158447e-15,0.0012754363593108864,1.0604441534692532e-09,671400022489.6426
389,9519.0,58.762924,1.1969604901883418e+17,0.16107851129968564,1.4212273121777933e-07,328105888406914.7,8833526056.03,2.8957850057274284,4.909345336098241e-16,0.0011418056691455253,1.0348405370765911e-09,2325779897270.353
390,101934.0,11.127323,1.527467765492353e+16,0.04548942717318417,3.6601226280236494e-08,62444159909576.41,2091380936.73,2.8957850057274284,7.284816905064637e-16,0.0006509424975129705,5.384238290205486e-10,893560546539.4944
391,55885.0,12.276955,5.35621410422903e+16,0.04216635711399704,3.5175117903549953e-08,183964213192887.88,4326114505.26,2.8957850057274284,2.2920956408943133e-16,0.0006282075275044545,5.517283744867538e-10,2740756172195.9604
392,5372.0,88.13614,4.3080422068975064e+16,0.226088324975402,1.8293799108713218e-07,110510631221289.17,10245273090.85,2.8957850057274284,2.045851358161888e-15,0.0014206221109459194,1.1807890461357866e-09,694391655228.701
393,27249.0,15.108612,1.5814442449217292e+16,0.04174344508256109,3.287612811080026e-08,43693577536455.69,1648392385.36,2.8957850057274284,9.55367983949872e-16,0.0005863295963981917,4.771785328868877e-10,613721211353.6309
394,9763.0,172.25272,5.2312799085145496e+16,0.7401038845945731,5.909704466651422e-07,224768037433206.34,40358423715.59,2.8957850057274284,3.2927452365842167e-15,0.002525860317650334,2.090339717318733e-09,767098617161.945
395,24842.0,46.6443,1.9465088878659884e+16,0.1805403000289785,1.392327719173268e-07,75341102476486.69,8030054251.55,2.8957850057274284,2.3963055237388328e-15,0.0011752830663906719,9.228960327003949e-10,490456268930.57355
396,7578.0,1.3206503,295006474871488.25,0.010212697525553163,7.403619610864073e-09,2281309363986.976,757127103.29,2.8957850057274284,4.4766824205309605e-15,0.00026424243686646985,1.913419382257408e-10,59026397685.616745
397,67187.0,22.754847,3.3023808852309796e+16,0.10603408249959431,8.221626053902911e-08,153885863187594.7,5713510104.91,2.8957850057274284,6.890436866857183e-16,0.0009521812502378837,7.691540210809266e-10,1381888069852.0728
398,50166.0,66.71785,5.560190200120537e+16,0.19644455884784662,1.559966723060138e-07,163714674704415.53,6801707199.0,2.8957850057274284,1.1999202832765262e-15,0.0012660577142550938,1.0512042661743247e-09,1055118187349.889
399,37509.0,37.185997,1.5982753697010288e+16,0.10749162412825311,8.624678843223017e-08,46200513406524.445,5039575712.76,2.8957850057274284,2.326632675754489e-15,0.0009646962685432184,8.056491608288299e-10,414631960857.5011
400,82636.0,14.098434,1.8159524670561396e+16,0.04781016689333673,3.846782450631935e-08,61582010115677.11,1717783686.06,2.8957850057274284,7.763658055904473e-16,0.0006161685098290318,5.187878169875348e-10,793657455534.6611
401,77069.0,15.882092,1.3409749429233926e+16,0.05584403041258169,4.4392755744568295e-08,47150869983075.234,1745988054.75,2.8957850057274284,1.1843690356641745e-15,0.0006573956127607545,5.526435426119659e-10,555059776948.743
402,10236.0,129.7247,3.8116090222281736e+16,0.3141142730530102,2.3529341897770337e-07,92293973096834.89,20519807374.59,2.8957850057274284,3.403410455885796e-15,0.00164982983285822,1.2794248048462913e-09,484757819911.21124
403,81169.0,14.93748,3.8584819759881416e+16,0.0732563442916414,5.670984583046487e-08,189227556506238.06,3418061300.56,2.8957850057274284,3.871335953610247e-16,0.0007819779757323486,6.228762949152807e-10,2019917633351.1135
404,31854.0,0.1706888,123715322529301.0,0.03409302746905552,2.946971341718908e-08,24710642346390.168,1364651146.03,2.8957850057274284,1.3796900538296193e-15,0.00046023639872414776,4.0071638457724015e-10,333579558283.15576
405,74953.0,21.94037,1.9438710922491516e+16,0.08843472314504637,6.912996298152561e-08,78351323096516.88,2830507727.54,2.8957850057274284,1.1286947003576223e-15,0.0008234185206442591,6.766727769576937e-10,729531662001.569
406,32211.0,58.72389,2.3874305303374504e+16,0.2407636067664353,2.0526729140800588e-07,97882886400806.89,10548101207.4,2.8957850057274284,2.4597109425294858e-15,0.0013925567389273604,1.2235306209270787e-09,566146499106.6393
407,74279.0,31.562056,3.662402626163342e+16,0.09781369047097378,7.866757253676188e-08,113501198038436.62,4210485877.28,2.8957850057274284,8.617855332051179e-16,0.0009125417422175069,7.633693733547013e-10,1058896566554.8115
408,104285.0,7.45151,1.6461420246311598e+16,0.022527343214355244,1.6853498628645277e-08,49766029124888.46,663441084.3,2.8957850057274284,4.526650731530659e-16,0.00040414307567807685,3.202371988784347e-10,892808170206.2716
409,76724.0,30.886742,2.7609296927514676e+16,0.07430314582382493,5.825005446472691e-08,66418711811637.64,2420177196.42,2.8957850057274284,1.1187080236447134e-15,0.0007750643750806193,6.321273046226298e-10,692820967311.4576
410,53508.0,55.23289,2.7612237674887012e+16,0.2043762279991084,1.671347739584873e-07,102172545789443.19,7864141150.93,2.8957850057274284,2.0003047435099267e-15,0.0013415044459105633,1.1397105533068486e-09,670650034832.508
411,71599.0,21.554106,1.8116177655402464e+16,0.10248216036786935,8.252232131610376e-08,86136025485527.75,4587953057.74,2.8957850057274284,1.1897711763481357e-15,0.0009251507764090425,7.694081695776442e-10,777587148521.0167
412,67418.0,34.771015,1.1916677559669458e+17,0.12464543170832926,9.701453053024635e-08,427183221126550.1,8528970032.42,2.8957850057274284,2.917844745390969e-16,0.0010883095994523222,8.823332773169443e-10,3729840668087.01
413,856.0,15.358638,5968629626913208.0,0.08804589774595406,6.796231534519262e-08,34216142981862.86,3615351587.88,2.8957850057274284,2.5732268477082597e-15,0.0008456317551537442,6.812272952120956e-10,328626975078.7312
414,39843.0,28.437578,1.5850256194727578e+16,0.11388680831874047,8.695559320511682e-08,63477103748141.58,6553300594.49,2.8957850057274284,1.794139959041133e-15,0.000929116962497267,7.301099703663701e-10,517862030671.1344
415,72645.0,10.810293,2.4698541623360544e+16,0.05601543739661167,4.2176197738363656e-08,127979844032993.38,4174847275.12,2.8957850057274284,4.3768952697090966e-16,0.0006679283211214574,5.184310125486731e-10,1526032221387.491
416,39517.0,33.519146,2.3432320244134908e+16,0.11018864964583111,8.359227340610585e-08,77029877961983.19,8320464313.08,2.8957850057274284,1.4304663665728885e-15,0.0009717932197442072,7.601810851845651e-10,679354120063.9547
417,72191.0,19.300598,1.2933241600508616e+16,0.08954367999486006,7.094808584343245e-08,60002806502272.89,3219056752.05,2.8957850057274284,1.4923248630290013e-15,0.0008671576619976083,7.118168403383698e-10,581078345258.9011
418,50618.0,9.770871,7124497461420987.0,0.07355104853215759,5.65839268105607e-08,53630250420070.9,3963255190.58,2.8957850057274284,1.371447046322786e-15,0.0007832748294528253,6.251203309853984e-10,571130202622.8379
419,3600.0,30.707998,1.6290302687899648e+16,0.11458954592668642,9.071782979671328e-08,60788671017065.33,4059964298.46,2.8957850057274284,1.8850477236871565e-15,0.0009642078760170748,7.875485175908673e-10,511503164562.37115
420,18425.0,0.16829132,65294534866682.914,0.014760119167543731,1.0826399275880539e-08,5726707209983.136,359458636.31,2.8957850057274284,2.577418161314938e-15,0.0003503817136478951,2.625689619211191e-10,135942905542.78496
421,108815.0,17.481716,2.8972830078697532e+16,0.05357518296765222,4.356065885627234e-08,88791321890649.53,1651019776.69,2.8957850057274284,6.033830990108746e-16,0.0006543819476839648,6.216112190017354e-10,1084521506745.3705
422,37239.0,18.476261,1.1412445801319126e+16,0.0873039760496931,6.612235769303585e-08,53926056516888.65,5807968040.47,2.8957850057274284,1.618957173743107e-15,0.0008509902537658015,6.622534915174191e-10,525640991353.87933
423,58558.0,73.252205,9.706709712746187e+16,0.2893265422819878,2.3598923366327617e-07,383388972130441.8,12822810446.35,2.8957850057274284,7.54655358692866e-16,0.0015587206725064585,1.3117189137352002e-09,2065473536431.662
424,25373.0,57.006897,4.683085139848701e+16,0.22153514857291662,1.7295673876472967e-07,181989902421105.28,17289740125.06,2.8957850057274284,1.2172936279745228e-15,0.0014147680736383756,1.1536346957118981e-09,1162224167715.75
425,73792.0,53.389446,5.844056279467086e+16,0.18305339077256996,1.498596374882098e-07,200371870841697.8,8487874859.87,2.8957850057274284,9.135683067868834e-16,0.001237164085333123,1.0641385896523152e-09,1354210819423.4104
426,9.0,59.917706,3.1809794936143616e+17,0.20839716331290686,1.6781803035816243e-07,1106362621802910.6,6986451261.75,2.8957850057274284,1.8836244031211595e-16,0.0013320415162723532,1.112150058694557e-09,7071693879444.144
427,97176.0,4.131884,8927045922615389.0,0.005380164453898742,4.190418540247976e-09,11623989238608.105,118862824.84,2.8957850057274284,4.628500890235666e-16,0.00019822673765242284,1.671468518145354e-10,428274169873.4552
428,48035.0,16.248323,9981909844398898.0,0.11095735649659555,8.469692604807967e-08,68164962570096.945,7921668077.3,2.8957850057274284,1.6277769738741272e-15,0.0009375060928877917,7.246111501303375e-10,575942594062.2054
429,12392.0,32.236,6088248241730240.0,0.14869240097406977,1.1439639084974448e-07,28082772328732.727,8655608609.85,2.8957850057274284,5.294790672142294e-15,0.0011049039324046482,8.80662334262432e-10,208677547578.59003
430,108591.0,9.579125,8829674629653210.0,0.0321234116585434,2.4466208776597736e-08,29610144239619.67,1108294468.86,2.8957850057274284,1.0848785942609784e-15,0.0004900920563342258,3.8423092039833564e-10,451748296009.17474
431,38797.0,12.031543,1.0618836223936248e+16,0.036109941307701406,2.8056428691157908e-08,31870023055432.836,1052755791.69,2.8957850057274284,1.1330378156581157e-15,0.0005359825301099666,4.334509318789927e-10,473049109838.09094
432,19145.0,31.94188,2.8566743784517024e+16,0.10322768647905113,8.152705875123977e-08,92320141178775.52,5625220167.56,2.8957850057274284,1.1181491401659953e-15,0.0009407037020916016,7.691380159067338e-10,841304320058.726
433,22385.0,42.687874,3.651163975901233e+16,0.16380288790339556,1.2697782065353645e-07,140103300403638.22,9198078209.68,2.8957850057274284,1.1691579529638398e-15,0.0011715156107471297,9.344608212235387e-10,1002016543425.3884
434,93422.0,27.769457,3.037097607768864e+16,0.10756366810618259,8.768484870853365e-08,117640528256685.47,3488552621.37,2.8957850057274284,9.143419338570488e-16,0.0009179585906169266,7.761203643281238e-10,1003955475108.3344
435,86386.0,13.264492,2.1075540009118132e+16,0.04647274859758283,3.807052473075792e-08,73839109134525.89,3547006609.03,2.8957850057274284,6.293785115001202e-16,0.0006561554779024184,5.553922139354098e-10,1042545091567.355
436,48719.0,64.57053,5.037606725302157e+16,0.1296009738211227,1.0566981247687668e-07,101110946019336.75,3373610794.28,2.8957850057274284,1.2817699657991277e-15,0.0010137210183090164,8.649828450686559e-10,790875933558.8002
437,44011.0,22.74066,2.6501470676179388e+16,0.17078576585587144,1.4679376457624022e-07,199030017850766.7,7678239154.38,2.8957850057274284,8.580904915756332e-16,0.0012119418031808537,1.0765884198448888e-09,1412370624169.8071
438,31083.0,13.337055,1.1711959398998862e+16,0.0555366915579052,4.33931863836323e-08,48769647923091.61,2601619953.57,2.8957850057274284,1.1387552283642694e-15,0.0006935692656053627,5.64143352588069e-10,609059127308.35
439,53238.0,22.565329,2.3439989042226956e+16,0.07528988504177493,6.00466377993698e-08,78208214042424.62,7950335481.91,2.8957850057274284,9.626851343381064e-16,0.000807063808458265,6.821944543132769e-10,838346599184.957
440,21390.0,0.22242174,104885252182129.02,0.06545394075732383,5.168337430481843e-08,30865476920763.42,5770821031.11,2.8957850057274284,2.1206197761127906e-15,0.000743821054404196,6.072208180888988e-10,350756445253.78314
441,23683.0,107.4064,3.151162645641029e+16,0.24857595337590058,1.9447461296834934e-07,72928918470663.19,13219697993.9,2.8957850057274284,3.4084689391889746e-15,0.0015958283112507282,1.312280774530411e-09,468195057582.2018
442,60195.0,40.56189,2.5904459862668176e+16,0.12884109806149677,1.037930196993882e-07,82283124711302.6,4303687804.49,2.8957850057274284,1.565826510764471e-15,0.001020195772298982,8.569603132918439e-10,651538191035.5444
443,62635.0,23.204348,2.1713494841503196e+16,0.07052843106065095,5.678208890858265e-08,65997059000095.94,3165512613.58,2.8957850057274284,1.0686602119732096e-15,0.0007660351385623555,6.457566826508164e-10,716818245855.6428
444,69049.0,20.696321,1.6695920297541658e+16,0.05613748265297945,4.352401268962901e-08,45286644717134.62,2329492027.12,2.8957850057274284,1.2396034858316478e-15,0.000683069527194315,5.505180204241573e-10,551038727304.0337
445,63669.0,7.413116,9318553912370016.0,0.0199282939054087,1.5470927657000387e-08,25050583471121.426,596504344.95,2.8957850057274284,7.955221453577017e-16,0.00038175000466739867,3.0194555328103496e-10,479873510618.29596
446,19748.0,12.566125,1.1264418517387626e+16,0.05209537808765781,3.977722136426926e-08,46698894177872.836,2039331087.32,2.8957850057274284,1.1155591369943397e-15,0.0006575264290443847,5.253648302506025e-10,589414229366.597
447,33829.0,30.01077,3.783533319000771e+16,0.1017491531601139,8.309149761572421e-08,128277718686126.19,4839300432.97,2.8957850057274284,7.931942834832978e-16,0.000945457952544839,8.093198327015824e-10,1191962640467.9548
448,16278.0,32.617977,7704319300933314.0,0.2156922153101014,1.7110192307188631e-07,50946191343340.46,8626365688.48,2.8957850057274284,4.233726008220948e-15,0.0013403311315982169,1.1033404546733264e-09,316584287456.39044
449,118424.0,2.6837468,5029260063799889.0,0.0021245541354837517,1.4942768783957979e-09,3981349979427.7646,83991870.18,2.8957850057274284,5.336265705003687e-16,0.00013564027416853675,9.690525312155454e-11,254185757731.94754
450,14376.0,32.614082,1.1054103987194798e+16,0.06937366365486775,5.397977963612871e-08,23513269268581.11,2681467078.98,2.8957850057274284,2.950404848532322e-15,0.0007598858499165894,6.179356868213158e-10,257553077942.70825
451,45450.0,42.220413,1.4495866555941594e+16,0.17922977205937654,1.4045294388888868e-07,61536367695516.19,8385519190.59,2.8957850057274284,2.912582896446064e-15,0.001205706578987034,9.797434777512776e-10,413964725418.88446
452,92964.0,17.443966,1.9856731613210052e+16,0.04757655225934115,3.702390513544485e-08,54157112510744.375,1692742750.6,2.8957850057274284,8.784913015793134e-16,0.0006017216840081629,4.793217616511781e-10,684948937942.1445
453,75891.0,18.210533,1.6290251587582922e+16,0.027397203977133966,2.0170399509250296e-08,24508197842635.34,565425385.27,2.8957850057274284,1.117879174676516e-15,0.0004592461622909996,3.5883590585222995e-10,410819141007.697
454,31473.0,43.56697,1.4566570682915612e+16,0.2214392084997823,1.7564572410881214e-07,74037966895126.44,25433061921.99,2.8957850057274284,2.990887213494764e-15,0.0013517691665835675,1.1136849058769095e-09,451962601760.5876
455,85657.0,33.902683,3.1198076357285464e+16,0.1003867128422198,8.287908365450221e-08,92378303289697.22,3169267198.41,2.8957850057274284,1.0866914553237495e-15,0.0009218716278970027,7.918818335282863e-10,848328772054.5817
456,55115.0,11.459392,2.586355674592398e+16,0.05807627123826674,4.322623214926943e-08,131076669404675.62,5558815003.07,2.8957850057274284,4.4307100189559064e-16,0.0007037748493057518,5.430681160118246e-10,1588401963330.4639
457,17955.0,59.170666,3.851953896638949e+16,0.25946956565584284,2.1004869666062605e-07,168912211413547.28,7610211928.47,2.8957850057274284,1.536120825631631e-15,0.0014298274667057785,1.1946607421797376e-09,930804037578.1338
458,30617.0,55.006447,4.2763697865535736e+16,0.3180972861508647,2.647670297093352e-07,247298580051942.7,16373467711.31,2.8957850057274284,1.2862883647938917e-15,0.0015933113061363839,1.375350842235014e-09,1238689044965.1917
459,37687.0,39.855335,4.451760799183698e+16,0.19176448946213834,1.6421674637890317e-07,214197079729231.44,7279705436.4,2.8957850057274284,8.952712600216103e-16,0.0012647874883361294,1.1210875226897817e-09,1412742198722.6526
460,40306.0,38.9708,2.5481783639696776e+16,0.12954666695613784,1.0348395326384087e-07,84706501755677.6,6416028782.6,2.8957850057274284,1.5293591905116629e-15,0.0010680331271447747,8.767152920751166e-10,698353358564.1533
461,52651.0,32.48434,2.062578934976956e+16,0.09828337205267504,8.02899209611698e-08,62404596446888.07,3323513737.41,2.8957850057274284,1.5749380277833066e-15,0.0009154127943724988,7.804971379806093e-10,581237342818.4496
462,74322.0,6.813855,6421605372177511.0,0.004500175556024758,3.189336845409432e-09,4241116302931.3804,91601850.58,2.8957850057274284,1.0610827986288234e-15,0.00018411176440455716,1.404237989662574e-10,173513098735.0603
463,11693.0,38.687218,3.958318282161276e+16,0.160798381872309,1.2280180287118322e-07,164522342936912.88,17926038644.61,2.8957850057274284,9.773650131761625e-16,0.0011804306509083837,9.319176750658604e-10,1207768474412.9675
464,53387.0,48.308857,2.8190565280455852e+16,0.20371002349157533,1.676288217577002e-07,118874696528681.05,7280350011.77,2.8957850057274284,1.713653363080729e-15,0.0013448844204282731,1.1490694325445227e-09,784805404291.6243
465,16460.0,45.14384,2.27563351594059e+17,0.17741101969753764,1.3815948446029872e-07,894302439759030.0,8169795890.13,2.8957850057274284,1.983792191658798e-16,0.0012652956330634357,1.023236683383196e-09,6378166213092.243
466,43674.0,11.949398,1.498894641455763e+16,0.08465869984649092,6.573626704100769e-08,106193191952027.25,3698102561.2,2.8957850057274284,7.972140048745824e-16,0.0008444710384571995,6.80468504009794e-10,1059277726298.9147
467,77379.0,22.481169,4.989856415004847e+16,0.06911831449648421,5.467418008002696e-08,153413047597571.22,5791250687.11,2.8957850057274284,4.505373928676095e-16,0.000791395334440101,6.535313233271059e-10,1756558605275.7507
468,39956.0,22.107504,2.1362368326886492e+16,0.12181905710300397,9.703381058417624e-08,117713133380791.84,6849305112.99,2.8957850057274284,1.0348807614264232e-15,0.001000672628985076,8.207154970118011e-10,966944856145.3625
469,105209.0,2.7954257,5879281856386672.0,0.0015541510066793083,1.203462706081111e-09,3268658442846.3755,48592797.32,2.8957850057274284,4.754706047922035e-16,9.8761019974319e-05,8.359402574120433e-11,207712146616.25793
470,41062.0,49.348114,2.643237391245704e+16,0.2389265448727361,1.9804770341408466e-07,127976436377844.25,10497662687.18,2.8957850057274284,1.8669573214815655e-15,0.0015238070678484294,1.3124371697578334e-09,816198126392.7224
471,8914.0,20.969505,1.9066384064179988e+16,0.07034083093313287,5.767312876673212e-08,63956936416222.664,2814018799.06,2.8957850057274284,1.0998155145419213e-15,0.0007741862782668496,6.699719010985524e-10,703923765422.8783
472,26124.0,83.64228,2.4471876484823964e+16,0.18235266347494686,1.429235375432382e-07,53352345933630.336,10630192348.36,2.8957850057274284,3.41789400791844e-15,0.0012601596056642276,1.0192180629535997e-09,368694758452.0586
473,17567.0,0.8629598,483823352222340.5,0.04504263080815927,3.42917259695322e-08,25253408826827.027,2435137116.87,2.8957850057274284,1.7836257717536292e-15,0.0006325583787832906,4.980355913797261e-10,354647476393.75635
474,40137.0,0.6633059,526132419937528.5,0.030781424986345125,2.3629580407723398e-08,24415741842777.617,2238159700.22,2.8957850057274284,1.2607204476750532e-15,0.0005296994166440805,4.305451361082434e-10,420156123921.7791
475,171560.0,1.8024297,5930934344635221.0,0.0007716165336276508,6.731424794449674e-10,2539021078148.3525,10690212.46,2.8957850057274284,3.0390316183998453e-16,6.028493450428517e-05,5.3584394455119136e-11,198368895339.19116
476,40564.0,19.63109,7918935859019143.0,0.08535828396280608,6.506977464574576e-08,34432462779061.36,5644590258.19,2.8957850057274284,2.4790060621139507e-15,0.0008687453229280512,6.879551857420954e-10,350440983668.76776
477,23923.0,113.530914,3.233559071192478e+16,0.2458010210746291,1.914567635980417e-07,70008431483625.71,8100143804.49,2.8957850057274284,3.5110202566403668e-15,0.0013984290770877707,1.1362548163015465e-09,398297068905.5217
478,168362.0,4.43997,1.3851325513490084e+16,0.00607457914854497,4.441804591172848e-09,18950797672947.3,152310529.08,2.8957850057274284,3.205447735435734e-16,0.0002175914738835487,1.6325386613983186e-10,678817724831.724
479,26347.0,23.138618,1.471683315847291e+16,0.20642382735817819,1.62252551770564e-07,131291550219798.1,8939393743.18,2.8957850057274284,1.5722552366287052e-15,0.001251853599312205,1.0178508361776906e-09,796215251918.309
480,40633.0,61.904823,2.2426940107927056e+16,0.14173215885494106,1.1116194645342344e-07,51346865784705.766,4527087903.18,2.8957850057274284,2.7602884166136888e-15,0.0010560361182504001,8.577236117726986e-10,382581802645.8051
481,30288.0,35.321064,5.789595407308944e+16,0.15716602260305282,1.2624948795968142e-07,257616158632041.28,6180972892.46,2.8957850057274284,6.100782786204666e-16,0.001162503072216746,9.722353160338472e-10,1905498217122.964
482,49846.0,15.779213,1.5952344660831914e+16,0.08284004234044366,6.695906197610972e-08,83748974497819.77,4966654964.2,2.8957850057274284,9.891469458243962e-16,0.0008102554407232647,6.706959641007739e-10,819145673091.0331
483,112724.0,21.646774,4.619968732180159e+16,0.08172805714298724,6.536397614552233e-08,174428332158147.16,2355994026.98,2.8957850057274284,4.685480628736833e-16,0.0008156599732439885,6.746194000491518e-10,1740824555417.88
484,78260.0,19.857346,1.387528266998899e+16,0.06271910631688078,4.82688910157923e-08,43824855998168.78,2127465355.46,2.8957850057274284,1.431130916197454e-15,0.0006853117827636984,5.400955482157908e-10,478860302022.2544
485,41879.0,14.385932,1.2069523539360818e+16,0.10975163999607339,8.522203916127404e-08,92079540096259.45,4873570826.4,2.8957850057274284,1.1919221130051217e-15,0.0009104374110539813,7.411417120471043e-10,763839684758.0502
486,126652.0,13.621469,2.2778976732630612e+16,0.03982599994949741,3.155520111666346e-08,66600417781911.01,1522418019.29,2.8957850057274284,5.9798423607358125e-16,0.0005601916446863963,4.6327392551872595e-10,936800020623.73
487,32687.0,16.40249,1.2736308600168014e+16,0.0834098522051975,6.582371923091931e-08,64766606654221.4,4690062593.79,2.8957850057274284,1.2878527456364886e-15,0.0008237743884193194,6.719723544937813e-10,639649518324.5425
488,38634.0,11.062007,5163676441745478.0,0.043197940905998634,3.317767859782118e-08,20164531606987.633,1812642066.38,2.8957850057274284,2.1422734605463988e-15,0.0005750091799917384,4.5529286892523244e-10,268410728406.76425
489,27494.0,56.234776,1.6548703272371094e+16,0.1444188030280496,1.1162774942281775e-07,42499394294061.05,9187317955.58,2.8957850057274284,3.3981379129497616e-15,0.0010984530953595311,8.840948032899727e-10,323251475807.8245
490,166856.0,0.6299457,3452077783608691.0,1.9158815459857537e-06,1.823324827000631e-12,10498955895.600674,4449745.5,2.8957850057274284,1.8248305498535872e-16,1.0801693205030066e-06,1.0631914120215332e-12,5919285604.845187
491,0.0,38.366302,4269459700034763.5,0.2314405703706127,1.7568771139011478e-07,25755054217901.707,8228680791.71,2.8957850057274284,8.986219497443108e-15,0.0013886698746823965,1.116248208027675e-09,154533268976.73947
492,18802.0,38.871956,1.1389418302282576e+16,0.10604705509317044,8.73872309506409e-08,31071610345034.457,5808821808.39,2.8957850057274284,3.412988703049882e-15,0.0009737178910630056,8.497003677365963e-10,285297718739.2625
493,64418.0,41.446644,6.2851899493142104e+16,0.12331165669571824,9.822463478752392e-08,186996367015194.9,5518359641.91,2.8957850057274284,6.594334353335228e-16,0.0010335141527241397,8.568992637807071e-10,1567275933167.4126
494,121512.0,10.428868,1.5815279640016916e+16,0.03094573139194985,2.5081355122064114e-08,46928908835411.17,1384345487.22,2.8957850057274284,6.59417236835456e-16,0.0005322465982743207,4.593239396616031e-10,807146929959.8123
495,89724.0,13.21602,9063234016759830.0,0.019170796273823437,1.4378722657058239e-08,13146878781757.984,495824715.37,2.8957850057274284,1.4582013413270357e-15,0.0003593830136253508,2.7118945943247603e-10,246456372957.5879
496,19637.0,16.77835,2.9698482182526908e+16,0.10485881327886211,8.276742042762099e-08,185605115988354.2,6457554215.6,2.8957850057274284,5.64956481509063e-16,0.000952710042497768,7.783289496579927e-10,1686342353225.1035
497,70797.0,28.45596,2.523297723923939e+16,0.08393152879896615,6.80853176903549e-08,74425264719196.9,4304770417.64,2.8957850057274284,1.127728992508605e-15,0.0008384359713245198,7.096290191195123e-10,743472923808.9729
498,82595.0,25.029139,3.759292904648631e+16,0.07214544266539943,5.69252035298457e-08,108360040157502.3,3407908311.72,2.8957850057274284,6.657937977923908e-16,0.0007721341220335013,6.496220883813252e-10,1159719607773.0208
499,84179.0,19.686033,3.549433095087704e+16,0.08064865761214397,6.637561690288218e-08,145411223481612.94,5054317994.2,2.8957850057274284,5.546247097105396e-16,0.0008526588144651022,7.425028949438464e-10,1537361750272.7341
500,59949.0,43.127697,2.7941089076137804e+16,0.13951021542103895,1.1085779152471045e-07,90384315121450.22,4636522725.7,2.8957850057274284,1.5435224046736185e-15,0.0010708872007060145,8.932653838514726e-10,693794400044.6538
501,43814.0,86.53635,4.473603509767354e+16,0.2200210570589765,1.7580830402528475e-07,113742603320080.02,9568716345.78,2.8957850057274284,1.934376835387011e-15,0.0013536953453330135,1.1161379359208038e-09,699809530681.3264
502,70944.0,7.171523,8573458750188514.0,0.03161395487422172,2.3643970832715235e-08,37794055466943.5,2337743783.14,2.8957850057274284,8.364795596459027e-16,0.00048500919620778326,3.745349656795506e-10,579821934218.0897
503,71545.0,14.389303,1.1074084998195932e+16,0.05612910928528947,4.302987204959058e-08,43197264460851.52,2839868575.75,2.8957850057274284,1.2993672165550604e-15,0.0006892911190626151,5.479132228389575e-10,530482153374.6973
504,68038.0,16.592564,2.0403264162024344e+16,0.07360146978386674,5.635996847961058e-08,90505013614139.8,4078830742.69,2.8957850057274284,8.132308569960573e-16,0.0007853214280118125,6.287019199532199e-10,965680804233.9445
505,59686.0,32.700607,3.864809754035983e+16,0.08501678455846315,6.679983952490347e-08,100479388109928.4,3848729094.83,2.8957850057274284,8.461116867615818e-16,0.0008587407056775709,7.07621277554761e-10,1014925947854.8578
506,13831.0,60.46941,3.959476912778704e+16,0.24832891880009592,1.9695195241939035e-07,162603309799827.25,8200148510.24,2.8957850057274284,1.527207035981009e-15,0.0014260230606500204,1.1695975823681974e-09,933745737842.2876
507,92999.0,2.5470273,3969426082805775.0,0.0017520801428304996,1.2798097061076682e-09,2730537131705.441,39672706.49,2.8957850057274284,6.416613502472988e-16,0.00011778174592888164,8.67091716146575e-11,183557488515.5356
508,43872.0,17.872458,2.8519936336395076e+16,0.10027885217494042,7.419723305896572e-08,160019762246249.16,14928249643.58,2.8957850057274284,6.266654241157077e-16,0.0009478374995987664,7.312712900858693e-10,1512509647291.0837
509,21834.0,35.13672,2.978753150998899e+16,0.13669164389636002,1.1465275487161311e-07,115881808254015.14,5283293423.166,2.8957850057274284,1.1795781059674985e-15,0.0010751187170788329,9.31525073856385e-10,911443431884.4979
510,86621.0,15.513345,1.7914020870333572e+16,0.07172221242351025,5.604079944268989e-08,82821158829463.31,3349244441.51,2.8957850057274284,8.659889989126227e-16,0.0007705919201389054,6.31533292632746e-10,889840311027.62
511,63847.0,9.894304,5957834361646662.0,0.0637490092040337,5.0924433936461504e-08,38386331929635.61,2972773814.64,2.8957850057274284,1.6607215641465657e-15,0.0006934418763421345,5.722410177114541e-10,417554568636.2481
512,47573.0,15.797545,8554718583559815.0,0.06029345610969153,4.749344767380214e-08,32650234542685.348,2725671244.5,2.8957850057274284,1.846646952286568e-15,0.0007061985723397286,5.721636931254775e-10,382422082068.9599
513,54095.0,113.20822,1.1076936844198862e+17,0.3707125746893329,2.994865428279075e-07,362726291181337.75,13625781460.46,2.8957850057274284,1.02201738253377e-15,0.00172819592020553,1.4394461045511196e-09,1690965290552.1165
514,4636.0,0.12698409,31722188079416.38,0.5882706098513606,4.369930619835105e-07,146957236353765.56,31745520408.27,2.8957850057274284,4.003005394271536e-15,0.0022500060050683313,1.7431370118726531e-09,562079183877.2393
515,63809.0,43.02153,5.846103099477667e+16,0.16735340924869876,1.3738991705625853e-07,227412945219979.94,12270590220.47,2.8957850057274284,7.359009799851777e-16,0.001221654360384031,1.046269851361009e-09,1660079811836.4202
516,93336.0,74.71937,1.629322478846566e+17,0.11266176163337073,8.791063360894575e-08,245669015592214.66,5118616263.97,2.8957850057274284,4.58591659846831e-16,0.0009817741846531185,7.813853193015944e-10,2140846139637.6672
517,42020.0,157.30444,1.4539986724759056e+17,0.4671885134872514,3.704297262295796e-07,431832361760707.56,12223639326.81,2.8957850057274284,1.0818747154159229e-15,0.0020843199697344276,1.7198549212304748e-09,1926581645762.1143
518,27591.0,15.525724,1.051263310325831e+16,0.06290109286410954,4.9031269593137145e-08,42591000012261.13,4986693944.68,2.8957850057274284,1.4768634886713512e-15,0.0007256474158679878,5.836169451665725e-10,491343595013.51807
519,34844.0,28.285133,1.7805964198492122e+16,0.0777044460429952,6.257434544174565e-08,48916248133082.33,2345694966.5,2.8957850057274284,1.5885201545218929e-15,0.0007691583453744624,6.3345278180426e-10,484198040034.28644
520,84206.0,21.925552,3.757150725835498e+16,0.084232789323857,6.520483958195542e-08,144340851964537.94,1967053975.71,2.8957850057274284,5.83568602910502e-16,0.0008512312783615094,6.815565135611217e-10,1458665312211.8997
521,41218.0,11.9142885,1.7721796949411484e+16,0.02495748860599402,1.8718270929977682e-08,37122782904130.336,756818753.75,2.8957850057274284,6.722957346825744e-16,0.00041336858670829697,3.249076287814492e-10,614861236481.6946
522,136274.0,4.300935,6804503387850969.0,0.00893397998198729,6.734304797275133e-09,14134437524497.639,255522395.36,2.8957850057274284,6.32071843432257e-16,0.0002656347688067206,2.0013855040036097e-10,420260404836.7016
523,37156.0,87.50589,3.416289968125918e+16,0.29423981914761027,2.5019102808803877e-07,114873243661331.3,9956720569.87,2.8957850057274284,2.5614304059793643e-15,0.0015770379941843233,1.3962652928260449e-09,615686450236.1296
524,122381.0,13.887535,2.208047455011943e+16,0.03742870993505389,2.8630247985453776e-08,59509745765879.96,1190568640.49,2.8957850057274284,6.289509298578406e-16,0.0005378692772258085,4.1874195535856456e-10,855184803284.067
525,63217.0,34.995605,2.5881127210476236e+16,0.13434083879292977,1.067278512969385e-07,99352256900885.02,8146895236.08,2.8957850057274284,1.3521669560757917e-15,0.001064514610808221,9.060055164266737e-10,787265659780.3687
526,29989.0,26.145239,4.141160053436279e+16,0.08361803207862833,6.625873954803396e-08,132443101472879.64,3198821023.29,2.8957850057274284,6.313506037590851e-16,0.0008234316138088965,6.660990855988145e-10,1304238261444.8357
527,90217.0,11.118386,1.0400036764590566e+16,0.037327281873924666,2.9359332688964236e-08,34915598703899.254,2383866249.89,2.8957850057274284,1.0690717976935645e-15,0.000570852870915087,4.701590613290889e-10,533970564134.8464
528,27921.0,32.293076,1.1288146148405576e+16,0.07011654491355197,5.496252231552353e-08,24509458510716.61,5323086777.23,2.8957850057274284,2.8607953489830852e-15,0.0007497117582194153,6.006691000996111e-10,262064099931.4796
529,46846.0,12.316193,1.784138060039075e+16,0.11141755882976496,8.622182710194186e-08,161400773164910.9,14335572304.89,2.8957850057274284,6.903161406539503e-16,0.0009575040404966953,7.687911819258424e-10,1387051503083.2578
530,143532.0,1.7938112,5358726067876803.0,0.0011211835751965722,8.223484010897189e-10,3349357865131.6167,35480982.26,2.8957850057274284,3.3474582900460355e-16,8.927412313012117e-05,6.363303945894531e-11,266692264383.3553
531,36480.0,80.71409,1.8853062347229612e+16,0.2428446388402619,1.9392249030005656e-07,56723245182420.01,6776574607.64,2.8957850057274284,4.281219067408465e-15,0.0014632758865617086,1.2052072860520367e-09,341789537868.11664
532,28159.0,39.051727,2.0109037033324964e+16,0.17939906340786102,1.5042993007080445e-07,92378562664142.62,8370509598.61,2.8957850057274284,1.9419988602777427e-15,0.0012140676229807634,1.0499136800836271e-09,625163921469.6185
533,138073.0,2.7684228,8895678537522761.0,0.0024262861856755562,1.7302608403878116e-09,7796302626824.924,67421193.9,2.8957850057274284,3.112098518761157e-16,0.0001455030784854596,1.0118115527120335e-10,467540078208.6438
534,56504.0,24.940538,8.969863988407173e+16,0.09542252423668336,7.494990651621307e-08,343187089161242.94,4180966675.64,2.8957850057274284,2.780481179227872e-16,0.0008873859292333262,7.159361192233822e-10,3191483315415.75
535,3014.0,121.93141,1.926399070495786e+16,0.5487715957960854,4.4854711138600375e-07,86700637026674.92,35124412283.67,2.8957850057274284,6.3294990050332215e-15,0.002111012612174415,1.773649801825175e-09,333519700452.7114
536,71626.0,23.686136,3.8569901618218e+16,0.10289165730393725,8.389700375630768e-08,167546158628332.66,3722833910.53,2.8957850057274284,6.141093185680349e-16,0.0009138930328764565,7.679976685322782e-10,1488160178072.9365
537,8911.0,36.695297,7097695072134832.0,0.11101171599968493,8.608245559419529e-08,21472160576877.066,4906449744.56,2.8957850057274284,5.1700300769560746e-15,0.0009603525896117982,7.866263611265861e-10,185753772283.1235
538,91097.0,17.814663,2.6144265962776676e+16,0.06771305430970512,5.568227934251314e-08,99373650852944.69,2643344255.59,2.8957850057274284,6.81398476643556e-16,0.0007837831644069563,6.711922321803031e-10,1150256701875.4263
539,29176.0,19.638187,1.5034437063031654e+16,0.07367038706250414,5.7726482758461126e-08,56399951670711.766,3093425244.61,2.8957850057274284,1.306213655866674e-15,0.0007781446996311045,6.322712587242981e-10,595725435985.2827
540,41528.0,54.397434,4.715932635565224e+16,0.21036123226842363,1.7164040592635105e-07,182370624414448.56,6660005844.58,2.8957850057274284,1.1534819982321532e-15,0.0013318182726121124,1.118638877543794e-09,1154606898636.7195
541,65061.0,28.145971,3.002958774609534e+16,0.11309261104804731,9.120415807452208e-08,120661123643677.73,5648143766.13,2.8957850057274284,9.3727463853245e-16,0.0010058602692663073,8.437174843902749e-10,1073175596473.2451
542,102679.0,16.202612,2.4673036934068704e+16,0.06098377758084666,4.841225299194735e-08,92864965021149.72,2733993647.85,2.8957850057274284,6.566930549853519e-16,0.0007290459470898742,6.039138693384138e-10,1110177641677.8706
543,89515.0,20.260963,1.6153796018907968e+16,0.049359301838469295,4.0441187537899314e-08,39353514121433.52,1714721831.06,2.8957850057274284,1.2542539831680805e-15,0.0006353382167032383,5.306362396850757e-10,506546700452.5332
544,51522.0,18.206799,1.2700059416470148e+16,0.0653551259399504,5.260605729598403e-08,45588133455433.84,4380687275.22,2.8957850057274284,1.433599513431284e-15,0.0007625343259525442,6.420895439813489e-10,531901914592.19855
545,92363.0,4.4692783,6271726509698207.0,0.007573049605707079,5.587184403426076e-09,10627240637794.393,172797148.2,2.8957850057274284,7.126073327797356e-16,0.00022874755777958406,1.7347977465577076e-10,321000847531.6786
546,25855.0,5.675276,1.117382342115722e+16,0.013651621649408216,1.0544084140695728e-08,26878130635925.805,705600414.9,2.8957850057274284,5.079081515870455e-16,0.0003193729914576103,2.522112380425375e-10,628800680712.9891
547,145090.0,3.3623078,8268338531463050.0,0.00505868795907644,3.7093823723918344e-09,12439951086774.36,190764892.32,2.8957850057274284,4.0664854096208044e-16,0.00020151683340132378,1.5253237556024307e-10,495555284483.6471
548,5.0,182.03053,6.520906293637612e+17,0.6832958343856392,5.491705810662903e-07,2447780659025537.0,26527692238.015,2.8957850057274284,2.791491271352964e-16,0.002324197264954956,1.932470128006297e-09,8326005847865.243
549,113726.0,8.70867,9790198692135112.0,0.02210265422216178,1.6718421720975442e-08,24847580222757.652,789134383.61,2.8957850057274284,8.895294440751288e-16,0.00040163353527302375,3.2231137292272136e-10,451512356278.0033
550,22722.0,40.278633,2.39678298627104e+16,0.15862879279303266,1.23684742881067e-07,94392178527770.5,7032783868.12,2.8957850057274284,1.6805289936852504e-15,0.001169787740155572,9.384903325328611e-10,696083045607.1643
551,51312.0,20.908669,2.5372088631242028e+16,0.06245658770192713,5.1740284012617704e-08,75789333064588.47,2285800398.12,2.8957850057274284,8.240815056216547e-16,0.0007636230931111246,6.778902124006482e-10,926635396986.7062
552,96378.0,18.640003,1.8201559278602144e+16,0.06531193326422642,5.14363179270701e-08,63775688496880.85,2583416995.7,2.8957850057274284,1.0240882506101162e-15,0.0007283128962441623,5.953801191821104e-10,711181771502.8551
553,58800.0,22.418825,8.793003580575278e+16,0.07160161094746707,5.8883164729020285e-08,280832390384436.34,2942941023.18,2.8957850057274284,2.54962082007173e-16,0.0008053482424468659,6.911146036550733e-10,3158698093876.5967
554,25618.0,29.984089,1.9487746569005436e+16,0.10264970558870472,8.430225751278745e-08,66715765414640.36,4754002127.98,2.8957850057274284,1.5386124246755458e-15,0.0009585116746122822,8.272506666299653e-10,622971489921.7767
555,59756.0,59.428753,4.979485646836127e+16,0.21583443949024603,1.7555866430546662e-07,180845876664213.5,7548670199.9,2.8957850057274284,1.1934717200713276e-15,0.0013840936457652855,1.1716550789704336e-09,1159720521641.3218
556,68315.0,7.8467164,6988062444101336.0,0.015631228852752175,1.1762842420762285e-08,13920727822031.479,348233926.84,2.8957850057274284,1.1228743965537198e-15,0.0003396038495450833,2.7031895862137785e-10,302441529157.11816
557,61807.0,26.566696,2.028379338354597e+16,0.12088830671603168,9.802012714099545e-08,92298772715836.34,5368145015.3,2.8957850057274284,1.3097498824628469e-15,0.0010250471832850773,8.725722636561804e-10,782628192611.5419
558,90947.0,30.939451,4.590516703108518e+16,0.09839795885886032,8.079503212877423e-08,145994017053949.38,4288805739.04,2.8957850057274284,6.739862416587878e-16,0.0009375826517728042,7.991050433381107e-10,1391100580132.4126
559,15123.0,34.79278,2.234714721404089e+16,0.17016697309057915,1.3726375717291447e-07,109296997785831.05,12882050944.64,2.8957850057274284,1.5569226651954673e-15,0.0012100644702484156,1.0220195570796379e-09,777215527334.1694
560,45953.0,20.042566,2.5782126054488216e+16,0.06425641523531707,5.2258048421398315e-08,82657430061923.3,3133572672.69,2.8957850057274284,7.773822049291758e-16,0.0007386273326678122,6.223733055042523e-10,950146952148.3395
561,82893.0,15.461685,2.3997003716968244e+16,0.0702546069783434,5.7578028143856334e-08,109037279235312.97,3364101339.61,2.8957850057274284,6.443173148765679e-16,0.0007611213041028086,6.379870653397169e-10,1181283331255.2168
562,71774.0,18.19869,4.8273875372725336e+16,0.05697193784919282,4.3417165610417537e-08,151123857127880.53,3364691129.68,2.8957850057274284,3.7698837848602124e-16,0.000715649276787107,5.644975823838449e-10,1898332462292.7158
563,72065.0,62.344303,5.835495463250373e+16,0.21455554065292584,1.740501804342441e-07,200826350419761.66,8365457873.936,2.8957850057274284,1.0683634901718216e-15,0.0013515082977226288,1.1240257523839198e-09,1265026660079.2114
564,94121.0,26.298435,2.4884111611413772e+16,0.06886363518994772,5.411556472703582e-08,65160165767823.82,1914161042.75,2.8957850057274284,1.0568364027083657e-15,0.0007401034087341366,6.161079905831985e-10,700300828810.8413
565,51942.0,21.90043,2.217038893693582e+16,0.06912047729553153,5.380601564526631e-08,69972501231645.945,3089405242.62,2.8957850057274284,9.878234460521317e-16,0.0007743880177207899,6.317647374537761e-10,783933627831.6299
566,96804.0,17.41664,3.5376718055760636e+16,0.06511255324135146,4.993153435290678e-08,132256763526718.92,3624076303.56,2.8957850057274284,4.92319269767986e-16,0.0007515168346000201,5.945417519507946e-10,1526482672421.4666
567,7892.0,3.6398742,1.7522219292688966e+16,0.008672043216644176,6.800398243426967e-09,41746894153021.84,197738383.92,2.8957850057274284,2.077290632653316e-16,0.00026994102391414545,2.15583256812806e-10,1299486069358.2908
568,6577.0,0.108692974,42650299863933.45,0.0345872011500238,2.5919617759651096e-08,13571755801830.385,1451246682.84,2.8957850057274284,2.548469163095251e-15,0.0005343392130434968,4.1708442615060496e-10,209670660638.68454
569,47192.0,13.188159,6870509855137873.0,0.07854502148125486,6.295094177386935e-08,40918853356179.39,3164771090.46,2.8957850057274284,1.919531341642381e-15,0.000783319675813993,6.562823844828216e-10,408078606908.16986
570,72107.0,11.315389,1.0602812003380348e+16,0.07108685139484247,5.5793340644533394e-08,66610217399662.6,4611408597.3,2.8957850057274284,1.0672064162217033e-15,0.0008023802675867501,6.503672383435795e-10,751851052795.8279
571,174636.0,1.2212293,4999719096350376.0,0.0004352622626854628,2.901293382099317e-10,1781965963860.4985,25176030.84,2.8957850057274284,2.442595826816462e-16,6.246947359520484e-05,4.208002854158728e-11,255750349318.42957
572,28013.0,86.68296,2.9865832878296016e+16,0.1873563625157767,1.437447319422336e-07,64551946675351.55,6146246712.97,2.8957850057274284,2.9024122767054626e-15,0.0012299658907714817,9.804737603885292e-10,423773666009.8544
573,68869.0,9.065529,1.0164268377085804e+16,0.0487103930709236,3.958507052895704e-08,54614078000986.836,1953261092.59,2.8957850057274284,8.919017743015534e-16,0.0006182170507503856,5.213344683796923e-10,693144770604.9359
574,129331.0,3.2597532,6440344910164162.0,0.004545724118185524,3.243946384732613e-09,8981057580545.242,180301984.29,2.8957850057274284,5.061457492525676e-16,0.00018355817809961525,1.410735535440222e-10,362658736877.0322
575,41629.0,25.64416,1.0063107774575702e+16,0.07463042178832091,5.816980860728483e-08,29285965214610.89,3376497490.58,2.8957850057274284,2.548334031042538e-15,0.0007776656743309247,6.21768884170078e-10,305166302712.9836
576,87915.0,19.762514,2.770989045475158e+16,0.06824442265783022,5.435264250054631e-08,95688507848558.23,3021077765.93,2.8957850057274284,7.131935087318688e-16,0.0007845090129139034,6.541043646704201e-10,1099994606385.0762
577,33828.0,21.17743,9553118975818758.0,0.07526139132815897,5.878795345568517e-08,33950343627321.953,4649955160.12,2.8957850057274284,2.216807940276382e-15,0.0007963973213413585,6.50091816066788e-10,359254090925.9226
578,101740.0,8.806223,8660266384400781.0,0.01883063101857547,1.4176049280650821e-08,18518527274090.582,688328109.41,2.8957850057274284,1.0168535942337895e-15,0.00039828069827776085,3.0521544316782507e-10,391679491065.6433
579,18682.0,131.85548,1.0898612831215592e+17,0.3627061194028483,3.089710821157399e-07,299797442388006.75,21379786757.81,2.8957850057274284,1.209837270504207e-15,0.001617307655823982,1.401316666549593e-09,1336797679534.1733
580,5878.0,4.046848,1878044985771843.0,0.11411359780370021,8.653295975438654e-08,52957380698169.04,6734439340.13,2.8957850057274284,2.1548195227798644e-15,0.0010136910703655495,8.033802795473137e-10,470429685479.097
581,11277.0,73.029785,1.3636162830385406e+16,0.25802824026208054,2.0052715769131446e-07,48179179208203.03,7155326280.33,2.8957850057274284,5.355596431957239e-15,0.001421495395675731,1.1529202788796078e-09,265422425631.9171
582,102232.0,20.828257,3.8378271493284824e+16,0.08643770131336045,7.026759636494266e-08,159270627794712.22,3727791321.52,2.8957850057274284,5.427096163943806e-16,0.0008693222843892359,7.375038510040979e-10,1601818464476.0554
583,75974.0,17.578457,1.5712161867841918e+16,0.07881946582209785,6.309535945293146e-08,70451246394017.12,2809810099.97,2.8957850057274284,1.1187802892979246e-15,0.0007970408388725681,6.632754397183151e-10,712419450447.0045
584,43470.0,42.59862,2.264299213186492e+16,0.14072398662392674,1.1108970201826508e-07,74800829742612.27,8022943639.76,2.8957850057274284,1.881315850481263e-15,0.0011486065233378868,9.397893502192274e-10,610533591711.3862
585,36049.0,36.070473,2.5137739525598404e+16,0.11486614952062112,9.218345930767789e-08,80050942136461.95,2515695090.9,2.8957850057274284,1.4349131497392005e-15,0.0009282466781602452,7.60307107417871e-10,646900948903.393
586,64519.0,20.938793,2.683392736578647e+16,0.08486284953853059,6.752570037762817e-08,108755243942217.47,4587936546.5,2.8957850057274284,7.803104150418613e-16,0.0008827755228714982,7.360489735181665e-10,1131313264380.9963
587,17954.0,19.00868,9886112798334250.0,0.08450578516561755,6.455210216981156e-08,43950117749317.484,4115576632.21,2.8957850057274284,1.9227658421217738e-15,0.0008091905629828039,6.408805562531544e-10,420847169871.6373
588,11692.0,70.148,3.768970852043887e+16,0.4026753506847806,3.1517735501567787e-07,216352805435292.34,23615466040.45,2.8957850057274284,1.861197731522896e-15,0.001841013049725529,1.4905825837833042e-09,989155004083.9287
589,61700.0,19.478289,1.0860784486849266e+16,0.05975676741297246,4.67953450008671e-08,33319424129248.266,2426554366.98,2.8957850057274284,1.7934513868298557e-15,0.0007031364076770037,5.758938001945329e-10,392057689904.76135
590,33737.0,41.082672,2.426246994003412e+16,0.17160579110212074,1.295484785637098e-07,101346386334145.42,8988208858.78,2.8957850057274284,1.6932600885869342e-15,0.0011937827018667962,9.33708184845038e-10,705020280058.1193
591,33250.0,30.46431,3.2378519079119396e+16,0.15971862647349266,1.232303225285753e-07,169754463323237.12,10477069477.37,2.8957850057274284,9.408802769996405e-16,0.001173500691838475,9.274047703888918e-10,1247236997655.6787
592,114786.0,10.091004,8809384879507165.0,0.03148366519808956,2.362845239894006e-08,27485047488586.48,1326797179.4,2.8957850057274284,1.145483383689388e-15,0.0004918467059767952,3.890756183098802e-10,429379171256.63477
593,148083.0,7.2416887,2.082779312357752e+16,0.015431431113459735,1.1819555644459611e-08,44382279899973.73,325095652.44,2.8957850057274284,3.4769351976145033e-16,0.0003479163763993475,2.7421339812474585e-10,1000640957122.382
594,76263.0,23.334682,2.755975889921636e+16,0.07352600508242776,5.965423117495476e-08,86838936690642.11,3400808160.45,2.8957850057274284,8.466939818063323e-16,0.0008008333104970171,6.729627505609972e-10,945835600234.8379
595,48990.0,21.310762,1.4787977100631068e+16,0.1058328667675532,8.358366171853459e-08,73439608130986.38,4572821035.47,2.8957850057274284,1.4410870300232326e-15,0.0009488228909809368,7.799915110570251e-10,658407765258.73
596,56101.0,17.027267,1.0948608902483002e+16,0.10543361468441206,8.348805553131828e-08,67794286208979.78,4393865111.78,2.8957850057274284,1.555199126360102e-15,0.0009328925875678799,7.603113221576556e-10,599854109840.7686
597,58799.0,15.018422,1.1897839427587822e+16,0.04787374274449567,3.773751852904978e-08,37926361635840.11,2140270017.39,2.8957850057274284,1.2622814496198698e-15,0.0006246218001646484,5.09955937856376e-10,494835601325.4812
598,45064.0,22.764154,1.8133293142249364e+16,0.12009167571596525,9.211972687831164e-08,95661695123901.67,6796140256.56,2.8957850057274284,1.2553789221529234e-15,0.0010075438558163274,7.964293041527766e-10,802581466071.1611
599,49591.0,19.59928,1.931974930005885e+16,0.06272053351427581,4.824091252370802e-08,61825994805000.375,3648836389.39,2.8957850057274284,1.0144686504777937e-15,0.0007353965404009604,5.848451180761795e-10,724908098495.3098
600,29393.0,30.682802,4.2117657918812136e+16,0.1401737672958848,1.0884387685548548e-07,192413677869421.84,7384093211.96,2.8957850057274284,7.285020942794475e-16,0.0011609563383583313,9.426902858204423e-10,1593621140522.0723
601,73849.0,18.611391,1.1497557888329142e+16,0.07353949666778488,5.983496764499668e-08,45430490392493.75,2765495917.99,2.8957850057274284,1.6187255746624174e-15,0.0007765232695363455,6.601033443040491e-10,479712733085.278
602,106030.0,25.258623,4.300466809330667e+16,0.09110617997108084,7.667478688740759e-08,155114989083347.7,3576157935.83,2.8957850057274284,5.873460747376702e-16,0.0008612507415657596,7.432334950274617e-10,1466342891540.4346
603,67039.0,16.042875,1.2739708234048434e+16,0.04790072166967971,3.754926305595556e-08,38038145798186.48,1426275895.33,2.8957850057274284,1.2592811942995245e-15,0.0006055913164652539,4.927127577295732e-10,480902374470.9491
604,131135.0,6.503769,1.2983638512109544e+16,0.01528130933965857,1.1285217684072147e-08,30506464245247.68,299355597.96,2.8957850057274284,5.009203694275748e-16,0.0003119930271706904,2.330083426138062e-10,622839569345.5618
605,62709.0,48.06961,4.113769446251539e+16,0.16801748456346735,1.3312111731856612e-07,143788392382054.2,7161491312.76,2.8957850057274284,1.1685052025412109e-15,0.0011798450803034873,9.666362988489949e-10,1009704601860.2356
606,79352.0,4.36906,5570109441884875.0,0.005405108851423046,4.207991255599462e-09,6890966900826.957,116513949.03,2.8957850057274284,7.843759706311173e-16,0.0001697578379194468,1.34291899838769e-10,216424067380.4143
607,13449.0,68.39026,4.2632265282957624e+16,0.146781247763954,1.1499781943821068e-07,91498659213116.27,5696007289.73,2.8957850057274284,1.6041901490826764e-15,0.001082761397026837,8.725996791601222e-10,674958263299.3926
608,70840.0,14.427286,1.1033529837180204e+16,0.0538528670792193,4.3294809377200534e-08,41184961311244.94,2887136261.21,2.8957850057274284,1.3075857148982093e-15,0.0006970374390476789,5.846049311771377e-10,533072081704.3651
609,63170.0,17.820433,8840912541477820.0,0.04804213974288475,3.7447892957345606e-08,23834233195809.54,2154437270.16,2.8957850057274284,2.015678010204724e-15,0.000643571174515625,5.217954151268928e-10,319282728321.40497
610,70342.0,12.245974,6165245679035160.0,0.05217551528045125,4.000907356875296e-08,26267806067058.04,2875408886.92,2.8957850057274284,1.9862913235789258e-15,0.0006293835664863624,4.999493947522041e-10,316863674031.6274
611,81506.0,13.141512,1.2111799191428476e+16,0.027620220602028536,2.075921983425999e-08,25456017964654.703,825465699.24,2.8957850057274284,1.0850173283338657e-15,0.0004677117328863098,3.681954432572454e-10,431063837113.56946
612,63740.0,18.31373,1.198294799086172e+16,0.10659909304470563,8.818929561178145e-08,69749384086569.86,3663022766.1,2.8957850057274284,1.5283159047311378e-15,0.0009405774510976105,8.105223696491404e-10,615433921865.1771
613,27391.0,36.54201,1.5534120470941712e+16,0.08863554724205186,7.052792171946714e-08,37679242845860.945,2890919421.34,2.8957850057274284,2.352370709906355e-15,0.0008590151076509878,7.140983623888158e-10,365169955582.8869
614,47297.0,45.327286,2.79975047821001e+16,0.18012124735293972,1.4346155934283508e-07,111256285763982.53,12301691207.62,2.8957850057274284,1.6189759177746264e-15,0.0012998014703505256,1.087163724796791e-09,802854110478.1694
615,1.0,203.8096,2.9178994795290524e+16,0.6071662734790143,4.83489747577501e-07,86926727365737.94,17191385531.41,2.8957850057274284,6.984805385855676e-15,0.0023105595467200774,1.940946025502061e-09,330797984922.9574
616,28996.0,65.08477,8.441079415028397e+16,0.2602986313258423,2.092074837557049e-07,337590717251460.4,28163892275.63,2.8957850057274284,7.710479525180614e-16,0.0015946911810541175,1.3511464645037736e-09,2068212717310.5522
617,38635.0,13.190405,1.1978103768063812e+16,0.03718255895122249,2.9222097493506352e-08,33765191400862.434,1679877698.48,2.8957850057274284,1.1012097787271174e-15,0.0005501764430134907,4.3761966052606916e-10,499610931215.519
618,34414.0,25.875343,9009337513750998.0,0.14433450584916294,1.1171850468835344e-07,50254726210801.4,5408955699.27,2.8957850057274284,2.872058346188755e-15,0.0010684556979961596,8.7406820967064e-10,372017406754.29144
619,44735.0,18.921236,8705438194409742.0,0.14040505448729282,1.1183105063352248e-07,64598714588299.62,6260633801.8,2.8957850057274284,2.1734961040962192e-15,0.0010771678561082995,8.836540689022321e-10,495592264498.7699
620,85504.0,33.16649,4.662458734223099e+16,0.12070977153240327,9.840259494394726e-08,169690651192612.9,3806511623.66,2.8957850057274284,7.113519258959511e-16,0.0009981557461357946,8.496364580505882e-10,1403181336549.5745
621,69517.0,22.103962,2.1779214711091228e+16,0.08531738782716441,6.753652386114767e-08,84063920670749.22,3588651341.97,2.8957850057274284,1.0149108814627457e-15,0.0008355877496246908,6.800418973690534e-10,823311450184.0748
622,19636.0,76.828255,3.91785404529455e+16,0.30114803033814647,2.3419349972873984e-07,153570327595334.97,24735536623.9,2.8957850057274284,1.9609779770196604e-15,0.0016576041773375448,1.3377053470976163e-09,845294642144.2274
623,1665.0,11.945862,981332309952640.2,0.12363585104233683,9.247485091913231e-08,10156475547460.447,10385012416.98,2.8957850057274284,1.2173105765341116e-14,0.0009650049273950958,7.36345610463199e-10,79273518689.25903
624,29510.0,95.134766,3.920815853907236e+16,0.3517598486358125,2.8729056811252194e-07,144971775228763.72,14659547014.5,2.8957850057274284,2.426402298521486e-15,0.0018137088094122098,1.5437897613802185e-09,747488910028.3917
625,50039.0,10.197347,6752420250945338.0,0.0624508909698607,4.729176263797316e-08,41353369741606.984,4069369316.31,2.8957850057274284,1.5101765916557656e-15,0.0007225996842672684,5.626368455087741e-10,478486879123.85547
626,52003.0,129.52318,1.079694108578469e+17,0.1681794383315876,1.3408265043523557e-07,140192935929036.84,4441246188.42,2.8957850057274284,1.1996284778336978e-15,0.0011733169991782289,9.804772413250379e-10,978066977283.6816
627,63127.0,30.267435,1.0757867940394456e+17,0.10326010801471158,8.334054035417882e-08,367014451516335.75,4371910592.55,2.8957850057274284,2.813516132350867e-16,0.0009953653202174162,8.342949511299687e-10,3537798517564.3076
628,100969.0,34.27462,7.548747346930138e+16,0.10431280199466296,8.442584775259055e-08,229741711887122.53,5085616207.06,2.8957850057274284,4.540438091882691e-16,0.0009251451247981405,7.784349536974129e-10,2037567974887.924
629,113516.0,7.12578,9164041712406252.0,0.012043391804054086,8.664644402300165e-09,15488289682140.514,363159213.09,2.8957850057274284,7.775804850771402e-16,0.00027889368106898604,2.0842768252692893e-10,358668570548.4472
630,62108.0,35.76473,6.889637918383983e+16,0.11858215017273833,9.384240060823654e-08,228434012579880.2,10902569894.96,2.8957850057274284,5.191089927174125e-16,0.000994901193389173,8.254986149833659e-10,1916555496719.6797
631,7259.0,56.71728,6.963044852280049e+16,0.20286420679570055,1.6595159904431386e-07,249051536117507.4,6560070008.01,2.8957850057274284,8.1454710120713825e-16,0.0013053273326711686,1.1110523706875509e-09,1602519155413.7341
632,49458.0,29.390364,2.7113547493603828e+16,0.1236946272813943,9.599700003977452e-08,114112235952494.77,6864519617.11,2.8957850057274284,1.0839733903109979e-15,0.0010507997564700013,8.474532677162731e-10,969396265501.0573
633,79899.0,18.183062,2.0770045003495816e+16,0.05733578514621109,4.406441276429671e-08,65493195689349.31,2632914116.42,2.8957850057274284,8.75446442072687e-16,0.0006819090591920534,5.461005289522969e-10,778927215213.2814
634,13655.0,1.0846274,270314263344824.56,0.0825146686405543,6.230261830995349e-08,20564566106954.086,6887666335.48,2.8957850057274284,4.012468252984499e-15,0.0008220602355441747,6.390470178558567e-10,204876446046.07678
635,77481.0,24.930264,3.3481575406051732e+16,0.11366574632041036,9.13809476020419e-08,152654149852242.5,6246518465.75,2.8957850057274284,7.445965041266816e-16,0.0009817470961278748,8.098050292567859e-10,1318495441070.2493
636,104322.0,0.60617095,4174735307357155.5,0.00014964177256172564,9.61256387219741e-11,1030591768491.9498,4369734.8,2.8957850057274284,1.4519985229524422e-16,2.54354924675797e-05,1.6299157381040955e-11,175175746156.13293
637,73019.0,28.534407,1.987078436658172e+16,0.0789648809548195,6.287435654441118e-08,54989547250307.805,3446867881.74,2.8957850057274284,1.43599801968505e-15,0.0008169237293472831,6.754210727469082e-10,568889175436.6449
638,66222.0,28.038322,1.894359095968402e+16,0.09264551366892523,7.221973715466142e-08,62594284893152.11,3720594756.4,2.8957850057274284,1.4800954085036726e-15,0.0008397948785171443,6.867053397573888e-10,567392394903.886
639,59434.0,18.100657,2.7598615406525132e+16,0.0796926379521616,5.998872762460878e-08,121509758765836.84,3899439461.95,2.8957850057274284,6.55853807641396e-16,0.0008440448299685674,6.592196316828629e-10,1286940504323.5935
640,46427.0,53.385666,3.217931959256806e+16,0.13445148955252878,1.050878598244438e-07,81043429373113.92,5455404598.21,2.8957850057274284,1.6590054319336706e-15,0.001057855135176044,8.498514920930742e-10,637644166085.1287
641,13830.0,104.875854,1.0256985664008101e+17,0.32187408548360164,2.6534484151870927e-07,314796757738060.44,32823096611.93,2.8957850057274284,1.0224822129566854e-15,0.0015882350594271094,1.3584571781566093e-09,1553313142567.489
642,81399.0,14.488186,2.617297535189782e+16,0.067367507005011,5.179051790412039e-08,121699714537137.81,2691615568.92,2.8957850057274284,5.535551768648822e-16,0.0007449053398756797,6.097630183479869e-10,1345674958898.4592
643,14944.0,15.3595,8161144746909765.0,0.08922912084112222,7.015451246314155e-08,47411163828503.61,6763382732.86,2.8957850057274284,1.8820276415040804e-15,0.0009198971461568946,7.48943976778015e-10,488779827602.17615
644,67339.0,23.491451,2.264906663207688e+16,0.06908503849773649,5.442674344636796e-08,66607705084493.51,4766637397.46,2.8957850057274284,1.0371928954780896e-15,0.0007352744652629907,5.942111253001268e-10,708908119664.7313
645,56734.0,28.2755,3.938398910653513e+16,0.09850701709781458,8.028447353466284e-08,137207097603847.81,5773024505.11,2.8957850057274284,7.179440336405167e-16,0.0009657706999968048,8.192373835358764e-10,1345189394637.9363
646,121395.0,11.850464,1.4341755620303924e+16,0.029253148113973344,2.2642237952231502e-08,35402959865129.36,574488270.43,2.8957850057274284,8.262910283607852e-16,0.00045539621806190507,3.684697662614038e-10,551132957313.273
647,95412.0,5.645436,5475219347714129.0,0.004704955789683765,3.3606693504202672e-09,4563095741376.956,115251974.98,2.8957850057274284,1.0310885539876929e-15,0.00017571416682197127,1.3017283401014092e-10,170416174384.25043
648,55542.0,27.499378,1.2730213310957416e+16,0.11042644604868196,8.801154861753139e-08,51119418532690.16,4300893169.46,2.8957850057274284,2.160166316799276e-15,0.0009715913449656236,8.143360832430862e-10,449776175755.408
649,76562.0,10.249833,2.2850526738917236e+16,0.07696086629895421,5.8872987034818804e-08,171573169359392.25,3511954596.07,2.8957850057274284,4.485600317713151e-16,0.0007924572320172441,6.187108809838927e-10,1766669288139.4626
650,162704.0,2.8593628,6247784376752906.0,0.0014808879444260493,1.118024636553954e-09,3235779860781.149,40830760.99,2.8957850057274284,4.576602884438957e-16,0.00010271696015661717,8.006957176133804e-11,224439311756.47366
651,67927.0,13.072041,1.4707060446133706e+16,0.06099938867375776,4.900025259888295e-08,68629045487400.1,3087113863.53,2.8957850057274284,8.888275837226513e-16,0.0007278187619732921,6.114762635006105e-10,818852582100.332
652,29988.0,7.420478,7840385521578975.0,0.09190972232293314,7.418561134290585e-08,97110678879860.42,4719831534.13,2.8957850057274284,9.46443000739789e-16,0.0008563159928837693,7.243567995276966e-10,904772915235.707
653,43413.0,54.895008,4.019244676664829e+16,0.22010739217237713,1.7964418836452795e-07,161155904063882.22,12468059266.89,2.8957850057274284,1.365804085496778e-15,0.0013371625170458454,1.1293562594067998e-09,979029519127.1779
654,32019.0,82.736565,5.73871629259484e+16,0.3431975191369836,2.810241722181844e-07,238046285176274.5,17840023969.18,2.8957850057274284,1.441726002499237e-15,0.0017181872128497792,1.458823576108277e-09,1191757109097.9116
655,120693.0,5.355203,9167157017379432.0,0.013185375598878425,1.03653386744628e-08,22571022694759.08,314405667.32,2.8957850057274284,5.841727145992383e-16,0.00032009711104024426,2.5639106198074503e-10,547949438651.6176
656,116470.0,8.130353,7419016815882217.0,0.02150941979959031,1.651084423584156e-08,19627529972318.598,745324050.0,2.8957850057274284,1.095880114814539e-15,0.00041899561829873244,3.332190583667169e-10,382337093843.1902
657,71444.0,7.388499,7465312184383592.0,0.017573494243184676,1.3137327643435852e-08,17756193875892.99,672995028.84,2.8957850057274284,9.897106534212629e-16,0.00037166160733511234,2.909059732430359e-10,375525519554.9738
658,24549.0,53.015633,4.309588510898059e+16,0.1687431753280383,1.3559572390838947e-07,137169662708011.16,11871748134.43,2.8957850057274284,1.23017853945764e-15,0.001259545861118836,1.0554069092332084e-09,1023872406093.3003
659,39049.0,96.72311,6.298889659455639e+16,0.44034676151092844,3.6204228179318743e-07,286766592043614.5,9789673130.59,2.8957850057274284,1.5355580940333377e-15,0.0018162706625485805,1.5573097090960202e-09,1182808172224.807
660,63920.0,48.76554,5.8052828065026264e+16,0.2193021583930464,1.7662169548899952e-07,261067764152323.1,12296206700.59,2.8957850057274284,8.400200580301899e-16,0.0013631859375944208,1.1342121023002884e-09,1622801651654.6423
661,26573.0,32.24968,1.1666626457831488e+16,0.1206777114364745,9.562138298074004e-08,43656302360684.73,4787365838.31,2.8957850057274284,2.76426781268476e-15,0.000997220308549404,8.151381479337974e-10,360753869061.93665
662,54341.0,13.92049,2.970874423661343e+16,0.04482461221607492,3.520368482435747e-08,95663510396024.0,1555065803.24,2.8957850057274284,4.6856541256443315e-16,0.0005946769645804649,4.943058243843218e-10,1269143962901.2095
663,3015.0,94.0236,5.4517421438084e+16,0.22802821896879807,1.8132161252363453e-07,132216916958058.03,11279049421.09,2.8957850057274284,1.7246523683586829e-15,0.0014262480680596063,1.1786732492725613e-09,826977131291.0659
664,71274.0,33.96193,4.1957181471861304e+16,0.13198181271891468,1.069675544556767e-07,163052714237168.38,6155385068.25,2.8957850057274284,8.094425985877212e-16,0.0010354275448015353,8.675486258993727e-10,1279185882492.5972
665,122532.0,10.136551,1.3396532133658266e+16,0.0221016258740743,1.705023449603212e-08,29209653384877.094,798834757.66,2.8957850057274284,7.566548490957828e-16,0.00043288042047717794,3.4112814009517403e-10,572097596406.7084
666,175951.0,2.712902,7213958155503613.0,0.003275851160342209,2.489098898489069e-09,8710912961237.321,132969157.15,2.8957850057274284,3.760628966124922e-16,0.00016553226691300797,1.2906649338135462e-10,440171759575.5743
667,78506.0,6.6335707,1.2481635742428342e+16,0.07301137954195085,5.5621333727613355e-08,137377211415688.25,5261071252.68,2.8957850057274284,5.314664549495511e-16,0.0007911153646359521,6.234902364964909e-10,1488551831010.7603
668,57564.0,47.710865,4.2326021951525224e+16,0.26966260439092604,2.121359303244447e-07,239227381707621.5,5449048504.92,2.8957850057274284,1.1272229895510114e-15,0.0014726747067867908,1.2180013841607576e-09,1306462625796.3188
669,29177.0,27.950014,6.047762556098392e+16,0.09684242141131574,8.069535660421613e-08,209545501498946.16,3993892266.73,2.8957850057274284,4.621546190138698e-16,0.0009131347054207069,7.996060958168422e-10,1975820792117.416
670,59898.0,28.526045,2.757768994388961e+16,0.18710715453375948,1.4537529670464335e-07,180886733299882.88,7710563921.47,2.8957850057274284,1.0343884878697217e-15,0.0012989259811874794,1.0447794688469263e-09,1255742882311.617
671,66169.0,24.431952,2.4436477211474492e+16,0.07354763764179093,5.96343997917205e-08,73561259910440.55,2589095616.53,2.8957850057274284,9.998148173554096e-16,0.0007575357883544362,6.273566076981961e-10,757676096817.788
672,59218.0,27.24313,2.558809613374086e+16,0.10758361403331779,8.665326102722111e-08,101047855305165.3,3574843119.54,2.8957850057274284,1.0646798361866706e-15,0.0009741637763517719,8.124282155060127e-10,914982836381.0315
673,69459.0,19.40037,2.4002972461925028e+16,0.07197422200839813,5.78334874460463e-08,89049604148583.69,4659490209.48,2.8957850057274284,8.082486463197025e-16,0.0007921133694399635,6.667292887200543e-10,980036741226.5895
674,13037.0,13.110439,4585801749284717.0,0.060618289038835746,4.721791088512974e-08,21203214927657.234,6490182268.29,2.8957850057274284,2.8589197084337403e-15,0.0007549342955245045,6.163524518615606e-10,264062783329.47495
675,25854.0,28.950365,1.1164632507358668e+16,0.12390082634312827,9.650205943861136e-08,47782029465918.336,9529556033.94,2.8957850057274284,2.5930423577237016e-15,0.0010524282572239034,8.502690042613159e-10,405866203492.2468
676,44467.0,24.749653,1.5110155862456286e+16,0.08628963104086187,6.71850090560972e-08,52681537569083.05,5778076596.37,2.8957850057274284,1.6379482266953089e-15,0.0008239566871038248,6.629785698815316e-10,503041960469.1799
677,109004.0,13.1993685,1.6793110480471312e+16,0.04260071489805326,3.3990817842973205e-08,54199449907779.195,1920419913.64,2.8957850057274284,7.859990271218385e-16,0.0005907791260149699,4.863399916285408e-10,751628317121.8132
678,90872.0,14.761682,1.7356117561867448e+16,0.046505528349084044,3.6548921568130716e-08,54679095329615.016,1777109192.44,2.8957850057274284,8.505175162233519e-16,0.0006099846072556827,4.955101588483897e-10,717192292481.2479
679,25619.0,17.454601,2.9119709019918356e+16,0.058837441392198445,4.7081210865120096e-08,98159171488212.11,2780729207.23,2.8957850057274284,5.9940849642627845e-16,0.0006995954160849233,5.791496613003423e-10,1167142975543.3352
680,40432.0,29.448078,1.1121717719905764e+16,0.13746084567705316,1.0815160091122501e-07,51915127471467.37,4484102942.86,2.8957850057274284,2.64779944444135e-15,0.0010293572778488176,8.342655582900631e-10,388759533887.5819
681,4.0,35.325497,3.2110031290446536e+16,0.11861869299476963,9.470950287726914e-08,107821552905368.16,4965145439.18,2.8957850057274284,1.1001389777689234e-15,0.0010147329471154954,8.389120205797088e-10,922367962249.0687
682,15122.0,52.26882,1.289815189948646e+16,0.12329541590611738,9.425849732801401e-08,30425079480796.793,9286453160.68,2.8957850057274284,4.052427076942789e-15,0.0010163256498235368,8.079527928183972e-10,250794309318.02673
683,65967.0,16.388437,1.5256777231835604e+16,0.06930072706201108,5.3060315027827293e-08,64515350352772.76,4380380204.19,2.8957850057274284,1.0741742342414894e-15,0.0007839884666382007,6.317299144769234e-10,729852235928.7471
684,86923.0,20.10279,2.122612390613662e+16,0.08054834866122916,6.450467888841358e-08,85049350319927.94,3321852599.11,2.8957850057274284,9.470777655353336e-16,0.000827199668932958,6.9130839608269e-10,873423174986.465
685,96363.0,20.249323,2.716330573595538e+16,0.07710990100351443,6.322334057286309e-08,103438510819730.38,4157445401.72,2.8957850057274284,7.454660782761976e-16,0.0008031088498943406,6.872489005952523e-10,1077324472967.8849
686,79935.0,8.073191,7644381987877219.0,0.01653473421144382,1.2520470451198278e-08,15656488788670.846,556213892.48,2.8957850057274284,1.0560946604712851e-15,0.0003798511884558189,2.9452548777397336e-10,359675323314.5874
687,46913.0,36.05994,1.5041954923563216e+16,0.13937337812465228,1.0754806691659086e-07,58137869095060.93,5383504955.035,2.8957850057274284,2.3972907898767943e-15,0.0010413118955316025,8.500374314946172e-10,434370289965.9992
688,24718.0,16.428106,1.1357297460928676e+16,0.05010679514716875,3.8258555496257115e-08,34640498259520.176,3953948901.56,2.8957850057274284,1.4464802085633397e-15,0.0006740857134869799,5.300904390800463e-10,466017930626.5721
689,191060.0,0.431076,7182548617596830.0,0.0001020091346612998,6.313234562016544e-11,1699666808506.546,5062780.7,2.8957850057274284,6.001713638859174e-17,1.6138831206762826e-05,9.875015344918924e-12,268903719468.87073
690,35844.0,35.708252,1.4712216196895836e+16,0.21181499561014155,1.6569007764011327e-07,87270248041291.55,7424889504.92,2.8957850057274284,2.4271157738651343e-15,0.001315668894509635,1.0628087764014034e-09,542070925778.072
691,127053.0,8.882238,1.311290358906498e+16,0.015843541278877937,1.212369010945509e-08,23389919218478.234,390491855.93,2.8957850057274284,6.77366224777784e-16,0.00034231000131323876,2.7159432204837465e-10,505354398834.3036
692,38449.0,22.710743,3.2180446333486484e+16,0.0913897430316859,7.092890171428805e-08,129496543598872.5,3510453813.49,2.8957850057274284,7.057311376184222e-16,0.0008849235887695998,7.199401999515243e-10,1253910365576.1667
693,35970.0,78.79434,3.64915817869351e+16,0.20281549143807887,1.6511586124510106e-07,93928803686534.98,5700537982.13,2.8957850057274284,2.1592470411411526e-15,0.001278990125598057,1.0778287483762794e-09,592331540221.5933
694,67090.0,8.445354,9154983452284426.0,0.05725177559209033,4.320523265601449e-08,62062414217271.22,2924232448.79,2.8957850057274284,9.224870852052329e-16,0.0006792333972741252,5.349874475755663e-10,736306673738.4305
695,78083.0,20.086351,3.5610842767005196e+16,0.08074955177729204,6.512871164020064e-08,143159879653964.62,3254810200.26,2.8957850057274284,5.640515483281617e-16,0.0008243853901531872,6.889820176083502e-10,1461542641974.2134
696,100475.0,19.795437,3.202214891294625e+16,0.06578552463440222,5.2718533267331013e-08,106418154151339.11,2779943298.22,2.8957850057274284,6.181795311056372e-16,0.0007416866578952595,6.093064358175586e-10,1199791679560.6694
697,96583.0,7.0637455,7013387430267026.0,0.005521599652201568,3.90278029879063e-09,5482235677335.383,222133595.84,2.8957850057274284,1.0071802777521812e-15,0.00021270270687595138,1.5921180771265955e-10,211186330366.45633
698,64866.0,17.092596,1.0486089807243118e+16,0.04637333920034116,3.693695667376798e-08,28449452588508.215,1532172379.49,2.8957850057274284,1.6300257116044849e-15,0.0005876935699020621,4.808214720719014e-10,360542515199.7002
699,25737.0,110.83092,7.196229482729773e+16,0.4620851469627509,3.8263379915209186e-07,300030962307708.7,30210478964.4,2.8957850057274284,1.5401248704753382e-15,0.0019831145065783836,1.679390606196174e-09,1287632285274.5847
700,108667.0,12.404437,1.935451755763762e+16,0.05076576223086631,4.033034868360182e-08,79209305220717.3,1729841101.91,2.8957850057274284,6.40906546136305e-16,0.0006288946997945286,5.113209185810059e-10,981258037674.6195
701,72865.0,6.7249413,7962634243287728.0,0.015118343565176355,1.1652496271598468e-08,17900801628389.22,461472175.72,2.8957850057274284,8.44562376536249e-16,0.0003237849647812089,2.508045597357648e-10,383376022632.1329
702,54525.0,6.11905,5437718069144016.0,0.07358363448640916,6.298150710205758e-08,65390388841410.98,5877544768.03,2.8957850057274284,1.1252973990546068e-15,0.0007244203662210083,6.373696027328945e-10,643759033682.6636
703,57087.0,38.9402,3.618341303191715e+16,0.12416226934050734,1.0317025317729372e-07,115372152031261.28,6856974378.08,2.8957850057274284,1.0761892463171206e-15,0.0010882464464386664,9.418498881722025e-10,1011203605836.8054
704,34194.0,10.523528,4882006378793143.0,0.03576884433488925,2.8146883949410415e-08,16593648651382.72,899218409.25,2.8957850057274284,2.155574405988685e-15,0.0005270058537589211,4.3521035104387975e-10,244485113710.191
705,42370.0,59.71126,5.507399975734622e+16,0.1681401433864824,1.3551600127542649e-07,155082143904973.53,5334883216.85,2.8957850057274284,1.0842005349726796e-15,0.0012215667636748763,1.0142002555014456e-09,1126698174619.1982
706,62575.0,86.03283,1.3493791109994293e+17,0.12849751283448374,1.0239927580548914e-07,201541504137703.5,4024641052.14,2.8957850057274284,6.375734535884363e-16,0.0010376335491366752,8.576091715808848e-10,1627472949660.2976
707,92264.0,61.273743,7.950948013776045e+16,0.10464794252251275,8.233425842395615e-08,135792316579243.8,2903013402.06,2.8957850057274284,7.706470083043598e-16,0.000918554033704769,7.507801739052454e-10,1191925776401.632
708,57950.0,26.006567,2.295959978412977e+16,0.09474402082064366,7.709578612768432e-08,83643673537581.36,5156648295.32,2.8957850057274284,1.1327099446209149e-15,0.0009042101064439359,7.736289600973773e-10,798271535213.3231
709,81666.0,10.190581,1.3954012454315876e+16,0.029163068069710495,2.1632769719501184e-08,39933131884315.71,890703577.1,2.8957850057274284,7.30297542256251e-16,0.0004623319582765178,3.6070713613854933e-10,633073413951.4496
710,64280.0,30.321005,2.1956032175321612e+16,0.1364360007961891,1.0989399558856593e-07,98795974056708.64,4557174716.56,2.8957850057274284,1.3809874551960505e-15,0.0010444433628332027,8.723877020333564e-10,756301846844.0245
711,61380.0,107.43173,9.284651361925346e+16,0.161109594758241,1.3002418705826154e-07,139236929200650.75,7279783181.12,2.8957850057274284,1.1570895428616506e-15,0.001180607484011248,9.789282897054696e-10,1020325083131.7981
712,123853.0,5.3236265,9875119379177312.0,0.010875010853126662,8.361723649182244e-09,20172720686636.207,208154558.43,2.8957850057274284,5.39094900586762e-16,0.00026910827370986846,2.1628429180421764e-10,499185344578.4137
713,13228.0,29.474607,1.0580988873876206e+16,0.09918898203694419,7.582773856263393e-08,35607515151737.68,5462445072.66,2.8957850057274284,2.78561931699701e-15,0.0008789714406016383,6.926459111977539e-10,315538966591.17035
714,21833.0,38.68155,1.4700674051048588e+16,0.1470591368069635,1.1956689770684028e-07,55888878197169.78,5652195642.25,2.8957850057274284,2.6312773050866245e-15,0.001087116676506502,9.283674215256501e-10,413151694199.98206
715,117943.0,6.829538,8745296283087701.0,0.011455493645509723,8.495337819057018e-09,14668881848085.617,328521205.13,2.8957850057274284,7.809384358089119e-16,0.0003183715709369798,2.4042058290029647e-10,407678193745.4571
716,123599.0,13.552015,3.2503259641513716e+16,0.026661409235677114,2.19426501296118e-08,63944934151553.48,853506416.03,2.8957850057274284,4.1694325890598174e-16,0.00045808150761252075,5.494265166478136e-10,1098666300096.7607
717,146028.0,0.4616988,5531030263111245.0,0.0001544054827163345,8.475379141259106e-11,1849737096337.1497,1821812.1,2.8957850057274284,8.347428562798914e-17,2.978054606628986e-05,1.634666169265747e-11,356763113840.9451
718,94068.0,5.194645,7612350883757607.0,0.009834535113447469,7.758024961399812e-09,14411751344355.014,326057775.6,2.8957850057274284,6.823969466625296e-16,0.00026674693973627485,2.1763407535129682e-10,390897030007.0686
719,46975.0,18.997885,5728715665953756.0,0.07685347039890728,5.941583282301059e-08,23174773394887.56,4461990370.37,2.8957850057274284,3.316255528775157e-15,0.0007944173121026786,6.303269212329092e-10,239552502878.47778
720,95224.0,14.99595,1.3901854173457848e+16,0.04572616421749623,3.522910810081582e-08,42390009760183.17,1512702485.1,2.8957850057274284,1.0787014316860737e-15,0.00060036575061047,4.824155900505422e-10,556563413169.9103
721,130518.0,1.0320361,5404034755337484.0,0.0011971542516777001,8.76838992161428e-10,6268640393069.902,40043194.74,2.8957850057274284,1.9097510410729196e-16,9.173325401833143e-05,6.584043155479755e-11,480341426947.43427
722,89490.0,24.333033,3.5166103607661044e+16,0.05861339314985775,4.471062607103286e-08,84708086176699.3,1799032387.11,2.8957850057274284,6.919456665281215e-16,0.0006966148227480129,5.529473375233031e-10,1006747865397.1765
723,87721.0,8.233745,6977559284854905.0,0.02485279455767009,1.90491717480411e-08,21061114647157.812,858793175.24,2.8957850057274284,1.1800322525201185e-15,0.0004356609860282766,3.411301140606538e-10,369194134395.7876
724,123585.0,9.528122,1.602474051262003e+16,0.026207966718364846,1.9609952263922704e-08,44077507196610.055,908557119.24,2.8957850057274284,5.945882239089162e-16,0.00045559268365911245,3.542097635243967e-10,766232268550.4512
725,109479.0,23.334034,5.036038541612383e+16,0.0840155742367994,6.688187071273237e-08,181325556460669.5,3273405481.02,2.8957850057274284,4.633410528373193e-16,0.0008555304166250015,7.063241209172436e-10,1846437761959.7227
726,100716.0,9.7433,1.2297227618630828e+16,0.03032254450778846,2.3268036041413256e-08,38270732892176.04,764020313.93,2.8957850057274284,7.923167970997367e-16,0.0004661510577425836,3.6542163274252026e-10,588339234317.5385
727,100758.0,22.20786,3.869689690723641e+16,0.06275104692963632,4.998909755573205e-08,109342854010124.8,2245371337.51,2.8957850057274284,5.738925282106297e-16,0.0006993960300536201,5.729466567814381e-10,1218688161412.912
728,30193.0,42.923767,2.073279797850971e+16,0.14818184948094765,1.1990724351810101e-07,71573968551511.86,6990501040.13,2.8957850057274284,2.0703316091003258e-15,0.0011025871497516422,9.164976066893383e-10,532565481251.95154
729,116894.0,9.049288,1.2726384164748864e+16,0.022206740999946826,1.6892540960502682e-08,31230248944712.848,970882284.48,2.8957850057274284,7.110651291720278e-16,0.0004388794535804861,3.581002367653165e-10,617214141961.2606
730,19363.0,45.82241,1.085105640583686e+16,0.1532722668221137,1.2097091848937117e-07,36295908764668.49,12436216837.34,2.8957850057274284,4.222852438160012e-15,0.001138642597546697,9.26784857237847e-10,269638263287.93726
731,17178.0,29.35582,1.1559572180453144e+16,0.10027130366242472,7.796067546937807e-08,39484278494483.69,5347129018.78,2.8957850057274284,2.539524780133276e-15,0.000924644257599122,7.426673670742407e-10,364101293609.191
732,94395.0,21.066378,2.3133105821193884e+16,0.08047959093595117,6.441813524648014e-08,88375082492479.45,3197301319.49,2.8957850057274284,9.106593019904657e-16,0.0008122438474075158,6.673186731587394e-10,891929446755.9502
733,27392.0,88.8874,2.008108401248625e+17,0.24129548137557003,1.9726086750484204e-07,545125049594895.7,8163961940.6,2.8957850057274284,4.426424387484787e-16,0.0014832264007637248,1.2589516166050538e-09,3350845447529.5664
734,57767.0,20.35828,1.6380706080835832e+16,0.1107803737397708,8.9392597542493e-08,89136250299943.3,6462725984.05,2.8957850057274284,1.2428206635010456e-15,0.0009751274153026917,8.664769289577629e-10,784608305880.3853
735,118617.0,2.5271223,4009900623930092.0,0.0011749661822416599,8.385258184193398e-10,1864372621486.3406,36612789.66,2.8957850057274284,6.302206805123202e-16,9.738547450304638e-05,7.665875917468235e-11,154525989886.39917
736,61107.0,42.46044,1.0731514129036008e+17,0.14953946533586945,1.1950959129244764e-07,377948246673933.06,4441198627.08,2.8957850057274284,3.9566122254003073e-16,0.0010926387043487106,8.967037890224723e-10,2761551150588.5913
737,70712.0,8.240753,9467537975426428.0,0.09159812881479425,7.016532639780951e-08,105234165255537.48,5894068132.07,2.8957850057274284,8.704219641251376e-16,0.0009621296623783703,7.826600702912166e-10,1105360046084.5542
738,48559.0,31.585983,1.6383962752924958e+16,0.07228983148475107,5.749072231116791e-08,37497452792948.805,4074469956.875,2.8957850057274284,1.927859790474749e-15,0.0008118337460265331,6.944721310292998e-10,421106218428.16345
739,2.0,12.65794,1.2416081755711246e+16,0.07653092370492454,5.8307992304296294e-08,75068629299905.27,5464890542.91,2.8957850057274284,1.0194794339347438e-15,0.0008017732998060297,6.30217539339791e-10,786453628310.6135
740,26469.0,53.36187,3.869526172201128e+16,0.20374512611885762,1.642571465764316e-07,147745402845765.9,11841154856.37,2.8957850057274284,1.3790285328305668e-15,0.0013189828456393739,1.1076080661150461e-09,956457980555.381
741,121969.0,2.0657516,5269170772405471.0,0.0004909147210842133,3.149598165457997e-10,1252190001973.3838,15069030.65,2.8957850057274284,3.920449135598897e-16,7.366721896721256e-05,5.4502902161524186e-11,187905049700.27875
742,18554.0,31.874012,1.5904838307768602e+16,0.1766816291530918,1.3615717494128796e-07,88162505041193.44,36992598591.92,2.8957850057274284,2.004045019711478e-15,0.0012037885846691765,9.627985631077964e-10,600679412303.0658
743,56178.0,20.946598,1.6894284391569314e+16,0.08911012269355803,6.895981998104793e-08,71870943193381.75,3760626079.02,2.8957850057274284,1.2398629923888872e-15,0.0008458658585857248,6.812466040534421e-10,682225265031.8771
744,17180.0,5.8247633,7065017736640303.0,0.008825776890288095,6.8380820724522555e-09,10705030755415.502,227125706.16,2.8957850057274284,8.24451334324591e-16,0.0002507141346256351,1.943258124877911e-10,304098161028.5412
745,25465.0,74.82743,3.1712420501151896e+16,0.3143041257342643,2.5866197164140264e-07,133204422502976.58,10816241022.13,2.8957850057274284,2.3595622414656756e-15,0.0016506968372239474,1.4086021130501855e-09,699577577660.5891
746,82927.0,10.986973,4.251674423060679e+16,0.06209198981440595,4.689705482939012e-08,240279943320925.6,3691708414.19,2.8957850057274284,2.584152008537554e-16,0.000710346893463673,5.539054374056111e-10,2748858778883.053
747,858.0,27.343681,3.4385697592767084e+16,0.05753219988626532,4.5954314562613256e-08,72348884816778.98,1895271053.48,2.8957850057274284,7.952050682185855e-16,0.000685475204456052,5.676967668310708e-10,862010608146.2108
748,71969.0,27.172302,2.085630330585045e+16,0.08764469637360608,6.96172514255698e-08,67272341177317.234,2509009225.73,2.8957850057274284,1.3028340450139999e-15,0.0008464430975268008,6.967057660372647e-10,649693720214.1544
749,6275.0,9.581351,1.0445321538356966e+16,0.04361098737758509,3.37863972388097e-08,47543481682708.77,2420567295.25,2.8957850057274284,9.172863625897659e-16,0.0006194337518257447,4.990292598562294e-10,675289393899.745
750,83316.0,12.385325,9151951139852490.0,0.05249617849281851,4.1294613629557575e-08,38791267939698.805,2369810874.27,2.8957850057274284,1.3532988551553418e-15,0.0006660651650814857,5.445255037031878e-10,492178917128.41925
751,76853.0,9.681473,5270319805957910.0,0.021642013592908363,1.5949154223359212e-08,11781299486092.174,634515298.77,2.8957850057274284,1.836980175103499e-15,0.00040365156058489837,3.0148281709739596e-10,219736481675.5063
752,10514.0,1.2021166,908787119082645.9,0.004481208105303861,3.084652221401497e-09,3387744752904.084,457962219.02,2.8957850057274284,1.3227702888366737e-15,0.00019287803727860908,1.4013054211028044e-10,145813705453.15015
753,78628.0,11.429687,5657538071882918.0,0.04864847978030362,3.789567904708259e-08,24080329277284.156,1865419147.87,2.8957850057274284,2.020258079535295e-15,0.0006149971195941419,4.949486678373043e-10,304415126871.11993
754,26470.0,21.887537,2.3169904139201347e+17,0.06509575182567619,5.150680766377043e-08,689096415768552.9,8655138169.65,2.8957850057274284,9.446537572405532e-17,0.0007572215454512457,6.169275789162801e-10,8015863374779.565
755,55317.0,12.808542,2.105893499759455e+16,0.022382347170825,1.7739357606298586e-08,36799535354140.86,2209525254.83,2.8957850057274284,6.082236353102875e-16,0.0004430337489064948,3.6934243051617286e-10,728406005926.5529
756,73303.0,18.901808,1.0170131652340508e+16,0.037624217196843945,2.9586378215712113e-08,20243737647115.91,1557359422.88,2.8957850057274284,1.8585607980453256e-15,0.0005661804573148831,4.6454864711106995e-10,304633810155.8706
757,24936.0,133.54973,5.54740732691587e+16,0.6777614053170669,5.452028248033661e-07,281529478626178.7,17953830798.18,2.8957850057274284,2.4074260664440545e-15,0.002267731833908914,1.8823933089031372e-09,941973614690.6978
758,15508.0,15.447661,2.1191027849770264e+16,0.06104358209465448,4.786877727069412e-08,83739295432335.06,4695743760.53,2.8957850057274284,7.2897176623584455e-16,0.0007141993683920666,5.806972478846475e-10,979735294934.5934
759,72757.0,27.620827,6.091914487205426e+16,0.11514052960971369,9.210184640911756e-08,253948319648039.56,5915345750.41,2.8957850057274284,4.534014234443176e-16,0.001009359770792081,8.271743933834289e-10,2226194534468.7275
760,77619.0,5.8780584,3751569276924157.5,0.02562558683284595,1.9481283736532554e-08,16355088317131.572,2444804316.45,2.8957850057274284,1.5668265640610298e-15,0.000469025827002535,3.7541292619161737e-10,299347635380.1887
761,58836.0,24.1142,1.7247181610393786e+16,0.05650476233271925,4.336303380215321e-08,40413859792344.22,2069004010.6299999,2.8957850057274284,1.398153074788051e-15,0.0006634543622184573,5.462383040225351e-10,474521977730.537
762,12681.0,26.150595,9267780692684400.0,0.13678137133373353,1.0268052328656996e-07,48475369388943.96,8740638837.84,2.8957850057274284,2.821667437668458e-15,0.001156851887542091,9.031770183753805e-10,409988743570.0066
763,63038.0,14.782186,7482759846469906.0,0.022683575060296998,1.7237770618142326e-08,11482452232408.424,610806436.22,2.8957850057274284,1.975499187906411e-15,0.0004049637057407558,3.102074811505589e-10,204993101601.79166
764,49243.0,26.559372,3.5774016243671976e+16,0.08360316046517029,6.794235095231099e-08,112608868180441.78,2968937344.88,2.8957850057274284,7.424207508347083e-16,0.0008426885746946439,7.154824349645527e-10,1135055255052.0764
765,143087.0,7.525007,1.018596619207593e+16,0.014322585314493895,1.111535126834697e-08,19387273632643.53,383253283.93,2.8957850057274284,7.387622203040497e-16,0.00032835727771033063,2.660409261003797e-10,444469504105.38025
766,86013.0,13.369149,1.602561345989454e+16,0.057917234087339356,4.560453430162478e-08,69425451548930.19,2376114863.79,2.8957850057274284,8.3423633257206855e-16,0.0006743422251411866,5.427004781780587e-10,808334759362.6067
767,44137.0,52.752018,6.733606472760219e+16,0.15615360469313974,1.2601629914973497e-07,199324492819699.6,13993002374.03,2.8957850057274284,7.834140324861612e-16,0.001132111874181082,9.381692529728415e-10,1445100326564.6514
768,181520.0,0.96473,4751635619215816.0,0.000235254720570857,1.652108895222003e-10,1158712499718.2092,3161597.1,2.8957850057274284,2.0303114070838912e-16,3.064563521569107e-05,1.9717935038822563e-11,150940565613.56262
769,77029.0,118.74773,1.4787200590818163e+17,0.218074647643226,1.7765942210158044e-07,271560017060736.6,5156235477.96,2.8957850057274284,8.03044019526821e-16,0.0013297333961186898,1.1210308356662176e-09,1655866134090.8943
770,43524.0,20.367088,1.1030399205380398e+16,0.1279151477465595,9.841191683425665e-08,69276233502784.79,6449651580.83,2.8957850057274284,1.8464506697151413e-15,0.0010261151054016644,8.266580289411232e-10,555722999932.6041
771,126232.0,0.4483503,5486119688690634.0,0.0003205994958513272,2.5460981038676333e-10,3922930811854.6094,6408094.2,2.8957850057274284,8.17244838686717e-17,5.3805865469158204e-05,4.921892462888036e-11,658381220927.8959
772,36566.0,66.83632,2.937626840512399e+16,0.25514255371843575,2.0408936039240096e-07,112141663987507.62,11455650307.55,2.8957850057274284,2.2751807369904746e-15,0.0014035955708570414,1.1458902781682332e-09,616916075297.6776
773,12852.0,19.624714,2.368824001825286e+16,0.10825554845978873,8.504922366126213e-08,130671122912827.12,5597313291.59,2.8957850057274284,8.284580865812855e-16,0.0009775834224321777,7.990032546829619e-10,1180003476658.9976
774,51739.0,47.55707,3.5455435169571064e+16,0.26670857957717786,2.1152382919382363e-07,198840440598359.28,15551997436.24,2.8957850057274284,1.3413195966302772e-15,0.001453129205267733,1.1862687621175418e-09,1083357917768.7024
775,68259.0,37.094666,3.621265680608271e+16,0.09151892793033715,7.257937049400574e-08,89342859385818.89,3268679052.78,2.8957850057274284,1.024356379004181e-15,0.0008709786759492545,7.156660955383314e-10,850269197128.4141
776,23145.0,34.929573,3.837633212877414e+16,0.11892197825138195,9.410510244374605e-08,130656888785496.73,4680196584.33,2.8957850057274284,9.101852903188264e-16,0.0010192000097560593,8.331087953005773e-10,1119772007520.6296
777,54639.0,32.943226,2.0127847377869732e+16,0.0748193841729759,5.8654772402093473e-08,45713590573669.41,2920158568.19,2.8957850057274284,1.6366989167565226e-15,0.0007777642637560904,6.330303746373654e-10,475203017362.1674
778,38151.0,3.9646385,2377250558302338.0,0.07670064971009549,5.956038415974223e-08,45990740983188.4,1666691957.13,2.8957850057274284,1.667741116372378e-15,0.0007703744928552569,6.221758616273402e-10,461926905376.62897
779,3016.0,1.9468503,2036499551126404.2,0.022385875658049996,1.642361215739405e-08,23416708377213.348,1292525721.58,2.8957850057274284,9.55978752326845e-16,0.000414347281612111,3.12606053709545e-10,433427291771.48846
780,14012.0,52.666363,1.8598330047360084e+16,0.19743639149163247,1.5783385222096813e-07,69721677426656.125,9579166817.89,2.8957850057274284,2.8317791364002413e-15,0.0013432676631650374,1.1203991724831675e-09,474354671908.6997
781,6925.0,9.978935,8630330048920653.0,0.023710305104415987,1.8025332085594014e-08,20505971690537.92,2725237478.63,2.8957850057274284,1.1562634271731021e-15,0.0004499752820513594,3.540922760488765e-10,389163292271.1084
782,14575.0,17.220356,1.5053585169125738e+16,0.07620502177146435,5.962135534966305e-08,66616438449461.77,4198394396.75,2.8957850057274284,1.1439371954608006e-15,0.0008112969821713967,6.632947067797658e-10,709214618941.2
783,63247.0,6.8607306,5815172463295162.0,0.031911051953134935,2.4566895250182722e-08,27047887668501.598,2264003489.12,2.8957850057274284,1.1797983023382893e-15,0.0005183508306324349,4.1075655358810846e-10,439355464069.65894
784,41151.0,93.37691,5.430475627396576e+16,0.2630683650370144,2.1063882579151882e-07,152991392055334.94,13321442281.85,2.8957850057274284,1.7194978194712165e-15,0.0015648379729046606,1.3089811036810272e-09,910055223789.6311
785,95823.0,23.886309,3.667649396642331e+16,0.07977232948071426,6.424481085208403e-08,122487294327765.3,3035487918.89,2.8957850057274284,6.512702392400838e-16,0.0008291998846285175,6.925769927214641e-10,1273204016808.8225
786,49196.0,127.24181,8.403380516803394e+16,0.18011744280187666,1.3795392671600877e-07,118954250146059.69,3859459487.09,2.8957850057274284,1.5141740844124264e-15,0.0012011469404246934,9.505911465807477e-10,793268721734.0648
787,60366.0,14.47998,1.9518638557109172e+16,0.08974157860541984,6.923588003422224e-08,120969327053185.94,5491311432.0,2.8957850057274284,7.418539954840258e-16,0.0008653119833315492,6.93831465700971e-10,1166418174733.9282
788,31914.0,17.855785,7860763918923027.0,0.07142863586128675,5.494836632459109e-08,31445475153083.12,5182658123.76,2.8957850057274284,2.271507602081294e-15,0.0007490136565357427,5.954430036271676e-10,329742967115.5186
789,46372.0,66.87909,4.250693134858917e+16,0.2607475982574564,2.092494840846126e-07,165725643970921.38,7446016749.7,2.8957850057274284,1.5733690454279233e-15,0.0014593378477624883,1.2066030871160109e-09,927524188939.1431
790,87473.0,1.9332843,3845907053454193.0,0.002598726010551902,2.0732112557452724e-09,5169678714080.715,83575666.23,2.8957850057274284,5.026861734122318e-16,0.00012887689829226275,1.0381975998609122e-10,256376453359.45258
791,69173.0,73.28573,7.0310121767049624e+16,0.33170153044406814,2.721324267673021e-07,318233508704070.4,11773295010.46,2.8957850057274284,1.042321192997064e-15,0.0016883106728336269,1.4577555366966883e-09,1619760477074.3472
792,8913.0,29.871262,2.379207275338296e+16,0.0751740890935183,6.134780042853742e-08,59875186956690.34,2988808386.89,2.8957850057274284,1.2555132253347977e-15,0.0008047354544260896,6.849098312941118e-10,640961352049.0771
793,39383.0,104.660385,1.183605230349121e+17,0.14671368531975348,1.1398863466665574e-07,165918637991113.12,9514358614.48,2.8957850057274284,8.84250781564466e-16,0.0011483913096030454,9.237323861373168e-10,1298716759482.2446
794,11.0,104.35879,6.32326113306887e+17,0.24129019618404401,1.9425343151288106e-07,1462014765906281.8,10091207850.88,2.8957850057274284,1.6503950699463128e-16,0.001451537402709625,1.2131022012231197e-09,8795090515853.536
795,118943.0,1.9118072,4624747152720576.0,0.0022779540168831923,1.6249022794531524e-09,5510472684488.762,53938066.4,2.8957850057274284,4.1338631861751645e-16,0.0001107222493160052,8.151156647301175e-11,267842074905.36325
796,45283.0,9.829469,1.0442565370025032e+16,0.03104457536796598,2.429102601660038e-08,32980927826788.37,959530950.98,2.8957850057274284,9.412887208937277e-16,0.0004895121690839173,3.9335083175436666e-10,520044656031.93353
797,236721.0,0.75915414,4928038436770143.0,0.0006825780719165439,4.1911828174758974e-10,4430945966389.887,8055910.8,2.8957850057274284,1.540479340290115e-16,5.907384253811705e-05,3.64937681811656e-11,383477019088.0444
798,27845.0,2.9787323,2677714957707296.5,0.09903103163699138,7.733235847658814e-08,89023399212999.55,10183078126.61,2.8957850057274284,1.112415752627546e-15,0.0009837660444202666,8.221525407315801e-10,884351054986.9448
799,123733.0,17.140923,4.500725452846474e+16,0.050906725112905234,4.1387746888909096e-08,133666777125544.16,2269133890.07,2.8957850057274284,3.8084800282939413e-16,0.0006661160257134237,5.663869867485683e-10,1749033789765.78
800,31344.0,21.479656,1.2305364101993246e+16,0.06890981734548085,5.406650357478946e-08,39477373037910.46,7508011252.14,2.8957850057274284,1.7455522503816593e-15,0.0007483716281206324,6.101069569392122e-10,428730579652.94556
801,40229.0,63.271954,2.807781678326668e+16,0.31393110441122934,2.5362347539413996e-07,139311329506704.67,9908647426.18,2.8957850057274284,2.2534499205688847e-15,0.0015396390398611755,1.2776341382727361e-09,683236412670.0862
802,107105.0,6.3221374,6556190188608740.0,0.003506757567442561,2.547218621932785e-09,3636581760702.697,89925909.7,2.8957850057274284,9.643004882598734e-16,0.00016389481466351225,1.2161594856465008e-10,169962388963.70187
803,85935.0,19.77104,2.187241779275284e+16,0.06327501748360043,5.121470356649102e-08,70000243702154.72,3219003181.17,2.8957850057274284,9.039256742137988e-16,0.0007529780395164261,6.393521901478983e-10,833008798175.0697
804,66696.0,39.31286,3.2553519777646516e+16,0.15068393595960528,1.194911144250338e-07,124775772849765.48,4356415188.19,2.8957850057274284,1.2076377690806544e-15,0.0011331691616619512,9.345647233512245e-10,938335311030.0663
805,20233.0,17.139036,8249699816476651.0,0.0648164429098165,5.0089681022082256e-08,31198732366148.39,2518737323.23,2.8957850057274284,2.077534502015357e-15,0.0007350088990556294,5.809734923393738e-10,353789021719.0705
806,121592.0,3.505517,7320908547089245.0,0.0027923026289195718,1.9532286936711786e-09,5831434331117.795,92548028.06,2.8957850057274284,4.788363326016107e-16,0.00013495474309355463,9.322024497295558e-11,281838979010.4676
807,30409.0,26.636822,1.588731587145147e+16,0.14219997957833969,1.1380747661593434e-07,84814021450270.28,8876629005.87,2.8957850057274284,1.6766093288209073e-15,0.0010270774360662581,8.518763334636616e-10,612591984555.2577
808,85365.0,19.932518,3.0919277872142376e+16,0.07079024433308981,5.70105529704912e-08,109809670568046.44,3639835340.28,2.8957850057274284,6.446631154331966e-16,0.0007892794895525575,6.586738091910988e-10,1224328599941.975
809,94444.0,10.007184,1.012571037791976e+16,0.0458020518348983,3.590568167324581e-08,46344537243908.82,1733532143.3,2.8957850057274284,9.88294512335824e-16,0.0005931926645083631,4.770571165873051e-10,600218514930.6945
810,56834.0,75.57646,3.1064355582119644e+16,0.09912581422857715,8.030518663268823e-08,40743897512051.445,4678787563.12,2.8957850057274284,2.432899655690946e-15,0.0009297962839283917,7.947813820485118e-10,382176174735.9566
811,29295.0,99.90486,4.804214760128253e+16,0.24556584784931554,1.9364332141891013e-07,118087455487259.62,19014408792.24,2.8957850057274284,2.0795252707922855e-15,0.0014469322414975836,1.1898759447208427e-09,695799306611.1248
812,68626.0,41.05415,8.571552157374186e+16,0.17361482918697646,1.5093961218344526e-07,362484319775169.9,8369150034.76,2.8957850057274284,4.789581775417505e-16,0.0011592450523952582,1.0320678778456e-09,2420347134159.1353
813,83268.0,1.9251528,6405110300342675.0,0.0010881189731410468,7.720598211534333e-10,3620243568647.6484,17241344.2,2.8957850057274284,3.005651284251895e-16,7.28589511895395e-05,5.3014488354030135e-11,242406534554.7032
814,53181.0,43.70638,6.009406618971522e+16,0.17855504206434047,1.4471753649417437e-07,245504169330012.25,5284623203.49,2.8957850057274284,7.272994285662121e-16,0.0012250784814012367,1.0242269494138918e-09,1684421069622.369
815,45000.0,30.658281,1.8735933249375584e+16,0.1300192601517681,1.0257252286056883e-07,79457559259004.95,7127965278.38,2.8957850057274284,1.6363359429144932e-15,0.0010786740137737469,8.827209160755132e-10,659200831250.1592
816,152309.0,1.0324674,4598389242006591.0,0.0006759215133657642,5.870913618172512e-10,3010410028928.704,7753225.2299999995,2.8957850057274284,2.2452805660041603e-16,5.165222317343623e-05,4.463678482455499e-11,230047967971.1463
817,106561.0,20.640722,5.154526152473749e+16,0.07735394460787928,6.360389178458317e-08,193172957069195.3,3054578279.62,2.8957850057274284,4.0043878698906492e-16,0.0008186013388981284,7.063955531831613e-10,2044260859576.7285
818,36200.0,20.720615,1.5243528900932394e+16,0.16518634838286222,1.2683559802654803e-07,121522593591630.73,10669269427.24,2.8957850057274284,1.3593056525600572e-15,0.001179349885315032,9.433955627924546e-10,867611992265.239
819,11058.0,25.227415,2.6575074718157772e+16,0.14660249988148213,1.2137135455386846e-07,154434070562485.44,4326846359.76,2.8957850057274284,9.492885821601486e-16,0.0010548821613539858,8.978548834682303e-10,1111234435110.9272
820,7890.0,0.15277019,42830414139596.55,0.023612263520056416,1.8569502330104053e-08,6619897673343.891,1417395376.81,2.8957850057274284,3.566862311956133e-15,0.0004599850253839412,3.701041107550175e-10,128960690139.92215
821,111798.0,1.1239727,5206007143352514.0,0.0011769725693900248,1.2463422393878387e-09,5451491485313.15,40415730.0,2.8957850057274284,2.158991851240901e-16,7.87257890451944e-05,1.065645035686892e-10,364641436696.234
822,38448.0,37.57959,1.9340672575672344e+16,0.10936249564861684,8.3508273550366e-08,56284387892424.84,4175311051.68,2.8957850057274284,1.9430342896797433e-15,0.0009185579179344677,7.249549018951839e-10,472744059543.0084
823,69609.0,35.391205,5.9606948965971496e+16,0.11068422251077847,9.087838088178927e-08,186417749905328.34,7742010936.41,2.8957850057274284,5.937429379283309e-16,0.0009671114851244053,8.292406960193606e-10,1628838716800.2708
824,88677.0,17.602842,2.669202062210629e+16,0.04521809892941422,3.669167442321352e-08,68566338839851.34,2051334659.245,2.8957850057274284,6.594795594238885e-16,0.000640278038846761,5.343255118426662e-10,970883827553.5004
825,63393.0,14.929344,2.1324099646256824e+16,0.06677193628083689,5.178740990124373e-08,95372671620807.78,4605050457.05,2.8957850057274284,7.001160305786067e-16,0.0007786385851928139,6.211578417039952e-10,1112156487188.7202
826,68712.0,23.231842,2.9581834491975164e+16,0.0859837647896686,7.034845908890165e-08,109485829793646.94,5530279065.82,2.8957850057274284,7.853414907821973e-16,0.0008781804552308098,7.315654847527911e-10,1118214770947.7888
827,59485.0,54.547226,7.549987468498814e+16,0.1540536379090093,1.2722847070984796e-07,213228631587915.06,5321020823.7,2.8957850057274284,7.224810137445934e-16,0.001131535774512062,9.636030853473475e-10,1566180637256.2683
828,53137.0,36.72677,3.9533539334839e+16,0.14836707693332524,1.184053831938047e-07,159705731594112.3,9191181751.94,2.8957850057274284,9.2900283197347e-16,0.0011902275533280274,9.822799721805442e-10,1281188293903.9492
829,44834.0,205.3418,1.162620715035411e+17,0.28709448667764736,2.2633364475211735e-07,162549465030447.12,8685425006.32,2.8957850057274284,1.7661976717294746e-15,0.001500339313830453,1.2214430461555276e-09,849474177123.8488
830,98332.0,15.771561,2.7277390034853e+16,0.04186628874993481,3.292300642260749e-08,72409008058476.27,1562572075.32,2.8957850057274284,5.781917177504257e-16,0.000570482275187082,4.744975640541774e-10,986666286758.069
831,17956.0,16.490467,3.985025473806285e+16,0.05015059799896741,4.041977521846886e-08,121192086647699.94,1833050144.55,2.8957850057274284,4.138108302793151e-16,0.000649792689040682,5.370805664664489e-10,1570265061941.6685
832,52431.0,33.217407,1.9152108778737876e+16,0.13462325857588195,1.0840496699129312e-07,77619523173300.3,4867988021.27,2.8957850057274284,1.7343994535409604e-15,0.001052826633387403,8.87805409132014e-10,607026617333.1327
833,105695.0,3.4029312,7727639295152715.0,0.0034712124263781186,2.9550188468418096e-09,7882697583748.373,129681011.64,2.8957850057274284,4.4035844195452325e-16,0.00016231462503854896,1.7905970195021887e-10,368596601255.37354
834,38364.0,71.318794,2.652163133538425e+16,0.22768843741399433,1.775237190836417e-07,84671493413414.53,8061936346.82,2.8957850057274284,2.6890802114743564e-15,0.0013937707181865557,1.1241699125855398e-09,518307602815.0107
835,52118.0,20.041674,1.2071761087656644e+16,0.01865822171848576,1.4322122411496222e-08,11238462161697.992,655154550.5,2.8957850057274284,1.6602112860312137e-15,0.0003964821354938703,3.1261866117812784e-10,238814263479.4834
836,89569.0,16.490387,1.954765952073869e+16,0.04641398386817211,3.656648207871712e-08,55019009175229.58,1199387779.57,2.8957850057274284,8.435990499274279e-16,0.0006106181302638366,4.905877291160002e-10,723825056839.936
837,46725.0,15.767955,3.178291279969468e+16,0.05193942078798634,4.1879422601791646e-08,104692465305185.03,2095319183.11,2.8957850057274284,4.961142202218632e-16,0.0006480822534825278,5.508720596668702e-10,1306316624411.016
838,56886.0,35.57662,4.7932459905476984e+16,0.19026757744660533,1.597042521268423e-07,256347933763006.38,9834540713.5,2.8957850057274284,7.422239557526829e-16,0.0012704735287735552,1.0996410312031944e-09,1711711834314.4543
839,157443.0,1.01655,5086034384790819.0,0.00014204833456568584,1.1686298052051388e-10,710700618664.4518,2966550.2,2.8957850057274284,1.9987084692936248e-16,2.4625527026929638e-05,2.033596628661821e-11,123207198074.42798
840,64680.0,17.017395,9588505121989766.0,0.03867090444099464,2.994795231253755e-08,21789243612459.715,2043463368.92,2.8957850057274284,1.7747703926207657e-15,0.0005665639285651215,4.535646408722048e-10,319232240362.3652
841,42770.0,44.13287,5.791692825903538e+16,0.18531714067057958,1.4527190039333427e-07,243197406862221.4,10848463408.99,2.8957850057274284,7.620029467483889e-16,0.001226235726492642,9.876389519387246e-10,1609227013786.787
842,15320.0,1.116745,573947953620240.1,0.17491111137479207,1.3263040658490244e-07,89895074022273.48,8232429801.05,2.8957850057274284,1.9457252054929503e-15,0.0012125201774697484,9.476576882362802e-10,623171336860.2612
843,38061.0,38.383076,2.9889886631776948e+16,0.14913606378068797,1.1989813799833585e-07,116136081410312.7,5981947628.26,2.8957850057274284,1.2841492667019237e-15,0.0010911763786477064,9.103264321567753e-10,849727058171.4937
844,22875.0,88.37773,3.38307147129708e+16,0.2633870383277698,2.0344007455837895e-07,100823722817513.92,17419567679.29,2.8957850057274284,2.6123518450562237e-15,0.0014897762124807983,1.1792565987285106e-09,570281608620.2719
845,104415.0,9.155627,1.1281233258581752e+16,0.018622605320014862,1.4651937838843946e-08,22946102380273.15,559433288.64,2.8957850057274284,8.115803290420593e-16,0.0003693155740657809,2.9281971892116517e-10,455057325627.51843
846,68471.0,24.893896,1.4309231115003444e+16,0.09804957433578251,7.889793418734231e-08,56359760637644.75,3338428252.22,2.8957850057274284,1.739708849478179e-15,0.0008917501707506881,7.444002454970758e-10,512585868042.3257
847,17179.0,26.177135,2.136943725162874e+16,0.08681552176772964,6.816396885223789e-08,70870966012243.4,6622605242.89,2.8957850057274284,1.224980082150026e-15,0.0008561970419003716,7.009093157407405e-10,698947725254.1248
848,91294.0,20.531942,3.916662919721356e+16,0.05991865816013465,4.8550093538102893e-08,114300530663518.75,2293913863.49,2.8957850057274284,5.242202972488811e-16,0.0006863617650546229,5.808260311185996e-10,1309300247732.9922
849,125809.0,8.458278,1.2296659145653314e+16,0.02575759065475983,2.0026075039904494e-08,37446429721847.26,964962410.74,2.8957850057274284,6.878517083227338e-16,0.00044066332386474876,3.6586517044475153e-10,640637100312.3154
850,128530.0,5.7839737,1.1248120372572792e+16,0.007985257883777252,6.235808421908542e-09,15528967893260.373,179096931.67,2.8957850057274284,5.142169098850981e-16,0.00023862607625057907,2.118134039823108e-10,464057232781.2014
851,27393.0,31.875175,4.931640614943402e+16,0.111837412462019,9.250010568410434e-08,173031810983898.97,3707725829.45,2.8957850057274284,6.463401834962343e-16,0.0009546005227470296,8.188798540950452e-10,1476932035361.5168
852,62370.0,20.414547,2.1511465528710496e+16,0.063894242441363,5.359932128129545e-08,67327420675092.695,3388720669.14,2.8957850057274284,9.490077267284982e-16,0.0007446173418627023,6.556496944032925e-10,784627270032.4705
853,45535.0,26.90798,2.010986012609674e+16,0.11720988049265858,8.966082899331957e-08,87597593803172.11,4293283505.03,2.8957850057274284,1.3380490879238529e-15,0.0009956144566085246,7.996657624022005e-10,744079171380.2834
854,60719.0,62.085987,5.550260205185201e+16,0.19588074078982237,1.6040515580163316e-07,175110219407150.38,7579567863.67,2.8957850057274284,1.1186139875387756e-15,0.0013356005898467543,1.144952353347673e-09,1193978087816.8726
855,21552.0,74.87609,2.3043593306310636e+16,0.25893261691185476,2.0154459240769628e-07,79688161038530.61,13957118212.16,2.8957850057274284,3.2493235323457436e-15,0.0014948237652007974,1.20023821326016e-09,460041528742.9559
856,3.0,17.966827,2.9988877676795524e+16,0.2806387364898863,2.3142408142502046e-07,468421092937871.2,24415478956.4,2.8957850057274284,5.991163521902048e-16,0.0015299568223263017,1.2939663220791067e-09,2553688973324.13
857,85581.0,12.08533,8265357692493060.0,0.04407806867685285,3.5470289176449545e-08,30145722459251.26,1655398344.26,2.8957850057274284,1.4621666054424236e-15,0.0006061757307855856,5.416586448802171e-10,414573639234.6127
858,17181.0,5.1002626,5945866263915909.0,0.015109962810046174,1.1441649263205494e-08,17615135762083.617,516704057.36,2.8957850057274284,8.577829324807248e-16,0.00033666440159048914,2.616686342777624e-10,392482047429.93567
859,56179.0,10.370158,2.5159053919062956e+16,0.020463631367921453,1.6079537404581324e-08,49646842889506.98,509091446.92,2.8957850057274284,4.1218394115140215e-16,0.00039543902439528,3.29324261628657e-10,959375135505.409
860,26258.0,81.03368,3.7849041215765544e+16,0.473412269923376,3.6747836227540725e-07,221120409641756.12,22185923956.36,2.8957850057274284,2.1409704816048666e-15,0.0019926388094663626,1.594233716859512e-09,930717553832.2626
861,33486.0,12.879307,9485305732082952.0,0.0659770317307435,4.938351181845423e-08,48590527212484.34,3646520083.81,2.8957850057274284,1.3578167498004024e-15,0.00075658227132807,5.843833521388545e-10,557204992086.9563
862,59160.0,66.43653,3.97499353474363e+16,0.23120428638875604,1.9100122959890305e-07,138332863501498.34,6203572005.2,2.8957850057274284,1.6713619637191402e-15,0.0014462377232689464,1.2410104181812867e-09,865304915789.0109
863,83794.0,22.324013,4.2350962238090536e+16,0.06333639905150165,5.1604554465557585e-08,120155701599294.88,2467369084.96,2.8957850057274284,5.271193810071626e-16,0.000728127060295107,6.273120916465494e-10,1381332363275.8118
864,39601.0,0.83074045,535595204557580.94,0.01840825638715246,1.3613310411217872e-08,11868175969071.107,3495713035.9,2.8957850057274284,1.5510602838317394e-15,0.0003904118990229271,2.974002681559593e-10,251706463696.21014
865,123481.0,2.1670802,1.1482325545393398e+16,0.005384481121182254,3.860540616892973e-09,28529800201413.625,158757968.22,2.8957850057274284,1.8873182017291023e-16,0.00019669182925864036,1.4570217351659917e-10,1042176295859.5822
866,35147.0,11.142888,1.7050571548309586e+16,0.07764950750755409,6.760708119167609e-08,118817355379373.23,4937587662.75,2.8957850057274284,6.535199109559889e-16,0.000781270390967722,7.034096377830651e-10,1195480624033.1006
867,6274.0,95.57379,1.6558022472784212e+16,0.6474200950873671,5.00452466910873e-07,112164605837946.94,75471909226.68,2.8957850057274284,5.772053405356285e-15,0.00249159951187648,2.030025961548419e-09,431666053118.0037
868,46620.0,108.07532,3.145832726142645e+17,0.2992481736459987,2.3856047150593024e-07,871045024797520.6,20390908667.12,2.8957850057274284,3.4355075240290897e-16,0.001568935852555195,1.3000825666460895e-09,4566824091001.206
869,152408.0,5.8396797,1.4067469565259606e+16,0.008355881630898373,6.559064188369466e-09,20128862638403.723,158920839.54,2.8957850057274284,4.151194124081428e-16,0.0002334049272482939,1.8876584237820505e-10,562259726410.5096
870,79698.0,22.47659,4.391991943361311e+16,0.07367434319504243,5.883233543419021e-08,143961838403896.03,2609041710.67,2.8957850057274284,5.117630061679497e-16,0.0007574003482481177,6.277285449564313e-10,1479982607417.2214
871,42942.0,27.657972,3.658589662362582e+16,0.1413219509933359,1.1241620367813055e-07,186940325548500.16,12954353872.95,2.8957850057274284,7.559736005523915e-16,0.001099769112573344,9.032628950298399e-10,1454771848871.0986
872,103103.0,11.738509,1.6212410260680076e+16,0.01936023071842874,1.4216814151549445e-08,26739000936881.14,562807933.02,2.8957850057274284,7.240446553754799e-16,0.0003876862648306807,2.9804501798557286e-10,535445240776.8023
873,33985.0,35.26722,1.5548363338001786e+16,0.1549741372130513,1.2163638446714305e-07,68323905127250.32,12156821830.21,2.8957850057274284,2.268227158919249e-15,0.0011284290066385736,9.182610407063086e-10,497493825607.9433
874,28014.0,5.8086324,9519998024021958.0,0.008967277836249688,6.896671788489291e-09,14696827308602.44,224764311.43,2.8957850057274284,6.101505888281687e-16,0.00025639788761582416,2.1107477274822836e-10,420220667340.91315
875,86074.0,6.2337713,6723905174391313.0,0.008057151668145844,5.581109369998178e-09,8690649878718.112,191990265.87,2.8957850057274284,9.271057723630549e-16,0.00025340500992838673,1.8518734411778432e-10,273329125416.28882
876,23559.0,123.87622,7.341821224093374e+16,0.40531955392123065,3.1082400699623547e-07,240222352887337.88,20797811922.34,2.8957850057274284,1.6872682706231001e-15,0.0018565390370982387,1.4653658941521979e-09,1100322378736.268
877,50914.0,25.340504,1.303108571643537e+16,0.07982851838569117,6.307462841726307e-08,41050969850480.42,4434180128.95,2.8957850057274284,1.944619546784153e-15,0.0008276027248910838,6.751419483964777e-10,425585933382.0351
878,124817.0,1.1840928,3916848529895695.0,0.0012810345745378263,9.14618342605821e-10,4237521239909.6104,69867836.1,2.8957850057274284,3.023075288621212e-16,0.00010979366929940809,8.343324620796671e-11,363185361981.1224
879,48794.0,43.506145,4.1234680044135304e+16,0.13136931100809585,1.032365203685908e-07,124510491725647.83,7687946609.45,2.8957850057274284,1.0550862757618937e-15,0.0010882483853242389,8.837327577885275e-10,1031430708866.342
880,29394.0,8.8634615,7565833882959884.0,0.05428744225483957,4.5578031476047445e-08,46339657483805.1,3782705455.39,2.8957850057274284,1.1715115130881596e-15,0.0006907365097598285,5.952148076824862e-10,589611371329.1766
881,36387.0,10.455863,7721940453562808.0,0.11338100401922281,8.943023386222657e-08,83734968754047.73,7298711155.4,2.8957850057274284,1.3540460539521248e-15,0.0010244419081117805,8.569140500947778e-10,756578334334.854
882,107419.0,13.903955,1.6944596094402116e+16,0.05439241379688092,4.336541740911899e-08,66287432776338.266,2417480117.04,2.8957850057274284,8.205539348673743e-16,0.0006637384180087656,5.485775660916525e-10,808890664957.99
883,47669.0,34.785164,3.1918360394458068e+16,0.2153642538756468,1.7047976428973757e-07,197615106005722.94,12926486596.22,2.8957850057274284,1.0898167565662204e-15,0.0014106741062586332,1.1711983266454623e-09,1294414035900.2788
884,98650.0,18.953604,2.6132994759919372e+16,0.04790638110431145,3.710640087637445e-08,66052725717265.79,2439500240.98,2.8957850057274284,7.252748555657108e-16,0.00062328592455984,5.012040454773548e-10,859378923420.253
885,95994.0,19.517561,3.670111294373488e+16,0.06212916581050063,4.873958499127327e-08,116828610476033.11,2239002320.69,2.8957850057274284,5.317975242309859e-16,0.0007034543890498152,5.738192360137373e-10,1322786130054.0208
886,70541.0,30.103788,1.5530457117726016e+16,0.0835365839568698,6.604936985920615e-08,43096281933140.29,1875592545.81,2.8957850057274284,1.9383710197197226e-15,0.0007981765416721655,6.447968538887631e-10,411776968161.4293
887,27922.0,31.494095,1.919691099619309e+16,0.17510640416969755,1.4305569033697225e-07,106734359431795.02,6531676735.51,2.8957850057274284,1.6405813938630829e-15,0.0011845314142406383,1.010978811205059e-09,722019290643.921
888,60062.0,56.727543,1.4587008516895734e+17,0.1523410741429612,1.243031590312076e-07,391732204230389.4,7937942786.05,2.8957850057274284,3.8889086089374685e-16,0.0011796734360632211,1.0042512251493964e-09,3033430596317.183
889,86168.0,27.503042,3.2456957452096404e+16,0.08942003982738904,6.980493132339093e-08,105526596950342.14,2925052101.51,2.8957850057274284,8.473696907848512e-16,0.0008580611916810985,6.832005809808623e-10,1012617280288.0696
890,66308.0,53.187557,9.933732671441378e+16,0.17129702820597026,1.384855561348748e-07,319928002260089.2,5536549420.8,2.8957850057274284,5.354236796900084e-16,0.0012250431435813951,1.0253119129495797e-09,2287988353990.3433
891,50316.0,30.701355,2.48693355246203e+16,0.14073084019522816,1.1050769427938271e-07,113997655265601.47,5262936468.53,2.8957850057274284,1.234506445482071e-15,0.001091335089685057,8.937274260684802e-10,884025428687.7328
892,58752.0,61.78352,6.7705398760348856e+16,0.15603098095543158,1.2290198161115866e-07,170986369578099.34,8698889738.17,2.8957850057274284,9.125346151300278e-16,0.00115096102228127,9.44378785031512e-10,1261279301845.7373
893,14574.0,113.63737,3.795612279258657e+16,0.5020541574978415,4.102745030346067e-07,167691572327982.16,12596630979.72,2.8957850057274284,2.9939140681196023e-15,0.0019105377760009513,1.6125165397998389e-09,638140485174.616
894,42195.0,75.24123,2.386326189803289e+16,0.2929164289287315,2.3102335905691447e-07,92900414543500.36,6133345978.57,2.8957850057274284,3.1530153053469333e-15,0.001520864466542248,1.2308162129004817e-09,482352389461.33307
895,6924.0,52.14139,1.4457088046289394e+16,0.09537743561660816,7.377188174308138e-08,26445017755349.484,6383242757.76,2.8957850057274284,3.606631559069933e-15,0.0008974729913788804,7.182433272476276e-10,248839665676.94485
896,3017.0,31.262487,9930352865765772.0,0.2583691082759324,2.019715738542835e-07,82069491617645.53,9602458061.09,2.8957850057274284,3.1481748355363418e-15,0.0014331524873716158,1.1551103193509605e-09,455232813373.10333
897,14013.0,22.084335,1.1638402087232756e+16,0.0831067999112926,6.739570843476416e-08,43797123778045.52,2877260107.26,2.8957850057274284,1.8975401291751517e-15,0.0008000033943270214,6.781173597800732e-10,421600250780.87683
898,35224.0,0.6807669,805718487939865.5,0.013659845931686475,1.0831950050562741e-08,16167046913664.502,876889900.67,2.8957850057274284,8.449190507476709e-16,0.0003506030006380084,2.939434574576177e-10,414954545441.6716
899,53084.0,51.67865,8.456202556282475e+16,0.23002518347347128,1.9815877393272382e-07,376391323012058.9,11209517702.08,2.8957850057274284,6.111330665986201e-16,0.001342647910359585,1.1870676606365397e-09,2196981285650.8535
900,40836.0,21.117613,1.3635365517500282e+16,0.11499125341390866,9.017892370160723e-08,74248342917078.12,3985322679.28,2.8957850057274284,1.5487383138278648e-15,0.0009726538527588694,7.89846356965635e-10,628029825358.2014
901,56379.0,13.137689,3.0119516410069772e+16,0.027715418855745657,2.1059148610259747e-08,63540476033310.62,3283082384.0,2.8957850057274284,4.3618525679939913e-16,0.0005052218421792489,3.873323596277791e-10,1158273541582.8132
902,156259.0,1.3679172,3789941609341290.5,0.002568204086036084,1.9614714769298665e-09,7115447869906.508,90439672.19,2.8957850057274284,3.6093358183366583e-16,0.00014721626707354314,1.1905673386067305e-10,407876336487.26794
903,45282.0,14.798571,6839166074112558.0,0.06049778070852755,4.8887496626372135e-08,27959075871640.766,2994476487.74,2.8957850057274284,2.1637975799440207e-15,0.0007213327311839892,6.082299125516919e-10,333364237888.94836
904,93253.0,16.246962,2.0139691435828576e+16,0.02995593154189066,2.310039626790107e-08,37133294084548.39,980503633.99,2.8957850057274284,8.067135512859249e-16,0.0004865350502617477,3.9421231234628465e-10,603107570817.6671
905,8912.0,34.570362,1.4219413716493966e+16,0.11671781347657065,9.243754261123992e-08,48008142868389.195,5921756444.92,2.8957850057274284,2.431208676339428e-15,0.0010022413906371776,8.264710925463287e-10,412239969522.57166
906,177724.0,0.6561264,4575249795580452.0,6.988368321794828e-05,4.699297981381881e-11,487307487333.7316,1487109.0,2.8957850057274284,1.434077764745867e-16,2.824798166735689e-05,1.899523280899846e-11,196976637960.51334
907,30109.0,9.211319,7200349400866792.0,0.04302712254723438,3.417531481207122e-08,33633653991790.004,2487184599.35,2.8957850057274284,1.2792877799640005e-15,0.0005969042125776015,4.902797940605805e-10,466591037549.3452
908,67517.0,29.799938,2.799025118963828e+16,0.0928805170145572,7.339320575884606e-08,87240080897514.89,3588994049.93,2.8957850057274284,1.0646541825616646e-15,0.0008514237018590649,7.145206647268868e-10,799718552563.6637
909,22721.0,31.68417,1.524416617873011e+16,0.11321420169185999,8.744342089576872e-08,54470611172171.5,5365245276.58,2.8957850057274284,2.0784455921379492e-15,0.001004329606929637,8.039620316301924e-10,483211882345.4765
910,32598.0,36.996674,4.11235215407704e+16,0.200066796579889,1.770366659822606e-07,222383536929454.66,18995124764.53,2.8957850057274284,8.996475159191075e-16,0.0013016487702460647,1.1804146993033236e-09,1446843065993.7524
911,47810.0,28.71865,3.1960054667969532e+16,0.10063003317012716,7.96983716607763e-08,111987901985533.84,5359546212.81,2.8957850057274284,8.985795017673083e-16,0.0009379349497254003,7.795606270422036e-10,1043797402322.9869
912,74414.0,42.07559,6.042114774262354e+16,0.15330118937609338,1.252078716588978e-07,220142695857927.34,4210962090.0,2.8957850057274284,6.963719090413465e-16,0.0010985845792464727,9.241286179678237e-10,1577583134791.9077
913,73049.0,8.93453,1.6384332048076728e+16,0.041415683870044365,3.092971262580186e-08,75948966148748.98,2776950508.43,2.8957850057274284,5.453093829997653e-16,0.000569897230666243,4.417047119710642e-10,1045089720501.8171
914,90797.0,22.391762,2.2718164174115716e+16,0.11935925268271094,9.8450521575328e-08,121099138966624.81,3839832324.73,2.8957850057274284,9.856325462033765e-16,0.001000954532832812,8.661271777296598e-10,1015545333490.1078
915,56455.0,28.83867,1.608472978773871e+16,0.1149993197807242,9.05852969644408e-08,64140717461890.71,4733614854.0,2.8957850057274284,1.792922254869556e-15,0.0009686591360730177,7.948691033987058e-10,540268343171.1279
916,37781.0,25.419498,4.65887642606952e+16,0.08205438001846035,6.625334209945833e-08,150388971774247.78,4326210957.76,2.8957850057274284,5.456143429295733e-16,0.0008480970157115628,7.191479503078933e-10,1554389151791.4756
917,73637.0,17.287075,4.021465467741664e+16,0.06863526565511402,5.2866806008565386e-08,159665154863570.88,3526559768.84,2.8957850057274284,4.298700346594773e-16,0.0007816561614369847,6.281322561865565e-10,1818354615148.2173
918,53555.0,11.6544895,6217318120107309.0,0.05211108776585592,4.0482341392206845e-08,27799691288508.03,2642659891.19,2.8957850057274284,1.8745203759653925e-15,0.0006467004015573947,5.18804521269429e-10,344995130407.339
919,116912.0,5.917579,7187699361919134.0,0.011331768601362152,8.572412736370114e-09,13763964274144.209,389213032.27,2.8957850057274284,8.232925032106506e-16,0.00030843897694968935,2.4545192195248827e-10,374640818113.6699
920,60865.0,10.043658,9716757257041040.0,0.035058548354186043,2.673473781878658e-08,33917463551811.64,1649845353.55,2.8957850057274284,1.0336429875020373e-15,0.0005344026239166856,4.139603702710923e-10,517008899956.99054
921,97354.0,22.57109,3.961969394180698e+16,0.08067716091550069,6.600812955097476e-08,141614978433298.94,3815556115.37,2.8957850057274284,5.696936991273128e-16,0.0008545641413393194,7.429669848466327e-10,1500041412865.1702
922,29617.0,24.298855,1.5550104775711668e+16,0.15693520986473067,1.2309738783822252e-07,100431026745698.98,6633431914.58,2.8957850057274284,1.5626168022966221e-15,0.0011293746597011193,9.165023345600663e-10,722745754455.76
923,62811.0,15.431842,3.926000861245655e+16,0.07709732203096714,5.91081743676738e-08,196142594444208.7,5170700136.66,2.8957850057274284,3.930677181538807e-16,0.0008327567591765501,6.615657123328055e-10,2118608882682.4927
924,67712.0,27.306759,4.55103674285491e+16,0.09337212942374241,7.536530197513893e-08,155617146570215.75,5282547941.85,2.8957850057274284,6.000118334107362e-16,0.0008828609405726379,7.373832351836002e-10,1471405881370.8066
925,36287.0,42.991207,4.463409469524848e+16,0.1527968670834041,1.2493187885913814e-07,158635923725936.62,5057265607.18,2.8957850057274284,9.631920910132548e-16,0.0011685803003079046,1.0018313662820681e-09,1213237018047.549
