,id,sfr,sfrd,snr,snr_solar,snrd,mass,z,halo_volume,snr_err,snr_solar_err,snrd_err
0,52597.0,11.721052,1.6878934970215978e+16,0.030225625706386858,2.3092664612612098e-08,43526500072876.75,4724547668.25,2.8957850057274284,6.944189322775749e-16,0.0007316602223801334,5.552937101231215e-10,1053629427959.8822
1,20925.0,14.855804,1.4053520573660622e+16,0.009525666147068547,7.710003073241857e-09,9011235283909.934,1527309598.95,2.8957850057274284,1.0570877184926197e-15,0.0005409721338332066,4.477180868502228e-10,511757089188.9834
2,30961.0,98.81291,4.767106190009583e+16,0.1031345076018859,8.079525436051717e-08,49755963020676.21,7552909712.52,2.8957850057274284,2.0728069831354306e-15,0.0015038306447225293,1.1942982862680571e-09,725504428033.0243
3,129317.0,4.336176,7417938051235958.0,0.001612213073711432,1.2828167292612266e-09,2758028434773.8916,217185494.73,2.8957850057274284,5.845527382474591e-16,0.0002514875680490767,2.1245913291544644e-10,430222205105.15216
4,21994.0,4.4631395,2794118786069240.0,0.08886725132656946,7.762894938040479e-08,55634751366813.51,16331440776.9,2.8957850057274284,1.5973334856957653e-15,0.0007460496256246321,5.732219536067467e-10,467059403878.75134
5,61313.0,40.142708,3.7313277418671784e+16,0.15018490799373913,1.1229384865061914e-07,139599230228017.66,5968050719.19,2.8957850057274284,1.0758290554212306e-15,0.001090743325051796,8.754679530925212e-10,1013863047809.8826
6,61993.0,21.984505,4.631117532760444e+16,0.03822492193541634,2.9907572426263615e-08,80522216062406.62,4678761093.67,2.8957850057274284,4.747127414599607e-16,0.0009376294151726991,7.18940664754982e-10,1975151145699.3044
7,60246.0,33.73324,3.2965032281889988e+16,0.05343185786870952,4.321017366443437e-08,52215053150049.234,4054883013.38,2.8957850057274284,1.0233037150256954e-15,0.000899795840612732,7.431797804386795e-10,879304772767.426
8,23284.0,110.79817,3.5923422770034984e+16,0.18598938783688831,1.400114594932005e-07,60302218078191.555,15794014354.01,2.8957850057274284,3.084287672399099e-15,0.0016105615476136317,1.3455475536154332e-09,522182662151.24603
9,82833.0,7.2395315,8540559085368469.0,0.007425545147359578,5.768014940086559e-09,8760001537681.768,841788345.88,2.8957850057274284,8.476648223653922e-16,0.00043433488925971874,3.354348207080434e-10,512389894920.6311
10,48380.0,33.024162,1.5756336588598246e+16,0.9056719489889403,1.100615740168866e-06,432110043159354.9,6234883723.92,2.8957850057274284,2.0959289498738725e-15,0.0008726708439961275,6.718443789887448e-10,416364707424.19135
11,58944.0,16.560879,3.023962613745881e+16,0.0304467810361506,2.2451438867582745e-08,55594831386804.09,3265927007.46,2.8957850057274284,5.47654885834898e-16,0.000727557367501607,5.549385835467401e-10,1328496077219.2297
12,18094.0,58.07253,1.775758209625711e+16,0.3381285859515486,2.9259871917306257e-07,103393913165587.11,19885843571.12,2.8957850057274284,3.2702948906675957e-15,0.001757283017252632,1.3677512083186309e-09,537346959831.473
13,21709.0,37.47592,1.6098948628378364e+16,0.12751663925682696,1.0025005916506449e-07,54778743915002.3,9406725312.82,2.8957850057274284,2.327848908961636e-15,0.000979233954533996,7.795992450419175e-10,420660443538.31995
14,141856.0,2.4731371,4539225458443502.0,0.0001065698791207573,7.846876137495562e-11,195599632712.71457,33498004.45,2.8957850057274284,5.44836805891558e-16,6.492531618251776e-05,4.799803352434705e-11,119164703045.85153
15,62862.0,47.08405,1.141914333361126e+17,0.4578210545932385,4.819971173448118e-07,1110338690818920.0,5541016556.11,2.8957850057274284,4.123255889205994e-16,0.0008824390549065,7.415871871886034e-10,2140151081131.2495
16,48928.0,25.306845,2.8217177564901804e+16,0.15022052957773954,1.2297939291494286e-07,167496159912018.28,8055735194.55,2.8957850057274284,8.968595438644491e-16,0.000835458844586997,6.298666799463553e-10,931538110178.4515
17,11279.0,33.94173,2.3182700044093196e+16,0.04796093288256065,3.9065624295692604e-08,32758021493049.695,4579536353.95,2.8957850057274284,1.4640973629233552e-15,0.0009265227808387253,7.761159052456998e-10,632828665840.052
18,81197.0,16.281395,1.0251270906817248e+16,0.020246774800819302,1.5410748431964837e-08,12747996929779.02,2983399892.05,2.8957850057274284,1.5882318541765032e-15,0.0006878174059104272,5.210181137921402e-10,433071156520.192
19,80441.0,31.48598,4.701056311376221e+16,0.04813957445799645,3.892286520812801e-08,71875434822968.73,5267263073.47,2.8957850057274284,6.697639405808898e-16,0.0008911890215869883,7.214394052496121e-10,1330601675590.4407
20,60314.0,27.452473,2.1164460643225996e+16,0.03241878761770771,2.5732072833524967e-08,24993236661632.523,2878191895.18,2.8957850057274284,1.2971024144093452e-15,0.0009107198524667533,7.31366743322839e-10,702118693442.9253
21,45708.0,39.900208,1.5349000564827746e+16,0.06461035347177063,4.922309617851981e-08,24854616094530.83,6536476503.72,2.8957850057274284,2.5995313396125202e-15,0.0009706853983035648,7.30642014338143e-10,373407846065.1499
22,89684.0,14.817619,2.2172513824765904e+16,0.01742699815184889,1.3509548725559603e-08,26077088191162.11,2545459191.33,2.8957850057274284,6.682877330512363e-16,0.0005956921139071557,4.834665666351184e-10,891370714209.2421
23,75107.0,44.621,4.303238158164045e+16,0.04068233831661277,3.236148132693008e-08,39233946036033.99,3594997866.7,2.8957850057274284,1.0369168138032437e-15,0.0010386322235681935,8.45233848796885e-10,1001654336917.0166
24,2352.0,17.2348,1.6652269054647922e+16,0.00893908050939135,6.88997740238351e-09,8636942334320.327,851305148.57,2.8957850057274284,1.0349820762227886e-15,0.0006109822796970261,4.936256502367289e-10,590331266341.1835
25,27004.0,52.790096,4.729247524164189e+16,0.2539698338014367,1.9277418161590354e-07,227521125878959.34,15940409601.14,2.8957850057274284,1.1162472619643592e-15,0.0009833106101414639,7.307158751340746e-10,880907522595.8854
26,61188.0,45.592594,7.1757867185000296e+16,0.10843838936547917,8.82469931050748e-08,170670428224448.12,7604116261.1,2.8957850057274284,6.353671839556892e-16,0.0011603510877200502,9.047400951027372e-10,1826268521606.5134
27,96844.0,15.2885,2.379697500235591e+16,0.01752216263732347,1.3403384586074995e-08,27273732954024.355,1943426262.36,2.8957850057274284,6.424556061636587e-16,0.0005850869995547396,4.5996724746415496e-10,910704169971.3878
28,48852.0,35.729794,1.918781376316499e+16,0.05465337735188121,4.454884546979208e-08,29350262309261.457,5561220124.65,2.8957850057274284,1.862108650887095e-15,0.0009171191340484865,7.630629961137975e-10,492516445596.0062
29,68664.0,27.157133,3.64852899202057e+16,0.0389039419711217,2.9149301265016914e-08,52266990107359.04,4357255387.42,2.8957850057274284,7.443310183198045e-16,0.000790607392693486,5.949560257373837e-10,1062171766639.7167
30,106489.0,20.466103,3.7798501109946424e+16,0.016776610101453246,1.234129319072639e-08,30984438783529.965,1852868118.2,2.8957850057274284,5.414527666181578e-16,0.0006273438649733023,4.912136672580985e-10,1158630823684.9707
31,43187.0,30.842329,1.3056236505553204e+16,0.12214263380094957,8.833883678222853e-08,51705664456026.47,9233131015.74,2.8957850057274284,2.3622679465772426e-15,0.0010007989024962225,7.479309747371603e-10,423660196526.94714
32,68835.0,51.178978,7.088012512598681e+16,1.5708147192537993,1.6172888699341208e-06,2175493692946567.5,7171494834.25,2.8957850057274284,7.220497693680881e-16,0.0011896512397267386,9.671912184398117e-10,1647602824896.5142
33,32688.0,15.971391,1.6275817159447136e+16,0.0332708035391079,2.637447349756389e-08,33904968900354.816,3930726623.62,2.8957850057274284,9.812957987629866e-16,0.0007841478988762332,6.102282012176554e-10,799094319841.9106
34,35656.0,57.024952,5.93321433829444e+16,0.4025900357675376,3.4529029963658736e-07,418878559103465.06,8886510677.4,2.8957850057274284,9.61113972100195e-16,0.0013064273832645843,9.991963301086936e-10,1359284560612.3293
35,58077.0,25.93423,3.5840638570969296e+16,0.03250614368312035,2.579478254971304e-08,44922904866761.55,3266920133.85,2.8957850057274284,7.235984355760495e-16,0.0007449158778489135,5.908615910423212e-10,1029460321118.43
36,24410.0,136.5774,9.409271389463462e+16,1.8856977120788534,1.7650278253359954e-06,1299119878650513.5,17572167678.21,2.8957850057274284,1.4515194040735173e-15,0.0014034712236634034,1.1671523446837443e-09,966898010267.536
37,66104.0,16.471329,1.6954497832810994e+16,0.007488758480202871,5.5091180271369085e-09,7708433206758.516,1135805538.22,2.8957850057274284,9.715020263309747e-16,0.0005293423546634168,3.8730214251352185e-10,544870046913.3953
38,39297.0,43.640766,3.1071177890260784e+16,0.04628934238641907,3.811904454601685e-08,32956900704071.406,4884023143.47,2.8957850057274284,1.4045417317017497e-15,0.0009429417542909096,7.820638307061636e-10,671351895787.7006
39,40024.0,23.95767,1.8819008546741204e+16,0.019527577343602522,1.5366711214918323e-08,15339122916644.473,3188808632.55,2.8957850057274284,1.2730569700574705e-15,0.0007122149428270421,5.533812188916555e-10,559452530074.0391
40,38226.0,29.41115,2.0821209595101004e+16,0.10532602881930227,8.640624626418928e-08,74564079332713.66,5603497788.03,2.8957850057274284,1.4125572227523281e-15,0.0008098183446527758,6.005233350385929e-10,573299496550.5663
41,35762.0,67.88899,4.8859293827002536e+16,0.39611782530162976,3.272000857664964e-07,285083593326776.3,17165150299.91,2.8957850057274284,1.3894795581855205e-15,0.001261249046942289,9.940377650553883e-10,907713279776.002
42,67232.0,11.37556,7836348654868129.0,0.008013771638572585,5.743627101876683e-09,5520493813082.489,1036324050.48,2.8957850057274284,1.4516403622410582e-15,0.0004379489915399993,3.287601179030522e-10,301692487293.4016
43,50853.0,36.155186,6.18747120072073e+16,1.8041756895027445,1.6291474832220725e-06,3087602735562942.0,6116780398.44,2.8957850057274284,5.843289581014707e-16,0.0009089775355849648,7.273608246505961e-10,1555592142032.9775
44,104965.0,14.876874,2.1306501205490852e+16,0.02197607965883781,1.7094185060208267e-08,31473908278243.855,2169427370.36,2.8957850057274284,6.982316738219842e-16,0.0007129600084908318,5.649781248378873e-10,1021093764750.3552
45,16792.0,42.62575,1.292476490786466e+16,0.05231160996828261,4.1484973182757965e-08,15861662511321.496,4687846281.53,2.8957850057274284,3.2979903544754167e-15,0.0010495772418332606,8.356581872652958e-10,318247517130.8401
46,56659.0,13.45616,1.2088302508362e+16,0.0703209040763809,5.431588874310811e-08,63172581266631.7,3370238982.74,2.8957850057274284,1.1131554650201544e-15,0.0006239466966194552,4.850517479899217e-10,560520714515.0729
47,25094.0,23.92001,1.0676399997313908e+16,0.06935246034620772,5.268223474696594e-08,30954611116549.07,4370485104.33,2.8957850057274284,2.2404565214883363e-15,0.0008622150128595938,6.797951638995397e-10,384838984639.9804
48,47905.0,30.38066,2.530699100632937e+16,0.2710464118000639,2.076776113234564e-07,225780779802745.03,9111682531.17,2.8957850057274284,1.2004848775740145e-15,0.0008557028669478872,6.536700543597102e-10,712797706104.4901
49,25227.0,60.445667,3.3700980712701096e+16,2.7013919741466244,2.672995171719709e-06,1506138708307428.0,10546492409.75,2.8957850057274284,1.7935877746495214e-15,0.0010984172128341095,8.646059982069666e-10,612413414252.1947
50,56617.0,66.13465,6.225526697787892e+16,0.23115227810590444,1.9688110904392406e-07,217593149521892.06,11445344803.77,2.8957850057274284,1.0623141335736225e-15,0.0011028216393626686,8.980221160157891e-10,1038131381771.9613
51,95056.0,24.223263,2.6354181330507852e+16,0.02290729710151147,1.7455556542022764e-08,24922450026862.617,2780106849.25,2.8957850057274284,9.19143064860031e-16,0.0006987890177259805,5.572884103111048e-10,760261426584.7651
52,30287.0,29.006044,1.8491237818628776e+16,0.037727795969444415,2.9707501889047568e-08,24051320050528.12,3312676795.59,2.8957850057274284,1.568637226155742e-15,0.0007520922454890205,5.975176219428174e-10,479455818686.7542
53,139086.0,6.040882,1.4867385020995584e+16,0.0026643680292805652,1.986470647405972e-09,6557351282303.71,362541377.45,2.8957850057274284,4.0631772106992064e-16,0.0003008302056750292,2.3596173621200303e-10,740381701499.2098
54,111513.0,1.3788731,3221212248485977.5,0.000324000491741244,2.2165154929331056e-10,756903845982.908,49131810.85,2.8957850057274284,4.280603057585209e-16,0.00014942655162251823,1.0368709899965103e-10,349078271477.97565
55,37973.0,25.551237,1.2144337132886394e+16,0.11683715997580868,9.7220309188775e-08,55531943928789.09,5818030444.19,2.8957850057274284,2.1039630834035595e-15,0.0009005345279160712,6.776174523501013e-10,428018217153.9273
56,38924.0,22.161821,2.6604631025132404e+16,0.11360919669523353,8.740684733027643e-08,136384584964312.27,5024197722.33,2.8957850057274284,8.330061401364505e-16,0.0007558475520955148,5.860110957250795e-10,907373326169.8447
57,59559.0,47.914616,2.8595849606512316e+16,0.0545222125944744,4.345503047368559e-08,32539319350193.3,6030091380.55,2.8957850057274284,1.6755793815997725e-15,0.0011155494833535598,8.883443356382824e-10,665769402275.9341
58,72414.0,9.984797,1.4002000196610174e+16,0.030562929299773764,2.266944962816692e-08,42859373311687.266,3237630851.66,2.8957850057274284,7.1309790457061115e-16,0.0006932592243625932,5.463359566902072e-10,972179584204.5508
59,50702.0,18.643717,1.9948740800146532e+16,0.054116933070206534,4.028250922918436e-08,57905012756652.99,4347872752.55,2.8957850057274284,9.345811440821896e-16,0.0009940917707951641,7.405408685853561e-10,1063676254426.7007
60,44089.0,20.931713,9816215840944930.0,0.036952801828468274,2.7696345192610805e-08,17329526669695.357,3011647449.56,2.8957850057274284,2.1323607120261802e-15,0.0006504053408103881,4.781546008116429e-10,305016565509.8614
61,60773.0,33.63156,2.3742290094313296e+16,0.06491554780078249,5.2739087913381684e-08,45827305290549.69,8996534459.82,2.8957850057274284,1.4165255275039944e-15,0.001010081191143152,8.089953273405541e-10,713069529303.1376
62,16609.0,87.31956,2.9923162694263e+17,0.20720721596378247,1.5737154260252116e-07,710069454622716.1,11329229101.54,2.8957850057274284,2.918126031401797e-16,0.0016439183998715535,1.2583306900280992e-09,5633472928110.151
63,15965.0,1.2406169,279195044420489.4,0.014498399427241734,1.0886273053275127e-08,3262797139160.972,2787857291.77,2.8957850057274284,4.443549141694416e-15,0.0006757016132310753,5.126699116830459e-10,152063495121.69827
64,113300.0,14.086752,4.2976521307328376e+16,0.038882229471226035,2.8427609905777193e-08,118623722725194.34,2387998980.52,2.8957850057274284,3.277778557102043e-16,0.0006388417365884836,4.744695644567129e-10,1949008224500.9797
65,41217.0,19.542616,2.2034698146780964e+16,0.018902467312162323,1.3799058079161526e-08,21312917444260.836,3053079681.62,2.8957850057274284,8.869019157793623e-16,0.0006560383774995243,5.08123854028579e-10,739696651712.6448
66,94203.0,6.3396087,8182430671211090.0,0.002821878910161026,1.9785563728636654e-09,3642153583539.833,347714824.48,2.8957850057274284,7.74783063216797e-16,0.0003386242191705596,2.487946700783639e-10,437056816607.0081
67,40496.0,62.841568,2.3370946577128172e+16,0.17357756433966165,1.315205031083126e-07,64553958665866.836,10574231969.82,2.8957850057274284,2.688875599993862e-15,0.0013520769170630507,1.047075607203998e-09,502841007990.90045
68,21225.0,72.591354,2.2848730775817404e+16,1.3386659256442952,1.492210580200714e-06,421356203574972.6,13004898850.39,2.8957850057274284,3.1770409793102858e-15,0.0012583738385646699,9.966626657045893e-10,396083603189.10785
69,5371.0,203.38625,6.087904526189593e+16,5.36089950884271,4.751732625876336e-06,1604663264322494.8,41105733100.83,2.8957850057274284,3.3408252236061108e-15,0.0028043982473162934,2.2133116688706068e-09,839432792682.6432
70,78974.0,22.114082,3.014537366207966e+16,0.8722766286931063,9.553495723719724e-07,1189066085069812.5,4528590773.11,2.8957850057274284,7.335812867304959e-16,0.0006861540708893679,5.385823166874965e-10,935348383745.574
71,44569.0,19.51769,1.1446595592576572e+16,0.05707411163542099,4.266384883893543e-08,33472417826916.664,4324637945.1,2.8957850057274284,1.7051087235629913e-15,0.0006926299169074006,5.432335919988476e-10,406208652466.5024
72,50232.0,34.50769,1.725443511280803e+16,0.04449854180958242,3.5476291681648596e-08,22250031870229.945,4672546698.55,2.8957850057274284,1.9999315987102245e-15,0.0008818873946560672,7.035494917313808e-10,440958778402.6239
73,56423.0,31.019192,3.889723744828214e+16,0.19453437017544256,1.443666112964794e-07,243940899188031.88,8286275661.3,2.8957850057274284,7.97465168091775e-16,0.0007391387438050312,5.413745736609262e-10,926860223342.0289
74,83963.0,22.648209,6.8017343269641416e+16,0.10148990670161499,8.47755740715504e-08,304795572247131.2,3711625821.4,2.8957850057274284,3.3297697192046476e-16,0.0008673537791028346,7.34237056867986e-10,2604846137257.8394
75,12158.0,11.360843,4290960557918772.5,0.031242933059051108,2.3093790635893594e-08,11800373746040.22,5775845566.76,2.8957850057274284,2.647622332261731e-15,0.0007637766582035872,5.711869980142245e-10,288476437480.08844
76,44090.0,20.624372,3.811520222494983e+16,0.02104140550224098,1.597681980551656e-08,38885907692854.21,2297029070.71,2.8957850057274284,5.411061937512033e-16,0.0006735379894931016,5.264296793433625e-10,1244742709049.066
77,88961.0,20.847683,3.3046129013990396e+16,0.030727657932645366,2.4358902063410096e-08,48707098450219.34,3618532789.55,2.8957850057274284,6.308661141876537e-16,0.0007091510285759347,5.708234786749165e-10,1124091170262.15
78,72273.0,42.65989,2.830224157413601e+16,0.0513843128654005,3.9405290566414275e-08,34090365348751.484,3426679373.12,2.8957850057274284,1.5072972184289714e-15,0.0010889535343938587,8.620563334109772e-10,722454417801.4574
79,65841.0,42.185234,3.2593308151440332e+16,0.06080842514572398,4.765004046755693e-08,46982025487363.055,4568987402.87,2.8957850057274284,1.2942912638383346e-15,0.0011013901916360875,8.813304381074246e-10,850960075531.8536
80,7257.0,8.04891,1397191745960843.2,0.05962086104349198,4.364067596153707e-08,10349447929849.555,6862245696.77,2.8957850057274284,5.7607769465205336e-15,0.0011560463767577918,8.669731275157463e-10,200675427549.06268
81,72142.0,33.35249,1.8831176394217816e+16,0.04382681408092496,3.501025054297204e-08,24745092997688.84,4077783451.88,2.8957850057274284,1.7711315162573172e-15,0.0009689603776494313,8.034375409497166e-10,547085503676.76746
82,69253.0,12.593466,1.522237350344159e+16,0.0047809720271185605,3.509333578941173e-09,5779008090886.576,574617039.88,2.8957850057274284,8.272997635455978e-16,0.00042209496174282077,3.0998328943365024e-10,510208004815.36273
83,45874.0,41.74667,1.8967672925448496e+16,0.0651465229368659,5.184406716080108e-08,29599437255635.016,7043314270.81,2.8957850057274284,2.200937888589878e-15,0.0010556275664858061,8.467848715167978e-10,479626241139.47064
84,98877.0,2.20863,6735827058166572.0,0.00034983965000413375,2.682989098940088e-10,1066932614569.8318,62033046.48,2.8957850057274284,3.2789291959659784e-16,6.767429771109829e-05,4.721231199353127e-11,206391457901.4303
85,38271.0,10.061923,1.0871112003684236e+16,0.04886868812931671,3.43300567283921e-08,52798752497600.73,1384404598.99,2.8957850057274284,9.25565204055482e-16,0.00041610474417204526,3.148253310574887e-10,449568266340.2094
86,3603.0,22.447845,2.445561507849331e+16,0.021070237193595492,1.5513911574656838e-08,22954791892902.168,2586576800.88,2.8957850057274284,9.17901468760891e-16,0.000706313532845496,5.262075085938154e-10,769487310875.5068
87,62337.0,10.7449255,1.5670228013895816e+16,0.008446337282624776,5.950913185214345e-09,12318003610262.297,1137903699.66,2.8957850057274284,6.856904373358047e-16,0.0004627834518371239,3.4593898617388496e-10,674916006755.5148
88,102415.0,7.090861,7384406480954017.0,0.003363166945050778,2.494980342734451e-09,3502394389843.9536,407917204.86,2.8957850057274284,9.602479249062014e-16,0.00032282641953077363,2.346628443313773e-10,336190697378.8127
89,32810.0,53.47668,2.317122092036289e+16,0.08717487229305862,6.394086783452891e-08,37772506157953.016,8945314505.29,2.8957850057274284,2.307892198852787e-15,0.001241936044492896,9.60083713006228e-10,538125673768.57587
90,54979.0,59.919727,5.5459452772212424e+16,0.09908097618489067,8.133305643624542e-08,91705636765512.1,5783391458.49,2.8957850057274284,1.0804240576643838e-15,0.0010686092983336584,8.585824659405598e-10,989064701728.0734
91,95898.0,11.199437,1.586491130617556e+16,0.007329262509492029,5.1594217512247125e-09,10382495089062.848,979982641.1,2.8957850057274284,7.059249676133089e-16,0.0004817425780327192,3.468694843969988e-10,682427453531.5881
92,33042.0,19.36692,1.2219375923664704e+16,0.03160926012164391,2.485071609488835e-08,19943565218179.785,1909588218.49,2.8957850057274284,1.584935279918263e-15,0.0007082879850797282,5.799829004329778e-10,446887638917.50555
93,36696.0,33.87133,1.8124925899462224e+16,0.09367086008832018,7.84391756496268e-08,50124320422011.67,4681914858.47,2.8957850057274284,1.8687706745882466e-15,0.0008371515730317393,6.493173425143603e-10,447969129875.2813
94,47506.0,8.345732,6848593382457225.0,0.3024291033579728,2.474415703868606e-07,248176427893908.5,6130434531.86,2.8957850057274284,1.2186052717595584e-15,0.0008852911292103272,6.547098787009432e-10,726478991783.8162
95,76422.0,11.835424,1.5880112065604424e+16,0.15243532496087023,1.3133782851046413e-07,204529220341869.16,3913333912.37,2.8957850057274284,7.452985187450265e-16,0.0006559187640538394,4.966123336532801e-10,880075228323.693
96,28353.0,38.406986,8.054734146815147e+16,0.14569391717084393,1.192845040183094e-07,305550081336570.94,5524334896.19,2.8957850057274284,4.768249988137247e-16,0.0006637514161795463,5.113647625299919e-10,1392023106655.2068
97,22386.0,14.585876,1.0718660580609032e+16,0.030175395854274752,2.486433741918884e-08,22174864646284.387,2789544813.19,2.8957850057274284,1.3607927865900606e-15,0.0006036353756939138,4.788624727765264e-10,443590957890.4604
98,94032.0,10.853884,1.2555273209141192e+16,0.00565049787163607,4.1034285640038275e-09,6536235742528.819,696289365.16,2.8957850057274284,8.644880775750502e-16,0.0003852813851044258,2.839174554787206e-10,445675764766.08813
99,85089.0,15.5823145,2.2616549868409532e+16,0.009055017632980522,7.073983355944485e-09,13142672602047.123,1516849855.83,2.8957850057274284,6.88978406992357e-16,0.0005403391856997955,4.30111423284481e-10,784261422732.4974
100,90619.0,4.013772,5890287043024163.0,0.0010095034661702427,7.054215607756964e-10,1481465610570.4463,171840496.14,2.8957850057274284,6.81422139648269e-16,0.0001614941834865943,1.2748302153114217e-10,236995797597.58478
101,17790.0,31.614521,9827029899999776.0,0.12439448267833157,9.238760180596221e-08,38666671580283.266,14704867300.05,2.8957850057274284,3.2170982811399325e-15,0.001267818171242457,9.54397558812436e-10,394087485195.89026
102,118133.0,19.32861,3.804493805202049e+16,0.022692683236321315,1.8243190833917487e-08,44666519111305.375,2523228364.95,2.8957850057274284,5.08046825403452e-16,0.0006682233131108399,5.29065452429396e-10,1315278985515.1401
103,49735.0,21.710562,1.2919478586951404e+16,0.041287293477535826,2.9889129543230944e-08,24569161498269.94,4080779068.48,2.8957850057274284,1.6804518738029828e-15,0.0008322962786772956,6.072234985454587e-10,495281234560.88605
104,105154.0,8.3483,1.175162377831242e+16,0.004672780774996654,3.2749117818144818e-09,6577717818752.539,860863601.23,2.8957850057274284,7.103954447049912e-16,0.00037344651469476846,2.659779896271886e-10,525688217004.05347
105,67365.0,18.813679,1.7377098565298686e+16,0.03980590579973076,2.954713275844834e-08,36766394736665.59,2837109248.28,2.8957850057274284,1.082670903275539e-15,0.0006485821128330702,5.0787723958697e-10,599057489095.5636
106,68761.0,14.509516,1.4304449205737518e+16,0.010870809442447057,8.85005028275288e-09,10717169442091.363,937477098.01,2.8957850057274284,1.0143358748954996e-15,0.0006209235840525995,4.938057808805627e-10,612147908222.776
107,69004.0,25.978643,4.330527057517888e+16,0.10047488323140769,7.315190731241618e-08,167487270383815.38,4150923711.75,2.8957850057274284,5.998956398367381e-16,0.0007613339155699717,6.08727756443877e-10,1269110600265.6882
108,90687.0,3.1006446,4993893894053940.0,0.00024763217976752754,2.232731106644843e-10,398836045418.5312,64558047.46,2.8957850057274284,6.208871605565813e-16,9.366194451675579e-05,8.966766154380914e-11,150851797986.60114
109,861.0,38.197056,8.703561199391038e+16,0.06460107349545924,5.2091680609650036e-08,147199668140415.78,5786827819.41,2.8957850057274284,4.3886697783744582e-16,0.001051807965536368,8.528093320606338e-10,2396644128294.2744
110,6928.0,20.743368,2.632222624824363e+16,0.021118444382874413,1.6585246255315545e-08,26798178148166.207,2242087422.2,2.8957850057274284,7.880552277140356e-16,0.000714467471013679,5.800037332562266e-10,906621066503.4004
111,73594.0,28.316174,3.68715472554871e+16,0.03926454241728935,3.166679800724716e-08,51127826492525.51,4079218164.63,2.8957850057274284,7.679681518053485e-16,0.0008649661195678306,6.925449108187716e-10,1126304674919.7322
112,34333.0,32.907524,9875404384683550.0,0.027441870146919563,2.0408631962258743e-08,8235185508724.571,2815385494.89,2.8957850057274284,3.3322710360133268e-15,0.0008395005104859317,6.373063377844162e-10,251930440655.36038
113,20924.0,65.80697,2.1195944082634612e+16,0.308620358541839,2.380514967764407e-07,99404361915089.9,12933583865.87,2.8957850057274284,3.1046963392356873e-15,0.0011756432160629508,9.015834836299215e-10,378666087631.736
114,113954.0,21.797853,3.0574559688644276e+16,0.01029549672561343,7.70604093817529e-09,14440884575261.129,1484089238.74,2.8957850057274284,7.129408639724731e-16,0.0006355811658130961,4.990849940393672e-10,891492124987.2922
115,170190.0,0.9427116,4853876337464534.0,0.00030838943970510106,1.714157911888681e-10,1587849565135.865,19495399.37,2.8957850057274284,1.9421829780122374e-16,0.00011728809508327374,6.782701545343088e-11,603898275348.4658
116,92876.0,20.415842,3.949198269418412e+16,0.022330896007923557,1.851818401691891e-08,43196423575894.76,3086667572.8,2.8957850057274284,5.169616870871006e-16,0.0006577924609092555,5.465897146150214e-10,1272420137391.0073
117,73426.0,15.706011,3.604177183294318e+16,0.03171006400869326,2.40378286177204e-08,72767483214505.97,3969394374.62,2.8957850057274284,4.357724440629267e-16,0.0005656046865761945,4.5221664459306225e-10,1297935870618.1055
118,86279.0,23.365644,2.319439150487885e+16,0.018489434022500258,1.3986069984391975e-08,18353920457809.676,1604452408.12,2.8957850057274284,1.007383357958976e-15,0.0007440519474819568,5.791569084250302e-10,738598609559.5765
119,29781.0,17.242804,5064111184957383.0,0.03846552020436366,2.958471071563465e-08,11297099422003.65,5403201666.79,2.8957850057274284,3.4049023353236477e-15,0.0009445340236134004,7.420424930292258e-10,277404145726.7288
120,10052.0,7.1778345,1042537496107307.4,0.015924823952029488,1.2212378327720705e-08,2312985356363.1895,2781764755.33,2.8957850057274284,6.884965314725901e-15,0.0007136499310670029,5.499012563154857e-10,103653380728.09364
121,36875.0,110.214424,1.0485313073734283e+17,0.28884941922890206,2.586175350356855e-07,274798568269191.5,14549358170.16,2.8957850057274284,1.051131456208849e-15,0.0014590605174364887,1.1919190156521966e-09,1388085675505.261
122,9764.0,22.643545,1.291873573228331e+16,0.036241504517631876,2.7146301025328165e-08,20676727932999.797,3412631839.25,2.8957850057274284,1.752767876767914e-15,0.0008529811114833177,6.359088036716712e-10,486648074048.5763
123,143347.0,0.75414246,4029444800595307.5,0.00010050118567471853,8.107637964330728e-11,536986049122.14886,1239586.5,2.8957850057274284,1.8715790817846256e-16,2.701340931257956e-05,2.1792274530724206e-11,144334853789.99423
124,42856.0,13.626131,1.6229953751201402e+16,0.014015547076755624,1.0780404011922044e-08,16693783499771.855,2034017006.7,2.8957850057274284,8.395668409709019e-16,0.0005740031864719059,4.559798010085752e-10,683689681941.357
125,73468.0,27.710356,2.4065415466799556e+16,0.04450792541257394,3.553833914396333e-08,38653480908686.914,5556704256.84,2.8957850057274284,1.1514596969343402e-15,0.0009183651060364511,7.142502588425349e-10,797566001208.3073
126,6580.0,23.697586,3.1256478996327316e+16,0.08029772656637689,6.155919189218521e-08,105910543119235.56,5697992816.45,2.8957850057274284,7.581655631392296e-16,0.0009214328737854558,7.058064643584849e-10,1215345194485.2363
127,143823.0,3.5307229,5712911141993947.0,0.0004405300298139823,3.129838452574648e-10,712802728219.5453,90192549.0,2.8957850057274284,6.180251735488556e-16,0.00016003589681372422,1.0254552501059283e-10,258947213905.152
128,21708.0,0.18529563,152375303598822.7,0.31737322135074175,3.1405888002237714e-07,260987487710614.84,16195738951.67,2.8957850057274284,1.2160476509228209e-15,0.0008052425148355753,6.123103155501343e-10,662180066894.9952
129,71705.0,6.8347573,1.6541431251461436e+16,0.012369826793250011,1.0279225078179873e-08,29937367270236.61,4343948947.1,2.8957850057274284,4.1319020078121406e-16,0.0004293736142836306,2.975313277609759e-10,1039166982837.0052
130,51467.0,23.153465,2.0547233843254044e+16,0.03128227003770249,2.417515372426611e-08,27761033504596.07,3714492179.67,2.8957850057274284,1.1268409741490153e-15,0.0007494983086590235,5.753236756624862e-10,665132282064.0604
131,107297.0,3.5185773,6075359943134028.0,0.00023578599694619608,1.7851279577453284e-10,407120457748.3183,56477721.89,2.8957850057274284,5.791553641157451e-16,0.00011541615867588582,8.973339260696411e-11,199283587491.4209
132,5877.0,44.311474,1.6059358203293368e+16,0.434836581727167,3.5578379999879334e-07,157593413070669.38,7901843405.72,2.8957850057274284,2.7592306889893543e-15,0.0013293988238434692,1.0615801294970088e-09,481800535616.1064
133,63950.0,18.311108,1.1964823658782926e+16,0.1077203047921222,1.0336264725129133e-07,70386480780305.12,3084061611.62,2.8957850057274284,1.5304118574751e-15,0.0007896745085407865,6.42845510263324e-10,515988231980.6416
134,11278.0,0.29752982,262747214276746.53,0.04330371276860268,3.1815923897658555e-08,38241309384688.68,8720341256.54,2.8957850057274284,1.13238049285888e-15,0.0008981057324252474,6.910118156578505e-10,793113037613.2075
135,61594.0,0.13584347,206995707065340.6,0.012419022996402651,8.847542427465208e-09,18923872058046.6,2630563525.95,2.8957850057274284,6.562622574443992e-16,0.0005592574043399659,3.9479126079343476e-10,852185841858.1204
136,57210.0,13.755636,1.6008947175166938e+16,0.015397545408120489,1.220880692022416e-08,17919817816190.77,2674485669.86,2.8957850057274284,8.592467605451113e-16,0.0005475322397805625,4.309786391814177e-10,637223513572.7538
137,11055.0,63.416924,2.459238579863346e+16,0.08880800941856724,7.027533727538386e-08,34438769525151.984,10146076850.12,2.8957850057274284,2.5787219068238565e-15,0.0012766595161631236,1.0187516811836509e-09,495074522299.1305
138,60138.0,17.101557,1.6602161347773538e+16,0.16696535462281265,1.484525956390421e-07,162089671539039.5,4621787215.08,2.8957850057274284,1.0300801589483068e-15,0.0005703271084781003,4.1707908632609246e-10,553672550163.8572
139,31184.0,1.8752611,619651562500069.2,0.022537331504309057,1.682418099474395e-08,7447119060501.572,2509389819.61,2.8957850057274284,3.0263154545015617e-15,0.0007603140119975904,5.846609490593576e-10,251234223076.9909
140,202421.0,0.6858625,4490535455048800.0,1.3730654728769002e-05,1.2519215330419498e-11,89898473645.33076,1096766.4,2.8957850057274284,1.527351263263874e-16,3.995936666374323e-06,3.643379908770294e-12,26162525690.620796
141,6578.0,81.49095,5.23058150161016e+16,0.0925658026770018,7.210724146039203e-08,59414324555551.484,8086729004.79,2.8957850057274284,1.5579711352344701e-15,0.0014723447444850025,1.1759810766388826e-09,945039809266.6967
142,22252.0,0.6897471,303105870800419.7,0.00268747934473828,1.896990399230985e-09,1180999190928.15,534933782.19,2.8957850057274284,2.275597955851421e-15,0.0003190176437258199,2.380879769479398e-10,140190688300.4114
143,43335.0,19.658989,1.7503356419892664e+16,0.047803710908259196,3.7769264705084887e-08,42561974586830.055,3965526115.53,2.8957850057274284,1.123155383938674e-15,0.0009102415409428749,7.194119821499652e-10,810432424542.0485
144,48853.0,0.71417195,4365775398464902.5,9.427979345172589e-07,6.419819489623634e-13,5763379572.999154,1468573.9,2.8957850057274284,1.6358421696432614e-16,3.362133329031579e-07,2.2893865463846114e-13,2055292002.7515743
145,17371.0,57.80336,2.0448904988104176e+16,0.08483099783924954,6.525580813688507e-08,30010383736531.656,5551725861.14,2.8957850057274284,2.826721530254367e-15,0.0011869125933698186,9.245535051119672e-10,419890173356.76935
146,92326.0,19.775942,2.0406982134514004e+16,0.0247577961797592,1.9367072700866e-08,25547804717989.414,2960313603.39,2.8957850057274284,9.690772437416537e-16,0.0007301989006291534,5.747189511710174e-10,753499171861.4922
147,39438.0,31.096596,1.6304711421711312e+16,0.09422532553169849,7.392583404428295e-08,49404659642204.914,5304140951.29,2.8957850057274284,1.907215356083632e-15,0.0009884099423787302,7.508738857611387e-10,518247684628.7452
148,14779.0,145.65317,3.4365283050525956e+16,0.7045621746652887,5.684621199852207e-07,166233790579818.84,43103824217.74,2.8957850057274284,4.238381211231455e-15,0.0019313935350750728,1.4715243352968467e-09,455691321478.35034
149,63562.0,13.65464,1.4643029080022594e+16,0.050195587338698645,3.776879062706831e-08,53828987442318.375,3677843988.79,2.8957850057274284,9.32501050525738e-16,0.0006431493246211507,4.736043682829073e-10,689703592568.1234
150,58511.0,71.633446,1.005687889857392e+17,0.12659395022195893,9.54813998080121e-08,177729831212411.0,10761113310.86,2.8957850057274284,7.12283072337261e-16,0.001344919037026033,1.0422939858582386e-09,1888180541217.7805
151,40025.0,20.678293,1.753642930253939e+16,0.029093164181648177,2.2498555366149472e-08,24672743386441.258,4580829640.73,2.8957850057274284,1.1791621112403793e-15,0.0008012869746840756,6.205255936704595e-10,679539282212.1711
152,40372.0,105.51809,4.7142645519812904e+16,0.12904608890632613,9.727595921965675e-08,57654322827765.3,7293799436.18,2.8957850057274284,2.2382725626981058e-15,0.0016519705795384149,1.2496740302097941e-09,738056037977.3684
153,16793.0,54.09697,4.326575049521175e+16,0.06925791446799986,5.286510865816627e-08,55391191913173.664,8288734986.69,2.8957850057274284,1.2503416531740724e-15,0.0010928640293962368,8.535489922942553e-10,874052325315.9897
154,56569.0,34.788254,6.0186060735539864e+16,0.06676509419141326,5.154176186518754e-08,115508183136136.62,7518955662.03,2.8957850057274284,5.780118116196554e-16,0.001001523381973494,7.563734427383905e-10,1732704006804.1357
155,4970.0,0.41555268,99381995919501.53,0.003919906795528594,2.4144695798202227e-09,937469976509.4744,564724284.02,2.8957850057274284,4.181367823771558e-15,0.00045984796823924485,3.088781758826236e-10,109975488313.88527
156,59326.0,18.995676,8404847523682112.0,0.024572726131683893,1.9240076446337606e-08,10872475208463.342,3062878324.01,2.8957850057274284,2.2600857358180973e-15,0.0007840405402652347,6.198496421828676e-10,346907432687.03064
157,34507.0,73.63233,4.2401424136080776e+16,0.11905307991584024,9.135676097528207e-08,68557115280994.94,17184517106.87,2.8957850057274284,1.736553229054017e-15,0.001410987454538526,1.1088317743549395e-09,812521857050.7959
158,27735.0,131.86967,4.573280311562492e+16,0.17777392361891284,1.3623000208300465e-07,61652538054852.81,11655568225.64,2.8957850057274284,2.883481024913294e-15,0.0019549365271633074,1.5169255368239088e-09,677977940646.2688
159,41726.0,41.276398,1.6360399233202854e+16,3.268099138234092,3.105699270814529e-06,1295350593217846.8,9769561444.03,2.8957850057274284,2.5229456452524096e-15,0.0009746399931392007,7.419559120173753e-10,386310341236.7381
160,104228.0,6.7032485,8196541336369347.0,0.00380559340564415,2.8836942533557718e-09,4653371221248.455,421112469.07,2.8957850057274284,8.178142737176996e-16,0.0003366727173931971,2.504878901932794e-10,411673809339.0294
161,81046.0,21.39,4.13666820746381e+16,0.05974922940773154,4.565980131563616e-08,115550602015626.34,5242259201.3,2.8957850057274284,5.1708280498314865e-16,0.0006363094116046679,4.877395002924597e-10,1230575461942.512
162,26349.0,8.15375,8580115061545453.0,0.002488894736364211,1.7727430348847301e-09,2619040713055.927,309362285.7,2.8957850057274284,9.50307768778493e-16,0.00027433408692503444,1.9127978087395092e-10,288679200505.388
163,111972.0,3.7511098,6121027514190308.0,0.001217140626809218,8.15249171744899e-10,1986119218727.7646,149725716.27,2.8957850057274284,6.128235482202694e-16,0.00019817724378630208,1.4806671156649915e-10,323383858798.8961
164,46156.0,4.610657,3346977971902788.0,0.004331915712158579,3.3081447375995613e-09,3144633501198.2764,725223777.32,2.8957850057274284,1.3775582148151393e-15,0.00035487314510381835,2.716455288201393e-10,257610271048.64703
165,84841.0,45.82433,1.3153783503872638e+17,0.07441968083671974,5.978906389733644e-08,213620225359216.53,4304041649.68,2.8957850057274284,3.4837375867185854e-16,0.0009512081108140636,7.701595344857478e-10,2730424112425.8413
166,172535.0,1.7938187,5966531687940858.0,9.464567078425297e-05,6.008689658718138e-11,314806838539.85,31205513.31,2.8957850057274284,3.00646806858588e-16,6.644102536966542e-05,4.0164929088813486e-11,220993617274.36063
167,44391.0,10.415282,1.6257097854668562e+16,0.06883475856401473,7.3490649315217e-08,107443409192153.64,7052519782.13,2.8957850057274284,6.406605959506503e-16,0.00042658697682755267,3.097133903903277e-10,665854868433.9756
168,39139.0,276.08585,1.778131105599246e+17,0.2737679027795749,2.397484702488738e-07,176320236494203.7,12256550225.4,2.8957850057274284,1.5526743170434366e-15,0.00222252028713153,1.7862258251298955e-09,1431414342811.825
169,42103.0,18.27276,1.6057240238433002e+16,0.08593443728564235,6.136867441027897e-08,75515133140812.52,3652694486.15,2.8957850057274284,1.1379763725689396e-15,0.0008077393325625863,6.236583197362531e-10,709803254297.0507
170,113666.0,1.4877112,4087038130528391.5,3.244343710330528e-05,1.7376177141431234e-11,89128565091.53677,4862909.2,2.8957850057274284,3.64007174018624e-16,1.5032244513963387e-05,7.903994018228117e-12,41296561130.94705
171,11931.0,29.378386,1.2252971665157768e+16,0.06517522286693993,4.772652492151077e-08,27182914645445.727,7501237849.58,2.8957850057274284,2.3976539571653146e-15,0.0010216136272656912,7.796297397132129e-10,426088854153.71576
172,107990.0,3.061384,6993634821230212.0,0.00061721378119002,4.845482919909185e-10,1410005341464.4126,81017724.67,2.8957850057274284,4.377386120743274e-16,0.000174417982918914,1.4516817343412778e-10,398452359713.92456
173,45377.0,36.20499,3.590642144670338e+16,4.206590190624591,4.502609800105185e-06,4171900067867299.0,11518947489.56,2.8957850057274284,1.0083151854533817e-15,0.0009802010335132015,7.874298141893485e-10,972117694600.0879
174,32122.0,21.119188,2.1016529915505496e+16,0.08970058189628277,7.371828848661688e-08,89264557087207.97,5115937668.61,2.8957850057274284,1.0048846353278695e-15,0.0006092738994786318,4.918458543303894e-10,606312285071.2515
175,132002.0,10.378363,1.434286014746411e+16,0.008448947995532401,6.318184701164774e-09,11676415586265.238,1015294788.4,2.8957850057274284,7.235908942356205e-16,0.0004667344606768827,3.408497795455252e-10,645025337376.4838
176,112550.0,6.667208,9044450935037512.0,0.0018387006198853498,1.3703092720078873e-09,2494303093705.207,281045341.74,2.8957850057274284,7.371600606701006e-16,0.0002816095465669935,2.1256702594669338e-10,382019539027.931
177,20722.0,26.397131,2.005981957394017e+16,0.060123443599513555,4.507720826752977e-08,45689261866003.914,7362666219.91,2.8957850057274284,1.315920659340958e-15,0.0010494169451504664,7.933468400958233e-10,797477368944.141
178,12159.0,46.93513,1.4900278967057494e+16,0.04624912208405262,3.396903264913128e-08,14682495202077.494,4925623901.63,2.8957850057274284,3.1499497495159146e-15,0.0010948500282355182,8.125334841639328e-10,347576982268.93146
179,84524.0,21.754152,3.0276937499241856e+16,0.022578673643834108,1.7046197539843918e-08,31424488103702.9,2290100091.73,2.8957850057274284,7.18505694327398e-16,0.000682234904910234,5.391813300204168e-10,949519134359.6553
180,138454.0,8.052556,1.7323725494835918e+16,0.002381775422450622,1.8765848238336067e-09,5123990892939.017,211334822.02,2.8957850057274284,4.648281919729339e-16,0.0002845130472842555,2.2738194624483082e-10,612082167556.7007
181,32423.0,52.977764,8.127705332894962e+16,0.6472929010972394,6.096144924973509e-07,993059269959578.4,22693849727.23,2.8957850057274284,6.518169868386475e-16,0.0007762199582720274,6.003024263142656e-10,1190855675665.5605
182,34081.0,39.463615,3.823559611656383e+16,0.16414033336222147,1.2287917968262847e-07,159032655596200.44,14934029955.3,2.8957850057274284,1.0321171632761384e-15,0.0011215773318046338,8.403375233288027e-10,1086676369419.6613
183,83137.0,23.649515,2.2881522724241524e+16,0.026152946560889023,2.083672387606792e-08,25303658068203.78,3817221948.72,2.8957850057274284,1.0335638622050637e-15,0.0007789750316469043,6.079790641599323e-10,753678664794.8341
184,57038.0,9.681132,1.1541458589501682e+16,0.02061838995714903,1.4832888893924276e-08,24580420334381.652,2169556971.28,2.8957850057274284,8.388135628547098e-16,0.0006200205790411194,4.5619207429812085e-10,739163750441.7804
185,3599.0,142.76236,2.274668185679415e+16,0.34195274020202693,2.540346761117822e-07,54484180504122.305,106090124669.96,2.8957850057274284,6.2761839682282565e-15,0.0026392124864672633,2.01495074382902e-09,420512288968.5312
186,9260.0,721.17456,1.3547953115766274e+17,2.501583332338791,1.8579532722127492e-06,469946328967958.8,60648008833.27,2.8957850057274284,5.3231255957089305e-15,0.003510270710125864,2.742784102503556e-09,659437889828.4042
187,854.0,76.07021,1.5397261405264744e+16,0.5825430766211079,5.376565728097544e-07,117911703287822.75,19021150825.75,2.8957850057274284,4.940502599636941e-15,0.0013977477382009762,1.0853189008011343e-09,282916102160.07
188,100598.0,26.643953,2.761340628070791e+16,0.020594020300383164,1.5893134940903387e-08,21343343816423.438,1768467147.27,2.8957850057274284,9.648919343433114e-16,0.000839016360473002,6.500917914857485e-10,869544381717.7535
189,100882.0,19.499546,2.7376534624779588e+16,0.015009947667831043,1.1586937576439563e-08,21073329196715.977,2045577125.69,2.8957850057274284,7.122722531269602e-16,0.0006311262160023744,5.026127464389593e-10,886074409373.1785
190,107611.0,5.945241,6834282788260759.0,0.0015976003672857403,1.2606146895250602e-09,1836502959705.082,329874713.54,2.8957850057274284,8.699143983641026e-16,0.0002587415126017263,1.999573339149278e-10,297433302734.4951
191,109444.0,2.640689,4868035141457086.0,0.0006737377439764416,5.07593227116422e-10,1242016388072.7092,47403702.08,2.8957850057274284,5.424547940320737e-16,0.00016095202327797578,1.0314746421719364e-10,296710481774.19037
192,59040.0,21.209618,1.5186105760755072e+16,0.038719991660808674,2.9436008088617506e-08,27723549213219.914,5250941241.07,2.8957850057274284,1.396646272200427e-15,0.0007723632534881275,5.901441671840787e-10,553012791328.5182
193,43256.0,104.05238,1.1170171236542227e+17,0.22276363328483498,1.9421936157627012e-07,239139934047246.62,10046010436.01,2.8957850057274284,9.31520008033555e-16,0.0012247543718042393,9.956193115146692e-10,1314791267221.0918
194,62336.0,51.14944,5.50205863772869e+16,0.06692894942527808,5.242111788776545e-08,71994337435455.38,5777470614.73,2.8957850057274284,9.296418553095438e-16,0.0011704307929148283,9.274428192154525e-10,1259012582350.9836
195,104762.0,14.355171,2.579392599060009e+16,0.017286697072245703,1.3338274811938182e-08,31061405322404.65,1836536208.8,2.8957850057274284,5.56532999483342e-16,0.0005802274342816334,4.3685227565044236e-10,1042575076087.6501
196,3602.0,12.632175,3.326872108338773e+16,0.09434168671489547,7.770854254498792e-08,248462933885431.7,2535841260.27,2.8957850057274284,3.797012505631814e-16,0.000471314543762296,3.780216645377241e-10,1241277301729.272
197,88304.0,3.6663556,3331617217664026.5,0.001360497349802555,9.076195094915853e-10,1236283898699.9705,208897502.96,2.8957850057274284,1.100473241812178e-15,0.00019331171984800655,1.346555133144003e-10,175662353706.73355
198,84396.0,34.06993,3.5233439310750584e+16,0.04766649138710753,3.637219145609792e-08,49294331730181.68,3897512875.3,2.8957850057274284,9.669771292978609e-16,0.00102943779490858,8.04856775626637e-10,1064593736209.7415
199,54282.0,34.966255,1.6088489594096988e+16,0.06905146714614628,5.506746927543718e-08,31771598377861.875,5170733975.01,2.8957850057274284,2.173370893239688e-15,0.0010336447917872037,7.934464001147953e-10,475595212488.7546
200,89935.0,13.391033,1.2988309658704362e+16,0.015811708579166233,1.1865712362817637e-08,15336185584741.926,2228145790.88,2.8957850057274284,1.031006601465322e-15,0.0005741714780473206,4.4104243210575806e-10,556903784351.407
201,10767.0,14.448672,2.935400942743242e+16,0.06067547595880347,5.070629943863072e-08,123268663951169.08,4937658896.74,2.8957850057274284,4.922214130822339e-16,0.0006971165532506633,5.216733082352991e-10,1416266206066.4927
202,26737.0,9.479288,6352960799587049.0,0.1391658076881211,1.09394457168463e-07,93268072547801.39,3767484769.85,2.8957850057274284,1.492105539296916e-15,0.0005829798318538582,4.131658226928537e-10,390709515178.50397
203,34707.0,34.565483,2.52886788043773e+16,0.19754392564388698,1.5201680722691927e-07,144526401825892.3,5126241293.8,2.8957850057274284,1.3668362537791792e-15,0.0010633245400922288,8.50079354875196e-10,777945812566.9641
204,32925.0,25.631186,1.5021638075761274e+16,0.06348763198644221,4.756148746223576e-08,37208119436512.21,6190723477.78,2.8957850057274284,1.706284352660457e-15,0.0009035122451226379,6.735969516983052e-10,529520325093.45337
205,28352.0,23.2705,2.6303007461107584e+16,0.2406153847372753,1.9591977951737888e-07,271971305300781.03,8440746217.67,2.8957850057274284,8.847087176022916e-16,0.0010011802719322358,7.40855593775842e-10,1131649606263.1797
206,36970.0,60.700245,3.2538919269455988e+16,0.17894109102614056,1.385627825437983e-07,95923001874011.6,11147500047.34,2.8957850057274284,1.8654659208973426e-15,0.001219627894344667,9.50341169767469e-10,653792642729.1638
207,36697.0,6.5598035,6209606378684390.0,0.0018132348817620526,1.4636016931604159e-09,1716434781597.1436,336156208.58,2.8957850057274284,1.0563960257638433e-15,0.0003169599183346123,2.5645166535782717e-10,300038915903.1809
208,33043.0,16.566925,1.406761627576486e+16,0.018869948395806576,1.4545194452713277e-08,16023202445577.05,3185820416.34,2.8957850057274284,1.1776639819598188e-15,0.0006133830398646686,4.953281115000767e-10,520847244426.9735
209,115944.0,13.814696,2.193205557356694e+16,0.011506941415189686,8.517266300848126e-09,18268290420557.875,1102213667.34,2.8957850057274284,6.298860566744969e-16,0.0006207927624288795,4.784663434433064e-10,985563588605.8096
210,8235.0,0.42460844,72653652781733.34,0.006007163930542715,4.147594701842097e-09,1027870294835.8798,587305880.94,2.8957850057274284,5.844282066252221e-15,0.0004880551958571211,3.318427366895504e-10,83509863200.37383
211,11503.0,95.23482,1.4681649269953074e+16,0.28316034824792485,2.150349629341432e-07,43652740879163.78,8079498841.23,2.8957850057274284,6.486656795085283e-15,0.0014100583202686645,1.1365911365652645e-09,217378283576.99103
212,108411.0,14.553863,2.1962699886093736e+16,0.015275995090853945,1.1388685653631151e-08,23052442890376.695,1970777577.42,2.8957850057274284,6.626627452672684e-16,0.0006108216806186933,4.823576170602999e-10,921768554187.1434
213,37327.0,18.178354,1.2098202805108538e+16,0.030992779753454658,2.3640181649500857e-08,20626561401068.34,3226116568.09,2.8957850057274284,1.502566479735658e-15,0.0006093610542269286,4.659892016383259e-10,405546817691.6416
214,130614.0,0.6011513,3584267030550061.0,3.950706572505212e-05,2.7953310622965176e-11,235554465493.26044,4872519.4,2.8957850057274284,1.6771945139024536e-16,3.378383676217657e-05,2.019320086839325e-11,201430641956.7829
215,92575.0,24.69237,3.1306195116325776e+16,0.015011866682114199,1.1082160136046808e-08,19032779251669.125,1543357867.39,2.8957850057274284,7.887374977460372e-16,0.0007560133023815115,6.046595213834115e-10,958510663613.6343
216,24292.0,33.878445,2.4797869377350864e+16,0.05803222995991161,4.392015985590371e-08,42477618386035.0,6506258494.91,2.8957850057274284,1.3661837024975573e-15,0.0009932525040531831,7.814730728380009e-10,727027047854.1
217,119153.0,1.6318921,4463503530439584.0,0.0002181454790860369,1.545424482143598e-10,596665132486.3698,26665199.6,2.8957850057274284,3.656078882588639e-16,8.835426018054872e-05,6.17358077850261e-11,241663987616.1278
218,37423.0,53.66178,3.0329833507699916e+16,0.20957954042822408,1.7281378755567807e-07,118455119599243.64,10375478178.54,2.8957850057274284,1.7692738071370137e-15,0.001194350717965676,9.048664802760747e-10,675051375964.4352
219,55255.0,17.465992,1.9883179823364e+16,0.1506111515150003,1.3594817960517786e-07,171454825410241.38,6237842186.35,2.8957850057274284,8.784305204279422e-16,0.0007768201818412056,6.143560118535163e-10,884327404132.9581
220,39676.0,17.929075,8981593584306907.0,0.17208637937467183,1.2279143710509162e-07,86206896950241.83,3961055428.6,2.8957850057274284,1.9962019915181403e-15,0.0008655989458033108,6.401715165788267e-10,433622924674.5768
221,49803.0,22.069904,2.6205191554792636e+16,0.046010594877805726,3.510992163271811e-08,54631703532686.86,5267015170.46,2.8957850057274284,8.421958661837625e-16,0.000818550973361266,6.401969111003752e-10,971924710424.3832
222,6929.0,24.123041,2.6618046958248784e+16,0.14421379489773584,1.1096293840693963e-07,159129587543095.88,8820972761.81,2.8957850057274284,9.06266377763843e-16,0.000817371132185497,6.037971035725511e-10,901910467209.7739
223,71235.0,21.602545,2.243863888240116e+16,0.0344179186965821,2.6830959134873252e-08,35750012265520.055,2936424765.81,2.8957850057274284,9.627386542123589e-16,0.0007027184753769906,5.463884264978834e-10,729916132797.122
224,89449.0,18.080097,2.432277203469544e+16,0.01787305360792256,1.3921022954423817e-08,24044240939049.79,2170367129.64,2.8957850057274284,7.433403139333576e-16,0.0005901536363730978,4.647636141977746e-10,793921203130.1273
225,111209.0,1.3029861,4277528595668914.5,5.176581502321227e-07,4.176784399577354e-13,1699402273.2851713,9253179.5,2.8957850057274284,3.046118970003614e-16,7.18361808466837e-08,5.915190083584186e-14,235828546.27177766
226,20724.0,35.93372,6.308484297785668e+16,2.63019936702901,2.5548098859312126e-06,4617549033873563.0,5780283387.28,2.8957850057274284,5.69609407011016e-16,0.0008695035764302209,6.884959526027468e-10,1526490900129.0513
227,103393.0,17.97952,3.040681093517283e+16,0.020177406172274853,1.620215193460527e-08,34123857291104.03,2221050636.5,2.8957850057274284,5.912991019785747e-16,0.0006440750534722718,5.263158342836228e-10,1089254239211.7643
228,111923.0,1.4481194,4265898508544387.0,2.832285903865678e-06,2.008559404346027e-12,8343403322.317129,6684900.78,2.8957850057274284,3.394641004935976e-16,1.988797538560724e-06,1.5229468456178965e-12,5858638765.244731
229,60920.0,15.646238,1.6231402755712542e+16,0.01396899547404397,1.060918939529284e-08,14491431846552.08,1441662994.29,2.8957850057274284,9.63948602316174e-16,0.0006125508828827916,4.83130420575199e-10,635460107946.5808
230,41974.0,32.467945,2.1295978643371096e+16,0.10714309247263969,8.178712175244627e-08,70275990952986.69,11094233229.39,2.8957850057274284,1.5246045060298957e-15,0.0011950767614960062,9.170012504936068e-10,783860179324.8092
231,53944.0,26.070871,1.8168938695772132e+16,0.05130656484898315,3.93861997314707e-08,35755837671546.62,2707926001.75,2.8957850057274284,1.4349143577696493e-15,0.0009413171310998683,7.414344590847972e-10,656009277489.5632
232,21091.0,191.20566,3.927869311848885e+16,0.134593521450798,1.0050377882013612e-07,27649064493188.336,6496990475.22,2.8957850057274284,4.867923161883349e-15,0.0016596567561291947,1.2957513401128977e-09,340937336300.74194
233,81017.0,37.30636,4.356022576370936e+16,0.04846715609147335,3.816824090375093e-08,56591966127746.59,5324600471.0,2.8957850057274284,8.564317412486979e-16,0.0010082836275824632,8.14726102626684e-10,1177307634712.793
234,48228.0,39.69726,6.596489487778599e+16,0.13466402424367466,1.0924654260003717e-07,223771066392330.94,8888967882.12,2.8957850057274284,6.017937279146374e-16,0.0011220127243395904,8.505438112922095e-10,1864447355122.2263
235,36791.0,96.256226,4.205750415471489e+16,1.1910504925244114,1.1399005673091523e-06,520409049050194.9,14921871510.55,2.8957850057274284,2.288681364588515e-15,0.0018241175108473838,1.42927561743945e-09,797016805865.1294
236,95006.0,18.561995,3.139982474347372e+16,0.02257158141287335,1.7614975156351206e-08,38182517587536.91,2454569051.59,2.8957850057274284,5.91149637032863e-16,0.0006661506284302274,5.17188599673183e-10,1126873107414.5867
237,46781.0,33.307247,2.432803413994258e+16,0.10910582012488311,8.351163206607252e-08,79692269879422.67,8217627419.89,2.8957850057274284,1.3690891260841764e-15,0.0008325169237298121,6.675432318021013e-10,608080882295.0406
238,71887.0,23.179003,3.029740020082235e+16,0.06889654460120284,5.4256898636159974e-08,90055046122408.67,6099572866.13,2.8957850057274284,7.650492400787201e-16,0.0007919167031211394,6.098996330786978e-10,1035118606273.8325
239,81071.0,39.59983,7.976629873885758e+16,0.08215736926394408,6.574739061036837e-08,165490338223835.8,7416737727.33,2.8957850057274284,4.964481319315525e-16,0.0011527695399515866,9.470817553985204e-10,2322034198147.6606
240,64827.0,26.643,3.1884658416310776e+16,0.08200592550740145,6.679983061500939e-08,98139508423110.08,5407224285.87,2.8957850057274284,8.356056273875785e-16,0.0008207847046992555,6.496087912106734e-10,982263256490.1952
241,85543.0,14.024597,1.4632756843470644e+16,0.02179588846673674,1.9765893499903902e-08,22741041052456.973,2989043480.71,2.8957850057274284,9.584384644687092e-16,0.0005162018141610304,4.113496250121009e-10,538586287276.3316
242,219804.0,0.8880778,5349575843726455.0,3.91593800864858e-05,2.687511780489606e-11,235887074044.60196,6795195.0,2.8957850057274284,1.6600901191848043e-16,3.840369365561035e-05,2.6277857832101735e-11,231334993274.15237
243,65322.0,9.022589,7019854022271580.0,0.046786375555780885,3.719819062610326e-08,36401250974942.69,2034325771.25,2.8957850057274284,1.2852958154648846e-15,0.0004670862380845099,3.368469783280012e-10,363407577045.26355
244,47034.0,43.560425,4.212626255066776e+16,0.061524141614929244,4.59829997190631e-08,59498550413017.625,4268952998.16,2.8957850057274284,1.0340443790285761e-15,0.001080128446604879,8.10814498781924e-10,1044566817934.4451
245,53615.0,24.477535,1.773255340162981e+16,0.05887637964631604,4.443790354253706e-08,42652519797149.9,3628503181.13,2.8957850057274284,1.3803728343911405e-15,0.0008101181556910054,6.151584579808004e-10,586883583556.1304
246,64913.0,54.00838,8.760411351935726e+16,0.17005709425074791,1.290698469399098e-07,275840545291574.34,8769988155.74,2.8957850057274284,6.165050684299904e-16,0.0008641304207022017,6.782009379374273e-10,1401659880757.8682
247,11056.0,33.350193,5.8047246958552984e+16,0.11825280238678199,1.0302481971300783e-07,205823385300543.78,4178727562.34,2.8957850057274284,5.745353095524543e-16,0.0007572968039649682,6.082716214019033e-10,1318103154625.744
248,67566.0,35.421207,5.220369265348584e+16,0.04558375768091959,3.539582954213807e-08,67181236256734.57,3709683151.4,2.8957850057274284,6.785191851296135e-16,0.0008633089620374249,6.816753683680285e-10,1272342744254.9207
249,2350.0,0.6197862,112493375562604.3,0.0048971579052040125,3.477932055385991e-09,888851386848.3867,1183198952.09,2.8957850057274284,5.509535089513599e-15,0.00038817521341485246,2.7867260238022843e-10,70455166744.2274
250,70382.0,16.166666,2.46578989428985e+16,0.13220503709274323,1.0711153399640587e-07,201643211060029.97,4290690206.29,2.8957850057274284,6.556384239159199e-16,0.0006420576340623205,5.037628379109138e-10,979286159324.6997
251,45788.0,10.989108,5228945888415942.0,0.047298095140720905,3.7019167721096055e-08,22505846708939.31,2670229981.88,2.8957850057274284,2.101591455429852e-15,0.0006846909715833692,7.61273780218248e-10,325796419572.5781
252,65370.0,36.33692,3.4123080404048892e+16,0.06882979356847568,5.152395115831918e-08,64636314253689.72,7825661545.42,2.8957850057274284,1.064878069908613e-15,0.0011131079375961022,8.512014663951069e-10,1045291446082.2996
253,31282.0,54.197712,6.4517473512896104e+16,0.191629458865337,1.6922768236621284e-07,228117536338710.97,13331990158.62,2.8957850057274284,8.400470298820159e-16,0.001071886461130173,8.168606975808627e-10,1275983871141.975
254,94663.0,10.493474,1.534927565695398e+16,0.032300117406641723,2.5160142101758032e-08,47246832252743.11,2745922102.69,2.8957850057274284,6.836462015877563e-16,0.0006561703240498947,5.032319792427765e-10,959809800048.5496
255,20393.0,72.71883,4.149311341391299e+16,0.12102511998678007,9.484136161875572e-08,69056515754501.195,10956306108.59,2.8957850057274284,1.7525517855118762e-15,0.0013315149577236057,1.0618592467125608e-09,759757839243.9364
256,62687.0,38.511177,6.171937653120535e+16,0.07767461926511642,5.799013822086434e-08,124484096482996.02,7677978158.89,2.8957850057274284,6.239722298641291e-16,0.0010444476708244678,7.809473647506355e-10,1673868837162.6697
257,17372.0,80.83384,6.070302023960735e+16,2.6833323738969304,2.602984427641753e-06,2015076599135449.0,6811503159.71,2.8957850057274284,1.3316279763499764e-15,0.0013215943741959938,1.101164250215136e-09,992465161192.0283
258,49403.0,188.51178,9.317248254124982e+16,0.40688676480859315,3.3579579356451476e-07,201104938855249.66,10956179924.47,2.8957850057274284,2.023255953457514e-15,0.0024208084599118863,1.895679118977702e-09,1196491455159.1956
259,16459.0,78.1691,3.069898284479133e+16,0.17521023367637142,1.2962625941644384e-07,68809490679345.24,12245012330.11,2.8957850057274284,2.5463091202470538e-15,0.0016335252198106818,1.226114592167375e-09,641526673576.9263
260,81470.0,18.9124,3.336608710311993e+16,0.02660893733449429,2.1115518356935072e-08,46944656459476.12,2643646887.1,2.8957850057274284,5.6681504011993e-16,0.0006876981892231988,5.6548705254555e-10,1213267363331.946
261,49050.0,51.872433,2.6074361466793388e+16,0.047186282708576686,3.602649431093308e-08,23718806318911.84,4341531337.08,2.8957850057274284,1.9894037699086653e-15,0.0010811886992961955,8.574682149348408e-10,543473736025.8614
262,30863.0,27.417824,1.5186370611133338e+16,9.437128146785412,8.862023732737083e-06,5227100645982745.0,9243260119.52,2.8957850057274284,1.805423079817347e-15,0.0007435229274691003,6.302895192534176e-10,411827529946.2339
263,128017.0,4.515828,7623440345710719.0,0.0011716720607596062,8.008181609829783e-10,1977969944811.185,251126917.72,2.8957850057274284,5.923609020618627e-16,0.00022830926038276857,1.686835746743004e-10,385422568552.5162
264,24041.0,8.077895,7760781847645736.0,0.0016205600279323477,1.1128505106874995e-09,1556941857723.7798,223903782.81,2.8957850057274284,1.0408609800635565e-15,0.0002946302058875235,2.310316938413947e-10,283063936040.2702
265,48105.0,43.03035,3.635053890776905e+16,0.12972305848263885,1.044852319492e-07,109585515446840.75,8117106306.19,2.8957850057274284,1.1837609920771573e-15,0.001069701036510049,8.43003571643249e-10,903646127613.1713
266,1670.0,61.90942,7.764441211972414e+16,0.17384851986260277,1.3281860764434447e-07,218034123443830.97,14451863971.32,2.8957850057274284,7.973454664649723e-16,0.0012618485251929394,9.80798330874718e-10,1582561860904.9592
267,93490.0,14.805475,1.5052117554833798e+16,0.015202840057910108,1.1688204963908461e-08,15456102267505.717,1931687570.46,2.8957850057274284,9.836140958947938e-16,0.0005599407479512143,4.4949693065283443e-10,569268730783.9323
268,60512.0,4.488295,5734718303796405.0,0.0012813387909688754,9.717773226672246e-10,1637173362698.6562,237756715.0,2.8957850057274284,7.826530898699473e-16,0.00021049509490126235,1.742153705490677e-10,268950698113.56665
269,115374.0,6.0642695,6766116247687704.0,0.0025113095842572955,2.0776586448994352e-09,2801955384901.205,606725743.02,2.8957850057274284,8.962703681114617e-16,0.00030110008835167727,2.4448284778687165e-10,335947833449.1049
270,42287.0,69.8148,9.426007961323877e+16,0.407671304409932,3.287028328457151e-07,550415235877107.5,4958836711.64,2.8957850057274284,7.406613731545646e-16,0.0009896241869438757,8.141105713699032e-10,1336135814304.6519
271,27736.0,10.114823,1.2699099522309758e+16,0.00815174201409466,6.101878458752495e-09,10234463135655.65,1226947615.09,2.8957850057274284,7.964992306919317e-16,0.0004688222044989534,3.440130758623181e-10,588603461790.7666
272,52939.0,47.418316,5.5649428819998104e+16,0.07894080808202177,6.091149307860545e-08,92643755639774.33,8385956992.87,2.8957850057274284,8.520898957180278e-16,0.0011098141223262585,8.718888445071791e-10,1302461310600.3975
273,37608.0,41.044437,2.075424194104428e+16,0.10898286483183744,8.156876500708305e-08,55107510529333.86,7294312194.86,2.8957850057274284,1.9776408657369055e-15,0.0008741722101354007,6.728699370727715e-10,442027784356.92773
274,66407.0,11.633802,1.0830037594490176e+16,0.1615414906844017,1.3688952144197357e-07,150380797024227.78,5018770213.46,2.8957850057274284,1.0742162156407233e-15,0.000667479197758814,5.119003628584566e-10,621363919144.2401
275,9518.0,1.3850995,433439841718140.2,0.04058458134225917,2.9811084500991495e-08,12700152236850.709,3970631170.5,2.8957850057274284,3.195598020037832e-15,0.0008510286047515235,7.578233412999147e-10,266312783840.51834
276,42583.0,32.780125,2.6012511332377936e+16,0.08111955548433927,6.56156119655012e-08,64372035076554.35,6713250864.74,2.8957850057274284,1.260167639377378e-15,0.0009580387259994961,7.853647320383096e-10,760247046553.9352
277,4012.0,0.2060401,59980621075846.94,0.002526540105868144,1.823022410373064e-09,735504616446.0575,178931138.43,2.8957850057274284,3.435111145972586e-15,0.0002536664131447266,1.8020857257265555e-10,73845183566.22368
278,59108.0,13.531851,1.062126982011668e+16,0.04264439650087567,3.416133979463124e-08,33471964888753.22,4323376153.92,2.8957850057274284,1.274033258657141e-15,0.0006510263685805652,5.165722316051141e-10,510996368545.9525
279,64597.0,33.832764,2.4909835976773844e+16,0.05291914462491243,4.155453901353088e-08,38962445179995.99,5662909452.73,2.8957850057274284,1.3582090235979865e-15,0.0009829672304344317,8.020025738759043e-10,723723089271.2565
280,72788.0,12.998606,3.3933149940646628e+16,0.03099964426138674,2.254805529795881e-08,80925260510884.16,3185967046.43,2.8957850057274284,3.8306511546190692e-16,0.0007280420086177811,5.370513003509803e-10,1900569848914.3152
281,73739.0,19.506453,3.7730878476861256e+16,0.04325122831336371,3.303754684112133e-08,83659845255644.73,4963708405.77,2.8957850057274284,5.169891024923387e-16,0.0008358078070828167,6.610687992070476e-10,1616683607165.9802
282,35406.0,6.7588043,6136865305950797.0,0.0008175808295933225,5.564047998464536e-10,742347788933.8698,140111312.61,2.8957850057274284,1.1013447359592724e-15,0.00018432951849263734,1.2184294795688865e-10,167367684680.5702
283,62981.0,25.517859,3.1892853331621476e+16,0.026403602915563176,2.0835557782126755e-08,32999878054519.758,3239210449.28,2.8957850057274284,8.001121359279345e-16,0.0008196597645832536,6.33975004138664e-10,1024431111312.477
284,23030.0,0.76363003,612846211236684.4,0.0022387102633417157,1.649066174701816e-09,1796662060219.987,1391543647.96,2.8957850057274284,1.2460385917358345e-15,0.00020140739703091955,1.3744451660466793e-10,161638169448.94336
285,91752.0,4.5746226,6054955147133925.0,0.003621894074509412,2.8536375960231763e-09,4793926862693.467,409909593.38,2.8957850057274284,7.555171737589779e-16,0.00034220961141676233,2.7257589565419137e-10,452947495176.2416
286,15507.0,41.84051,3.318431215632598e+16,0.05948417082683102,4.508010365149291e-08,47177754121012.87,4589441401.18,2.8957850057274284,1.2608521099637702e-15,0.0010351533847299985,8.089696548352282e-10,820995084633.473
287,54702.0,35.733692,2.74850001706244e+16,0.0721291659893341,5.852256550398759e-08,55479017939815.555,6865460312.37,2.8957850057274284,1.3001161280032185e-15,0.0011405190109572767,9.193014401273675e-10,877243952591.3282
288,67652.0,12.751028,1.3796650219722472e+16,0.010265023017610517,7.605346196489575e-09,11106785434976.096,1625551010.86,2.8957850057274284,9.24211877298466e-16,0.0005340202415017889,3.926636832887338e-10,577811489571.8136
289,84295.0,28.294724,2.087291011952716e+16,0.021383425849443173,1.5948705719972372e-08,15774471799159.486,2715698810.57,2.8957850057274284,1.3555715919808198e-15,0.0007667925494421228,5.998081657740322e-10,565659942992.4999
290,127691.0,4.4692564,1.202086964073104e+16,0.0028967429375852715,2.330697652797351e-09,7791311600610.079,522404565.11,2.8957850057274284,3.717914371899141e-16,0.0003228492813723941,2.5528877719804753e-10,868361261390.4285
291,104607.0,8.438004,6751956983772452.0,0.004705658097753076,3.6711313163928267e-09,3765392983502.8853,515713770.54,2.8957850057274284,1.2497123456621193e-15,0.00037446320923969383,2.9154721114657606e-10,299639521478.2781
292,109343.0,16.744946,2.9419321857255644e+16,0.01910668045872894,1.5539281446716237e-08,33568670931460.973,2314050334.61,2.8957850057274284,5.691819166073067e-16,0.0006870275863102956,5.50683273922362e-10,1207043945467.2515
293,77527.0,2.8632727,6823122670991846.0,0.000229562223819183,1.4125954658057186e-10,547042275695.2112,18223461.4,2.8957850057274284,4.1964256515173856e-16,0.00012363092178182086,7.638972456823033e-11,294610061153.15576
294,38539.0,21.69492,1.120371833455859e+16,0.07475982794128891,5.590269895986439e-08,38607565964486.805,5886644111.14,2.8957850057274284,1.936403553905905e-15,0.001094821226566963,8.162666441514839e-10,565388978118.0206
295,199934.0,2.0113485,1.0524127056637698e+16,0.0003244008050148444,2.336420743896004e-10,1697386250692.893,53956398.2,2.8957850057274284,1.9111784656109956e-16,0.0001386959985095721,9.269583681159639e-11,725709299289.4915
296,77794.0,19.540924,1.773997268179392e+16,0.018566603636495097,1.4100713766543565e-08,16855448662771.457,2696868222.25,2.8957850057274284,1.1015193963660581e-15,0.0006075215783838602,4.789873448643864e-10,551530531725.6238
297,109827.0,27.147263,4.824198197581887e+16,0.03611196626473042,2.993522081483144e-08,64172687524871.445,4259220201.53,2.8957850057274284,5.627310879061203e-16,0.0008426127297080749,6.766258962735436e-10,1497363035057.0696
298,49900.0,43.14292,3.0188328057887756e+16,0.04983828165764721,3.677572733047042e-08,34873263017952.06,6128156976.37,2.8957850057274284,1.4291258501388718e-15,0.0009525994959225501,7.105734883793406e-10,666560958105.9524
299,51160.0,11.762972,1.354336962640084e+16,0.02200771413319864,1.6138426912320383e-08,25338716026704.387,2629479366.45,2.8957850057274284,8.685410148645568e-16,0.0005945210560391972,4.397670956118593e-10,684505447485.2968
300,89964.0,22.805569,2.063109752466158e+16,0.022317593327339465,1.6650592817873656e-08,20189649486582.73,2884323122.52,2.8957850057274284,1.105397760479739e-15,0.0006902764500211267,5.318188672281115e-10,624459786965.3263
301,36616.0,61.982357,7.025390085970988e+16,2.824082481401131,3.0204340194185674e-06,3200956211910407.5,16871098410.53,2.8957850057274284,8.82262141198005e-16,0.0014444848294935288,1.167673860215558e-09,1637251290792.2056
302,57141.0,10.452175,9221385785141014.0,0.014079993776743596,1.166324822250392e-08,12422013070747.219,1902343881.43,2.8957850057274284,1.1334711770591177e-15,0.0005235414763678889,4.28946472500967e-10,461892183025.1206
303,857.0,54.608593,8.754485229592603e+16,0.3551309091346375,2.7807906000148156e-07,569322175832469.6,12351689236.41,2.8957850057274284,6.237784583313672e-16,0.0015278515143704562,1.1988920866844124e-09,2449349595139.148
304,58589.0,23.907742,1.6539937091886458e+16,0.1300793933331786,1.0436111184460895e-07,89991977606313.84,4262618539.28,2.8957850057274284,1.4454554371750158e-15,0.0007593167821926185,5.952566826795385e-10,525313173041.5847
305,86686.0,15.756058,2.6898761838291692e+16,0.019969030483215317,1.5727997573462504e-08,34091153707963.992,2093903725.11,2.8957850057274284,5.857540244685347e-16,0.0006409650524142259,5.084478958906e-10,1094256335662.0302
306,43102.0,39.213432,4.450440874004949e+16,4.653649452692966,4.893346650646319e-06,5281555498012910.0,7739391189.9,2.8957850057274284,8.811134247181192e-16,0.0009321613847985986,7.554612981563147e-10,1057935742037.7637
307,3601.0,21.26425,2.7994885278178188e+16,0.04638974444125327,3.468887853116919e-08,61073189683007.375,3943380604.64,2.8957850057274284,7.595762507580386e-16,0.0007192823697764673,5.476790431738448e-10,946952157941.5377
308,12393.0,15.715563,3.298112064650993e+16,0.0077401652600037115,5.507946039621494e-09,16243727588003.516,682349970.02,2.8957850057274284,4.76501789264187e-16,0.0006295992026370483,4.4748239164203343e-10,1321294519395.7698
309,44895.0,33.6383,5.1363950399102744e+16,0.052244204698691274,4.184158060021742e-08,79774207935126.0,4684871977.61,2.8957850057274284,6.549009517108251e-16,0.0009822228544177508,8.090965392550067e-10,1499803675428.8552
310,120352.0,9.919009,1.3269580856239176e+16,0.006102328064074028,4.2701374527135944e-09,8163651798030.205,952055854.13,2.8957850057274284,7.47499797277788e-16,0.0003800694831333779,2.6957622325602477e-10,508454295930.913
311,105903.0,2.2344825,4039613217309621.0,0.000711064440760432,5.030480001192388e-10,1285499131568.3677,68390350.43,2.8957850057274284,5.531426846573602e-16,0.0001277916399010782,8.833760510180027e-11,231028346655.68744
312,69967.0,35.18531,3.906205747900486e+16,0.12330139574333349,9.579380940769684e-08,136886848737942.58,5470846809.56,2.8957850057274284,9.007541402270337e-16,0.0008940656614442725,6.784419759163227e-10,992574578917.7551
313,95580.0,15.616161,1.9298674704556852e+16,0.015816748222009968,1.1856557074784055e-08,19546563257157.01,2464784416.83,2.8957850057274284,8.091830780645612e-16,0.000568316590189695,4.4670348670719814e-10,702333755605.7388
314,35548.0,27.721947,8276750412628034.0,0.12671316652876635,9.913202856353692e-08,37831875710330.58,5814952084.55,2.8957850057274284,3.349375735397792e-15,0.0010075015041565581,7.988093628451563e-10,300802771545.99414
315,66254.0,7.5918856,4712704455914593.0,0.005139573039995221,3.8335905103495605e-09,3190418038844.525,631101096.41,2.8957850057274284,1.6109403148487157e-15,0.00039458119643342315,3.221898850353969e-10,244938433035.91202
316,41796.0,30.12056,4.249711053794319e+16,0.03922627560307354,3.016148961946708e-08,55344368441212.266,4564087146.7,2.8957850057274284,7.08767246025047e-16,0.000838586057797997,6.370045722313234e-10,1183161415120.4192
317,73812.0,13.177187,9254311424373436.0,0.014732343623267245,1.140825631385675e-08,10346494733708.887,2232304108.89,2.8957850057274284,1.4238970784249529e-15,0.0005357510039970175,4.2755126418310686e-10,376256832122.754
318,57358.0,71.979256,7.552657575785099e+16,0.09351151942797109,7.295938969807402e-08,98120003578647.89,7900820069.66,2.8957850057274284,9.530321648736705e-16,0.001479023020811818,1.1839775528058156e-09,1551913015451.9712
319,94519.0,13.85931,2.1984102972963348e+16,0.01700519586182462,1.30844746674464e-08,26974212778396.805,1598631503.46,2.8957850057274284,6.304241759167777e-16,0.0006327692876298831,4.97616779515475e-10,1003719894957.542
320,48305.0,21.56681,1.215600137375926e+16,0.04246447817402889,3.326507624356153e-08,23934845024343.668,4325830341.37,2.8957850057274284,1.7741697567224309e-15,0.0008638891617060613,7.045342788476329e-10,486925875290.5328
321,19144.0,17.43358,7170589247854543.0,0.17865142483464538,1.3527678683921686e-07,73480948034379.77,3471787114.9,2.8957850057274284,2.4312618387974416e-15,0.0006578474042989857,5.032546367548983e-10,270578591660.19415
322,31082.0,21.73558,6.750129454808162e+16,0.054643806902011524,4.460261423542411e-08,169699989828712.88,3378172526.76,2.8957850057274284,3.2200241707242523e-16,0.000747555669818619,6.070034358127856e-10,2321584032241.838
323,58712.0,23.323618,4.48080514251124e+16,0.03488909745451207,2.65338641486715e-08,67027014115800.336,3286503448.44,2.8957850057274284,5.205229251930474e-16,0.0008390891422756536,6.413093502017931e-10,1612011885863.5457
324,90248.0,8.843618,8583306340413831.0,0.001871366669317775,1.3092584836176551e-09,1816283041397.1265,399531102.1,2.8957850057274284,1.0303276673652566e-15,0.0002544915800907672,1.7738134961511845e-10,247000627229.15176
325,3019.0,6.0169096,4171864727952343.5,0.14438922239091448,1.1500927928185937e-07,100113238196087.05,2731357473.89,2.8957850057274284,1.442259035794109e-15,0.0005910214569073723,4.2504862357934834e-10,409788701085.8319
326,53447.0,28.76663,1.5915388665321084e+16,0.056197773014705334,4.3598440731099725e-08,31091907521128.766,6012253326.4,2.8957850057274284,1.807472667172822e-15,0.0008925353120990925,6.794721133815262e-10,493802937277.6969
327,23766.0,47.314342,5.932915632643672e+16,0.08152391800696518,6.325820150088659e-08,102225774919977.67,6672314323.73,2.8957850057274284,7.974888727503615e-16,0.001046364645107762,8.23645529869753e-10,1312074288258.1965
328,87185.0,5.9275827,8760581630568240.0,0.001935257805954399,1.484380524805498e-09,2860185145161.771,171917353.26,2.8957850057274284,6.766197668105648e-16,0.00030769966939560517,2.4782049295788066e-10,454760094943.7717
329,156933.0,1.2734001,6000581827760235.0,6.367235085348564e-05,5.70536459339857e-11,300040145640.1643,24967579.18,2.8957850057274284,2.1221277145308203e-16,6.0649384005480525e-05,7.141024629186158e-11,285795164872.48486
330,99394.0,14.206074,1.764593612238059e+16,0.017546936652981335,1.3253336678957444e-08,21795756049276.34,1530845403.87,2.8957850057274284,8.050620778334472e-16,0.000559792602347907,4.370623842595576e-10,695340915640.195
331,52512.0,22.518732,1.6728673595270474e+16,0.06357963701452765,5.02957361633625e-08,47231922069227.08,2909762980.51,2.8957850057274284,1.3461158095861522e-15,0.0007865923294180589,6.069636239721326e-10,584342241444.9524
332,78594.0,17.701366,1.9835219234968804e+16,0.027811331318858164,2.1509985916979453e-08,31163914351350.383,4308706878.41,2.8957850057274284,8.924209906786967e-16,0.0006398185916286182,5.242545875719716e-10,716947044401.1279
333,72317.0,15.392903,2.599172318941322e+16,0.21329069861635105,1.6104491688672545e-07,360152519463856.6,7570847754.89,2.8957850057274284,5.922232584513573e-16,0.0007759350304652007,5.857522208031844e-10,1310206952179.2224
334,32310.0,22.50852,1.1148050801650224e+16,0.05327512617186821,3.902933474788996e-08,26386177901892.805,14580508042.49,2.8957850057274284,2.0190543082803416e-15,0.0010025023871034864,7.402263619999373e-10,496520763702.1574
335,24291.0,36.805542,1.4767438660723482e+16,0.0776768969316361,6.045511444805135e-08,31166198035971.754,7078382991.0,2.8957850057274284,2.492344329006127e-15,0.0009268713170360784,7.552941051871812e-10,371887345680.5574
336,68204.0,28.307266,6.596009595938196e+16,0.041018497025248,3.206511613422307e-08,95579135049459.8,4076937966.48,2.8957850057274284,4.291574411509579e-16,0.0007924183429538616,6.262467144569231e-10,1846451364861.9812
337,55466.0,20.485254,1.351863864129825e+16,0.06406930746354379,4.655598285827162e-08,42280648099256.24,3297005175.13,2.8957850057274284,1.5153340912168002e-15,0.0007428505605496056,5.585448455141148e-10,490222298076.2632
338,61047.0,13.951728,1.690444398125577e+16,0.023124636293701404,1.673744279507271e-08,28018688352710.82,2727515245.6,2.8957850057274284,8.253290090741912e-16,0.0006803456686531601,5.0612781151782e-10,824332673604.1117
339,78191.0,26.705282,2.2852480363765724e+16,0.027663825822052505,2.0871318945109364e-08,23672733970196.98,2931750786.64,2.8957850057274284,1.168594462172394e-15,0.0007430919333563268,5.68176977170691e-10,635885208607.7266
340,114988.0,4.2283444,8552544829900184.0,0.0005863104252927737,4.5018269515203383e-10,1185912433375.647,97019405.38,2.8957850057274284,4.943960521805705e-16,0.00011696582266926335,9.266088943842937e-11,236583245665.85208
341,60921.0,19.245024,2.3690221967794276e+16,0.014839933308486462,1.1488287961404294e-08,18267647474241.027,2205638698.16,2.8957850057274284,8.123614893166763e-16,0.0006695269681001456,5.336693785620011e-10,824173692260.2313
342,16145.0,91.17572,2.6381207997738036e+16,0.40878115355023203,3.1177737257128434e-07,118278645206903.34,19259858600.38,2.8957850057274284,3.4560858626268193e-15,0.0019091310615442154,1.477205917325382e-09,552396884055.7592
343,48634.0,11.995744,1.6617809504554886e+16,0.07651600191033202,6.461829299133647e-08,105998289376303.39,3351991936.44,2.8957850057274284,7.218607239848313e-16,0.0005969991505210312,4.472901791613546e-10,827028165801.1028
344,72016.0,16.710152,1.1025532774161448e+16,0.018889428193248608,1.3806206605582175e-08,12463441962097.758,2109716903.24,2.8957850057274284,1.5155868058512845e-15,0.0006387463526351345,4.75958816118814e-10,421451513149.29755
345,71749.0,34.726406,3.9857035037633336e+16,0.07247156065530731,5.79628018150751e-08,83178821680266.98,4389911959.79,2.8957850057274284,8.712741920519437e-16,0.0008332784857736621,6.520271757649785e-10,956390644156.6947
346,88060.0,13.3288765,1.2880175490283084e+16,0.008553250117385069,6.283235558686503e-09,8265314974161.855,1366524916.64,2.8957850057274284,1.0348365602670104e-15,0.00041727995771433086,3.038632225808057e-10,403232716871.40967
347,70652.0,23.112383,1.0975043303130762e+16,0.02418869951350227,1.7980396322296768e-08,11486138171347.602,3147692258.62,2.8957850057274284,2.1059035815746546e-15,0.0007141096023611773,5.581660860505108e-10,339098906810.9252
348,33911.0,2.901354,1278485736145287.5,0.011293438399826883,7.989900523542026e-09,4976469574624.169,1938973636.47,2.8957850057274284,2.269367516565151e-15,0.0004829558062432924,3.6162122852213956e-10,212815157843.7504
349,80916.0,13.790754,1.3239085121438136e+16,0.015126635971524255,1.1099915055853369e-08,14521528063513.979,2211520392.83,2.8957850057274284,1.0416697130882966e-15,0.0005990268681482731,4.5365569423934814e-10,575064111610.1039
350,57422.0,28.966019,1.4053319826537758e+16,0.026790676564978428,2.0351304089077792e-08,12997918220552.566,3829256728.09,2.8957850057274284,2.061151340575176e-15,0.0008128133334443468,6.388100090168411e-10,394349176328.56915
351,43599.0,37.183647,3.335455244048136e+16,0.05928220818481335,4.631368335299002e-08,53177449799044.46,6720175626.19,2.8957850057274284,1.1147997583343793e-15,0.0010075581302680901,7.979166891587764e-10,903801891537.4374
352,57691.0,30.785812,2.692298414404252e+16,0.05237596987485945,4.117654033328211e-08,45804132321398.234,4954846408.97,2.8957850057274284,1.1434769576541254e-15,0.0009130270428783216,7.171610692872101e-10,798465624310.8054
353,84269.0,16.884125,2.043719058540234e+16,0.022552625746493173,1.6761106852049613e-08,27298560664667.707,4095123657.31,2.8957850057274284,8.261470640715077e-16,0.0006733725498907063,5.565498153905457e-10,815075885608.2095
354,853.0,190.96773,2.5927059696572268e+16,2.9493527686526892,2.417143170224263e-06,400423910883315.06,48388448461.1,2.8957850057274284,7.365576052005897e-15,0.0023926732896942843,1.8408003265638286e-09,324845371604.3945
355,114647.0,11.726579,1.3068170012297114e+16,0.011455522315220623,8.337332909847728e-09,12766102816086.99,1450139327.36,2.8957850057274284,8.973390297926427e-16,0.0005353699086927446,3.793848763802858e-10,596619439161.6488
356,51579.0,71.50387,7.134564849891289e+16,0.1262358513964391,1.0089845380764071e-07,125956520698688.7,10074457517.31,2.8957850057274284,1.0022176755613838e-15,0.0012840434777170043,1.0221881700241411e-09,1281202186937.8408
357,48186.0,61.482307,4.331396811081788e+16,0.8149740512951925,8.704969305492937e-07,574145014905573.1,10756053421.75,2.8957850057274284,1.419456809930201e-15,0.0012980159592286772,1.0479611263219272e-09,914445547161.4558
358,53024.0,52.616783,4.7871609190113096e+16,0.06305924837633368,4.8213004060480976e-08,57372334870684.13,7895779731.84,2.8957850057274284,1.0991229225456436e-15,0.0011010629924026823,8.515813183625387e-10,1001765107266.2058
359,109672.0,4.0333056,7259444109075787.0,0.0011371760445829206,8.832710526389658e-10,2046774223562.3276,158621978.86,2.8957850057274284,5.555942768341649e-16,0.0002054695369271946,1.6921741624793337e-10,369819390685.55896
360,65616.0,20.837797,2.250379117670946e+16,0.019309788687895547,1.5408601907922593e-08,20853617697628.402,2418253395.32,2.8957850057274284,9.259682884707133e-16,0.0006413582299066615,5.195402772144951e-10,692635199166.3767
361,41311.0,46.34281,2.566979109380229e+16,0.14371685513490473,1.1210910778557861e-07,79606343421368.94,9718360195.46,2.8957850057274284,1.80534425974308e-15,0.0008623270983538741,6.45083899503999e-10,477652444236.0885
362,95737.0,11.010195,1.435739393764908e+16,0.009135294465191892,6.813114710675974e-09,11912506669789.707,1181067199.64,2.8957850057274284,7.6686584263236e-16,0.0005254328362207985,4.143261777434583e-10,685169174333.2661
363,45623.0,71.18766,6.1976209796323304e+16,0.11324622733104778,8.826323748241576e-08,98592536174263.06,6283125243.26,2.8957850057274284,1.1486288082789979e-15,0.001421507399745097,1.1191466968613248e-09,1237568994873.9453
364,70018.0,35.955086,5.529005119709432e+16,0.09995657576254842,8.288499625908276e-08,153708551591214.1,7252919172.54,2.8957850057274284,6.502993797533246e-16,0.0009959801152700095,7.811249559793387e-10,1531571682642.2478
365,65112.0,107.12108,1.2780077267775642e+17,0.09963612494140342,7.510855996197352e-08,118870849268219.05,5236096763.16,2.8957850057274284,8.381880465629165e-16,0.0014729443267877964,1.138975150374842e-09,1757295791592.0762
366,160455.0,3.1267672,9036174342352856.0,0.0012004953163263887,8.328872256339997e-10,3469361254494.1904,190439137.77,2.8957850057274284,3.4602776369029717e-16,0.0001995025637025013,1.4581389304957601e-10,576550741405.4229
367,86118.0,13.620883,1.6626636271414466e+16,0.013042903001726015,1.0145930325109315e-08,15921112025779.709,1427057621.2,2.8957850057274284,8.19220603473347e-16,0.0005644254536115906,4.3369891885414414e-10,688978586742.727
368,28748.0,15.544091,1.192385999924614e+16,0.03574570689476021,2.7617060211924293e-08,27420503687684.81,3223313474.1,2.8957850057274284,1.303612337026998e-15,0.0008126856169696717,6.242648333297698e-10,623410498571.2795
369,1671.0,12.220908,2.051913028794135e+16,0.012971694294638961,1.0184519980724828e-08,21779714345860.582,1778243492.43,2.8957850057274284,5.95586061811887e-16,0.0004997850507510956,3.9115820245012967e-10,839148332703.8474
370,24040.0,30.10785,3.188638350449612e+16,0.04592031599106492,3.5765357096498143e-08,48632924846468.34,4460937342.81,2.8957850057274284,9.442227901371964e-16,0.0008440577300322319,6.581247669118915e-10,893917980850.2499
371,49986.0,37.457737,1.6581007070856996e+16,0.06022882425004749,4.7351586415425754e-08,26660835403896.418,5560532389.054,2.8957850057274284,2.259074906604209e-15,0.0007855009961004409,6.082606881406381e-10,347709141385.30646
372,55735.0,13.79484,1.5209176526178472e+16,0.08823932538976646,6.669679203029303e-08,97286193707492.08,4616899852.8,2.8957850057274284,9.07007685541418e-16,0.000780881867900176,5.948503273842103e-10,860942944969.6956
373,46507.0,24.694988,9852999313138230.0,0.010966373689615918,8.084957947554791e-09,4375449481141.793,1095261541.67,2.8957850057274284,2.506342202528229e-15,0.0006095350917967632,4.618155330269283e-10,243197074677.95312
374,52195.0,32.088783,1.5910721637419108e+16,0.031161143751363512,2.4180954325342028e-08,15450766211094.596,3693520189.45,2.8957850057274284,2.01680248899164e-15,0.0008618828195173688,6.529559590125702e-10,427351128443.0696
375,157348.0,4.670516,1.0156547085634712e+16,0.001676763961887395,1.256350468045827e-09,3646306346109.2383,172681270.93,2.8957850057274284,4.598527393828477e-16,0.00029145418190747196,2.299202849207994e-10,633798946807.6725
376,32524.0,57.682724,2.414358226494717e+16,0.17292010006841904,1.3900532006722614e-07,72377141226284.17,13701636895.24,2.8957850057274284,2.3891534970660338e-15,0.001401895351475573,1.0479222876187469e-09,586774919735.0237
377,79008.0,10.770877,1.7657213895510542e+16,0.025290542138780625,1.9749382956216788e-08,41459995511774.22,2426786169.66,2.8957850057274284,6.099986704436176e-16,0.00052835208330683,3.985617285851357e-10,866152844107.9869
378,97508.0,12.925681,1.6700009720463916e+16,0.022398266698258954,1.6453976622943435e-08,28938612331719.137,2661893914.33,2.8957850057274284,7.7399242373859725e-16,0.0006604546422030276,4.950777809874985e-10,853308923894.693
379,163808.0,2.2000713,5892833845009190.0,0.000473930541691405,3.7098520044918166e-10,1269410648765.179,69882911.91,2.8957850057274284,3.733469087819782e-16,0.00013570840698827076,1.0214633251721667e-10,363491444005.8209
380,113480.0,8.951761,1.0880999837090056e+16,0.009960395590511532,7.23709508925684e-09,12107010318719.244,1340997613.4,2.8957850057274284,8.226965475623057e-16,0.0004601008306258789,3.317970060947363e-10,559259464488.0698
381,29878.0,42.65654,1.5493786041874788e+16,0.04146931509523527,3.324437819250012e-08,15062560052659.303,3566586507.16,2.8957850057274284,2.7531385734069714e-15,0.000964468663383661,7.920716914566608e-10,350316062075.3441
382,19897.0,2.5493793,1532675803131200.0,0.021904603265428587,1.540140597806069e-08,13168952694528.848,7222273156.67,2.8957850057274284,1.6633519592282413e-15,0.0007206343157961145,5.136763264570344e-10,433242232227.55145
383,67604.0,19.076637,3.4604013173681184e+16,0.047931841969641904,4.0595650612033995e-08,86945832798322.52,3514995749.35,2.8957850057274284,5.512839480280034e-16,0.0006139403459396862,4.725854798532777e-10,1113655400516.9402
384,75353.0,19.749447,1.2184089086136392e+16,0.02718878523516862,2.0521124293185736e-08,16773663660006.494,2906154597.04,2.8957850057274284,1.620921093105911e-15,0.0006803821913101328,5.360360337504341e-10,419750347011.9113
385,14234.0,142.97005,3.436232667988e+16,0.7856750847224958,6.108669054323803e-07,188834122429675.28,18682511903.86,2.8957850057274284,4.1606626737447475e-15,0.0017959314131641402,1.3943996956353676e-09,431645522358.0374
386,4013.0,23.187243,1.0563449566365344e+16,0.051710764931201594,3.7838587419277216e-08,23557956303339.805,9031398107.54,2.8957850057274284,2.1950446068138167e-15,0.0010722408937681577,8.046886475401297e-10,488482507571.70374
387,103414.0,12.920274,1.7983223705077022e+16,0.010043727592275651,7.267736886357858e-09,13979471342848.275,1843635579.53,2.8957850057274284,7.184626189325748e-16,0.0005335504287824224,4.0246406361261994e-10,742627959649.6227
388,47356.0,65.43335,3.444464503529516e+16,0.11057262500270132,8.954000762403812e-08,58206324738666.89,9179066001.52,2.8957850057274284,1.8996668403158447e-15,0.0012903970338720662,1.053262160885924e-09,679275442665.2626
389,9519.0,58.762924,1.1969604901883418e+17,0.46184167900320977,4.963293860023893e-07,940739848971927.9,8833526056.03,2.8957850057274284,4.909345336098241e-16,0.0010843588832220952,9.150839003834387e-10,2208764731315.2793
390,101934.0,11.127323,1.527467765492353e+16,0.014917662471728281,1.1472340804832203e-08,20477745242103.54,2091380936.73,2.8957850057274284,7.284816905064637e-16,0.0005619979541121811,4.409097623316185e-10,771464762170.5663
391,55885.0,12.276955,5.35621410422903e+16,0.05303610621580318,3.901530029425366e-08,231386968630636.78,4326114505.26,2.8957850057274284,2.2920956408943133e-16,0.0004934407736207792,4.051143222415572e-10,2152793124410.1667
392,5372.0,88.13614,4.3080422068975064e+16,0.15243488157068177,1.1621559758532567e-07,74509265280952.84,10245273090.85,2.8957850057274284,2.045851358161888e-15,0.0014589536801004493,1.1325745383452592e-09,713127898700.939
393,27249.0,15.108612,1.5814442449217292e+16,0.010145813438178131,7.77689031325784e-09,10619796359755.844,1648392385.36,2.8957850057274284,9.55367983949872e-16,0.00051041831258152,3.942590010827926e-10,534263572944.1626
394,9763.0,172.25272,5.2312799085145496e+16,2.5883358872065987,2.344211271239492e-06,786072319974457.4,40358423715.59,2.8957850057274284,3.2927452365842167e-15,0.002111761764923022,1.6106509767061098e-09,641337732861.985
395,24842.0,46.6443,1.9465088878659884e+16,0.4616042795246373,3.4559462062157193e-07,192631646904698.44,8030054251.55,2.8957850057274284,2.3963055237388328e-15,0.0012566996516224403,9.721319301139445e-10,524432147392.3226
396,7578.0,1.3206503,295006474871488.25,0.0019891274741527976,1.4671866096403416e-09,444330709060.41077,757127103.29,2.8957850057274284,4.4766824205309605e-15,0.00028117882553347766,2.1940153915500106e-10,62809643195.58058
397,67187.0,22.754847,3.3023808852309796e+16,0.08769379278999602,6.805998312592506e-08,127268843013134.36,5713510104.91,2.8957850057274284,6.890436866857183e-16,0.0009111324879050798,7.040188968757256e-10,1322314543345.724
398,50166.0,66.71785,5.560190200120537e+16,0.10414274639925883,8.017725931464387e-08,86791387603586.94,6801707199.0,2.8957850057274284,1.1999202832765262e-15,0.0012658322428248118,9.98167377521348e-10,1054930282008.6558
399,37509.0,37.185997,1.5982753697010288e+16,0.05397903503974847,4.259315405889437e-08,23200497268974.332,5039575712.76,2.8957850057274284,2.326632675754489e-15,0.0009002908733919547,7.232845437113961e-10,386950154518.91437
400,82636.0,14.098434,1.8159524670561396e+16,0.01332750893996186,1.0075772125859495e-08,17166532637054.936,1717783686.06,2.8957850057274284,7.763658055904473e-16,0.000575502689656242,4.6304337193807265e-10,741277739838.8336
401,77069.0,15.882092,1.3409749429233926e+16,0.012885725548145918,9.637644092416e-09,10879823062006.867,1745988054.75,2.8957850057274284,1.1843690356641745e-15,0.0006103128336423481,4.6054407357431224e-10,515306306788.14966
402,10236.0,129.7247,3.8116090222281736e+16,0.5307117340794371,3.9336199758043156e-07,155935271680685.44,20519807374.59,2.8957850057274284,3.403410455885796e-15,0.0014096381484192827,1.0309071124609023e-09,414183997696.0405
403,81169.0,14.93748,3.8584819759881416e+16,0.04361797631347743,3.35118229291327e-08,112669054910621.02,3418061300.56,2.8957850057274284,3.871335953610247e-16,0.0007451447556157708,5.872153040896445e-10,1924774198221.882
404,31854.0,0.1706888,123715322529301.0,0.00734794502183205,6.253119491174047e-09,5325794008180.523,1364651146.03,2.8957850057274284,1.3796900538296193e-15,0.0002909327331469576,2.238090378522966e-10,210868181835.05258
405,74953.0,21.94037,1.9438710922491516e+16,0.030307096353624198,2.3688318641150385e-08,26851456238805.336,2830507727.54,2.8957850057274284,1.1286947003576223e-15,0.0008607500415492913,6.71693117972328e-10,762606612112.7052
406,32211.0,58.72389,2.3874305303374504e+16,0.3499843244352987,3.288527407333673e-07,142286769710991.47,10548101207.4,2.8957850057274284,2.4597109425294858e-15,0.00148716801033369,1.2414180529172946e-09,604610885214.1526
407,74279.0,31.562056,3.662402626163342e+16,0.05760531590273851,4.549836451871817e-08,66844143563764.82,4210485877.28,2.8957850057274284,8.617855332051179e-16,0.0009391297826376662,7.271233561214875e-10,1089748837097.4304
408,104285.0,7.45151,1.6461420246311598e+16,0.005558999640216395,3.898417250612213e-09,12280602082892.871,663441084.3,2.8957850057274284,4.526650731530659e-16,0.00039875162346956697,3.0230685281075206e-10,880897703664.2974
409,76724.0,30.886742,2.7609296927514676e+16,0.023761040061300063,1.8075220612228978e-08,21239715420907.938,2420177196.42,2.8957850057274284,1.1187080236447134e-15,0.0008433771071984252,6.359242344900895e-10,753884918471.1581
410,53508.0,55.23289,2.7612237674887012e+16,0.10123141716248209,7.974800233598138e-08,50607997351869.36,7864141150.93,2.8957850057274284,2.0003047435099267e-15,0.001280579577474507,1.01421659551803e-09,640192241521.8989
411,71599.0,21.554106,1.8116177655402464e+16,0.05706759198561689,4.6331318765895173e-08,47965182818413.23,4587953057.74,2.8957850057274284,1.1897711763481357e-15,0.0008186205838182526,6.481879885870966e-10,688048761049.0896
412,67418.0,34.771015,1.1916677559669458e+17,0.057654168280371385,4.32834893536905e-08,197591624336565.47,8528970032.42,2.8957850057274284,2.917844745390969e-16,0.0009420601169728284,7.17772475319911e-10,3228616321896.1797
413,856.0,15.358638,5968629626913208.0,0.09265388990988717,7.090534586761399e-08,36006887613661.27,3615351587.88,2.8957850057274284,2.5732268477082597e-15,0.0007722665638163711,5.846690112200798e-10,300116005902.9226
414,39843.0,28.437578,1.5850256194727578e+16,0.13722761672314443,1.0643838056998753e-07,76486572873882.64,6553300594.49,2.8957850057274284,1.794139959041133e-15,0.000840519194393262,6.338409472711467e-10,468480282242.0121
415,72645.0,10.810293,2.4698541623360544e+16,0.01929589663645879,1.3501731414086015e-08,44085808426805.836,4174847275.12,2.8957850057274284,4.3768952697090966e-16,0.0006390766199008102,4.5752050750531637e-10,1460114031796.985
416,39517.0,33.519146,2.3432320244134908e+16,0.05518867005545615,4.136994187186446e-08,38580893158416.0,8320464313.08,2.8957850057274284,1.4304663665728885e-15,0.0009388712950927602,7.028517372904123e-10,656339300966.6548
417,72191.0,19.300598,1.2933241600508616e+16,0.03184907326044995,2.3598171352779242e-08,21341916930744.73,3219056752.05,2.8957850057274284,1.4923248630290013e-15,0.0007757924502001697,5.880377587895212e-10,519854938706.52826
418,50618.0,9.770871,7124497461420987.0,0.035213598121818165,2.589930659114472e-08,25676236072136.492,3963255190.58,2.8957850057274284,1.371447046322786e-15,0.0007354264421062337,5.686339892409171e-10,536241223515.0511
419,3600.0,30.707998,1.6290302687899648e+16,0.05330448401707504,4.0894439832251865e-08,28277524938631.996,4059964298.46,2.8957850057274284,1.8850477236871565e-15,0.0009519483162768378,7.338959668339681e-10,504999583997.1761
420,18425.0,0.16829132,65294534866682.914,0.0032639972914738614,2.5252236380891964e-09,1266382514278.8032,359458636.31,2.8957850057274284,2.577418161314938e-15,0.00035850920159785865,2.901728226320279e-10,139096250262.68756
421,108815.0,17.481716,2.8972830078697532e+16,0.013464890111199966,1.0408898955075927e-08,22315656725010.94,1651019776.69,2.8957850057274284,6.033830990108746e-16,0.0006297345392013611,5.128288901579531e-10,1043672817872.5663
422,37239.0,18.476261,1.1412445801319126e+16,0.9387867426388895,6.770442345752931e-07,579871263962078.4,5807968040.47,2.8957850057274284,1.618957173743107e-15,0.0007559427177138934,5.672150199464738e-10,466931880579.7175
423,58558.0,73.252205,9.706709712746187e+16,0.26815060241693794,2.7948163596692603e-07,355328560684177.7,12822810446.35,2.8957850057274284,7.54655358692866e-16,0.0014774740805010183,1.21240511677466e-09,1957813011571.4573
424,25373.0,57.006897,4.683085139848701e+16,0.38918598034391544,3.220408628758116e-07,319714135850270.7,17289740125.06,2.8957850057274284,1.2172936279745228e-15,0.0011662389446854752,8.701119362783041e-10,958058859328.7896
425,73792.0,53.389446,5.844056279467086e+16,0.2604949049215231,2.1593183961195603e-07,285140041512288.56,8487874859.87,2.8957850057274284,9.135683067868834e-16,0.001213562692718809,9.707417788672896e-10,1328376524999.0312
426,9.0,59.917706,3.1809794936143616e+17,0.1425757738543367,1.1473496785499882e-07,756922524565349.1,6986451261.75,2.8957850057274284,1.8836244031211595e-16,0.0012667821504822154,1.0549685039667997e-09,6725237517538.8545
427,97176.0,4.131884,8927045922615389.0,0.000999169580505765,7.73122423665826e-10,2158732609544.5366,118862824.84,2.8957850057274284,4.628500890235666e-16,0.00020247830794494764,1.5830065093520268e-10,437459801233.0472
428,48035.0,16.248323,9981909844398898.0,0.2963485831943171,2.429956016495829e-07,182057239997076.62,7921668077.3,2.8957850057274284,1.6277769738741272e-15,0.0008048496198353236,5.871057223355054e-10,494447109618.3236
429,12392.0,32.236,6088248241730240.0,0.12863519900976733,9.06389585615351e-08,24294671305243.688,8655608609.85,2.8957850057274284,5.294790672142294e-15,0.0010623613092480692,7.999949770843446e-10,200642740200.7629
430,108591.0,9.579125,8829674629653210.0,0.006802618499705034,4.919847519309832e-09,6270396093803.466,1108294468.86,2.8957850057274284,1.0848785942609784e-15,0.00047620703200730623,3.556140408671372e-10,438949606459.6053
431,38797.0,12.031543,1.0618836223936248e+16,0.007013254239485183,5.345037189414596e-09,6189779495939.94,1052755791.69,2.8957850057274284,1.1330378156581157e-15,0.00047657559234239385,3.6059192780452576e-10,420617551997.21985
432,19145.0,31.94188,2.8566743784517024e+16,0.06273426362120865,4.846731418424307e-08,56105452633890.516,5625220167.56,2.8957850057274284,1.1181491401659953e-15,0.0008138308960957184,6.354517567162423e-10,727837519040.5288
433,22385.0,42.687874,3.651163975901233e+16,0.2248225305291515,1.6793051541452632e-07,192294402958318.6,9198078209.68,2.8957850057274284,1.1691579529638398e-15,0.0010642976958080978,8.13759625150041e-10,910311299777.8281
434,93422.0,27.769457,3.037097607768864e+16,0.03326099959188166,2.7107844766410333e-08,36376981477349.36,3488552621.37,2.8957850057274284,9.143419338570488e-16,0.0008905845995238738,7.311872276098698e-10,974017013271.001
435,86386.0,13.264492,2.1075540009118132e+16,0.03854212147294658,3.2905825569786336e-08,61238381623614.14,3547006609.03,2.8957850057274284,6.293785115001202e-16,0.0006162932401510803,4.880118797169939e-10,979209218125.5898
436,48719.0,64.57053,5.037606725302157e+16,0.04924043877414528,3.902815433308858e-08,38415971732842.1,3373610794.28,2.8957850057274284,1.2817699657991277e-15,0.0011398287442590453,9.503226280855523e-10,889261548228.2827
437,44011.0,22.74066,2.6501470676179388e+16,0.20929973178826447,2.2572331076166156e-07,243913356275451.2,7678239154.38,2.8957850057274284,8.580904915756332e-16,0.0010295156939132252,8.691872218984724e-10,1199775203222.2378
438,31083.0,13.337055,1.1711959398998862e+16,0.02523070693761672,1.964029757192119e-08,22156391741760.527,2601619953.57,2.8957850057274284,1.1387552283642694e-15,0.0005941728162209757,4.5544171266647807e-10,521773952313.22656
439,53238.0,22.565329,2.3439989042226956e+16,0.09636692959341175,8.821492263637561e-08,100102230891587.19,7950335481.91,2.8957850057274284,9.626851343381064e-16,0.0006408199058816264,5.435227154072103e-10,665658877471.1077
440,21390.0,0.22242174,104885252182129.02,0.016135864476010793,1.1441805923995282e-08,7609032348829.971,5770821031.11,2.8957850057274284,2.1206197761127906e-15,0.0005395927523234325,3.9775967356933957e-10,254450495275.7419
441,23683.0,107.4064,3.151162645641029e+16,0.1267724661603343,9.538331209303415e-08,37193375800719.22,13219697993.9,2.8957850057274284,3.4084689391889746e-15,0.0012641154670521254,9.712437699924355e-10,370874867750.12665
442,60195.0,40.56189,2.5904459862668176e+16,0.04160900617764238,3.332491148553937e-08,26573190510951.27,4303687804.49,2.8957850057274284,1.565826510764471e-15,0.001005213849408572,8.039820179250147e-10,641970130469.8209
443,62635.0,23.204348,2.1713494841503196e+16,0.12004230354056672,1.2407481120322968e-07,112329721080301.7,3165512613.58,2.8957850057274284,1.0686602119732096e-15,0.0007233646193002349,5.844301064865031e-10,676889259275.9587
444,69049.0,20.696321,1.6695920297541658e+16,0.02099674832921945,1.652519402451816e-08,16938277900318.074,2329492027.12,2.8957850057274284,1.2396034858316478e-15,0.0006451869352655789,5.01925564799397e-10,520478477706.70325
445,63669.0,7.413116,9318553912370016.0,0.004566274852684199,3.3847110797845027e-09,5739972016279.95,596504344.95,2.8957850057274284,7.955221453577017e-16,0.00038011011681366125,3.0375662637047636e-10,477812112499.7055
446,19748.0,12.566125,1.1264418517387626e+16,0.024534233467413312,1.8735709997087884e-08,21992768158858.977,2039331087.32,2.8957850057274284,1.1155591369943397e-15,0.0007191935110868733,5.580915901119556e-10,644693308706.7014
447,33829.0,30.01077,3.783533319000771e+16,0.05215946504101336,4.080195677645343e-08,65758750569855.414,4839300432.97,2.8957850057274284,7.931942834832978e-16,0.000830968535219209,6.807274087025884e-10,1047622950041.9825
448,16278.0,32.617977,7704319300933314.0,0.07412698748134357,5.67754946174759e-08,17508687935262.121,8626365688.48,2.8957850057274284,4.233726008220948e-15,0.0012590653859717489,9.99781423191911e-10,297389435104.4271
449,118424.0,2.6837468,5029260063799889.0,0.0009115216274116145,6.610239985510787e-10,1708163869270.795,83991870.18,2.8957850057274284,5.336265705003687e-16,0.0002126602414786781,1.594826824063571e-10,398518839268.5764
450,14376.0,32.614082,1.1054103987194798e+16,0.022736096331441198,1.7906489748987728e-08,7706093739220.658,2681467078.98,2.8957850057274284,2.950404848532322e-15,0.0008055844914912692,6.395364923978014e-10,273042017230.95966
451,45450.0,42.220413,1.4495866555941594e+16,0.13679896080841936,1.0476105104307683e-07,46968263452807.32,8385519190.59,2.8957850057274284,2.912582896446064e-15,0.001122838719539999,8.535278909654375e-10,385513051288.6303
452,92964.0,17.443966,1.9856731613210052e+16,0.016166306007869793,1.2077121714410056e-08,18402351826144.11,1692742750.6,2.8957850057274284,8.784913015793134e-16,0.0006196218519913852,4.874535819527401e-10,705324971206.267
453,75891.0,18.210533,1.6290251587582922e+16,0.006270443941753959,4.500664499601351e-09,5609232271071.206,565425385.27,2.8957850057274284,1.117879174676516e-15,0.0005269566945322348,3.8928033716854803e-10,471389669357.35406
454,31473.0,43.56697,1.4566570682915612e+16,0.10818870856635567,7.963422939133589e-08,36172781132706.22,25433061921.99,2.8957850057274284,2.990887213494764e-15,0.001116441867101693,8.616339160159456e-10,373281166225.30994
455,85657.0,33.902683,3.1198076357285464e+16,0.032424896671875224,2.5573273737038272e-08,29838181309905.6,3169267198.41,2.8957850057274284,1.0866914553237495e-15,0.0008891535725110128,7.075976528740604e-10,818220818940.8412
456,55115.0,11.459392,2.586355674592398e+16,0.022023934609483497,1.6524526865040744e-08,49707461141122.98,5558815003.07,2.8957850057274284,4.4307100189559064e-16,0.0006691348965413632,5.000137405254581e-10,1510220469582.9866
457,17955.0,59.170666,3.851953896638949e+16,0.15994082108968685,1.2709442292460466e-07,104119948392680.3,7610211928.47,2.8957850057274284,1.536120825631631e-15,0.0012764151533115815,9.82224575840904e-10,830934085400.9565
458,30617.0,55.006447,4.2763697865535736e+16,5.200925724284261,5.209919024607375e-06,4043359068335840.0,16373467711.31,2.8957850057274284,1.2862883647938917e-15,0.001240804356420195,9.886257040212095e-10,964639337788.7821
459,37687.0,39.855335,4.451760799183698e+16,0.38641745669855276,3.8154886080319377e-07,431620531065886.5,7279705436.4,2.8957850057274284,8.952712600216103e-16,0.001225804292885313,1.0050167010628955e-09,1369198753074.8215
460,40306.0,38.9708,2.5481783639696776e+16,0.07289608234612933,5.685333397895628e-08,47664461559054.16,6416028782.6,2.8957850057274284,1.5293591905116629e-15,0.0009470299148105466,7.278636447996541e-10,619233153784.9575
461,52651.0,32.48434,2.062578934976956e+16,0.027795938963693936,2.185038746767895e-08,17648909654442.82,3323513737.41,2.8957850057274284,1.5749380277833066e-15,0.0008178226248494125,6.823431009569655e-10,519272892280.39105
462,74322.0,6.813855,6421605372177511.0,0.0007394093724298783,5.601412174520016e-10,696844179724.1221,91601850.58,2.8957850057274284,1.0610827986288234e-15,0.00020326543564662796,1.6541889615735138e-10,191564160600.18713
463,11693.0,38.687218,3.958318282161276e+16,0.3070285887368216,2.428767194478794e-07,314139123661757.3,17926038644.61,2.8957850057274284,9.773650131761625e-16,0.0009301138336718843,6.926201805738384e-10,951654521220.557
464,53387.0,48.308857,2.8190565280455852e+16,0.06405696271914257,5.2061212857479524e-08,37380350133345.43,7280350011.77,2.8957850057274284,1.713653363080729e-15,0.0011254038750457569,9.31419591831425e-10,656727841984.6569
465,16460.0,45.14384,2.27563351594059e+17,0.10981944787977002,8.170009442330267e-08,553583426437129.56,8169795890.13,2.8957850057274284,1.983792191658798e-16,0.001338683985803247,1.0153770510760128e-09,6748105932828.944
466,43674.0,11.949398,1.498894641455763e+16,0.04421973649019691,3.447401021721498e-08,55467837017180.3,3698102561.2,2.8957850057274284,7.972140048745824e-16,0.0008242502474660658,6.254627710644995e-10,1033913406470.7465
467,77379.0,22.481169,4.989856415004847e+16,0.0697784710830146,5.168905025692205e-08,154878312405734.16,5791250687.11,2.8957850057274284,4.505373928676095e-16,0.0007302054274419762,5.645061836680865e-10,1620743225760.5024
468,39956.0,22.107504,2.1362368326886492e+16,0.09423249107149528,7.495943697437589e-08,91056375365999.03,6849305112.99,2.8957850057274284,1.0348807614264232e-15,0.0008576255592903396,6.575035749760815e-10,828719202498.4939
469,105209.0,2.7954257,5879281856386672.0,0.0004106757923499975,2.8640647144743935e-10,863724882696.9578,48592797.32,2.8957850057274284,4.754706047922035e-16,0.00015639226201156196,9.95443890026986e-11,328920989931.4608
470,41062.0,49.348114,2.643237391245704e+16,0.11082344672384896,9.201226636016528e-08,59360460707212.39,10497662687.18,2.8957850057274284,1.8669573214815655e-15,0.0011355574942565404,9.716921441153975e-10,608239664180.1074
471,8914.0,20.969505,1.9066384064179988e+16,0.023433884570341335,1.8279176629366475e-08,21307104928504.0,2814018799.06,2.8957850057274284,1.0998155145419213e-15,0.0007442308352515354,5.93716056141121e-10,676686976507.6112
472,26124.0,83.64228,2.4471876484823964e+16,0.16017672855494947,1.2249091688421374e-07,46864159094418.51,10630192348.36,2.8957850057274284,3.41789400791844e-15,0.0012647576935790323,9.610665519881267e-10,370040057020.1687
473,17567.0,0.8629598,483823352222340.5,0.0138353527463308,1.0433693317619628e-08,7756869723141.602,2435137116.87,2.8957850057274284,1.7836257717536292e-15,0.0005598862218207193,4.373238712689741e-10,313903415552.383
474,40137.0,0.6633059,526132419937528.5,0.015371706164321385,1.0773559130718164e-08,12192795153492.58,2238159700.22,2.8957850057274284,1.2607204476750532e-15,0.00042407500749309034,3.2104059427264765e-10,336375132389.69403
475,171560.0,1.8024297,5930934344635221.0,8.338131422709747e-05,8.740802319592622e-11,274368037904.78693,10690212.46,2.8957850057274284,3.0390316183998453e-16,6.472664550069839e-05,6.96253433929137e-11,212984442507.31158
476,40564.0,19.63109,7918935859019143.0,0.08352303159156563,6.400935765775927e-08,33692144956007.93,5644590258.19,2.8957850057274284,2.4790060621139507e-15,0.0008168332149833488,6.14207386142104e-10,329500289437.29224
477,23923.0,113.530914,3.233559071192478e+16,0.07084543702208944,5.266566683014909e-08,20178020017999.04,8100143804.49,2.8957850057274284,3.5110202566403668e-15,0.0014706274942409435,1.1263629625037543e-09,418860441337.4023
478,168362.0,4.43997,1.3851325513490084e+16,0.0012606256744168705,9.247335261450027e-10,3932760033741.454,152310529.08,2.8957850057274284,3.205447735435734e-16,0.00026949405820681193,1.932694766657433e-10,840737645563.8206
479,26347.0,23.138618,1.471683315847291e+16,0.11401828773660505,8.889216889015354e-08,72518942904644.28,8939393743.18,2.8957850057274284,1.5722552366287052e-15,0.001190857300319811,8.986688260198359e-10,757419833991.6466
480,40633.0,61.904823,2.2426940107927056e+16,0.06554493341787909,5.04174369851102e-08,23745682887112.703,4527087903.18,2.8957850057274284,2.7602884166136888e-15,0.001105541912498073,8.311074627551972e-10,400516810433.2907
481,30288.0,35.321064,5.789595407308944e+16,0.06592882312971043,5.2099776292703364e-08,108066170260628.39,6180972892.46,2.8957850057274284,6.100782786204666e-16,0.001059686741436441,8.144820178784168e-10,1736968481868.6658
482,49846.0,15.779213,1.5952344660831914e+16,0.056160181552972206,4.3512239237014416e-08,56776378666534.7,4966654964.2,2.8957850057274284,9.891469458243962e-16,0.0008338772353775428,6.404034801161443e-10,843026649273.5868
483,112724.0,21.646774,4.619968732180159e+16,0.02292790469354888,1.795564578811446e-08,48933944050324.8,2355994026.98,2.8957850057274284,4.685480628736833e-16,0.0007552329942289188,5.987113817809634e-10,1611858108209.7515
484,78260.0,19.857346,1.387528266998899e+16,0.014947385192684758,1.1440816183682865e-08,10444456914116.764,2127465355.46,2.8957850057274284,1.431130916197454e-15,0.0007125337665800789,5.35307795777455e-10,497881611329.6585
485,41879.0,14.385932,1.2069523539360818e+16,0.1290114414975137,1.0716763598099364e-07,108238147518083.12,4873570826.4,2.8957850057274284,1.1919221130051217e-15,0.0008822590250069926,6.818947639058667e-10,740198554402.6915
486,126652.0,13.621469,2.2778976732630612e+16,0.008268264871410162,6.216116948109768e-09,13826894377183.484,1522418019.29,2.8957850057274284,5.9798423607358125e-16,0.0005214793444866103,4.030897327049457e-10,872062026100.7062
487,32687.0,16.40249,1.2736308600168014e+16,0.1494977307493717,1.1368275187063753e-07,116082938251986.44,4690062593.79,2.8957850057274284,1.2878527456364886e-15,0.0007744431724054053,5.857991200213584e-10,601344505440.8424
488,38634.0,11.062007,5163676441745478.0,0.03873227998004467,3.0060016362170196e-08,18079988709828.758,1812642066.38,2.8957850057274284,2.1422734605463988e-15,0.0005874606955970421,4.321652990015467e-10,274223018870.43265
489,27494.0,56.234776,1.6548703272371094e+16,0.223004873571891,1.7281628310783407e-07,65625610050155.7,9187317955.58,2.8957850057274284,3.3981379129497616e-15,0.001028462780581651,7.753796975852064e-10,302654808877.04504
490,166856.0,0.6299457,3452077783608691.0,0.0,0.0,0.0,4449745.5,2.8957850057274284,1.8248305498535872e-16,0.0,0.0,0.0
491,0.0,38.366302,4269459700034763.5,0.07469324460020128,5.476516817331857e-08,8311976423617.753,8228680791.71,2.8957850057274284,8.986219497443108e-15,0.0013388599552995764,1.0072038112343497e-09,148990346349.82248
492,18802.0,38.871956,1.1389418302282576e+16,0.034397319044933414,2.8353952445079525e-08,10078357134377.742,5808821808.39,2.8957850057274284,3.412988703049882e-15,0.0008696842803541207,7.110526049434557e-10,254816044242.09253
493,64418.0,41.446644,6.2851899493142104e+16,0.08116244272550033,6.217577172557568e-08,123079052981974.83,5518359641.91,2.8957850057274284,6.594334353335228e-16,0.0009649596820399012,7.387742599518e-10,1463316280818.9302
494,121512.0,10.428868,1.5815279640016916e+16,0.008937689478916329,7.120989485958599e-09,13553921522901.51,1384345487.22,2.8957850057274284,6.59417236835456e-16,0.00042623842912263327,3.247315303749407e-10,646386544531.5806
495,89724.0,13.21602,9063234016759830.0,0.003858096741419997,2.6938719610892074e-09,2645791518686.259,495824715.37,2.8957850057274284,1.4582013413270357e-15,0.00037785373128963436,2.730709493455086e-10,259123154382.62366
496,19637.0,16.77835,2.9698482182526908e+16,0.17872930677106172,1.654308131267699e-07,316359423461530.06,6457554215.6,2.8957850057274284,5.64956481509063e-16,0.0008163177139813266,6.186919599011353e-10,1444921406691.0947
497,70797.0,28.45596,2.523297723923939e+16,0.2745858078995373,2.738106560017378e-07,243485633271454.72,4304770417.64,2.8957850057274284,1.127728992508605e-15,0.0007665656276398011,6.127155487171513e-10,679742768636.8114
498,82595.0,25.029139,3.759292904648631e+16,0.03069445761581916,2.4246830857774772e-08,46102047987822.16,3407908311.72,2.8957850057274284,6.657937977923908e-16,0.0007691381698308466,5.97038082742712e-10,1155219787839.8994
499,84179.0,19.686033,3.549433095087704e+16,0.04953511325188824,4.442784718136626e-08,89312849544227.44,5054317994.2,2.8957850057274284,5.546247097105396e-16,0.0007183562130874951,5.61141416659466e-10,1295211339326.0237
500,59949.0,43.127697,2.7941089076137804e+16,0.057151656134821226,4.460472097409441e-08,37026774578569.26,4636522725.7,2.8957850057274284,1.5435224046736185e-15,0.0010537555411918968,8.301986180514775e-10,682695332443.0143
501,43814.0,86.53635,4.473603509767354e+16,0.279366666998518,2.106414032428605e-07,144422049462055.84,9568716345.78,2.8957850057274284,1.934376835387011e-15,0.0014190309165735403,1.0991020908327658e-09,733585561310.5677
502,70944.0,7.171523,8573458750188514.0,0.17855129895530866,1.5032166265089144e-07,213455662958330.66,2337743783.14,2.8957850057274284,8.364795596459027e-16,0.0004900799721278687,3.615756427057782e-10,585883978247.2732
503,71545.0,14.389303,1.1074084998195932e+16,0.03395337236872958,2.7741940855067788e-08,26130698032191.59,2839868575.75,2.8957850057274284,1.2993672165550604e-15,0.0005989386321816615,4.613649172135799e-10,460946393406.47217
504,68038.0,16.592564,2.0403264162024344e+16,0.08772170735470472,6.810265514675974e-08,107868149124019.3,4078830742.69,2.8957850057274284,8.132308569960573e-16,0.0006733481534299225,5.15408581971527e-10,827991397076.5463
505,59686.0,32.700607,3.864809754035983e+16,0.04239659092193519,3.196783053569319e-08,50107558594544.914,3848729094.83,2.8957850057274284,8.461116867615818e-16,0.0008618441896547328,6.681433917416128e-10,1018593884400.0204
506,13831.0,60.46941,3.959476912778704e+16,0.10328650411532218,7.730498024226495e-08,67630977124837.29,8200148510.24,2.8957850057274284,1.527207035981009e-15,0.0012420316801893404,9.63050287861443e-10,813270009191.3308
507,92999.0,2.5470273,3969426082805775.0,0.00017239730777639467,1.3695471554238312e-10,268673355049.2827,39672706.49,2.8957850057274284,6.416613502472988e-16,0.00011397260041542324,9.810874434868109e-11,177621108660.35138
508,43872.0,17.872458,2.8519936336395076e+16,0.07348865087664899,5.125804119629705e-08,117269356260319.27,14928249643.58,2.8957850057274284,6.266654241157077e-16,0.0007617915042315446,5.356929083949332e-10,1215627151133.341
509,21834.0,35.13672,2.978753150998899e+16,0.062216808438230894,5.3866896668983374e-08,52744967139925.18,5283293423.166,2.8957850057274284,1.1795781059674985e-15,0.0008837929899923518,7.045509593632129e-10,749244993206.6671
510,86621.0,15.513345,1.7914020870333572e+16,0.04023130741029138,3.1398203674080806e-08,46457065229243.945,3349244441.51,2.8957850057274284,8.659889989126227e-16,0.0006985400538396114,5.401856164514728e-10,806638484688.2948
511,63847.0,9.894304,5957834361646662.0,0.03182959453233471,2.3842655317728265e-08,19166123460733.008,2972773814.64,2.8957850057274284,1.6607215641465657e-15,0.0006454160999617468,5.121978282746382e-10,388635948310.4695
512,47573.0,15.797545,8554718583559815.0,0.032655017774715876,2.747903902756482e-08,17683411403723.68,2725671244.5,2.8957850057274284,1.846646952286568e-15,0.0005909915743331158,4.5337479399327313e-10,320034955030.9733
513,54095.0,113.20822,1.1076936844198862e+17,0.74903842669404,5.909726548145326e-07,732901846382529.5,13625781460.46,2.8957850057274284,1.02201738253377e-15,0.0013560007416774974,1.0511345213870985e-09,1326788335356.607
514,4636.0,0.12698409,31722188079416.38,0.20888615599400814,1.4846323880146344e-07,52182331878176.516,31745520408.27,2.8957850057274284,4.003005394271536e-15,0.001992059114954706,1.4414540290927266e-09,497640876978.4382
515,63809.0,43.02153,5.846103099477667e+16,0.3113809387690116,2.492504187150454e-07,423128854612047.56,12270590220.47,2.8957850057274284,7.359009799851777e-16,0.0009706525528584319,7.804524723613168e-10,1318998858892.6494
516,93336.0,74.71937,1.629322478846566e+17,0.08049458207509179,6.105478606365399e-08,175525612702980.4,5118616263.97,2.8957850057274284,4.58591659846831e-16,0.0011403507955036808,8.864373896069045e-10,2486636577482.801
517,42020.0,157.30444,1.4539986724759056e+17,0.47854951083058367,3.679803466891075e-07,442333575238984.1,12223639326.81,2.8957850057274284,1.0818747154159229e-15,0.002584646458165687,2.0702562305127517e-09,2389044148399.4097
518,27591.0,15.525724,1.051263310325831e+16,0.05777606203307656,4.695671352316885e-08,39120787043800.74,4986693944.68,2.8957850057274284,1.4768634886713512e-15,0.0006256534034255208,4.736134581820592e-10,423636584034.1717
519,34844.0,28.285133,1.7805964198492122e+16,0.021994775214996223,1.69013244705622e-08,13846078787471.307,2345694966.5,2.8957850057274284,1.5885201545218929e-15,0.0007810916895473801,6.339111128084028e-10,491710279736.7215
520,84206.0,21.925552,3.757150725835498e+16,0.04640398921354573,3.551333691506698e-08,79517624803852.58,1967053975.71,2.8957850057274284,5.83568602910502e-16,0.0011112338325030792,8.717052189226967e-10,1904204282000.246
521,41218.0,11.9142885,1.7721796949411484e+16,0.004531682590586859,3.24282930028195e-09,6740608867207.08,756818753.75,2.8957850057274284,6.722957346825744e-16,0.00041227824831389947,2.975107210193011e-10,613239422839.0537
522,136274.0,4.300935,6804503387850969.0,0.0018839107420143962,1.337542744973792e-09,2980532611268.4316,255522395.36,2.8957850057274284,6.32071843432257e-16,0.00022173723586851792,1.5971881145121897e-10,350810177945.0375
523,37156.0,87.50589,3.416289968125918e+16,0.3478005721106163,3.244719579473453e-07,135783729004979.38,9956720569.87,2.8957850057274284,2.5614304059793643e-15,0.00135748454098769,1.1391866028161925e-09,529971276134.9278
524,122381.0,13.887535,2.208047455011943e+16,0.008350324995110785,6.313033498831869e-09,13276592177068.85,1190568640.49,2.8957850057274284,6.289509298578406e-16,0.0005407109413090415,4.264543027046811e-10,859702904694.4192
525,63217.0,34.995605,2.5881127210476236e+16,0.09108567698914154,7.147037047592903e-08,67362744356279.03,8146895236.08,2.8957850057274284,1.3521669560757917e-15,0.0010063116372936102,7.744136078086002e-10,744221438611.4642
526,29989.0,26.145239,4.141160053436279e+16,0.03669199833718282,2.8809165262841354e-08,58116675772094.445,3198821023.29,2.8957850057274284,6.313506037590851e-16,0.0008830232767113219,7.092627266222668e-10,1398625852978.9443
527,90217.0,11.118386,1.0400036764590566e+16,0.013554282643113225,1.0167648867588692e-08,12678552247244.281,2383866249.89,2.8957850057274284,1.0690717976935645e-15,0.0005645983817197821,4.443551814827012e-10,528120172038.82587
528,27921.0,32.293076,1.1288146148405576e+16,0.265330801620084,2.1375763391256256e-07,92747215110790.78,5323086777.23,2.8957850057274284,2.8607953489830852e-15,0.0007379335921801652,5.697134943173375e-10,257947004997.22055
529,46846.0,12.316193,1.784138060039075e+16,0.1581788899605631,1.305852052919883e-07,229139781971079.3,14335572304.89,2.8957850057274284,6.903161406539503e-16,0.0010433776521663765,8.610972651365825e-10,1511449016935.8694
530,143532.0,1.7938112,5358726067876803.0,0.00022348318643615117,1.5392831429672719e-10,667620525999.3777,35480982.26,2.8957850057274284,3.3474582900460355e-16,6.762233846494879e-05,4.118469965690081e-11,202010996420.866
531,36480.0,80.71409,1.8853062347229612e+16,0.16851477003316964,1.2930532416929144e-07,39361398559587.4,6776574607.64,2.8957850057274284,4.281219067408465e-15,0.0016993698334917325,1.3434737404954568e-09,396935967708.00287
532,28159.0,39.051727,2.0109037033324964e+16,0.5396872231408671,5.301520225027805e-07,277902955650386.75,8370509598.61,2.8957850057274284,1.9419988602777427e-15,0.0010438909493790105,8.422896205435094e-10,537534274983.9278
533,138073.0,2.7684228,8895678537522761.0,0.0007280521181793947,5.369367244482049e-10,2339425033591.8438,67421193.9,2.8957850057274284,3.112098518761157e-16,0.00021928957491375918,1.5502095797122205e-10,704635709929.4288
534,56504.0,24.940538,8.969863988407173e+16,0.04591812470116754,3.5156240525102926e-08,165144526221604.6,4180966675.64,2.8957850057274284,2.780481179227872e-16,0.0007931741697177974,5.993432391705997e-10,2852650741329.8105
535,3014.0,121.93141,1.926399070495786e+16,1.618118487284544,1.4928197506425806e-06,255647166702738.28,35124412283.67,2.8957850057274284,6.3294990050332215e-15,0.002071905146049819,1.6185783821597911e-09,327341096728.5466
536,71626.0,23.686136,3.8569901618218e+16,0.029380410430859046,2.290496935915268e-08,47842313318689.85,3722833910.53,2.8957850057274284,6.141093185680349e-16,0.000767755062096525,6.25420259909746e-10,1250192822161.9524
537,8911.0,36.695297,7097695072134832.0,0.044127645040310755,3.469550778496614e-08,8535278206019.936,4906449744.56,2.8957850057274284,5.1700300769560746e-15,0.0009905177561722355,7.70883114012717e-10,191588393380.37592
538,91097.0,17.814663,2.6144265962776676e+16,0.022930828554387005,1.8313741562870805e-08,33652597327983.566,2643344255.59,2.8957850057274284,6.81398476643556e-16,0.0007002249481100433,5.678831102033625e-10,1027629165769.8196
539,29176.0,19.638187,1.5034437063031654e+16,0.029393432196567183,2.2798186461952145e-08,22502775150566.477,3093425244.61,2.8957850057274284,1.306213655866674e-15,0.0007329920985042382,5.821306511352988e-10,561157889608.7235
540,41528.0,54.397434,4.715932635565224e+16,0.07054868263493808,5.638409281209149e-08,61161494278248.14,6660005844.58,2.8957850057274284,1.1534819982321532e-15,0.0011986940350858233,9.572468900176696e-10,1039196135633.6404
541,65061.0,28.145971,3.002958774609534e+16,0.038972617368339985,2.9785003355902187e-08,41580787280622.33,5648143766.13,2.8957850057274284,9.3727463853245e-16,0.0008415902333873278,6.363814732171562e-10,897912094052.8794
542,102679.0,16.202612,2.4673036934068704e+16,0.02101718904501841,1.6351765965747382e-08,32004585529669.137,2733993647.85,2.8957850057274284,6.566930549853519e-16,0.0006286250335322742,5.116282672379509e-10,957258537698.8588
543,89515.0,20.260963,1.6153796018907968e+16,0.02206391878987206,1.7518751736387687e-08,17591268663258.7,1714721831.06,2.8957850057274284,1.2542539831680805e-15,0.000721414932569229,5.970969006676825e-10,575174519874.3796
544,51522.0,18.206799,1.2700059416470148e+16,0.026356479890024428,2.0485737985449593e-08,18384827591731.574,4380687275.22,2.8957850057274284,1.433599513431284e-15,0.000624817754120774,4.668854884014765e-10,435838425074.0213
545,92363.0,4.4692783,6271726509698207.0,0.0012280221794169568,8.827425902317128e-10,1723280301686.8955,172797148.2,2.8957850057274284,7.126073327797356e-16,0.0002234969513627598,1.551665804600537e-10,313632685326.0741
546,25855.0,5.675276,1.117382342115722e+16,0.004383811090461196,3.0756927094648307e-09,8631109929547.758,705600414.9,2.8957850057274284,5.079081515870455e-16,0.00031645248164578467,2.47436899123652e-10,623050606014.05
547,145090.0,3.3623078,8268338531463050.0,0.0005708981470030733,3.455539818343513e-10,1403910476728.6228,190764892.32,2.8957850057274284,4.0664854096208044e-16,0.00014306662553610066,9.167181012331191e-11,351818858608.52374
548,5.0,182.03053,6.520906293637612e+17,5.021872971377358,4.45004224637319e-06,1.7989928977794674e+16,26527692238.015,2.8957850057274284,2.791491271352964e-16,0.0022180571593107237,1.7547964457514276e-09,7945778595380.27
549,113726.0,8.70867,9790198692135112.0,0.004338561162888878,3.1854706983057413e-09,4877366558000.577,789134383.61,2.8957850057274284,8.895294440751288e-16,0.0004506436712800241,3.289459497413222e-10,506609055250.0735
550,22722.0,40.278633,2.39678298627104e+16,0.0718870867535266,5.4884725081793465e-08,42776463258681.8,7032783868.12,2.8957850057274284,1.6805289936852504e-15,0.001063516141625466,8.224225008970454e-10,632846053606.7693
551,51312.0,20.908669,2.5372088631242028e+16,0.027106993223930988,2.145400107135637e-08,32893582781575.152,2285800398.12,2.8957850057274284,8.240815056216547e-16,0.0007109180467158478,5.797780615338342e-10,862679288233.2181
552,96378.0,18.640003,1.8201559278602144e+16,0.039092597373801476,2.7387809601749483e-08,38173074781896.445,2583416995.7,2.8957850057274284,1.0240882506101162e-15,0.0006465083964785369,5.12942919872475e-10,631301448965.3306
553,58800.0,22.418825,8.793003580575278e+16,0.029121900142775825,2.2903900561705524e-08,114220514334976.78,2942941023.18,2.8957850057274284,2.54962082007173e-16,0.0007474319157676103,6.0568662509216e-10,2931541466415.3174
554,25618.0,29.984089,1.9487746569005436e+16,0.035323653614847794,2.879997134858814e-08,22958123207861.56,4754002127.98,2.8957850057274284,1.5386124246755458e-15,0.0007986391785685348,6.404678463067016e-10,519064558273.6325
555,59756.0,59.428753,4.979485646836127e+16,0.05649134547608608,4.37085701582012e-08,47333627203759.7,7548670199.9,2.8957850057274284,1.1934717200713276e-15,0.0010901988307357297,8.317478735557596e-10,913468507381.6196
556,68315.0,7.8467164,6988062444101336.0,0.0028461778773650097,2.1067225286895232e-09,2534725064620.213,348233926.84,2.8957850057274284,1.1228743965537198e-15,0.00034684618912343576,2.755737886277432e-10,308891350793.96405
557,61807.0,26.566696,2.028379338354597e+16,0.0485695069413296,3.806224384820829e-08,37083039740381.39,5368145015.3,2.8957850057274284,1.3097498824628469e-15,0.0009045431527497426,7.298757643429128e-10,690622816509.7021
558,90947.0,30.939451,4.590516703108518e+16,0.04882587949423622,3.91490830065391e-08,72443436492216.7,4288805739.04,2.8957850057274284,6.739862416587878e-16,0.0008702706937934142,7.022432007211768e-10,1291229167603.6873
559,15123.0,34.79278,2.234714721404089e+16,1.1157663010538832,9.588522520718757e-07,716648505411668.5,12882050944.64,2.8957850057274284,1.5569226651954673e-15,0.001075485642027716,8.295927122226273e-10,690776533780.303
560,45953.0,20.042566,2.5782126054488216e+16,0.03853104956635904,3.022585443338173e-08,49565129381717.01,3133572672.69,2.8957850057274284,7.773822049291758e-16,0.0006892424350427984,5.372019006675713e-10,886619774253.2485
561,82893.0,15.461685,2.3997003716968244e+16,0.05740820915258047,4.870612852178093e-08,89099280474215.08,3364101339.61,2.8957850057274284,6.443173148765679e-16,0.0006379836779303543,5.059370448880729e-10,990170003506.0723
562,71774.0,18.19869,4.8273875372725336e+16,0.05944636727450622,4.308110248068109e-08,157687532738387.84,3364691129.68,2.8957850057274284,3.7698837848602124e-16,0.000683552498555596,5.039547672318429e-10,1813192494953.6401
563,72065.0,62.344303,5.835495463250373e+16,0.09726671349077531,7.691416938820157e-08,91042715691390.95,8365457873.936,2.8957850057274284,1.0683634901718216e-15,0.0013549766659607181,1.0702012644436454e-09,1268273090970.9404
564,94121.0,26.298435,2.4884111611413772e+16,0.017098799261708705,1.315776969988924e-08,16179230028308.48,1914161042.75,2.8957850057274284,1.0568364027083657e-15,0.0006958486761338041,5.658076637324243e-10,658426104882.9747
565,51942.0,21.90043,2.217038893693582e+16,0.03132677203218986,2.4320745940558677e-08,31712926188772.207,3089405242.62,2.8957850057274284,9.878234460521317e-16,0.0007550444416846888,5.878814243792186e-10,764351610302.6793
566,96804.0,17.41664,3.5376718055760636e+16,0.03065498586463212,2.1980028926954405e-08,62266475734494.03,3624076303.56,2.8957850057274284,4.92319269767986e-16,0.000631849005841171,4.716713858174197e-10,1283413111452.9417
567,7892.0,3.6398742,1.7522219292688966e+16,0.0024103384029754236,1.92409167821392e-09,11603279604148.154,197738383.92,2.8957850057274284,2.077290632653316e-16,0.00029776573065107075,2.270044918860622e-10,1433433174782.7488
568,6577.0,0.108692974,42650299863933.45,0.007239232864450875,5.266706345201036e-09,2840620153181.859,1451246682.84,2.8957850057274284,2.548469163095251e-15,0.0004904728467586573,3.8499602002112306e-10,192457830709.22153
569,47192.0,13.188159,6870509855137873.0,0.02052112910039631,1.6141364331788916e-08,10690697596444.615,3164771090.46,2.8957850057274284,1.919531341642381e-15,0.0007477935076105897,5.835758536145545e-10,389570876696.79095
570,72107.0,11.315389,1.0602812003380348e+16,0.023484082589292715,1.8818364228263286e-08,22005192465422.82,4611408597.3,2.8957850057274284,1.0672064162217033e-15,0.000696842445430738,5.427689044830844e-10,652959385212.2932
571,174636.0,1.2212293,4999719096350376.0,9.915291743356206e-05,5.98096350759391e-11,405932558898.9982,25176030.84,2.8957850057274284,2.442595826816462e-16,7.753817944388426e-05,4.428821822516351e-11,317441709318.496
572,28013.0,86.68296,2.9865832878296016e+16,0.0804966428519189,6.051564995945072e-08,27734393041946.094,6146246712.97,2.8957850057274284,2.9024122767054626e-15,0.0012832422013056193,9.7367569723461e-10,442129538799.4402
573,68869.0,9.065529,1.0164268377085804e+16,0.01797034713056918,1.4046579644020974e-08,20148347775899.117,1953261092.59,2.8957850057274284,8.919017743015534e-16,0.0005689512698895434,4.476140618695136e-10,637907991981.6149
574,129331.0,3.2597532,6440344910164162.0,0.0008335204062271121,5.605079164986711e-10,1646799182761.0586,180301984.29,2.8957850057274284,5.061457492525676e-16,0.00019080976621352902,1.2612033494605184e-10,376985811883.83075
575,41629.0,25.64416,1.0063107774575702e+16,0.051843752937671614,3.990513449075904e-08,20344174784834.64,3376497490.58,2.8957850057274284,2.548334031042538e-15,0.000733811084145106,5.87444670675029e-10,287957181125.46643
576,87915.0,19.762514,2.770989045475158e+16,0.026044701551876537,1.9437540476638122e-08,36518422045353.0,3021077765.93,2.8957850057274284,7.131935087318688e-16,0.0007000489475624067,5.364168772540019e-10,981569432407.1533
577,33828.0,21.17743,9553118975818758.0,0.04240794405925874,3.193946423928206e-08,19130184121395.516,4649955160.12,2.8957850057274284,2.216807940276382e-15,0.0007194333663738627,5.497162907257475e-10,324535722424.4545
578,101740.0,8.806223,8660266384400781.0,0.0038449103219159934,2.6931760172283283e-09,3781183784685.519,688328109.41,2.8957850057274284,1.0168535942337895e-15,0.00033414950391198576,2.4687664617799833e-10,328611223687.2911
579,18682.0,131.85548,1.0898612831215592e+17,1.8739111705712137,1.7467462924158777e-06,1548895224388524.5,21379786757.81,2.8957850057274284,1.209837270504207e-15,0.0015012404316516832,1.269541893944771e-09,1240861451578.5518
580,5878.0,4.046848,1878044985771843.0,0.036469205034442925,2.5847579368778557e-08,16924482374930.018,6734439340.13,2.8957850057274284,2.1548195227798644e-15,0.0008387990750148782,6.126216243135233e-10,389266509861.935
581,11277.0,73.029785,1.3636162830385406e+16,0.09354853698328515,7.205415176097118e-08,17467435825648.498,7155326280.33,2.8957850057274284,5.355596431957239e-15,0.0014192464858067487,1.1199963744766029e-09,265002507907.0559
582,102232.0,20.828257,3.8378271493284824e+16,0.025760092870362204,1.9861005420355866e-08,47465701900595.49,3727791321.52,2.8957850057274284,5.427096163943806e-16,0.0007852395960532168,6.792688039690965e-10,1446887197743.3186
583,75974.0,17.578457,1.5712161867841918e+16,0.024240693188856674,1.8547924045416064e-08,21667072096942.816,2809810099.97,2.8957850057274284,1.1187802892979246e-15,0.0007455475091977552,5.825630689593533e-10,666393139322.8365
584,43470.0,42.59862,2.264299213186492e+16,0.07209048377058135,5.355388519288811e-08,38319181626062.28,8022943639.76,2.8957850057274284,1.881315850481263e-15,0.0010512461908857163,7.981426834455494e-10,558782402549.1493
585,36049.0,36.070473,2.5137739525598404e+16,0.026773827718079915,2.1053901229331963e-08,18658848950506.957,2515695090.9,2.8957850057274284,1.4349131497392005e-15,0.0009497082955063058,7.376531666168739e-10,661857685030.5664
586,64519.0,20.938793,2.683392736578647e+16,0.05053761774722409,3.743541965365815e-08,64766042811965.93,4587936546.5,2.8957850057274284,7.803104150418613e-16,0.0007803462119391131,6.062430994332594e-10,1000045875201.153
587,17954.0,19.00868,9886112798334250.0,0.05913408657627237,4.2365080609445276e-08,30754699964410.566,4115576632.21,2.8957850057274284,1.9227658421217738e-15,0.0008135655425951213,5.93858713760484e-10,423122527336.6366
588,11692.0,70.148,3.768970852043887e+16,0.23241412987734078,1.7804644901200036e-07,124873422066322.61,23615466040.45,2.8957850057274284,1.861197731522896e-15,0.001675610237133964,1.3040739049618049e-09,900285987219.0593
589,61700.0,19.478289,1.0860784486849266e+16,0.022055935388696945,1.7007999593695768e-08,12298039161063.354,2426554366.98,2.8957850057274284,1.7934513868298557e-15,0.0007618477158048051,5.812925195782069e-10,424794182546.23785
590,33737.0,41.082672,2.426246994003412e+16,0.09821825382854356,7.247169238840713e-08,58005414815221.34,8988208858.78,2.8957850057274284,1.6932600885869342e-15,0.001119609364108818,8.230207414988668e-10,661215233061.5427
591,33250.0,30.46431,3.2378519079119396e+16,0.17234414249112184,1.2873723010655083e-07,183173297075274.66,10477069477.37,2.8957850057274284,9.408802769996405e-16,0.0010796322023154284,8.069283088421403e-10,1147470330399.7952
592,114786.0,10.091004,8809384879507165.0,0.009181420262104754,6.9203766191868664e-09,8015323829956.497,1326797179.4,2.8957850057274284,1.145483383689388e-15,0.0004930222414686468,3.7890806472024075e-10,430405406563.57166
593,148083.0,7.2416887,2.082779312357752e+16,0.0030646057394092233,2.452732218043496e-09,8814100825093.963,325095652.44,2.8957850057274284,3.4769351976145033e-16,0.0003400244610104071,2.8062574647489463e-10,977943049510.0833
594,76263.0,23.334682,2.755975889921636e+16,0.02648013648732985,2.0511389918460078e-08,31274742771688.625,3400808160.45,2.8957850057274284,8.466939818063323e-16,0.0007341772655794802,5.842394546552507e-10,867110527953.902
595,48990.0,21.310762,1.4787977100631068e+16,0.0495787887116404,3.8638693793219214e-08,34403743617650.29,4572821035.47,2.8957850057274284,1.4410870300232326e-15,0.0008925286233121517,6.823004670179374e-10,619344012344.461
596,56101.0,17.027267,1.0948608902483002e+16,0.030759045637240478,2.2721725710331496e-08,19778204035666.56,4393865111.78,2.8957850057274284,1.555199126360102e-15,0.000843414363804636,6.327633173950549e-10,542319211417.39746
597,58799.0,15.018422,1.1897839427587822e+16,0.04175987053495699,3.5061102568084965e-08,33082852122664.707,2140270017.39,2.8957850057274284,1.2622814496198698e-15,0.0005958980398403951,4.853212202466689e-10,472080168824.3513
598,45064.0,22.764154,1.8133293142249364e+16,0.19350009813973232,1.5069758776812937e-07,154136806604883.56,6796140256.56,2.8957850057274284,1.2553789221529234e-15,0.0009128787790360576,6.826846864328564e-10,727173893815.668
599,49591.0,19.59928,1.931974930005885e+16,0.035737409481378365,2.7488513483393894e-08,35227712028899.84,3648836389.39,2.8957850057274284,1.0144686504777937e-15,0.0006522437664444508,5.058380509149186e-10,642941273875.006
600,29393.0,30.682802,4.2117657918812136e+16,0.0541273695461154,4.035999625373849e-08,74299538698858.67,7384093211.96,2.8957850057274284,7.285020942794475e-16,0.0009412147018067205,7.173853174081841e-10,1291986267709.5862
601,73849.0,18.611391,1.1497557888329142e+16,0.0256478995181808,2.030402607770417e-08,15844501328478.502,2765495917.99,2.8957850057274284,1.6187255746624174e-15,0.000719773495587166,5.606951655179348e-10,444654428677.4944
602,106030.0,25.258623,4.300466809330667e+16,0.02555119630187561,2.0750375585924312e-08,43502795712540.836,3576157935.83,2.8957850057274284,5.873460747376702e-16,0.0007454871863401593,6.065300158970276e-10,1269246902983.255
603,67039.0,16.042875,1.2739708234048434e+16,0.011599852243052756,8.500196655565857e-09,9211486914568.893,1426275895.33,2.8957850057274284,1.2592811942995245e-15,0.0006039957158933184,4.464797512657105e-10,479635301970.25714
604,131135.0,6.503769,1.2983638512109544e+16,0.002266455801568029,1.5390995241248322e-09,4524583027354.257,299355597.96,2.8957850057274284,5.009203694275748e-16,0.0002595063026463494,1.64919949765333e-10,518058993973.23254
605,62709.0,48.06961,4.113769446251539e+16,0.04261082675039627,3.328131448496308e-08,36466099301678.95,7161491312.76,2.8957850057274284,1.1685052025412109e-15,0.0010343175393535062,8.303528726216038e-10,885162973262.0106
606,79352.0,4.36906,5570109441884875.0,0.0007133812402432104,5.815233955066469e-10,909488901947.3866,116513949.03,2.8957850057274284,7.843759706311173e-16,0.00022794740342061125,2.061190387488334e-10,290609875819.12067
607,13449.0,68.39026,4.2632265282957624e+16,0.09327006210275979,7.275458646458971e-08,58141525277470.62,5696007289.73,2.8957850057274284,1.6041901490826764e-15,0.0012774694626627914,9.858070513970289e-10,796332943069.9263
608,70840.0,14.427286,1.1033529837180204e+16,0.02401879955447009,1.8605949130749867e-08,18368814587684.496,2887136261.21,2.8957850057274284,1.3075857148982093e-15,0.0005895701969572693,4.6437618150392674e-10,450884550236.28424
609,63170.0,17.820433,8840912541477820.0,0.01903316985739665,1.3277291539491226e-08,9442564616490.275,2154437270.16,2.8957850057274284,2.015678010204724e-15,0.0005681292127427219,4.3870188918116015e-10,281855142471.40063
610,70342.0,12.245974,6165245679035160.0,0.021117904036598485,1.6878605340623694e-08,10631826150530.611,2875408886.92,2.8957850057274284,1.9862913235789258e-15,0.000655614002226544,5.068337491860803e-10,330069408471.89026
611,81506.0,13.141512,1.2111799191428476e+16,0.00592041102588473,4.286645231919508e-09,5456512878901.218,825465699.24,2.8957850057274284,1.0850173283338657e-15,0.00044900224975071116,3.179737423459378e-10,413820349247.50134
612,63740.0,18.31373,1.198294799086172e+16,0.039992210675531936,3.2917640234347323e-08,26167502773300.91,3663022766.1,2.8957850057274284,1.5283159047311378e-15,0.0008050516423428417,6.599439971195175e-10,526757354190.1122
613,27391.0,36.54201,1.5534120470941712e+16,0.07978916282697861,6.122117180506854e-08,33918617712322.61,2890919421.34,2.8957850057274284,2.352370709906355e-15,0.000842204120451624,6.564017675837023e-10,358023553390.1674
614,47297.0,45.327286,2.79975047821001e+16,0.12227089172182794,9.301735794020027e-08,75523601295994.67,12301691207.62,2.8957850057274284,1.6189759177746264e-15,0.0010590352495326216,8.236466569987199e-10,654138976315.5497
615,1.0,203.8096,2.9178994795290524e+16,0.28785668810552234,2.151093314765659e-07,41211840875113.85,17191385531.41,2.8957850057274284,6.984805385855676e-15,0.0021260568921423082,1.6854845951445158e-09,304383125183.07263
616,28996.0,65.08477,8.441079415028397e+16,1.2870931890477475,1.042740264825447e-06,1669277747051144.8,28163892275.63,2.8957850057274284,7.710479525180614e-16,0.0010515623896380597,7.863021917656298e-10,1363809327557.2603
617,38635.0,13.190405,1.1978103768063812e+16,0.04150202111009376,2.9681790622119624e-08,37687661253849.13,1679877698.48,2.8957850057274284,1.1012097787271174e-15,0.00044910862100641994,3.458124592042842e-10,407832031355.13586
618,34414.0,25.875343,9009337513750998.0,0.04578337486464315,3.3871655333613885e-08,15940962663727.938,5408955699.27,2.8957850057274284,2.872058346188755e-15,0.001028082063428944,7.765860920958686e-10,357960020134.4159
619,44735.0,18.921236,8705438194409742.0,0.05494782838423083,4.090227157498056e-08,25280849724402.508,6260633801.8,2.8957850057274284,2.1734961040962192e-15,0.0009528359653916832,7.436357339486021e-10,438388623561.80316
620,85504.0,33.16649,4.662458734223099e+16,0.035250782151514705,2.7777933694953738e-08,49554630933368.43,3806511623.66,2.8957850057274284,7.113519258959511e-16,0.0009059517225405705,7.379222515191721e-10,1273563322963.5527
621,69517.0,22.103962,2.1779214711091228e+16,0.03553932056712616,2.7412704114624095e-08,35017183494874.863,3588651341.97,2.8957850057274284,1.0149108814627457e-15,0.0007661444940319727,6.0507123377697e-10,754888441956.3646
622,19636.0,76.828255,3.91785404529455e+16,0.2176708661971033,1.7391157856566685e-07,111001178365054.62,24735536623.9,2.8957850057274284,1.9609779770196604e-15,0.0014220173032542483,1.0781556418698047e-09,725157202130.0632
623,1665.0,11.945862,981332309952640.2,0.025182412150307087,1.838091019329047e-08,2068692463184.347,10385012416.98,2.8957850057274284,1.2173105765341116e-14,0.0010131025272044083,7.524994415520876e-10,83224654967.58287
624,29510.0,95.134766,3.920815853907236e+16,0.14550244116794298,1.122919902320727e-07,59966330091512.05,14659547014.5,2.8957850057274284,2.426402298521486e-15,0.0015967448285740334,1.2317297165301765e-09,658070934711.4452
625,50039.0,10.197347,6752420250945338.0,0.04526790954928983,3.3650594713134645e-08,29975242497738.527,4069369316.31,2.8957850057274284,1.5101765916557656e-15,0.0006384305570299969,4.5736412058683787e-10,422752253317.61914
626,52003.0,129.52318,1.079694108578469e+17,0.07883358420843145,6.155852327273608e-08,65714998989345.43,4441246188.42,2.8957850057274284,1.1996284778336978e-15,0.001399899157136992,1.1020855198838334e-09,1166943918891.4097
627,63127.0,30.267435,1.0757867940394456e+17,0.06809390454664602,5.388769653759008e-08,242024219316451.34,4371910592.55,2.8957850057274284,2.813516132350867e-16,0.0008985735543335584,7.17922116228247e-10,3193774309666.9023
628,100969.0,34.27462,7.548747346930138e+16,0.8075522120209636,7.484425719150994e-07,1778577740030615.2,5085616207.06,2.8957850057274284,4.540438091882691e-16,0.0008210828526759087,6.702052696599367e-10,1808378037669.5918
629,113516.0,7.12578,9164041712406252.0,0.0022525773946557998,1.546437706557933e-09,2896905771024.2456,363159213.09,2.8957850057274284,7.775804850771402e-16,0.0003098131853459335,2.1533329852220706e-10,398432305454.7831
630,62108.0,35.76473,6.889637918383983e+16,0.21486122889576945,1.8221186656623597e-07,413903885137920.4,10902569894.96,2.8957850057274284,5.191089927174125e-16,0.0009851923578076164,7.871573239925112e-10,1897852612127.4995
631,7259.0,56.71728,6.963044852280049e+16,0.22462053405620708,1.7732859240979125e-07,275761258892610.53,6560070008.01,2.8957850057274284,8.1454710120713825e-16,0.001243388751665088,9.994156361427847e-10,1526478640489.196
632,49458.0,29.390364,2.7113547493603828e+16,0.06851982457450909,5.139425165880295e-08,63211721973036.97,6864519617.11,2.8957850057274284,1.0839733903109979e-15,0.0009326642519272292,7.069570926870729e-10,860412497450.3689
633,79899.0,18.183062,2.0770045003495816e+16,0.018027343821313116,1.3318398041637915e-08,20592172124924.043,2632914116.42,2.8957850057274284,8.75446442072687e-16,0.0006229775576612402,4.774493018911889e-10,711611273656.3219
634,13655.0,1.0846274,270314263344824.56,0.025093088963110192,1.7990321895451022e-08,6253778816678.686,6887666335.48,2.8957850057274284,4.012468252984499e-15,0.0008323930771362117,6.137011180558929e-10,207451629434.59366
635,77481.0,24.930264,3.3481575406051732e+16,0.05128571961166804,4.021755262535291e-08,68877196343836.94,6246518465.75,2.8957850057274284,7.445965041266816e-16,0.0008880300602858582,7.201867462299544e-10,1192632594115.3943
636,104322.0,0.60617095,4174735307357155.5,3.800197860258872e-05,2.4337395637631185e-11,261721881956.99292,4369734.8,2.8957850057274284,1.4519985229524422e-16,3.839927822470497e-05,2.4602785759431037e-11,264458108033.2316
637,73019.0,28.534407,1.987078436658172e+16,0.028066579574595026,2.141513975581434e-08,19544998802122.805,3446867881.74,2.8957850057274284,1.43599801968505e-15,0.0007523950253416588,5.828870706388246e-10,523952690064.766
638,66222.0,28.038322,1.894359095968402e+16,0.036151431912432704,2.8072818265806947e-08,24425068617016.117,3720594756.4,2.8957850057274284,1.4800954085036726e-15,0.0008282168106385335,6.453858147265045e-10,559569880346.9928
639,59434.0,18.100657,2.7598615406525132e+16,0.16937107650881306,1.295950235716853e-07,258245167650868.94,3899439461.95,2.8957850057274284,6.55853807641396e-16,0.0008190636465483606,6.276722864071421e-10,1248850943617.916
640,46427.0,53.385666,3.217931959256806e+16,0.09038124930455758,7.201474752768933e-08,54479176237061.984,5455404598.21,2.8957850057274284,1.6590054319336706e-15,0.0012162352330254372,9.534528599042042e-10,733111061371.1747
641,13830.0,104.875854,1.0256985664008101e+17,1.0406765947329863,9.793651999496958e-07,1017794325950853.2,32823096611.93,2.8957850057274284,1.0224822129566854e-15,0.001378907937413207,1.0814014963325898e-09,1348588679529.0596
642,81399.0,14.488186,2.617297535189782e+16,0.03872462381103494,2.8715982439248497e-08,69956212911522.04,2691615568.92,2.8957850057274284,5.535551768648822e-16,0.0006569753322128081,4.693563487369213e-10,1186828991345.8254
643,14944.0,15.3595,8161144746909765.0,0.030511208041447923,2.3063654346241032e-08,16211880935533.95,6763382732.86,2.8957850057274284,1.8820276415040804e-15,0.0007428148704281976,5.747545025092772e-10,394688608204.79456
644,67339.0,23.491451,2.264906663207688e+16,0.15580188693410751,1.1322221906962973e-07,150214957712655.1,4766637397.46,2.8957850057274284,1.0371928954780896e-15,0.0007027510634761521,5.21628353628606e-10,677550980670.9792
645,56734.0,28.2755,3.938398910653513e+16,0.06630789230762,5.227686353676615e-08,92358024025060.95,5773024505.11,2.8957850057274284,7.179440336405167e-16,0.0008410536188082576,6.584768062471305e-10,1171475183857.2744
646,121395.0,11.850464,1.4341755620303924e+16,0.0066020304243863065,4.869165991671317e-09,7989957772485.518,574488270.43,2.8957850057274284,8.262910283607852e-16,0.0004667692433167685,3.684178810778928e-10,564896903507.177
647,95412.0,5.645436,5475219347714129.0,0.0007238639668813632,4.959975428042187e-10,702038601904.6074,115251974.98,2.8957850057274284,1.0310885539876929e-15,0.00015214795487652924,1.0932629782190829e-10,147560511934.79282
648,55542.0,27.499378,1.2730213310957416e+16,0.0972675309894451,7.740806411805664e-08,45027797273298.22,4300893169.46,2.8957850057274284,2.160166316799276e-15,0.0008601758607347414,6.685900377850868e-10,398198904429.3896
649,76562.0,10.249833,2.2850526738917236e+16,0.0948550888655006,7.254024920074716e-08,211465761875680.5,3511954596.07,2.8957850057274284,4.485600317713151e-16,0.000669984630260973,5.256954078623067e-10,1493634258084.199
650,162704.0,2.8593628,6247784376752906.0,0.000502195546351971,3.621464668080331e-10,1097310732507.5133,40830760.99,2.8957850057274284,4.576602884438957e-16,0.00016484798892474966,1.1806172524847695e-10,360197275331.12866
651,67927.0,13.072041,1.4707060446133706e+16,0.032308623390229045,2.301591060484224e-08,36349708292030.9,3087113863.53,2.8957850057274284,8.888275837226513e-16,0.0006226238633313731,4.841265595997485e-10,700500158561.2985
652,29988.0,7.420478,7840385521578975.0,0.1886183085884948,2.433372122333406e-07,199291778206464.56,4719831534.13,2.8957850057274284,9.46443000739789e-16,0.000775805244552764,6.024997963461172e-10,819706251666.8773
653,43413.0,54.895008,4.019244676664829e+16,0.13739575677372148,1.0845002486309264e-07,100596973045183.95,12468059266.89,2.8957850057274284,1.365804085496778e-15,0.0012471351226284162,1.015335598678621e-09,913114212991.0977
654,32019.0,82.736565,5.73871629259484e+16,0.41788433024159094,3.6860309140153194e-07,289850033582793.8,17840023969.18,2.8957850057274284,1.441726002499237e-15,0.0015540856380941773,1.221998274076389e-09,1077934111891.0005
655,120693.0,5.355203,9167157017379432.0,0.0034943350340924865,2.5303415867623646e-09,5981681353415.685,314405667.32,2.8957850057274284,5.841727145992383e-16,0.0003601298037784485,2.7995581915896057e-10,616478303040.0682
656,116470.0,8.130353,7419016815882217.0,0.00456047741622135,3.2100460896747814e-09,4161474740321.519,745324050.0,2.8957850057274284,1.095880114814539e-15,0.00039479564003748506,3.0367160276738427e-10,360254406207.83435
657,71444.0,7.388499,7465312184383592.0,0.0060687819154891165,4.547692330149184e-09,6131874901528.401,672995028.84,2.8957850057274284,9.897106534212629e-16,0.00037101718949480273,2.746219747739061e-10,374874402141.938
658,24549.0,53.015633,4.309588510898059e+16,0.13722836413559497,1.1069703078516843e-07,111551583558022.47,11871748134.43,2.8957850057274284,1.23017853945764e-15,0.000987420593270186,7.777526682628041e-10,802664460156.7501
659,39049.0,96.72311,6.298889659455639e+16,0.5782712463882905,5.437811410629279e-07,376587019817262.56,9789673130.59,2.8957850057274284,1.5355580940333377e-15,0.001675703734809135,1.3429070881477982e-09,1091266908963.1686
660,63920.0,48.76554,5.8052828065026264e+16,0.12083806405947517,9.013880844920227e-08,143851403194865.5,12296206700.59,2.8957850057274284,8.400200580301899e-16,0.0011083249583092598,8.437891932273811e-10,1319402968672.2397
661,26573.0,32.24968,1.1666626457831488e+16,0.050985197615120506,3.794931219173185e-08,18444376981549.332,4787365838.31,2.8957850057274284,2.76426781268476e-15,0.0009214114236211357,6.90113887970443e-10,333329288643.0662
662,54341.0,13.92049,2.970874423661343e+16,0.01227931423485241,9.438176585842208e-09,26206190012293.88,1555065803.24,2.8957850057274284,4.6856541256443315e-16,0.0005563431569331099,4.22642820499664e-10,1187332957181.5254
663,3015.0,94.0236,5.4517421438084e+16,0.15655222437595379,1.2099185725385637e-07,90773205805493.08,11279049421.09,2.8957850057274284,1.7246523683586829e-15,0.0015157095691221377,1.2014264174215157e-09,878849324611.7814
664,71274.0,33.96193,4.1957181471861304e+16,0.10389978588446645,8.389618914901518e-08,128359671292005.27,6155385068.25,2.8957850057274284,8.094425985877212e-16,0.0009083567932692462,7.196835178074279e-10,1122200381909.855
665,122532.0,10.136551,1.3396532133658266e+16,0.005421401791814572,4.028065333682472e-09,7164960084896.373,798834757.66,2.8957850057274284,7.566548490957828e-16,0.00039865978359690415,2.8608140598624446e-10,526871378771.061
666,175951.0,2.712902,7213958155503613.0,0.0004617085655962013,3.3725881955086166e-10,1227742938096.7654,132969157.15,2.8957850057274284,3.760628966124922e-16,9.916276505198293e-05,6.895360591127944e-11,263686649082.43677
667,78506.0,6.6335707,1.2481635742428342e+16,0.024705225384342184,1.8240159396523182e-08,46485013596365.734,5261071252.68,2.8957850057274284,5.314664549495511e-16,0.0007518235042416966,5.444248540384707e-10,1414620804831.5347
668,57564.0,47.710865,4.2326021951525224e+16,0.14327551141321737,1.0945382894465616e-07,127104852137806.38,5449048504.92,2.8957850057274284,1.1272229895510114e-15,0.0014220528266885076,1.124322711037705e-09,1261554137797.4656
669,29177.0,27.950014,6.047762556098392e+16,0.03577956351490655,2.8357023622841902e-08,77419032598336.45,3993892266.73,2.8957850057274284,4.621546190138698e-16,0.0008078733265211439,6.580733974508768e-10,1748058535571.8335
670,59898.0,28.526045,2.757768994388961e+16,0.06161523509570614,4.552890282722742e-08,59566822154604.65,7710563921.47,2.8957850057274284,1.0343884878697217e-15,0.0011395713466124387,8.635435276104119e-10,1101686029935.7512
671,66169.0,24.431952,2.4436477211474492e+16,0.025911466769122024,2.0558666642247312e-08,25916266011800.0,2589095616.53,2.8957850057274284,9.998148173554096e-16,0.0007798947014720308,6.430871414519272e-10,780039151184.9313
672,59218.0,27.24313,2.558809613374086e+16,0.04431909882496055,3.348969076205032e-08,41626691253679.45,3574843119.54,2.8957850057274284,1.0646798361866706e-15,0.0008317767743660149,6.659448478385097e-10,781245916467.3982
673,69459.0,19.40037,2.4002972461925028e+16,0.08812881762590599,7.299641696791798e-08,109036764895547.58,4659490209.48,2.8957850057274284,8.082486463197025e-16,0.0006595592485216267,5.366717245612662e-10,816035079705.8289
674,13037.0,13.110439,4585801749284717.0,0.018233771797232543,1.3936507208332034e-08,6377853754844.314,6490182268.29,2.8957850057274284,2.8589197084337403e-15,0.0005753266276562513,4.4889441828343353e-10,201239169452.38177
675,25854.0,28.950365,1.1164632507358668e+16,0.1049362439449308,8.146914507565485e-08,40468387888984.94,9529556033.94,2.8957850057274284,2.5930423577237016e-15,0.0009431389960986575,7.132120281857441e-10,363719085918.2843
676,44467.0,24.749653,1.5110155862456286e+16,0.08448060800679945,6.630797772047165e-08,51577092993498.22,5778076596.37,2.8957850057274284,1.6379482266953089e-15,0.0007312236440372766,5.478814689626694e-10,446426591585.6074
677,109004.0,13.1993685,1.6793110480471312e+16,0.01076075359095621,8.07832261904374e-09,13690543142731.111,1920419913.64,2.8957850057274284,7.859990271218385e-16,0.0005204817797159155,4.1867409452975393e-10,662191379067.9987
678,90872.0,14.761682,1.7356117561867448e+16,0.022434123901666065,1.700818285214775e-08,26377027484728.14,1777109192.44,2.8957850057274284,8.505175162233519e-16,0.0005828974879435287,4.4157177771276136e-10,685344483593.7461
679,25619.0,17.454601,2.9119709019918356e+16,0.06554388491929727,5.4090834318080517e-08,109347607366387.33,2780729207.23,2.8957850057274284,5.9940849642627845e-16,0.0006305411771292992,5.01165252776177e-10,1051939004683.1772
680,40432.0,29.448078,1.1121717719905764e+16,0.04713372890017438,3.634577029174205e-08,17801094791799.445,4484102942.86,2.8957850057274284,2.64779944444135e-15,0.0009952556240399864,7.812240306614745e-10,375880290378.25104
681,4.0,35.325497,3.2110031290446536e+16,0.059313565800909525,4.437060145295021e-08,53914611698602.984,4965145439.18,2.8957850057274284,1.1001389777689234e-15,0.0009042974058093172,7.189189991187361e-10,821984698372.5892
682,15122.0,52.26882,1.289815189948646e+16,0.13341096055685375,9.09404418956133e-08,32921248926581.78,9286453160.68,2.8957850057274284,4.052427076942789e-15,0.0009389560715932786,7.180691893264183e-10,231702151270.20642
683,65967.0,16.388437,1.5256777231835604e+16,0.02618217770196546,1.9250562306255384e-08,24374237313980.61,4380380204.19,2.8957850057274284,1.0741742342414894e-15,0.0006655638490342567,4.835960872780386e-10,619605114159.3745
684,86923.0,20.10279,2.122612390613662e+16,0.021626928653742973,1.7770906755660483e-08,22835430669749.066,3321852599.11,2.8957850057274284,9.470777655353336e-16,0.0006773866094798675,5.310376191461158e-10,715238636287.6719
685,96363.0,20.249323,2.716330573595538e+16,0.027627923003337752,2.2129657122400344e-08,37061274561579.07,4157445401.72,2.8957850057274284,7.454660782761976e-16,0.0006914155834744271,5.362486146340808e-10,927494360405.0289
686,79935.0,8.073191,7644381987877219.0,0.0036274179629807407,2.5441251560006007e-09,3434746996412.23,556213892.48,2.8957850057274284,1.0560946604712851e-15,0.00036030436497366006,2.579161676983906e-10,341166732926.0743
687,46913.0,36.05994,1.5041954923563216e+16,0.055214249758484046,4.2047066381838145e-08,23031936714411.566,5383504955.035,2.8957850057274284,2.3972907898767943e-15,0.0009388069845527484,7.063383555360584e-10,391611642824.9396
688,24718.0,16.428106,1.1357297460928676e+16,0.020694747346785145,1.5325558433480515e-08,14306968891983.25,3953948901.56,2.8957850057274284,1.4464802085633397e-15,0.0005839335146055569,4.392527937108799e-10,403692709480.9864
689,191060.0,0.431076,7182548617596830.0,2.251193224773462e-06,1.414419168292889e-12,37509174216.47222,5062780.7,2.8957850057274284,6.001713638859174e-17,1.904596211616349e-06,1.1619374735740391e-12,31734206698.645176
690,35844.0,35.708252,1.4712216196895836e+16,1.0776305925988452,9.597907472796832e-07,443996369766383.06,7424889504.92,2.8957850057274284,2.4271157738651343e-15,0.0011982751831566007,9.154921306073928e-10,493703347841.69403
691,127053.0,8.882238,1.311290358906498e+16,0.0034314704471245737,2.4365235818556982e-09,5065901312469.925,390491855.93,2.8957850057274284,6.77366224777784e-16,0.00039202271889035795,3.0391817725646486e-10,578745595145.3212
692,38449.0,22.710743,3.2180446333486484e+16,0.039627008252391134,3.035380946966708e-08,56150290301937.67,3510453813.49,2.8957850057274284,7.057311376184222e-16,0.0008313646364683003,6.210802682338881e-10,1178018925555.48
693,35970.0,78.79434,3.64915817869351e+16,1.5139635487975818,1.647524525410184e-06,701153466903656.6,5700537982.13,2.8957850057274284,2.1592470411411526e-15,0.0012735977379661318,1.0033516240578028e-09,589834193910.9667
694,67090.0,8.445354,9154983452284426.0,0.05988579699129052,4.699915883764282e-08,64917761941314.62,2924232448.79,2.8957850057274284,9.224870852052329e-16,0.0006122412701376005,4.776865343438965e-10,663685465039.7522
695,78083.0,20.086351,3.5610842767005196e+16,0.02582831772137213,2.030209909550635e-08,45790704409777.41,3254810200.26,2.8957850057274284,5.640515483281617e-16,0.0007721946348610879,6.158027790484522e-10,1369014298692.8381
696,100475.0,19.795437,3.202214891294625e+16,0.023376226087184322,1.7862410230681634e-08,37814623278410.836,2779943298.22,2.8957850057274284,6.181795311056372e-16,0.0006661618961703148,5.236653575915612e-10,1077618818887.2241
697,96583.0,7.0637455,7013387430267026.0,0.0016783585320556112,1.2102429526454295e-09,1666393364851.585,222133595.84,2.8957850057274284,1.0071802777521812e-15,0.0002299002688728297,1.6167070030798182e-10,228261289414.7607
698,64866.0,17.092596,1.0486089807243118e+16,0.008753531474051416,6.811451545568261e-09,5370179998838.818,1532172379.49,2.8957850057274284,1.6300257116044849e-15,0.0005476599084624876,4.29639999260268e-10,335982374120.5953
699,25737.0,110.83092,7.196229482729773e+16,0.7648980966950357,7.07926784438842e-07,496646805306741.5,30210478964.4,2.8957850057274284,1.5401248704753382e-15,0.0015340374781081991,1.2006862905515675e-09,996047468303.4888
700,108667.0,12.404437,1.935451755763762e+16,0.011281101645572283,8.779072964065691e-09,17601788768706.184,1729841101.91,2.8957850057274284,6.40906546136305e-16,0.0005781258676679798,4.519357539556511e-10,902043942526.7263
701,72865.0,6.7249413,7962634243287728.0,0.0034061682419347207,2.4589592966897325e-09,4033057044175.0273,461472175.72,2.8957850057274284,8.44562376536249e-16,0.00034831768703757717,2.824601862043179e-10,412423873848.26544
702,54525.0,6.11905,5437718069144016.0,0.4459412812297728,4.4214382236628e-07,396287489515589.6,5877544768.03,2.8957850057274284,1.1252973990546068e-15,0.0004850639818101149,3.529731895297202e-10,431054032665.1696
703,57087.0,38.9402,3.618341303191715e+16,0.05462856553139767,4.403951870294823e-08,50761114477165.37,6856974378.08,2.8957850057274284,1.0761892463171206e-15,0.0009643597495141809,7.922100340327172e-10,896087516962.6189
704,34194.0,10.523528,4882006378793143.0,0.005275704630313255,3.919592216460557e-09,2447470435562.848,899218409.25,2.8957850057274284,2.155574405988685e-15,0.0004150182534136662,3.245095972063327e-10,192532557568.2516
705,42370.0,59.71126,5.507399975734622e+16,0.27352888433781136,2.0962482233679434e-07,252286247345103.84,5334883216.85,2.8957850057274284,1.0842005349726796e-15,0.0011438641725443888,9.129107448214669e-10,1055030075753.6636
706,62575.0,86.03283,1.3493791109994293e+17,0.06570364902874617,5.03254153421482e-08,103052673631482.34,4024641052.14,2.8957850057274284,6.375734535884363e-16,0.0010938395474884982,8.612784521648864e-10,1715629064121.2751
707,92264.0,61.273743,7.950948013776045e+16,0.0426937266642896,3.236773677645165e-08,55399847406438.13,2903013402.06,2.8957850057274284,7.706470083043598e-16,0.001148226566112844,9.16081866633368e-10,1489951370393.6453
708,57950.0,26.006567,2.295959978412977e+16,0.07794131224518737,6.26499213902988e-08,68809594738105.76,5156648295.32,2.8957850057274284,1.1327099446209149e-15,0.0008328913899249779,6.560815033378985e-10,735308623253.6985
709,81666.0,10.190581,1.3954012454315876e+16,0.006041849291802899,4.280055990946299e-09,8273133814933.339,890703577.1,2.8957850057274284,7.30297542256251e-16,0.00045886797059636056,3.298255523682722e-10,628330158662.0298
710,64280.0,30.321005,2.1956032175321612e+16,0.07128557453484252,5.512745171475409e-08,51619277399389.945,4557174716.56,2.8957850057274284,1.3809874551960505e-15,0.0009454891499379114,7.315003750842567e-10,684647167778.7152
711,61380.0,107.43173,9.284651361925346e+16,0.0739888570552185,5.907228829153098e-08,63943933735874.32,7279783181.12,2.8957850057274284,1.1570895428616506e-15,0.0010413316948463499,8.173976356103587e-10,899957744213.1101
712,123853.0,5.3236265,9875119379177312.0,0.0018783645732374612,1.272706013951328e-09,3484292971781.0547,208154558.43,2.8957850057274284,5.39094900586762e-16,0.0002820893207931855,1.861006950075099e-10,523264680274.5744
713,13228.0,29.474607,1.0580988873876206e+16,0.059017484166691475,4.495175797295762e-08,21186485822590.535,5462445072.66,2.8957850057274284,2.78561931699701e-15,0.000935686604974891,6.924058681174394e-10,335898950465.2029
714,21833.0,38.68155,1.4700674051048588e+16,0.38949567776635546,4.232244024101107e-07,148025324815976.72,5652195642.25,2.8957850057274284,2.6312773050866245e-15,0.0010478058214702225,8.534669000110006e-10,398211856821.274
715,117943.0,6.829538,8745296283087701.0,0.002465549122259572,1.7171336306988269e-09,3157161959515.677,328521205.13,2.8957850057274284,7.809384358089119e-16,0.00029831951666651747,2.2002117419277175e-10,382001324288.1458
716,123599.0,13.552015,3.2503259641513716e+16,0.011445966869368326,8.682159065971615e-09,27452097197593.316,853506416.03,2.8957850057274284,4.1694325890598174e-16,0.0005395194032432892,4.038129310727849e-10,1293987591162.7285
717,146028.0,0.4616988,5531030263111245.0,7.148320363191746e-05,3.923741840989938e-11,856349989630.2073,1821812.1,2.8957850057274284,8.347428562798914e-17,5.8376563003414354e-05,3.2043130574999666e-11,699335880076.5891
718,94068.0,5.194645,7612350883757607.0,0.002953074127888741,2.2824043763392137e-09,4327501965434.708,326057775.6,2.8957850057274284,6.823969466625296e-16,0.0002999821760030447,2.357165099577052e-10,439600700838.71124
719,46975.0,18.997885,5728715665953756.0,0.03269072307787455,2.6583941530433117e-08,9857721395175.092,4461990370.37,2.8957850057274284,3.316255528775157e-15,0.0007328821664099799,5.690075900823429e-10,220996892444.13153
720,95224.0,14.99595,1.3901854173457848e+16,0.009458645650786081,7.005762198949111e-09,8768548342428.416,1512702485.1,2.8957850057274284,1.0787014316860737e-15,0.0005397577576513903,4.084141273320156e-10,500377344273.7692
721,130518.0,1.0320361,5404034755337484.0,0.0002973715183076675,1.9562126277564678e-10,1557121907055.4917,40043194.74,2.8957850057274284,1.9097510410729196e-16,7.615155960185019e-05,4.58610925730516e-11,398751240156.7662
722,89490.0,24.333033,3.5166103607661044e+16,0.020060817644893827,1.518311744173511e-08,28991897218679.28,1799032387.11,2.8957850057274284,6.919456665281215e-16,0.0007431248806916466,5.629325561575059e-10,1073964209387.0171
723,87721.0,8.233745,6977559284854905.0,0.005216764999443888,3.841565284615866e-09,4420866453694.618,858793175.24,2.8957850057274284,1.1800322525201185e-15,0.0003999743504806371,3.05924359448454e-10,338952049510.88226
724,123585.0,9.528122,1.602474051262003e+16,0.0057139064400017325,4.151987605695289e-09,9609854703205.549,908557119.24,2.8957850057274284,5.945882239089162e-16,0.0004312931637544961,3.1385191345412926e-10,725364456293.9832
725,109479.0,23.334034,5.036038541612383e+16,0.03384460653592614,2.5964051907923267e-08,73044696403815.31,3273405481.02,2.8957850057274284,4.633410528373193e-16,0.000834342495287855,6.726400803540589e-10,1800709197207.2578
726,100716.0,9.7433,1.2297227618630828e+16,0.005137896890641154,3.725399667975165e-09,6484649712650.7295,764020313.93,2.8957850057274284,7.923167970997367e-16,0.00041761901558732515,3.215627944888609e-10,527085904421.0763
727,100758.0,22.20786,3.869689690723641e+16,0.017057488896648813,1.3285398751313024e-08,29722444635815.824,2245371337.51,2.8957850057274284,5.738925282106297e-16,0.0006824100145270342,5.314235856600372e-10,1189090258161.6753
728,30193.0,42.923767,2.073279797850971e+16,0.7470519292953978,7.896777975802795e-07,360836846624794.25,6990501040.13,2.8957850057274284,2.0703316091003258e-15,0.0010353145903250114,8.103928641872909e-10,500071865673.2064
729,116894.0,9.049288,1.2726384164748864e+16,0.005949570632843854,4.07517336004131e-09,8367124738308.572,970882284.48,2.8957850057274284,7.110651291720278e-16,0.00046741532169883944,3.2505932105126336e-10,657345301467.8179
730,19363.0,45.82241,1.085105640583686e+16,1.196167314226988,9.272835412430701e-07,283260505012622.2,12436216837.34,2.8957850057274284,4.222852438160012e-15,0.0009505959337020133,7.223071584282855e-10,225107542265.01187
731,17178.0,29.35582,1.1559572180453144e+16,0.04389339294582525,3.262495965260364e-08,17284097122896.234,5347129018.78,2.8957850057274284,2.539524780133276e-15,0.0008939143659921709,7.005932473900124e-10,352000647123.1431
732,94395.0,21.066378,2.3133105821193884e+16,0.02173604230701695,1.7112753057052794e-08,23868467888602.887,3197301319.49,2.8957850057274284,9.106593019904657e-16,0.0006965999400270206,5.442980848784265e-10,764940234514.0859
733,27392.0,88.8874,2.008108401248625e+17,0.15063224254567364,1.1771839515193017e-07,340302305787870.75,8163961940.6,2.8957850057274284,4.426424387484787e-16,0.0015762992561319613,1.2460924892519623e-09,3561111900134.946
734,57767.0,20.35828,1.6380706080835832e+16,0.049604397930206365,4.058109385921479e-08,39912756029071.8,6462725984.05,2.8957850057274284,1.2428206635010456e-15,0.0008073657947054499,6.278661191022885e-10,649623729646.6311
735,118617.0,2.5271223,4009900623930092.0,9.462619081586734e-05,6.421734759156864e-11,150147708163.02576,36612789.66,2.8957850057274284,6.302206805123202e-16,6.92021501738788e-05,5.3742135277756656e-11,109806219176.46825
736,61107.0,42.46044,1.0731514129036008e+17,0.06737394269596114,5.315066601840965e-08,170281894858030.06,4441198627.08,2.8957850057274284,3.9566122254003073e-16,0.0010946167581301484,8.716647215772503e-10,2766550512842.8433
737,70712.0,8.240753,9467537975426428.0,1.0031850625589331,6.455459206379737e-07,1152527284358266.2,5894068132.07,2.8957850057274284,8.704219641251376e-16,0.0006034217515081307,4.3329812901252873e-10,693251981657.6904
738,48559.0,31.585983,1.6383962752924958e+16,0.050957839742978996,3.867242907828238e-08,26432337037555.14,4074469956.875,2.8957850057274284,1.927859790474749e-15,0.0009224687823285032,7.544901182486028e-10,478493709390.2139
739,2.0,12.65794,1.2416081755711246e+16,0.037831038990087204,2.7502498941922733e-08,37108192407644.73,5464890542.91,2.8957850057274284,1.0194794339347438e-15,0.0007250089042342208,5.458884366017304e-10,711155988145.8365
740,26469.0,53.36187,3.869526172201128e+16,0.10008399163236588,7.713266417907096e-08,72575722147630.6,11841154856.37,2.8957850057274284,1.3790285328305668e-15,0.001190273150066136,9.280157465984883e-10,863124381932.1163
741,121969.0,2.0657516,5269170772405471.0,5.195766033052883e-05,3.865026871819485e-11,132529867200.00298,15069030.65,2.8957850057274284,3.920449135598897e-16,6.077611335367543e-05,4.276478703597239e-11,155023343631.2422
742,18554.0,31.874012,1.5904838307768602e+16,0.5233533232482134,3.914973738677081e-07,261148486236881.25,36992598591.92,2.8957850057274284,2.004045019711478e-15,0.0010759762645020877,8.101030633384103e-10,536902242174.6772
743,56178.0,20.946598,1.6894284391569314e+16,0.04739597777000738,3.705709667994107e-08,38226786395719.336,3760626079.02,2.8957850057274284,1.2398629923888872e-15,0.0008068737308029533,6.157149053325027e-10,650776525919.466
744,17180.0,5.8247633,7065017736640303.0,0.0019156189569578166,1.4229535110986578e-09,2323507619193.9634,227125706.16,2.8957850057274284,8.24451334324591e-16,0.0002578199653759523,1.927173234171728e-10,312717021177.6832
745,25465.0,74.82743,3.1712420501151896e+16,0.12974453936160998,1.045954714806825e-07,54986699262070.46,10816241022.13,2.8957850057274284,2.3595622414656756e-15,0.00146825168190007,1.198115290475759e-09,622255965999.8817
746,82927.0,10.986973,4.251674423060679e+16,0.061289677857143454,4.8436959792507e-08,237175203527709.84,3691708414.19,2.8957850057274284,2.584152008537554e-16,0.0006203024725907183,4.5528314670612826e-10,2400410155986.781
747,858.0,27.343681,3.4385697592767084e+16,0.022703699854579616,1.7423300209547166e-08,28550748432024.375,1895271053.48,2.8957850057274284,7.952050682185855e-16,0.0007584788293618337,5.902105297702991e-10,953815386339.2423
748,71969.0,27.172302,2.085630330585045e+16,0.02630793401245672,2.0777822797886718e-08,20192851202452.285,2509009225.73,2.8957850057274284,1.3028340450139999e-15,0.0009028565287894681,7.170868936840963e-10,692994270640.0233
749,6275.0,9.581351,1.0445321538356966e+16,0.018035788200625357,1.431274685161595e-08,19662113093783.59,2420567295.25,2.8957850057274284,9.172863625897659e-16,0.0005756946569980087,4.085962437493606e-10,627606253049.1083
750,83316.0,12.385325,9151951139852490.0,0.014821554452660937,1.171474517075073e-08,10952166549316.713,2369810874.27,2.8957850057274284,1.3532988551553418e-15,0.000535159719051368,4.279553136567493e-10,395448290680.7295
751,76853.0,9.681473,5270319805957910.0,0.003905264488974784,2.8142825355285123e-09,2125915424620.6025,634515298.77,2.8957850057274284,1.836980175103499e-15,0.00040091890451742526,3.0111815152259815e-10,218248901077.46356
752,10514.0,1.2021166,908787119082645.9,0.002079798393708814,1.3672173711659791e-09,1572305041367.3247,457962219.02,2.8957850057274284,1.3227702888366737e-15,0.00016417793164600288,1.1421499718449203e-10,124116736693.86024
753,78628.0,11.429687,5657538071882918.0,0.03732092572936466,2.8564475758422494e-08,18473345612333.508,1865419147.87,2.8957850057274284,2.020258079535295e-15,0.0006399752766703113,4.954032999277128e-10,316778971534.92395
754,26470.0,21.887537,2.3169904139201347e+17,0.3035216247871748,2.3175259907833967e-07,3213046287708608.0,8655138169.65,2.8957850057274284,9.446537572405532e-17,0.0005483280825170595,4.0886081354074347e-10,5804540322994.0205
755,55317.0,12.808542,2.105893499759455e+16,0.08125648770749928,5.771857417459239e-08,133596399400108.8,2209525254.83,2.8957850057274284,6.082236353102875e-16,0.0004472165792685194,3.634166807775757e-10,735283131574.4089
756,73303.0,18.901808,1.0170131652340508e+16,0.012911465104715171,1.0207447415982404e-08,6947023265687.268,1557359422.88,2.8957850057274284,1.8585607980453256e-15,0.0005841764357133479,4.859417193095776e-10,314316559526.9923
757,24936.0,133.54973,5.54740732691587e+16,0.326097016821454,2.481945385700289e-07,135454634045365.83,17953830798.18,2.8957850057274284,2.4074260664440545e-15,0.002320660045219407,1.791184253481393e-09,963959008987.218
758,15508.0,15.447661,2.1191027849770264e+16,0.13570852595993882,1.1530961791114298e-07,186164310122311.34,4695743760.53,2.8957850057274284,7.2897176623584455e-16,0.0006150953546938653,4.664639457407341e-10,843784880544.8292
759,72757.0,27.620827,6.091914487205426e+16,0.07067748719564089,5.4508610869655255e-08,155882808348352.75,5915345750.41,2.8957850057274284,4.534014234443176e-16,0.0008553586950279042,7.064809369182285e-10,1886537295207.5684
760,77619.0,5.8780584,3751569276924157.5,0.012877307249080044,9.65157043100779e-09,8218718998293.967,2444804316.45,2.8957850057274284,1.5668265640610298e-15,0.00045113931886276993,3.437791524827698e-10,287931880407.66296
761,58836.0,24.1142,1.7247181610393786e+16,0.028276602520134867,2.2966005350972258e-08,20224253717298.715,2069004010.6299999,2.8957850057274284,1.398153074788051e-15,0.0006940436370115698,5.562811922737326e-10,496400322344.3766
762,12681.0,26.150595,9267780692684400.0,0.06443563013562054,4.614146631510473e-08,22836011528298.195,8740638837.84,2.8957850057274284,2.821667437668458e-15,0.0009775489847705502,7.068884789529086e-10,346443727464.31744
763,63038.0,14.782186,7482759846469906.0,0.004174626562406626,2.9892238166591286e-09,2113200849670.2043,610806436.22,2.8957850057274284,1.975499187906411e-15,0.00039871153124709113,3.01052853042907e-10,201828243558.85287
764,49243.0,26.559372,3.5774016243671976e+16,0.053442041420397594,4.3649383434339525e-08,71983496366867.94,2968937344.88,2.8957850057274284,7.424207508347083e-16,0.0008256214214247951,6.760983197588347e-10,1112066736411.319
765,143087.0,7.525007,1.018596619207593e+16,0.0025720718445790816,2.028004671472609e-09,3481596343029.7007,383253283.93,2.8957850057274284,7.387622203040497e-16,0.0003124626103013865,2.5714764283152363e-10,422954235765.8563
766,86013.0,13.369149,1.602561345989454e+16,0.02769805060186875,2.0086345197530604e-08,33201683408431.453,2376114863.79,2.8957850057274284,8.3423633257206855e-16,0.00062883526492649,4.817277812789949e-10,753785516614.5809
767,44137.0,52.752018,6.733606472760219e+16,1.3326703940019813,1.2583394575656596e-06,1701106105762182.0,13993002374.03,2.8957850057274284,7.834140324861612e-16,0.0010612124448650803,8.392857441559213e-10,1354599740187.608
768,181520.0,0.96473,4751635619215816.0,1.3597307549335309e-05,1.0603898939493991e-11,66971536986.362785,3161597.1,2.8957850057274284,2.0303114070838912e-16,4.131331299884241e-06,3.370278748002117e-12,20348264239.021423
769,77029.0,118.74773,1.4787200590818163e+17,0.09076544424550927,7.100157540738442e-08,113026735818281.97,5156235477.96,2.8957850057274284,8.03044019526821e-16,0.001466657722884366,1.1745462116220544e-09,1826372760672.033
770,43524.0,20.367088,1.1030399205380398e+16,0.10871255873305065,8.091476186412676e-08,58876503183170.41,6449651580.83,2.8957850057274284,1.8464506697151413e-15,0.0009382226966067786,6.80692444528972e-10,508122265054.34973
771,126232.0,0.4483503,5486119688690634.0,2.3002808048742993e-05,2.018409527007973e-11,281467767795.3608,6408094.2,2.8957850057274284,8.17244838686717e-17,7.97612265324913e-06,6.952459739303215e-12,97597712162.56895
772,36566.0,66.83632,2.937626840512399e+16,0.10770699501352408,8.31266918108187e-08,47339973155712.87,11455650307.55,2.8957850057274284,2.2751807369904746e-15,0.001382573675683179,1.070745956538838e-09,607676415857.8436
773,12852.0,19.624714,2.368824001825286e+16,0.06440245772132035,5.121288275949765e-08,77737738051521.08,5597313291.59,2.8957850057274284,8.284580865812855e-16,0.0009113001352417043,7.023293242985336e-10,1099995461450.892
774,51739.0,47.55707,3.5455435169571064e+16,0.14164625999380345,1.053613541361097e-07,105602169944921.02,15551997436.24,2.8957850057274284,1.3413195966302772e-15,0.001106124873676045,8.40972111914313e-10,824654225924.1578
775,68259.0,37.094666,3.621265680608271e+16,0.07725171295324067,6.582461700058567e-08,75414879564024.61,3268679052.78,2.8957850057274284,1.024356379004181e-15,0.0008904348603406873,6.8909485248946e-10,869262766934.9955
776,23145.0,34.929573,3.837633212877414e+16,0.05800941596571393,4.475996690296602e-08,63733633780649.17,4680196584.33,2.8957850057274284,9.101852903188264e-16,0.0009909883946531567,7.67383357845621e-10,1088776543846.392
777,54639.0,32.943226,2.0127847377869732e+16,0.02319312112472026,1.7749410049213065e-08,14170670541337.26,2920158568.19,2.8957850057274284,1.6366989167565226e-15,0.0008160035076648424,6.5342957632667e-10,498566657135.6521
778,38151.0,3.9646385,2377250558302338.0,0.021761797748621498,1.6505181237708245e-08,13048666567600.809,1666691957.13,2.8957850057274284,1.667741116372378e-15,0.0008510290683005099,6.414414384813623e-10,510288473400.26227
779,3016.0,1.9468503,2036499551126404.2,0.006411684403258387,4.615786953308533e-09,6706931914179.468,1292525721.58,2.8957850057274284,9.55978752326845e-16,0.0004047837828186284,3.2106364925488667e-10,423423409603.39105
780,14012.0,52.666363,1.8598330047360084e+16,0.13091297407178148,1.0012128910195735e-07,46229938058728.02,9579166817.89,2.8957850057274284,2.8317791364002413e-15,0.0011757911901288409,9.065161827550414e-10,415212886843.819
781,6925.0,9.978935,8630330048920653.0,0.047550926793467126,3.493764032465291e-08,41124648307628.57,2725237478.63,2.8957850057274284,1.1562634271731021e-15,0.0004210426117572094,3.297374666969729e-10,364140732866.2103
782,14575.0,17.220356,1.5053585169125738e+16,0.040706941790759066,3.2418611525977006e-08,35584944656303.01,4198394396.75,2.8957850057274284,1.1439371954608006e-15,0.0007046478683983902,5.55658627496189e-10,615984750906.3153
783,63247.0,6.8607306,5815172463295162.0,0.019918674585889914,1.5911613718773742e-08,16883118535102.396,2264003489.12,2.8957850057274284,1.1797983023382893e-15,0.0004894978179225886,3.8339405690514794e-10,414899578133.3414
784,41151.0,93.37691,5.430475627396576e+16,0.1320569761418376,1.021565757793531e-07,76799734577417.5,13321442281.85,2.8957850057274284,1.7194978194712165e-15,0.0014485190259973537,1.1420289396115199e-09,842408178477.8333
785,95823.0,23.886309,3.667649396642331e+16,0.02620543243714296,2.075130440630061e-08,40237417370276.32,3035487918.89,2.8957850057274284,6.512702392400838e-16,0.0007555290767806165,5.961726463022308e-10,1160085370494.1042
786,49196.0,127.24181,8.403380516803394e+16,0.06013434303101226,4.511609102743459e-08,39714286256819.23,3859459487.09,2.8957850057274284,1.5141740844124264e-15,0.0018031040741603034,1.3919201388178835e-09,1190816890027.54
787,60366.0,14.47998,1.9518638557109172e+16,0.032866011318256276,2.3748170958234086e-08,44302533272484.04,5491311432.0,2.8957850057274284,7.418539954840258e-16,0.0008286477505513688,6.059663222349515e-10,1116995737160.8062
788,31914.0,17.855785,7860763918923027.0,0.18217334615807884,1.3219856739281968e-07,80199311677918.44,5182658123.76,2.8957850057274284,2.271507602081294e-15,0.0007211576458427556,5.505030214390741e-10,317479741288.115
789,46372.0,66.87909,4.250693134858917e+16,0.18919462237393303,1.4733254199792233e-07,120248089870406.77,7446016749.7,2.8957850057274284,1.5733690454279233e-15,0.001783932662073825,1.4154679138592797e-09,1133829769473.209
790,87473.0,1.9332843,3845907053454193.0,0.000982627461734828,7.808988058392558e-10,1954753310728.1555,83575666.23,2.8957850057274284,5.026861734122318e-16,0.000169082559512634,1.3084981399264624e-10,336358086726.16205
791,69173.0,73.28573,7.0310121767049624e+16,0.26309359152308454,2.0883077548588886e-07,252411246447548.38,11773295010.46,2.8957850057274284,1.042321192997064e-15,0.0014606630344694742,1.1287289942099464e-09,1401355977680.4697
792,8913.0,29.871262,2.379207275338296e+16,0.03368065081643951,2.6731491727981653e-08,26826201537987.113,2988808386.89,2.8957850057274284,1.2555132253347977e-15,0.000755429237565764,6.024767409628769e-10,601689589820.3857
793,39383.0,104.660385,1.183605230349121e+17,0.16792422711715554,1.2965423114318276e-07,189905658686616.72,9514358614.48,2.8957850057274284,8.84250781564466e-16,0.0010072035884001003,7.520780527439631e-10,1139047439254.845
794,11.0,104.35879,6.32326113306887e+17,0.2804474146556956,2.3803072372674476e-07,1699274432907864.5,10091207850.88,2.8957850057274284,1.6503950699463128e-16,0.0013162131191933252,1.0254489197306493e-09,7975139669049.917
795,118943.0,1.9118072,4624747152720576.0,0.0007266235064351874,5.42734659360497e-10,1757734771835.7656,53938066.4,2.8957850057274284,4.1338631861751645e-16,0.0001155004396369761,8.48363898696449e-11,279400731072.1918
796,45283.0,9.829469,1.0442565370025032e+16,0.006610312043811732,4.966574450503064e-09,7022618987227.875,959530950.98,2.8957850057274284,9.412887208937277e-16,0.0004333957023627632,3.608641517699603e-10,460428020375.37
797,236721.0,0.75915414,4928038436770143.0,0.0001699375672874621,1.0358098002652038e-10,1103147331112.2637,8055910.8,2.8957850057274284,1.540479340290115e-16,0.00010669959910342364,6.272282588332029e-11,692638948882.8142
798,27845.0,2.9787323,2677714957707296.5,0.05957365733422043,4.7740333363892004e-08,53553410398501.086,10183078126.61,2.8957850057274284,1.112415752627546e-15,0.0005879263880945096,4.3684901774235664e-10,528513181070.8513
799,123733.0,17.140923,4.500725452846474e+16,0.014962480161094957,1.1728235150576094e-08,39287274844388.766,2269133890.07,2.8957850057274284,3.8084800282939413e-16,0.000586234952524443,4.672998549872191e-10,1539288503994.216
800,31344.0,21.479656,1.2305364101993246e+16,0.1045013026718454,8.082900551499878e-08,59867186816663.055,7508011252.14,2.8957850057274284,1.7455522503816593e-15,0.0006120029663037641,4.406037704345613e-10,350607073589.4337
801,40229.0,63.271954,2.807781678326668e+16,1.3276214984282384,1.3931587539173005e-06,589150655761224.9,9908647426.18,2.8957850057274284,2.2534499205688847e-15,0.0013132150202841998,1.077000829975329e-09,582757579077.9846
802,107105.0,6.3221374,6556190188608740.0,0.0005656933559852365,4.5773284368326364e-10,586635973819.797,89925909.7,2.8957850057274284,9.643004882598734e-16,0.00019980843188588366,1.6204302436297347e-10,207205569548.60364
803,85935.0,19.77104,2.187241779275284e+16,0.028894419052741815,2.344414846489216e-08,31965481097627.98,3219003181.17,2.8957850057274284,9.039256742137988e-16,0.0007211390173667151,5.779906277003957e-10,797785744932.9949
804,66696.0,39.31286,3.2553519777646516e+16,0.040130545534134865,3.1100384252072304e-08,33230614809840.938,4356415188.19,2.8957850057274284,1.2076377690806544e-15,0.000990432753830713,7.644264172226677e-10,820140591151.5219
805,20233.0,17.139036,8249699816476651.0,0.026808107944195244,1.947047065794654e-08,12903808778236.637,2518737323.23,2.8957850057274284,2.077534502015357e-15,0.0007257684072180574,5.406365152114441e-10,349341205411.5155
806,121592.0,3.505517,7320908547089245.0,0.0006236561998690972,4.0118326127066135e-10,1302441267312.8877,92548028.06,2.8957850057274284,4.788363326016107e-16,0.0001887504027017979,1.1648924014896324e-10,394185632648.80164
807,30409.0,26.636822,1.588731587145147e+16,0.10448325118422899,8.823530786920219e-08,62318185511772.086,8876629005.87,2.8957850057274284,1.6766093288209073e-15,0.0009958785097152157,8.087874176278404e-10,593983638642.6273
808,85365.0,19.932518,3.0919277872142376e+16,0.029252675110877823,2.2435172877674312e-08,45376684985646.805,3639835340.28,2.8957850057274284,6.446631154331966e-16,0.0006999932937924482,5.555966974321997e-10,1085828050395.0829
809,94444.0,10.007184,1.012571037791976e+16,0.014569497564114877,1.1141671855413646e-08,14742060572288.334,1733532143.3,2.8957850057274284,9.88294512335824e-16,0.0005998314815078337,4.5471396165076106e-10,606935962934.9132
810,56834.0,75.57646,3.1064355582119644e+16,0.03862263216319235,3.06885904779266e-08,15875143914319.592,4678787563.12,2.8957850057274284,2.432899655690946e-15,0.0010235677903850321,7.982038042615864e-10,420719279560.3967
811,29295.0,99.90486,4.804214760128253e+16,3.7823999172883127,3.0365303492686364e-06,1818876630360564.5,19014408792.24,2.8957850057274284,2.0795252707922855e-15,0.00147931987361589,1.161279433035041e-09,711373838247.3605
812,68626.0,41.05415,8.571552157374186e+16,3.938686280776528,4.1191061392123465e-06,8223445105357231.0,8369150034.76,2.8957850057274284,4.789581775417505e-16,0.0008750226257253644,7.351129214530596e-10,1826929086410.8677
813,83268.0,1.9251528,6405110300342675.0,0.0001955246033304452,1.352162285775356e-10,650523247174.0686,17241344.2,2.8957850057274284,3.005651284251895e-16,0.00010150290073212527,6.950408839639587e-11,337706843318.61633
814,53181.0,43.70638,6.009406618971522e+16,0.06559714132956364,5.0863118367306105e-08,90192757966111.6,5284623203.49,2.8957850057274284,7.272994285662121e-16,0.0011824737084340927,9.333492442543527e-10,1625841657493.3997
815,45000.0,30.658281,1.8735933249375584e+16,0.1964724935722697,1.5820073730631245e-07,120068555862881.5,7127965278.38,2.8957850057274284,1.6363359429144932e-15,0.0009482540322741966,7.075244811121809e-10,579498382578.6119
816,152309.0,1.0324674,4598389242006591.0,9.40511322773058e-05,8.230493476937803e-11,418883651786.4892,7753225.2299999995,2.8957850057274284,2.2452805660041603e-16,6.436004540050576e-05,5.5495538272333854e-11,286645893502.05286
817,106561.0,20.640722,5.154526152473749e+16,0.026257472509749216,2.0759936984915374e-08,65571751196185.32,3054578279.62,2.8957850057274284,4.0043878698906492e-16,0.0007442099183281231,6.517708131961176e-10,1858486097023.4778
818,36200.0,20.720615,1.5243528900932394e+16,0.23584238022170154,1.7675598999983363e-07,173502096292711.1,10669269427.24,2.8957850057274284,1.3593056525600572e-15,0.0009797627711733592,7.137274609676703e-10,720781797183.0814
819,11058.0,25.227415,2.6575074718157772e+16,0.05362023583692245,4.2130911913129995e-08,56484652659476.01,4326846359.76,2.8957850057274284,9.492885821601486e-16,0.0009100389629866832,7.360290210911763e-10,958653648731.1886
820,7890.0,0.15277019,42830414139596.55,0.007196675346732639,5.497306624966063e-09,2017648767267.9043,1417395376.81,2.8957850057274284,3.566862311956133e-15,0.0004053989162099775,3.17096853941846e-10,113657013014.2336
821,111798.0,1.1239727,5206007143352514.0,0.0001947674065205888,2.0429269880157582e-10,902122008513.5773,40415730.0,2.8957850057274284,2.158991851240901e-16,0.00011812017656451236,1.0017342325811466e-10,547108024037.33795
822,38448.0,37.57959,1.9340672575672344e+16,0.04786066672289109,3.3724008612998525e-08,24631920793729.086,4175311051.68,2.8957850057274284,1.9430342896797433e-15,0.0008882838982962336,6.518983757358294e-10,457163264186.47156
823,69609.0,35.391205,5.9606948965971496e+16,1.180897072059345,1.2301674379969593e-06,1988902935300070.8,7742010936.41,2.8957850057274284,5.937429379283309e-16,0.0008498820281340861,6.737137563328222e-10,1431397282971.4282
824,88677.0,17.602842,2.669202062210629e+16,0.01975122502102554,1.590496013785593e-08,29949715254677.363,2051334659.245,2.8957850057274284,6.594795594238885e-16,0.0006398332487544833,5.187331912503343e-10,970209371331.2844
825,63393.0,14.929344,2.1324099646256824e+16,0.06646428337578443,5.0274929663491634e-08,94933240309974.64,4605050457.05,2.8957850057274284,7.001160305786067e-16,0.0006862788182303145,4.893397455134441e-10,980235829856.8645
826,68712.0,23.231842,2.9581834491975164e+16,0.04835927753003746,3.8675498013852635e-08,61577387795813.25,5530279065.82,2.8957850057274284,7.853414907821973e-16,0.0006410832855057846,5.241780707670487e-10,816311493828.3318
827,59485.0,54.547226,7.549987468498814e+16,0.0716878150371447,5.5683835016731264e-08,99224496801084.52,5321020823.7,2.8957850057274284,7.224810137445934e-16,0.0011293356216974415,9.306038282540855e-10,1563135363023.777
828,53137.0,36.72677,3.9533539334839e+16,0.09593791047146187,7.295510154726132e-08,103269771812925.55,9191181751.94,2.8957850057274284,9.2900283197347e-16,0.0009276895597474262,7.197039902192076e-10,998586363592.3972
829,44834.0,205.3418,1.162620715035411e+17,0.15998831633456667,1.2117411826220707e-07,90583471428713.22,8685425006.32,2.8957850057274284,1.7661976717294746e-15,0.0016352731309388613,1.2579995670226202e-09,925872090714.2795
830,98332.0,15.771561,2.7277390034853e+16,0.011088728004505171,8.222222849157283e-09,19178289249192.566,1562572075.32,2.8957850057274284,5.781917177504257e-16,0.0005739860050710861,4.2379534338533385e-10,992726093179.434
831,17956.0,16.490467,3.985025473806285e+16,0.016768695021838184,1.313743463256369e-08,40522610320565.09,1833050144.55,2.8957850057274284,4.138108302793151e-16,0.0006262109875503311,5.055444815807416e-10,1513278391306.6016
832,52431.0,33.217407,1.9152108778737876e+16,0.05180657122361585,4.1250006192904776e-08,29870034332545.043,4867988021.27,2.8957850057274284,1.7343994535409604e-15,0.0009267233545731371,7.261062181795048e-10,534319445662.37787
833,105695.0,3.4029312,7727639295152715.0,0.00035716895697865777,2.9490361781215343e-10,811086885023.4132,129681011.64,2.8957850057274284,4.4035844195452325e-16,0.00016476611991018364,1.3088054369878804e-10,374163645367.7874
834,38364.0,71.318794,2.652163133538425e+16,0.11681926316444868,8.77250802452699e-08,43442089479510.01,8061936346.82,2.8957850057274284,2.6890802114743564e-15,0.001420172342110504,1.1024958350698134e-09,528125689985.223
835,52118.0,20.041674,1.2071761087656644e+16,0.008622804427702269,6.245551682180079e-09,5193799427972.417,655154550.5,2.8957850057274284,1.6602112860312137e-15,0.0005021774266091924,3.860190474310844e-10,302478022426.68945
836,89569.0,16.490387,1.954765952073869e+16,0.010534269353469933,8.373689654760334e-09,12487293998702.537,1199387779.57,2.8957850057274284,8.435990499274279e-16,0.0005780437398557692,4.6176149877032067e-10,685211463793.7257
837,46725.0,15.767955,3.178291279969468e+16,0.016809856526939372,1.3288117216148533e-08,33883037094606.91,2095319183.11,2.8957850057274284,4.961142202218632e-16,0.0006347006514874377,5.016776319640248e-10,1279343799505.683
838,56886.0,35.57662,4.7932459905476984e+16,0.33899815910773473,3.814524846495663e-07,456732979958804.5,9834540713.5,2.8957850057274284,7.422239557526829e-16,0.001040627550331263,8.55517185264294e-10,1402039832136.611
839,157443.0,1.01655,5086034384790819.0,0.00011501161929835077,6.648778585093605e-11,575429689048.1367,2966550.2,2.8957850057274284,1.9987084692936248e-16,1.672011782755107e-05,9.542334780015911e-12,83654610386.77754
840,64680.0,17.017395,9588505121989766.0,0.011514087276769003,8.557090915700782e-09,6487648951460.36,2043463368.92,2.8957850057274284,1.7747703926207657e-15,0.000588452337603692,4.3652598321751433e-10,331565333775.2254
841,42770.0,44.13287,5.791692825903538e+16,0.38885225349972546,3.6548562258605704e-07,510302821214841.44,10848463408.99,2.8957850057274284,7.620029467483889e-16,0.001061121212203445,7.965163552554166e-10,1392542137443.76
842,15320.0,1.116745,573947953620240.1,0.06858303691843974,4.8685524980269685e-08,35248059039798.58,8232429801.05,2.8957850057274284,1.9457252054929503e-15,0.0011269397080127174,8.188178874356391e-10,579187495146.4211
843,38061.0,38.383076,2.9889886631776948e+16,0.06327932224367905,4.812805852898045e-08,49277232705352.95,5981947628.26,2.8957850057274284,1.2841492667019237e-15,0.001108072361798849,8.670021148650495e-10,862884393996.2739
844,22875.0,88.37773,3.38307147129708e+16,0.2215181027339924,1.7031264397224938e-07,84796427078996.64,17419567679.29,2.8957850057274284,2.6123518450562237e-15,0.001495488695969217,1.1424231792582034e-09,572468329179.8433
845,104415.0,9.155627,1.1281233258581752e+16,0.004276537574656003,3.0581024503223928e-09,5269395303979.055,559433288.64,2.8957850057274284,8.115803290420593e-16,0.00038800816619053964,2.927754713112232e-10,478089663223.5052
846,68471.0,24.893896,1.4309231115003444e+16,0.026347774149394335,2.070054895335648e-08,15144933106075.352,3338428252.22,2.8957850057274284,1.739708849478179e-15,0.0008305483469710906,6.653226325738146e-10,477406519614.02124
847,17179.0,26.177135,2.136943725162874e+16,0.09166126457508754,6.869197298703109e-08,74826738745178.7,6622605242.89,2.8957850057274284,1.224980082150026e-15,0.0008006012247023458,5.827247599136067e-10,653562646747.0142
848,91294.0,20.531942,3.916662919721356e+16,0.01547522504444502,1.1758515104776317e-08,29520461389342.07,2293913863.49,2.8957850057274284,5.242202972488811e-16,0.000668659819332191,5.103877398107602e-10,1275532105188.0889
849,125809.0,8.458278,1.2296659145653314e+16,0.006367789335844034,4.750221110567194e-09,9257503119925.85,964962410.74,2.8957850057274284,6.878517083227338e-16,0.00045991108273147865,3.437903054038206e-10,668619525352.2472
850,128530.0,5.7839737,1.1248120372572792e+16,0.001209735849191326,8.966791749402357e-10,2352578894112.2954,179096931.67,2.8957850057274284,5.142169098850981e-16,0.0002694743039831505,2.0240755467552056e-10,524047923751.40796
851,27393.0,31.875175,4.931640614943402e+16,0.03186298275665527,2.5604182655646363e-08,49297542641244.29,3707725829.45,2.8957850057274284,6.463401834962343e-16,0.00091872260149149,7.333575614916307e-10,1421422688779.5576
852,62370.0,20.414547,2.1511465528710496e+16,0.0237920288757143,1.9542375763810393e-08,25070426937125.418,3388720669.14,2.8957850057274284,9.490077267284982e-16,0.0006337068874010105,5.246801360924151e-10,667757352814.7972
853,45535.0,26.90798,2.010986012609674e+16,0.05078014259647667,3.762768588788026e-08,37950881664041.4,4293283505.03,2.8957850057274284,1.3380490879238529e-15,0.000927906540561561,6.945360542777634e-10,693477204189.3633
854,60719.0,62.085987,5.550260205185201e+16,0.08943242753769821,7.084953668659415e-08,79949319902991.23,7579567863.67,2.8957850057274284,1.1186139875387756e-15,0.0012493064370687488,9.912078733943846e-10,1116834270790.3452
855,21552.0,74.87609,2.3043593306310636e+16,0.4600521609900373,3.847392462936291e-07,141583980914919.12,13957118212.16,2.8957850057274284,3.2493235323457436e-15,0.0014265437029229043,1.097585437357453e-09,439027904953.822
856,3.0,17.966827,2.9988877676795524e+16,0.7812940481780354,7.776723037524735e-07,1304077322079157.0,24415478956.4,2.8957850057274284,5.991163521902048e-16,0.001005921262616411,7.501656812132173e-10,1679008190878.1812
857,85581.0,12.08533,8265357692493060.0,0.011418160926862011,8.879318056172305e-09,7809069694494.283,1655398344.26,2.8957850057274284,1.4621666054424236e-15,0.0005203945491032322,4.1574094638636476e-10,355906465902.20184
858,17181.0,5.1002626,5945866263915909.0,0.0029711193157543297,2.182934367745832e-09,3463719320180.218,516704057.36,2.8957850057274284,8.577829324807248e-16,0.00031492972593777726,2.3040556811057196e-10,367143847251.65186
859,56179.0,10.370158,2.5159053919062956e+16,0.004589182594094744,3.663552344649186e-09,11133821907945.363,509091446.92,2.8957850057274284,4.1218394115140215e-16,0.00044195278978906587,3.55612879511023e-10,1072222242706.7557
860,26258.0,81.03368,3.7849041215765544e+16,0.5571660898426579,4.365797290514256e-07,260239968103160.16,22185923956.36,2.8957850057274284,2.1409704816048666e-15,0.0017460453885074637,1.338925886143374e-09,815539216214.9906
861,33486.0,12.879307,9485305732082952.0,0.03125612137889129,2.2511848369308103e-08,23019395940936.734,3646520083.81,2.8957850057274284,1.3578167498004024e-15,0.0007212656006956291,5.237795260050028e-10,531195097425.07916
862,59160.0,66.43653,3.97499353474363e+16,0.08600139792770436,6.906499275442095e-08,51455878376179.35,6203572005.2,2.8957850057274284,1.6713619637191402e-15,0.0013358108767494768,1.1052457883309275e-09,799234938778.3182
863,83794.0,22.324013,4.2350962238090536e+16,0.03445887069353663,2.745050400595195e-08,65372042719613.836,2467369084.96,2.8957850057274284,5.271193810071626e-16,0.0007510403278299724,6.488185796264739e-10,1424801202329.0928
864,39601.0,0.83074045,535595204557580.94,0.0043280115699227024,2.9981908478576107e-09,2790356774032.5234,3495713035.9,2.8957850057274284,1.5510602838317394e-15,0.00036502321344643757,2.62993363771454e-10,235337863557.8781
865,123481.0,2.1670802,1.1482325545393398e+16,0.0012951688581115273,8.697579958188867e-10,6862482738337.043,158757968.22,2.8957850057274284,1.8873182017291023e-16,0.00021421167102244655,1.5300380235227864e-10,1135005590611.0188
866,35147.0,11.142888,1.7050571548309586e+16,0.959238511793309,1.0089119544958914e-06,1467803039681079.5,4937587662.75,2.8957850057274284,6.535199109559889e-16,0.0006223057960079662,5.445817115451627e-10,952236933527.6079
867,6274.0,95.57379,1.6558022472784212e+16,0.33494575621261613,2.5011182586304024e-07,58028873381836.17,75471909226.68,2.8957850057274284,5.772053405356285e-15,0.0023249922830019245,1.7624726564698234e-09,402801588918.84204
868,46620.0,108.07532,3.145832726142645e+17,0.18487266891444323,1.414669144595817e-07,538123312556825.75,20390908667.12,2.8957850057274284,3.4355075240290897e-16,0.0017046048581126467,1.3369315369151222e-09,4961726458725.733
869,152408.0,5.8396797,1.4067469565259606e+16,0.0018928756889773895,1.4236844850756471e-09,4559834188424.621,158920839.54,2.8957850057274284,4.151194124081428e-16,0.0002991186080409352,2.3378839492933645e-10,720560395635.8555
870,79698.0,22.47659,4.391991943361311e+16,0.01994957396056533,1.5657807960196236e-08,38982055600201.6,2609041710.67,2.8957850057274284,5.117630061679497e-16,0.0007023621114627574,5.481763892400191e-10,1372436270300.1968
871,42942.0,27.657972,3.658589662362582e+16,0.06577224054948672,4.938964894627402e-08,87003356336023.9,12954353872.95,2.8957850057274284,7.559736005523915e-16,0.000961501029901197,7.186859031447962e-10,1271871172748.1306
872,103103.0,11.738509,1.6212410260680076e+16,0.004983075607335808,3.683385778671941e-09,6882276625260.981,562807933.02,2.8957850057274284,7.240446553754799e-16,0.00040679518608291296,3.102023202654775e-10,561837150599.4397
873,33985.0,35.26722,1.5548363338001786e+16,0.15409482687282872,1.1353486369144327e-07,67936240983134.55,12156821830.21,2.8957850057274284,2.268227158919249e-15,0.0009772494658764265,7.512927915091921e-10,430842855414.032
874,28014.0,5.8086324,9519998024021958.0,0.0023929136012806477,1.832081305237449e-09,3921841009571.725,224764311.43,2.8957850057274284,6.101505888281687e-16,0.0003019093837833275,2.453158589564786e-10,494811263499.9875
875,86074.0,6.2337713,6723905174391313.0,0.0013131455165937289,8.540070558859777e-10,1416392342425.7363,191990265.87,2.8957850057274284,9.271057723630549e-16,0.0002435876659596763,1.803493090396943e-10,262739887099.1899
876,23559.0,123.87622,7.341821224093374e+16,0.22170206991706365,1.593984587425245e-07,131397047984070.8,20797811922.34,2.8957850057274284,1.6872682706231001e-15,0.0017443542477228503,1.3095620110997309e-09,1033833373206.6617
877,50914.0,25.340504,1.303108571643537e+16,0.02937217145660994,2.2688282459803165e-08,15104327993196.996,4434180128.95,2.8957850057274284,1.944619546784153e-15,0.0007035893547832826,5.425460872757021e-10,361813371642.1904
878,124817.0,1.1840928,3916848529895695.0,0.00046588853511866804,3.029925106278423e-10,1541107946838.9758,69867836.1,2.8957850057274284,3.023075288621212e-16,8.35024370229797e-05,4.6355109961849774e-11,276216862137.97253
879,48794.0,43.506145,4.1234680044135304e+16,0.11827939403255622,9.287198714425195e-08,112104002061011.44,7687946609.45,2.8957850057274284,1.0550862757618937e-15,0.000994295035075668,7.522980778271928e-10,942382682740.9658
880,29394.0,8.8634615,7565833882959884.0,0.9326604803756302,1.0827314192638255e-06,796117212640184.1,3782705455.39,2.8957850057274284,1.1715115130881596e-15,0.0005295237391212889,4.05787538531905e-10,452000456850.34656
881,36387.0,10.455863,7721940453562808.0,0.042196416341825485,3.086260126667493e-08,31163206169143.66,7298711155.4,2.8957850057274284,1.3540460539521248e-15,0.0007497159244455114,5.565300541356964e-10,553685690569.5907
882,107419.0,13.903955,1.6944596094402116e+16,0.017083516969482074,1.3192160980435228e-08,20819493080906.71,2417480117.04,2.8957850057274284,8.205539348673743e-16,0.0006380209528616422,5.043956384720751e-10,777549074778.0829
883,47669.0,34.785164,3.1918360394458068e+16,0.11641482135482577,8.93038571073e-08,106820546347281.33,12926486596.22,2.8957850057274284,1.0898167565662204e-15,0.0010323156090569494,8.032352791455852e-10,947237783633.9708
884,98650.0,18.953604,2.6132994759919372e+16,0.013306179917646047,1.0110791313972498e-08,18346396287607.812,2439500240.98,2.8957850057274284,7.252748555657108e-16,0.0005732489760733562,4.530780805098037e-10,790388597749.2283
885,95994.0,19.517561,3.670111294373488e+16,0.0185966694006721,1.3992672376836666e-08,34969454638894.95,2239002320.69,2.8957850057274284,5.317975242309859e-16,0.0006274787320417566,4.808313567342044e-10,1179920370913.9714
886,70541.0,30.103788,1.5530457117726016e+16,0.02430239260273816,1.858952629763603e-08,12537534019803.982,1875592545.81,2.8957850057274284,1.9383710197197226e-15,0.0007786131385672437,6.281390567562407e-10,401684265110.3124
887,27922.0,31.494095,1.919691099619309e+16,0.7083632671010471,7.833274061651872e-07,431775753248707.5,6531676735.51,2.8957850057274284,1.6405813938630829e-15,0.0011131130241682722,8.685564465317355e-10,678486924411.1205
888,60062.0,56.727543,1.4587008516895734e+17,0.08755653960349287,7.075538849486768e-08,225144245874718.97,7937942786.05,2.8957850057274284,3.8889086089374685e-16,0.0011331721080973143,9.357830933015489e-10,2913856359321.647
889,86168.0,27.503042,3.2456957452096404e+16,0.0204565607650396,1.495602758275624e-08,24141246716167.43,2925052101.51,2.8957850057274284,8.473696907848512e-16,0.0007835219820256992,5.895622187884822e-10,924651885176.5692
890,66308.0,53.187557,9.933732671441378e+16,0.10421806619966917,8.310501284935636e-08,194645978788251.94,5536549420.8,2.8957850057274284,5.354236796900084e-16,0.0012498295047420169,1.0047834673638158e-09,2334281340462.2383
891,50316.0,30.701355,2.48693355246203e+16,0.06925849615089288,5.082676814725204e-08,56102174601322.27,5262936468.53,2.8957850057274284,1.234506445482071e-15,0.0010278188992244807,7.670956664450956e-10,832574753243.2854
892,58752.0,61.78352,6.7705398760348856e+16,0.1951256105955662,1.56859421386196e-07,213828174143029.75,8698889738.17,2.8957850057274284,9.125346151300278e-16,0.0011711545520627672,9.314987425533433e-10,1283408358044.4656
893,14574.0,113.63737,3.795612279258657e+16,0.46176793299371893,3.9880164260268917e-07,154235533314335.6,12596630979.72,2.8957850057274284,2.9939140681196023e-15,0.0019917309069475793,1.6069294693259095e-09,665259877748.7733
894,42195.0,75.24123,2.386326189803289e+16,0.10248821453615413,7.91288713292706e-08,32504826209486.832,6133345978.57,2.8957850057274284,3.1530153053469333e-15,0.001457579796100887,1.1259923748441746e-09,462281230804.39856
895,6924.0,52.14139,1.4457088046289394e+16,0.038815217172644086,2.8640527857894053e-08,10762179761620.463,6383242757.76,2.8957850057274284,3.606631559069933e-15,0.0009698527505456266,7.28186290893262e-10,268908186118.05453
896,3017.0,31.262487,9930352865765772.0,0.1775541099135851,1.4247930550541615e-07,56399062691616.98,9602458061.09,2.8957850057274284,3.1481748355363418e-15,0.001245765511077579,9.521471475096923e-10,395710396073.14026
897,14013.0,22.084335,1.1638402087232756e+16,0.021893372817758973,1.7338644671870596e-08,11537765384322.006,2877260107.26,2.8957850057274284,1.8975401291751517e-15,0.0006740201297112657,5.315690287604334e-10,355207312534.812
898,35224.0,0.6807669,805718487939865.5,0.001132935759464894,8.168997538297512e-10,1340880831675.3616,876889900.67,2.8957850057274284,8.449190507476709e-16,0.00019893198965569155,1.4852033045180643e-10,235445028112.0495
899,53084.0,51.67865,8.456202556282475e+16,5.184097903869829,5.2190317629470135e-06,8482764535591134.0,11209517702.08,2.8957850057274284,6.111330665986201e-16,0.0010657250009006936,8.543252746448282e-10,1743850986221.6968
900,40836.0,21.117613,1.3635365517500282e+16,0.03516615911818044,2.6608851262164978e-08,22706327340261.69,3985322679.28,2.8957850057274284,1.5487383138278648e-15,0.0009346743343509558,7.34898462099272e-10,603506948853.6206
901,56379.0,13.137689,3.0119516410069772e+16,0.04877935412718533,3.494837074447809e-08,111831735178566.28,3283082384.0,2.8957850057274284,4.3618525679939913e-16,0.0004853445480795808,3.6020785952298967e-10,1112702780559.1099
902,156259.0,1.3679172,3789941609341290.5,0.00040091878786419045,3.2208897980654383e-10,1110782725806.1887,90439672.19,2.8957850057274284,3.6093358183366583e-16,0.00011330338717979769,8.814683036606107e-11,313917554039.10547
903,45282.0,14.798571,6839166074112558.0,0.019557682169989387,1.5752764120181915e-08,9038591387321.62,2994476487.74,2.8957850057274284,2.1637975799440207e-15,0.0005956302862241426,4.951925167392494e-10,275270797853.25946
904,93253.0,16.246962,2.0139691435828576e+16,0.006900981102055134,5.231878136063434e-09,8554438054318.994,980503633.99,2.8957850057274284,8.067135512859249e-16,0.0004610761644513955,3.4697675667904506e-10,571548802814.1174
905,8912.0,34.570362,1.4219413716493966e+16,0.16716392293876484,1.323928627846198e-07,68757537995651.1,5921756444.92,2.8957850057274284,2.431208676339428e-15,0.0009721520027346167,7.692137672653356e-10,399863661312.01306
906,177724.0,0.6561264,4575249795580452.0,5.602325468912447e-07,3.7672594738599843e-13,3906570206.04823,1487109.0,2.8957850057274284,1.434077764745867e-16,4.05924294486089e-07,2.72962032027302e-13,2830559851.5295496
907,30109.0,9.211319,7200349400866792.0,0.01132087827523684,8.591698289186595e-09,8849360130333.938,2487184599.35,2.8957850057274284,1.2792877799640005e-15,0.00041686617828439826,3.2316357800884456e-10,325858016322.2766
908,67517.0,29.799938,2.799025118963828e+16,0.03129060344161132,2.334437475884001e-08,29390391691622.336,3588994049.93,2.8957850057274284,1.0646541825616646e-15,0.0008563839400578182,6.437252249125861e-10,804377566053.6764
909,22721.0,31.68417,1.524416617873011e+16,0.1453894814254839,1.1797595638137609e-07,69951064379766.66,5365245276.58,2.8957850057274284,2.0784455921379492e-15,0.0009354872032013704,7.086689428890628e-10,450089820363.8331
910,32598.0,36.996674,4.11235215407704e+16,1.5311695987077267,1.5455906666730324e-06,1701966127415398.8,18995124764.53,2.8957850057274284,8.996475159191075e-16,0.001088189650126513,9.54464514529785e-10,1209573339414.8096
911,47810.0,28.71865,3.1960054667969532e+16,0.04873088401737448,3.747502595036672e-08,54231021207952.71,5359546212.81,2.8957850057274284,8.985795017673083e-16,0.0008722347339599743,6.740969617331045e-10,970681761874.6926
912,74414.0,42.07559,6.042114774262354e+16,0.06450444211953635,5.174450274253514e-08,92629299490750.2,4210962090.0,2.8957850057274284,6.963719090413465e-16,0.001102373242169663,9.014217962640535e-10,1583023708821.3887
913,73049.0,8.93453,1.6384332048076728e+16,0.017568220934208793,1.2846743971866458e-08,32216978988267.94,2776950508.43,2.8957850057274284,5.453093829997653e-16,0.0005905868225328014,4.3273812982076727e-10,1083030736210.6322
914,90797.0,22.391762,2.2718164174115716e+16,0.03535455447235976,2.9453277087438203e-08,35869913801593.016,3839832324.73,2.8957850057274284,9.856325462033765e-16,0.0008704695361411614,7.022317793899453e-10,883158271806.4464
915,56455.0,28.83867,1.608472978773871e+16,0.05866092905916689,4.7435232652014135e-08,32718055063371.816,4733614854.0,2.8957850057274284,1.792922254869556e-15,0.0009642752837390226,7.444849528190089e-10,537823255369.8646
916,37781.0,25.419498,4.65887642606952e+16,0.041461346433158956,3.128575942977653e-08,75990206215144.7,4326210957.76,2.8957850057274284,5.456143429295733e-16,0.0007623503182621371,6.130146991075394e-10,1397232913945.8484
917,73637.0,17.287075,4.021465467741664e+16,0.03413866556793495,2.508494483478634e-08,79416248669154.11,3526559768.84,2.8957850057274284,4.298700346594773e-16,0.0007702675707832502,5.953610609548707e-10,1791861513197.6338
918,53555.0,11.6544895,6217318120107309.0,0.021933869332235654,1.6975019380557448e-08,11701056768155.717,2642659891.19,2.8957850057274284,1.8745203759653925e-15,0.0005627774456275894,4.2449230824266404e-10,300224768342.5445
919,116912.0,5.917579,7187699361919134.0,0.0032990102106776344,2.446027002875085e-09,4007093709480.2354,389213032.27,2.8957850057274284,8.232925032106506e-16,0.00031262421304700946,2.322461019653398e-10,379724352921.7711
920,60865.0,10.043658,9716757257041040.0,0.008932542148999677,6.40625898262042e-09,8641805978470.948,1649845353.55,2.8957850057274284,1.0336429875020373e-15,0.0005132388946051816,3.7521649624701776e-10,496534007206.40015
921,97354.0,22.57109,3.961969394180698e+16,0.031930097445096804,2.506742534521403e-08,56047833237420.445,3815556115.37,2.8957850057274284,5.696936991273128e-16,0.0007680241485218606,6.151672692481606e-10,1348135234246.6855
922,29617.0,24.298855,1.5550104775711668e+16,0.0922091106872342,7.155316629136144e-08,59009419680955.6,6633431914.58,2.8957850057274284,1.5626168022966221e-15,0.001080447824680717,8.093585340108637e-10,691434920636.1741
923,62811.0,15.431842,3.926000861245655e+16,0.0613902786246643,4.352504117750235e-08,156182448441697.88,5170700136.66,2.8957850057274284,3.930677181538807e-16,0.0007547092155317253,5.547459717722153e-10,1920048838089.1833
924,67712.0,27.306759,4.55103674285491e+16,0.07188768440506482,5.534943265607864e-08,119810444398109.62,5282547941.85,2.8957850057274284,6.000118334107362e-16,0.0007794410891324713,6.155601248881506e-10,1299042861707.8748
925,36287.0,42.991207,4.463409469524848e+16,0.07158114057397429,5.637078556167875e-08,74316578428995.05,5057265607.18,2.8957850057274284,9.631920910132548e-16,0.0012278236151311735,9.810132476232873e-10,1274744286821.887
