,id,sfr,sfrd,snr,snr_solar,snrd,mass,z,halo_volume,snr_err,snr_solar_err,snrd_err
0,305703.0,1.7155472,918188042932777.5,5.6868116017026185e-05,3.906265653201343e-11,30436716722.77359,32737528.900000002,0.2613432561610123,1.868405075849587e-15,1.3442408395115097e-05,8.890106706455707e-12,7194589957.428084
1,410975.0,7.992892,4849519138277407.0,0.004581146529581699,3.0684771520109597e-09,2779514319780.572,262109781.93,0.2613432561610123,1.648182380993582e-15,0.0002443658241657735,1.7151015840591113e-10,148263825037.65222
2,282213.0,7.099558,7628230938391284.0,0.003118027884255101,2.104670577667547e-09,3350213741959.9194,170131128.05,0.2613432561610123,9.306952106378185e-16,0.0002339587704338151,1.7222876281638614e-10,251380653687.34396
3,357367.0,2.9366164,3350306874721942.5,0.0010922100072170106,1.036134975276969e-09,1246073098215.774,62874878.06,0.2613432561610123,8.765216172156539e-16,0.0001287458142184931,1.1607974621229381e-10,146882645778.28122
4,323846.0,1.2285609,5625993213498331.0,0.00026618224972116227,1.9986633559863685e-10,1218937970828.2896,30071086.88,0.2613432561610123,2.1837226839384355e-16,5.2078709116221355e-05,3.6738180108681e-11,238485909860.56534
5,116561.0,9.016866,5583336804417396.0,0.003855239728319478,2.949064496851632e-09,2387204364019.412,136086790.97,0.2613432561610123,1.6149600706276725e-15,0.00021386646602425567,1.6262705594918683e-10,132428330529.02296
6,221665.0,0.8569602,3853586314175974.5,3.8221656903426144e-05,3.56484135970451e-11,171875489606.36987,4555172.899999999,0.2613432561610123,2.223799157806711e-16,1.1490841462384993e-05,1.0722271018783587e-11,51672118959.331665
7,138701.0,26.496372,6261373783439902.0,0.01134528243042988,8.385651352107228e-09,2681010591775.1675,593099316.34,0.2613432561610123,4.231718615821607e-15,0.0003972175003145587,3.042091563114531e-10,93866709102.405
8,214443.0,8.22845,5376020581974596.0,0.001733544836865304,1.2312114047174e-09,1132603676605.3955,159252282.49,0.2613432561610123,1.530583797909813e-15,0.0001275736440545495,9.736625357311833e-11,83349663199.60129
9,265278.0,1.5787096,1304343428748760.8,0.00016870437794295898,1.0840746166081416e-10,139385005811.73758,37064515.64,0.2613432561610123,1.210348107104304e-15,5.596962247145196e-05,3.3120595901453495e-11,46242582727.176254
10,368022.0,1.345673,1650453070664806.8,0.00025187967816038206,1.798933200248777e-10,308927643088.5259,33019903.94,0.2613432561610123,8.153355123620446e-16,6.160152371800082e-05,3.702193873962549e-11,75553588411.15588
11,274774.0,2.5101168,4925715288214385.0,0.000897655981649927,6.452312155211207e-10,1761510776060.3555,22619474.44,0.2613432561610123,5.095943742436522e-16,0.00013222013714451472,8.710060289598902e-11,259461532205.40924
12,28548.0,18.041622,4999834709335212.0,0.007919963275000561,5.833089411342863e-09,2194841865050.0483,578240181.75,0.2613432561610123,3.6084436884112216e-15,0.0003002929491779858,2.2971950337052254e-10,83219519302.01886
13,420986.0,8.73003,6407117893094580.0,0.004886058535187099,3.7202347008869237e-09,3585961682549.173,367537826.0,0.2613432561610123,1.3625517971830973e-15,0.00022810622405375886,1.7806228354666183e-10,167411047804.0831
14,370390.0,0.22140676,310135510715676.94,1.7255332021688882e-06,1.8872092896911558e-12,2417040567.8286676,1992613.1,0.2613432561610123,7.139032853383217e-16,1.715701329431021e-06,1.876456206793277e-12,2403268572.4620852
15,384783.0,1.6588141,1519635211767155.8,0.0003839098501964265,2.3073385009575706e-10,351698798860.429,45686983.18,0.2613432561610123,1.091587038228073e-15,5.634525902851487e-05,3.391175476520053e-11,51617742841.631516
16,379185.0,5.4949837,3127369317207128.5,0.0015511118073301337,1.3263312547702837e-09,882786872288.9852,204343705.13,0.2613432561610123,1.7570626116224898e-15,0.00015649296102187522,1.4674042393511922e-10,89065102169.22093
17,283524.0,3.82481,1998730520228252.8,0.0020180513832992507,1.6064923044019473e-09,1054572878440.774,137146098.74,0.2613432561610123,1.9136196507187026e-15,0.00018266145677898826,1.493783387473447e-10,95453376385.62901
18,331588.0,1.7380838,4376379364073894.5,0.00010551168752791608,1.0002391275073146e-10,265671408919.28503,47561306.76,0.2613432561610123,3.9715108207211007e-16,4.431089389280964e-05,3.887907651903643e-11,111571882573.30289
19,137028.0,1.3324801,3074784826358044.0,3.281784379821062e-05,2.3172969689249597e-11,75729317191.69873,6189991.399999999,0.2613432561610123,4.3335718603056455e-16,1.4961133448628878e-05,1.0505458752528819e-11,34523792222.45936
20,202795.0,4.3769746,8231671887936630.0,0.004093649081336589,3.6244387946171705e-09,7698828332683.496,227457316.88,0.2613432561610123,5.317236473448825e-16,0.00020307686821272673,1.7317046828439748e-10,381921829557.0906
21,386513.0,1.9901133,2469306835660421.0,8.935638560523214e-05,6.344862055172015e-11,110872247215.72795,18478875.66,0.2613432561610123,8.059400602872993e-16,1.5851722477263458e-05,1.1128783762270299e-11,19668612169.015
22,305481.0,4.774152,3611700550440036.0,0.0008948872578927741,5.818047554956981e-10,676992438010.5842,46989627.14,0.2613432561610123,1.3218570956604737e-15,0.00010291200467382581,6.850466168397999e-11,77854107688.09712
23,238383.0,3.447081,1639155342082014.0,0.001049373923163786,7.12176045224155e-10,498998100710.56665,80682048.07,0.2613432561610123,2.1029617581098836e-15,0.0001229668862836778,8.616427972927103e-11,58473191825.513245
24,423574.0,6.142472,2.187480919027136e+16,0.010370354829872887,7.885151845030769e-09,36931309273998.875,589575958.5,0.2613432561610123,2.808011693529109e-16,0.000310817670547453,2.5264220374291167e-10,1106895926622.0767
25,101336.0,1.8112181,1064465448842464.0,0.00042683993985869275,2.7711833881297526e-10,250856795305.64194,40739178.86,0.2613432561610123,1.7015283135489089e-15,6.500734022633632e-05,4.052642276888234e-11,38205265060.06198
26,259667.0,0.5652888,529475767847590.9,0.0001233307210049023,8.164129855806472e-11,115517286391.07593,18149364.65,0.2613432561610123,1.0676386613460994e-15,4.929723838765267e-05,3.1520823009330037e-11,46174085083.70965
27,247093.0,0.3242466,542263000959082.2,0.00021349954292041945,1.3572881726063532e-10,357052017962.3133,4242215.3,0.2613432561610123,5.979508087893071e-16,4.1121692201084e-05,2.6142438385872578e-11,68771028647.56483
28,10606.0,17.041174,6354613697937606.0,0.008919231077990855,6.604205009668511e-09,3325960287904.547,400147281.63,0.2613432561610123,2.6817010144189767e-15,0.0003144621458324925,2.41848929770231e-10,117262194458.55136
29,151839.0,8.535913,2489871143130042.5,0.0028226455333733493,2.1216135978762725e-09,823347620908.4148,180847282.99,0.2613432561610123,3.428254921364893e-15,0.0001723014914981586,1.3183856245346402e-10,50259241348.82015
30,360652.0,1.0092624,1462637761829307.5,0.0006221026101882986,4.800336468930568e-10,901560158581.1414,44475670.52,0.2613432561610123,6.900289506663117e-16,7.631576080547205e-05,5.6980313562269604e-11,110597911481.5101
31,333467.0,0.22480853,224374078531679.5,0.00045760901518498927,3.78507916832459e-10,456724667475.56824,26614114.0,0.2613432561610123,1.0019362819054838e-15,6.0262908514615664e-05,5.437863874634132e-11,60146448035.6052
32,314358.0,2.399931,4576996283425978.0,6.820963661547473e-07,4.4004261110893026e-13,1300850954.8102188,2623793.7,0.2613432561610123,5.243462855083643e-16,3.1429218339219666e-07,2.0276013756046372e-13,599398130.7362254
33,154939.0,4.568298,4417627852686885.0,0.0008999356332480546,6.110229987029878e-10,870254243278.7911,63721004.41,0.2613432561610123,1.0341065731060789e-15,0.0001464740550141402,1.0046265133181229e-10,141643094458.03595
34,270211.0,0.9417462,1633539907559285.5,0.0004535206272425147,3.3994853067960256e-10,786670595009.533,10672516.8,0.2613432561610123,5.76506393043735e-16,7.976053151587765e-05,6.082803781819738e-11,138351512625.5102
35,382047.0,3.8528547,2502411323905475.0,0.0003321700954570279,2.033395883381485e-10,215742942066.93784,26824747.16,0.2613432561610123,1.5396568354665645e-15,8.47301404314966e-05,5.339645372645407e-11,55031834678.810555
36,312680.0,5.6007857,3168364330381223.0,0.0008181424766287962,4.668841054972072e-10,462823178562.32764,34121232.05,0.2613432561610123,1.7677214852769485e-15,7.40487741997347e-05,4.830280291934955e-11,41889389712.392105
37,384331.0,0.7864165,1039397394463887.6,6.289985951242529e-07,7.675221427267998e-13,831340009.897547,819518.5,0.2613432561610123,7.566081117661709e-16,3.1429218339219666e-07,3.8350834470752846e-13,415396264.59797776
38,401257.0,0.25862062,3289407881706129.0,5.035058389880367e-05,3.611703353781083e-11,640411454915.0431,7978538.2,0.2613432561610123,7.86222412362739e-17,1.1362522895290107e-05,8.118132543716579e-12,144520465413.13535
39,122617.0,3.9009655,1951525686277332.5,0.0004049248648342692,3.15121342527025e-10,202570690444.8279,28445798.4,0.2613432561610123,1.9989311580322347e-15,0.00010969480177183455,8.150336597036481e-11,54876728160.97332
40,400637.0,1.9135458,2288058865146899.0,0.00010191726482595574,7.792222634852007e-11,121864186003.04851,9033057.16,0.2613432561610123,8.36318430940869e-16,4.3827231777887545e-05,3.6279947685979446e-11,52404957437.78042
41,254090.0,5.1345496,6408166645733577.0,0.0029419329593553963,2.2958245572373364e-09,3671674856179.309,115868165.17,0.2613432561610123,8.012509480255909e-16,0.00018857354702152553,1.4763682096002085e-10,235348922189.9838
42,256849.0,1.5241722,1518731305616997.5,0.0006277847694455114,4.0777221102563887e-10,625543742725.689,25098072.76,0.2613432561610123,1.0035825259957962e-15,0.00010482645440497689,7.225720868602324e-11,104452251498.66348
43,218701.0,2.2294893,2908219814476019.5,0.0008427629813114134,7.086675537778629e-10,1099327994602.5018,100784430.48,0.2613432561610123,7.666165015802604e-16,0.00011475634418896267,9.895096501093684e-11,149691982826.368
44,411188.0,4.4744725,5537126389522078.0,0.00208314673750869,1.6753150735337492e-09,2577878570827.33,258133534.34,0.2613432561610123,8.080856721036851e-16,0.00012951079859499935,9.653514851697166e-11,160268648567.72498
45,243943.0,1.0124763,2783509412730450.0,0.00033106310724908736,2.453667254842027e-10,910161823279.8389,19461358.35,0.2613432561610123,3.6374092911969843e-16,6.441250377410023e-05,5.384640150366737e-11,177083464129.22812
46,59015.0,7.9159436,6754783688976014.0,0.003458950472471552,2.513368264011772e-09,2951570073392.9834,174916864.53,0.2613432561610123,1.1719018645880592e-15,0.00016875668697809,1.1997173870945155e-10,144002405045.5884
47,435871.0,1.7929138,2831340561615174.5,1.6469106535780054e-06,1.1010913186360792e-12,2600774747.135955,1495707.6,0.2613432561610123,6.33238482260576e-16,3.3151117730563105e-07,2.2164170142989915e-13,523517105.4705659
48,315421.0,4.3445196,4589180562485190.0,0.000492315085788158,2.7329169267641316e-10,520039735191.2611,31587258.169999998,0.2613432561610123,9.466874403493294e-16,7.33625419335868e-05,4.3663481658607563e-11,77493942358.11969
49,302309.0,8.307623,6635696838225624.0,0.004941333676958189,3.6284421406640936e-09,3946880143310.458,226948209.12,0.2613432561610123,1.2519593951524533e-15,0.00021470407229732614,1.5913981039951243e-10,171494437542.1866
50,384166.0,1.4744865,1967231908547949.8,0.0014201921145210932,1.1201210328832155e-09,1894793369728.4297,60339816.44,0.2613432561610123,7.495234769185631e-16,0.000113942061594105,8.276612311416997e-11,152019336422.31326
51,309575.0,16.269205,1.0399348586832602e+16,0.020351875076314346,1.5296391111805863e-08,13009009556045.5,1669098215.86,0.2613432561610123,1.564444624983498e-15,0.0004632274441169384,3.7171665321612056e-10,296097053688.8288
52,391375.0,0.33497328,797568186260286.1,3.722873144519488e-05,4.339319369478938e-11,88641254656.23814,34240830.74,0.2613432561610123,4.199932817915603e-16,5.642271416011381e-05,7.007290512338578e-11,134341944517.37921
53,365335.0,2.9589705,1337111697836852.0,0.004402638139008782,3.2670224210567445e-09,1989482138132.6077,331533567.16,0.2613432561610123,2.212956856773412e-15,0.00024202870369681274,1.848260697708518e-10,109368921023.47679
54,174195.0,55.93084,6481112025219344.0,0.03488544571566867,2.4942751359055702e-08,4042429574327.095,1939883792.41,0.2613432561610123,8.629821515561151e-15,0.0006891897603064267,5.100472482988961e-10,79861415333.29411
55,114673.0,4.745238,6051934315287022.0,0.002206616173332585,1.5345063129466088e-09,2814252128145.903,130753488.63,0.2613432561610123,7.840861702701659e-16,0.00015790061615449168,1.2159766168234453e-10,201381713058.50885
56,243469.0,4.3276963,4105649461472182.5,0.001960718667521406,1.3995070248452588e-09,1860117481304.7107,168687064.42,0.2613432561610123,1.0540832432509222e-15,0.0001822531035567435,1.3681025482228634e-10,172902002497.1202
57,271516.0,0.42045754,847479644482450.4,0.00035708685033689075,2.23156418117638e-10,719748864470.0393,15955892.99,0.2613432561610123,4.961270075775924e-16,7.203016418008584e-05,4.332932209731021e-11,145184928616.93402
58,109841.0,7.8291087,5623760857344866.0,0.004945082694802984,3.546858356922677e-09,3552123691342.603,220757726.84,0.2613432561610123,1.3921482258220241e-15,0.00017270765956409412,1.2342986159921842e-10,124058384273.06485
59,340428.0,6.095995,3602540493300162.5,0.0051697551092920934,3.422403096892557e-09,3055161974652.239,308462644.17,0.2613432561610123,1.6921378153381061e-15,0.000238340606166694,1.6107975417888422e-10,140851769877.30823
60,341829.0,2.0943367,2249514655815948.0,3.3312945881537e-05,2.080368817931493e-11,35781238035.37464,1601300.0,0.2613432561610123,9.310171394461702e-16,1.1357685806770378e-05,7.092790736757871e-12,12199223113.6869
61,427221.0,0.94515204,1054505314551338.1,0.0010436549225152673,6.240864296343613e-10,1164404895481.1697,42043135.0,0.2613432561610123,8.962989820512523e-16,5.9689435034407936e-05,3.666446729855261e-11,66595451104.723854
62,189143.0,0.12204592,618031943808181.1,1.3395051050115222e-06,1.5066575507331926e-12,6783159517.264099,889057.44,0.2613432561610123,1.9747510015093887e-16,1.715701329431021e-06,1.9297980673003773e-12,8688190704.142626
63,255844.0,0.21575212,1042782346712550.8,0.00040738996747410487,3.4425278656134096e-10,1969014563146.804,20920117.42,0.2613432561610123,2.0690043390183451e-16,7.527045418819686e-05,6.014335828193527e-11,363800368944.1729
64,133098.0,0.18149616,280756367544350.56,8.681201547046363e-06,6.369055323581149e-12,13428948647.007923,17009923.64,0.2613432561610123,6.46454296255024e-16,2.02781277512153e-06,1.5221678763027927e-12,3136823108.561359
65,283142.0,0.13236447,296053981833508.56,5.925994931004463e-05,4.058232177980918e-11,132544208853.7097,21809663.0,0.2613432561610123,4.470957261923861e-16,1.0857600473688838e-05,7.2738099089401245e-12,24284733307.91087
66,40691.0,3.2473445,3756824162878613.0,0.0010596106756700315,8.311462977195813e-10,1225854229386.906,29863171.22,0.2613432561610123,8.643855446009931e-16,0.00014901162620682438,1.0986326702623155e-10,172390233892.22604
67,224650.0,1.6233253,3435674117706229.0,0.00027565892227888686,2.395771219559496e-10,583416167165.2407,8987545.65,0.2613432561610123,4.724910583439696e-16,6.948315525310396e-05,5.705711064423215e-11,147057079760.69424
68,401600.0,17.140478,1.6869493319092626e+16,0.022306966940003288,1.7244904181190762e-08,21954301960750.773,1620318187.83,0.2613432561610123,1.016063593362385e-15,0.0004770288888588845,3.802557524514904e-10,469487236798.1296
69,295574.0,1.2614095,1866066549743972.8,0.0002723971900034779,2.1704167031453078e-10,402970870688.4984,4858250.3,0.2613432561610123,6.759724084722848e-16,3.7204888396706025e-05,2.96511017622944e-11,55039063622.12333
70,67903.0,24.103624,9650838993051596.0,0.021359925038888443,1.555175979900338e-08,8552290620446.274,1276417432.07,0.2613432561610123,2.497567726220913e-15,0.00047078228634875986,3.5185771041971387e-10,188496304386.95
71,361406.0,0.14408557,477784784421376.4,1.1603324508507567e-05,8.747811981778206e-12,38476385240.16361,10371342.36,0.2613432561610123,3.0157002629226784e-16,6.873186373889091e-06,5.10520223198007e-12,22791344545.72058
72,397061.0,1.6069198,2317803193310133.5,0.00015775084315363102,1.241342615324802e-10,227538056354.05823,10834486.06,0.2613432561610123,6.932943248322578e-16,3.774464140766814e-05,2.921628792272826e-11,54442449700.99883
73,369945.0,3.444839,2083638462774384.0,0.0015164622303616994,9.49826475169745e-10,917244327100.9951,90254163.9,0.2613432561610123,1.653280577002387e-15,0.00013150467437593339,8.934389399438967e-11,79541655666.43774
74,198567.0,0.39155036,2943635922055834.0,2.49774677823374e-05,1.3763950862859294e-11,187778071270.52734,1814701.9,0.2613432561610123,1.3301589271493242e-16,1.1357685806770378e-05,6.258706075510462e-12,85385930770.77744
75,150073.0,1.065096,1787632947981406.5,0.0008330364342330385,5.348277491533219e-10,1398149440711.3777,34227362.13,0.2613432561610123,5.958135875727204e-16,0.00011175798591221784,6.653540542997067e-11,187572066571.2034
76,28549.0,6.462794,5097285232796604.0,0.0014443566729650113,1.0566776954937765e-09,1139181898726.1216,124538135.94,0.2613432561610123,1.2678894165893509e-15,0.0001798713454376258,1.3018278015557883e-10,141866745698.91394
77,346941.0,3.730119,8844109162703499.0,0.0018595642761354704,1.4030522746390355e-09,4409025409968.372,157033953.34,0.2613432561610123,4.2176311162353e-16,0.00018209522879106328,1.462102564431492e-10,431747641679.9659
78,35380.0,0.78702426,476247471098313.6,0.0011110850710797822,1.0419757195928428e-09,672344528841.8889,34369621.31,0.2613432561610123,1.6525531530592245e-15,0.00014825822606642317,1.3936055454426995e-10,89714648991.45055
79,300853.0,0.16469656,5330888250792561.0,3.393451547644168e-06,2.213097096476999e-12,109839033583.76233,1533349.6,0.2613432561610123,3.08947687987108e-17,1.715701329431021e-06,1.118923779307094e-12,55533716423.29996
80,275895.0,0.10999561,406296288543155.5,7.411268387373014e-05,4.137012482581477e-11,273753728824.89337,2819322.5,0.2613432561610123,2.7072757763652723e-16,4.1121692201084e-05,2.2954364226048316e-11,151893252102.64713
81,316635.0,0.6341651,996433711931686.9,5.3315594200509475e-05,3.1059247466531784e-11,83772278595.99522,10749248.56,0.2613432561610123,6.364348098686939e-16,1.8859706055832422e-05,1.1538834805613137e-11,29633366628.27017
82,315959.0,5.5591497,7057922871148005.0,0.003879081957909465,2.8538761621242576e-09,4924900883634.56,345755146.96,0.2613432561610123,7.876467059062346e-16,0.00023235342987817082,1.6943961475495273e-10,294997018505.6945
83,243071.0,1.1768774,1405925462542179.2,0.002192322002168606,1.7178164293530767e-09,2618999502361.3286,46703104.46,0.2613432561610123,8.370837795852867e-16,0.00018882665216902553,1.5790394973829857e-10,225576766357.33548
84,394522.0,13.45783,9986243139419710.0,0.014526803268906652,1.0865049630863359e-08,10779463664039.363,1036277480.84,0.2613432561610123,1.3476369253294608e-15,0.00041490730111508144,3.136179377906769e-10,307877658527.09015
85,101337.0,22.147436,3701988220573770.5,0.011651851442686881,9.1753743573243e-09,1947630271454.5527,920185399.59,0.2613432561610123,5.982578733480511e-15,0.0004409753433533482,3.44161398892828e-10,73709910558.38559
86,288570.0,3.4526305,1716163330368949.0,0.00044152222686131925,3.545199162636573e-10,219462886423.0436,26291155.77,0.2613432561610123,2.01183094808216e-15,0.00011075715389359727,8.502661116198518e-11,55052912869.83131
87,398007.0,0.8239869,678095829409829.2,0.0011734132876023567,7.963939628331835e-10,965654498265.9733,35404153.49,0.2613432561610123,1.2151481608685676e-15,0.00012691294069885886,9.537805454774949e-11,104442359200.16833
88,376485.0,11.296532,1.053479129261642e+16,0.007421127165703063,5.327441467864897e-09,6920710342488.103,473511047.7,0.2613432561610123,1.0723071474531693e-15,0.0003213819655052583,2.355692459770688e-10,299710737048.21497
89,410273.0,0.5441468,2367843428993542.5,0.00016267882819517144,1.1318208533329767e-10,707893521340.7596,16546039.36,0.2613432561610123,2.298069176944233e-16,4.795170039474175e-05,3.3469094739974995e-11,208660822205.98615
90,120401.0,1.6444664,4282721745357589.0,8.78424352147777e-05,6.519636511239479e-11,228770078524.85992,8597956.64,0.2613432561610123,3.8397694218228833e-16,5.023933976047775e-05,3.6063871518872176e-11,130839470398.79088
91,40694.0,5.183461,4363449875424734.0,0.0024900249664924,1.943058553080975e-09,2096108976192.8833,194102914.03,0.2613432561610123,1.1879272474730668e-15,0.00016950428297352472,1.5459296631011903e-10,142689111083.26758
92,263375.0,0.91794646,1934869758907411.5,4.871136231218784e-07,3.583248601953323e-13,1026749880.957485,1359419.0,0.2613432561610123,4.744228678825126e-16,3.3151117730563105e-07,2.438623980580167e-13,698767280.7283973
93,73539.0,6.7201777,6940849397880639.0,0.005812161380541292,3.832206960418911e-09,6003016381325.025,230412974.7,0.2613432561610123,9.682068165968245e-16,0.000301381235309264,2.1205776840863115e-10,311277745769.852
94,371311.0,3.4343348,4729905001941740.0,0.0008242712691602672,5.1991220577448e-10,1135219780831.506,51979492.47,0.2613432561610123,7.26089593467548e-16,0.00010917160791668713,7.425202623322098e-11,150355560662.04172
95,147891.0,0.5133662,606558199171070.6,1.1047314132830135e-05,6.941933607570791e-12,13052746686.647007,4916889.5,0.2613432561610123,8.463593447447782e-16,4.949204200774417e-06,3.040528756376223e-12,5847639340.789535
96,217083.0,5.0038567,5781063588564873.0,0.001943766470103263,1.3521590927554353e-09,2245675333785.487,86597141.47,0.2613432561610123,8.65559878963758e-16,0.00016846073951559164,1.3347207944146657e-10,194626326392.66
97,383808.0,2.077471,1555115121191261.8,0.00047439638335971515,3.1312739878170496e-10,355114939848.0844,29536706.96,0.2613432561610123,1.3358953119873202e-15,8.326343164002755e-05,5.357269501096942e-11,62327811837.41279
98,246071.0,0.926096,3977674724658206.5,4.066349896119967e-05,3.427698967816935e-11,174653785389.55914,1186320.6,0.2613432561610123,2.328234619736478e-16,1.495452957851229e-05,1.2605807889125662e-11,64231196683.28324
99,19820.0,0.5281056,926776422298426.0,0.0,0.0,0.0,1256595.9,0.2613432561610123,5.698306379981985e-16,0.0,0.0,0.0
100,230658.0,1.524285,4456779591104353.0,0.00023735232834704923,1.542786924720411e-10,693982432995.2917,3636959.6399999997,0.2613432561610123,3.4201489412724015e-16,4.140782963285726e-05,2.7062420517358866e-11,121070252623.12775
101,387311.0,1.5242411,2707156529296932.5,0.00011160633835151235,8.104970355570941e-11,198220496468.1895,12478398.45,0.2613432561610123,5.630413622206973e-16,4.951855493364186e-05,3.663508893017103e-11,87948343152.50874
102,253687.0,0.1413758,101861628196814.3,1.1008609146876748e-05,8.27710694514584e-12,7931731257.281715,6891714.15,0.2613432561610123,1.3879200882871957e-15,5.25803504267464e-06,3.792550672742001e-12,3788427797.138865
103,302822.0,0.778235,4753350124064695.0,0.0002098033445983072,2.4234363140189376e-10,1281449374643.3293,3261445.1,0.2613432561610123,1.6372347495717695e-16,4.81748320618138e-05,5.5766318959618974e-11,294245110998.37256
104,292118.0,2.9366612,3644010065474127.5,0.0009770569105950597,7.387198186092793e-10,1212399039000.2947,88255919.71,0.2613432561610123,8.058872361039724e-16,9.052859929653061e-05,7.166881606635816e-11,112334077574.16197
105,163644.0,0.12559204,1805707381307013.5,1.917679773040798e-06,1.087920883394493e-12,27571560436.178337,11545915.44,0.2613432561610123,6.955281974263932e-17,9.892504103945586e-07,5.612126672579326e-13,14223009420.106936
106,202791.0,1.1198841,2679369228716799.5,0.00012331485426066266,1.1483736772259607e-10,295035911260.5637,22885085.62,0.2613432561610123,4.179655748813438e-16,5.948466203791398e-05,6.99557775778566e-11,142319524891.01782
107,258436.0,0.22537354,2549393985054919.5,1.4435156556473726e-06,1.4972446543809984e-12,16328847343.126526,964114.75,0.2613432561610123,8.840278957320321e-17,9.892504103945586e-07,1.026071233112613e-12,11190262379.394663
108,373381.0,1.8850968,1319013602231968.5,0.001848587873799544,1.3993146681801604e-09,1293468086340.5383,141978254.97,0.2613432561610123,1.4291716149174913e-15,0.0001804413113643218,1.2669460405946764e-10,126255874018.83783
109,310546.0,2.52987,4527271930230854.0,0.00016692781956064419,9.476615380106833e-11,298721923210.1038,8750864.9,0.2613432561610123,5.588067248858624e-16,4.293607576633551e-05,2.1307923214525552e-11,76835288220.81607
110,284679.0,1.5529746,818248182967465.6,0.0006126613793029329,4.940883550288557e-10,322805704864.05005,37179524.56,0.2613432561610123,1.8979261211041978e-15,0.000126193024597609,1.054992152594595e-10,66489956165.517624
111,234912.0,0.14309485,272003854881912.3,7.091560084482784e-07,5.98365318822506e-13,1348009156.2386887,2452207.7,0.2613432561610123,5.260765516066791e-16,3.1429218339219666e-07,2.651906495587555e-13,597426709.9195424
112,272250.0,4.266175,2034580780445273.2,0.002714359407588999,2.166660854579263e-09,1294504675007.7986,85067460.72,0.2613432561610123,2.096832448729972e-15,0.00017339516511603983,1.4162364722105558e-10,82693858167.38164
113,333998.0,5.780898,2922683180113398.0,0.00070423651424792,7.510446856980996e-10,356045066876.1298,92701619.79,0.2613432561610123,1.9779420634212242e-15,7.945217469950432e-05,9.323180570242535e-11,40169111203.42766
114,209490.0,1.6141955,1517997899539859.5,0.0007899251797662116,5.78177139827442e-10,742849774812.7505,57014547.2,0.2613432561610123,1.0633713659875946e-15,0.00011449191322220635,8.803382129467354e-11,107668794632.13045
115,368869.0,4.31148,3389236560140725.5,0.0023992664884200823,1.768353419833845e-09,1886053443382.2715,158454285.41,0.2613432561610123,1.2721094923574713e-15,0.00014692247617074174,1.1239187581504204e-10,115495149634.06589
116,271515.0,0.29012796,296668198739685.2,2.682013706259171e-06,1.980087381990253e-12,2742473270.1772532,1354492.6,0.2613432561610123,9.77954365289338e-16,9.892504103945586e-07,7.303475931832766e-13,1011550687.3389522
117,343374.0,0.71733475,2834339245886109.5,7.661113684293826e-06,4.589743572653362e-12,30270658409.604603,8031840.16,0.2613432561610123,2.530871175852265e-16,4.849330453423166e-06,2.9052151159042328e-12,19160716277.03518
118,358502.0,1.5522146,1437140924696098.2,0.0012986087093257632,8.495468692660425e-10,1202336146908.3167,147571757.09,0.2613432561610123,1.0800712535051046e-15,0.00013141777696211183,8.912897032412967e-11,121675099245.19135
119,211541.0,0.30981675,591593522118558.9,4.6710845448317995e-05,3.233568087183204e-11,89194123880.99126,2599601.7,0.2613432561610123,5.236986856964111e-16,1.1362033553103718e-05,7.846213962650305e-12,21695745785.564766
120,40692.0,0.32357922,1559952343167611.5,0.00036284314628423343,2.2472629467887633e-10,1749240931628.4229,21342305.44,0.2613432561610123,2.07428913721137e-16,5.684154653674922e-05,3.57121913751356e-11,274029042128.45554
121,194440.0,4.156981,3468383445719463.0,0.002277779585663455,1.635841182803256e-09,1900468875829.0847,144890928.83,0.2613432561610123,1.198535590155228e-15,0.00020036491197927936,1.4970007651698424e-10,167174770298.91882
122,324930.0,6.3440833,4285481978106336.0,0.002515322479955107,1.8280381550883511e-09,1699121629908.823,195830182.46,0.2613432561610123,1.4803663467518109e-15,0.00019805501335090964,1.5045199291102203e-10,133787838250.63156
123,372751.0,1.3584164,2882604637043643.0,5.34354492851065e-06,3.0635919331636613e-12,11339179495.459448,2918215.2,0.2613432561610123,4.712461717931503e-16,1.715701329431021e-06,9.836557609010415e-13,3640775102.53837
124,305964.0,14.533288,4.699606942467983e+16,0.040954389879149504,3.162544748554627e-08,132433579380379.39,3770713532.03,0.2613432561610123,3.09244755527744e-16,0.0006532224910901429,5.049841192294991e-10,2112315502247.9883
125,290247.0,1.1172076,1369090585237047.8,3.037498805277675e-05,3.034069396638654e-11,37223261074.973404,1001130.3,0.2613432561610123,8.160216804109889e-16,1.1357685806770378e-05,1.1344862708451016e-11,13918362807.529924
126,321165.0,0.39764696,461440797895380.4,0.0005602784652649444,3.7711015877799005e-10,650163004026.1218,60690134.27,0.2613432561610123,8.617507637245288e-16,6.0051954483578646e-05,4.3757476874399465e-11,69685989280.74188
127,314573.0,0.124809965,182917909220444.88,5.8214666356198134e-05,4.874726684657259e-11,85317747311.6152,7040032.3,0.2613432561610123,6.823277476323236e-16,4.9258569817724345e-05,4.787641510528068e-11,72191948793.89197
128,332529.0,4.318262,2028063969832471.8,0.0010207191081406082,7.353116037173087e-10,479378890521.11755,48823020.35,0.2613432561610123,2.1292533491222714e-15,0.00010535014807824534,7.831787585791539e-11,49477507278.16075
129,370974.0,9.739615,4117045035098256.5,0.007820287790336595,5.9619897107892814e-09,3305723790955.268,489271792.75,0.2613432561610123,2.365680947613816e-15,0.00032597511530373227,2.489631030694218e-10,137793355284.2502
130,248568.0,5.642744,5418568149003740.0,0.0012527471956550686,8.864743913245326e-10,1202977851401.7842,87842897.5,0.2613432561610123,1.0413717876811198e-15,0.0001364466566147245,1.0728652814133035e-10,131025881658.03668
131,323673.0,1.5224822,2763320236376098.0,1.0750598447387806e-06,6.084297549725359e-13,1951244240.6761918,3280690.8,0.2613432561610123,5.50961187906556e-16,9.892504103945586e-07,5.598659346718412e-13,1795499269.4736552
132,314108.0,1.3748146,1101904687882255.0,0.0002966192357092012,1.7885691364672624e-10,237738329476.5857,6170251.4399999995,0.2613432561610123,1.2476710691214585e-15,3.72459024769684e-05,2.2343926828612516e-11,29852341212.97284
133,307374.0,3.167911,4800863547475676.0,0.0004695124255207041,4.2322362842807746e-10,711530434020.7905,56468892.75,0.2613432561610123,6.598627452483434e-16,7.945760032834373e-05,7.898113087213902e-11,120415345313.1217
134,178034.0,5.874229,4351385131125155.0,0.00017464748689416404,1.7742251391080952e-10,129371612454.95209,18274731.54,0.2613432561610123,1.349967613296752e-15,7.095247123132024e-05,7.264605550400471e-11,52558646987.12839
135,442392.0,0.8116638,5055467101852462.0,0.00030576372606609475,2.1446079392991294e-10,1904456571879.8474,29295796.26,0.2613432561610123,1.605516925829829e-16,2.6889689835971603e-05,1.8364978143048227e-11,167483066689.39896
136,53359.0,0.5525138,9728046526416146.0,0.0002876046084045159,2.3780674401934027e-10,5063821051656.676,10467529.4,0.2613432561610123,5.67959660245939e-17,8.716171911230424e-05,7.41568494552843e-11,1534646299960.1294
137,241636.0,0.45656884,2055389771571637.0,0.0,0.0,0.0,1590170.1,0.2613432561610123,2.221324861663043e-16,0.0,0.0,0.0
138,187611.0,6.5716558,4981389873726326.0,0.00211220866603491,1.5300634699275337e-09,1601078203180.284,41348768.16,0.2613432561610123,1.3192414098445333e-15,0.0001667602494200615,1.1749883710536748e-10,126406166586.07877
139,323120.0,0.50935155,394645878912272.9,2.168621016995877e-05,1.709623215129836e-11,16802488326.185812,2540772.0,0.2613432561610123,1.2906546785788822e-15,4.949204200774417e-06,3.903963296529142e-12,3834646310.0601788
140,320631.0,1.3511683,5738194815823099.0,0.0007520810141465538,5.651953631966928e-10,3193967306999.974,26587728.48,0.2613432561610123,2.354692274082691e-16,0.00010207911178305629,8.866199211784939e-11,433513597112.48425
141,412705.0,1.7501984,3187206532318278.0,0.0007429969244965555,5.16559168499341e-10,1353037833452.3743,26084913.66,0.2613432561610123,5.491324086635071e-16,7.498749396063371e-05,4.8511362808006185e-11,136556307326.93459
142,387627.0,3.7514544,3735554378776710.0,0.0014455616157673446,1.007168746119715e-09,1439434802558.5063,111854923.83,0.2613432561610123,1.004256402025259e-15,0.00011091492069784632,7.99829852656112e-11,110444823129.00069
143,363270.0,3.1819706,1909344859643119.8,0.000557702988251271,3.278210849249939e-10,334650274212.2041,37551821.94,0.2613432561610123,1.6665248207674489e-15,0.0001157904972893662,8.65544291258835e-11,69480211663.48047
144,421354.0,1.4861981,5077671873621830.0,0.00041626893610289655,2.3900018032874476e-10,1422204125218.6775,35682075.46,0.2613432561610123,2.9269282005414743e-16,4.360606185208989e-05,2.4267429647408083e-11,148982342115.61078
145,10604.0,0.8278468,1386363764344870.2,0.000306177119030104,2.1428355796992403e-10,512743255509.1623,3855675.9,0.2613432561610123,5.971353415971609e-16,5.3364336387531436e-05,3.788596693731962e-11,89367238329.58467
146,67905.0,2.6880772,5327166492710549.0,0.0005832647257191505,3.222875721963869e-10,1155899950801.6614,31314493.419999998,0.2613432561610123,5.045979328181767e-16,8.028397262351624e-05,4.633341050590707e-11,159104838529.81854
147,227514.0,3.5040936,1246896912365619.2,0.0018433422100627664,1.4957147024808105e-09,655935021302.0795,182660362.37,0.2613432561610123,2.810251244709569e-15,0.00015898120792443883,1.295762368502193e-10,56571884177.16333
148,192733.0,1.0188667,677196204444578.9,1.131610360114462e-05,1.0803687757536081e-11,7521319921.238732,13109787.26,0.2613432561610123,1.5045369322996305e-15,2.701053987026517e-06,2.587984166069884e-12,1795272637.7398083
149,340952.0,5.0829544,6409673696453042.0,0.0025994062123802543,2.118238166753316e-09,3277886110072.1943,160237139.9,0.2613432561610123,7.930129739385616e-16,0.00018486581443609497,1.5752224600214047e-10,233118272350.5068
150,351811.0,4.124647,9015840673899362.0,0.0031443182585565894,2.328841512067174e-09,6872993603374.764,244848630.16,0.2613432561610123,4.574888963977316e-16,0.0002483693126711335,1.9957567887599654e-10,542896919743.3947
151,147892.0,2.9928784,5775372729329415.0,0.00019869362913636017,1.5373006038740092e-10,383420110621.8104,30157275.98,0.2613432561610123,5.182138954947599e-16,6.530650989126201e-05,5.047053845464165e-11,126022305575.0198
152,10618.0,0.30908325,659520192384525.0,0.0006158148984132089,4.953058928836442e-10,1314022549829.977,23589938.39,0.2613432561610123,4.686486533224943e-16,8.485134447806642e-05,8.061579066164921e-11,181055346849.95053
153,360032.0,8.765372,8164550703778904.0,0.00413570552616534,3.0639314687622565e-09,3852224122863.871,458694819.26,0.2613432561610123,1.073589021370522e-15,0.00020369144923444352,1.5743730395017973e-10,189729445048.17603
154,243941.0,0.776868,829321835931881.2,6.149996530183905e-05,3.8785540479550845e-11,65652419888.40852,15828253.74,0.2613432561610123,9.367509286995432e-16,1.3567739246913927e-05,7.96801572997157e-12,14483827911.171137
155,202792.0,0.4334898,4601672161779109.0,1.3446162043046904e-06,9.52514814455021e-13,14273652933.992874,1411648.6,0.2613432561610123,9.420266910809291e-17,3.3151117730563105e-07,2.348397308690215e-13,3519127222.6611576
156,104418.0,0.951283,8669768995453259.0,0.00033931451547567295,1.8011586877847062e-10,3092432500084.869,16506532.4,0.2613432561610123,1.0972414611033896e-16,8.092547804978485e-05,4.163183600258528e-11,737535728629.9218
157,209489.0,10.063586,5200249037241033.0,0.003039349230511572,2.5075289733755467e-09,1570550786748.091,229172942.87,0.2613432561610123,1.9352123192429236e-15,0.00023083302603407608,1.874006854437086e-10,119280465372.59566
158,141805.0,4.2235823,3306306235009836.5,0.0008258007850447025,4.77642643198977e-10,646453671441.2592,40620754.5,0.2613432561610123,1.2774322763201137e-15,0.0001351811793236306,8.907680796930702e-11,105822580053.35959
159,327820.0,4.5476174,4728138328776128.0,0.0013298580106561398,1.1531549377836154e-09,1382647676564.2747,129075136.7,0.2613432561610123,9.618198715385605e-16,0.00014427331098303034,1.2816318627959182e-10,150000343361.84564
160,183815.0,2.5818,2617405677115545.0,0.0002261466750682801,1.4607083569325774e-10,229265470286.04883,15220709.6,0.2613432561610123,9.863965767986017e-16,3.9722299118990106e-05,2.6042643268876585e-11,40270110474.13685
161,63582.0,3.5803623,1910177675924294.5,0.002209758727643522,1.8158935934405365e-09,1178939849389.9707,135857620.39,0.2613432561610123,1.874360874973339e-15,0.00016722348034352722,1.3722178601109898e-10,89216267036.04012
162,347970.0,10.388277,5351826500197969.0,0.006471753276977131,4.5885838027417475e-09,3334114087492.012,405195244.43,0.2613432561610123,1.941071333238424e-15,0.00027821406430596565,2.00483408212886e-10,143330159763.78458
163,326543.0,0.14942448,224007578433090.06,0.00011782216835494176,8.642475157443222e-11,176631423572.1373,7820957.600000001,0.2613432561610123,6.670510035651867e-16,3.723423874084246e-05,2.6989789846987055e-11,55819178056.60537
164,276554.0,8.809072,7579486006542773.0,0.00557035921056735,4.0019472361843175e-09,4792838529178.995,418402502.25,0.2613432561610123,1.1622255113863688e-15,0.00028196363282932224,2.1395833885636666e-10,242606645669.80634
165,273007.0,3.3676777,1434079243990300.0,4.653809272024481e-06,3.4959065119736173e-12,1981760690.014937,6203399.21,0.2613432561610123,2.3483205088649753e-15,1.7754746658376661e-06,1.0905796138327378e-12,756061474.2047348
166,211540.0,4.2613072,2154650774418671.5,0.00014130533991726633,1.0697381278528802e-10,71448418476.43172,40598216.0,0.2613432561610123,1.977725230739403e-15,1.8988176581470493e-05,1.433755906651316e-11,9601018526.912088
167,284034.0,0.69151795,699314051007652.6,6.635396595604687e-05,4.883423555838385e-11,67102033624.93628,8482067.65,0.2613432561610123,9.888517884112023e-16,2.223303671391276e-05,1.7211297043409912e-11,22483689643.353725
168,194441.0,0.59651035,969868155331989.6,0.0001602282963468207,9.964448690625416e-11,260515718142.8258,11537837.200000001,0.2613432561610123,6.150427217561465e-16,4.1133589508516743e-05,2.5483824477198718e-11,66879239528.38106
169,386239.0,4.2316656,4431189136220417.0,0.0005692052664394497,3.638390474685416e-10,596043362435.3345,49136964.56,0.2613432561610123,9.549729135708705e-16,7.914491589528931e-05,5.32895167484677e-11,82876608090.74435
170,339536.0,8.132506,5649323133368841.0,0.007120355691595074,5.500816099293038e-09,4946223233815.326,415344319.29,0.2613432561610123,1.4395540506372789e-15,0.0002530268628468998,1.9882720040555625e-10,175767532129.05542
171,208238.0,0.16468863,714144469940875.8,0.0,0.0,0.0,1432459.0,0.2613432561610123,2.3060968323907153e-16,0.0,0.0,0.0
172,302559.0,3.582515,1972975852971658.5,0.0032466049159285107,2.347694681014464e-09,1787982214524.1636,211656592.37,0.2613432561610123,1.8157926234140596e-15,0.00024351616020340964,1.717072314047586e-10,134110116465.58499
173,19827.0,3.4270034,3420009526300918.5,0.0003691566137699251,3.6243307370866095e-10,368403234087.8719,38847694.63,0.2613432561610123,1.002044986613428e-15,6.964174316309666e-05,5.2310730084745106e-11,69499617375.92453
174,109839.0,1.7070385,3633330183009542.0,0.0011565533543484463,8.214006752375348e-10,2461655206145.1104,47617691.06,0.2613432561610123,4.698275174611393e-16,0.00012873466859652776,1.027981614200124e-10,274004105362.29556
175,181519.0,1.6451392,2590504986243976.0,4.5716021568038026e-05,3.922802941362425e-11,71986359466.26257,2076733.6,0.2613432561610123,6.350650582554252e-16,4.7960838914569426e-05,4.083353871698303e-11,75521142741.37788
176,143225.0,3.3851914,4754679640609408.0,0.0015975517807657435,1.0641482035088916e-09,2243845629179.545,64479738.93,0.2613432561610123,7.119704492995283e-16,0.00011948079908789366,7.730618005543304e-11,167817076123.65762
177,157950.0,16.319857,4137854716992484.5,0.006324334239666604,4.678802553983874e-09,1603517498066.407,299938388.23,0.2613432561610123,3.944038183114789e-15,0.0002692539852225911,2.0536905679814012e-10,68268605100.05225
178,293130.0,2.4358559,1835494936301478.5,8.5317237644994e-05,6.127913062806278e-11,64289253595.2625,19460006.3,0.2613432561610123,1.3270839661961959e-15,1.690383879055768e-05,1.2484643100830887e-11,12737580455.446945
179,392556.0,0.8722086,1281500246612659.8,0.00023262545906144142,1.5353407745841065e-10,341787025667.507,13867970.0,0.2613432561610123,6.806152416322005e-16,5.286547711076379e-05,3.5189218074584095e-11,77673072651.12923
180,163643.0,1.4588518,2199699305474353.8,9.413386095822737e-05,6.64221182580016e-11,141937781871.6282,5438157.5,0.2613432561610123,6.632051009742016e-16,7.385431777634674e-05,5.190731450994971e-11,111359695014.19688
181,246539.0,2.6315875,5611567304255290.0,0.001004409573717611,7.286085930571869e-10,2141791570280.1973,46316996.31,0.2613432561610123,4.689576650010861e-16,9.951983405709136e-05,7.73097864003974e-11,212214964130.84723
182,309827.0,0.7040479,8084443415584045.0,0.0003836623755873551,3.299307607383229e-10,4405519519516.394,24762092.8,0.2613432561610123,8.708674967565932e-17,0.00010772409000909485,1.0415535568657906e-10,1236974515759.2402
183,404585.0,1.4412082,2056192022515420.0,1.0869550599848518e-06,7.697092375618143e-13,1550774081.8943594,1412163.2,0.2613432561610123,7.009112885463458e-16,3.3151117730563105e-07,2.347541539856237e-13,472971662.3528325
184,336198.0,13.061076,9159168824824202.0,0.009331610061315911,6.860596751590204e-09,6543855342317.934,799488261.09,0.2613432561610123,1.4260110551298513e-15,0.0003029064992765772,2.2253001635536154e-10,212415253154.538
185,324355.0,0.6280883,9678290926856592.0,0.00038931965839310973,1.8244044269030898e-10,5999075157860.673,3720870.4499999997,0.2613432561610123,6.489661291923951e-17,3.771477672630318e-05,1.7673653034405034e-11,581151696980.5077
186,337837.0,6.308689,2180595218725357.2,0.017152550214996922,1.2582315245017488e-08,5928770460513.886,1234107731.66,0.2613432561610123,2.8931041147965438e-15,0.0005295022662942219,3.8514636343505395e-10,183022195290.5621
187,369516.0,11.360925,7756167200128211.0,0.012595640476801334,1.0193328376124784e-08,8599114379399.016,692715810.39,0.2613432561610123,1.4647601975125294e-15,0.00034322698723775506,3.104179882165456e-10,234322988718.99072
188,196562.0,1.8502576,4015010272975619.5,0.0003628214699342337,2.6154827677443896e-10,787313036326.4354,24524631.75,0.2613432561610123,4.608350848947467e-16,6.527809649854212e-05,4.5551118556848585e-11,141651750568.10492
189,352355.0,4.213166,2517884837918004.5,0.004721857077181301,3.4931130890471347e-09,2821890317507.219,276687641.05,0.2613432561610123,1.673295750684052e-15,0.0002735559199598081,2.0252034736198932e-10,163483305236.3738
190,101335.0,13.1475935,2348348769133194.0,0.0075249029132495844,5.814705575892794e-09,1344055586611.835,231644972.5,0.2613432561610123,5.598654540932158e-15,0.00033246332807267565,2.7067469507273584e-10,59382718766.09154
191,67904.0,2.887946,5620569195473764.0,0.001106225250460005,7.620497531997979e-10,2152954233213.0703,123141617.48,0.2613432561610123,5.138173554247243e-16,0.00011062457027991445,7.419942983509705e-11,215299403790.03268
192,10605.0,10.179851,4482286928701043.0,0.0020180629371277597,1.3017275035506114e-09,888572644568.5494,68153718.99,0.2613432561610123,2.2711288148057265e-15,0.00014967712733160318,9.369400823693979e-11,65904287927.59016
193,412885.0,9.693381,8364528848740730.0,0.006825620484266849,4.520161804750163e-09,5889905642954.272,920746101.88,0.2613432561610123,1.1588675435627588e-15,0.00027558555522862356,1.7928942608155698e-10,237805913850.49792
194,392263.0,1.2661109,2438382739516411.0,0.0003254329876911122,1.8760967196218231e-10,626746187917.081,22801003.8,0.2613432561610123,5.192420695411827e-16,7.146584045381362e-05,3.7493021414963695e-11,137634919522.1468
195,257229.0,4.386214,5121592414121167.0,0.00033291274745530673,2.440092480841775e-10,388727819010.0471,44525497.6,0.2613432561610123,8.564160607365798e-16,4.702659072506738e-05,3.7826979512374704e-11,54910916412.07792
196,322821.0,2.4763622,2163971939988342.2,0.0015712644736628086,1.1477361445643396e-09,1373051256923.1064,33781997.27,0.2613432561610123,1.1443596630062314e-15,7.188052940000824e-05,5.822960104799569e-11,62812882805.72402
197,160667.0,2.5984821,2073841801582316.2,0.0003242560796115514,2.2286436136220432e-10,258787933276.75363,31129581.85,0.2613432561610123,1.2529799032970545e-15,8.058037926069756e-05,5.804565779854661e-11,64310990981.30841
198,173132.0,12.956427,1.0292972197244848e+16,0.005280509204811299,3.893134120125813e-09,4194994069925.1577,233434061.88,0.2613432561610123,1.2587644027123757e-15,0.0003186022104912741,2.4285291627140597e-10,253107102333.64764
199,131426.0,3.6719997,4449775939721791.0,0.0007257656663441476,5.200105337305245e-10,879492065310.9915,34708262.99,0.2613432561610123,8.252100217498998e-16,8.452327917644526e-05,6.656552899211513e-11,102426384736.83263
200,40696.0,0.71168005,894497677660594.0,0.0035998062391433445,2.5441658244934042e-09,4524530821036.558,173013856.94,0.2613432561610123,7.956197850186461e-16,0.00021315397757921438,1.4985771083632504e-10,267909347646.77692
201,280299.0,8.379216,6312202567364679.0,0.00895547157515019,6.416537962555729e-09,6746305462065.237,520974759.7,0.2613432561610123,1.3274631019166248e-15,0.00034614776304226164,2.4225471075005885e-10,260758858413.83066
202,344262.0,1.965328,5013923507261537.0,0.0001932189387302232,1.418886789278491e-10,492938063746.91284,12531714.66,0.2613432561610123,3.919740692401202e-16,5.316082856747561e-05,3.8656403038680526e-11,135623330059.90176
203,281228.0,3.275928,1459546119463316.0,0.0002503433362989709,2.0636344325177501e-10,111537141545.43779,48347339.1,0.2613432561610123,2.24448406002037e-15,8.121571686841127e-05,5.697724959374385e-11,36184581710.80715
204,317530.0,2.449792,3167764618681071.0,0.0005615973189455161,3.357415508256329e-10,726187413830.1351,25559000.66,0.2613432561610123,7.7335038896292565e-16,8.981583488981748e-05,5.593009022695851e-11,116138604404.48198
205,112498.0,8.713416,5403099185451493.0,0.001672663927666358,1.0834032906970514e-09,1037201610150.1631,237940706.63,0.2613432561610123,1.612670006773509e-15,0.00011745554545922746,7.195030166834363e-11,72832969526.24696
206,303869.0,0.96311307,4389467865777094.5,0.0,0.0,0.0,1959798.0,0.2613432561610123,2.1941453940442372e-16,0.0,0.0,0.0
207,360934.0,6.275317,2526751337248254.5,0.0057096591911699485,4.3900799756662876e-09,2298989675982.9746,395278229.63,0.2613432561610123,2.4835514708123603e-15,0.00028340768571380096,2.2462456896680645e-10,114113876456.56459
208,205061.0,0.9639711,270033984803701.78,0.0019160517065692723,1.4398010379339361e-09,536737125640.83484,143333356.5,0.2613432561610123,3.569814002118097e-15,0.00017561537734111685,1.3490075577541707e-10,49194545496.465096
209,216329.0,7.7595334,4594033426988288.0,0.0015452122841347715,1.050612013128274e-09,914843266878.4009,106247056.87,0.2613432561610123,1.6890459164740817e-15,0.00013919367285501082,1.0331231213977748e-10,82409644105.81596
210,338884.0,8.254018,6880820552248740.0,0.003018176317093224,2.0364554361618536e-09,2516050926102.35,291687450.01,0.2613432561610123,1.199568850448001e-15,0.00014398079041021773,1.046867767013845e-10,120027116706.51125
211,315422.0,1.2644149,1587124757406371.0,0.000786382772698494,5.084348333739362e-10,987087045041.6605,39266493.02,0.2613432561610123,7.966701383111601e-16,7.123082643380532e-05,6.173570990057707e-11,89410689579.51112
212,359034.0,1.177607,2305781623027206.0,6.454573478503529e-06,3.912878357980996e-12,12638203501.85777,3420212.9,0.2613432561610123,5.107192234683299e-16,4.859504647907929e-06,2.972462264188192e-12,9515022001.534803
213,264365.0,2.353003,2015307104858862.2,0.00021409756120906097,1.5064538838768574e-10,183370924829.91977,40516745.3,0.2613432561610123,1.167565476411491e-15,7.006557401424927e-05,4.4028781234622617e-11,60009974112.62588
214,151840.0,8.645517,1943194353476421.5,0.003937155617916885,3.080572026919902e-09,884927826235.7314,253547699.41,0.2613432561610123,4.449126246447228e-15,0.0002304822358716808,1.79656037294836e-10,51803932526.24116
215,253685.0,1.1981975,1839057311651907.8,7.529148321860213e-07,5.550819982661652e-13,1155613767.4989903,2436100.9,0.2613432561610123,6.515280912717917e-16,3.3151117730563105e-07,2.4440465093788216e-13,508821003.6477732
216,323990.0,0.37116075,4253008185186586.0,2.115565265459619e-06,2.096937249222387e-12,24241562154.123764,1008883.44,0.2613432561610123,8.727017062717376e-17,3.771477672630318e-05,3.738268984403509e-11,432161143438.3943
217,377051.0,6.4423304,3749343463164579.0,0.0016143121562773722,8.753828933704743e-10,939506413804.1852,144103255.94,0.2613432561610123,1.7182555994916626e-15,0.00014654354786138417,8.614507544969629e-11,85286233261.65115
218,253181.0,2.270955,1873365521958963.2,2.4245111786547442e-05,1.397884962177929e-11,20000377152.765625,8544074.4,0.2613432561610123,1.2122327294810467e-15,4.7993691040368096e-05,2.2769731617319817e-11,39591152650.13019
219,407595.0,5.243224,2915133448777610.5,0.0019656198858809854,1.5338546373289052e-09,1092847506975.4965,156449515.85,0.2613432561610123,1.798622290241504e-15,0.0001383619840628809,1.1412767729922237e-10,76926648142.61966
220,301351.0,1.7686125,4527070152391318.0,6.869997032629196e-05,3.799360929759431e-11,175849478127.24695,11236055.2,0.2613432561610123,3.906748604427462e-16,1.6126067905602393e-05,9.402703978467558e-12,41277465069.87154
221,378141.0,0.70589393,1267783256757341.8,0.00028647393157610714,1.88072138371556e-10,514506271430.379,6006295.5,0.2613432561610123,5.567938574969764e-16,6.067538346767012e-05,4.315275679463108e-11,108972796036.9958
222,399268.0,1.2437961,1135703336784191.5,0.0009637786022784866,6.868803456804669e-10,880020908996.9663,48328744.1,0.2613432561610123,1.0951769354855284e-15,0.00012491605463147898,8.560896188436616e-11,114060158303.18736
223,254628.0,7.2040763,4776501908143204.0,0.0013332411923591494,1.0026838308778868e-09,883975798440.4742,64935437.46,0.2613432561610123,1.508232685455051e-15,0.00012862478771545721,1.0177195413522003e-10,85281793025.623
224,133096.0,2.286494,5239369615814434.0,3.470440458643994e-05,2.159207789487728e-11,79523148945.5579,11884165.700000001,0.2613432561610123,4.364063174887454e-16,1.1367357925510678e-05,6.830120664787169e-12,26047647501.811962
225,413090.0,8.413017,6534405711924588.0,0.007282901962412619,5.180433128654486e-09,5656643292480.665,468924605.2,0.2613432561610123,1.287495354726314e-15,0.00028266447946286493,1.9683056721832763e-10,219546018884.82278
226,288257.0,3.3779836,3778354068746939.5,0.002091427975534726,1.4101063533276722e-09,2339311357477.5215,114924126.25,0.2613432561610123,8.940357463958588e-16,0.00020323876140009223,1.5252424635045977e-10,227327332513.73007
227,355878.0,2.518705,4986920611256896.0,0.00035442721514482734,2.965334602473997e-10,701749662781.5173,59521925.72,0.2613432561610123,5.050621809207405e-16,7.50535722337769e-05,4.7707739275134853e-11,148602637593.95413
228,245572.0,2.0735486,1576930885611233.0,0.000360900125823882,2.8389926268504195e-10,274464054053.3555,11483344.16,0.2613432561610123,1.3149267472152234e-15,4.195658122699895e-05,3.340828989276467e-11,31907922867.836845
229,186901.0,8.545882,3544816542355682.0,0.0030934496902237734,2.1981909196842087e-09,1283157389120.3145,221611331.24,0.2613432561610123,2.410810798778573e-15,0.00014775930881953602,1.1426554569179032e-10,61290296565.12143
230,329105.0,2.1248913,3555849480362416.0,0.0009366309161034382,4.766419298374132e-10,1567383026283.643,61322810.42,0.2613432561610123,5.975762786740424e-16,4.356159368640661e-05,2.2509969646158294e-11,72897126678.22945
231,284309.0,1.7380668,1.1656852332304112e+16,0.0007424089407237131,7.210814590605909e-10,4979182268597.87,31577514.94,0.2613432561610123,1.491025836523101e-16,0.0001491920166834946,1.283364223592304e-10,1000599808728.9557
232,302098.0,19.51605,7421184694298743.0,0.011356795802459532,8.824256109754105e-09,4318541876326.864,665035512.52,0.2613432561610123,2.6297755417666705e-15,0.00046079067799505695,3.5247442025237427e-10,175220535242.14465
233,301820.0,1.4279137,6352524550318841.0,0.00026399933942326023,2.270647782369393e-10,1174484343804.683,5818459.2,0.2613432561610123,2.247789345305767e-16,3.719173435370936e-05,3.198846228828145e-11,165459162938.8214
234,213143.0,11.967359,1.2435539986545528e+16,0.0197836723372206,1.4531305417151445e-08,20557639194263.45,1754184035.23,0.2613432561610123,9.623513746043942e-16,0.00044583080401951213,3.3058546934198224e-10,463272372009.42883
235,381194.0,0.9194372,766918314311361.5,0.0006810374251432279,5.117504386605645e-10,568064979395.8678,29485931.71,0.2613432561610123,1.1988723998925357e-15,8.487895861247661e-05,5.590804381938205e-11,70798992970.4654
236,238915.0,4.444237,3787773896686718.0,0.0012436717350505827,8.111823534861008e-10,1059967624154.9847,124844466.22,0.2613432561610123,1.1733110584788365e-15,0.000132692030441243,9.49036472300116e-11,113091945637.39502
237,129161.0,1.4540935,4285999360416500.5,0.00029184547393685937,2.734009945230467e-10,860226329760.6583,8128584.7,0.2613432561610123,3.3926591623632336e-16,6.901752578340361e-05,6.688214041066674e-11,203431946683.75674
238,241168.0,0.6691732,1227672191678904.5,3.3165612148373508e-06,2.039294883182887e-12,6084598091.28133,26784728.9,0.2613432561610123,5.450748208973207e-16,2.003641853867804e-06,1.2114220755409578e-12,3675902421.1930037
239,295330.0,0.6515418,1826084919257551.5,3.936226730396734e-05,3.810964518727143e-11,110321153165.55186,1032868.9,0.2613432561610123,3.567970980587822e-16,1.1357685806770378e-05,1.0996251128067054e-11,31832337954.999855
240,354036.0,5.276623,1.0462065399176322e+16,0.004535509862983371,4.063729240982054e-09,8992645638155.553,436405594.09,0.2613432561610123,5.043576768709005e-16,0.00018869338349247037,1.6703351252577004e-10,374126125457.52893
241,291281.0,44.661064,3.599757815185855e+16,0.046902992723380416,3.502161019513292e-08,37804610882444.26,3921948214.72,0.2613432561610123,1.2406685753023126e-15,0.0007736092796165513,6.055813432205643e-10,623542253762.6914
242,293676.0,1.9169946,1920098096231175.2,0.0012954740572175285,1.1195871900121816e-09,1297571349955.9429,69530073.6,0.2613432561610123,9.98383678293694e-16,0.0001199634523324167,1.071689745495897e-10,120157665775.78915
243,28547.0,18.838795,4670519548465490.0,0.004746959060936636,3.361351434875034e-09,1176867474266.2651,277218879.25,0.2613432561610123,4.033554469585623e-15,0.0002542454429999981,1.8507054508138357e-10,63032604348.61994
244,376143.0,6.6313267,4284931879750290.0,0.005257811320355028,3.9730126592303035e-09,3397414177211.511,363694662.28,0.2613432561610123,1.5475920938996232e-15,0.00029116472826796807,2.3274954374058447e-10,188140485736.32285
245,162050.0,3.4450634,5595134746956787.0,0.0012151250621737337,9.417294727656219e-10,1973487180893.7634,100523806.16,0.2613432561610123,6.157248316269383e-16,0.00012860137948297,1.0654080364408698e-10,208861772137.9935
246,309162.0,0.26236284,959867589662876.5,0.00012687300597396845,1.0498168881553924e-10,464171246345.39264,1208525.1,0.2613432561610123,2.733323250263578e-16,5.779970417321062e-05,4.782664768254347e-11,211463112413.2022
247,171763.0,1.0016104,2286643994924326.5,0.00019320269020928983,1.4052688481794766e-10,441075463443.9674,6463908.4,0.2613432561610123,4.380263837410978e-16,5.802909045530223e-05,4.086559543549425e-11,132478527799.3693
248,6.0,4.439132,3916763745986492.5,0.0018536656368158297,1.4830683327195187e-09,1635538290697.6423,150050379.01,0.2613432561610123,1.1333673123758812e-15,0.00016017993781191142,1.261959075811931e-10,141331001929.22076
249,190864.0,0.9567954,5358977202967195.0,0.00043186667752039926,3.344039798699099e-10,2418869989919.48,6909131.2,0.2613432561610123,1.7854067367001206e-16,8.558812952581888e-05,6.488086203329434e-11,479376087064.66077
250,279788.0,9.5057955,3337182231863219.0,0.0016881275577438845,1.3579046819574268e-09,592647852651.7367,56766367.6,0.2613432561610123,2.848449631919775e-15,0.0001830949197957181,1.4578981292047032e-10,64278798453.71085
251,367257.0,4.1509314,3411170689490782.5,0.005631436566716405,4.457990671037204e-09,4627826746572.975,495143415.34,0.2613432561610123,1.2168641729914866e-15,0.00016376182332821805,1.18950823018928e-10,134576912496.02083
252,153295.0,2.5337102,4182459038988109.5,0.0003575564043065657,2.4587292149251096e-10,590227333473.2925,22894465.0,0.2613432561610123,6.057943846864302e-16,7.406322299485801e-05,5.019047792385375e-11,122258021644.0838
253,77562.0,6.7201476,2651467059748346.0,0.0018158197714225907,1.3053997315225294e-09,716440560080.3724,103042530.39,0.2613432561610123,2.534501635723816e-15,0.00017230334191362646,1.2904119067951078e-10,67983125157.62855
254,360117.0,3.0070152,2407189266174576.5,3.6209244633039085e-06,3.325890622039731e-12,2898638657.2618947,8972018.95,0.2613432561610123,1.249181043740132e-15,1.043319718563954e-06,9.302373722142081e-13,835202970.6119977
255,207486.0,3.5739439,5769793571939964.0,0.0006785957008590597,5.46388592306991e-10,1095528419671.8077,30057643.95,0.2613432561610123,6.194231830721011e-16,7.912294782646028e-05,7.070640570233734e-11,127736497420.13344
256,331705.0,5.3174515,7004697511766247.0,0.002483698343321612,1.653722086462253e-09,3271784539161.823,201296374.74,0.2613432561610123,7.591264991911399e-16,0.0001652661977375629,1.2119070907799508e-10,217705741946.37704
257,240672.0,3.5898068,2539377493981661.5,0.0007943107180921007,5.693768267504624e-10,561883932235.989,36014646.93,0.2613432561610123,1.4136562242155258e-15,0.00010771112473044659,8.058288925616999e-11,76193294299.83464
258,290766.0,4.4374924,7115886461270871.0,0.003697044956803598,3.0692846423357003e-09,5928517681478.953,218080410.09,0.2613432561610123,6.236035979707693e-16,0.00019477787279999022,1.6853004751634875e-10,312342445479.47626
259,226986.0,2.781465,3073772229815637.0,0.0,0.0,0.0,832955.25,0.2613432561610123,9.049027683377926e-16,0.0,0.0,0.0
260,10609.0,0.82736945,1344135829974165.8,1.564400449022247e-05,1.3198615656975104e-11,25415087491.548973,8495989.64,0.2613432561610123,6.155400604237311e-16,6.865186907108655e-06,5.334231015246694e-12,11153111468.29783
261,314999.0,1.0313097,1046813905889048.4,2.098340866543461e-06,1.5458407038926322e-12,2129886297.3876526,1357410.8,0.2613432561610123,9.851891479451825e-16,9.892504103945586e-07,7.287774713407014e-13,1004122317.4837509
262,295329.0,2.5857627,3562741273316911.5,0.00036998125123805593,2.6206420873084077e-10,509771246270.68665,37343647.29,0.2613432561610123,7.257789723228079e-16,8.810752610436376e-05,6.362465460997143e-11,121397187662.21817
263,242660.0,2.4889104,4757685484643887.0,0.00022392443554187835,1.2500338559222086e-10,428043547342.9137,7419422.3,0.2613432561610123,5.231347065780863e-16,4.266250550474676e-05,2.3513915612045927e-11,81551663401.97444
264,237271.0,2.364583,3655789870691414.0,0.0005264502338981824,3.074321528773769e-10,813924244785.6984,9588854.58,0.2613432561610123,6.468049542335403e-16,5.334684773237129e-05,3.2426027542701786e-11,82477487816.38039
265,208933.0,3.5090256,4600546593740685.0,0.0009345566749371315,7.034966587568502e-10,1225260803893.7192,46623795.18,0.2613432561610123,7.627410196810606e-16,9.44151673268449e-05,6.422587485824456e-11,123784043195.06049
266,81234.0,11.096214,3279494399830584.0,0.0038322492390675898,2.7856085053702338e-09,1132624147143.9878,181740875.82,0.2613432561610123,3.3835136295927878e-15,0.0002910863273658308,2.248820985433896e-10,86030783153.92026
267,404846.0,5.532737,3964836771809803.5,0.002671554476411458,2.2267724907855274e-09,1914473329559.8967,118304753.97,0.2613432561610123,1.3954513939484342e-15,0.0001450821642599493,1.1444972165905312e-10,103967909515.95874
268,118090.0,1.5216485,570141246524421.8,0.0010940464993854707,1.2043906358280746e-09,409924522591.98645,69644049.01,0.2613432561610123,2.66889741669448e-15,0.00014912567231303546,1.6252862047322885e-10,55875385610.63642
269,409782.0,1.545261,2990052752164484.0,0.0007001903376994498,5.895632425556486e-10,1354855941020.4617,21720918.41,0.2613432561610123,5.168005811540928e-16,0.0001084645846967606,9.286533998777255e-11,209877056358.0695
270,98103.0,14.709129,3534257402926179.0,0.003736714592015466,2.8772600358361294e-09,897844543307.2848,245377736.44,0.2613432561610123,4.1618725868188366e-15,0.00022789859749220313,1.8906954068966025e-10,54758667580.06626
271,286280.0,6.10369,2726645122189954.5,0.004473706607728571,3.2158323502299707e-09,1998497679284.5107,427159428.99,0.2613432561610123,2.2385348024673305e-15,0.00024075125521380326,1.7974293258137614e-10,107548587115.30656
272,389463.0,0.62441957,1108780049394428.8,0.00022478467207411832,1.5064810607311752e-10,399149501040.5445,34785575.45,0.2613432561610123,5.63159095747649e-16,6.0208058686892026e-05,3.716289227890833e-11,106911278076.68616
273,358775.0,1.6554177,1450724633044853.0,0.0004738814102150105,3.850420651286472e-10,415285782519.38983,29281760.89,0.2613432561610123,1.1410971195308976e-15,9.084788982466643e-05,6.696957830330562e-11,79614511569.36913
274,212358.0,6.4378448,5655928448505371.0,0.0018112146983330784,1.168372170391862e-09,1591231391389.4185,52181871.2,0.2613432561610123,1.138247214160083e-15,0.00015395766353146662,9.671818085450027e-11,135258546312.43053
275,124693.0,5.672699,7371458763462740.0,0.002176861792162823,1.5051123069239276e-09,2828749936262.412,170799161.96,0.2613432561610123,7.695490379892258e-16,0.0001622006601101852,1.167879108474982e-10,210773650674.6905
276,168036.0,23.241203,5913605030547188.0,0.007843700488035317,5.800553043549493e-09,1995789403162.611,501346036.37,0.2613432561610123,3.930124328551831e-15,0.0003673981760751108,2.706723923642304e-10,93482583593.09702
277,424921.0,0.7838203,3703167880148505.0,0.0,0.0,0.0,1197186.4,0.2613432561610123,2.116621026558934e-16,0.0,0.0,0.0
278,197441.0,1.4813796,4826376306484809.0,0.00031746761391292873,2.2666447214759753e-10,1034318394735.3037,9891891.4,0.2613432561610123,3.069341273720391e-16,6.20394829773282e-05,4.177542498966149e-11,202126376459.0416
279,406884.0,4.7308846,5482009418764434.0,0.002176642252392656,1.801104704091067e-09,2522228787592.319,212225409.4,0.2613432561610123,8.6298366869028e-16,0.0001648833870337212,1.2870868539465872e-10,191062001537.0151
280,355583.0,2.0188758,5213548255289449.0,2.155705547968197e-07,1.7564716594334288e-13,556689762.6157775,6693280.7,0.2613432561610123,3.87236427312576e-16,3.1429218339219666e-07,2.5608567618623183e-13,811628662.038298
281,270651.0,3.2593658,2143558831114004.0,0.0007456000765953624,4.802114940745158e-10,490352334391.3307,68574068.39,0.2613432561610123,1.5205394658126144e-15,0.00010657533149729824,7.682266772988673e-11,70090473738.76726
282,394252.0,1.1229771,2209982222321157.0,0.0008395184074118597,5.004396706885094e-10,1652144781662.5825,27144141.25,0.2613432561610123,5.081385219563127e-16,4.0861438103088564e-05,2.329682948847099e-11,80413974413.4605
283,182652.0,1.6743596,990903373651371.1,0.00030327423082574434,1.8909197172757235e-10,179480834622.83414,46124204.38,0.2613432561610123,1.6897304465017281e-15,6.133121739733803e-05,3.9231454917971784e-11,36296450433.44806
284,384645.0,7.4012413,4946355509352714.0,0.002230940815059485,1.6095003722277503e-09,1490969682559.778,200228202.4,0.2613432561610123,1.4963019309884854e-15,0.00016594964914351168,1.168979796788756e-10,110906526087.20634
285,53360.0,0.51754075,1712229236277214.0,4.489020947834086e-06,3.745436452558487e-12,14851454516.658585,1198530.8,0.2613432561610123,3.022613672484967e-16,4.849330453423166e-06,4.046062440300379e-12,16043500688.053228
286,317310.0,0.38038886,364474850375712.56,0.0010216263504488322,7.813906624817943e-10,978885425876.3608,77439101.98,0.2613432561610123,1.0436628469917272e-15,9.15781849083837e-05,7.200239189996882e-11,87746905212.10976
287,291049.0,1.7276226,1646088906729207.5,2.50144555401561e-05,1.6597831512474884e-11,23833919382.926533,12447814.56,0.2613432561610123,1.049531767656949e-15,5.276788006266443e-06,3.4872627327282154e-12,5027754441.436992
288,63577.0,7.817439,6004397863942558.0,0.004060725577180911,2.8852543209354585e-09,3118951357558.655,126114985.53999999,0.2613432561610123,1.3019521985618352e-15,0.000265899019965654,1.9376422848088912e-10,204231015746.48584
289,285690.0,0.10531749,150849538347262.62,0.00019375845307840407,1.645609586483547e-10,277526298791.93854,4926717.4,0.2613432561610123,6.981624945881787e-16,5.800362564472759e-05,4.949858663670024e-11,83080409065.71738
290,186900.0,0.15997753,1022543381346576.5,0.00023527329395165355,1.748103842836116e-10,1503818377105.0276,5364114.66,0.2613432561610123,1.5645060436392175e-16,7.524446920774511e-05,5.904400179044472e-11,480947130333.34143
291,144713.0,0.5695682,4098549997883359.0,7.776777965533296e-07,6.046383614163548e-13,5596083719.943607,4295029.7,0.2613432561610123,1.3896822053998263e-16,3.335195119400528e-07,2.568508532318421e-13,2399969652.371678
292,369360.0,1.7694558,3538966163644797.5,0.0007269141351059446,5.636059442262902e-10,1453850685626.0896,61620811.56,0.2613432561610123,4.999922910191459e-16,8.908871626479831e-05,7.192810276226669e-11,178180179704.78445
293,371249.0,1.7669857,8269698855686143.0,0.0014054864231360146,9.565392088543293e-10,6577840140466.508,48432413.48,0.2613432561610123,2.1366989667163543e-16,0.00017007923535382793,1.177764292676833e-10,795990628549.8094
294,258147.0,2.3063905,1186950105223788.0,0.0007189956317936205,5.033986591682884e-10,370020575792.7297,53591395.18,0.2613432561610123,1.943123379701923e-15,9.096892099978826e-05,5.993527397359289e-11,46815823405.79062
295,200069.0,11.386889,4775923798204854.0,0.004860209977688767,3.1781900968621666e-09,2038484128256.3186,374152266.5,0.2613432561610123,2.384227529819474e-15,0.00024832652747113165,1.7623268043056513e-10,104153871375.66277
296,377444.0,0.7892971,389702682615638.56,0.0005339704273981504,4.980912068450856e-10,263639265866.39975,51567017.14,0.2613432561610123,2.025382773098534e-15,0.00010933950887874926,9.753091547148774e-11,53984614824.9183
297,241169.0,3.7553911,5345902333895931.0,0.0004449579120651272,3.5051863633779793e-10,633409804000.0211,65460934.71,0.2613432561610123,7.024803046229962e-16,0.00010708822942509112,7.892183051678988e-11,152443034659.26025
298,305276.0,1.8029405,2680514900801694.5,3.885090146490422e-06,3.560997892077765e-12,5776142933.516338,4104361.2,0.2613432561610123,6.726097659299608e-16,1.4377525550699505e-06,1.2344125016346452e-12,2137573118.7638812
299,342985.0,4.3712497,3200382666060898.5,0.0015728387955170472,1.1016467924103983e-09,1151543920650.623,83543818.08,0.2613432561610123,1.36585219834984e-15,0.00010344605199481424,6.960625040720194e-11,75737369035.82468
300,129160.0,8.947353,5038148626770208.0,0.003583511418635955,3.0527665377968478e-09,2017832886756.1274,99104142.09,0.2613432561610123,1.7759208119542624e-15,0.00019091300389926003,1.6830794547823975e-10,107500853987.50136
301,381613.0,5.559963,4105814674532187.5,0.002768689161639233,1.973148242913932e-09,2044568388148.7312,201961100.38,0.2613432561610123,1.3541680374634777e-15,0.00023402912688699456,1.7166214794247163e-10,172821334142.07568
302,398576.0,1.0812265,1437006778965246.8,4.9670417809731944e-08,5.439390630613131e-14,66014592.785712264,913161.44,0.2613432561610123,7.524157267918838e-16,3.654591859791541e-08,4.0021311672901356e-14,48571444.34465538
303,162051.0,4.531995,5950475476903193.0,0.0014192765496984863,1.0738870238129714e-09,1863499475159.3103,81036902.25,0.2613432561610123,7.616189693732823e-16,8.827451779896342e-05,6.6454592221878e-11,115903780431.83768
304,368353.0,0.5846422,660420550018967.4,4.138688914196214e-06,1.9655266783811328e-12,4675124732.820973,5207363.5,0.2613432561610123,8.852574317731467e-16,1.0379768547550743e-06,4.959455636010214e-13,1172514138.261494
305,359239.0,0.9602016,2329431169251564.5,3.039031033442129e-05,1.9256998265765737e-11,73726325946.78961,6791659.4,0.2613432561610123,4.122043238171782e-16,1.1367357925510678e-05,7.1327609170753364e-12,27576998271.741455
306,28546.0,0.49728918,3733092007039768.5,0.00017017636810744315,1.4112101813254143e-10,1277494192753.1047,1205889.6,0.2613432561610123,1.33211069821538e-16,5.779970417321062e-05,4.7931173942631744e-11,433895653346.5613
307,98107.0,0.7975384,884001592417870.2,7.581068275151456e-06,5.269541826521482e-12,8402951415.834628,7545298.3,0.2613432561610123,9.021911349940206e-16,4.8707992243283165e-06,3.210193704636563e-12,5398855115.507867
308,220174.0,5.9825354,3055515826219633.0,0.00034208113270109056,3.1004371581048444e-10,174714271614.56006,24959119.33,0.2613432561610123,1.957946134221715e-15,8.972338656068588e-05,8.207601590949115e-11,45825257902.89475
309,289060.0,3.155031,2933239865111532.0,0.0022730259804362627,1.7735308724365057e-09,2113237689344.3745,123333360.93,0.2613432561610123,1.0756130235124957e-15,0.0001394847286064082,1.0965521049548742e-10,129679285725.74388
310,289678.0,0.34312138,409272383600700.5,0.0005067936789820124,4.107266345593998e-10,604499366931.7152,8314655.640000001,0.2613432561610123,8.383692468602044e-16,7.704539884586418e-05,6.820461934462623e-11,91899123368.86002
311,348629.0,0.38685018,1163141188567218.0,3.4916699197578266e-06,2.399163494750339e-12,10498392686.676588,13797281.2,0.2613432561610123,3.3259090452856394e-16,1.1815137954784118e-06,8.174329310479305e-13,3552453718.339552
312,276227.0,0.26743996,812865444289361.1,4.196074794867371e-06,3.0975049989321116e-12,12753681994.273615,1354662.8,0.2613432561610123,3.290088930201806e-16,1.715701329431021e-06,1.2665154231968435e-12,5214756700.591021
313,273369.0,2.4970422,3117668682510090.0,0.0030570724967869042,2.3241680130719617e-09,3816891514046.2817,83728516.89,0.2613432561610123,8.009325089635848e-16,0.00016564637867754576,1.3124658056176206e-10,206816900080.49985
314,7.0,19.573936,1.62142630789968e+17,0.05088864489863259,3.5527319771712736e-08,421541112691937.5,4431034637.74,0.2613432561610123,1.2072047865903424e-16,0.0005041139281596922,3.670946703693121e-10,4175877479607.4443
315,330931.0,1.0478779,552766290740837.06,0.0010367930853204205,7.148351299566927e-10,546918937825.0243,48677662.83,0.2613432561610123,1.8956979062446024e-15,0.00012516805288810627,8.487940648898747e-11,66027425823.38211
316,399391.0,4.62431,3718967249305375.0,0.0037269117949865344,2.8465021313825933e-09,2997260760330.6934,132908389.11,0.2613432561610123,1.2434392910730053e-15,0.00016983396194108368,1.2573180377748334e-10,136584040057.57956
317,362001.0,4.310489,3542218776921534.0,0.0008545912172021392,5.992227652402108e-10,702275091333.1752,45848788.94,0.2613432561610123,1.2168895462030589e-15,0.00014438934138088182,9.608359256413157e-11,118654434851.0559
318,272621.0,6.750143,3139722954476949.0,0.009138331845542403,7.019467839046509e-09,4250551471439.521,580514025.56,0.2613432561610123,2.149916759494634e-15,0.00035203193535842845,2.8682822785458833e-10,163742123411.87488
319,153294.0,0.9175291,2649436240025208.5,7.311107717459256e-05,4.007575481859455e-11,211113889917.65533,1824321.9,0.2613432561610123,3.4631107030953497e-16,4.1121692201084e-05,2.2540809382973478e-11,118742066675.28468
320,395450.0,1.5896877,1240368841450088.5,0.0006420336312893928,4.916631937945474e-10,500952804386.9355,38387012.84,0.2613432561610123,1.281624986759205e-15,8.887085785521636e-05,6.420178987035171e-11,69342326166.67424
321,289986.0,0.30302843,232877946813260.44,0.0010332056656352424,7.945824840688291e-10,794020594202.8717,113587170.3,0.2613432561610123,1.3012328309601237e-15,0.00010207397231988736,7.077951523465706e-11,78444049282.53413
322,170579.0,16.126144,7579229710977814.0,0.008694965527052026,6.020203548674301e-09,4086602541721.1074,615993097.88,0.2613432561610123,2.1276758476712706e-15,0.000329405918314241,2.4074512471380354e-10,154819597484.6328
323,380643.0,9.263916,5321742819467520.0,0.008127311161131415,5.742485194291221e-09,4668809584772.719,430348682.98,0.2613432561610123,1.740767322710819e-15,0.00032782583241962115,2.4248563015331703e-10,188322602419.43918
324,122619.0,4.1374164,5062763766188515.0,0.0011340061617258965,8.373060122988954e-10,1387630528612.1023,84816063.25,0.2613432561610123,8.172248580175884e-16,0.00013972478688069773,1.0628199419173812e-10,170974714620.94287
325,20.0,10.55841,3734823323278864.5,0.005880621709303291,4.3084527866902305e-09,2080150620717.1301,488447566.35,0.2613432561610123,2.827017260546235e-15,0.00023866877015934264,1.6981713691200534e-10,84424235214.33583
326,73536.0,2.8352933,1767268789744962.2,0.0004036284699112841,3.7238531154953075e-10,251585963796.6647,24993128.74,0.2613432561610123,1.6043362031019437e-15,9.594708018414294e-05,7.829011820734379e-11,59804846389.82258
327,87621.0,2.7650075,2741053041320166.0,0.00010343379567346769,8.188380742032309e-11,102537703860.1332,10986182.7,0.2613432561610123,1.0087391445253817e-15,7.386177107227428e-05,6.553105179294108e-11,73221874528.35165
328,180488.0,12.518453,4777543867132634.0,0.003340595552665082,2.4775172170771974e-09,1274905277449.667,186137295.41,0.2613432561610123,2.6202696088509743e-15,0.0001841989895927814,1.4773558197405809e-10,70297723932.90295
329,242661.0,4.022702,5161480677544740.0,0.0015150517013697202,1.450513755837455e-09,1943944662592.7288,140600050.37,0.2613432561610123,7.793697683497975e-16,8.938581061925703e-05,8.232188207965875e-11,114689861281.78738
330,424127.0,1.8822722,4164446920014142.0,0.0017388467919650006,1.4221160842213665e-09,3847124325150.803,74373664.97,0.2613432561610123,4.519861187217649e-16,0.00010861198351376387,9.246708628003647e-11,240299378708.6271
331,251704.0,7.9908705,5890592154766719.0,0.003056557528256355,2.2007167016623737e-09,2253188034587.726,143644143.36,0.2613432561610123,1.3565479140384412e-15,0.00016342479926304554,1.2220534337658973e-10,120471085150.6381
332,10620.0,0.18432032,8936197776127841.0,0.0001853219269900452,1.5762150855878895e-10,8984757577657.025,2886649.7,0.2613432561610123,2.0626257902705928e-17,6.738166026844755e-05,5.965476388281056e-11,3266790349771.0
333,239542.0,4.5767856,4100868412473787.0,0.004085924610347403,3.084306437132844e-09,3661049617513.858,195202520.43,0.2613432561610123,1.1160527819128737e-15,0.00021237272916027546,1.5826237164947452e-10,190289144565.61487
334,313370.0,1.3415123,5047432274399595.0,0.0001727119451579917,2.1010394460954932e-10,649827695329.2043,3286145.0,0.2613432561610123,2.657811392149043e-16,3.772774840736412e-05,4.6219639720282487e-11,141950435304.81052
335,244595.0,4.910385,3413146328944015.5,0.0008952853737856653,6.482085853383766e-10,622301507293.9932,40871855.12,0.2613432561610123,1.4386681749795388e-15,0.00013102153756047432,9.503196297752668e-11,91071408848.21321
336,295767.0,1.3955994,5092923279624723.0,0.00010550092442498973,8.447701214471701e-11,385001680300.20557,3274737.4,0.2613432561610123,2.7402717916120583e-16,1.495452957851229e-05,1.1974435140809768e-11,54573161772.813705
337,14.0,0.7706579,4723210578298798.0,6.554103466439538e-05,7.665604927153326e-11,401688100828.55237,5415830.3,0.2613432561610123,1.6316399347953166e-16,4.82053739248621e-05,6.053341186677688e-11,295441248383.69617
338,249386.0,2.4752712,4845323965443145.0,0.0003415319420069805,2.77575053299759e-10,668546098532.8643,66618171.49,0.2613432561610123,5.108577295664101e-16,5.733001643689505e-05,4.30926914479687e-11,112223057651.59673
339,124692.0,1.496149,2145452753720858.2,0.0002870722547668798,2.37960630370215e-10,411656833314.36786,7337756.64,0.2613432561610123,6.973581671305644e-16,8.330429556026477e-05,6.715599130923246e-11,119456972739.04292
340,329657.0,0.5253592,637318516648249.6,0.0003930036971658632,2.1727670228716634e-10,476756728187.1638,15479351.05,0.2613432561610123,8.243275321152445e-16,4.3583618375211076e-05,2.275913559557938e-11,52871724741.953545
341,178840.0,8.478277,2989830265024008.5,0.0005992629933281083,4.4170827656464034e-10,211327682990.45413,37484292.49,0.2613432561610123,2.8357051231909713e-15,9.918448019847791e-05,7.133568085958266e-11,34977007795.107864
342,104414.0,33.24194,7499991086659490.0,0.019710024389071133,1.5418905510015733e-08,4446942844968.574,1579154770.38,0.2613432561610123,4.432263934170357e-15,0.0005267168582416737,4.1994712453361075e-10,118836979490.54245
343,94716.0,17.59467,4362726286472790.0,0.006729726120806826,5.346873810214975e-09,1668684496384.7856,322264158.93,0.2613432561610123,4.032952985053085e-15,0.0003208673882464712,2.514775944754172e-10,79561400650.01219
344,324188.0,3.9573505,2858889119882838.5,0.0005359199419861339,3.903931059904204e-10,387161989131.97107,33263001.47,0.2613432561610123,1.3842266468040488e-15,0.00011281065360557456,8.445877240862905e-11,81497241702.45947
345,341593.0,1.200975,600376587364952.8,0.00038327253059923153,3.180871493611007e-10,191600869253.6448,63066611.910000004,0.2613432561610123,2.0003694768829478e-15,9.002142861988101e-05,8.166756274571854e-11,45002400636.58432
346,10614.0,8.129009,6960828608084087.0,0.005355228233872267,4.207854211339802e-09,4585654400574.252,375012224.98,0.2613432561610123,1.1678220306357242e-15,0.00020785807247903121,1.5556618409290097e-10,177987798676.72137
347,242151.0,4.6010656,5781098983614770.0,0.0016335002532387457,1.2699402973857666e-09,2052443384796.1182,66512060.86,0.2613432561610123,7.958807854770676e-16,0.00017758525292476006,1.3973087714612159e-10,223130468991.42282
348,350948.0,6.0087023,9949568466790046.0,0.004477633792007901,3.2317162015131835e-09,7414333704433.211,431957771.87,0.2613432561610123,6.039158703270416e-16,0.0002175536529396421,1.6305530247134371e-10,360238343830.6219
349,308302.0,0.8669572,929246134672349.9,6.635432637370808e-05,9.325809885164824e-11,71121736230.52649,711512.75,0.2613432561610123,9.329683144775062e-16,5.618774809774457e-05,7.896941846473527e-11,60224712057.03444
350,2.0,19.91241,5835710495496476.0,0.00803241466700001,5.761424574308372e-09,2354051899111.7495,442970505.16,0.2613432561610123,3.412165496449279e-15,0.00031907402256561645,2.413767130312706e-10,93510711276.35716
351,53361.0,0.66155624,2065747122811933.0,0.00019488536826881166,1.2365500383766113e-10,608540687001.0653,1576041.1,0.2613432561610123,3.202503504395434e-16,3.771477672630318e-05,2.3930071827633924e-11,117766543188.91353
352,313940.0,2.9324274,4904690683675967.0,0.0011282393304598757,7.77063635316239e-10,1887059482892.3516,62538256.22,0.2613432561610123,5.978822293034399e-16,0.00013502343809325377,9.014514873654732e-11,225836178891.8902
353,92001.0,4.44526,4846990938693873.0,0.001170954991801316,7.230375179091194e-10,1276777564164.8267,56719356.66,0.2613432561610123,9.17117456216634e-16,0.00014098577098419735,9.461356398425913e-11,153727060834.50104
354,179521.0,8.799946,4279879625892900.0,0.0007127287320519381,6.156201348900439e-10,346637715628.88794,72276737.57,0.2613432561610123,2.056119977478126e-15,0.00013127633365543018,1.1096682381783159e-10,63846631078.62185
355,398794.0,2.6180346,4090656123801057.5,0.0003752426431489976,2.634122965571362e-10,586313342118.833,33587962.25,0.2613432561610123,6.400035888539342e-16,6.709529353900423e-05,5.170016031722838e-11,104835808279.06444
356,203767.0,2.3388178,2979083774921170.5,0.0004271378126020662,2.841396061577697e-10,544069455593.392,53532561.03,0.2613432561610123,7.8507956697588595e-16,0.00010582284828912603,6.859622703374196e-11,134792513702.46962
357,225214.0,5.872887,4771277910109102.0,0.0007945802982923907,5.647097392641333e-10,645536586188.4255,53990820.79,0.2613432561610123,1.2308834468763336e-15,9.247307040343449e-05,7.100308245482962e-11,75127397836.16995
358,320824.0,2.8174255,4301885640177525.0,0.00025833620613736663,1.9453476829812164e-10,394449761145.5133,53510055.12,0.2613432561610123,6.549280328808866e-16,6.720260362020045e-05,4.8550879699055344e-11,102610669029.68063
359,348778.0,4.401658,4677850459775370.0,0.0002657822607975628,2.1349236657411118e-10,282459398452.13245,46957722.98,0.2613432561610123,9.409573986705354e-16,9.739692272047217e-05,7.882623680758295e-11,103508323392.83673
360,98104.0,18.024258,6425781026059772.0,0.008213095740549426,6.006482446229954e-09,2928029257838.788,804140508.79,0.2613432561610123,2.804991008392999e-15,0.00036216113513987743,2.845460318267647e-10,129113118030.05113
361,387135.0,0.41013885,486774756795291.8,7.037297748974775e-05,7.78694798303429e-11,83522419303.9321,2789869.5,0.2613432561610123,8.425639256648629e-16,4.7960838914569426e-05,5.556579456837294e-11,56922492707.86637
362,199416.0,12.189012,4419826282797331.5,0.003019715563605661,2.1187318951501594e-09,1094971291733.6088,249638888.62,0.2613432561610123,2.757803411288262e-15,0.00016355176725155705,1.2129754563921096e-10,59305085555.44812
363,315786.0,6.604283,4317353629581321.5,0.0005724007073081616,3.5576635436344373e-10,374189941780.47906,63981198.02,0.2613432561610123,1.5297062892298805e-15,0.00010335980164124622,7.023420126691913e-11,67568396867.40254
364,296058.0,0.409008,1253985295525170.2,5.833576304536136e-06,3.944454751143252e-12,17885270963.434402,4197713.5,0.2613432561610123,3.2616650407268693e-16,1.1486542470958119e-05,7.071339792949969e-12,35216805918.238365
365,327282.0,1.6789024,2877968886504852.5,0.0003775564649988153,2.397850229378749e-10,647206031253.1263,26122484.5,0.2613432561610123,5.833636381103973e-16,7.393079652690939e-05,4.465533464181812e-11,126731924475.75645
366,4.0,2.9936194,3408070582139683.0,1.3216041052860614e-06,8.439388509491896e-13,1504573384.4657948,2775480.2,0.2613432561610123,8.783912562399224e-16,3.1429218339219666e-07,2.0069806309879045e-13,357804316.8798932
367,195548.0,5.521429,5848199759599784.0,0.0014191132898594273,1.0331462157128586e-09,1503099650579.725,47872097.45,0.2613432561610123,9.44124555755232e-16,0.00013332454282061608,9.794354523976463e-11,141214993305.58774
368,399625.0,5.6764135,7828589292954588.0,0.005250903051435022,4.0875985137419285e-09,7241749285320.175,277533077.07,0.2613432561610123,7.250876610819961e-16,0.00023274972979212406,1.9923441346877786e-10,320995297926.8857
369,388979.0,5.6935287,5208637560658385.0,0.0009239138239610006,6.852336320800064e-10,845228416306.1805,167727905.47,0.2613432561610123,1.0930936609995808e-15,8.690687928526283e-05,7.51246609245029e-11,79505427929.92755
370,217869.0,3.0742877,4514935465444850.0,0.00023068312860084384,1.7447151186643356e-10,338783985181.2584,13437289.65,0.2613432561610123,6.809150924811934e-16,5.362579758804517e-05,3.464363686629491e-11,78755483877.78802
371,109837.0,27.202414,1.431612179672322e+16,0.050298111827863506,3.7050147218674494e-08,26470955668599.805,2440092306.9,0.2613432561610123,1.9001245160002963e-15,0.000426629550523102,3.234113446998645e-10,224527154368.35904
372,312513.0,0.4398735,1955213960066598.2,0.00031124771309546355,1.5534161126315385e-10,1383479281391.2495,4661334.9,0.2613432561610123,2.249746109551187e-16,4.008569644089378e-05,2.0804307710989257e-11,178178756574.85043
373,182655.0,0.7726378,4357812910804511.5,0.0005183628384014813,4.769610264363198e-10,2923657462354.609,23305933.43,0.2613432561610123,1.772994425906551e-16,7.034185326301765e-05,6.620374903220805e-11,396740408402.8697
374,160669.0,1.7815218,7752737759509885.0,0.0018946795543810181,1.4317738331859376e-09,8245172034055.986,31745082.54,0.2613432561610123,2.297926042725615e-16,0.00014468316105143,1.051749535613611e-10,629624967737.5103
375,422980.0,2.368187,1798163974661135.2,0.0005745425473552059,4.3958710701674777e-10,436250055660.3725,37937341.4,0.2613432561610123,1.3170028058460496e-15,8.119871025377703e-05,6.77966758601562e-11,61654166485.70809
376,393926.0,1.9842585,3721809294881485.5,0.00039932705077661717,2.3373134233940905e-10,749004794122.351,18202987.95,0.2613432561610123,5.331435177855305e-16,7.626466541861038e-05,4.323389535351498e-11,143047158737.63965
377,347054.0,7.4041047,7658073614539838.0,0.005460003840850894,4.005589003898832e-09,5647287962973.619,492773430.12,0.2613432561610123,9.668364490440984e-16,0.00023528428760795516,1.763994338323522e-10,243354796812.4065
378,77560.0,5.843037,3055229503159225.5,7.97925653213069e-05,6.961149090020386e-11,41722241310.88277,9100347.95,0.2613432561610123,1.9124707305811475e-15,5.0445612870816856e-05,4.0780914729195025e-11,26377194727.308487
379,112496.0,2.3080409,3346952884748218.0,3.8043223813411036e-05,3.163964188807704e-11,55167513577.17196,1202391.1,0.2613432561610123,6.895946789444057e-16,1.495452957851229e-05,1.24373255744427e-11,21685970085.215675
380,84560.0,7.9836197,4398046719061064.0,0.00038999245041386807,2.7581168707511007e-10,214840521148.7337,25312019.24,0.2613432561610123,1.815264868697079e-15,6.979245650387437e-05,4.8144234790386336e-11,38447533308.99225
381,217870.0,0.2761859,1041854545539265.8,0.00013010810817841052,9.00590620675914e-11,490806098056.3871,13513086.31,0.2613432561610123,2.650906512646117e-16,1.572741300768118e-05,1.1043551678320935e-11,59328433245.96227
382,87622.0,22.55386,7544796084880062.0,0.012267690422725373,8.68410414812589e-09,4103830682282.2803,897839239.59,0.2613432561610123,2.9893266492912158e-15,0.0004094783302518254,3.024785637333392e-10,136980122379.37086
383,283802.0,4.7701306,2823117414221115.5,0.0009664364147895155,7.582280300662571e-10,571968296283.0625,43512712.96,0.2613432561610123,1.689667803390337e-15,0.0001239397261730227,9.834448364969962e-11,73351534499.46568
384,380589.0,13.217146,1.281959704905804e+16,0.016636362734757586,1.285596473304076e-08,16135969642883.379,1483240913.8,0.2613432561610123,1.031011033296961e-15,0.00042696849603825345,3.727711739988042e-10,414126020235.58966
385,19818.0,6.029459,6384544792190087.0,0.002281581175840897,1.7564698534014316e-09,2415947635463.469,176648650.94,0.2613432561610123,9.44383538098997e-16,0.00020004401525633786,1.577420870121201e-10,211824970667.12723
386,184846.0,5.1448846,1831648356203343.8,0.0009820928874548118,6.155304759724578e-10,349638322878.1461,92318071.26,0.2613432561610123,2.808882274032315e-15,0.0001049469539909026,6.887974172486486e-11,37362532050.95887
387,387666.0,1.0739294,714382354462550.6,0.00042105786189736806,2.3215787627191944e-10,280089460952.656,22193627.759999998,0.2613432561610123,1.5032977694528112e-15,8.40185296288023e-05,5.765941930608223e-11,55889479340.73261
388,53356.0,18.906013,6436553709246408.0,0.008020756042158584,6.020049914710753e-09,2730667066298.768,557215977.87,0.2613432561610123,2.937288159786601e-15,0.00035859589276255054,2.833911160983529e-10,122084001723.75432
389,374162.0,0.56578964,1939160736963621.2,0.0,0.0,0.0,2756414.2,0.2613432561610123,2.917703670537004e-16,0.0,0.0,0.0
390,135132.0,14.259215,6018206174565746.0,0.0030288535886026724,2.062755255055136e-09,1278349850870.7683,204123293.53,0.2613432561610123,2.369346377706792e-15,0.0001912025306060525,1.3727736180595719e-10,80698429071.02118
391,404193.0,0.338263,378866477468752.56,8.675757761182425e-05,6.840209842932293e-11,97171543513.51987,2793393.4000000004,0.2613432561610123,8.928290575085218e-16,5.020892742582801e-05,4.383789177903178e-11,56235767646.20341
392,249385.0,2.685268,2234668819083068.8,0.00013460139183070957,8.067404554279516e-11,112014716344.61407,33567764.62,0.2613432561610123,1.2016402507024829e-15,3.98235804460626e-05,2.2250931060945312e-11,33141017390.838566
393,234404.0,0.6110799,500193605369146.06,9.347256203976805e-05,7.853312878006294e-11,76511071317.78146,30600351.38,0.2613432561610123,1.2216867497716592e-15,1.626048779370675e-05,1.333924620034201e-11,13309866704.166134
394,118092.0,2.048837,5040294505256669.0,0.0010123376647826515,7.983353789498458e-10,2490427481184.8706,49399559.14,0.2613432561610123,4.0649152502164476e-16,0.00013017067964153308,1.0265700109807107e-10,320229750508.579
395,350064.0,1.8759696,1543325612899012.8,0.0005059957613021468,4.033442987363543e-10,416273386538.85345,52516281.29,0.2613432561610123,1.2155371389684529e-15,6.256405892352629e-05,4.8701432500142915e-11,51470298124.02139
396,252674.0,2.1539657,1874332958243867.5,0.0009642648512522967,7.044129913609466e-10,839081788153.9618,62739836.28,0.2613432561610123,1.1491905376396577e-15,0.00013595910973716676,1.0267415563585268e-10,118308587900.85022
397,313142.0,1.8779739,1703773301621958.2,5.152117622232779e-07,4.5340647474945987e-13,467420790.64976436,1136313.2,0.2613432561610123,1.1022440005440902e-15,3.1429218339219666e-07,2.76589397528953e-13,285138484.0716353
398,303279.0,4.711692,3329901365816782.5,0.0008964649982083654,7.010224386678625e-10,633560093049.5829,72018507.19,0.2613432561610123,1.4149644335919488e-15,8.876505536405527e-05,7.560900017890521e-11,62733064702.355316
399,358392.0,5.135885,6903166121689346.0,0.0027220601629068717,2.0874262067167725e-09,3658733304538.341,186926043.51,0.2613432561610123,7.439897736001671e-16,0.00018396059011064822,1.4100735931326547e-10,247262256335.14124
400,260540.0,0.33298945,212556706780764.38,0.0006779224093228643,4.705785509670862e-10,432737297768.8914,29113013.3,0.2613432561610123,1.5665911231088682e-15,9.488469665950464e-05,6.117369241248622e-11,60567620523.22108
401,190863.0,4.666487,3557970462531144.5,2.5309378162823522e-05,1.5653654423885692e-11,19297175783.058403,10674374.1,0.2613432561610123,1.3115586678255489e-15,5.25803504267464e-06,3.1474770231118287e-12,4008997211.9905305
402,1.0,9.226681,3857495248929971.0,0.0012618189199584122,1.0608272131131847e-09,527541863509.69794,65834327.94,0.2613432561610123,2.391883956969068e-15,0.0001283959178782147,1.0424618231294261e-10,53679827361.23814
403,399989.0,8.525023,4691995544044079.0,0.005681083459500295,4.0449727053857436e-09,3126750306400.1016,409183147.45,0.2613432561610123,1.8169290486265453e-15,0.000243564006933169,1.8823814016391876e-10,134052569150.834
404,380022.0,2.0220385,2383068163759736.5,0.00026352934253646114,1.6554737106955498e-10,310581814547.63354,9359637.26,0.2613432561610123,8.485021665556789e-16,5.892341420337187e-05,3.42986692215193e-11,69444035060.6993
405,297108.0,2.728801,1496250809177943.2,0.001202636798236971,9.43549897880067e-10,659427449091.8315,52672872.339999996,0.2613432561610123,1.823759080537596e-15,0.00015967257043281145,1.2122640075042734e-10,87551350469.90099
406,248005.0,14.63991,8857592648518926.0,0.01779030908821277,1.462471671985601e-08,10763680309143.49,735491160.24,0.2613432561610123,1.652809130079823e-15,0.00045687830321027565,4.002941359306541e-10,276425326370.39014
407,225708.0,0.14946675,1228740773407721.2,9.587336078937161e-06,9.088666401739632e-12,78815862046.59563,1054867.2,0.2613432561610123,1.2164221553865852e-16,4.849330453423166e-06,4.597100424985407e-12,39865522277.354645
408,87626.0,0.9199644,1013859744900737.4,0.00010777665305373626,7.623245318347518e-11,118776780896.4307,13414655.8,0.2613432561610123,9.073882305979805e-16,3.892795347170677e-05,2.9175334394778194e-11,42901100277.71988
409,208237.0,7.5660105,2540112535809917.5,0.0012880140451192704,9.674456394356627e-10,432420840852.21655,168858285.74,0.2613432561610123,2.9786123226180488e-15,0.0001479975846225837,1.0796790946786627e-10,49686756312.248566
410,47975.0,2.1113985,6844657510491265.0,0.0008702044758797775,5.561146804021791e-10,2820998310595.3867,30890706.85,0.2613432561610123,3.0847394435203196e-16,0.00011785859478836408,9.594682279825376e-11,382069853698.4481
411,169298.0,0.60289025,1394894366636118.8,0.00037126862576737586,2.514411753100623e-10,858996334061.8727,38099737.8,0.2613432561610123,4.322121190107823e-16,6.369999077302727e-05,4.176563331004299e-11,147381315727.14685
412,292620.0,4.2530274,4835800309989207.0,0.000626281737254287,3.5477228032571796e-10,712098261853.3943,27613153.6,0.2613432561610123,8.794878049895099e-16,7.15340333599632e-05,3.744641712035338e-11,81336015069.38054
413,133095.0,20.907162,5406675132558607.0,0.006325183254376717,4.5441521583045994e-09,1635717512033.1833,371989962.82,0.2613432561610123,3.866916633126074e-15,0.0002979434882756169,2.1488140557180268e-10,77049369444.19069
414,77564.0,3.2135408,3068136741276944.5,0.0008665754447460063,5.777204787023668e-10,827365241827.2177,28768367.6,0.2613432561610123,1.0473916487381e-15,9.340549891117646e-05,5.841131560603849e-11,89179151870.94687
415,210202.0,3.631747,1.1846247446494262e+16,0.004661542981050118,3.4414703870518613e-09,15205296964790.834,445325363.8,0.2613432561610123,3.0657362311596543e-16,0.00024375449167540658,1.9020809529074465e-10,795092836748.0698
416,411862.0,1.8771505,2046033818101921.0,0.0004039911452877515,2.4277364827065884e-10,440337386625.3484,38622116.46,0.2613432561610123,9.17458198096358e-16,6.628841318230849e-05,3.929840771793448e-11,72252243557.09164
417,140389.0,10.523514,6183174470757978.0,0.0044445779252034,3.066671778370171e-09,2611447161130.03,300386029.1,0.2613432561610123,1.7019597376345668e-15,0.00023047289151920458,1.6310336942129137e-10,135416183134.5802
418,364839.0,0.65287924,1627603123274500.5,6.108260975964989e-05,6.04896213102483e-11,152276623809.5787,6914089.55,0.2613432561610123,4.0112926220398375e-16,4.7963130305586127e-05,4.6429517596775896e-11,119570260324.70236
419,225215.0,1.7133459,3030082510230650.5,0.0003989180035056725,2.7091188385861475e-10,705493540702.2408,17922487.51,0.2613432561610123,5.654452953723626e-16,6.99803663945248e-05,4.7757224174731654e-11,123761514981.64053
420,203766.0,14.624123,4446715968760391.5,0.006134957659929196,4.360656400824922e-09,1865439328845.6365,429316809.95,0.2613432561610123,3.288746819616806e-15,0.0002850856467333696,2.173584644486982e-10,86685191159.40546
421,338268.0,2.5874712,2373127227662118.0,0.00034661808013935894,2.039076185018036e-10,317904525305.89813,16091871.45,0.2613432561610123,1.090321315199372e-15,7.186979994828381e-05,3.9156593490579297e-11,65916165213.31785
422,104413.0,22.18306,4710716061522330.0,0.0029424621352615015,2.100078943896037e-09,624850838477.543,253853393.19,0.2613432561610123,4.709063274094099e-15,0.0002290992227397262,1.6493570732425952e-10,48650699598.80692
423,352497.0,3.8687754,4233485213285716.5,0.0008690585599308056,6.83161184238702e-10,950984790418.8091,94399399.44,0.2613432561610123,9.138511663767793e-16,0.00014175649461883652,1.211378592838531e-10,155119892422.8221
424,319576.0,0.45277113,1455710577112983.0,1.2642572922812007e-06,1.2066106250423643e-12,4064730700.8420873,1047775.7,0.2613432561610123,3.1103100926693263e-16,3.3151117730563105e-07,3.16395176282129e-13,1065846064.9533564
425,291282.0,0.8148822,1441938216316628.0,3.9307240687310924e-05,2.171286706610238e-11,69554363225.73926,4828703.2,0.2613432561610123,5.651297613025218e-16,1.2349670778444938e-05,6.786898306580707e-12,21852805539.706814
426,376770.0,1.0716183,923272323264638.5,0.00025627891866333613,1.4992369158690794e-10,220801784215.5623,14079924.35,0.2613432561610123,1.1606741293953429e-15,5.784483767121577e-05,3.3113901111578986e-11,49837276636.251236
427,13.0,0.37494454,668295857386373.5,0.00013228920780749033,1.1009739793293557e-10,235790417309.9064,5179540.2,0.2613432561610123,5.610457342446562e-16,3.807679919304766e-05,3.163692104366055e-11,67867549593.4587
428,175234.0,0.12657553,258383386992086.34,0.0014164492111684735,9.497874113616898e-10,2891451014931.394,67091821.89,0.2613432561610123,4.898748773034572e-16,0.00012013728060244657,1.0033030141142606e-10,245240746501.94095
429,285969.0,0.95637995,3307807231202153.5,0.00016716167958960216,6.834447180696297e-11,578157888532.0457,3699098.0,0.2613432561610123,2.891280788609993e-16,3.771477672630318e-05,1.5419781022809628e-11,130443147807.9819
430,385168.0,6.662302,5999211812544880.0,0.00357805317378536,2.557034771234984e-09,3221934230253.5713,316806764.02,0.2613432561610123,1.1105295509100946e-15,0.0001906753361375587,1.440200389880507e-10,171697669802.03055
431,377643.0,0.7901735,2178136974091290.8,5.928355855468281e-05,4.730515527789696e-11,163416908873.3812,1253215.6,0.2613432561610123,3.62774935368634e-16,4.7930141230101395e-05,3.824572661727271e-11,132120873183.80238
432,375350.0,2.753907,5350143093884780.0,0.0022053690104865986,1.6242484281924994e-09,4284472852904.033,137180344.27,0.2613432561610123,5.147352045869051e-16,0.0001404050167482345,9.908578600670545e-11,272771350195.32022
433,405323.0,1.2668765,2061728106635735.8,0.00038772351023974653,2.837290540273891e-10,630985308090.2155,24932654.45,0.2613432561610123,6.144731188959974e-16,4.0274043413655166e-05,2.9529182450756824e-11,65542400757.92762
434,264845.0,1.6175703,3969671701115240.0,3.513102449864533e-05,2.9761244770454844e-11,86214882767.97528,3946702.9000000004,0.2613432561610123,4.074821349950827e-16,1.1357685806770378e-05,9.621662679784594e-12,27872843571.184875
435,159346.0,1.6882629,1817410949611475.0,0.0005251696696302208,3.747922777033837e-10,565343885712.2336,60351438.5,0.2613432561610123,9.289384441977286e-16,8.327677120745465e-05,5.897169128675683e-11,89647243827.20113
436,295085.0,2.734807,1632858688938103.5,7.022989358356686e-05,6.162827457314843e-11,41931840879.85935,14793659.06,0.2613432561610123,1.6748583441586892e-15,1.881892601594559e-05,1.6896550120277302e-11,11236129957.84349
437,156046.0,10.690927,6616386578522142.0,0.0045637672529735065,3.3891871592417183e-09,2824418163183.8633,166234049.6,0.2613432561610123,1.6158256282522056e-15,0.0002745359644104239,2.1660497727144643e-10,169904449843.0081
438,84561.0,0.38695654,4447003424657324.0,4.6160126238831256e-05,2.0407822080544916e-11,530483964598.9624,2261884.0,0.2613432561610123,8.701512075624678e-17,1.495452957851229e-05,6.611536921660125e-12,171861274782.39133
439,112497.0,11.063839,5062465745820892.0,0.00454184785229282,3.4118067879358663e-09,2078207137229.9062,321088332.4,0.2613432561610123,2.1854644664279047e-15,0.00023060001359234963,1.8741208274115334e-10,105515334216.00784
440,77561.0,3.8619208,1786121503767751.5,0.00015342831483816153,7.761458667305553e-11,70959925542.56656,14780088.65,0.2613432561610123,2.162182579322534e-15,3.727359716445044e-05,1.8753449146743082e-11,17238875902.944878
441,87623.0,4.541824,3210058450403830.0,0.000512229353356679,3.5083644527328335e-10,362032118436.8872,34863092.06,0.2613432561610123,1.4148726791652757e-15,8.586088349935803e-05,6.017079120444845e-11,60684529967.7515
442,378420.0,4.9188995,5304932963047033.0,0.001980882299340951,1.4076342216594031e-09,2136341229514.897,98816075.23,0.2613432561610123,9.272312269097357e-16,0.00016309952777374633,1.1288839561914673e-10,175899520033.77014
443,335163.0,2.9551878,6932218109237234.0,0.0010051958288958833,8.117200081946474e-10,2357967479563.1514,50117833.76,0.2613432561610123,4.262975794229829e-16,0.0001060624697969549,8.810620862261995e-11,248799136838.91016
444,278222.0,8.580536,1.4328933111147086e+16,0.01114126751695274,8.38217829470694e-09,18605187021394.887,1330935584.82,0.2613432561610123,5.988258814136578e-16,0.00031960235137972403,2.478025551470071e-10,533714993455.5829
445,407328.0,2.296191,6664797976027178.0,0.0020845484886555864,1.5078273921912053e-09,6050496038057.055,58705020.339999996,0.2613432561610123,3.445252216585171e-16,0.00018421583449657847,1.541845482015039e-10,534694770994.6402
446,213691.0,0.48324585,2294219129199029.0,0.0,0.0,0.0,2188800.0,0.2613432561610123,2.1063630925643687e-16,0.0,0.0,0.0
447,421111.0,3.4723008,2351132660593388.0,0.0020957546494615705,1.5336606134371975e-09,1419058281166.063,100368326.05,0.2613432561610123,1.4768629853168929e-15,0.00013910262666051487,9.991239947747648e-11,94187902360.26357
448,53357.0,3.6833096,4115503233462431.0,0.0,0.0,0.0,8438808.1,0.2613432561610123,8.949840131461103e-16,0.0,0.0,0.0
449,228831.0,9.6529455,5047518791120625.0,0.002530207841272742,1.5977114042882272e-09,1323043999809.687,169240373.97,0.2613432561610123,1.9124139799104938e-15,0.0001899370255656577,1.2251508411486815e-10,99317944525.03809
450,391967.0,0.893532,1446874283534086.2,0.0002768073993508934,2.1578203629414252e-10,448227380343.12994,12993389.86,0.2613432561610123,6.175602194113844e-16,3.727359716445044e-05,2.9192687961396746e-11,60356214653.81473
451,330234.0,1.7257253,2621872947122175.0,1.7380871161970933e-06,1.9351403270458083e-12,2640654100.4519987,898171.1,0.2613432561610123,6.582032519516987e-16,3.3151117730563105e-07,3.690957962303965e-13,503660801.3142398
452,380838.0,2.585636,1809424723058295.0,0.0007277739213521996,5.402762046356983e-10,509295247317.0056,89988677.97,0.2613432561610123,1.4289823539217208e-15,0.00011162771903069893,8.64979842845691e-11,78116933161.80296
453,205792.0,2.7529106,4811380424009104.0,0.00044784945072808154,3.7091141304710594e-10,782725773999.4612,52306256.1,0.2613432561610123,5.721664797617739e-16,9.690194545104802e-05,7.455798195872057e-11,169359703650.22766
454,393343.0,1.2437725,1164125127130911.8,5.937215584897362e-05,4.0902934943310376e-11,55570145244.18471,3118607.0,0.2613432561610123,1.0684182232758656e-15,4.140663685120044e-05,2.8739421314161107e-11,38755082933.950714
455,107307.0,4.391032,1738855556119157.8,0.00028469349836966333,2.484155944423938e-10,112739071687.72385,22673599.66,0.2613432561610123,2.5252425277922843e-15,8.693198352191731e-05,7.186656563988222e-11,34425201763.85528
456,140390.0,10.972311,5509944946230224.0,0.002979923227178179,2.474809204548998e-09,1496422488001.3396,221029915.35,0.2613432561610123,1.9913649060154403e-15,0.00023226540055978066,2.0192254192135802e-10,116636282912.36934
457,270652.0,4.549371,4127545109374037.5,0.0011059647792155815,8.774965103604725e-10,1003417728646.7097,68563250.87,0.2613432561610123,1.102197766335238e-15,0.00012694613538594926,1.1775733236991887e-10,115175460578.22264
458,153293.0,4.3744807,6465617647282940.0,0.0021429182359623514,1.414130523424539e-09,3167299369528.0464,112993811.63,0.2613432561610123,6.765758414183829e-16,0.00016186663528757543,1.2579106058689677e-10,239243888679.55438
459,59019.0,2.6678073,1.3655715617774756e+16,0.004213169998015881,3.3461812992839223e-09,21565969679386.324,246376578.29,0.2613432561610123,1.9536195499908399e-16,0.00019247101342938485,1.5637034137961235e-10,985202126126.7953
460,315587.0,0.24559085,554703996053220.1,1.4559360986520983e-05,1.0265999382562082e-11,32884513894.571163,19486946.84,0.2613432561610123,4.427421683409636e-16,5.175841562523374e-06,3.546651602840262e-12,11690419238.624153
461,403754.0,7.850145,6059560674348960.0,0.0022384095972090897,1.9029228008002533e-09,1727837991315.2554,170196361.75,0.2613432561610123,1.2954973837015702e-15,0.00018778963007928465,1.6344916465039254e-10,144955622791.54993
462,0.0,0.12111345,1619015634169626.0,9.01055174463854e-05,5.146710975919174e-11,1204509007634.0981,2608568.0,0.2613432561610123,7.480684401303984e-17,5.779970417321062e-05,3.3014445763562705e-11,772652622039.9747
463,350137.0,2.1224403,3213721660851521.0,0.0008642331176680761,6.071161206979057e-10,1308590253528.0437,64287956.05,0.2613432561610123,6.604306545444977e-16,0.00013482771207725902,8.981879862135628e-11,204151202173.14923
464,206582.0,7.721711,6152525018525474.0,0.003794471695704953,2.79579209808047e-09,3023369048635.918,282357246.01,0.2613432561610123,1.255047476726978e-15,0.00021764484990877142,1.7126978436738017e-10,173415630838.41623
