,id,sfr,sfrd,snr,snr_solar,snrd,mass,z,halo_volume,snr_err,snr_solar_err,snrd_err
0,45786.0,12.55542,2.281932554175726e+16,0.017077253715777802,1.280222343343122e-08,31037704186679.336,996195180.85,4.176834914726472,5.502099515178369e-16,0.0005082122631494606,3.699460383179958e-10,923669704169.2551
1,65619.0,1.039677,4857733846315202.0,0.0002488975781523575,1.819132723490429e-10,1162936363559.6348,19984875.46,4.176834914726472,2.140251057164524e-16,4.076336649940404e-05,2.9069535224894756e-11,190460676858.2033
2,84629.0,0.536664,4824423185880556.0,0.00011075271182156701,7.108318652789098e-11,995628458050.317,18399379.66,4.176834914726472,1.1123899776674502e-16,2.0868978397231055e-05,1.2924090570404888e-11,187604876133.3757
3,13600.0,9.416687,1.681802326391975e+16,0.014822982966524997,1.077647600024076e-08,26473564680625.32,954152772.99,4.176834914726472,5.599163975591545e-16,0.00045127720320015677,3.459929018358075e-10,805972472260.8787
4,19167.0,8.158735,1.0684926089561162e+16,0.01056916886326151,7.787150628450309e-09,13841703172371.746,1565802081.22,4.176834914726472,7.63574303800831e-16,0.00037879845799790904,2.96819266872666e-10,496085916082.2599
5,14423.0,19.005178,1.6617778118933944e+16,6.715188164294826,5.5015590432768304e-06,5871637031820631.0,5618502599.09,4.176834914726472,1.14366540845469e-15,0.000906483575583318,6.890363047931791e-10,792612567348.8281
6,55668.0,1.4002948,5090489138078836.0,0.0009725137284627433,7.241137794211993e-10,3535377387227.422,39363057.9,4.176834914726472,2.7508059874349813e-16,5.221591388177866e-05,4.0382552219840774e-11,189820416708.0062
7,66738.0,0.65362054,4404056435781119.5,0.00020445700720296724,1.4604636436104267e-10,1377619189281.8647,10266389.15,4.176834914726472,1.4841329795177147e-16,4.934748096786791e-05,3.855322700893515e-11,332500400226.2918
8,75290.0,7.1273932,2.7553050138336876e+16,0.006146933158196158,4.190980952441679e-09,23762791353335.77,246298008.34,4.176834914726472,2.586789180949175e-16,0.00030476876054447627,2.0755579122024546e-10,1178173941614.5498
9,21362.0,3.960843,7243838702193043.0,0.008330408223928155,5.828736603663178e-09,15235174304449.324,284455080.17,4.176834914726472,5.467878514192856e-16,0.0003554406160972655,2.546385356856258e-10,650052145772.1781
10,19787.0,1.9050109,6197995004214800.0,0.0016240209905370017,1.2968238936996288e-09,5283788132702.185,69621179.76,4.176834914726472,3.073592183769981e-16,0.00013405782465157352,1.0965786919272037e-10,436160090982.3436
11,7611.0,54.81997,3.3582276391199516e+16,17.169936291380722,1.828563777517781e-05,1.0518166028847418e+16,12267028550.55,4.176834914726472,1.6324078023003222e-15,0.0014074713832005108,1.1076111447749652e-09,862205743697.843
12,643.0,7.64764,1.779212633342922e+16,0.010646233992749126,7.58734668589562e-09,24768312861777.1,836941540.76,4.176834914726472,4.298328292347511e-16,0.00037953906056224193,2.840198266765215e-10,882992258264.5695
13,25929.0,44.82988,7.942242746247805e+16,0.22896922514764184,1.870701339538089e-07,405651134364588.7,5643247410.75,4.176834914726472,5.644486253102654e-16,0.0010516295132555764,7.954598034413398e-10,1863109353269.3396
14,39656.0,13.765952,1.9974785646910924e+16,0.02636380938321914,1.9796310397535062e-08,38254632971684.14,1146988276.92,4.176834914726472,6.891664443031902e-16,0.0005587714288397122,4.341329864226445e-10,810793145050.2946
15,27710.0,1.3718463,4535489412421225.0,1.8697136999736433e-05,1.0709427193747642e-11,61814991158.18859,1745857.8,4.176834914726472,3.0246929829512135e-16,4.435584702662173e-06,2.5406334368481633e-12,14664578281.708258
16,110978.0,0.57586527,5559348736413416.0,0.0001983730749172637,1.3033138640943247e-10,1915074863569.6226,6362276.0600000005,4.176834914726472,1.0358502358884512e-16,3.6655047573403605e-05,2.1741662033949015e-11,353864355130.10706
17,67468.0,0.760795,5242957676864332.0,0.00010312075905263691,8.540524731354613e-11,710648433965.9169,17518910.25,4.176834914726472,1.4510798043577007e-16,7.443598927214862e-05,3.3582145061204256e-11,512969645422.7521
18,4401.0,95.13057,5.709446558814187e+16,13.19633800215206,9.705872070926681e-06,7920039435833925.0,33966299333.43,4.176834914726472,1.666195996758011e-15,0.0018557638300057732,1.376695888246859e-09,1113772829617.0513
19,88643.0,1.1659749,8826596942076836.0,0.00044376197088863314,3.407193340727333e-10,3359341659289.235,30896073.76,4.176834914726472,1.3209789771205461e-16,0.00011095167353176298,1.041737241012242e-10,839920055151.9305
20,16186.0,39.538765,6.097961267336232e+16,2.298728011682452,1.9609917692693256e-06,3545268644425394.5,7039300446.09,4.176834914726472,6.483931803861996e-16,0.001102171196567889,8.781721931786835e-10,1699850075399.3242
21,9326.0,46.450134,3.683369457781449e+16,35.67991201613648,3.608083745724629e-05,2.8293201086689316e+16,22492319220.84,4.176834914726472,1.2610772427911057e-15,0.0018677128531720119,1.5095258090705309e-09,1481045561521.8757
22,12464.0,76.44053,6.440038812109751e+16,0.6030687675642746,4.788636211828962e-07,508079453332561.0,8590442830.42,4.176834914726472,1.1869575980856262e-15,0.0013414335051121309,1.0218502390816874e-09,1130144419038.7676
23,100820.0,0.858958,4773324192084967.0,0.00012133408732183801,1.0415121210168672e-10,674266884222.3708,10055803.6,4.176834914726472,1.7994964629142672e-16,1.987307705786624e-05,1.7109791882248577e-11,110436877578.97552
24,2324.0,306.04904,1.3832709827724274e+17,233.44978538442885,0.0002052158315975076,1.0551391177594648e+17,91548008328.996,4.176834914726472,2.2125024222412283e-15,0.0036977623432937236,2.9390911720482308e-09,1671303184178.1902
25,34727.0,7.892231,1.8827403237002388e+16,0.010240003568727502,7.572212968298253e-09,24428159329950.703,428866101.25,4.176834914726472,4.191885041527673e-16,0.00031798940540603006,2.24690332161618e-10,758583315753.6766
26,67846.0,2.4378102,8133128729455732.0,0.002216604773750837,1.4368664676374506e-09,7395133537156.278,97698299.27,4.176834914726472,2.997383025761032e-16,0.0001407120316987932,9.447324312392303e-11,469449618181.73566
27,57487.0,1.2601868,5341819158859958.0,0.000266863247384995,2.1590572843542004e-10,1131209442661.0015,25387659.91,4.176834914726472,2.3590967094231376e-16,2.1719382526558433e-05,1.7154491947582297e-11,92066520375.37454
28,52118.0,2.3901086,4767532093505022.0,0.004164960970591164,2.868891312061822e-09,8307817098975.839,261229096.51,4.176834914726472,5.013303640380585e-16,0.0002188689177362672,1.5679041017350323e-10,436576224853.701
29,101597.0,0.5887771,4457679546308249.5,4.860251387574503e-05,2.5040489132096708e-11,367973604956.9039,3549761.7,4.176834914726472,1.3208152220982599e-16,6.9022910150356e-06,3.581774537919238e-12,52257809416.14645
30,17051.0,30.708183,3.0451299219241864e+16,1.8194823139530178,1.537136621668097e-06,1804261761964292.0,9474499082.11,4.176834914726472,1.0084358890209785e-15,0.0010512082075224089,8.060708294719858e-10,1042414514365.3655
31,37857.0,30.576902,6.33814468150594e+16,0.04499109268348149,3.352017103719824e-08,93259956422972.16,1367894642.73,4.176834914726472,4.824266963993467e-16,0.0008812011626917458,6.513434914838104e-10,1826601158826.2078
32,24256.0,21.075201,2.9363428440481596e+16,2.02744913433719,1.6951125223555272e-06,2824782433763096.5,4305241041.86,4.176834914726472,7.177363856784818e-16,0.0006953202089742762,5.17090644494087e-10,968768231412.6858
33,22409.0,21.27697,2.10473920416044e+16,0.023875076767273365,1.786652244750515e-08,23617465303762.875,1338756147.39,4.176834914726472,1.0109076677025729e-15,0.0005468992471787935,4.011988182828722e-10,540998218384.9663
34,30923.0,1.5407636,8170906601985398.0,0.0011896501508459067,1.0785489473758655e-09,6308897920225.883,29593817.35,4.176834914726472,1.885670311817809e-16,9.421453976536415e-05,9.147652485451432e-11,499634210577.0345
35,59507.0,4.2893343,1.0561231973963896e+16,0.005133586983774835,3.72688048852005e-09,12639957439122.35,99867426.1,4.176834914726472,4.061395782778271e-16,0.0002788649792295416,1.959606179103203e-10,686623501240.6965
36,6694.0,6.403912,1.2048322792811706e+16,0.006471006053914915,4.2955646527352284e-09,12174553574722.076,304779997.46,4.176834914726472,5.315189599518959e-16,0.00029717235841119136,1.8494444861028e-10,559100203007.0316
37,30543.0,32.376205,5.053368484849393e+16,0.04647045160285603,3.4937472381844056e-08,72532378518912.77,3756005028.2,4.176834914726472,6.406856158831037e-16,0.000811727684600038,6.373802728560767e-10,1266967237092.056
38,639.0,29.841415,3.3214323465937804e+16,0.04562644306262132,3.5820771019189263e-08,50783497983661.24,2860363792.35,4.176834914726472,8.984501831146189e-16,0.0007398124143669382,5.631703763284133e-10,823431758678.33
39,37249.0,13.471421,3.197185181648141e+16,0.018810747339573376,1.394739351490456e-08,44643725891879.695,2334690078.98,4.176834914726472,4.2135254089522324e-16,0.0004674169122723793,3.590867674434373e-10,1109325011495.803
40,24806.0,14.65922,2.938410038844868e+16,0.017408884017382817,1.275379164686178e-08,34895744495112.05,1303440925.18,4.176834914726472,4.98882722499912e-16,0.000539174661914197,3.8191649343360856e-10,1080764351213.4099
41,37207.0,14.054927,2.4314149496605276e+16,0.3746867009119837,3.242292894739383e-07,648184687146635.5,2614834348.52,4.176834914726472,5.780554652739278e-16,0.0006142632483131659,4.674199368267119e-10,1062637212541.672
42,20379.0,55.995396,8.355613068925264e+16,0.20593147930361172,1.757434786075322e-07,307290220748214.9,4074186690.86,4.176834914726472,6.701530520632686e-16,0.0008847033279383589,7.030226933070918e-10,1320151158327.9856
43,11911.0,103.91262,5.8908492635534696e+16,0.9123248478403141,8.198549707954939e-07,517200717104587.0,8721117395.95,4.176834914726472,1.7639667109274832e-15,0.001215933850091983,9.308433982458421e-10,689317912044.1859
44,64303.0,2.4558287,1.34425097981486e+16,0.003502642982305356,2.4028322152987947e-09,19172474289048.004,152314698.47,4.176834914726472,1.8269123377081224e-16,0.0002508308989956461,1.5038794656245986e-10,1372977202126.27
45,1535.0,57.78881,3.452306249161648e+16,5.725361401968063,5.059148758194867e-06,3420333615923781.5,8607954450.27,4.176834914726472,1.6739189929640028e-15,0.001180606989762302,8.896385583387951e-10,705295175408.5812
46,4686.0,15.639707,3.163694142619947e+16,0.02372110523888054,1.7472746624940712e-08,47984480592071.01,1724491873.324,4.176834914726472,4.943495260590616e-16,0.0005897836422047005,4.4561440949228075e-10,1193049878911.459
47,13118.0,41.75215,4.613155607932279e+16,4.614124359655265,3.847685388346993e-06,5098102412795658.0,5518164685.34,4.176834914726472,9.050670202454814e-16,0.0011197612349184282,9.416573325082868e-10,1237213609457.027
48,1786.0,102.35555,2.213781723938258e+16,63.69095455230442,6.258611057757773e-05,1.3775302967750524e+16,44763722352.84,4.176834914726472,4.623561071681098e-15,0.001990297152908846,1.5073151708075077e-09,430468446734.53973
49,113511.0,0.8732492,8099689544648018.0,0.0010086986019531574,6.463470522321408e-10,9356029779289.877,17838157.1,4.176834914726472,1.0781267543482719e-16,0.0001203775336104031,7.83530278559126e-11,1116543422421.34
50,81601.0,1.3512343,6774750594238516.0,0.0009373050623348214,6.501646592450687e-10,4699412994501.103,20260172.1,4.176834914726472,1.994515194624488e-16,0.00018227954631458706,1.290863855158794e-10,913904024425.8718
51,38751.0,19.700409,4.932388154533305e+16,0.06021530733124778,4.5774622953180644e-08,150760965725244.1,2661107603.63,4.176834914726472,3.994091377803178e-16,0.0005514852641010759,4.0378289860466105e-10,1380752746834.7573
52,17464.0,26.865313,4.1166710133321816e+16,1.13977379110693,9.547820426870185e-07,1746517424757205.2,5402832116.23,4.176834914726472,6.525980072975093e-16,0.0007830832152752597,5.733653267772251e-10,1199947297599.1853
53,73579.0,1.6516639,6366628515008648.0,0.0018373351547223801,1.3301593007284242e-09,7082330967991.328,36583241.66,4.176834914726472,2.5942520379607173e-16,0.00015690809278072877,1.1596119475002481e-10,604829794810.8029
54,36157.0,14.692737,3.2301276476240044e+16,0.022397868475243915,1.6899763900461297e-08,49240637880968.99,1240262988.88,4.176834914726472,4.548655224448354e-16,0.0005179169031016676,4.003107291077669e-10,1138615431475.088
55,3591.0,13.496951,2.476585712186806e+16,0.019419015992935374,1.448906264948175e-08,35632386568515.234,870720789.04,4.176834914726472,5.449821879204131e-16,0.0005342822158121977,3.967708945354996e-10,980366381974.7115
56,58029.0,2.8555663,8091764220801897.0,0.002543647691636323,1.8073171627449367e-09,7207886359181.412,154044544.14,4.176834914726472,3.528978628244079e-16,0.00016011359459374588,1.1390898572171404e-10,453710864985.92346
57,53065.0,9.599375,1.5035506171652368e+16,0.014680457419675098,1.1009005960933188e-08,22994008269934.734,779885888.89,4.176834914726472,6.3844707922759945e-16,0.00044108818068339497,3.2731508253393155e-10,690876652168.3026
58,5703.0,130.87953,6.575765443965976e+16,34.19321929594909,2.966139417116999e-05,1.7179660552284432e+16,32674270306.39,4.176834914726472,1.990331484832645e-15,0.0018235582359985645,1.5156081018168126e-09,916208304945.6943
59,137391.0,0.602116,6825407824197860.0,0.00016694118963140835,9.859235455671697e-11,1892395654477.0664,4494596.8,4.176834914726472,8.821685319159112e-17,1.7759937841327605e-05,1.0468865846662769e-11,201321371130.25577
60,14158.0,4.122123,4780269431489596.0,0.005888729708327137,4.299856302666717e-09,6828936112537.364,1110951697.34,4.176834914726472,8.623202225476841e-16,0.00028758546357811516,2.1055360176004616e-10,333501935891.58514
61,10894.0,18.238184,2.3318868167486948e+16,3.3295732113145524,2.968919558596043e-06,4257105793462781.5,6220926664.75,4.176834914726472,7.821213220558085e-16,0.0007307284604358928,5.535329439965027e-10,934290422507.8158
62,50213.0,4.765867,9707892588848980.0,0.004677517779774982,3.5021756050221794e-09,9527928536085.225,353273213.98,4.176834914726472,4.909270427522383e-16,0.00023001819800556615,1.7136412534605012e-10,468538454748.86993
63,21330.0,29.375889,3.083524765191298e+16,0.6260215070489004,4.96532394060676e-07,657121498698358.8,6189545089.24,4.176834914726472,9.526723875096737e-16,0.0008534323224330922,6.570964998744021e-10,895829808465.4271
64,1401.0,334.5491,1.2200658722307629e+17,399.9175345444675,0.0003648144312940832,1.4584577737748272e+17,104229156550.18,4.176834914726472,2.7420576840520253e-15,0.00423607104894949,3.278923949104881e-09,1544851180041.4478
65,3475.0,147.51183,5.0242397784759624e+16,8.495184195233884,6.733385310510408e-06,2893452163068846.0,21856488204.93,4.176834914726472,2.9360029875951858e-15,0.001794553070776265,1.3864613961891901e-09,611223175983.9397
66,40187.0,4.029656,1.0489716499794756e+16,0.003090980226693842,2.246230303222936e-09,8046221882088.628,308066590.0,4.176834914726472,3.8415299403743133e-16,0.00019715333634703433,1.4715344343165953e-10,513215670337.3864
67,16832.0,15.692175,1.050083335679699e+16,0.012903684007270742,9.746440243403712e-09,8634840960486.131,726670296.17,4.176834914726472,1.4943742526723133e-15,0.0004370049742170791,3.4015996949566587e-10,292433420500.65796
68,80099.0,1.3786666,6297336530386896.0,0.0006640100989479501,5.144089732704116e-10,3032999459514.536,13638945.24,4.176834914726472,2.1892852531343082e-16,7.456385552231133e-05,5.876696546170652e-11,340585382446.4463
69,39850.0,14.209154,2.2372990241039588e+16,0.020733325581124343,1.4733682144655145e-08,32645609364976.367,1664601329.36,4.176834914726472,6.351030348163131e-16,0.0005333045009986184,3.731528059482541e-10,839713356357.7803
70,13731.0,2.0189066,3364140778055405.5,0.0017910511435029557,1.2576025549908433e-09,2984461087719.985,131906575.31,4.176834914726472,6.001254802324298e-16,0.0001643278995850509,9.933092034290564e-11,273822567109.47583
71,63944.0,5.5315905,2.1819681897836644e+16,0.005713468011116173,4.0511380721343196e-09,22537108366214.074,521580388.86,4.176834914726472,2.5351380125062414e-16,0.00026317189000743063,1.899168351296197e-10,1038096895353.0797
72,32185.0,41.50487,6.540088466739554e+16,0.05711022099384806,4.2816169299602e-08,89990860748344.2,2465105319.87,4.176834914726472,6.346224552019175e-16,0.0009579257055060671,7.24040692806814e-10,1509441869971.784
73,18103.0,19.725452,1.170912117296111e+16,0.03680665266004783,2.8671805449722016e-08,21848602301614.758,2524728494.75,4.176834914726472,1.6846227576455806e-15,0.0006853192810133008,5.481745950609013e-10,406808751634.75726
74,3212.0,64.659706,4.980852669126925e+16,0.08127392208830873,5.834351515844996e-08,62606754160615.31,4283366442.87,4.176834914726472,1.2981654004902329e-15,0.0011344046808825362,8.021892318322307e-10,873852192065.9302
75,14216.0,28.718964,2.3373724686818384e+16,0.02987077893562607,2.2987406821245158e-08,24311161190290.07,1722772827.08,4.176834914726472,1.2286858164371237e-15,0.0006581380291401476,5.05436259470827e-10,535643872775.0439
76,19752.0,48.27432,6.7326677691827816e+16,0.5298253122031789,4.093167410494132e-07,738930719845985.8,8643440018.7,4.176834914726472,7.170162208354385e-16,0.0012237681153680182,9.401836114566705e-10,1706750949012.1895
77,9491.0,29.583662,2.635762067935383e+16,13.791006626111745,1.3837436746933466e-05,1.2287123934741704e+16,11204969932.05,4.176834914726472,1.122395012808313e-15,0.0013226363495653947,1.0568996558878458e-09,1178405404934.9912
78,28638.0,25.551968,4.975656165506096e+16,0.05639779620623004,4.73656865700177e-08,109821694522506.0,3898526507.28,4.176834914726472,5.135396649217821e-16,0.0007299504670843517,5.66935192051667e-10,1421410101195.4578
79,6.0,65.32272,2.103030597180697e+17,0.8952747538474645,7.169878658869084e-07,2882289960100612.5,12329201034.91,4.176834914726472,3.1061231390342596e-16,0.001189660030573402,9.54170191563376e-10,3830047867784.4214
80,4031.0,24.654743,2.133030604406268e+16,0.02354722197553622,1.7418126399733064e-08,20372122768656.15,2532195075.73,4.176834914726472,1.155855098800267e-15,0.0006213828118327734,4.4722487355758947e-10,537595769986.865
81,84861.0,1.3638129,5079375155542105.0,0.0003840729053449403,2.8015256142462307e-10,1430438422547.524,29101155.84,4.176834914726472,2.685001320510741e-16,8.036256659754812e-05,7.522003095466983e-11,299301776813.5084
82,9012.0,43.310936,2.4903090700431052e+16,0.05620590073292243,4.1163961997036005e-08,32317487755318.688,2769494048.48,4.176834914726472,1.7391791453118838e-15,0.0009335424550114599,6.824989515340659e-10,536771877427.296
83,13053.0,30.347296,3.2734064289615172e+16,0.890917387455337,7.404257563341314e-07,960986673662753.6,7226797604.97,4.176834914726472,9.270861000180668e-16,0.0009484826782977666,7.313617086546476e-10,1023079386347.4847
84,33182.0,15.153672,1.664853739046699e+16,0.022829731286802987,1.6531191889689876e-08,25081817459336.164,852560327.35,4.176834914726472,9.102104073524828e-16,0.0004949730334126792,3.6612756020858754e-10,543800674453.2848
85,16500.0,47.228775,3.730802245744754e+16,1.6669499017221183,1.0557117768469868e-06,1316794779642045.5,6314026676.71,4.176834914726472,1.2659147252810785e-15,0.0012497304324858621,9.009350597469192e-10,987215337279.8291
86,45735.0,9.323557,2.1482317570253988e+16,0.010751209203094204,8.047608831289236e-09,24771757212950.703,438556998.02,4.176834914726472,4.340107611531676e-16,0.0004431632604645092,3.1879945898054213e-10,1021088185203.112
87,76982.0,1.9305917,1.1494480590837664e+16,0.004224826569022104,2.948965945012207e-09,25154043186490.367,75570202.83,4.176834914726472,1.679581504134157e-16,0.00025341938349419024,1.6995981374268224e-10,1508824566538.858
88,54869.0,1.4481622,3847230152452100.0,0.0005951745660888708,4.970218231246177e-10,1581158199426.6243,33256991.6,4.176834914726472,3.7641683564914574e-16,8.182079441569492e-05,7.326344998300793e-11,217367520968.05585
89,64655.0,3.4196534,8721842945493111.0,0.003733488661222363,2.56183325495384e-09,9522281334699.238,109743501.0,4.176834914726472,3.920792224041431e-16,0.00016949660217387505,1.2190809080449833e-10,432301923918.74115
90,75947.0,2.8693135,1.3951841795984304e+16,0.0034474694496283284,2.5546213953824636e-09,16763085789581.207,125910509.21,4.176834914726472,2.0565840280857124e-16,0.00023274415766882768,1.8397926556896406e-10,1131702641323.477
91,83513.0,1.7025386,1.021266030481964e+16,0.002081749166025682,1.4921664860609652e-09,12487350990140.178,63485483.17,4.176834914726472,1.6670862920962175e-16,0.00013526245951270947,9.280408037498291e-11,811370474066.0339
92,58951.0,12.470779,6.067410511437675e+16,0.015840808573683925,1.1409362532751835e-08,77070316497182.64,1649713429.67,4.176834914726472,2.0553708994127455e-16,0.00044152254720592426,3.4372540877859006e-10,2148140500247.7888
93,39836.0,23.299143,3.927771693901742e+16,0.03793676977533164,2.9224065452164102e-08,63953841770753.016,2232995231.35,4.176834914726472,5.93189849506127e-16,0.0007265715510699456,5.510126019439667e-10,1224854996549.365
94,29872.0,28.825369,6.240459084903677e+16,1.871413183271401,1.6884323743426042e-06,4051458075403830.5,7107088119.85,4.176834914726472,4.619110326311021e-16,0.0009049734269137149,7.086602759508313e-10,1959194223525.8481
95,10046.0,80.60199,4.887810247465411e+16,1.3349998796050064,1.1929382838742292e-06,809561413049285.9,11835820064.56,4.176834914726472,1.6490408980544285e-15,0.0014447159759864861,1.1001889686103974e-09,876094690975.2153
96,79002.0,2.3780646,1.0283835341901008e+16,0.002618091727578675,1.8002775042248102e-09,11321822054965.303,105561395.39,4.176834914726472,2.312429673305529e-16,0.00013561214544556666,8.357263589161142e-11,586448734035.2899
97,2142.0,95.380554,3.91294232549749e+16,184.72416200984568,0.00017577132715405666,7.57822178376507e+16,47151372911.51,4.176834914726472,2.4375660581164678e-15,0.0017088763597481228,1.2544951061772041e-09,701058481700.631
98,23925.0,9.146611,9584775835662410.0,0.010174676347985028,7.746502681403655e-09,10662090253521.523,908725197.66,4.176834914726472,9.542853329931708e-16,0.0004102663181369168,3.1551844741899407e-10,429919966232.83826
99,20502.0,16.032494,3.0159744407150804e+16,0.029810806295619496,2.240539056980536e-08,56079004205270.01,2413821301.93,4.176834914726472,5.315858710062123e-16,0.0006108730766439949,4.6392310321728843e-10,1149152206562.044
100,98184.0,0.98992217,5508067812575198.0,0.00028284028443801277,1.9937195271410455e-10,1573763588719.9414,12721006.6,4.176834914726472,1.7972221905837062e-16,6.471691841691593e-05,4.290156898013509e-11,360094142816.5708
101,9921.0,24.571104,1.0508952524601092e+16,6.481996612211231,5.624911334506782e-06,2772321286921131.0,9897754106.04,4.176834914726472,2.3381116188773237e-15,0.0010189097091966367,7.806821781130262e-10,435783176889.51056
102,33219.0,12.122452,1.323372465384401e+16,0.019432022836149126,1.3901877256589687e-08,21213368358217.17,735496865.9,4.176834914726472,9.16027219629266e-16,0.000516853523090263,3.6842098103525885e-10,564233804427.1693
103,27111.0,28.222448,5.4803155684206264e+16,0.5557411665650379,4.804583190614824e-07,1079154071659063.0,5566546569.5,4.176834914726472,5.149785198981422e-16,0.0008857158129219625,7.225745422244017e-10,1719908265488.721
104,12549.0,112.6759,2.3730564956183994e+17,6.290167411309176,4.554678257552044e-06,1.324766221874812e+16,26227951613.87,4.176834914726472,4.74813390275555e-16,0.0018376959561822155,1.422173152468553e-09,3870354109254.838
105,89226.0,1.4090714,7989627870151586.0,0.0015711392845633796,1.03339478236234e-09,8908574977703.473,63626385.26,4.176834914726472,1.7636258195004843e-16,0.00010798509534331544,7.802960135571138e-11,612290283740.0073
106,26044.0,19.590582,2.0260109113806804e+16,0.03583380976023714,2.715954574325818e-08,37058464914712.57,1894066761.42,4.176834914726472,9.669534300113648e-16,0.0006924204459353631,5.225716196447047e-10,716084585301.3055
107,31413.0,7.6191025,1.0506597290729946e+16,0.011626516255180389,7.87663193031752e-09,16032744563720.719,296512976.15,4.176834914726472,7.251731734995112e-16,0.00035838120302244636,2.326742817531656e-10,494200855904.50757
108,79579.0,1.8754048,9596535398522604.0,0.0018842251524494983,1.3831046958847524e-09,9641669560762.7,73831180.91,4.176834914726472,1.9542519483528614e-16,0.0002077508748970431,1.639401607248414e-10,1063071090051.3398
109,8173.0,21.340525,2.747690770865265e+16,0.03291147234773069,2.5206822503050202e-08,42375034740451.31,2727784563.05,4.176834914726472,7.766712770694985e-16,0.0006921715934223802,5.432082453607763e-10,891202769895.201
110,14745.0,30.990084,3.012876485049775e+16,0.26908579504322117,2.0126054669556634e-07,261606991561121.44,5107377710.65,4.176834914726472,1.0285879342806188e-15,0.0008339476548352233,6.471380757198926e-10,810769431607.688
111,19881.0,12.078154,1.1856356939687426e+16,0.01324757066299614,9.192641940946878e-09,13004299031475.658,630314635.09,4.176834914726472,1.0187070161130306e-15,0.0004417525136003733,2.9928425335881427e-10,433640395730.18774
112,2859.0,16.198036,1.424183674230008e+16,8.752729316736131,8.77329330055043e-06,7695682487586749.0,8799212436.48,4.176834914726472,1.1373558265760593e-15,0.000918411521903354,6.912349773261213e-10,807497091449.539
113,174657.0,0.48137072,6520166039275306.0,0.0006411260832620724,4.047042853160314e-10,8684052314147.725,9463515.5,4.176834914726472,7.382798491639374e-17,4.416635950872597e-05,2.817348024911156e-11,598233306228.553
114,41285.0,6.3372893,1.552514474190692e+16,0.0078046407900173335,5.6907648164239934e-09,19119874789937.375,204136783.8,4.176834914726472,4.0819518306285397e-16,0.00027633769446555275,2.054411036832462e-10,676974413054.2623
115,87777.0,0.9298955,8586612344091155.0,0.0007755571536409542,4.894606624779937e-10,7161459141378.378,29317892.54,4.176834914726472,1.0829596850728962e-16,0.000154559134641776,9.691479198388455e-11,1427191951576.409
116,6558.0,2.5922828,6205330875770665.0,0.0016829425948231996,1.2068283317916123e-09,4028578844023.499,152428347.93,4.176834914726472,4.17750938974395e-16,0.0001418803317218249,9.326547833942933e-11,339628995377.36554
117,40753.0,6.3226852,9960680866869392.0,0.009543004414856312,8.456464538787957e-09,15033932337404.59,491046622.27,4.176834914726472,6.347643584315735e-16,0.0003329452736132557,2.9577315943699675e-10,524517908402.9284
118,12883.0,45.78074,6.301566295101313e+16,2.8105596564787283,2.2750329694971506e-06,3868641704270808.5,7095613413.55,4.176834914726472,7.264977920741523e-16,0.0011624193957526022,8.872137907097966e-10,1600031560225.2458
119,63320.0,3.3931236,1.2372492828293188e+16,0.004124861184699349,3.1246986324014162e-09,15040659121700.617,275542937.15,4.176834914726472,2.742473685044834e-16,0.00022551828425230766,1.8002150748234805e-10,822317039839.2386
120,91213.0,0.71008015,5909365570653323.0,7.858250457697088e-05,4.3589628743749845e-11,653972297356.6559,9222226.05,4.176834914726472,1.2016182473569588e-16,8.996829739502966e-06,5.079008850080726e-12,74872612489.79953
121,12132.0,16.787905,1.533772605290258e+16,0.028447989039465462,2.1230846066938652e-08,25990584450132.19,2242804394.89,4.176834914726472,1.094549801065392e-15,0.0006332748753119017,4.781042095324722e-10,578571093517.624
122,40978.0,6.7729425,1.3774862068941808e+16,0.008015757363188422,5.47381258059761e-09,16302508408424.434,356806147.42,4.176834914726472,4.916885894103403e-16,0.0002778977488691653,1.868026606490206e-10,565190559338.4531
123,64918.0,1.5097383,5994912382700737.0,0.0006465671245314393,5.787384862643715e-10,2567407385174.4604,35524357.25,4.176834914726472,2.5183659136647057e-16,9.073236290650942e-05,7.427914389687871e-11,360282683363.0242
124,53184.0,2.9166424,8125338520295845.0,0.0037897328149853315,2.61139762539851e-09,10557640533247.928,240669704.07,4.176834914726472,3.589564167344753e-16,0.0001466434326823071,1.0339652139140503e-10,408527124313.20355
125,8596.0,34.543186,1.429113023083874e+16,7.662203469223176,6.486507023075585e-06,3169989810258173.5,10360374429.47,4.176834914726472,2.4171066558094527e-15,0.001084059784953589,8.059998253255962e-10,448494807768.6517
126,7895.0,52.210213,3.3020779918061984e+16,0.08046262884688202,6.284867681374282e-08,50889253387677.164,5030301528.25,4.176834914726472,1.5811320365404702e-15,0.0010631128875673852,8.580319456566255e-10,672374515852.2528
127,41050.0,1.3540939,6137514091150030.0,0.0006171804131557957,4.2611894727904076e-10,2797408276136.162,79025474.23,4.176834914726472,2.2062579081529634e-16,6.067968785934255e-05,4.015483151863749e-11,275034426551.43805
128,70040.0,5.0072494,1.4784129057898604e+16,0.006694429303859854,4.777570971567145e-09,19765603606092.08,161090900.47,4.176834914726472,3.3869086101658555e-16,0.0002303953343689753,1.7096676363042656e-10,680252586909.0188
129,87015.0,1.4999006,6096199156743727.0,0.00035602055193382744,2.224821058787916e-10,1447010680896.0774,9168805.2,4.176834914726472,2.4603864825196573e-16,0.00012749751244780328,6.876130881010438e-11,518201158044.2206
130,22193.0,45.680103,7.028233758914483e+16,1.3754946712702105,1.1433404289176916e-06,2116303915476782.8,5793761053.15,4.176834914726472,6.49951389878861e-16,0.0010515670569956476,8.043867411039558e-10,1617916467863.297
131,82968.0,0.7408208,6133515989480425.0,0.00041256572739198745,3.789584966992041e-10,3415776778500.789,6366894.3,4.176834914726472,1.2078240299211406e-16,7.46897937712805e-05,6.850720576540272e-11,618383075025.8962
132,49639.0,7.0199046,2.0369967128025004e+16,0.011034850927331061,8.092867641419841e-09,32020314158171.03,545535756.7,4.176834914726472,3.4462032048849083e-16,0.0003786829851448389,2.8188075480428324e-10,1098841138003.891
133,108157.0,0.80831015,6605828698669456.0,0.00046778266939868137,3.091392845073001e-10,3822904094738.902,21623078.6,4.176834914726472,1.223631715068254e-16,4.4378920418989995e-05,2.693729586533606e-11,362682005316.5633
134,106302.0,0.9340235,5458238459210796.0,0.00018741126361282936,1.7552948630683281e-10,1095192323042.0199,6335624.34,4.176834914726472,1.7112178351677402e-16,2.583889467517628e-05,2.574006576491364e-11,150997109451.25494
135,47069.0,2.6281462,6589662030305734.0,0.002455646785412122,1.8667456661758807e-09,6157146958442.644,131796282.7,4.176834914726472,3.988286786049428e-16,0.00018141008786416097,1.4223968593945142e-10,454857179525.5867
136,2.0,30.087029,2.557101345270975e+16,0.5259792911522979,4.6787709924772986e-07,447030630040013.25,3473763143.69,4.176834914726472,1.176606826930893e-15,0.0008018908133268694,6.514277473347808e-10,681528268383.8854
137,8894.0,68.02259,4.560459187256793e+16,18.612494773284286,1.5888380589949822e-05,1.2478431472043826e+16,25611638201.83,4.176834914726472,1.4915732650359917e-15,0.0015463016247901898,1.184539852351449e-09,1036691700660.6963
138,37785.0,5.379467,7159200347104378.0,0.0067330066433149765,4.81310718780008e-09,8960542651879.203,415389541.04,4.176834914726472,7.514061262688072e-16,0.000290108548977862,2.117139623417888e-10,386087548179.0774
139,34227.0,4.3322763,7744461674318392.0,0.004711439367942194,3.334367215268846e-09,8422260975345.267,261257518.27,4.176834914726472,5.594031557243511e-16,0.00028427724129250083,2.0156506222642592e-10,508179545259.09033
140,94441.0,0.4206328,7961206045528152.0,0.000394900436080233,2.7173338189022605e-10,7474176381641.314,11446859.76,4.176834914726472,5.2835311332793786e-17,7.213886225160621e-05,5.193567578257486e-11,1365353216094.917
141,642.0,7.5705204,1.6399040663787412e+16,0.011589736949002949,8.593301290686765e-09,25105350420731.816,577797064.9,4.176834914726472,4.616441019453856e-16,0.0003864614496196877,2.8285837410914017e-10,837141529570.3435
142,27408.0,141.785,1.3433893751060509e+17,0.06547130667024886,4.856263132662097e-08,62032977927934.72,2589496651.26,4.176834914726472,1.0554274332325064e-15,0.0009690240963731499,7.256859691009589e-10,918134270401.9688
143,9122.0,55.896362,4.207344332526499e+16,0.1124309091802979,9.28726444450736e-08,84627251508877.78,4311525356.41,4.176834914726472,1.328542605079209e-15,0.0009569275955889618,7.415897063702909e-10,720283709329.6748
144,79184.0,2.336944,8726077127734653.0,0.0036651242433695668,2.5689220701733015e-09,13685461367654.918,163444717.5,4.176834914726472,2.678115223818433e-16,0.00020902996409770904,1.3875114307366776e-10,780511466566.6847
145,62616.0,4.769551,1.6274718024696514e+16,0.004901709462942579,3.4292780131230833e-09,16725670686481.193,344682214.52,4.176834914726472,2.9306504682676007e-16,0.00023451246906351796,1.603738062292488e-10,800206205423.5544
146,14326.0,28.291048,2.7854945573258852e+16,2.994761312418395,2.3719253253023835e-06,2948597498484879.5,6831777492.93,4.176834914726472,1.0156561938200235e-15,0.0008695345625116276,6.496888759691898e-10,856130812574.6644
147,14570.0,5.789146,4220646169912827.5,0.0060267430682625555,4.51101757269407e-09,4393869155849.764,517045638.49,4.176834914726472,1.3716255205822117e-15,0.00027747769766563825,2.068189174530297e-10,202298436054.07526
148,20554.0,101.3753,9.588523941957848e+16,0.08921123385865905,6.667610511265557e-08,84379928024415.52,5063243029.91,4.176834914726472,1.0572565768584868e-15,0.0012362142113684221,9.220976826650571e-10,1169266040455.087
149,78687.0,2.740384,1.323692738589516e+16,0.003551669910594718,2.216516109188886e-09,17155696685286.09,121298985.2,4.176834914726472,2.0702568807018343e-16,0.00015435446776092108,9.167329588299099e-11,745581232936.6278
150,15971.0,15.659639,1.7146065596213842e+16,1.7938633964196415,1.5610509621191078e-06,1964138475073284.2,5102651973.59,4.176834914726472,9.133080071417625e-16,0.000773297894464277,5.680662895497869e-10,846700005274.6134
151,30193.0,22.974804,2.607043622849596e+16,0.03646421981803747,2.6901952219710794e-08,41377420124585.37,1887664799.28,4.176834914726472,8.8125890179343e-16,0.0007427468711059367,5.451799022884345e-10,842824815266.421
152,70893.0,1.4489235,9815777223618062.0,0.001335886535962534,8.870713649287572e-10,9050004802212.865,40957604.1,4.176834914726472,1.4761169360218343e-16,0.00017137467880619595,1.358676905594358e-10,1160983080839.4778
153,142506.0,0.49300376,6036546297001878.0,2.350761149135678e-05,2.4715845603693328e-11,287837125419.7099,951115.0,4.176834914726472,8.166983830553179e-17,4.435584702662173e-06,4.6635629788849645e-12,54311172823.29351
154,16729.0,11.405162,7697483970633863.0,0.019215519844979993,1.401339489503456e-08,12968790447179.127,1180437495.66,4.176834914726472,1.481674017576528e-15,0.0005059494634950181,3.779780700758021e-10,341471509585.19525
155,48495.0,9.478121,1.617553364225433e+16,0.012067847253614709,8.650936931714223e-09,20595207556479.945,640541516.95,4.176834914726472,5.859541459108897e-16,0.0004314207527599788,3.058217124981415e-10,736270501319.3782
156,47358.0,5.3001947,9374658721145936.0,0.00867765117547312,6.492452102640007e-09,15348496211131.9,226660778.19,4.176834914726472,5.653746827118754e-16,0.0002876298835585795,2.2945887365447131e-10,508742064959.35474
157,13352.0,90.38026,5.712734747942523e+16,0.1789186502277955,1.3226766349500026e-07,113090490137038.95,8251947955.36,4.176834914726472,1.5820839578198694e-15,0.0016738586856533096,1.2783948462326695e-09,1058008759509.7715
158,24933.0,24.956459,5.116033840371556e+16,2.326141584167715,1.9682792714864033e-06,4768552727010483.0,6004538035.21,4.176834914726472,4.878087162571918e-16,0.0008621938640997615,6.656923690473967e-10,1767483514265.8237
159,31523.0,17.081188,2.378958397205764e+16,0.023240096947908212,1.7681465810676474e-08,32367317651501.92,1379227634.85,4.176834914726472,7.180112111276485e-16,0.0005386026454687187,3.814693413196867e-10,750131247425.5581
160,28321.0,19.494818,1.6056610142966888e+16,0.03020121372962129,2.2267385682511158e-08,24874770038937.94,2096966144.77,4.176834914726472,1.2141303691389128e-15,0.0006197624222297651,4.679709867661132e-10,510457886552.42505
161,20966.0,10.84897,1.9817047109904244e+16,0.011251289776491799,8.043906813611087e-09,20551936225090.676,389838619.98,4.176834914726472,5.474564368663108e-16,0.00040960947727832603,3.099545945915556e-10,748204696656.7185
162,80360.0,3.4885461,1.9971400905711452e+16,0.005458869284266179,3.805135351172692e-09,31251204324906.008,139410103.41,4.176834914726472,1.7467708532165815e-16,0.0002299680767125299,1.5162996290007202e-10,1316532596642.865
163,638.0,3.7417152,2795606798945022.5,0.0033216120319756897,2.239030940001684e-09,2481728481111.772,274353635.97,4.176834914726472,1.338426849373814e-15,0.0002277376046973846,1.447529190126655e-10,170153195001.97726
164,89946.0,0.82921743,4820741973775043.0,1.0672749020773266e-06,1.0730748192392252e-12,6204713904.77262,4056737.5,4.176834914726472,1.7201033254029435e-16,2.2339262443428402e-06,1.283618907486937e-12,12987163104.399736
165,14045.0,9.594655,7792205193631622.0,0.00776406115856488,5.389235338522675e-09,6305506314030.344,409582918.41,4.176834914726472,1.231314468956936e-15,0.0002954838609944075,2.1261214127260189e-10,239974326984.65408
166,68892.0,1.3253723,4613561686841360.0,0.0008218742971795783,5.473736197983521e-10,2860907662599.688,44086284.3,4.176834914726472,2.872774636958211e-16,7.622913526011277e-05,5.769795261786068e-11,265350209791.69705
167,7827.0,104.199974,1.2762722223801605e+17,0.3949796602029059,3.104288055154927e-07,483782816224237.6,6270417590.19,4.176834914726472,8.16440036637906e-16,0.0014019550652921602,1.0502354531375658e-09,1717156193203.6072
168,32661.0,21.530453,3.691932447336361e+16,0.042779323618499045,3.217392342423934e-08,73355805817109.06,3274993255.73,4.176834914726472,5.831757028906013e-16,0.0006709083482653957,4.79082411299308e-10,1150439472940.8887
169,24807.0,5.4739633,1.3650964124358912e+16,0.007917528373039847,5.739324447622207e-09,19744724224577.965,152864606.56,4.176834914726472,4.009946294000002e-16,0.0003588032624260552,2.552254100841206e-10,894783211842.3256
170,1787.0,34.82821,4.383609440404036e+16,5.767057267402923,5.251376614027493e-06,7258635077926244.0,8509647555.4,4.176834914726472,7.945098776133189e-16,0.0008420050107094265,6.830442583024864e-10,1059779160000.8566
171,16019.0,61.557796,6.404734374300968e+16,2.5990275174426514,2.2868818036834347e-06,2704138543348604.5,10074621857.77,4.176834914726472,9.611295707594214e-16,0.0012344143101363355,9.707296922978106e-10,1284337042258.4985
172,4687.0,1.4802822,4077394980491979.0,0.0006441331442161223,4.890292845065803e-10,1774246322083.271,39588833.34,4.176834914726472,3.630460642352066e-16,7.764184099762493e-05,6.085199541618601e-11,213862230296.27203
173,17255.0,13.208003,1.594283427713669e+16,0.009279824423147471,7.14417664317805e-09,11201292345191.451,237219883.69,4.176834914726472,8.284601577362779e-16,0.0004186157761533452,3.11696987614512e-10,505293793846.63464
174,1534.0,55.136425,1.621576508776987e+16,24.608891283314442,2.0203609194016734e-05,7237538525950759.0,14457456985.43,4.176834914726472,3.400174133108562e-15,0.0015357581662387844,1.1541093165119511e-09,451670445723.53674
175,64055.0,0.94342613,6057916036986708.0,6.32851412503229e-05,7.15684401610492e-11,406365755507.8532,1957179.7000000002,4.176834914726472,1.5573443478580684e-16,1.9746251171654144e-05,2.235615360041468e-11,126794380438.80682
176,63392.0,1.762272,6118994172626373.0,0.0005561566798715221,3.7617419385004243e-10,1931097743822.222,22178705.46,4.176834914726472,2.880002742744244e-16,0.00013066763418335768,6.510601540013854e-11,453706631052.891
177,52878.0,3.1205113,9240779607206310.0,0.003426259786101037,2.68193030971419e-09,10146193529372.42,180232514.44,4.176834914726472,3.3768918128579833e-16,0.0002677991420241098,2.0884632813144658e-10,793034414085.8391
178,20637.0,29.594585,3.629730977846079e+16,0.34477913297153834,2.9842980312979687e-07,422866378920909.06,5307834401.04,4.176834914726472,8.153382490501194e-16,0.0008433371808220064,6.405120114530687e-10,1034340265288.0643
179,33056.0,9.80137,1.6106430155418464e+16,0.012877274719452285,9.593021884619176e-09,21161013803273.84,984346689.73,4.176834914726472,6.085377023599895e-16,0.00038981745547433456,2.9776611062424817e-10,640580614746.7462
180,3590.0,47.735786,4.3943652393755976e+16,0.09578400269545535,7.746348060386909e-08,88174915970414.22,5275931027.12,4.176834914726472,1.0862953668999724e-15,0.001010605840554902,7.655485075867775e-10,930323254014.1727
181,16087.0,12.814271,1.2713008426848122e+16,0.016925756934270394,1.1721577448761008e-08,16792004050496.713,556806374.17,4.176834914726472,1.0079652722433523e-15,0.00044492871590078915,2.967687756997853e-10,441412743229.28296
182,22777.0,41.823776,5.783871882533063e+16,2.240868576425434,2.0496108518952748e-06,3098930319356855.5,6036982003.86,4.176834914726472,7.231103463115293e-16,0.0008737034984571517,6.8965470882797e-10,1208257498891.8
183,92506.0,1.3979234,6811359030599767.0,0.001426575168073667,9.228891767082673e-10,6950964304544.835,27175376.54,4.176834914726472,2.0523413810957304e-16,0.00011033279977427308,7.204661579249493e-11,537594772441.6451
184,69971.0,4.2703133,9896919599944662.0,0.0038907331007726384,2.6340378390968884e-09,9017200841725.172,99908238.61,4.176834914726472,4.314790331351057e-16,0.00024108705023348135,1.755624479626399e-10,558745690333.4435
185,29938.0,6.490752,1.2154279959432424e+16,0.006404693588119162,4.941693097771634e-09,11993130984573.45,275597619.74,4.176834914726472,5.340301541238402e-16,0.00025741333710105796,1.9117366728841485e-10,482020228845.28815
186,45566.0,2.2000015,3837451894084135.5,0.0013753515207735783,8.108781477107513e-10,2399018954498.0146,49385466.02,4.176834914726472,5.732974798697933e-16,0.00011276375363874695,6.540763054048657e-11,196693265884.15796
187,25199.0,43.530163,6.697184670256678e+16,0.2505100069572796,2.2372044856401727e-07,385413621892522.4,5663048113.81,4.176834914726472,6.499770447323151e-16,0.0009202699911619119,7.12300126062231e-10,1415849988272.9143
188,21028.0,32.827885,2.4282035071373636e+16,0.049778883621974045,3.886864146612822e-08,36820300726732.79,3576386531.43,4.176834914726472,1.3519412563035609e-15,0.0008007389063831713,6.223865356113734e-10,592288239337.0616
189,21618.0,23.967773,3.834646914239753e+16,0.6269807879704183,5.091214811144203e-07,1003117788155943.1,7325824661.37,4.176834914726472,6.250320703842896e-16,0.0008691929484811623,6.714852933042496e-10,1390637360330.5745
190,41450.0,7.3984027,1.7411726343461726e+16,0.013822356551067665,9.982342347565274e-09,32530141903325.38,400532001.81,4.176834914726472,4.249091993556499e-16,0.0004985395943877541,3.5188941111790107e-10,1173285010406.3652
191,36605.0,23.173532,1.0605413205431518e+17,0.16929241498311917,1.33563550956546e-07,774770118530642.9,4376322157.47,4.176834914726472,2.1850663949738207e-16,0.0006574249314935036,5.070881371759021e-10,3008718330050.4707
192,68909.0,1.8052175,5289530080168793.0,0.0006193850626780762,4.0778587256900657e-10,1814881542109.423,22210842.6,4.176834914726472,3.412812617831628e-16,4.317742172284024e-05,2.6476215862862323e-11,126515653092.82506
193,161811.0,0.35517254,6135494928792545.0,1.0439190170290071e-07,8.790047219258358e-14,1803337565.187774,1187614.8,4.176834914726472,5.788816454451822e-17,2.062492995079421e-07,1.736668316258286e-13,3562892365.4908504
194,6269.0,131.321,1.3283260653346171e+17,78.85115342998803,7.646252339298209e-05,7.97587913454453e+16,37589051482.69,4.176834914726472,9.886202147732384e-16,0.0018179054176629221,1.3548587260859517e-09,1838830918584.745
195,66038.0,4.7994647,1.3633002573444956e+16,0.005555753335376578,4.170207334444941e-09,15781259838959.602,183953119.91,4.176834914726472,3.520475166159388e-16,0.00020878045163052534,1.5683579477748607e-10,593046227501.9863
196,28097.0,2.876931,7679148661782810.0,0.003037348286808048,2.0925971430249657e-09,8107336961508.751,189236109.51,4.176834914726472,3.7464192018026183e-16,0.0001710103464547369,1.2178459907462613e-10,456463458153.46545
197,8072.0,1.9300857,4534573140314915.0,0.002694279778861286,1.8046245439657662e-09,6329982506848.27,201036976.28,4.176834914726472,4.2563779219711967e-16,0.00010739248035833792,7.048365528869797e-11,252309551282.99026
198,13730.0,23.896088,2.5526311339995388e+16,0.03863940771141688,2.9454397693822228e-08,41275440199025.29,4456041282.44,4.176834914726472,9.361355693628517e-16,0.0007265950275108347,5.554182262464346e-10,776164319880.8976
199,125369.0,0.6520686,5678519971582116.0,0.00027936138842377226,1.9988863474127247e-10,2432810326173.197,14825049.700000001,4.176834914726472,1.1483073111713024e-16,4.166765688570112e-05,3.051100812508207e-11,362861548301.0298
200,43320.0,15.403542,2.870131383246186e+16,0.021456887954573598,1.6019541322938736e-08,39980471702689.38,845899052.73,4.176834914726472,5.36684212085728e-16,0.0005649999047829768,4.0705538626636053e-10,1052760435391.2422
201,51677.0,4.568261,9508346098259186.0,0.006049526116553215,4.376447016957687e-09,12591440823246.705,323511020.0,4.176834914726472,4.804474882163123e-16,0.0003106127655885498,2.206496530227497e-10,646507210895.6521
202,5398.0,98.99516,3.761697305546707e+16,1.2660089098358613,1.0376007781478776e-06,481068196155012.44,7739507070.28,4.176834914726472,2.6316620386767804e-15,0.0016012225783903996,1.1866003892319342e-09,608445368310.099
203,4329.0,134.58488,6.170318403851027e+16,9.387896351833538,7.167917088914864e-06,4304072614484212.0,34747731390.52,4.176834914726472,2.181165884664926e-15,0.002210455455437478,1.5997838984532722e-09,1013428401286.8887
204,3589.0,50.5498,1.5996254499484384e+16,0.19947759003336296,1.4406281186803281e-07,63123776891649.1,7591668556.17,4.176834914726472,3.160102260290332e-15,0.001085959233878263,8.515580236819107e-10,343646864699.40094
205,35610.0,19.65151,3.0890065839017304e+16,0.04191543131350545,3.1997212650004177e-08,65886562047648.805,2143905573.76,4.176834914726472,6.361757240147458e-16,0.0006639908974066449,5.03468186307399e-10,1043722469031.6138
206,66895.0,5.1295524,1.9867361111054012e+16,0.007164124446157686,5.253538259887952e-09,27747498478881.82,300006644.16,4.176834914726472,2.5818992121434612e-16,0.0002789412282282182,2.1198700878494246e-10,1080372258205.4031
207,11873.0,212.71297,2.122278019180466e+17,3.5702040146687066,3.0930643340452274e-06,3562060886236156.0,18539485598.53,4.176834914726472,1.0022860722184777e-15,0.0021135665338386793,1.7073276164192312e-09,2108745788675.3567
208,9013.0,4.8607016,6751867026492156.0,0.006297446297999402,4.688872182107317e-09,8747609606515.912,312233377.72,4.176834914726472,7.199048175753712e-16,0.00032572580218165955,2.3046092856382212e-10,452456761268.3844
209,17185.0,8.970904,1.3444562801203324e+16,0.0132160864988473,9.775608842147734e-09,19806755809658.41,890719630.63,4.176834914726472,6.67251448235794e-16,0.00044513490612112694,3.0728649254230447e-10,667117182432.5883
210,19950.0,16.887999,4.4544350439020616e+16,4.425979016063535,4.37695920108449e-06,1.1674110137458308e+16,12005678911.55,4.176834914726472,3.7912774198198213e-16,0.001087136527107843,7.938503265036046e-10,2867467628257.8887
211,4030.0,29.128042,1.8227294357932516e+16,2.868933529084245,2.2726202099498352e-06,1795276727764972.2,5356815064.22,4.176834914726472,1.5980452955884526e-15,0.0007889666656537403,5.855205759124982e-10,493707323460.57623
212,47790.0,4.646641,9595292732528712.0,0.0072134044144971975,5.1694332860399605e-09,14895647620553.318,342830537.53,4.176834914726472,4.842625576442876e-16,0.00032577376863944215,2.1448629648389164e-10,672721364674.9403
213,45803.0,3.33663,1.085090594598707e+16,0.0031240418339539408,2.6142275446085534e-09,10159557431169.523,117751304.39,4.176834914726472,3.074978270578382e-16,0.00016759770702109772,1.4174746037534534e-10,545037045057.14685
214,7410.0,60.45208,3.952082637912897e+16,9.972871495905974,7.582749165137108e-06,6519810780556503.0,15800343518.56,4.176834914726472,1.529625909642539e-15,0.0015148816309637327,1.1095627835958464e-09,990360859746.2552
215,20581.0,26.06038,1.5343892862786492e+16,0.050293717603920686,3.723059878768253e-08,29612055334028.05,3744204884.7,4.176834914726472,1.6984203574051393e-15,0.0007763404403619282,5.717594114349103e-10,457095581183.4636
216,16152.0,42.86773,6.8218294765807896e+16,0.1615063890565128,1.3778847267741016e-07,257015952447643.97,6099039600.35,4.176834914726472,6.283905240839587e-16,0.0009471921163447019,7.650351357879893e-10,1507330362318.0486
217,87724.0,2.2015557,8983231595079882.0,0.0033135040966252964,2.278068813078073e-09,13520427709928.477,97671222.51,4.176834914726472,2.450739109526902e-16,0.00025245014784272774,1.6868716730035185e-10,1030098009459.1198
218,44398.0,4.2682643,7227324298632550.0,0.004327041590049726,3.1730465642586334e-09,7326850126164.87,138466744.44,4.176834914726472,5.905732361847357e-16,0.0002728016655783877,1.790509621370125e-10,461926902310.64465
219,11815.0,14.560885,8556670341944849.0,2.3620386292797346,1.8880544495215383e-06,1388046529155746.2,4911411419.8,4.176834914726472,1.7016998923778161e-15,0.0009029264181266312,6.844707121763675e-10,530602618106.15485
220,23613.0,27.271036,2.673385912484735e+16,0.03912203294880293,2.843131356203846e-08,38351418608773.58,2403400475.11,4.176834914726472,1.020093502873791e-15,0.0007125761873547419,5.205451797213132e-10,698540070441.8602
221,43011.0,5.7212067,1.146727217633603e+16,0.00865633209475595,6.678619744274449e-09,17350276154035.74,977307614.0,4.176834914726472,4.989160989660937e-16,0.00025501302211576105,2.1033766561919063e-10,511134081750.87115
222,51115.0,9.072851,3.210422034699425e+16,0.011981423460092063,9.222835703935843e-09,42396183827271.26,682319353.36,4.176834914726472,2.8260617769057407e-16,0.0004090814628051261,3.411260597146051e-10,1447531919323.54
223,18403.0,19.347736,2.051332945265382e+16,0.4906153886346728,4.3431131134462967e-07,520172236255695.94,5040894940.85,4.176834914726472,9.431787289652765e-16,0.0007642835553106473,5.595743275503104e-10,810327387417.984
224,16331.0,45.053467,2.828082597391643e+16,0.22381134315860063,2.052498376251905e-07,140490179076715.16,5018442444.69,4.176834914726472,1.593074652117766e-15,0.0008741412045633373,7.000650413006591e-10,548713271786.28516
225,83645.0,0.90116143,5473397020956289.0,0.0002753795317111766,1.9104884076883042e-10,1672576586528.2224,5392623.8,4.176834914726472,1.6464389967504183e-16,4.1605303936723546e-05,2.8496681778153057e-11,252698727489.0844
226,20503.0,5.101729,9290362462041070.0,0.007885396978800288,5.6656820680130445e-09,14359484027892.95,415505226.61,4.176834914726472,5.491420836210477e-16,0.00034735803848103604,2.494383694682848e-10,632546746719.0897
227,5502.0,12.17651,1.13897918229477e+16,0.02622903996598512,1.893683747095818e-08,24534394906943.43,1003575005.9399999,4.176834914726472,1.069072217410265e-15,0.0005496325092976605,4.000101653773768e-10,514121029755.2187
228,31175.0,12.01246,1.4756339413847566e+16,0.021098140458183454,1.587959949019231e-08,25917365935202.652,1114361188.06,4.176834914726472,8.140541948179459e-16,0.00046687362332637893,3.320362074791035e-10,573516635991.0349
229,8521.0,39.15715,1.863671206000056e+16,3.5133193413665555,2.9658237413774193e-06,1672152363996851.2,4921332213.58,4.176834914726472,2.1010760843401058e-15,0.0010672578878369596,7.929720219842723e-10,507957753549.0144
230,43709.0,1.177898,6075684396086997.0,0.0007229570071540206,4.958044235603595e-10,3729065341317.7026,31972182.84,4.176834914726472,1.93870833837027e-16,0.00014576010240580854,1.1118351899479433e-10,751841313729.214
231,119894.0,0.5294787,5030378386676873.0,0.00014543678994474257,8.076093667503609e-11,1381740350963.4995,5418430.3,4.176834914726472,1.0525623706605098e-16,1.8241932776831558e-05,9.746852780183002e-12,173309756127.6514
232,10392.0,72.01216,3.4539014650327348e+16,4.101685971558368,3.244099545309664e-06,1967281523880086.8,11011360835.83,4.176834914726472,2.0849511987834746e-15,0.0014136502426740265,1.0812011254185624e-09,678025578487.814
233,80801.0,3.2830808,1.5406365119079018e+16,0.004591251003809191,3.3189424936017026e-09,21545156402493.184,99499416.34,4.176834914726472,2.1309898698520916e-16,0.0002458176406114414,1.725483060672994e-10,1153537349422.0466
234,8172.0,39.736507,4.2580415797010696e+16,5.859419548707673,5.470922614227266e-06,6278773338409072.0,8186433627.08,4.176834914726472,9.33210873032143e-16,0.0010701255744909547,8.342461265290166e-10,1146713572907.6487
235,12928.0,4.015544,6378536298435403.0,0.005293906965966479,3.798104530151216e-09,8409166415050.418,274029352.37,4.176834914726472,6.295400405552253e-16,0.0003090000356560593,2.0042197824684355e-10,490834602646.6172
236,19683.0,43.21987,5.332317398444867e+16,0.7313637966671825,6.169522290671762e-07,902331241986871.2,5123792357.7,4.176834914726472,8.105269579902496e-16,0.0008776605405626745,7.182886040453876e-10,1082827081703.5953
237,42241.0,23.872646,4.785920685213005e+16,0.03302251243935782,2.4258010346351677e-08,66202600818202.695,740123592.01,4.176834914726472,4.988098961555923e-16,0.0006437153880596664,5.01837173624211e-10,1290502439949.3352
238,57662.0,7.9145107,1.707802102828201e+16,0.007601987891081663,5.191595866269583e-09,16403655763664.309,593949530.07,4.176834914726472,4.63432542148367e-16,0.00037505463206684596,2.7794834660690854e-10,809297142423.7467
239,10109.0,32.501324,1.564114744105447e+16,0.06005813365430481,4.879088433176617e-08,28902764808028.656,4170135902.71,4.176834914726472,2.077937320294762e-15,0.0008290987689577359,6.716890417991127e-10,399000855733.28345
240,79733.0,1.387667,6811052085798954.0,0.0009688067484964997,6.601918351180571e-10,4755170530886.147,41164726.66,4.176834914726472,2.0373754047385515e-16,0.0001016757756591067,8.244395129335247e-11,499052729421.5293
241,66720.0,2.8512754,1.1096107426088654e+16,0.002908710549658848,2.180109215981603e-09,11319623748169.662,90139007.74,4.176834914726472,2.5696176961086494e-16,0.00022825085825881235,1.7454668981958565e-10,888267770744.5293
242,59136.0,1.6771065,1.036898958800846e+16,0.0022893239063113626,1.6056504070628085e-09,14154125422637.963,130452536.82,4.176834914726472,1.6174251943887974e-16,0.00015469514222348103,1.06575186594104e-10,956428419441.9154
243,90309.0,0.58680725,5153315760022768.0,0.00024761169573806266,1.5072565922928936e-10,2174515147883.6035,14849714.7,4.176834914726472,1.1386984173417067e-16,8.181218957996349e-05,4.9236478211807666e-11,718471092380.669
244,25465.0,2.0385485,4814169568046854.0,0.0014642230302866655,1.1617578436199285e-09,3457861293581.8853,78312379.72,4.176834914726472,4.234475897007207e-16,0.00011897354599700336,9.82533924825798e-11,280964041101.49756
245,62558.0,1.4804873,5266476798923248.0,0.0011631425089573813,6.61796822044133e-10,4137599179179.331,56557370.45,4.176834914726472,2.811153179869114e-16,0.0001544373962894089,7.882501481580728e-11,549373820663.1608
246,47589.0,9.528211,1.9142261017948064e+16,0.011630879334710277,8.450225743268817e-09,23366540486276.203,594353304.53,4.176834914726472,4.977578662764137e-16,0.0004488502713602391,3.390909236056382e-10,901744204904.2067
247,20831.0,39.112946,8.660069216321499e+16,0.8693432832793576,7.852048750691499e-07,1924828931562308.2,9147113659.98,4.176834914726472,4.516470367960158e-16,0.0010864497022028592,8.423648323384387e-10,2405528241500.5615
248,78162.0,2.540498,9745280653918054.0,0.0016042764267537274,1.2228685734238835e-09,6153960375162.62,77281227.02,4.176834914726472,2.6069008068829725e-16,0.0001228231451607824,9.288757619391298e-11,471146216367.31915
249,3811.0,122.759895,7.0869254135073496e+16,0.12488093788204427,9.258012318655111e-08,72093731616412.05,7127455631.43,4.176834914726472,1.732202440934758e-15,0.001421409138873976,1.0421202834067993e-09,820579110895.9142
250,36183.0,13.535364,2.957132316321918e+16,0.01705286632440702,1.2193599819737331e-08,37256169907083.23,516638174.16,4.176834914726472,4.577192547418808e-16,0.0004764281151673249,3.5063005938619514e-10,1040874095270.4612
251,36619.0,23.036825,3.3978448872033556e+16,0.05354004345370465,4.1009352892082765e-08,78969546762549.02,2821480734.45,4.176834914726472,6.779834208076751e-16,0.000692196076042672,5.730839995996166e-10,1020963130953.9479
252,19836.0,40.26141,3.8410951657877656e+16,0.059134023202368456,4.4344627521840926e-08,56416158961198.586,3651835519.44,4.176834914726472,1.048175279764068e-15,0.0009041480060859364,6.949278181957949e-10,862592377001.535
253,17934.0,7.501517,8687279838098778.0,0.01130868172685713,8.14833846845847e-09,13096242101591.188,498115579.76,4.176834914726472,8.635058545140312e-16,0.0003610623492824607,2.501760106603683e-10,418135380779.3943
254,18479.0,23.254856,3.162590316625522e+16,2.4763920679759637,2.092896791037923e-06,3367818564152379.5,8424089532.15,4.176834914726472,7.353104155714006e-16,0.001253721153214472,1.0181776047864514e-09,1705022976235.446
255,12049.0,4.050989,7069312906649193.0,0.004343377794025671,3.1180241369823386e-09,7579555683256.404,184285309.26,4.176834914726472,5.730385758126163e-16,0.000270123449602862,1.9894128692852957e-10,471387897786.47015
256,105017.0,1.3782179,1.035705207241863e+16,0.001984629821427036,1.617198509192879e-09,14914125266399.965,44022529.95,4.176834914726472,1.3307048090163283e-16,0.0001740628722739021,1.2425092237920085e-10,1308050223419.357
257,36067.0,3.9894514,1.3530347953688254e+16,0.00694607074004616,5.127052901833309e-09,23557813995116.574,181261357.82,4.176834914726472,2.9485209202713155e-16,0.00027703425322283707,2.0726494807460058e-10,939570247978.2476
258,20162.0,9.315347,7863184881111393.0,5.127259332398381,4.493451652983151e-06,4327974906791153.0,3268894197.54,4.176834914726472,1.1846786182500845e-15,0.0007047122624228527,5.391220348692957e-10,594855221970.4945
259,52084.0,5.8776736,1.0855082072149884e+16,0.00816460978365468,5.526956305201926e-09,15078671481289.719,305648297.98,4.176834914726472,5.414674491572875e-16,0.00031001037581748184,1.9627521199254133e-10,572537419008.2272
260,44105.0,10.522862,1.9845165298313616e+16,0.014789795027806333,1.0652105002856227e-08,27892214784817.43,1044016814.73,4.176834914726472,5.302481406337392e-16,0.00043104081299727697,3.145342742047444e-10,812903959421.9187
261,22158.0,23.237133,2.4849034805824344e+16,0.0327637976480047,2.402764128921919e-08,35036540356603.14,1439004367.06,4.176834914726472,9.351322166667604e-16,0.0006563804725126836,4.933355075059548e-10,701911944443.8823
262,7159.0,37.073437,2.3435666249191828e+16,1.0564702189809894,8.919362907546014e-07,667838901859816.1,7390700884.69,4.176834914726472,1.581923748435292e-15,0.0010914691831054512,8.742437808296662e-10,689963207256.3815
263,36107.0,4.5595503,2.236030441773316e+16,0.006817750719720931,4.551836012373498e-09,33434652872933.41,231714444.47,4.176834914726472,2.0391271133070902e-16,0.0002510499117226447,1.698091444064366e-10,1231163619395.398
264,15820.0,16.73513,2.9859424343865544e+16,0.03143368551888547,2.536979654399823e-08,56085118824892.46,1934808511.31,4.176834914726472,5.604639194405013e-16,0.0005308958154510704,4.108227328846796e-10,947243519227.8779
265,1.0,295.14658,6.125643966977755e+16,53.463139382025936,5.601064610065645e-05,1.1096051230246274e+16,24984811899.66,4.176834914726472,4.818213098754712e-15,0.002751865136172626,2.2343654266210703e-09,571138112775.4307
266,63044.0,1.0248836,4759514218462405.0,0.0003725400610382934,2.1862742894294308e-10,1730059606240.7573,14920161.950000001,4.176834914726472,2.15333656536716e-16,7.15374080306727e-05,3.997659847128964e-11,332216566519.29395
267,53605.0,1.1892745,5033712355034791.0,0.00036320045045025017,2.3720508808377857e-10,1537278899686.8474,40225361.94,4.176834914726472,2.36261910915603e-16,6.681020284243979e-05,4.508161350355748e-11,282780252574.46423
268,88059.0,2.0063138,1.0919701550475046e+16,0.0015599110529911024,1.1418543836190397e-09,8490079240819.707,81045585.78,4.176834914726472,1.837333914966493e-16,0.00011285709066516158,1.0230250116691676e-10,614243767808.6388
269,137638.0,0.7980798,8999419035838894.0,0.0004375292726972398,2.7996225374142154e-10,4933728764276.813,12767274.1,4.176834914726472,8.86812578480635e-17,4.0047039531170266e-05,2.6370685100781614e-11,451584026917.8676
270,19348.0,57.177914,6.070689872179827e+16,0.2594228878996716,2.2741997790594235e-07,275434304613522.44,6359608129.88,4.176834914726472,9.418684730055054e-16,0.001062085897572478,8.185959548844866e-10,1127637168046.7852
271,41266.0,3.974616,1.2992889794955474e+16,0.004979661185299042,3.5838652053151347e-09,16278349656119.686,117046657.73,4.176834914726472,3.059070047329391e-16,0.00022064889515417143,1.587851117082821e-10,721294026420.8754
272,20301.0,1.8902327,8741095966219218.0,0.0023216437988905704,1.4599093770214023e-09,10736091511632.523,155282613.26,4.176834914726472,2.1624664770927822e-16,0.0001273202737055085,8.260140327356452e-11,588773398590.1033
273,641.0,10.244017,7618908278609128.0,0.011344170691472302,8.084208176252839e-09,8437139063241.828,625884174.65,4.176834914726472,1.3445518209952908e-15,0.0004399716007135144,3.042207323062899e-10,327225469367.0564
274,26609.0,15.933107,1.5304082553454368e+16,0.02649150305933313,1.8535274705390918e-08,25445642823155.78,913102702.07,4.176834914726472,1.0411017416005542e-15,0.0006254930047591243,4.299803066385524e-10,600799114789.2162
275,31210.0,44.33678,9.955064262658027e+16,2.3165217765425963,1.9918335592607722e-06,5201352725959866.0,5744405126.93,4.176834914726472,4.453690988847717e-16,0.0009476222793197721,7.601309392927243e-10,2127723458346.503
276,23220.0,34.71185,3.87043453064596e+16,0.0461423903199408,3.4117387039180423e-08,51449606062725.77,4349964610.61,4.176834914726472,8.968463288851118e-16,0.0007715063307707961,5.922001285012316e-10,860243618023.0247
277,10568.0,49.089306,3.886351471888819e+16,32.3222003124798,3.3089551678402364e-05,2.5589164116333428e+16,12135765197.35,4.176834914726472,1.2631205992324192e-15,0.0013131276051099826,1.0845667885361315e-09,1039590048573.3127
278,42192.0,9.92769,3.371930424195059e+16,0.017188518683696242,1.2270505647731862e-08,58380639500629.625,427937753.06,4.176834914726472,2.944215553430323e-16,0.0004487327298868095,3.175392774328287e-10,1524116430143.8064
279,33202.0,25.358974,5.671138978817434e+16,0.31670305815916105,2.6499580882336864e-07,708256989354972.8,3182740488.15,4.176834914726472,4.471583943669803e-16,0.0007904292069783502,5.786689831302606e-10,1767671628075.5977
280,87658.0,2.293365,8314508941030649.0,0.0025658006578695687,2.0218885112165574e-09,9302214218303.17,48452035.46,4.176834914726472,2.758268727913256e-16,0.0002410492817281841,1.9147475778030722e-10,873915145717.3203
281,18628.0,2.6983771,1.4414586072100998e+16,0.0022823824497707184,1.519161084999524e-09,12192364911365.707,86175016.82000001,4.176834914726472,1.8719768202172856e-16,0.00022544406991628358,1.328895246043161e-10,1204310157484.2986
282,21578.0,10.398068,9183326742279366.0,0.015503861171553408,1.1279059317658917e-08,13692642027856.818,1229999008.55,4.176834914726472,1.132276819916257e-15,0.00045995592013719176,3.3540077270411227e-10,406222146428.1235
283,19733.0,62.628952,1.0644407014734032e+17,1.9881372553040355,1.528814219817118e-06,3379035010295612.5,12991588040.34,4.176834914726472,5.883742693539316e-16,0.0014004019264280516,1.1049177569631736e-09,2380120952545.686
284,8441.0,0.97259235,4715275741116577.0,0.00020370683252638873,8.81537660933546e-11,987601728217.7657,8957353.0,4.176834914726472,2.0626415153606482e-16,3.640625684988231e-05,1.5247961345900735e-11,176503074231.5722
285,20253.0,1.5751446,6514055107484719.0,0.001715876122662516,1.204589428779647e-09,7096054305516.356,50169513.29,4.176834914726472,2.4180707316862303e-16,0.00015351965491421134,1.2291591615957947e-10,634884881167.8685
286,22911.0,39.50263,4.736653024650844e+16,0.2983375859285604,2.4466961617912483e-07,357728492699232.06,4743884088.3,4.176834914726472,8.339777010141436e-16,0.0008975054146309571,6.709524267008383e-10,1076174355189.0677
287,19478.0,7.7195334,1.0975921322354228e+16,9.57997239182271,9.087309907766133e-06,1.3621163067054248e+16,4530719200.47,4.176834914726472,7.033153002179353e-16,0.0009063947031780681,7.546475012202918e-10,1288745890921.4756
288,22122.0,25.04171,5.03955262240631e+16,2.7205869702182457,2.298981597913425e-06,5475081853534683.0,5456078750.65,4.176834914726472,4.969034332266375e-16,0.0008665183777175346,6.623157808993891e-10,1743836568185.505
289,112643.0,1.0611271,7497968517777653.0,0.0009869697776999514,8.311927441774796e-10,6973969773453.382,38394121.83,4.176834914726472,1.4152194657580542e-16,9.444871477223573e-05,6.62864887249799e-11,667378573129.2554
290,78805.0,2.0467303,8159457244055366.0,0.0020486078049188985,1.4799821632917032e-09,8166942070517.971,90656898.8,4.176834914726472,2.50841476189015e-16,0.00016108915638106866,1.246674657668916e-10,642195058123.8174
291,28191.0,8.251948,8425872175725166.0,0.006696904129710492,5.051498384770126e-09,6838053047598.772,173893102.33,4.176834914726472,9.793583177980982e-16,0.00031994297203342785,2.2466312781605643e-10,326686327382.97363
292,107384.0,1.3563439,1.1214438948393382e+16,0.0013832715974231933,9.705412734706035e-10,11437080874805.416,37956753.8,4.176834914726472,1.2094621106250834e-16,0.00019325472074630066,1.2674037742621357e-10,1597856758376.8398
293,93206.0,0.87536335,7600642206018947.0,0.0005337254525816998,4.5774868504219653e-10,4634254108672.738,25450849.14,4.176834914726472,1.151696562307327e-16,7.96216055979385e-05,8.167305938631977e-11,691341870799.9208
294,23039.0,24.26935,3.759618054614025e+16,2.207724511563831,1.6960206048466155e-06,3420034295640101.0,7203712264.94,4.176834914726472,6.455270095911797e-16,0.00099601722693128,7.206794258168747e-10,1542952056432.2632
295,33460.0,10.994733,9701476409223070.0,0.008947510169983621,6.038073069732134e-09,7895058373439.319,275451395.61,4.176834914726472,1.1333051317372113e-15,0.0003280215136717953,2.3451999252356167e-10,289437949662.31244
296,43741.0,14.111513,3.1289604438963304e+16,0.01745382411306679,1.2947199985075577e-08,38700545607341.984,757312854.4,4.176834914726472,4.509968487306178e-16,0.00046527575477796676,3.5224740178251616e-10,1031660766782.603
297,12330.0,9.197614,9420618035068762.0,0.028463093442597613,2.2263325895557347e-08,29153205539956.613,1082666399.76,4.176834914726472,9.763280886414651e-16,0.0004511121704547962,3.409026774298139e-10,462049771693.5574
298,35441.0,21.049067,3.05144353163538e+16,0.035176856009815,2.6000790002009888e-08,50995224507774.68,1255497104.5,4.176834914726472,6.898068662184628e-16,0.0006990614354563589,5.247539682550432e-10,1013416174426.6621
299,78465.0,2.0297542,1.0214872778364386e+16,0.0026684824024449548,2.022450885977531e-09,13429314865947.494,82852294.36,4.176834914726472,1.9870577383001007e-16,0.00015557797201510217,1.2272391850911547e-10,782956473867.7241
300,22058.0,5.5559945,6807017891188303.0,0.00559176375138844,3.858790228218939e-09,6850841176858.497,485753878.5,4.176834914726472,8.162156452081967e-16,0.00027332600277470576,2.1439732408035756e-10,334869840316.5097
301,108983.0,1.1096416,7582085792265167.0,0.0002431738242780384,1.7741010926072422e-10,1661585865300.3828,7376820.9,4.176834914726472,1.4635044107941856e-16,2.621472357406212e-05,1.957707669235271e-11,179122955699.43948
302,44005.0,2.1098435,5199610674618382.0,0.0018772832065628926,1.3085866812125302e-09,4626476703189.711,170291348.68,4.176834914726472,4.0576951468676047e-16,0.00013136042820890615,8.055140190901855e-11,323731634473.1114
303,26858.0,33.787323,4.05989797633509e+16,0.03923173049323555,2.7278490275322016e-08,47141001149339.55,1445157525.43,4.176834914726472,8.322209867574099e-16,0.0008522282726126749,6.077608334428664e-10,1024040833112.3918
304,74788.0,1.0068477,6272701485945197.0,0.0006884600161189209,4.4458333958647325e-10,4289133466881.8423,11347311.16,4.176834914726472,1.6051261203103212e-16,8.82797469312979e-05,5.3832219613588585e-11,549986358169.9777
305,141994.0,0.5228584,5302764168438088.0,0.00013738226556993678,9.152053911023285e-11,1393313668180.7283,10604123.9,4.176834914726472,9.860110376245643e-17,3.6787939652720906e-05,2.3429373745498514e-11,373098659639.22766
306,13599.0,30.710873,2.10845872942533e+16,0.059532149773277414,4.9500112604997745e-08,40871869995660.16,3373654310.97,4.176834914726472,1.4565555669363462e-15,0.0007337753068915962,5.366262850583899e-10,503774331407.75146
307,22517.0,10.492599,1.2394361818161016e+16,0.09086951389381624,7.484813781512853e-08,107339433579837.36,2226877314.69,4.176834914726472,8.465622638694935e-16,0.00047134493671620694,3.601581279172063e-10,556775274345.1718
308,21206.0,91.8173,1.619364999392708e+17,8.972267291503703,9.522696078930925e-06,1.5824224429445328e+16,8336626575.58,4.176834914726472,5.669957053192653e-16,0.001231409632408382,9.403487715105702e-10,2171814743667.2327
309,126252.0,0.9644306,9165184366451114.0,0.0012007581433984308,7.094899478518228e-10,11411054111891.682,20419912.2,4.176834914726472,1.052276267927866e-16,0.0001063601774759698,5.6899875380483996e-11,1010762864446.3627
310,4684.0,27.985266,1.9616795895718896e+16,0.040529686056320575,3.105134584143223e-08,28410041880052.344,2509385558.52,4.176834914726472,1.4265971950142688e-15,0.0007557900270518747,6.038540270658303e-10,529785162688.69806
311,65464.0,0.36279014,3401857489824212.5,5.475195107196775e-06,3.5815938196390365e-12,51340517368.15734,5672319.100000001,4.176834914726472,1.0664472015220919e-16,2.2434271190995317e-06,1.34464069411418e-12,21036457462.662846
312,25104.0,17.728031,1.415541573892262e+16,0.027390435401066792,2.035387819480383e-08,21870618365469.023,1542769393.27,4.176834914726472,1.2523850466117992e-15,0.0006052475851280268,4.4244999698914504e-10,483275959550.5095
313,142086.0,0.33710793,4865207905344002.0,1.1606061318380301e-06,1.130132669472051e-12,16750095815.334593,1026964.5,4.176834914726472,6.928952196055521e-17,2.062492995079421e-07,2.008339134487532e-13,2976630429.422715
314,70793.0,2.7478929,8137611408647421.0,0.0022134221339060846,1.5202331935031535e-09,6554829414576.847,67103192.3,4.176834914726472,3.3767806817120265e-16,0.00021341575624657348,1.4216033444251565e-10,632009527306.262
315,55742.0,8.673413,1.7468949084945562e+16,0.010619813536809778,7.223840624307494e-09,21389155799008.492,189810106.16,4.176834914726472,4.965045669218074e-16,0.00034424675460506174,2.3329067509745344e-10,693340560267.7484
316,6917.0,17.564878,6689156507994599.0,0.8945724856690138,7.884280297645397e-07,340676170047169.6,4915385361.73,4.176834914726472,2.625873378655021e-15,0.0007778529961295479,5.618921171015904e-10,296226391741.69403
317,2992.0,131.13396,7.466718841574054e+16,348.03016301642106,0.00034587676863488025,1.981670785836713e+17,61075188366.08,4.176834914726472,1.7562461207171385e-15,0.002103749761653224,1.5315092850589466e-09,1197867278872.159
318,15671.0,42.288445,3.6779355378593624e+16,0.07669759029063558,5.969661404377103e-08,66705879820860.23,3057308676.12,4.176834914726472,1.149787552410796e-15,0.0008621499515738408,6.448636230724924e-10,749834132197.8514
319,25557.0,1.2465322,5720754898366930.0,0.0006453986468956623,4.757052885742453e-10,2961951139832.367,21432252.55,4.176834914726472,2.178964528537729e-16,5.267675246655469e-05,3.777115891801228e-11,241751307910.94284
320,38057.0,16.767822,2.3659518316363156e+16,0.02643469928256537,1.9827470994793693e-08,37299552193684.266,829216711.31,4.176834914726472,7.087135830826788e-16,0.0006092025323235457,4.4856997908112357e-10,859589186471.7878
321,36202.0,9.917998,1.1441918066016452e+16,0.012882024056925763,9.086140054127852e-09,14861372606023.658,447543770.89,4.176834914726472,8.668125346446385e-16,0.00036954238173984134,2.5811701769682895e-10,426323301717.5279
322,174006.0,0.3027931,5189121605241895.0,7.890745953755246e-07,5.174745558897888e-13,13522778527.68323,1524856.8,4.176834914726472,5.835151361535399e-17,2.222538833573393e-06,1.4575393791557299e-12,38088794889.26536
323,5786.0,23.23498,2.7615554263007684e+16,2.2938307409538647,2.1129556496338672e-06,2726294892311789.0,8965238867.27,4.176834914726472,8.413729371032156e-16,0.0009016258848072367,7.021614181930677e-10,1071612652424.3429
324,133626.0,0.6531168,8181788971475301.0,0.0007977330606880958,4.25275044714123e-10,9993440006625.307,23217521.3,4.176834914726472,7.982567165652931e-17,9.586777781066877e-05,4.7488263549789104e-11,1200964248984.5222
325,18218.0,39.5582,3.4067828611187068e+16,0.2857271758962454,2.388574625535979e-07,246070459676926.38,6491256732.79,4.176834914726472,1.161160003811045e-15,0.0010315429101869253,7.90581504256892e-10,888372753799.043
326,56004.0,0.7980708,4198963700378633.0,0.00015908280738172748,1.5922875012644644e-10,836997085409.2141,9831469.0,4.176834914726472,1.90063753094135e-16,2.5841363224672516e-05,2.4249810690164604e-11,135961553973.28062
327,27127.0,39.566723,8.498279579945218e+16,0.07282569848885703,6.237361985526793e-08,156417590196464.06,2750635980.87,4.176834914726472,4.6558509434512e-16,0.0007144890704762051,5.828655627807179e-10,1534604692362.8152
328,37057.0,22.508505,4.468104938755651e+16,0.0964481189216867,7.949466130761751e-08,191456658933003.66,1420276340.81,4.176834914726472,5.037595425471033e-16,0.0007906099747787249,6.039468004476386e-10,1569419351902.0042
329,32683.0,20.866674,2.7858394026327456e+16,0.02599071201783162,1.9048692384338535e-08,34699324694369.484,1746621331.88,4.176834914726472,7.490264507092562e-16,0.0006302303423337497,4.775093305310198e-10,841399314719.77
330,6990.0,100.86872,4.7494204422934776e+16,0.25909010059097676,1.87094927125359e-07,121993004386558.94,9202798777.8,4.176834914726472,2.123811130759585e-15,0.00150005835125934,1.12854816871655e-09,706304967298.5005
331,99649.0,2.005938,9334363853869712.0,0.003271604099759496,2.2457506002772778e-09,15223971554936.893,67725316.8,4.176834914726472,2.1489820103470744e-16,0.0001594834921967227,1.0527639989006045e-10,742135073392.0992
332,62724.0,8.826254,3.954481300429377e+16,0.008757342611848207,6.486859048594281e-09,39236065039604.67,839230999.53,4.176834914726472,2.2319625077103407e-16,0.00036109325721563106,2.6799520211030693e-10,1617828507281.0593
333,72760.0,3.6786697,1.3572097042977152e+16,0.004576088573911719,3.52453349307359e-09,16883037420399.22,142744733.79,4.176834914726472,2.71046522018756e-16,0.00025089685330403243,1.7197915131680275e-10,925659740753.5476
334,61286.0,2.539258,7371006723033821.0,0.0022150746075245355,1.6674317596005064e-09,6429960966583.487,95498408.72,4.176834914726472,3.4449269895047264e-16,0.00015927164390140688,1.1235015049730975e-10,462336776328.32855
335,427.0,200.42827,4.7474172054995416e+16,190.07024452905821,0.00014842218188049867,4.502073231140278e+16,66837195168.61,4.176834914726472,4.221838134803452e-15,0.0028998226224984667,2.1476778393483236e-09,686862577367.2557
336,77036.0,1.452631,7536883371045029.0,0.0006479845068164123,4.4677524161780757e-10,3362026319223.142,42214952.519999996,4.176834914726472,1.9273629808054002e-16,4.7120842659574425e-05,3.027147335234415e-11,244483489248.5261
337,5219.0,45.91287,2.457838996524531e+16,0.7565168251145432,6.261204292695784e-07,404983734254350.3,4757069652.2,4.176834914726472,1.8680178020172344e-15,0.0009378048228161686,7.095503708449475e-10,502032058689.9398
338,70971.0,1.5581282,7399594157652479.0,0.0018666648994840494,1.3261140012835179e-09,8864843524760.75,24911460.8,4.176834914726472,2.1056941324121432e-16,0.0001517657788279566,1.0364735027709762e-10,720739904679.8113
339,40264.0,18.38264,4.4529932364693576e+16,0.03931031444586542,3.179069022526578e-08,95224931974364.08,2498630478.66,4.176834914726472,4.1281535865468846e-16,0.0005621503394696376,4.546144945762654e-10,1361747637737.153
340,11542.0,25.613113,1.9165483704085244e+16,20.128474406027134,1.94991922257695e-05,1.5061501825912764e+16,11763930917.53,4.176834914726472,1.3364188139191292e-15,0.0013535504662008876,1.0361946818413413e-09,1012819074457.2944
341,3912.0,143.12148,5.713990308639845e+16,33.87584315250677,3.300256764417416e-05,1.3524611363048168e+16,40792807824.71,4.176834914726472,2.5047553858044355e-15,0.0021462193786968343,1.65746813795656e-09,856857875567.5765
342,3711.0,30.276232,1.579277953465512e+17,0.16277556273500407,1.3933111171304125e-07,849074804256798.8,3226709426.98,4.176834914726472,1.9170933104943878e-16,0.0008313703294146269,6.394880363314159e-10,4336619009954.344
343,51768.0,4.986824,9580518526724428.0,0.007319555988017452,5.571043461119119e-09,14062084755868.246,241150884.41,4.176834914726472,5.205171292231708e-16,0.0003282407484771216,2.582341231378622e-10,630605084921.9775
344,100409.0,0.87907094,4886119966047121.0,0.0001886059064673304,1.509317754442203e-10,1048323910359.7703,2871026.1,4.176834914726472,1.7991186178573707e-16,4.891085337537382e-05,3.91511751606754e-11,271860081319.28156
345,47414.0,19.651258,6.90681974230138e+16,0.01523631405193778,1.1200470389336038e-08,53551011692904.24,410619591.5,4.176834914726472,2.84519630353812e-16,0.0006201722447459841,4.379559657032709e-10,2179716893258.9084
346,21953.0,40.19515,3.8786140774209224e+16,0.11267537376373127,9.349872123736563e-08,108725627559213.52,4471606464.6,4.176834914726472,1.0363276468776109e-15,0.0009415262929701162,7.305919336707711e-10,908521832652.9017
347,37586.0,4.906208,1.565131822733852e+16,0.004457672178713762,3.171599875177613e-09,14220441901811.441,207584030.03,4.176834914726472,3.1346931477185183e-16,0.0002339932108142944,1.784308789525592e-10,746462890584.9957
348,28595.0,25.772554,2.88298864959377e+16,0.033534601759520825,2.527803299244692e-08,37512726228586.35,1518578122.96,4.176834914726472,8.939526696933581e-16,0.0006670925439789273,5.127352076074642e-10,746228034877.6766
349,7997.0,78.925995,3.4232690974267988e+16,4.575047536473356,3.748549691008788e-06,1984342275427487.0,13136767829.29,4.176834914726472,2.305573787913052e-15,0.001813299011805986,1.3291651873664277e-09,786484918119.814
350,84931.0,3.5361629,2.0369825498083548e+16,0.004725618832215429,3.7065949289738816e-09,27221605368543.867,158493939.38,4.176834914726472,1.7359809490428341e-16,0.0002885887309211094,2.3499266810356534e-10,1662395725484.3623
351,6472.0,42.38053,3.384655797665191e+16,4.583923491156333,3.801846934839384e-06,3660879941896891.5,9961761419.08,4.176834914726472,1.2521370719360889e-15,0.0011766376893408966,8.920371513881259e-10,939703580153.2072
352,89408.0,1.6198777,9277317413889568.0,0.0019899765842339425,1.400475964947177e-09,11396937199731.83,108133081.64,4.176834914726472,1.7460626038026838e-16,0.00018901171195119634,1.5114856907476993e-10,1082502491832.5087
353,62875.0,4.0972314,1.248634910330439e+16,0.006599265585412642,4.9228049878498884e-09,20111320518749.48,160078470.44,4.176834914726472,3.2813686099131315e-16,0.00022960271648671916,1.6888624291585203e-10,699716318956.3074
354,12329.0,17.739162,2.1353473936361204e+16,0.042353567348223445,3.3249586243797354e-08,50983005650560.51,1954735542.11,4.176834914726472,8.307389258004212e-16,0.0006655118493092154,5.05174153293334e-10,801108300863.5852
355,22568.0,34.38064,5.138680958981173e+16,0.7742356636257292,6.258605488907103e-07,1157206515770994.0,6749901525.15,4.176834914726472,6.690557416278383e-16,0.0009558322804890131,7.260414563321665e-10,1428628768902.6277
356,5501.0,47.931442,2.863237696008474e+16,16.030794977870094,1.460995451862116e-05,9576172667123386.0,9337064253.88,4.176834914726472,1.674029441105058e-15,0.0012189616241765977,1.019106749523302e-09,728160206890.9484
357,44483.0,9.892584,2.345690454861262e+16,0.015255719669885148,1.1232741089129949e-08,36173760072887.73,845981304.12,4.176834914726472,4.217344185162362e-16,0.00045716898007575605,3.431236636058735e-10,1084021033152.0658
358,4264.0,264.81256,8.25308865871201e+16,1.5868361743293884,1.140708918142018e-06,494549791505049.0,25979497989.53,4.176834914726472,3.2086479492797197e-15,0.0027239601423950975,2.0454557970921615e-09,848943288716.537
359,24032.0,14.550581,8484723524696386.0,0.020191548809826595,1.3880457513113194e-08,11774080305576.186,1092275581.56,4.176834914726472,1.7149151598926934e-15,0.0005098416662557201,3.37468530644372e-10,297298477603.768
360,28423.0,3.914434,8075818538298678.0,0.0038383938216615156,2.998713218787597e-09,7918941022447.99,505537814.54,4.176834914726472,4.847104948478261e-16,0.00020530937730169294,1.5660773640577772e-10,423571140885.1368
361,42338.0,12.425321,2.554694982503512e+16,0.01487752582055637,1.0667032705313366e-08,30588779610475.902,813401218.67,4.176834914726472,4.8637199685669e-16,0.0005002054277350834,3.7170276373532437e-10,1028442079247.563
362,17628.0,36.263832,4.17151167311344e+16,2.6655814838721072,2.2453484489322206e-06,3066279447689791.5,5612303191.36,4.176834914726472,8.693211200565624e-16,0.0009304173730079611,7.129437666918084e-10,1070280419446.6407
363,20434.0,25.651321,3.4901392315619444e+16,0.030551119787837856,2.4161579677891376e-08,41568097697456.336,1211060925.36,4.176834914726472,7.349655500282218e-16,0.0007207830042212547,6.470870204017051e-10,980703114851.543
364,32163.0,45.441868,7.145593545856435e+16,0.06961591965086261,5.117211949334038e-08,109468885862276.62,2928554219.18,4.176834914726472,6.359425246955264e-16,0.0010384806384895787,7.925141477444568e-10,1632978764844.791
365,76456.0,1.2390105,5033978085814074.0,0.0005196995299361889,3.5944221509283344e-10,2111488195545.276,26459804.31,4.176834914726472,2.4612949815804224e-16,6.018100011724647e-05,4.620506166275703e-11,244509498323.53552
366,15022.0,18.798841,1.3486007372124364e+16,0.013692844117423822,1.0387209542685585e-08,9823041575431.559,908921799.4,4.176834914726472,1.3939515589215297e-15,0.0004298331367312806,3.3895178216224575e-10,308355863573.7911
367,12682.0,37.479992,4.2105626553583624e+16,21.18431759827236,2.384128378173836e-05,2.3798803521232492e+16,7037500465.34,4.176834914726472,8.901421274969738e-16,0.0008541683529712061,6.57083155621673e-10,959586482411.6078
368,63512.0,3.5024214,9572132116328048.0,0.005810715056835025,4.284992985483948e-09,15880708190728.135,287386528.57,4.176834914726472,3.6589772868111632e-16,0.0002681634650414888,1.9117832820315116e-10,732891854803.4935
369,41861.0,17.158024,5.615791603779321e+16,0.0284274953317497,2.190401868968414e-08,93042700954676.25,2256289093.72,4.176834914726472,3.055317079154607e-16,0.000606098099530164,4.95137674359661e-10,1983748605555.1023
370,153971.0,0.45832786,5298115764315185.0,5.670325953165217e-05,4.4515226643421744e-11,655470590883.7871,3840498.4,4.176834914726472,8.650770960631166e-17,7.089980014075353e-06,5.563629803662132e-12,81957782102.21004
371,4852.0,54.18429,3.937632612692232e+16,22.271670987826486,2.1491905975130496e-05,1.6185070990284636e+16,15263571492.19,4.176834914726472,1.3760626073988452e-15,0.0013562478304152575,1.0800208185797637e-09,985600381205.7335
372,45350.0,3.6815703,7872458583451312.0,0.0026678785537767053,1.908508450943846e-09,5704838345823.546,127851555.82,4.176834914726472,4.676519108959208e-16,0.00024270026596524965,1.9893712360169747e-10,518976316167.0567
373,27526.0,13.799389,2.102945141279908e+16,0.015789499582969685,1.1651252064084273e-08,24062262054680.273,1817122358.86,4.176834914726472,6.561934845148327e-16,0.0005065975957397332,3.7108442079549026e-10,772024726996.938
374,11988.0,9.973559,7930449528380571.0,0.02731332638584882,1.8920343161239144e-08,21718120517977.523,2432623059.92,4.176834914726472,1.2576284565342465e-15,0.0005298637890999852,3.829190341065013e-10,421319815361.18854
375,19265.0,5.5752225,9347100156558298.0,0.006386082414320015,4.3857299670359314e-09,10706541655455.87,312367377.06,4.176834914726472,5.964654712818287e-16,0.00027240448522489294,1.77626377628211e-10,456697828022.6088
376,16755.0,38.04859,2.770295657502048e+16,0.09183886042772035,7.745469815013167e-08,66867338903452.24,2431998535.29,4.176834914726472,1.3734487110414809e-15,0.0009360153121832083,6.845057231820879e-10,681507292306.1185
377,48439.0,7.535002,2.354426428719574e+16,0.011078845579005589,7.847255804359633e-09,34617544668088.7,352436135.48,4.176834914726472,3.200355682423179e-16,0.00041358812012397186,2.8937751605058884e-10,1292319233126.0498
378,169479.0,0.49747968,6420994568622666.0,0.0004262688114625698,2.7370776344877956e-10,5501872404465.646,4917578.0,4.176834914726472,7.747704419982273e-17,4.031800735577579e-05,2.5067728224608062e-11,520386493472.7084
379,4598.0,54.52012,3.314215387205814e+16,89.02131870493722,7.285221380843192e-05,5.411503574116412e+16,39565447470.74,4.176834914726472,1.645038527383262e-15,0.002009443044062608,1.6621303909646173e-09,1221517314405.3948
380,47147.0,1.8831191,6839057912108760.0,0.0013462883398093492,1.0137063401295256e-09,4889411361370.025,75862042.41,4.176834914726472,2.7534773417635205e-16,7.542174412458713e-05,6.032440730774651e-11,273914526118.02405
381,40280.0,2.9617813,7111350840550973.0,0.0020618427470143075,1.2978633111000619e-09,4950563754340.715,53298948.3,4.176834914726472,4.16486454740929e-16,0.00015742497460133077,1.0627250405356842e-10,377983420131.28687
382,32802.0,29.344357,4.986544358156161e+16,0.03499660412772329,2.5885863173015893e-08,59470418407097.21,3006060140.51,4.176834914726472,5.884707904383399e-16,0.0007048611730800944,4.995277688671102e-10,1197784468716.039
383,21648.0,1.2341436,4746450891662763.0,0.0002640288565309524,2.0936739253206776e-10,1015440992041.8004,23409044.86,4.176834914726472,2.600139826934264e-16,2.8072154697633685e-05,2.2009593086108966e-11,107964019499.41516
384,27570.0,19.912186,2.914539238935448e+16,0.08333897720834493,7.09809110899494e-08,121982950142424.5,2581546533.52,4.176834914726472,6.83201850021173e-16,0.0006853948677449767,4.966539803883505e-10,1003209911863.874
385,53849.0,2.151631,6985969879919896.0,0.00043976674326806273,2.73242575338376e-10,1427845770330.1133,29008132.99,4.176834914726472,3.079931687344566e-16,8.044244862348377e-05,5.285559549762879e-11,261182574126.6329
386,9624.0,21.611103,1.4132926074498964e+16,0.023067996148409965,1.683099131510395e-08,15085684624810.906,953683426.1899999,4.176834914726472,1.5291315390798257e-15,0.0005879102854277759,4.303642079777649e-10,384473323846.0037
387,64418.0,4.2992315,9813289324737488.0,0.006059174838760835,4.685406554316341e-09,13830480112999.191,425168514.86,4.176834914726472,4.381030007097042e-16,0.00025547338287095574,2.018740982421691e-10,583135432665.6107
388,0.0,198.59544,7.229690050867213e+16,36.192488621494306,2.7486477645674875e-05,1.3175553018888158e+16,34568636476.65,4.176834914726472,2.7469426573298e-15,0.0024074539542121814,1.74793766909483e-09,876412162368.3171
389,18518.0,21.508411,3.880068492073801e+16,0.48814313076525695,4.171065558629186e-07,880599120643795.9,4828206575.59,4.176834914726472,5.543307043145593e-16,0.0007860318429280077,6.21317300722209e-10,1417983591401.3665
390,3214.0,0.90397674,5526474926868804.0,0.0008519471381664528,5.462172166355403e-10,5208391200524.18,27057308.8,4.176834914726472,1.6357203316077942e-16,7.353036436497857e-05,4.732485906113156e-11,449528950298.6343
391,57061.0,5.5932007,1.4356635902062676e+16,0.007220132951063224,5.078033424267837e-09,18532648031546.59,267157754.73,4.176834914726472,3.895899246979163e-16,0.0002812564304933425,1.8984241224247154e-10,721929425437.338
392,24565.0,1.0251721,4373030282417308.0,0.0003079617899099644,2.148949134482924e-10,1313658685311.1895,11328817.95,4.176834914726472,2.344305970443244e-16,3.399118036575206e-05,2.5177959019046743e-11,144994641460.24103
393,45402.0,20.937279,5.517153515473028e+16,0.02826421214385672,2.1260126893446495e-08,74478635639117.45,2413972698.45,4.176834914726472,3.7949422544217326e-16,0.0006335554081861259,4.916185320863906e-10,1669473118986.0125
394,46489.0,4.4889235,1.206909744685411e+16,0.004992875997976281,3.345972720376285e-09,13424044085321.28,280183046.01,4.176834914726472,3.7193530997382642e-16,0.000218846351994592,1.5144943718728768e-10,588398966503.0526
395,44329.0,4.0604177,1.4216634385701634e+16,0.004866562399825372,3.918858830410517e-09,17039167756932.998,272887349.32,4.176834914726472,2.856103343336846e-16,0.00030693277511688923,5.193793835620451e-10,1074655704713.7278
396,23746.0,57.81432,6.7584886366473256e+16,0.09306715819052946,7.244625507503063e-08,108795421458862.17,4961678376.83,4.176834914726472,8.554326730166683e-16,0.001072829367801854,8.296663768536732e-10,1254136534227.2234
397,640.0,9.655114,1.9640058385171028e+16,3.3444042319742717,2.6972765022507417e-06,6803057362097202.0,5334510875.14,4.176834914726472,4.916031210625101e-16,0.0005762070615754137,4.4450297122670214e-10,1172098054076.727
398,13934.0,40.208897,2.9718649490020916e+16,1.480271380007721,1.191318245952167e-06,1094077917445957.6,7453131136.11,4.176834914726472,1.3529853371534112e-15,0.0011038980558020304,8.746817474248392e-10,815898018617.5237
399,29611.0,22.21967,4.489716412452789e+16,3.024087684081421,3.0154048520303773e-06,6110485037769102.0,4182803840.64,4.176834914726472,4.94901413781302e-16,0.000759702396389407,5.744941762141321e-10,1535058044358.55
400,84778.0,2.2454145,8881034958933424.0,0.000842674364713501,5.477517733802104e-10,3332934962349.988,38881655.5,4.176834914726472,2.528325257566225e-16,8.997061016372922e-05,6.118297447271221e-11,355850616507.84296
401,29793.0,10.3950815,8358806018401308.0,0.012263446798955467,8.985294567161393e-09,9861180300457.79,684824531.75,4.176834914726472,1.2436084145410216e-15,0.00037906338170223537,2.762020378769005e-10,304809276995.8751
402,5030.0,212.01349,1.7941641590000893e+17,26.666183970332142,2.1653019527226445e-05,2.25662581833225e+16,41789598570.46,4.176834914726472,1.181683899639138e-15,0.002234539455202194,1.6658220514561441e-09,1890979013833.2058
403,57380.0,9.642981,3.04766230409187e+16,0.0141499431670496,1.0329805923709407e-08,44720868365559.77,613017548.45,4.176834914726472,3.1640582314691116e-16,0.0003983653303738653,2.95021409739401e-10,1259032866120.48
404,10997.0,42.78178,3.761261902536585e+16,0.05309912014730982,4.204798627807248e-08,46683353911008.195,3115981513.85,4.176834914726472,1.1374315617625053e-15,0.00085074678581662,6.442033040274848e-10,747954263286.2645
405,43391.0,6.926957,1.2035399516386644e+16,0.008263511833112597,5.886424797063964e-09,14357627212049.775,319326549.26,4.176834914726472,5.755485715757661e-16,0.0002788754520833295,1.9316175684126493e-10,484538518304.0418
406,9841.0,50.581753,5.385923077024634e+16,11.731335133945045,8.774998799096615e-06,1.2491474667203504e+16,14152516639.4,4.176834914726472,9.39147334201124e-16,0.0014021345482201754,1.0584369384429873e-09,1492986773382.9927
407,16681.0,59.92272,3.779027676277975e+16,0.05802466053655605,4.1608468899987265e-08,36593265137877.54,1659236970.09,4.176834914726472,1.5856650210886745e-15,0.0009755691451347129,7.042215607740492e-10,615242899452.3153
408,54915.0,3.0279512,7090780082008294.0,0.0019852074856018817,1.4452692976755043e-09,4648909037093.989,153545206.47,4.176834914726472,4.2702652810837214e-16,0.00022708674202496403,1.8515027298502865e-10,531786029853.70795
409,11611.0,29.41205,2.587338126653658e+16,4.267259573842721,3.651339451419799e-06,3753850340840272.0,11023740576.57,4.176834914726472,1.1367687005037942e-15,0.0010072775195826972,7.571790144458639e-10,886088365325.5856
410,8440.0,47.388096,2.0974725468616412e+16,0.09138130762580238,6.557485792759415e-08,40446821083809.49,4927950244.15,4.176834914726472,2.25929517270225e-15,0.000920589859694441,6.784287639530325e-10,407467723039.1996
411,13498.0,13.566005,8303699815075468.0,0.01338376209513888,9.789318382363768e-09,8192149629490.685,603555852.2,4.176834914726472,1.6337301807768572e-15,0.00035550974770106193,2.7203854649580136e-10,217606157910.36743
412,59735.0,2.016531,1.0841058640248386e+16,0.002811538089122561,2.078747938705415e-09,15115090863204.969,73837832.71,4.176834914726472,1.860086793104735e-16,0.0002077300994487795,1.6272480786571094e-10,1116776379569.0955
413,18057.0,30.099182,2.8336730452382532e+16,0.09425159229555298,7.151768512456647e-08,88732709267213.28,7442884323.39,4.176834914726472,1.0621967149872536e-15,0.0009764224556619781,7.962663781918343e-10,919248235176.1888
414,13007.0,65.32295,6.737791047981589e+16,3.2913559412334825,2.7363985598168114e-06,3394896984377462.0,9891100182.55,4.176834914726472,9.695009764300797e-16,0.0012033643358224746,9.561122105977013e-10,1241220344360.593
415,113127.0,1.0370665,5531590645896753.0,0.0005906529254299775,3.275847681658727e-10,3150473183040.833,10042953.6,4.176834914726472,1.8748070245748926e-16,8.17750083006159e-05,4.141755269792238e-11,436178269169.6398
416,29238.0,42.114845,1.5515343715862106e+17,0.5018818453316919,4.315942921137762e-07,1848960701404064.0,6669711147.81,4.176834914726472,2.714399743329173e-16,0.0009323488577962079,6.9583056138632e-10,3434825176680.481
417,45332.0,11.730394,2.3967695939943388e+16,0.01775796502550734,1.2935947662674218e-08,36283308663247.7,672885782.21,4.176834914726472,4.89425184189303e-16,0.0005109515253607622,3.610838588437129e-10,1043982904572.2607
418,35344.0,16.29255,3.4237001835068196e+16,0.03990229337570788,3.135420438768097e-08,83850280743501.8,1729531783.1,4.176834914726472,4.758754892874967e-16,0.0006366396707624431,4.70312840512845e-10,1337828245190.0396
419,50912.0,6.977454,1.6383196413738482e+16,0.008772922602975849,6.192403130609596e-09,20598991283508.168,310467402.85,4.176834914726472,4.2589088379291516e-16,0.0003623444343841881,2.4920344940330173e-10,850791712556.0597
420,70243.0,6.642447,2.8419843619801068e+16,0.010028603513500803,6.858894900670301e-09,42907582639150.96,353832794.67,4.176834914726472,2.337256703049549e-16,0.0003621297401527614,2.5084061946068667e-10,1549379405695.021
421,3709.0,65.01905,1.8349532239888016e+16,1.868826896298847,1.6527695021557475e-06,527416186247039.2,10747965495.3,4.176834914726472,3.5433628034758445e-15,0.0014440708334581905,1.1098578923252093e-09,407542471248.39606
422,45962.0,3.1011891,6034301521740425.0,0.004055485628137315,2.6072923911302316e-09,7891174097466.492,201648492.0,4.176834914726472,5.139267716117621e-16,0.00023053830077906113,1.514002630703766e-10,448582003338.8291
423,15112.0,70.8474,1.491789995560337e+17,0.39960498452143145,3.139157974168951e-07,841423564005333.8,8669819964.01,4.176834914726472,4.749153715392006e-16,0.0014172160249686485,1.0805876363845682e-09,2984144354762.516
424,21437.0,75.08031,1.3223742829476733e+17,2.30056358966933,1.959667558463562e-06,4051936023258968.5,12749760016.95,4.176834914726472,5.677689816580541e-16,0.0013606252137139676,1.005635945101223e-09,2396441612115.79
425,26817.0,5.089725,6662552774111905.0,0.005537576014621746,4.078086732003318e-09,7248798793269.512,152971526.86,4.176834914726472,7.639301589890134e-16,0.0001810742270255387,1.3745225254383143e-10,237029818622.6509
426,17429.0,29.142532,2.8581100147114332e+16,0.17972273414539752,1.572867474857639e-07,176260369665985.47,3835882365.84,4.176834914726472,1.0196434654368038e-15,0.0008327349634933221,6.564685909337939e-10,816692296592.6995
427,17100.0,41.82261,5.5679465037901304e+16,0.2756632543406892,2.5550654148647886e-07,366997242216506.9,5532812930.43,4.176834914726472,7.511316779270621e-16,0.0008555711215617489,6.73075275091526e-10,1139042789305.4834
428,8814.0,40.111538,2.4871052564639836e+16,0.27307436876559293,2.433931035297629e-07,169319036822395.2,6589701949.51,4.176834914726472,1.6127800741745917e-15,0.0008663150739725641,6.600332390487622e-10,537156359906.00726
429,40649.0,7.180439,1.3571292527761794e+16,0.007691363572617835,5.815877112867336e-09,14536958670823.285,571901437.37,4.176834914726472,5.290902826913136e-16,0.00025139842510202423,1.887750123219514e-10,475152225104.6468
430,1536.0,3.4972405,7173252039444802.0,0.0042209930606108914,2.972830102594975e-09,8657753757715.385,199073714.47,4.176834914726472,4.875390521299292e-16,0.00025233261641136257,1.8050715169596045e-10,517563906540.385
431,25978.0,1.5179474,7538192693364665.0,0.0011048766799403942,9.809215381941506e-10,5486865563191.247,43731968.9,4.176834914726472,2.0136755078390886e-16,0.00010358321588151532,7.959943527098147e-11,514398747356.6301
432,38405.0,26.217228,7.604230611863134e+16,0.027317661948636947,2.1591117637492268e-08,79234082731535.84,2545367546.15,4.176834914726472,3.447716059412938e-16,0.0006423400468303152,4.881805479300865e-10,1863088594771.6064
433,4685.0,13.802128,1.4528451256478182e+16,0.01621569387946574,1.1964579966437458e-08,17069028639481.506,1132996387.71,4.176834914726472,9.50006835301573e-16,0.0005280425824636198,3.8963969693569233e-10,555830298100.9567
434,103518.0,1.7783381,7056186318873324.0,0.0006369048867690146,5.387045302437423e-10,2527145737046.901,41309563.45,4.176834914726472,2.5202538873490955e-16,8.42628756803919e-05,5.949463437900681e-11,334342806109.2011
435,1402.0,6.9897118,6115253043797879.0,0.008134765631240718,6.059434679951516e-09,7117053136157.513,601998227.86,4.176834914726472,1.1429963322758985e-15,0.0002994159242120924,2.4336732954008205e-10,261957029744.7104
436,3476.0,87.65801,1.7476067494546225e+18,12.900459998593691,1.0507841020157121e-05,2.5719190938297258e+17,19391700240.44,4.176834914726472,5.015888730537092e-17,0.0015250465279726226,1.2178829690970605e-09,30404313370989.062
437,51821.0,5.8051014,1.373397933097258e+16,0.008678995505856484,6.048653751296301e-09,20533171891026.203,351633628.99,4.176834914726472,4.2268167587149763e-16,0.00039110540224142484,2.9663255363808863e-10,925295380820.6427
438,16236.0,41.71513,5.94836699772572e+16,0.05465145826736809,4.406599238588378e-08,77930221177591.16,3963540554.29,4.176834914726472,7.012870930113968e-16,0.0008701701868281665,6.934464975405481e-10,1240818768090.496
439,69427.0,0.9997133,4493078799251534.0,0.0005791728386828175,4.0960215145670376e-10,2603015487128.256,19253692.95,4.176834914726472,2.2250072715540493e-16,7.01304730260024e-05,4.83841918370477e-11,315192107111.72186
440,12134.0,0.4784698,5165481836649497.0,0.00030663820348608614,1.4318276530619225e-10,3310415977205.2705,8310215.600000001,4.176834914726472,9.262829976580683e-17,5.3149597804743494e-05,2.380368622351832e-11,573794379677.9409
441,37482.0,7.798487,1.021179053740592e+16,0.015512909819276558,1.1958128609078114e-08,20313502567885.25,579182691.95,4.176834914726472,7.636747905701789e-16,0.0004357134803005796,3.2492599249421384e-10,570548466023.4298
442,40464.0,5.6613865,1.4368948150817004e+16,0.009931863716807628,7.1904882324038305e-09,25207682744816.92,430088607.26,4.176834914726472,3.9400145651427513e-16,0.000337823150827071,2.4846413871323967e-10,857415994894.5044
443,36680.0,14.948555,2.4301991392087276e+16,0.01932101678623967,1.4149015718403174e-08,31410339235168.23,1438187058.96,4.176834914726472,6.151164634544002e-16,0.0005795736400977442,4.157412219327793e-10,942217733602.7509
444,108819.0,1.6694144,1.0939698247648362e+16,0.0025260264651521497,1.832834830245662e-09,16553090289827.594,52639160.38,4.176834914726472,1.5260150346092622e-16,0.00019996144298889713,1.6215003891501963e-10,1310350412373.8694
445,37162.0,4.363693,1.371334291040503e+16,0.005907309946976436,4.196362043740296e-09,18564313983805.56,214355504.57,4.176834914726472,3.1820782346870635e-16,0.0003271426252110013,2.3253847209011332e-10,1028078510593.7964
446,10613.0,32.46691,2.274732144225356e+16,8.174658795745186,6.746151400355755e-06,5727418818346469.0,7772553743.82,4.176834914726472,1.4272849698994505e-15,0.001013092168993099,7.229758788161938e-10,709803711493.2062
447,22026.0,45.52732,3.3924841015787196e+16,0.033510804869266254,2.4946270636510876e-08,24970692926816.8,2486398568.4,4.176834914726472,1.3420054047950734e-15,0.0007328004016771175,5.476761269963868e-10,546048770786.4466
448,61257.0,3.8872428,7928629897786801.0,0.004460146411429393,3.1873659749649717e-09,9097154977344.25,110886816.9,4.176834914726472,4.902792601134132e-16,0.00021382015227492909,1.5051596066024676e-10,436119105314.525
449,46946.0,5.849933,1.2093904292734256e+16,0.006581377084357692,4.764366861829991e-09,13606060885247.121,532109468.38,4.176834914726472,4.837092189917947e-16,0.0003259880133358677,2.1774317919194436e-10,673933844005.1471
450,47610.0,1.0696588,3545530272185344.5,0.0006866284100840125,4.798652825955348e-10,2275923699870.7993,45266845.0,4.176834914726472,3.0169219210775447e-16,9.328250915955037e-05,5.557913081759596e-11,309197624598.2294
451,123083.0,0.44666937,5705207905355105.0,0.0001212523781861364,8.033395801647977e-11,1548729492175.9517,3044208.1,4.176834914726472,7.829151494737654e-17,9.115393642405346e-06,6.481246014995102e-12,116428883111.18051
452,47020.0,6.243731,1.0784037716759638e+16,0.00819561181521625,5.986870146194924e-09,14155284224642.758,425613715.09,4.176834914726472,5.78978965392204e-16,0.0003016471304960469,2.371656319027851e-10,520998427450.13934
453,3211.0,54.70643,3.269240105801446e+16,4.369506129598289,3.498182729965278e-06,2611203962939635.5,8438731499.68,4.176834914726472,1.6733683739814777e-15,0.0010311404925335307,7.802537434190686e-10,616206514098.3383
454,21302.0,40.22057,3.439947126889036e+16,0.054483165593457006,4.209623834725065e-08,46597850042163.0,4080919246.74,4.176834914726472,1.1692205873051902e-15,0.0008617878893308847,6.434459517021664e-10,737061850165.6101
455,56430.0,2.4122934,5614287854176697.0,0.0014611094945278398,1.1689477331459314e-09,3400535477463.026,111169084.04,4.176834914726472,4.296704163833346e-16,9.574563077987526e-05,8.320842195746139e-11,222835054798.03586
456,108136.0,1.060277,6028545601228750.0,0.0005181978494483592,3.84642245789707e-10,2946380394800.702,29058843.55,4.176834914726472,1.758760852342051e-16,6.160403838335616e-05,4.58162659235198e-11,350269556553.5317
457,42108.0,2.789261,5224467481352205.0,0.0027003383499520617,1.906087770304625e-09,5057909567434.821,143221109.83,4.176834914726472,5.338842685796715e-16,0.00017289704333966276,1.198562294950746e-10,323847420714.6663
458,18786.0,82.755104,1.1205067329872586e+17,0.09114830755534921,7.020491999197123e-08,123415097534240.53,3969232772.7,4.176834914726472,7.385507071374379e-16,0.0011786318718090224,9.165773357569335e-10,1595871292815.226
459,39381.0,2.090644,6950759203750077.0,0.002503371180765425,1.8616244142729967e-09,8322952293698.964,108079594.27,4.176834914726472,3.007792298245715e-16,0.00013732199317980357,1.1092579931992456e-10,456554108672.65063
460,22744.0,20.058706,3.8264148918879016e+16,55.813111402619384,5.596709088124854e-05,1.0646954027522077e+17,6421892314.32,4.176834914726472,5.242167032781776e-16,0.0007830133628087659,6.35716882062195e-10,1493682589494.4001
461,33502.0,9.486081,2.2033181251005484e+16,0.015464313616981695,1.1854424657280675e-08,35918734495873.46,884651252.48,4.176834914726472,4.3053614872646246e-16,0.0004872241388666865,3.723576605199799e-10,1131668363522.8044
462,83214.0,0.96300673,7602888030289822.0,0.0008105037471130449,5.96712538843943e-10,6398884914782.285,16137917.2,4.176834914726472,1.2666327929115777e-16,7.062787368811136e-05,5.146353051051877e-11,557603388159.2533
463,33436.0,33.123966,4.843650197620722e+16,0.04242845795245997,3.0935615623230543e-08,62042271371180.37,1159405080.2,4.176834914726472,6.838637112207448e-16,0.0007957064355608447,5.776067799406951e-10,1163545341717.9468
464,63921.0,1.7095071,5671519108534761.0,0.0010621579234264139,8.055134231936059e-10,3523851383240.531,85599487.37,4.176834914726472,3.0141961391392574e-16,9.06548131486692e-05,7.491853093161928e-11,300759502580.2032
465,45106.0,7.1056724,1.3235389617791404e+16,0.013194377687509392,9.427388082124932e-09,24576524166591.234,393337389.44,4.176834914726472,5.368691519627306e-16,0.000393697295104565,2.95461945015059e-10,733320761055.5642
466,29042.0,69.89465,1.214828477805424e+17,0.08470413284076614,6.368410632150041e-08,147222988830727.9,5117663847.24,4.176834914726472,5.7534583092968e-16,0.001251412009767623,9.611065166921291e-10,2175060533150.145
467,23596.0,26.19425,5.2656191444528376e+16,2.062719605592566,1.7075052759765597e-06,4146519119595491.5,8718244326.05,4.176834914726472,4.974581199552727e-16,0.0008784481528897069,6.562766456482054e-10,1765873583425.8562
468,13399.0,52.313282,3.308581870916199e+16,1.1981203650049774,1.092018472674679e-06,757757717978957.5,6115589458.97,4.176834914726472,1.581139111589027e-15,0.0011388577607390293,8.592084926696706e-10,720276762741.3188
469,11477.0,27.681295,2.0006565436244364e+16,0.03192181979007875,2.2799887476064385e-08,23071390860659.188,1387081658.74,4.176834914726472,1.3836105496574597e-15,0.0006401079125924659,4.524501366462365e-10,462635900507.5072
470,14995.0,38.871853,6.264800587482297e+16,7.058383072092453,5.645908992787034e-06,1.1375676486716468e+16,11832068469.82,4.176834914726472,6.204802923443386e-16,0.0011924016679606157,8.955943686396206e-10,1921739792017.2563
471,22491.0,4.955021,6755807932695158.0,0.007247388324702097,5.4731372741837505e-09,9881282750435.305,380661040.99,4.176834914726472,7.334461028739234e-16,0.0002946071771556661,2.1583536821432636e-10,401675291478.5178
472,73104.0,0.9797556,6955317917400884.0,0.0004364429947042106,3.590758268990206e-10,3098323480866.346,18530636.8,4.176834914726472,1.4086424396918472e-16,8.24522991123203e-05,6.629249852532443e-11,585331641224.4221
473,4265.0,94.86657,5.535598375962505e+18,5.174110204472174,4.676014823678465e-06,3.019166398123933e+17,8215143071.15,4.176834914726472,1.7137545673823388e-17,0.0013851936689051043,1.058981239727026e-09,80828007421208.95
474,39867.0,15.509909,2.287803374508872e+16,0.016208472400307976,1.1237970198053895e-08,23908456105744.08,722021656.39,4.176834914726472,6.779388986315114e-16,0.00045489043530365174,2.9937852794242366e-10,670990315236.2172
475,23777.0,21.741245,4.764183749135104e+16,6.796342766810225,5.962979547198388e-06,1.4892903218370974e+16,5834454403.21,4.176834914726472,4.563477427575486e-16,0.0009892494060537368,7.58976564500495e-10,2167753476934.1714
476,6692.0,27.224178,2.8091652197841268e+16,0.10873153697994378,9.646651514346123e-08,112196170616328.52,4372639280.78,4.176834914726472,9.691198583930948e-16,0.0007669995156484071,5.954547858431804e-10,791439272455.0862
477,34320.0,0.95232874,4901460732090985.0,0.0006430527812155717,3.581796732130412e-10,3309674299853.662,45774954.8,4.176834914726472,1.942948831079857e-16,9.244762866971346e-05,5.473514234344728e-11,475810928167.0206
478,10669.0,22.192892,2.3021980264943576e+16,1.8938065994420903,1.7065434942977102e-06,1964555955932904.5,6609785169.48,4.176834914726472,9.63987100353567e-16,0.0008985325712999702,7.183841185272085e-10,932100202347.5319
479,6841.0,172.70287,1.016800200155782e+17,176.75294675485242,0.0001758420198606937,1.0406453097071186e+17,30947461167.97,4.176834914726472,1.6984936664404719e-15,0.002173105666026114,1.782568421847196e-09,1279431127099.982
480,19928.0,42.6407,4.9567556749108824e+16,1.359143636965708,1.1149071085777265e-06,1579932537587044.5,10213637232.74,4.176834914726472,8.602542226527362e-16,0.0011625677744241533,8.998984470526943e-10,1351423502274.9243
481,33607.0,7.608839,9700146176259078.0,0.00816535294705428,5.72452861750213e-09,10409619281887.076,403972620.26,4.176834914726472,7.844045709973409e-16,0.0003804839558315353,2.6411146407259394e-10,485060860045.42816
482,14092.0,8.911065,6212177487528293.0,0.0067441293064871444,4.853488060660181e-09,4701539967527.926,324226576.32,4.176834914726472,1.4344511273044042e-15,0.0002618904344085129,1.7862577733421787e-10,182571876743.3038
483,6325.0,106.62728,5.190030737599307e+16,5.176296864352705,4.49268193878433e-06,2519537198447662.5,13376917067.55,4.176834914726472,2.0544633623754097e-15,0.001974237454333181,1.4701617716405647e-09,960950431382.0083
484,34272.0,16.55938,2.8396979008667996e+16,0.02715984874540918,2.0006514160101505e-08,46575273633552.84,1960153796.51,4.176834914726472,5.831387907476128e-16,0.000649747333687751,4.5505616262713207e-10,1114224167551.5066
485,91109.0,0.8028902,4610881153445546.0,0.00034756655407867525,2.5285688539756174e-10,1996023956662.288,7653114.9,4.176834914726472,1.7412945015944055e-16,3.5997774407679436e-05,2.6707976063362467e-11,206729960812.01828
486,4853.0,41.498875,6.756995318282099e+16,0.7323967352355047,6.067801830729666e-07,1192514570843522.8,5751780028.4,4.176834914726472,6.141616657291201e-16,0.0009331288675781377,7.480035970302375e-10,1519353811297.1384
487,127407.0,0.6576412,6224384677391385.0,0.0004147392338559505,3.228994395261183e-10,3925387479260.7593,13893142.96,4.176834914726472,1.0565561643205105e-16,5.077544221051883e-05,4.122374897818014e-11,480574946464.615
488,60454.0,3.2131324,9507168091449904.0,0.003886938439838062,2.8025070113596055e-09,11500857265843.916,191776882.41,4.176834914726472,3.3796945305823204e-16,0.00029514061381437546,2.0469530490484106e-10,873276005105.4757
489,29971.0,2.0917666,7092191247899850.0,0.0018914585312302479,1.4715035826799458e-09,6413041321606.659,28948232.57,4.176834914726472,2.94939395580938e-16,0.00016609479173315924,1.261014476268496e-10,563148884895.5043
490,52905.0,6.0274444,1.2834509765561618e+16,0.007009740279594237,5.058734524870557e-09,14926156775913.662,717770218.13,4.176834914726472,4.696279413938526e-16,0.00023430524361468577,1.65787258490796e-10,498916744432.3465
491,108036.0,0.7684166,5057221590506707.0,1.276460323266674e-06,1.1721946991965232e-12,8400837132.161635,2257808.0,4.176834914726472,1.5194441972692138e-16,2.6978195392799904e-07,2.472587098082276e-13,1775530515.7824056
492,81649.0,1.2739667,6569991898275743.0,0.0012777592690079356,8.512411167502892e-10,6589550610175.975,63381927.22,4.176834914726472,1.9390689056014592e-16,0.0001837212991597708,1.1895754002279283e-10,947471740839.3707
493,29511.0,54.415424,8.86341465874481e+16,0.06357471935323508,4.896044679481663e-08,103553194667940.33,5153764816.37,4.176834914726472,6.139329603214798e-16,0.0009912928932093795,7.658822738561378e-10,1614659836295.9678
494,12836.0,52.56545,3.0067857021309372e+16,1.5784670364070397,1.3950793186846615e-06,902895745466590.8,8782385891.57,4.176834914726472,1.7482273499819549e-15,0.0014154901530692241,1.0668635678132051e-09,809671667179.8063
495,39801.0,5.6293344,8918077019922040.0,0.006422992109141546,4.282436363538584e-09,10175401611898.525,123672196.42,4.176834914726472,6.312273809056216e-16,0.00026060679285451905,1.6546937342352008e-10,412857237720.9408
496,13887.0,103.600555,8.709254634925197e+16,1.2286562840460895,1.1550990635709737e-06,1032878678744373.0,10661852627.95,4.176834914726472,1.1895455965261236e-15,0.0014144493872683948,1.132242474121433e-09,1189066977675.3967
497,48922.0,14.304094,2.84486265071497e+16,0.027603937831697865,2.005670376738364e-08,54899955040882.164,1057701055.79,4.176834914726472,5.0280437955080535e-16,0.0005142101825412462,3.7391868881061017e-10,1022684374787.3289
498,9747.0,21.203434,9714851587441726.0,0.176253944289835,1.4696223328921462e-07,80754886707359.25,3504188221.2,4.176834914726472,2.1825793023343177e-15,0.0007996383204568635,6.013941784820483e-10,366373088758.62256
499,39281.0,11.360183,2.3009706731125944e+16,0.015504153790520604,1.1227220949824172e-08,31403194106481.715,1175836882.18,4.176834914726472,4.937126375727652e-16,0.00045231909591130783,3.355489629967113e-10,916158634575.4485
500,31246.0,4.149151,9435602223313730.0,0.004043294965328528,2.977600596554553e-09,9194874557317.166,138859919.97,4.176834914726472,4.397335646206206e-16,0.00024774949489159127,1.6888242580525e-10,563408197200.8135
501,52632.0,4.4205728,8553215884010868.0,0.00454270775460601,3.1759123767080332e-09,8789530651574.263,428958217.37,4.176834914726472,5.16831664247326e-16,0.0002252226483529115,1.787429777018309e-10,435775638245.5949
502,135857.0,1.2174194,1.339054858860808e+16,0.0015614265394986349,1.1421863589481268e-09,17174326238516.195,34799043.59,4.176834914726472,9.091631996583855e-17,0.0001372739114523725,9.740156636886766e-11,1509892959855.311
503,91514.0,1.2828817,8685648534818423.0,0.001404965007750482,9.531014740508162e-10,9512203861851.898,57620045.86,4.176834914726472,1.4770131382328828e-16,0.00010287445515763277,6.986529307694888e-11,696503318045.722
504,16537.0,15.572961,1.634276692853856e+16,0.019731955012817284,1.5456800967985166e-08,20707349220156.72,1333013202.49,4.176834914726472,9.528962303687825e-16,0.0005681888481288873,4.275703036514662e-10,596275680415.8951
505,57876.0,3.7109535,1.1822831808120244e+16,0.004802536655797622,3.442571282532904e-09,15300537485535.066,187600504.77,4.176834914726472,3.138802581502695e-16,0.00019101580246349181,1.465342920881767e-10,608562652487.8268
506,8956.0,259.0771,1.603447073928491e+17,29.069928051441348,2.3802945813414188e-05,1.7991590562575924e+16,17916511148.3,4.176834914726472,1.6157508670694925e-15,0.0016686824332546742,1.2504101324193358e-09,1032759732495.8794
507,73816.0,2.3031113,7047493459293274.0,0.002229510485972591,1.6370852532044312e-09,6822275835005.283,63168560.71,4.176834914726472,3.267986431350242e-16,0.0001648861925055088,1.1592604526535626e-10,504549807562.6414
508,35799.0,12.98063,1.5865649996896936e+16,0.016215129105350674,1.1264557313370529e-08,19819035211695.453,915770780.9,4.176834914726472,8.181593570095648e-16,0.0005161900092770735,3.675085884376638e-10,630916220482.7524
509,46967.0,2.4262316,7420171113269790.0,0.002116410419484142,1.4369873255205623e-09,6472641547690.431,170415857.59,4.176834914726472,3.2697785037073774e-16,0.0001551162717076869,1.1318084818031585e-10,474393820657.3051
510,82755.0,0.2972129,5275902521201571.0,0.00020524012018193754,1.4490607176273257e-10,3643270085247.302,2977783.8,4.176834914726472,5.633403930524301e-17,3.103147248233653e-05,2.1909209439375743e-11,550847637858.7755
511,43160.0,12.607491,2.910620453202983e+16,0.020465202281076178,1.5386346555968823e-08,47246860091541.34,1193454820.21,4.176834914726472,4.331547586744306e-16,0.000548166616186005,4.453480228562311e-10,1265521399011.1558
512,9979.0,151.92451,1.5024185351200157e+17,29.899222346150903,2.875850572064952e-05,2.9568070246553156e+16,20573883178.25,4.176834914726472,1.0111996520853893e-15,0.0018613623117864813,1.4995201817670813e-09,1840746590396.6719
513,2585.0,45.48507,6.821589865107952e+16,12.685878300196892,1.080878534621552e-05,1.9025552525832324e+16,15187013208.33,4.176834914726472,6.667810715600709e-16,0.0009090458545902711,6.759567128477132e-10,1363334823622.6504
514,30804.0,11.273029,1.7970919444686464e+16,0.02202299599200625,1.6832945977154104e-08,35107998649076.24,2251072229.89,4.176834914726472,6.272928346653483e-16,0.0004974879109007698,3.9728624371121394e-10,793071247444.0624
515,37424.0,2.907345,4258373504719495.0,0.0019984151602103436,1.623053955888057e-09,2927068569319.944,187668300.33,4.176834914726472,6.827360250992147e-16,0.000137526885230724,1.1297558256971337e-10,201434932645.80362
516,91529.0,0.74911743,5597258665705093.0,0.00020766842399089534,1.2382916857405845e-10,1551657776506.8936,3348211.0,4.176834914726472,1.3383648581222621e-16,2.7924333181114103e-05,1.6762156184814295e-11,208645146438.5593
517,55462.0,3.0633943,6701592196137566.0,0.0018333056281047628,1.2890834722609032e-09,4010605716163.2627,117767314.8,4.176834914726472,4.571144006293869e-16,0.00016415105930772217,1.0821121877898995e-10,359102795890.2795
518,19644.0,93.96074,1.125741175240675e+17,0.15769566675301405,1.2435754651608566e-07,188934767032379.56,9157293027.93,4.176834914726472,8.346566872257461e-16,0.00129559331950558,1.041876072410276e-09,1552246976912.0369
519,52558.0,5.2810664,1.5904109744427016e+16,0.006959836485740827,5.275919086033603e-09,20959782530378.594,345147605.68,4.176834914726472,3.320567126902873e-16,0.0003274153875705355,2.345294286834294e-10,986022492717.74
520,120884.0,0.17913137,6412499319075649.0,1.388657069162076e-07,8.550093782793542e-14,4971079331.5717945,3079564.0,4.176834914726472,2.7934719535505774e-17,9.060256549575454e-08,5.578486216311349e-14,3243367644.360856
521,16791.0,33.72266,3.046464380481336e+16,0.034901416070716985,2.5955378107059116e-08,31529517804288.918,1626752652.93,4.176834914726472,1.1069441748953545e-15,0.00072539211665891,5.592417040523455e-10,655310478261.0066
522,68456.0,3.1925895,8142729682802633.0,0.003218343096133292,2.176249866208732e-09,8208414473056.271,82109315.24,4.176834914726472,3.920785319378486e-16,0.00013271626439718,9.007134238275061e-11,338494086226.1183
523,62028.0,6.4611716,2.036144433409194e+16,0.012755954816367761,9.31170725066669e-09,40198539831640.47,335819975.81,4.176834914726472,3.173238348903282e-16,0.0004094654941864832,3.039061993092558e-10,1290371063138.0732
524,1041.0,58.514313,1.6197090142423762e+16,4.318491744277606,3.935141355445154e-06,1195382744412930.2,11921423653.19,4.176834914726472,3.6126435356890475e-15,0.0013943278663342516,1.0409075443999167e-09,385957776503.4901
525,55163.0,3.309072,1.0155710829732914e+16,0.004329523113924624,3.3501990123627097e-09,13287527371922.785,78268806.84,4.176834914726472,3.258336177032549e-16,0.00018123320931494113,1.4164936237297683e-10,556213967706.656
526,134397.0,1.1594656,1.2132117797691944e+16,0.0011936562141631197,7.904385022540697e-10,12489872748423.041,26916877.6,4.176834914726472,9.556992598774311e-17,0.00010061418653910687,6.32466525100082e-11,1052780835594.7737
527,32246.0,25.951397,7.592925780476947e+16,0.04191489076927476,3.321198992878932e-08,122635654145286.11,3511059644.2,4.176834914726472,3.4178388871818883e-16,0.0007006891679380945,5.743907075712024e-10,2050094200068.728
528,29430.0,13.162435,1.863413345109262e+16,0.01631162673565042,1.1885793488476238e-08,23092461949215.34,857335605.36,4.176834914726472,7.063615292090879e-16,0.0004732208383055823,3.6824643080884255e-10,669941409231.9652
529,86505.0,2.0177152,1.0677507338839216e+16,0.0023944130610270365,1.6824619722736456e-09,12670947332571.344,109500023.27,4.176834914726472,1.8896874860114606e-16,0.0001564223629522472,1.1530455871664029e-10,827768422610.481
530,26730.0,26.486591,2.7409736273570972e+16,0.03434327543031485,2.477049693848243e-08,35540252134204.05,1961414811.87,4.176834914726472,9.663205342671944e-16,0.0007346233398288547,5.192127892081835e-10,760227392234.7657
531,66928.0,2.8630888,1.2033413718381312e+16,0.004456104141755471,3.326285875350371e-09,18728774570294.875,129358284.19,4.176834914726472,2.379282277668694e-16,0.0002187448084931992,1.6482639092350203e-10,919373083834.0593
532,26686.0,27.876522,6.296640034288235e+16,0.5780350559987062,5.072243225069455e-07,1305643033526024.2,6308367062.98,4.176834914726472,4.427205914296978e-16,0.0010096101090930956,7.74810370860915e-10,2280467926356.702
533,51660.0,8.103803,2.906223696643589e+16,0.012715062177377938,9.446804910547019e-09,45599350088091.23,253855303.69,4.176834914726472,2.7884305703511806e-16,0.00043965736092134314,3.345333593145832e-10,1576719770598.3113
534,13544.0,50.169617,4.26032449377935e+16,0.31439714711907135,3.06481636605355e-07,266981082722981.44,6196107141.08,4.176834914726472,1.177600839402126e-15,0.001050498954144093,8.198752397759879e-10,892067090133.3907
535,29586.0,28.295498,6.2309197593037656e+16,0.2876668888330583,2.2782177486817496e-07,633468017324643.9,3649695613.65,4.176834914726472,4.541143056408369e-16,0.0006554199201542263,5.038422688959749e-10,1443292827406.7717
536,19527.0,36.312057,2.727400615062368e+16,0.438312486297756,3.561396725065306e-07,329216751537379.25,6036204529.88,4.176834914726472,1.3313796586927017e-15,0.000990521879495599,7.922728755629645e-10,743981533012.3076
537,19040.0,3.701613,1.1271443399819078e+16,0.005602589607136139,4.0114755060338885e-09,17059933507162.848,182292232.7,4.176834914726472,3.284062979954649e-16,0.0002361312030556598,1.7260601074738536e-10,719021542817.4298
538,101834.0,0.92668444,6684409776311278.0,0.0002849560051331659,1.757679343194926e-10,2055459900169.1892,4431063.8,4.176834914726472,1.386336970668757e-16,7.543008225088728e-05,4.648608810149241e-11,544096304482.8882
539,32320.0,16.557344,2.3587227630946692e+16,0.02718181597088172,1.976627313242307e-08,38722616424934.42,1085356992.18,4.176834914726472,7.019622763243524e-16,0.0006329579295047619,4.687722008305415e-10,901697927157.9745
540,39512.0,21.751835,6.3906884045180056e+16,0.03429307069804318,2.512480631265731e-08,100753030383551.89,1313817480.63,4.176834914726472,3.4036763527106363e-16,0.0006413935972088647,4.6337324769888277e-10,1884414176741.7708
541,18743.0,8.861372,8699252679681695.0,9.832418286611428,8.368652477167414e-06,9652533617543172.0,3879134098.35,4.176834914726472,1.0186360054464168e-15,0.0008460017124874493,6.306889293688359e-10,830524061552.968
542,107359.0,1.2994213,1.2309216668926038e+16,0.0010780795249325848,8.150171294909964e-10,10212480323916.531,29987209.8,4.176834914726472,1.0556490595216507e-16,9.594352450351392e-05,7.894559251122674e-11,908858144078.5736
543,77768.0,2.2692447,8361772526310223.0,0.0014399834038545686,9.543523290521333e-10,5306088701978.156,100314130.8,4.176834914726472,2.7138321364995843e-16,0.00013026914251552238,8.832454973835733e-11,480019160962.3617
544,59338.0,6.100421,1.589624170447493e+16,0.0117670141507378,8.546434324121588e-09,30662031535217.793,429605454.63,4.176834914726472,3.837649875619769e-16,0.00036148815791395256,2.85231913176469e-10,941951896681.49
545,31130.0,25.664911,4.072866754517636e+16,0.0723092723624562,5.695424963963124e-08,114750458884665.05,2950411647.84,4.176834914726472,6.301436444374814e-16,0.0007865687825086258,5.648716668082971e-10,1248237270108.1235
546,15819.0,21.311527,1.7731826464897574e+16,0.16449930612912014,1.453136340983761e-07,136868331859918.81,2748427625.52,4.176834914726472,1.201879966634509e-15,0.0007416028567882765,5.223163763271228e-10,617035708536.6058
547,21794.0,38.79771,4.629316876067906e+16,0.07460370562989492,5.611231885536686e-08,89016643892042.8,5580241986.96,4.176834914726472,8.380871527842868e-16,0.0009646489751175158,7.068802552641141e-10,1151012722140.8494
548,92047.0,0.15920135,7266199045835433.0,0.0002944377334668651,2.109847728918811e-10,13438599471517.564,2951844.4,4.176834914726472,2.1909852592222206e-17,6.076974403886385e-05,4.511556685830837e-11,2773626330121.2964
549,41325.0,12.798526,1.9872376055920104e+16,0.018743912252956744,1.3800165047158762e-08,29103825944481.81,1069631946.64,4.176834914726472,6.440360208555555e-16,0.0005055865341463597,3.6232883706473763e-10,785028348996.2632
550,5114.0,31.445736,2.766080466175067e+16,0.04307392096499661,3.2931492536478796e-08,37889375965900.695,2230343318.97,4.176834914726472,1.136833739456724e-15,0.0008339796129955323,6.38376734679881e-10,733598576511.354
551,26704.0,100.135414,1.2876158577771326e+17,0.4691017254750096,4.0076057199605855e-07,603205995265808.2,5843348819.62,4.176834914726472,7.776808074798653e-16,0.0012618811008568876,1.025164612855592e-09,1622620860280.853
552,101681.0,0.7109963,4904693091832921.0,0.00017909515507240077,8.624312170893199e-11,1235458988836.2988,9589751.44,4.176834914726472,1.449624444766829e-16,4.952321306099747e-05,2.1692360940246454e-11,341627883275.40405
553,44172.0,3.1549084,5539904498967480.0,0.003658290277937475,2.5703292737803875e-09,6423824783399.356,211326567.52,4.176834914726472,5.694878676316546e-16,0.00023116525509129832,1.5523116228776836e-10,405917787243.91766
554,22952.0,79.80342,1.2686634026260242e+17,0.0863918027507957,6.501591971668556e-08,137340127073276.78,3617190939.07,4.176834914726472,6.290354071443519e-16,0.0011340676770571268,8.818915663531388e-10,1802867794367.0657
555,3056.0,16.266273,9011286549050102.0,0.028976870979109323,2.1575161499377682e-08,16052779126946.172,1621174711.53,4.176834914726472,1.805099961194183e-15,0.0005850497517886035,4.3093420580648626e-10,324109337081.564
556,102240.0,0.7614893,8674986464264887.0,0.0007953605154199327,6.317029321460554e-10,9060851814304.758,36063261.15,4.176834914726472,8.777988336198841e-17,9.87438403966974e-05,8.56836662244829e-11,1124902843507.955
557,13441.0,13.4625845,1.0627824730146428e+16,0.015917290240287835,1.1255893125547208e-08,12565653411694.422,851044432.05,4.176834914726472,1.2667300074880436e-15,0.0004748028955152141,3.200884655786054e-10,374825647698.01245
558,26783.0,17.237131,2.8665564740119836e+16,0.09192863262393754,8.423929158689734e-08,152878467417354.66,1955667101.87,4.176834914726472,6.013183816984148e-16,0.0005861301941325808,4.4458641235558306e-10,974741853852.9702
559,49198.0,16.151161,3.5610667800212184e+16,0.013837487347161758,1.0533647377463307e-08,30509395894785.32,1178237998.52,4.176834914726472,4.535483886630108e-16,0.0005178242911265259,3.828112778215093e-10,1141717849892.4678
560,2464.0,71.91238,1.253842030588172e+17,57.66766344083452,5.4646824591153177e-05,1.0054755555014483e+17,32281382091.48,4.176834914726472,5.735362050853105e-16,0.0016571869626125003,1.3336528615232475e-09,2889419966723.8135
561,28765.0,29.637972,8.485481473294418e+16,2.2239232374330653,1.8170553271220015e-06,6367189843241372.0,6380150798.4,4.176834914726472,3.492786130436663e-16,0.000984663443923798,7.493740586457593e-10,2819134659701.3
562,29387.0,24.056559,2.6399690668012324e+16,0.0409663303966136,2.9185151176274996e-08,44956489840221.52,1738005689.64,4.176834914726472,9.11243972610201e-16,0.0007430268021424714,5.360201156702256e-10,815398317548.3926
563,11656.0,38.08453,4.601280252587305e+16,6.788937924548632,6.386089474826763e-06,8202229621388700.0,10270046388.97,4.176834914726472,8.276942048592896e-16,0.0012108506951225147,9.269985954524278e-10,1462920349102.0732
564,10264.0,26.588242,4.378364091748754e+16,0.03553811915425856,2.559373612602469e-08,58521667131393.74,1209078619.14,4.176834914726472,6.07264298784719e-16,0.0007195805348105465,5.29836716639074e-10,1184954452699.754
565,33370.0,3.6328604,6190411332665505.0,0.0025936697762108723,1.7166090684674832e-09,4419625586451.873,163365625.73,4.176834914726472,5.868528284752511e-16,0.00014492117309574653,9.048125781316997e-11,246946365534.74185
566,31304.0,13.162947,1.8514268557195772e+16,0.043484017870493274,3.3875903076127414e-08,61162199072913.74,1369245950.16,4.176834914726472,7.109623023634967e-16,0.000564159893868436,4.36315163654545e-10,793515903716.644
567,25871.0,11.825666,1.7712614020857064e+16,0.015909441398881737,1.1506856389118598e-08,23829338219584.12,730962335.65,4.176834914726472,6.676409244888965e-16,0.0005009099210631677,3.591846584732352e-10,750268449236.5901
568,17990.0,7.67361,7016190385002056.0,0.009914925827239652,7.277026847271175e-09,9065486421265.531,538285186.7,4.176834914726472,1.0937003671398737e-15,0.0004042992495855996,3.080650504367366e-10,369661802933.1736
569,9.0,1.9620626,8815898180483858.0,0.0012023037591384924,9.017925275823313e-10,5402165824157.668,134763825.54,4.176834914726472,2.2255958041161415e-16,0.00016653707681145585,1.2399288668345876e-10,748280871591.5659
570,42162.0,3.5620658,5900230766519704.0,0.004889510685464165,3.264963423837012e-09,8099019782173.174,135493396.81,4.176834914726472,6.037163529624303e-16,0.00023759500227258336,1.9927726210380366e-10,393554027660.0211
571,10155.0,99.46981,6.788623856178992e+16,4.06934441641714,3.337410458784146e-06,2777249557860639.0,16599110205.74,4.176834914726472,1.465242619230741e-15,0.0015435655325730417,1.1529186902580307e-09,1053453886963.3894
572,24095.0,29.236185,2.822413221312616e+16,0.2008831617246535,1.6064341978156548e-07,193929300827294.16,4674065674.39,4.176834914726472,1.0358577113808717e-15,0.000916417273541616,6.948147555474007e-10,884694165494.9567
573,69598.0,1.8702552,8098764853039533.0,0.0019530861575859763,1.3236646068790873e-09,8457447693777.479,107014954.72,4.176834914726472,2.309309177310016e-16,0.00013501642064967615,9.54267300802357e-11,584661516856.5222
574,108722.0,1.1679238,5377614443397046.0,7.827832247527513e-05,1.8211753973055474e-10,360426457229.4281,4386697.9799999995,4.176834914726472,2.1718250951108e-16,9.260622839382785e-06,2.3269924005055598e-11,42639818741.52871
575,126615.0,0.91055006,8479525516223429.0,0.0013828492229790404,8.799780684783661e-10,12877826037747.463,22681630.0,4.176834914726472,1.073821947062831e-16,0.00017240886583824423,1.1269925472628597e-10,1605562880418.166
576,28454.0,4.1838217,6462552362958252.0,0.003997393510049665,2.513964771909684e-09,6174585516884.106,239990118.85,4.176834914726472,6.473946306386048e-16,0.00024498045086019505,1.6243006756131292e-10,378409766263.49335
577,1044.0,10.519664,7769597662211621.0,0.013537230658764025,9.403018435440683e-09,9998307520007.525,411728658.14,4.176834914726472,1.3539522195806432e-15,0.00038001058006041465,2.568468995662902e-10,280667644370.8734
578,113507.0,0.9972594,7077221935327858.0,0.0004115443793457018,2.6135426833151433e-10,2920595091774.8076,51528673.25,4.176834914726472,1.4091113845418798e-16,5.4540716709233726e-05,3.3606731463552274e-11,387057526520.273
579,17596.0,48.51762,4.075657332158878e+16,0.045798997349170874,3.458612998945811e-08,38472830973916.96,3137031770.51,4.176834914726472,1.1904244161346162e-15,0.0008708382394150822,6.556453252484014e-10,731535935933.4626
580,84394.0,3.6948938,1.9445152700004996e+16,0.0053965450963047445,3.6357666907918957e-09,28400449141490.594,114586434.01,4.176834914726472,1.900161884560079e-16,0.000264577697830135,1.693045404183558e-10,1392395563662.1423
581,108295.0,1.2072887,9023278169176550.0,0.000656515877767789,4.228058860654771e-10,4906800989340.719,30467600.8,4.176834914726472,1.337971275366517e-16,7.956984034844298e-05,5.136231969516869e-11,594705146615.6926
582,22654.0,20.883038,2.230659427395182e+16,0.15421993481722254,1.297141137312339e-07,164732809226467.9,3491531794.29,4.176834914726472,9.36182267159709e-16,0.000732360331879516,5.580157156420761e-10,782283917961.2213
583,16997.0,14.170739,1.3124733711687434e+16,0.01963154182916248,1.4603676698000469e-08,18182450390033.35,894578453.32,4.176834914726472,1.0796972579627356e-15,0.0005004822255393388,3.7310595433099316e-10,463539405929.1131
584,96240.0,1.2522295,5700288936869239.0,0.00023961431964363383,1.7793979914776225e-10,1090751220427.2902,17119769.8,4.176834914726472,2.1967825032528267e-16,6.109466158069937e-05,4.6546430817020525e-11,278109742271.86847
585,28099.0,2.7659736,1.2115511987689968e+16,0.0022646354817755284,1.4379010049175493e-09,9919551772728.22,109810429.03,4.176834914726472,2.2830018267576166e-16,0.00013244732245035703,8.932190621178799e-11,580145494839.4082
586,40811.0,6.0419354,1.4460357133438744e+16,0.009381005784015881,6.692274572244806e-09,22451861022500.203,301144897.16,4.176834914726472,4.178275366400441e-16,0.00031565306898547835,2.1470996146722557e-10,755462580383.7615
587,79025.0,2.2502434,1.1325461520006144e+16,0.0029089401154479204,1.9442741671212168e-09,14640678133533.312,98171943.64,4.176834914726472,1.986888919294813e-16,0.0001526328967474235,1.0084600300930394e-10,768200452804.357
588,10199.0,66.23565,6.197285792837206e+16,10.677773067642082,9.69463969121247e-06,9990573253412328.0,11076489914.28,4.176834914726472,1.0687848231326504e-15,0.0012395176459875687,1.0069087993069898e-09,1159744804716.1577
589,5314.0,36.96368,1.5336785940719388e+18,28.698071069556097,2.9823452293463325e-05,1.1907260665207951e+18,8578367406.36,4.176834914726472,2.4101320930522275e-17,0.0007618032521630418,6.075713277967885e-10,31608360983994.15
590,20871.0,15.606164,1.6918488973448248e+16,0.03821108448590746,2.974293991312669e-08,41424261050846.625,2501393250.7,4.176834914726472,9.224324952714275e-16,0.0006652630605442,5.093626656001911e-10,721205143958.4694
591,43962.0,12.928816,2.175731948987002e+16,0.02406984392911153,1.7918572168525707e-08,40506051322641.445,1167656193.31,4.176834914726472,5.942283472014795e-16,0.0005321306700385725,3.8895336977051896e-10,895498628674.7236
592,17777.0,41.39681,4.987400800076798e+16,9.946647431271497,1.0046269990693166e-05,1.1983512100764598e+16,7943783867.12,4.176834914726472,8.300277370802554e-16,0.0011131622556310558,8.589922192929943e-10,1341114526541.9294
593,48687.0,7.170224,2.7375930356581372e+16,0.010346445673665383,7.194277010653541e-09,39502751406429.72,382377339.91,4.176834914726472,2.6191708945066873e-16,0.0003196548940044129,2.2728126610511169e-10,1220443059575.992
594,37676.0,19.161896,3.549591105511891e+16,0.026799371073046755,1.9346706570576478e-08,49643735251563.54,905314854.69,4.176834914726472,5.398338972126942e-16,0.0006700214393600885,4.896891980037749e-10,1241162221971.5862
595,16441.0,4.845913,1.0134220353765836e+16,0.005974198225851601,4.348726871140387e-09,12493794514647.094,187099926.93,4.176834914726472,4.781732418319953e-16,0.00032564389642876707,2.0367687831065914e-10,681016560402.142
596,43298.0,5.56778,9649890484939922.0,0.005457801840464514,4.082351449968969e-09,9459280009085.506,148778383.64,4.176834914726472,5.769785686883538e-16,0.00020514897108325227,1.611679397813363e-10,355557350335.58997
597,5220.0,20.928213,1.969667367949988e+16,15.505083001515814,1.7636818877902066e-05,1.4592672592467284e+16,7599886216.47,4.176834914726472,1.0625252436294305e-15,0.0009802578765631118,7.058081453037299e-10,922573729368.2498
598,13997.0,24.431332,1.669262954171261e+16,0.25525155009213385,2.263667313814034e-07,174399806184774.94,2760259751.39,4.176834914726472,1.4635999642207014e-15,0.0006687603043843437,4.737921176958091e-10,456928341577.56165
599,116060.0,0.6437976,4634137493875295.0,3.0192805239167267e-07,2.4302904083496395e-13,2173316750.545505,1242353.8,4.176834914726472,1.3892501050106404e-16,9.060256549575454e-08,7.292815097901623e-14,652168858.3572978
600,35829.0,26.82033,4.946562335107174e+16,0.03915256582191547,2.9512332414935686e-08,72210374524657.81,2115873693.64,4.176834914726472,5.4220139529322025e-16,0.0007613856963694272,5.611748017538393e-10,1404248869477.1304
601,48998.0,3.1043637,6577628955198307.0,0.003836898310144379,2.8001819177628764e-09,8129747626850.914,411090300.76,4.176834914726472,4.719578621938864e-16,0.00024081802834998117,1.6447598402220506e-10,510253240046.7777
602,2761.0,11.966325,3.4022280332584856e+16,0.016400892860195505,1.1776715211217503e-08,46630504736772.65,1010868428.29,4.176834914726472,3.5172025164166454e-16,0.0005121406177383744,3.782476468425236e-10,1456102158883.2122
603,8678.0,81.10906,5.732304177615067e+16,12.786118224754418,1.104289808375406e-05,9036465089749518.0,11748988113.59,4.176834914726472,1.414946895468927e-15,0.0013192843171510396,1.0314798180872861e-09,932391400253.7997
604,25714.0,22.592808,4.49122236813996e+16,0.029526224751102788,2.2437222885615615e-08,58695156905188.836,3327281130.23,4.176834914726472,5.030436292860916e-16,0.0007061083489286642,5.266176796872306e-10,1403672182332.8875
605,21820.0,10.571805,1.4019010031173346e+16,0.015200731545707514,1.128963437213822e-08,20157315427256.44,704352921.3,4.176834914726472,7.54104960085771e-16,0.000424629851885288,3.178833051918924e-10,563091180088.5
606,104636.0,2.246264,2.0956896613683824e+16,0.0031108498551529026,2.257624602024118e-09,29023195312364.297,99752051.58,4.176834914726472,1.0718495402288238e-16,0.0002103344203754916,1.5794300673970434e-10,1962350241159.672
607,41376.0,8.837706,1.2441945723727632e+16,0.008219320534959527,5.85989738771363e-09,11571367047272.943,236942659.68,4.176834914726472,7.10315427847101e-16,0.00034778543290369876,2.5029649289780397e-10,489621116576.05914
608,73543.0,2.7744071,7915701774882224.0,0.002279898517520561,1.667148812773684e-09,6504812052163.814,123873558.59,4.176834914726472,3.5049414175804767e-16,0.00018326572335069336,1.298521192505858e-10,522878135513.04645
609,30102.0,18.222557,1.8911930521379316e+16,0.0332177481708142,2.4727169449903632e-08,34474401451075.89,1501188330.51,4.176834914726472,9.635482204949936e-16,0.0006620363277875529,4.905209598340737e-10,687081677601.4094
610,26663.0,50.652866,5.3074685356551416e+16,0.08597104535773491,6.293949758137162e-08,90081500662481.58,2135503295.02,4.176834914726472,9.543695955937971e-16,0.0010796267559447382,8.11016620784658e-10,1131245966897.1406
611,30078.0,30.348255,7.508098123032126e+16,0.1268622781145686,9.657363981496116e-08,313854761071294.56,3358660527.74,4.176834914726472,4.042069576435415e-16,0.0007287118666170682,5.394873753984586e-10,1802818711645.479
612,2584.0,23.8622,9955092807596356.0,4.81154794276099,5.049343975558417e-06,2007334039543084.0,6431701445.93,4.176834914726472,2.3969841829893996e-15,0.0009086780223601366,7.260805950459903e-10,379092206285.1823
613,99391.0,2.1175625,1.2903054514692418e+16,0.0035034001800350154,2.5080388564691095e-09,21347451850783.64,48418304.32,4.176834914726472,1.6411327237196272e-16,0.00015572430282184124,1.1059511642244921e-10,948883052364.5408
614,74503.0,3.2733924,1.1957921689379144e+16,0.0041625687213357136,3.045208485645947e-09,15206142348345.264,242573951.09,4.176834914726472,2.7374258546176803e-16,0.0001884425989858778,1.4403890796623378e-10,688393436001.197
615,66054.0,1.9212505,8653861844219507.0,0.0013282138109582359,9.019710090216952e-10,5982654952915.749,47163204.7,4.176834914726472,2.2201076635899054e-16,0.00010016667580475758,6.199783209263427e-11,451179361467.4905
616,95602.0,1.7239642,1.1230160026591386e+16,0.0020667423529765216,1.5244564811291027e-09,13463068060033.01,62937424.5,4.176834914726472,1.5351198878002658e-16,0.00014498842415171302,9.401851800387658e-11,944476228234.3478
617,38173.0,3.138126,4631117013056031.0,0.0037775105102746567,2.6748827548252223e-09,5574694321111.049,199669976.14,4.176834914726472,6.77617514554913e-16,0.0002325592450406075,1.5276126234075888e-10,343201348910.472
618,67954.0,1.3980676,1.0678947456610122e+16,0.001807245950554966,1.3439399374758426e-09,13804400121387.475,61915426.13,4.176834914726472,1.30918108332354e-16,0.00016232334780009257,1.2443470333173164e-10,1239884610828.717
619,82732.0,1.2079384,8525223287167243.0,0.0015065699186036729,9.2619404834374e-10,10632864187301.018,29271809.3,4.176834914726472,1.4168994280985843e-16,0.000132596591523904,8.055635551709346e-11,935822182537.2794
620,35684.0,23.611221,4.8139744092417016e+16,0.031975211123636424,2.5062222806824936e-08,65192667536882.71,3247889169.67,4.176834914726472,4.90472507595221e-16,0.0006104351753380864,4.4262973561352897e-10,1244585916407.5076
621,75683.0,1.1507108,6177867287354185.0,0.0008005053057634999,5.14398218112206e-10,4297704985327.1436,17179499.2,4.176834914726472,1.8626343792710681e-16,7.571684252773342e-05,5.438034882693256e-11,406504053454.467
622,133578.0,0.5948736,5151104527999749.0,8.440583133822497e-05,5.5982205682669403e-11,730883434726.1566,4287115.1,4.176834914726472,1.1548466872812583e-16,6.546109712519856e-06,4.330538803466748e-12,56683798677.473946
623,38677.0,1.5649905,4160901296278804.5,0.0011275980400149747,9.496594720121525e-10,2997988899216.799,67292580.34,4.176834914726472,3.761181505073454e-16,0.0001487368859466744,1.287567637494531e-10,395452561239.18335
624,17816.0,58.317204,6.140546681941242e+16,0.2918384351572065,2.5526404181496647e-07,307293116224760.8,6957843022.16,4.176834914726472,9.497070378359845e-16,0.0010513338397820232,8.166932164508038e-10,1107008580432.9795
625,8732.0,116.53924,7.978669897587933e+16,41.1309987436855,3.5560263728153795e-05,2.8159670642606784e+16,17901259608.04,4.176834914726472,1.460634936598035e-15,0.0019088139841032898,1.5691050729640461e-09,1306838509935.3496
626,29766.0,26.686882,2.5114724618051296e+16,0.034752797708804586,2.5533437356935212e-08,32705467209075.65,1613898795.41,4.176834914726472,1.062599029288926e-15,0.0006641808584075662,5.018872644229735e-10,625053138672.6611
627,91960.0,0.99817204,4607815356589796.0,0.0006560405643935853,4.3914868182909185e-10,3028449672021.0674,20212920.8,4.176834914726472,2.1662587641939246e-16,8.18216255570405e-05,5.829371960654618e-11,377709380381.8341
628,65027.0,3.0166242,8529554381515785.0,0.002013369271945447,1.4941678064333632e-09,5692834624588.483,207864986.29,4.176834914726472,3.536672685430392e-16,0.00012094516643653712,8.36830327971933e-11,341974440933.65063
629,13188.0,7.0213556,7412538948603365.0,0.007474754459703425,5.321644209726588e-09,7891198184549.768,252760011.07,4.176834914726472,9.472268069934296e-16,0.0003530438434874542,2.4627129375993167e-10,372713104064.3184
630,38496.0,14.48744,2.9658338003312864e+16,0.017877330697311865,1.2592559102196354e-08,36598040538416.46,1309574577.55,4.176834914726472,4.884778101315637e-16,0.0005852036337397314,4.0852221141524903e-10,1198014774882.2332
631,121460.0,0.41970825,5835752757074392.0,0.00045972266727947,2.902850221725594e-10,6392125537360.203,27334170.1,4.176834914726472,7.192015622855314e-17,4.642945698996916e-05,3.080830803027623e-11,645569467930.8291
632,67631.0,1.2335092,4671202581185994.0,0.0006513280342053001,4.576941643516073e-10,2466528173911.1445,21999373.45,4.176834914726472,2.640667319735079e-16,8.787433204884951e-05,5.694607239164749e-11,332773202410.3111
633,5940.0,1.921316,4154409211143500.5,0.0014910617963498054,9.5524012482795e-10,3224082275450.6836,73713130.53,4.176834914726472,4.624763479838227e-16,0.00015056053218814066,9.86705457453689e-11,325552934424.6751
634,26763.0,34.031525,1.2502435677656846e+17,2.8581306266825646,2.421993330774033e-06,1.05001448857904e+16,7088912936.28,4.176834914726472,2.7219916084685704e-16,0.0009416079103379607,7.383213729974105e-10,3459260886067.6177
635,46161.0,21.469967,6.333450484215001e+16,0.043284452866133645,3.244474011263383e-08,127685309886128.61,2655555033.35,4.176834914726472,3.389932084179086e-16,0.00057131847674341,4.4738195664091885e-10,1685339005491.4973
636,24759.0,23.778742,4.699921434388654e+16,2.182147677700628,1.8299670199372233e-06,4313063594123947.5,6634007631.22,4.176834914726472,5.059391381739776e-16,0.0009820917931184063,7.383492128504941e-10,1941126351013.1802
637,16391.0,2.5091586,5351344739937799.0,0.0013565739143661783,1.1046384600007188e-09,2893198812135.7803,86082345.58,4.176834914726472,4.688837520172855e-16,0.00012286484194938308,1.0462519121883444e-10,262036893837.28876
638,93526.0,1.593986,1.2712477347583872e+16,0.0025453058668734284,1.875296821084617e-09,20299515287650.45,90953484.25,4.176834914726472,1.253875193966778e-16,0.00014413652419893708,1.0628347287815415e-10,1149528476936.7249
639,19568.0,91.81963,1.942447613992633e+17,3.537374296658714,2.761074697785905e-06,7483328197187886.0,14809075609.81,4.176834914726472,4.727006758821566e-16,0.0014541110139166995,1.07663317663564e-09,3076177141492.4033
640,87349.0,0.78056794,6043259734658054.0,0.0008618384660430831,7.418068646977264e-10,6672466844612.688,8959112.700000001,4.176834914726472,1.2916339430579959e-16,6.749492457143757e-05,5.5300569754280905e-11,522554590131.32306
641,111525.0,0.9991081,5699898743348045.0,0.0007864947980443281,5.290389528014845e-10,4486942615141.085,43871082.61,4.176834914726472,1.75285236630912e-16,7.341329382143517e-05,5.055050795354608e-11,418821888440.1389
642,1788.0,20.983185,5.927496586299986e+16,0.3443967665491183,2.321367211249182e-07,972879311721577.0,5686495554.15,4.176834914726472,3.5399742023466867e-16,0.0007835363040597609,5.958080664326421e-10,2213395520058.7236
643,24344.0,28.60286,4.701539014214706e+16,0.04688860241499733,3.859467701665952e-08,77072220601755.14,4752980272.74,4.176834914726472,6.083722779609331e-16,0.0007972467013844853,7.04936384340146e-10,1310458629141.6797
644,45389.0,5.717486,1.0277966154088422e+16,0.008119472065377569,5.953817053705973e-09,14595865923767.38,557862286.16,4.176834914726472,5.56285739248681e-16,0.0003114545277915298,2.141237439034112e-10,559882279585.6317
645,17143.0,9.662942,1.0459028316264596e+16,0.010309093947209646,7.3901324839076325e-09,11158413815264.3,761858057.33,4.176834914726472,9.238852508863925e-16,0.0004105526617314124,3.053332292551258e-10,444376248389.6357
646,12797.0,39.280075,6.030829347689654e+16,44.84952811914226,4.357652583606837e-05,6.8859300907891736e+16,13682959974.59,4.176834914726472,6.513212816251843e-16,0.0010958322925248625,8.304657375283452e-10,1682475797183.4258
647,11752.0,22.138878,1.3979314871443638e+16,0.029173613648419798,2.1523751682034034e-08,18421309839148.4,1605222960.22,4.176834914726472,1.5836883426400514e-15,0.0006654903065283133,4.845064453849497e-10,420215448084.2632
648,130690.0,0.8408111,8428118651637132.0,0.0007226040318263875,4.688850103975879e-10,7243235155178.337,22120966.34,4.176834914726472,9.976260832975762e-17,7.409727982251257e-05,4.37271721030458e-11,742735991601.0787
649,637.0,113.06603,2.8684083920778224e+16,3.6269949132046473,3.0308812175966657e-06,920143976670958.0,18204447128.21,4.176834914726472,3.9417689026525625e-15,0.0017109665378261872,1.2987179454403044e-09,434060590582.7747
650,72059.0,2.380584,6771545521954223.0,0.003656228572626115,2.692525558124219e-09,10400102755545.467,121992274.41,4.176834914726472,3.515569661729128e-16,0.0001370391036663504,1.0463863926603807e-10,389806252904.53754
651,15761.0,34.22493,4.961019390988964e+16,1.9760075117161238,1.994653993643461e-06,2864289739194073.5,5311800395.9,4.176834914726472,6.898769648464802e-16,0.0009965848843744665,7.870406463689765e-10,1444583505692.553
652,37720.0,10.160061,1.6232219641071472e+16,0.022867395266725515,1.6759310722129526e-08,36534089961535.34,1205364651.42,4.176834914726472,6.259193890090404e-16,0.0004671948407083166,3.5284644101636746e-10,746413753771.0447
653,33691.0,15.202061,2.7637310256540772e+16,0.022762630073670683,1.6547774563100814e-08,41382406609268.45,2002239593.5,4.176834914726472,5.500557347617506e-16,0.0005780080342878944,4.466945777541722e-10,1050817213165.2278
654,7828.0,15.150408,1.6805447476386408e+16,0.024965730754224254,1.7794606543735653e-08,27693001858413.35,1081146974.11,4.176834914726472,9.015176787936216e-16,0.0006218154421859655,4.3401962896603424e-10,689742926636.8425
655,9200.0,7.4105563,1.6739145503479236e+16,0.011046835407530549,7.876412748132796e-09,24952861533437.133,460255030.65,4.176834914726472,4.4270815965245735e-16,0.0003489093408383531,2.4419179401759987e-10,788124937910.0221
656,42066.0,2.2841916,7027980606961108.0,0.001414327681113407,9.029868723132028e-10,4351590958811.5537,60059478.2,4.176834914726472,3.2501393042228135e-16,0.00010102935053661842,7.780666194056296e-11,310846216361.7229
657,40126.0,14.889496,2.6826788078908296e+16,0.018046464724698723,1.3288990595103345e-08,32514779865147.0,1201167697.17,4.176834914726472,5.550234324065947e-16,0.0005511141246014535,4.137795850605673e-10,992956499533.3795
658,23552.0,11.55655,1.0490425802582932e+16,0.017112420089661604,1.26726069407822e-08,15533751271203.31,1460529876.17,4.176834914726472,1.1016283054167896e-15,0.0004844694109218506,3.6818197968878776e-10,439775746991.68304
659,5115.0,4.182432,8741235654917907.0,0.0049097162046516886,3.4201931507443295e-09,10261251430657.943,249169448.84,4.176834914726472,4.784714844802201e-16,0.00024369271466466756,1.7016883894327777e-10,509315022042.32556
660,45295.0,9.836239,1.1466222781758536e+16,0.01146113969385041,8.133660944975825e-09,13360389175430.225,569027810.69,4.176834914726472,8.578447486340789e-16,0.00035577613335289066,2.459565212701911e-10,414732542128.84393
661,21872.0,38.233875,9.646283880354778e+16,3.6277427267104074,3.550988144492674e-06,9152678400172856.0,6430715825.8,4.176834914726472,3.9635859232658003e-16,0.0009418202363859336,7.656130723696358e-10,2376182211309.0967
662,26948.0,36.239334,7.833618424391306e+16,0.22641946066189134,2.0785454465153202e-07,489436052738092.4,5456505062.02,4.176834914726472,4.626129591296234e-16,0.0008781522557569939,7.049905412239782e-10,1898243960586.796
663,38073.0,14.929802,2.271892808413502e+16,0.013237714679904452,9.582849995551076e-09,20144050658612.06,458789130.71,4.176834914726472,6.571525709624352e-16,0.0004335176833969508,3.1425218259895265e-10,659691071073.5574
664,90602.0,2.0318239,1.5854775637225738e+16,0.0023334505002462337,1.6108374280519385e-09,18208435357993.477,90270705.61,4.176834914726472,1.2815216982506147e-16,0.0001499383597563656,1.0455684301077078e-10,1170002505311.023
665,15181.0,55.09278,4.730281900508386e+16,0.06456693309782699,4.6361755584952946e-08,55437354042396.63,2456386717.81,4.176834914726472,1.1646828066225592e-15,0.0009988460296780255,7.109851222439477e-10,857612067421.6523
666,1973.0,4.746713,9021968218595770.0,0.005225696486398424,3.9411838406278205e-09,9932361113956.998,228923915.49,4.176834914726472,5.261283220014274e-16,0.0002441472777538103,1.7926017904656033e-10,464045115125.2563
667,87185.0,2.2776911,1.2216962805922828e+16,0.0023312127042829224,1.4862270099521078e-09,12504039244355.492,101492334.34,4.176834914726472,1.8643677124856003e-16,0.00014705510664588198,9.370246706516965e-11,788766645447.9955
668,72040.0,0.95419794,4389856858889519.5,0.00015830887514512996,1.1881822578987806e-10,728311466883.8348,7860036.9,4.176834914726472,2.1736424914806419e-16,3.665253842070097e-05,2.985246897241111e-11,168622662486.38705
669,11153.0,37.422237,5.871292146048393e+16,38.327651059717255,3.65254653143266e-05,6.01334539790877e+16,12651061452.75,4.176834914726472,6.373765104702994e-16,0.0010173504327433396,8.013995282788039e-10,1596153005376.1626
670,3057.0,66.67005,4.327218130826879e+16,2.5076884388938994,1.979715793277982e-06,1627614630444500.0,11878772751.95,4.176834914726472,1.5407138716915146e-15,0.0014737588086487631,1.075071923421366e-09,956542831038.9371
671,28883.0,9.585767,1.0957346179967124e+16,0.010387058625894717,7.026373216056265e-09,11873290593808.72,625839896.86,4.176834914726472,8.748256049010547e-16,0.0003510876668526957,2.427543057321024e-10,401323034997.8208
672,33112.0,14.828172,1.9599048964535524e+16,0.03776586414877316,2.9801592723616697e-08,49916808399565.49,1884959402.54,4.176834914726472,7.565760985051659e-16,0.0005688823695274706,4.276555216435341e-10,751916919727.522
673,24291.0,19.353275,2.372064468574958e+16,0.02956546305558197,2.12507774418011e-08,36237372956831.13,707663876.33,4.176834914726472,8.158831792470918e-16,0.0006729883854926861,4.79608471490361e-10,824858757492.3766
674,48128.0,1.418867,7335601034055330.0,0.0019131321507007816,1.3647705590329068e-09,9890972291952.064,64509332.980000004,4.176834914726472,1.934220513647005e-16,0.00017182477988372978,1.1577840748276447e-10,888341213793.4124
675,57795.0,3.0958006,1.0228983903191488e+16,0.0037214553121919848,2.7327263325159885e-09,12296239778769.428,133452559.61,4.176834914726472,3.026498652553453e-16,0.00020335652943693488,1.547020123038655e-10,671920105648.6948
676,51337.0,7.6730967,2.0482372309037024e+16,0.007902398567652388,5.776097524190348e-09,21094464976188.44,230605935.07,4.176834914726472,3.7461953060068903e-16,0.0003288682061842958,2.481473845081407e-10,877872559545.8607
677,23186.0,22.074675,1.7467582306265278e+16,0.03003583954636459,2.2076452074915118e-08,23767212854273.1,1311977267.11,4.176834914726472,1.2637510224916614e-15,0.0006625991985044213,5.044072397348388e-10,524311503383.0117
678,12738.0,44.87554,5.041271163679264e+16,10.718846038658361,1.1093487004996121e-05,1.2041439377131976e+16,9456381288.71,4.176834914726472,8.901631858907694e-16,0.0013964621435811969,1.1656932636337264e-09,1568770946401.0059
679,11356.0,44.00429,3.762812558279465e+16,4.134544509511274,3.4488042890164304e-06,3535454384823487.0,8714808328.66,4.176834914726472,1.1694520871940757e-15,0.001200822189135561,8.871021812733121e-10,1026824614950.026
680,117933.0,1.5128647,9533107337552458.0,0.0008279546463894808,7.254352127439723e-10,5217241511852.455,21309175.01,4.176834914726472,1.5869586341911626e-16,9.946387093472072e-05,9.120916555040862e-11,626757804468.0115
681,50687.0,2.0578299,8143815992115650.0,0.0029290870903757554,2.1711432076427107e-09,11591796916208.465,155682830.9,4.176834914726472,2.526861979681597e-16,0.00017835360770150697,1.2330087620272356e-10,705830429741.0847
682,49161.0,4.8035855,9875547027532334.0,0.0038162657361695686,2.67257950854459e-09,7845746005166.948,192987636.14,4.176834914726472,4.864120930828378e-16,0.00022517025315815344,1.4473831099549708e-10,462920754562.33795
683,28561.0,2.9667478,8421428390235621.0,0.0020842247456587864,1.2678776843182424e-09,5916293068363.452,49711474.75,4.176834914726472,3.522855817951085e-16,0.0001594102529203062,1.017331358550893e-10,452502915697.0159
684,14466.0,38.24731,5.153438206015786e+16,64.71228180884422,6.774992349284298e-05,8.719325502163634e+16,10653966262.72,4.176834914726472,7.421707308986959e-16,0.0008943767355198073,6.619784853678884e-10,1205082197780.563
685,8250.0,73.33039,3.768556530190679e+16,3.208369904097686,2.6945325860701077e-06,1648828453435823.5,6715297819.69,4.176834914726472,1.9458482156904164e-15,0.0015373961203645735,1.1450186506019677e-09,790090464388.6019
686,46178.0,6.0608745,7675704365199156.0,0.008283950254837543,5.724931771174897e-09,10491085590396.104,603774319.31,4.176834914726472,7.896180222207845e-16,0.00035714072278255585,2.316617324532575e-10,452295556499.7173
687,16946.0,62.262886,8.983674728336904e+16,0.09329919579180666,7.460629437178154e-08,134617856841555.72,2532662965.43,4.176834914726472,6.930670119166967e-16,0.0010027828832180122,7.247431315640719e-10,1446877236942.4817
688,14806.0,39.096786,3.1433061986674636e+16,0.07166244566812559,5.4739958561664635e-08,57615224351252.164,3766672052.42,4.176834914726472,1.2438109280150382e-15,0.0009383147787579366,6.992652896360989e-10,754386987301.4912
689,75961.0,0.7288817,4556715691941608.0,0.0002040741315922907,1.9124477096497386e-10,1275800720125.0186,7389910.76,4.176834914726472,1.599576864733961e-16,2.7487436979607043e-05,2.6272725792972044e-11,171841926359.56076
690,24674.0,29.997843,5.025886867537877e+16,0.14623184092701882,1.335692653289393e-07,244999178417925.5,6352024678.44,4.176834914726472,5.968666583753723e-16,0.0007943182998552985,6.453657649566482e-10,1330813656131.1284
691,35928.0,6.751472,1.0324901779521896e+16,0.006814449447197749,4.916375725931844e-09,10421212029589.11,411799598.13,4.176834914726472,6.539018137093245e-16,0.0003293712602988716,2.2469899527595301e-10,503701401943.63385
692,48730.0,5.0438213,1.5630828536559054e+16,0.006405586782754443,4.545203449413881e-09,19850946875791.11,478114413.78,4.176834914726472,3.2268419349639535e-16,0.00029991107125168466,2.06667993710767e-10,929425975291.9534
693,139103.0,0.7588089,5507349801058454.0,1.6258144560013303e-07,1.4890033401087942e-13,1179997878.361322,1091881.0,4.176834914726472,1.3778113383213192e-16,1.7390666783563014e-07,1.5927254694937466e-13,1262195069.8091395
694,27755.0,5.5070868,9023979453645808.0,0.008120549428570002,5.511341495358198e-09,13306431123571.703,524032730.86,4.176834914726472,6.102725331200819e-16,0.0003284782128330777,2.214267245424768e-10,538248397242.6198
695,29854.0,49.912125,2.0141065798908963e+17,2.1717088624192256,1.8648582672468136e-06,8763508084269974.0,8221865746.78,4.176834914726472,2.4781272996339516e-16,0.0009947168718801513,7.42223665101286e-10,4013986174265.8765
696,35460.0,1.3142294,6771203255096223.0,0.0022066380264774673,1.4091549054246372e-09,11369091718465.08,54826848.06,4.176834914726472,1.9409096884085842e-16,0.0001537942936409595,8.513467398019757e-11,792382533610.1057
697,60790.0,1.0091008,4749259791850235.0,0.0012167776004512651,8.107648128739218e-10,5726675604109.326,26607041.66,4.176834914726472,2.124753844234052e-16,9.007660899135396e-05,7.0538413255087e-11,423939032918.07196
698,44543.0,3.410752,6798757234356126.0,0.003797180948482587,2.9582895850693796e-09,7569037984484.139,182399949.35,4.176834914726472,5.016728620290284e-16,0.00021840614487784655,1.6830335138909243e-10,435355709683.9909
699,11954.0,30.542933,2.5904358916130348e+16,30.094699715547353,2.703031710968694e-05,2.5524199097208656e+16,18840221597.08,4.176834914726472,1.1790653881413474e-15,0.0012107402117396819,9.763391624692859e-10,1026864348590.7648
700,7465.0,79.17971,5.864074493780115e+16,25.17039917578393,2.475203217148428e-05,1.8641277646126588e+16,21040482662.91,4.176834914726472,1.3502507528508385e-15,0.0013603887044098919,1.0019096804202937e-09,1007508199153.1194
701,37009.0,5.776674,1.0188215842590686e+16,0.01051870353304517,7.870036273125311e-09,18551647882308.3,609590625.46,4.176834914726472,5.669956437172509e-16,0.0003743036829352052,2.8858035580414346e-10,660152660929.1954
702,52222.0,7.1499176,2.073046071934486e+16,0.009691533964016438,7.154091236667277e-09,28099619518865.414,578747707.26,4.176834914726472,3.4489911713963863e-16,0.00035578833021866833,2.8726622935934033e-10,1031572168607.8455
703,12927.0,5.1675353,6456769369529520.0,0.004388001958414894,3.177124414719602e-09,5482752413617.539,251670384.48,4.176834914726472,8.00328307278e-16,0.0002333399917629537,1.661720375794513e-10,291555340028.6032
704,12243.0,88.255005,6.1908520005713e+16,0.27124043849444124,2.159552915430403e-07,190267896000815.84,8383402329.43,4.176834914726472,1.4255712298057797e-15,0.001447545526077502,1.1352754596973475e-09,1015414379732.338
705,6556.0,4.5021396,4371544028513073.5,0.006527858846418835,4.677723649414305e-09,6338502333210.304,333452781.62,4.176834914726472,1.029874014909864e-15,0.00029817622378261265,2.0895494908569759e-10,289526893062.4582
706,108759.0,1.2035971,6467092449378252.0,0.0010744449272354624,8.370337868712573e-10,5773140094968.012,15732674.66,4.176834914726472,1.8611100883762908e-16,7.403176397009297e-05,5.800416317573691e-11,397782830969.88275
707,53046.0,4.886205,1.024901634261722e+16,0.004946180345380969,3.5287806680731243e-09,10374817101071.615,339276701.8,4.176834914726472,4.767486787665951e-16,0.0002538200838492266,1.8401595420827692e-10,532398085519.37463
708,54132.0,4.9271274,1.5525915358790674e+16,0.008225213290639794,5.718406758237868e-09,25918543400861.438,235524801.66,4.176834914726472,3.1734859337683376e-16,0.0003728620865537123,2.5216387839942925e-10,1174929066444.4802
709,11286.0,22.475252,1.4586246860887074e+16,0.122271119027203,1.1408962526947349e-07,79352913421735.58,2324485105.77,4.176834914726472,1.540852298356971e-15,0.000669867868072811,4.766556131139707e-10,434738533204.7069
710,75535.0,0.85571814,6470748970064559.0,0.0004712296704351126,3.2047169616070416e-10,3563333254372.5977,19292595.3,4.176834914726472,1.3224406385702559e-16,6.422242904784965e-05,3.959347063329859e-11,485635628358.2084
711,14948.0,57.070927,5.117597341728316e+16,1.838934621834174,1.723618119687117e-06,1648987922048425.0,6565224304.63,4.176834914726472,1.115189867218549e-15,0.0011112008443270856,9.15417994842779e-10,996423010100.1432
712,2760.0,128.6256,7.282413346611842e+16,180.6495873260334,0.00017921498833346327,1.0227862616796557e+17,27476988316.21,4.176834914726472,1.7662496466208324e-15,0.0017046848321144524,1.2957601735000464e-09,965143764006.3141
713,21094.0,7.937287,1.4873729395166602e+16,0.011725162798457636,8.508360201106495e-09,21971852419917.94,602656922.72,4.176834914726472,5.336447093476985e-16,0.00036171239155202456,2.639897350548417e-10,677815005407.1825
714,31704.0,13.419403,2.00283004315001e+16,0.018485609738257885,1.3020068491839902e-08,27589554132720.57,1254154757.57,4.176834914726472,6.700220543373835e-16,0.0005147545701900723,3.6478082832839855e-10,768265114346.3292
715,62301.0,2.433071,8546746494918119.0,0.001806506425120367,1.2317252802310902e-09,6345787877519.627,75271084.46,4.176834914726472,2.846780352554858e-16,0.0001052148091223946,7.094997478712852e-11,369592297586.1802
716,80974.0,1.6215092,7059517004536480.0,0.0012074894841698752,7.980421459029217e-10,5257011521301.4,54890521.93,4.176834914726472,2.296912379356846e-16,9.779785947602445e-05,7.49147084928104e-11,425779669938.5139
717,10263.0,38.88697,3.531097865726098e+16,1.6506572547133547,1.5086500282884372e-06,1498865123501169.5,7917791041.36,4.176834914726472,1.1012713744767221e-15,0.0011047897831444895,8.504779280465482e-10,1003194860730.3438
718,98259.0,1.2295849,6136137337973967.0,0.0006371246092908982,5.25621998759392e-10,3179515382802.7295,21656678.04,4.176834914726472,2.003841883379333e-16,6.606053377440823e-05,5.164364182588821e-11,329669393190.8538
719,6065.0,19.420053,6.428634969158728e+16,0.5653874307926471,4.703400678128501e-07,1871606328116829.2,6147119097.07,4.176834914726472,3.0208672748052095e-16,0.0008715639518736572,6.548755404536058e-10,2885144803092.539
720,35528.0,3.899874,1.0771308949300848e+16,0.006853305400352079,5.014289236694895e-09,18928578151782.387,255761971.88,4.176834914726472,3.6206128877708364e-16,0.00027324668613942245,2.0447980687474218e-10,754697325036.7477
721,48983.0,3.5144436,6191949182718596.0,0.004955002228292003,3.632242894912271e-09,8730008356896.5205,197791051.92,4.176834914726472,5.675827588844926e-16,0.00022506944564165874,1.6466183789946175e-10,396540314374.59863
722,52739.0,6.7430644,1.6282595109275474e+16,0.006349193137005482,4.3232262777367335e-09,15331507307041.42,315718768.24,4.176834914726472,4.1412713113272553e-16,0.00029432238932415095,1.9841364527092424e-10,710705402273.7336
723,37645.0,14.435761,2.5500440686561436e+16,0.019284921818606197,1.4447017999580273e-08,34066372045113.65,669319615.01,4.176834914726472,5.660984912942132e-16,0.000527457598214624,3.9647977637869924e-10,931741748699.509
724,9198.0,13.932279,1.1228472878539614e+16,0.018104919432202188,1.3248437924890708e-08,14591338345480.098,1349210449.2,4.176834914726472,1.240799096253599e-15,0.0005614882188120508,4.0629494398898667e-10,452521460168.19135
725,5939.0,20.518364,3.14549509981303e+16,0.022111444219272323,1.7033078006764074e-08,33897166188059.754,2013228684.1,4.176834914726472,6.523095204064893e-16,0.0006224050330214396,4.751001086128252e-10,954155985081.4155
726,29560.0,17.39928,2.465372972632579e+16,0.022356376894295354,1.662103964201093e-08,31677636868412.508,2189798185.6,4.176834914726472,7.057463594005685e-16,0.000528974594807805,3.9486828728289257e-10,749525077617.2532
727,2463.0,119.47753,3.5861362637951824e+16,23.37332539555528,1.84506285684601e-05,7015539223692159.0,31054590229.44,4.176834914726472,3.331650590252747e-15,0.0021339491470037495,1.7400154442530288e-09,640508087266.6971
728,54305.0,5.4977984,1.5531180963652888e+16,0.005834299540606717,4.531992492217661e-09,16481790594816.979,491381766.1,4.176834914726472,3.539845690335021e-16,0.00029768861932792195,2.0826585425185677e-10,840964961101.8718
729,72638.0,4.6428595,1.4413546383830302e+16,0.007382558075753674,5.456488091964533e-09,22918816142551.062,160499262.91,4.176834914726472,3.2211777562311433e-16,0.0003037101934196509,2.2079204625185109e-10,942854497340.7467
730,16611.0,45.528557,6.268574241127069e+16,29.4026446850738,2.6921692187036806e-05,4.04828690471928e+16,19769695197.52,4.176834914726472,7.262984412196117e-16,0.001603334266471304,1.3169367829893018e-09,2207541935211.867
731,15219.0,9.967319,1.6414776789666778e+16,0.011832162473663525,8.943726898696503e-09,19485912505083.69,620162958.89,4.176834914726472,6.072162374010776e-16,0.00034702637636480744,2.605176989332619e-10,571503782326.5422
732,9279.0,19.114214,3.0972641424253108e+16,0.214232718772488,1.7707032981418494e-07,347142350707339.0,2641795784.17,4.176834914726472,6.171321889592738e-16,0.0006143777940712562,4.983819724897601e-10,995536782982.1637
733,18145.0,6.6595984,9618319925278460.0,0.007682649830900779,5.893046401083698e-09,11095891900552.166,379230610.47,4.176834914726472,6.923868671177724e-16,0.00027721282530197085,2.2263973236491907e-10,400372737362.764
734,1043.0,29.804407,3.895277203608645e+16,0.061465722476025914,4.763723395494756e-08,80332424518360.4,4205605887.6,4.176834914726472,7.651421308960692e-16,0.0007815314557627866,5.700710601659412e-10,1021419974413.8041
735,4970.0,259.72516,1.100303175490205e+17,39.639177692517855,3.7843899580349024e-05,1.6792794771556936e+16,37665465741.65,4.176834914726472,2.3604872346595544e-15,0.0024959028063560058,1.9728790315823737e-09,1057367635676.2767
736,71218.0,5.5245657,1.7672633175873396e+16,0.008014457684592672,5.775716235598437e-09,25637593695983.363,404127493.13,4.176834914726472,3.1260569067557595e-16,0.0003592992468928953,2.5768270536960197e-10,1149368861828.4885
737,6179.0,120.16224,5.697640168614401e+16,28.268866563968743,2.3401439988238418e-05,1.3404030222478282e+16,17673414709.24,4.176834914726472,2.1089826040948816e-15,0.0017959927225236942,1.485898015586516e-09,851592004142.9103
738,81547.0,0.9581336,5048110054976299.0,8.410473835755823e-05,7.546557139114379e-11,443121893829.7754,10172363.1,4.176834914726472,1.8980045790711244e-16,1.999909765753665e-05,1.8120839000226732e-11,105369069590.57034
739,89284.0,1.1828365,6702798884328691.0,0.0007596305653934031,5.4343900922811e-10,4304610913022.108,48022937.2,4.176834914726472,1.764690423228274e-16,6.0304907240481116e-05,4.63439146984944e-11,341730801316.1937
740,4510.0,104.47447,5.9507486664806456e+16,65.52148658007413,6.153268283260686e-05,3.7320304079284216e+16,34376435727.98,4.176834914726472,1.7556525381164792e-15,0.00179591183146594,1.3655524765329566e-09,1022931242074.0452
741,157898.0,0.29127827,4886840515837810.0,2.2505995935204904e-05,1.60431300769786e-11,377588114573.18933,1402843.2,4.176834914726472,5.96046196015592e-17,6.355191489365555e-06,4.530222258172229e-12,106622465370.10545
742,63486.0,0.44661763,3181381745112063.5,0.00010494441062243525,8.101293684607307e-11,747548260031.204,2535354.7,4.176834914726472,1.403847968531887e-16,1.651403795981833e-05,1.2747085435972846e-11,117634090941.4026
743,85216.0,1.9072362,5780414529250916.0,0.0016112519013718378,1.1133753078120187e-09,4883351050579.333,91922510.0,4.176834914726472,3.299479977341969e-16,0.0001239517466326084,9.831487840691e-11,375670552583.4492
744,91249.0,1.5985832,8327287638501411.0,0.001001462084786678,6.529843513580321e-10,5216783736418.571,22573305.1,4.176834914726472,1.9196925450358083e-16,8.187585181037084e-05,5.482067275343912e-11,426505025620.3584
745,25374.0,23.508583,3.681100031929773e+16,1.2550906184908448,1.0535286098959583e-06,1965288216563885.0,5859098669.18,4.176834914726472,6.386292900515368e-16,0.0007635131035483178,5.675312152281218e-10,1195549774246.5005
746,13643.0,14.709571,1.5014245577688956e+16,0.4243754347556792,3.3966703381686863e-07,433165385622754.3,3100157312.67,4.176834914726472,9.79707633253202e-16,0.0006865346681624603,5.381981223726868e-10,700754638281.9984
747,31379.0,29.850403,7.974066422784027e+16,0.11749409608085572,1.0285542275104488e-07,313867027669178.2,2589173796.33,4.176834914726472,3.7434354590663383e-16,0.0007223450665939509,5.703899942737587e-10,1929631416095.2925
748,82619.0,1.538501,6294676553652303.0,0.0007278283540691536,4.165821182347182e-10,2977862266870.446,37266047.46,4.176834914726472,2.4441303486949293e-16,0.00014596668865967058,8.959533225871406e-11,597213191749.8226
749,78538.0,2.7275157,1.1348138143763964e+16,0.0028384225307394864,2.0678038932272878e-09,11809578580685.645,164236527.61,4.176834914726472,2.403491802308404e-16,0.00014242463677421126,1.026691055844681e-10,592573840432.5792
750,72211.0,5.589864,2.7117022393067588e+16,0.010012836144134276,7.553614761440478e-09,48573328785567.17,304973597.07,4.176834914726472,2.0613856193256078e-16,0.00039375441377927274,2.978964154902762e-10,1910144371280.1848
751,167275.0,0.3852212,7056831286099094.0,0.00019678837402451805,1.537485565880602e-10,3604947896317.205,1279936.4,4.176834914726472,5.4588410064277483e-17,2.978683416577945e-05,2.3272120525503807e-11,545662240953.8152
752,25326.0,29.450556,8.512773001855706e+16,66.97422762328708,6.614234617626364e-05,1.9359104688266563e+17,7181209017.94,4.176834914726472,3.459572573306025e-16,0.0009937313624653814,8.681303185082903e-10,2872410800493.0654
753,34160.0,36.877796,8.46263230842595e+16,0.07932322134323529,6.44357227647524e-08,182029114686703.6,3473821678.95,4.176834914726472,4.3577216468783653e-16,0.0007354834028336226,5.637995545805247e-10,1687770496677.9668
754,50280.0,4.8468337,1.3307662649696694e+16,0.005861539026313586,4.5352922299883125e-09,16093678636057.355,274455534.25,4.176834914726472,3.642137486939127e-16,0.00030555228427988534,2.2506840774168958e-10,838936710587.1481
755,45410.0,5.225007,7738776907045803.0,0.004674032374500041,3.6312401917089454e-09,6922726381527.409,219863750.72,4.176834914726472,6.751721961700264e-16,0.0002494466209768001,1.8293206042222166e-10,369456299284.54987
756,47699.0,3.2919345,5919932145873945.0,0.0022663422986202303,1.652388653929594e-09,4075595254752.4106,109179545.06,4.176834914726472,5.560763905536319e-16,0.00019365653495863168,1.6706908210713622e-10,348255272563.94836
757,27228.0,5.324746,7071789573976027.0,0.005515294937096208,3.916364383421693e-09,7324857417341.547,330186328.13,4.176834914726472,7.529559447858722e-16,0.0002890910741827601,1.991235755634641e-10,383941552204.5883
758,31154.0,30.838745,7.797284115424317e+16,0.3325183401816442,2.780219060030382e-07,840741078142315.5,3494228877.69,4.176834914726472,3.955062370883198e-16,0.0007672888589164028,6.195786871783375e-10,1940017089401.9578
759,46628.0,2.584444,8828537118048122.0,0.002539484113950037,1.8705359328307315e-09,8674952817976.11,147937250.59,4.176834914726472,2.927375130718585e-16,0.00017287587469524865,1.3414922159709516e-10,590549099366.0682
760,45139.0,14.679501,3.5925446575247644e+16,0.020964493240016206,1.507844545809625e-08,51306838146020.26,668602110.38,4.176834914726472,4.086101189933172e-16,0.0005464975089891664,3.9657617211098895e-10,1337454662981.815
761,5313.0,200.70413,1.3107675752393683e+17,67.92947989848516,6.755090206731572e-05,4.436369079889328e+16,39059413214.15,4.176834914726472,1.5311954139798433e-15,0.0024914168085207423,2.0441315878530696e-09,1627105714772.954
762,31883.0,6.344912,7129895962991470.0,0.010061868632017777,7.094492289255262e-09,11306709460993.951,782861181.73,4.176834914726472,8.89902466029516e-16,0.0003192161885000972,2.426320423551907e-10,358709185203.5721
763,6918.0,9.510213,1.4781731119949732e+16,0.015093181769169989,1.1194542326913286e-08,23459343618949.227,882559738.02,4.176834914726472,6.433761325265089e-16,0.00046823049766796113,3.459831044720582e-10,727771009827.8611
764,37388.0,41.558002,8.319264665586802e+16,0.13702744582199386,1.268980380851632e-07,274307602238077.6,4079574281.01,4.176834914726472,4.995393664046712e-16,0.000884986501997455,6.931497116097962e-10,1771605125671.9924
765,37908.0,10.246356,1.643591144201358e+16,0.015585955438957017,1.109975193190951e-08,25001023128014.234,843707151.85,4.176834914726472,6.23412704318192e-16,0.0004573094155882815,3.4063824522679505e-10,733558062613.4773
766,7329.0,85.7702,4.054679514290948e+16,0.8801562155144839,6.643592912895267e-07,416082902502550.56,9250265283.75,4.176834914726472,2.115338578491791e-15,0.0014084240863654854,1.0816069893764956e-09,665814967252.0385
767,14637.0,24.968039,1.5625609303425506e+16,0.6214966455091754,4.731135203836787e-07,388947797066318.06,5273789628.33,4.176834914726472,1.5978921855243373e-15,0.0008934465969446978,6.957440736673363e-10,559140726163.2733
768,27200.0,37.228165,5.2130251145845976e+16,0.06171949906840261,4.626767849509706e-08,86425237102920.19,3219408656.78,4.176834914726472,7.141374572672962e-16,0.0009677093746425892,7.555617486737735e-10,1355074383502.5908
769,33975.0,10.685148,1.0379857324768596e+16,0.010532116068815578,7.681667731189827e-09,10231197744964.168,806580696.25,4.176834914726472,1.0294118373383529e-15,0.00037393443562684387,2.652223153521703e-10,363250568978.9703
770,7531.0,46.499542,2.1749063527720544e+16,17.64714240375673,1.7909138037657755e-05,8254034442361523.0,16630369038.34,4.176834914726472,2.1380020312476175e-15,0.0015736698975636957,1.1626437199550728e-09,736046960930.8044
771,42298.0,2.605385,6200604124353102.0,0.0017565122466720647,1.4768686290439672e-09,4180356101379.081,63005372.18,4.176834914726472,4.2018244476651143e-16,0.00013702393280448936,1.1363467923155947e-10,326105801208.88043
772,75279.0,2.298136,1.2858322528742168e+16,0.0036163660059250224,2.5591202298808787e-09,20233963736768.863,164361833.19,4.176834914726472,1.7872751246229699e-16,0.00017225421828921263,1.2463382399268048e-10,963781210380.5232
773,113304.0,1.154119,9208783385661520.0,0.0008944220381224742,5.964308041168076e-10,7136646051604.52,46612800.85,4.176834914726472,1.2532806470364084e-16,7.231456985282895e-05,4.47343198691296e-11,577002206359.9948
774,9433.0,43.119858,3.594889883711153e+16,45.17336101192738,4.8361735997920764e-05,3.766089826061337e+16,13385720364.24,4.176834914726472,1.1994764622799961e-15,0.0010580769346525093,7.857120122621158e-10,882115629548.319
775,4177.0,109.40067,7.151657472095574e+16,17.12017652522736,1.4141014747189993e-05,1.1191671711904278e+16,34866918728.55,4.176834914726472,1.5297246886733725e-15,0.0019157194000980887,1.4402149445700761e-09,1252329529805.434
776,35954.0,15.384035,2.473424933275568e+16,0.02956829960114761,2.593357604283765e-08,47539523582753.5,1115656488.88,4.176834914726472,6.21972989478474e-16,0.000545209011193053,4.0430859208232555e-10,876579884361.5577
777,17716.0,19.446955,1.2836317292899278e+16,0.02715356976099756,2.0138044707660583e-08,17923208907874.773,1734358479.58,4.176834914726472,1.5149948818075382e-15,0.0005866654201753853,4.173390845724722e-10,387239209333.45703
778,27850.0,31.678146,5.043740857737121e+16,0.04211197613657986,3.301326686998382e-08,67049976548538.69,4210506514.19,4.176834914726472,6.28068469287148e-16,0.0007812059312492262,6.238975854149355e-10,1243822878317.531
779,7235.0,29.6154,1.7854993851418814e+16,52.1581457182826,5.3001615966870334e-05,3.1445915675673544e+16,12534857434.04,4.176834914726472,1.6586620105526762e-15,0.0010976634764839747,8.840016172541116e-10,661776461690.4843
780,32127.0,21.116892,2.869446874095269e+16,0.04098183847020536,2.981723879030391e-08,55687744338990.8,1841133135.91,4.176834914726472,7.359220409563469e-16,0.0007742520944104931,5.666522472873957e-10,1052084393890.8739
781,1970.0,173.52081,5.971254271447795e+16,31.316134808534024,3.281225486616076e-05,1.0776609660863948e+16,21799745937.93,4.176834914726472,2.9059357065015423e-15,0.002082379437433259,1.7334619535591716e-09,716595151356.6819
782,15618.0,86.62792,1.6758376359641514e+17,0.6967572979667299,5.836208447854248e-07,1347893500231027.5,6775265539.79,4.176834914726472,5.169231084260785e-16,0.001163945588874842,9.107066626346741e-10,2251680317443.749
783,40442.0,4.36216,8344814940357370.0,0.0035544414828240054,2.8335623176038483e-09,6799648887362.169,227801283.21,4.176834914726472,5.227389739829496e-16,0.000214456370149005,1.7310021733356613e-10,410255176718.4668
784,18838.0,19.045193,3.2231948789932744e+16,6.45878960232081,5.561166089046052e-06,1.09308094544883e+16,6875042181.16,4.176834914726472,5.90879351544159e-16,0.0008990789637812817,7.097855332840173e-10,1521594825460.8953
785,24425.0,10.216871,1.3629825396648164e+16,0.009617020604149958,6.747219076334843e-09,12829594468847.828,535579192.64,4.176834914726472,7.495966164403342e-16,0.0004137918872621902,2.7873791879889834e-10,552019417092.8823
786,9379.0,152.10416,1.1908326058599104e+17,54.79225757075962,5.62347213737888e-05,4.2897187600875e+16,28681872191.91,4.176834914726472,1.277292536763925e-15,0.002151851796606068,1.7996872672863549e-09,1684697698193.6152
787,71832.0,2.0851068,4776613765312870.0,0.0008184140672070648,6.013463920625037e-10,1874843005234.532,42443519.85,4.176834914726472,4.365240529057984e-16,5.519624802260747e-05,4.1017339248994605e-11,126444917880.66208
788,35984.0,7.352621,1.388474198275953e+16,0.0108547061185162,8.206497744819919e-09,20498104520045.113,534601494.71,4.176834914726472,5.295468226294472e-16,0.00036929632254522195,2.733145512976762e-10,697381811699.8479
789,10836.0,29.307089,2.2494542927320508e+16,0.8836684208953073,8.826150082314974e-07,678256282203497.4,4736037586.87,4.176834914726472,1.3028532784458309e-15,0.0009579744874964974,6.988799785694022e-10,735289616524.7876
790,18441.0,28.880228,3.636933996151132e+16,0.1424220949842785,1.1487923844192075e-07,179354456291476.66,3468909206.0,4.176834914726472,7.940817191228424e-16,0.0007080234958865378,5.628527324255502e-10,891625482410.8453
791,55581.0,2.7023158,8690257790341076.0,0.0026523852415540686,1.985028966183753e-09,8529688317109.695,158879801.98,4.176834914726472,3.10959221831547e-16,0.00018173938194833805,1.3047113085717186e-10,584447635538.4951
792,17312.0,30.90648,3.045483702214071e+16,0.0946522139881549,7.418443589442583e-08,93269041016448.5,5198153790.74,4.176834914726472,1.0148299259500532e-15,0.0009242736201312982,7.319531538620631e-10,910767012774.107
793,51504.0,1.5501791,6095371432137190.0,0.0013521855661220426,8.712197425334802e-10,5316852272546.153,54337780.44,4.176834914726472,2.543206951797634e-16,8.358944970967598e-05,6.022632164654104e-11,328677340436.61615
794,54087.0,7.5276318,1.783095562987841e+16,0.009040662965296754,6.759022883662717e-09,21414923641574.95,370697407.4,4.176834914726472,4.221664814972865e-16,0.0002928065682284061,2.1581425875415912e-10,693580805349.3895
795,62099.0,2.8860965,8858410531830905.0,0.00260044607446971,1.9100471728806057e-09,7981652343759.404,64566898.14,4.176834914726472,3.2580297443084134e-16,0.00019572421904753845,1.581004098735948e-10,600744113492.0796
796,32740.0,18.272331,6.097858194768062e+16,0.8267477232557612,6.719863335874182e-07,2759029693179803.5,4964247626.58,4.176834914726472,2.996516221987187e-16,0.0007747344336555546,6.162965132561229e-10,2585450490709.432
797,30253.0,12.031867,2.191497680068816e+16,0.01470002031898195,1.0804432636762609e-08,26774781026097.945,1472432642.91,4.176834914726472,5.490248568103519e-16,0.00044914206072982056,3.491589296981474e-10,818072360765.5645
798,6379.0,34.14393,2.2052581761729704e+16,1.0885312034851475,7.799705476100665e-07,703050977583724.2,10974917055.0,4.176834914726472,1.5482962661203576e-15,0.0010702528942361,7.887889440009904e-10,691245543669.6786
799,130871.0,0.7387608,6667251600077158.0,0.0008054112935447662,5.085634893604519e-10,7268766474353.4795,31001321.13,4.176834914726472,1.1080439802083524e-16,0.00011678043985688556,7.421727384790216e-11,1053933254841.8035
800,15300.0,16.12774,1.9881797584451804e+16,0.029711019482621125,2.112731565765979e-08,36626860017657.6,1628483919.83,4.176834914726472,8.111811787387074e-16,0.0006821832009945622,5.070673422688567e-10,840975134624.3978
801,26250.0,44.382393,6.0898245992913384e+16,0.08288782888957616,6.313063693356177e-08,113732564928076.8,3715841327.69,4.176834914726472,7.287959164729424e-16,0.0010688835876670856,8.280406009868641e-10,1466643217267.2163
802,55349.0,7.014704,2.1450551155465228e+16,0.009708662590849461,7.128027765296218e-09,29688517656078.992,158097899.8,4.176834914726472,3.2701742482792923e-16,0.00037635368714882905,2.7875370624015354e-10,1150867380681.1968
803,59758.0,1.434422,6138841564374915.0,0.0010912153397152975,6.906309139320017e-10,4670033005020.672,21447242.04,4.176834914726472,2.336633035659814e-16,0.00010286087771299083,6.405916858865886e-11,440209806774.1526
804,428.0,14.227674,1.2872041998770054e+16,20.61402185350249,2.047176426964546e-05,1.8649890000420852e+16,7579406755.18,4.176834914726472,1.1053160020266777e-15,0.0010671757522792871,7.638249624752151e-10,965493804778.4908
805,2860.0,74.49519,7.659231300242626e+16,0.5030089369539048,4.602094743216034e-07,517169201691963.94,8048154218.02,4.176834914726472,9.726196674285078e-16,0.001253557548721198,9.632115741159209e-10,1288846597185.7808
806,66849.0,1.1035173,3474389861337239.5,5.901000834523984e-05,3.3617288483625816e-11,185791174014.33325,28152182.36,4.176834914726472,3.1761470187322993e-16,8.674196860168243e-06,5.652148879775166e-12,27310438745.465847
807,28701.0,33.9602,8.47751511077207e+16,0.16790208683952482,1.4045876548796136e-07,419135481626208.3,5191062030.25,4.176834914726472,4.005914416695997e-16,0.0008370501021528827,6.624838348235316e-10,2089535659234.742
808,116235.0,1.2298014,6656490866947243.0,0.0009659477447034551,6.344857511539987e-10,5228342023815.257,28519836.84,4.176834914726472,1.8475221022334303e-16,0.00011179382986193368,7.034738286984267e-11,605101447645.9496
809,21147.0,172.91565,2.4474099442571978e+17,0.1768954488913753,1.4103569987648e-07,250373913934680.16,6094828289.21,4.176834914726472,7.065250772791186e-16,0.001439792634626662,1.1203355309404357e-09,2037850716030.3667
810,27955.0,22.63583,5.9335625021074584e+16,1.4449435548511735,1.2382115980142911e-06,3787651212580575.0,7503277577.54,4.176834914726472,3.8148801823458163e-16,0.0008342556072304594,6.614032674060517e-10,2186846158605.866
811,32291.0,6.6705723,1.2877673548107032e+16,0.013840399774041627,9.598575564470714e-09,26719169218119.773,293296633.07,4.176834914726472,5.179951390350742e-16,0.00042459588324564844,3.0256886569195853e-10,819690864351.7181
812,29285.0,4.550762,5867427745017082.0,0.004181956168622966,2.9381095947815998e-09,5391915826893.106,218455309.43,4.176834914726472,7.755974504951915e-16,0.00026365563957680055,1.8737929381770872e-10,339938765152.5488
813,64821.0,1.8860662,4930708763848449.0,0.0010642516908027425,7.609465187497712e-10,2782253952051.9546,134886506.16,4.176834914726472,3.825142165825088e-16,0.000145032803819869,1.0187803945754281e-10,379156636622.90375
814,26506.0,37.41121,4.613148154145308e+16,0.05104754900709592,3.795029575522346e-08,62946348561227.164,3169960040.55,4.176834914726472,8.109691852489676e-16,0.0008826113970965682,6.549441192341456e-10,1088341472340.415
815,135614.0,0.38422817,4328106866610361.5,0.0,0.0,0.0,946293.1,4.176834914726472,8.877511157688107e-17,0.0,0.0,0.0
816,76612.0,1.8096657,7661166343092433.0,0.002204851682158468,1.7741168322293736e-09,9334174537796.229,62697725.27,4.176834914726472,2.362128191657992e-16,0.000179975260401105,1.486232593063809e-10,761919954372.922
817,70830.0,1.4961133,5294167518948969.0,0.00034187786953090033,2.0649403883239508e-10,1209773826833.814,17025747.2,4.176834914726472,2.825965167602059e-16,2.4403884971975313e-05,1.3811203048559544e-11,86355929831.5165
818,14299.0,345.88464,5.36704763201189e+17,0.3001325692615658,2.2750829216450857e-07,465711861372315.1,15684206932.6,4.176834914726472,6.444597918918446e-16,0.0018954623173797283,1.4899812053036608e-09,2941164586568.701
819,73088.0,1.4445318,6624104565577417.0,0.00115473730909776,8.768346288795727e-10,5295211002787.93,98810376.68,4.176834914726472,2.180720104429815e-16,0.00015614335249702845,1.2204835437050697e-10,716017393428.1891
820,105085.0,0.42961946,4381848742360987.5,4.551540671777321e-07,2.62344903893049e-13,4642285702.894449,3453611.5,4.176834914726472,9.804525104819488e-17,1.9609271784567803e-07,1.2950982854372706e-13,2000022599.251515
821,9564.0,29.892237,2.3026962362003876e+16,2.5602792851641842,2.1349874817187304e-06,1972266402668152.8,10046298026.55,4.176834914726472,1.2981406982852553e-15,0.0011007877456055953,8.02819050313208e-10,847972601937.2567
822,18371.0,23.289043,3.4523916833278316e+16,0.03136201379577057,2.3051609991512424e-08,46491371758354.79,787111351.13,4.176834914726472,6.74577079781145e-16,0.000702832354164951,5.273828265440123e-10,1041885909306.2766
823,40108.0,7.8532677,1.5548737235449758e+16,0.007951533499620828,5.693334855143404e-09,15743294349240.188,275964846.0,4.176834914726472,5.050743080341751e-16,0.00033485148375099065,2.6016443482478807e-10,662974691890.9473
824,139066.0,0.3605288,5173468584804131.0,2.303087004919328e-07,1.668156703545078e-13,3304853389.804304,1380617.9,4.176834914726472,6.96880234392396e-17,1.7390666783563014e-07,1.2596292416289122e-13,2495502946.603987
825,52176.0,5.0174217,1.4752056339360302e+16,0.007061043716445443,4.98085815626535e-09,20760645795367.215,324171002.58,4.176834914726472,3.401167664071958e-16,0.00033340316817066914,2.2812738306186816e-10,980260901844.2538
826,32213.0,20.168648,4.577282175719619e+16,0.02447218775905093,2.138808064618378e-08,55539721269550.47,2096200846.94,4.176834914726472,4.406249653339141e-16,0.0005833751521195029,5.849375204687859e-10,1323972080604.6702
827,73327.0,1.2256254,5580622919989455.0,0.000461576379851167,3.5160562047924923e-10,2101689247565.5137,23237150.35,4.176834914726472,2.1962161170393427e-16,3.468766513713087e-05,2.740910313433348e-11,157942858482.8543
828,57309.0,2.2449024,6044413311673888.0,0.0016926442003895683,1.2065403961141546e-09,4557454763629.061,62849814.72,4.176834914726472,3.714012070723727e-16,0.00012075277028583547,9.343720063942876e-11,325127565517.86084
829,31633.0,16.38769,2.7334363809975184e+16,0.019976232359742503,1.4866342390624074e-08,33319986091621.254,1453353511.14,4.176834914726472,5.995270317584493e-16,0.0005489921400593314,4.3025476808661827e-10,915708735349.4371
830,30118.0,12.085437,1.3940853885498498e+16,0.02282362542484207,1.7291662058472208e-08,26327622839378.656,1214403052.31,4.176834914726472,8.669079454717955e-16,0.0005264473122181907,4.062755276510166e-10,607270143234.9698
831,8383.0,41.783417,2.533603231327179e+16,24.103689723418984,2.6040457768263493e-05,1.461565150838718e+16,12860882367.54,4.176834914726472,1.6491697075280633e-15,0.0011998847280273127,9.045114303290465e-10,727568983683.1997
832,47533.0,1.6778879,4971382402445227.0,0.0007255298450258719,4.446453403905515e-10,2149658689362.0442,45573284.4,4.176834914726472,3.3750932118493097e-16,0.00012960730537514196,7.046692742891479e-11,384011039813.998
833,58009.0,2.2786777,8910754241174041.0,0.003688216374771664,2.9373152242622555e-09,14422746009171.965,157740219.23,4.176834914726472,2.557222024450953e-16,0.0002719332545241631,1.8822462210697494e-10,1063393213119.8048
834,5113.0,42.373695,2.355505119455493e+16,0.8930064564611522,7.477946202219763e-07,496412049952465.25,10642496572.99,4.176834914726472,1.79892179600931e-15,0.0011547827741431593,9.043479342621366e-10,641930503429.835
835,32088.0,17.740314,2.440957271761405e+16,0.0308634896728063,2.230671698982807e-08,42466249215639.336,1286160532.46,4.176834914726472,7.267769167953734e-16,0.0006096483879896803,4.495370274292026e-10,838838402680.487
836,41896.0,11.510612,2.260147017407087e+16,0.015528992915729994,1.1601920725095061e-08,30491694987045.805,1202415438.28,4.176834914726472,5.092859849977964e-16,0.0005042967522873446,4.3394352240613933e-10,990203475341.1222
837,72308.0,2.8520362,6612670255155581.0,0.002172420856095709,1.4895348566233181e-09,5036928625514.542,55555015.0,4.176834914726472,4.3129871745478384e-16,9.527858994630706e-05,7.062021839162202e-11,220910904879.50687
838,39624.0,7.6387563,1.0809995216475866e+16,0.012442960350035824,9.294365766615799e-09,17608670388226.17,661967093.66,4.176834914726472,7.066382682905838e-16,0.0003936774618083539,2.8194572206329353e-10,557113136202.9008
839,17671.0,18.08003,1.837639734923115e+16,2.373928146019063,1.8442538060254085e-06,2412841510206008.0,2689632276.22,4.176834914726472,9.838723911113322e-16,0.0006302523913778746,4.90296209031608e-10,640583471059.6703
840,42255.0,3.5675912,9304751762019174.0,0.005042047611769565,3.840359291150716e-09,13150329948060.594,228494258.55,4.176834914726472,3.8341605356549736e-16,0.0002753504025320868,1.9322221909860784e-10,718150426857.5177
841,6064.0,29.84909,1.2170561332800192e+16,0.26358320607478075,2.1667888505887378e-07,107472474900549.1,5247099187.71,4.176834914726472,2.4525647736193898e-15,0.0009066277430844564,6.534985698141396e-10,369665157404.3829
842,105478.0,1.5604037,1.0752888375888438e+16,0.0028441835598459514,2.110325032710845e-09,19599535901869.836,69551216.59,4.176834914726472,1.451148422129021e-16,0.0001943105013864485,1.3942380323726453e-10,1339011905490.4807
843,5938.0,57.798462,2.907695524316596e+16,0.3321452119455909,2.7011013425972564e-07,167093917861928.88,6563691330.09,4.176834914726472,1.987775594681102e-15,0.0010472473250116763,7.813230748279717e-10,526843838818.5794
844,9199.0,15.452197,2.3759075155897812e+16,0.07187090981864183,5.344703688523157e-08,110507673951080.56,2835691324.43,4.176834914726472,6.503703068662687e-16,0.0005280544015015462,4.268376454325739e-10,811928828740.5264
845,36572.0,7.3356013,1.4712333720311786e+16,0.010121340352996097,7.048582872711648e-09,20299431618528.242,729852663.38,4.176834914726472,4.986021551341308e-16,0.0003584675074656104,2.4327097742104725e-10,718944961979.1108
846,109723.0,0.8694173,7844369335185069.0,0.0005796476314236664,3.4956069215836165e-10,5229905253958.561,11787312.5,4.176834914726472,1.1083329492153344e-16,0.00013661845283867533,9.643991515582339e-11,1232648121987.1428
847,80475.0,0.92165065,5168346404537422.0,0.0008208699784661715,7.030673643213847e-10,4603197970726.054,18561560.240000002,4.176834914726472,1.7832602110238966e-16,0.00013031660451057352,1.1643784065698826e-10,730777279193.3124
848,12288.0,43.430378,3.598476906602657e+16,0.7672694139953194,6.80659360263761e-07,635730425234777.0,9171921549.51,4.176834914726472,1.2069100101854724e-15,0.0010638649359286981,7.863015199074501e-10,881478260144.0254
849,51884.0,3.8972547,8071484506426954.0,0.0025869759167589297,2.017844474846707e-09,5357806363186.724,109814218.7,4.176834914726472,4.8284236894672775e-16,0.0001343076000206148,1.0368337773368501e-10,278160345194.216
850,11433.0,100.09813,5.6336798761308056e+16,0.36278717647518793,2.703287828657935e-07,204182317434559.62,8896325595.36,4.176834914726472,1.7767805803823395e-15,0.0017237612393633914,1.3004431943493238e-09,970159882652.7365
851,84693.0,0.8081593,6015547501250447.0,0.00041684447616719675,2.3385295612667004e-10,3102788951408.0103,19660859.06,4.176834914726472,1.3434509491147874e-16,5.958409038498043e-05,3.271111087094383e-11,443515190668.04004
852,38159.0,34.89591,1.2689815425886829e+17,0.06431729717724359,4.777689871964195e-08,233888335300937.28,3968201091.13,4.176834914726472,2.749914701581351e-16,0.0008664965025773395,6.724334917121894e-10,3150994109304.7603
853,11154.0,4.266567,7476068174344484.0,0.006329929598779928,4.303009394880681e-09,11091583753232.932,217725693.49,4.176834914726472,5.706966416707538e-16,0.00029844737304715726,2.1281107270921803e-10,522952741010.41144
854,10998.0,23.38243,3.2314958285380004e+16,0.0473769170200615,3.646312109524892e-08,65475790890561.73,2243482823.23,4.176834914726472,7.235791485016004e-16,0.0007180749050658717,5.105416872756855e-10,992393031989.4832
855,31934.0,26.714458,4.5601635414368536e+16,0.03421871642241859,2.5024872320843825e-08,58411420162175.766,2079184867.8,4.176834914726472,5.85822367054463e-16,0.0007773393645627881,5.716608508476025e-10,1326919913405.2866
856,3361.0,210.64536,1.0410327684526816e+17,157.63029311925462,0.0001326580937497136,7.790264188014646e+16,46607852037.76,4.176834914726472,2.0234267967672965e-15,0.002683469486321834,2.081178163276734e-09,1326200429197.1653
857,9278.0,42.52526,4.899798217769811e+16,5.218236433705931,4.188216710863987e-06,6012498354571803.0,5316192848.45,4.176834914726472,8.678981890677893e-16,0.0009120366991141245,7.09604751871325e-10,1050856783206.04
858,10330.0,14.185711,1.0836520851296134e+16,1.8471769782995184,1.562631501660282e-06,1411065814140505.0,3990684771.15,4.176834914726472,1.3090650767587714e-15,0.0006430060301975898,4.905294260520578e-10,491194854720.0301
859,82219.0,0.92695403,5836224323653413.0,0.0008036676763733381,5.091144632350486e-10,5059997248174.318,28561489.79,4.176834914726472,1.5882769040305443e-16,8.243536800003629e-05,4.984303722366566e-11,519023904401.3132
860,76644.0,0.5809781,5191431279679109.0,5.250828558071176e-05,4.375834867609945e-11,469196956315.6177,2272079.8,4.176834914726472,1.1191096803575742e-16,6.5346723245698705e-06,5.445739979894229e-12,58391705828.88653
861,48250.0,1.5063406,6032013377044586.0,0.000756678034657501,5.848884112819656e-10,3030053114926.235,21146339.69,4.176834914726472,2.497243467218633e-16,9.16620179930533e-05,7.696261574650782e-11,367052789190.5716
862,1042.0,80.42415,4.720905060921221e+16,0.1904794835407675,1.5498897322694145e-07,111811633427181.95,10388124899.95,4.176834914726472,1.7035748222461885e-15,0.0011350436777768482,8.626057211269043e-10,666271691125.5336
863,69884.0,1.5233507,5375057095879940.0,0.001028741090212702,7.188145630708895e-10,3629854961678.2593,77721444.54,4.176834914726472,2.834110731898403e-16,0.0001002553178031381,7.210064132323026e-11,353745238937.72845
864,61327.0,6.429061,1.46836793786067e+16,0.007032616636301614,5.004088904611695e-09,16062172668778.291,291385793.39,4.176834914726472,4.3783719558510533e-16,0.0002663675455281755,1.8589164704247548e-10,608371212437.1122
865,63353.0,2.1233394,8748352781839650.0,0.0032192464214641134,2.3923888595299994e-09,13263590072620.004,71556825.09,4.176834914726472,2.4271305158243663e-16,0.0001494543855714781,1.0990087089070885e-10,615765755475.7267
866,67862.0,1.1546776,6861448931744596.0,0.0010191697983765419,7.449779814795145e-10,6056219956407.8125,33737816.54,4.176834914726472,1.682848056564069e-16,7.919483876730225e-05,6.101243685617125e-11,470600054820.1433
867,71849.0,0.9187003,5661166195134373.0,0.000566456464169805,4.046286889384158e-10,3490587938170.31,11113250.0,4.176834914726472,1.6228110398694872e-16,9.622299176243669e-05,6.234912643119533e-11,592940209293.7162
868,21510.0,52.053856,7.293973988307363e+16,0.2438539898333887,2.008303296090069e-07,341697002963566.3,6638681750.65,4.176834914726472,7.136556297492308e-16,0.0009954306502201445,7.861428234887887e-10,1394833318375.0344
869,51631.0,4.904868,8713543242128239.0,0.006764190205833553,5.1820011730758915e-09,12016646290279.572,351870306.53,4.176834914726472,5.629016651097735e-16,0.0002979271252827189,2.339511046726002e-10,529270286000.34265
870,41570.0,11.984202,2.181044917982898e+16,0.015441379319475635,1.1308754698222536e-08,28102281563168.37,612558361.75,4.176834914726472,5.494706643219152e-16,0.0004239167041469789,3.0747830993545786e-10,771500157647.3994
871,63628.0,8.033187,3.120445449981536e+16,0.010428114474324625,7.702996193510727e-09,40507413014651.44,551962553.24,4.176834914726472,2.574371873748837e-16,0.00040375272006758873,2.9734428251327033e-10,1568354301042.1343
872,72974.0,1.5700045,5021648156542095.0,0.0006511053415170099,5.140250690056481e-10,2082555774804.2148,33354657.46,4.176834914726472,3.126472526663645e-16,0.00013695150409450855,9.509593321829168e-11,438038405668.1723
873,13813.0,28.13011,3.938710429443215e+16,0.03900238560818351,2.9128252300173033e-08,54610203432591.76,2646965740.26,4.176834914726472,7.141959406235541e-16,0.0008098361546788434,6.105746665649833e-10,1133913130298.3706
874,108146.0,1.210854,8088057536072474.0,0.0011836031211642532,7.890799955477807e-10,7906031729549.094,23596281.240000002,4.176834914726472,1.497088756601484e-16,9.736163999616231e-05,7.123154272489109e-11,650339798270.7542
875,37317.0,16.782675,3.690535918823137e+16,0.21964450816660955,1.7634543106129248e-07,483001635175032.75,3264509816.0,4.176834914726472,4.547489949739271e-16,0.0006359442794823739,4.873677085627631e-10,1398451203875.3062
876,45945.0,9.291664,2.389062167650319e+16,0.014939019648011325,1.0669886202147552e-08,38411038822377.39,924871129.51,4.176834914726472,3.889251659423539e-16,0.0004207854268536869,3.012885436931423e-10,1081918743504.6447
877,82435.0,0.4821774,3678279233567768.5,0.00018220348152055447,1.1987626957151968e-10,1389935078584.7786,5347907.35,4.176834914726472,1.31087763973892e-16,7.657192717532322e-05,4.99911743905856e-11,584127189709.1296
878,130710.0,1.0599877,1.1726768147609082e+16,0.001221127337589753,9.276050024183422e-10,13509474842606.38,42213404.9,4.176834914726472,9.039043721659288e-17,9.589683987544306e-05,7.437759515996684e-11,1060917977923.4365
879,14379.0,18.134142,1.5981717746703284e+16,2.629347724127312,2.279095564830815e-06,2317258417020190.5,6800988239.22,4.176834914726472,1.1346804071634114e-15,0.0009597829320912518,7.110028624111944e-10,845861906164.9386
880,19314.0,74.221275,8.31854634316802e+16,1.2975409252043515,1.110738816421044e-06,1454253422414194.0,5316397882.7,4.176834914726472,8.922385226711824e-16,0.0011045457385529475,8.370037524326428e-10,1237948945811.2166
881,61925.0,1.2845241,8369740314996111.0,0.001471668255383385,1.1009285199386528e-09,9589139765756.291,46135755.54,4.176834914726472,1.5347239599519127e-16,0.0001127355996320661,7.545572104487094e-11,734565971300.7832
882,26065.0,8.562274,9535512006940732.0,0.023672660615555452,1.7597876137987282e-08,26363433304734.465,1119380253.99,4.176834914726472,8.979354222162031e-16,0.0004798741816536163,3.4466866492124394e-10,534419480266.4474
883,14853.0,4.175222,7584969441739670.0,0.0058037357570363025,4.2337395137928675e-09,10543429394904.559,202070772.91,4.176834914726472,5.504599632299087e-16,0.0003433968169719819,2.7082755465651987e-10,623836136886.4106
884,25977.0,17.377085,1.0671249765839768e+17,31.379836349411388,3.087377171365834e-05,1.9270324757906547e+17,5283987136.64,4.176834914726472,1.628402050491461e-16,0.0007161910154989103,5.333320583071807e-10,4398121552860.731
885,89261.0,2.5147305,1.3891523879657254e+16,0.0028721579748711293,1.8291747627170124e-09,15865974940086.146,70577186.06,4.176834914726472,1.8102625181982888e-16,0.00016967979684439388,1.0648810069410289e-10,937321494195.6161
886,75751.0,3.919969,1.6849896249821206e+16,0.00728829866009724,5.107500035809787e-09,31328583532254.824,259771764.48,4.176834914726472,2.326405422253917e-16,0.00028914552871003385,2.0692856030118197e-10,1242885379926.16
887,8319.0,90.347015,6.463399644008442e+16,0.11604349416824598,8.852724897747256e-08,83017184230883.2,7133167695.85,4.176834914726472,1.3978249833855082e-15,0.0013478754317836233,1.0411690185101038e-09,964266233473.0146
888,61993.0,0.7402865,2486085798621032.5,0.00036125247312130147,3.431443520787788e-10,1213185223752.6875,78628819.6,4.176834914726472,2.977719032909555e-16,4.895603801016793e-05,5.64225681980667e-11,164407848655.66232
889,1971.0,8.213342,3416224510967217.0,7.025838067077664,5.795519168725281e-06,2922298890614472.0,6336270033.58,4.176834914726472,2.40421610864053e-15,0.00085511864716373,6.365451686707172e-10,355674618471.4896
890,44458.0,16.306711,3.3002408664226784e+16,0.023308791094102582,1.7156258174019876e-08,47173599210574.3,862765200.11,4.176834914726472,4.94106692814691e-16,0.0006877843708374205,4.861207483616787e-10,1391975419153.7861
891,5594.0,99.02237,2.9616849794300012e+16,0.5633633396358789,4.67018296410825e-07,168497758734829.8,9247508406.41,4.176834914726472,3.343447081230685e-15,0.0013203430115328787,1.0156293135677716e-09,394904713445.28516
892,45373.0,4.7980103,7920964073621766.0,0.005961165936106367,4.218307940160854e-09,9841200469452.182,257254575.78,4.176834914726472,6.057356472526161e-16,0.0003004360683145053,2.0770702164217136e-10,495985451206.5911
893,49152.0,14.488524,3.0380318964923588e+16,0.019767544260721494,1.4212467429101415e-08,41449653518464.94,1555759695.0,4.176834914726472,4.769049336423397e-16,0.0005445533183764293,3.9028581952297047e-10,1141848783608.5657
894,51286.0,0.945526,4505346952042200.0,0.0003352805441884985,2.3911460500830247e-10,1597581851624.0718,11089439.950000001,4.176834914726472,2.098675218722963e-16,2.8472484671382687e-05,2.148694372692449e-11,135668846791.39682
895,63803.0,4.3158665,1.1709159077559892e+16,0.0058184477513672315,4.5499082477376676e-09,15785736260662.734,124475479.72,4.176834914726472,3.685889372082386e-16,0.0002300044177085518,1.830961079358556e-10,624013350619.387
896,67181.0,0.8249632,5944553781600988.0,0.0006106458734206261,4.740825906542326e-10,4400217168549.6045,26095657.44,4.176834914726472,1.3877630353910616e-16,6.393667934604267e-05,4.931086882676481e-11,460717555630.9999
897,80513.0,1.2135358,5248714693792716.0,0.000730623006496562,4.888102498118208e-10,3160048273665.693,15330818.19,4.176834914726472,2.312062801651542e-16,5.3805465495041036e-05,3.721035707351966e-11,232716280269.75293
898,39047.0,7.065636,1.111655159085906e+16,0.008993711683605816,6.206997978959893e-09,14150043948501.729,484407509.38,4.176834914726472,6.355960247429557e-16,0.00032992437061946084,2.2516380668130117e-10,519078719463.17957
899,56375.0,1.104839,5494108390110178.0,0.001444408540276312,9.8759882672449e-10,7182709046185.809,19824834.6,4.176834914726472,2.0109523175567411e-16,0.00016877377484247305,1.1679361241759084e-10,839272882648.6007
900,23967.0,12.835041,1.5634456628310292e+16,0.017780048109251732,1.3044156625994549e-08,21658005690310.348,921923068.71,4.176834914726472,8.20945767744738e-16,0.0004931057773384374,3.7076658994588555e-10,600655727470.3705
901,29354.0,11.347139,1.4614119871256422e+16,0.01700413955191469,1.2328576617111872e-08,21899840454871.816,981390141.37,4.176834914726472,7.764503849676205e-16,0.0004443991209416354,3.2643812151571046e-10,572347093317.711
902,99125.0,1.0938736,6212408156107567.0,0.0005220640668214972,3.453253256901434e-10,2964945005284.4814,7637172.2,4.176834914726472,1.7607883650152424e-16,6.827044568360295e-05,4.228161441831489e-11,387726583387.61774
903,46028.0,4.352943,1.0970396302257508e+16,0.006362134440108198,4.784570134512997e-09,16034011044074.807,256149933.58,4.176834914726472,3.9678994997694327e-16,0.00029483679475569103,2.117513369024853e-10,743055096967.1068
904,13442.0,26.96674,3.425683830647897e+16,0.035489571500638334,2.711642883143034e-08,45083703572014.69,1500440458.89,4.176834914726472,7.871929031728478e-16,0.0007035504298183281,5.282942108506187e-10,893745900125.1261
905,11065.0,75.94737,5.6693619561952024e+16,0.24253830142484292,1.9094395446069414e-07,181051354249424.2,5700107611.22,4.176834914726472,1.3396105344272193e-15,0.0011737862482711502,8.984924617318982e-10,876214554981.1079
906,111422.0,1.1095922,8298642385871665.0,0.0008216931797094858,4.743493913793623e-10,6145445010625.346,21451254.4,4.176834914726472,1.3370767752193623e-16,0.00012467659763778713,7.57012813300685e-11,932456534646.8795
907,23650.0,16.632303,2.4409752913987284e+16,0.024031666157120823,1.722442837437044e-08,35269140599876.62,2199306727.38,4.176834914726472,6.813794084113548e-16,0.0005679948080181865,4.154475853180059e-10,833595499081.0098
908,44126.0,12.567627,2.6426741231651428e+16,0.02326816460269096,1.743327451943801e-08,48927435934467.62,607677858.15,4.176834914726472,4.755647656226223e-16,0.0005231424944062833,3.8543364785831913e-10,1100044688385.1265
909,31784.0,13.746831,2.275945453658456e+16,0.017999424136576667,1.3203930837391374e-08,29800109954150.117,1005761346.16,4.176834914726472,6.040052927412093e-16,0.0004944275556382968,3.615248399778455e-10,818581495195.8346
910,17523.0,2.0504782,3926577251742066.5,0.0023763310236361926,1.9115290541663437e-09,4550571344781.336,77695697.35,4.176834914726472,5.222049812187661e-16,0.0001525647032208807,1.4750046901832312e-10,292154821780.5435
911,23060.0,6.296907,7373166134999950.0,0.0071336177753329975,4.999727290381762e-09,8352886425211.447,560527292.49,4.176834914726472,8.540302611803339e-16,0.0002716927277852618,1.9030098075316395e-10,318130094605.50275
912,7762.0,110.10541,6.758479364522408e+16,14.140441357264807,1.3341044308509483e-05,8679671699902251.0,14813260447.25,4.176834914726472,1.6291447241517274e-15,0.0016717683372713872,1.318668314998752e-09,1026163183962.587
913,58196.0,1.5725014,5100622606172326.0,0.00026561348162721716,1.6136733256660992e-10,861553527959.9254,28778643.15,4.176834914726472,3.082959711814586e-16,6.976476856448972e-05,3.954900935277428e-11,226291535037.37216
914,15301.0,3.4673016,6752264188071879.0,0.00328016460497462,2.3493154251843075e-09,6387831388290.845,126863905.67,4.176834914726472,5.135020644075382e-16,0.00021654677945555646,1.418123621699533e-10,421705762186.95636
915,25617.0,7.6420302,1.0392628689980724e+16,0.012236518633262923,8.756389067688923e-09,16640812884190.379,781157683.95,4.176834914726472,7.35331784476e-16,0.00037102985745259047,2.7876347388765973e-10,504574758341.2128
916,112831.0,1.3991994,7610008758163940.0,0.0002948076336668195,1.9615473270709067e-10,1603408830920.0837,29439388.06,4.176834914726472,1.838630472663981e-16,9.148014253398258e-05,5.213918861214047e-11,497545014585.97894
917,52396.0,2.9088714,6575685736366871.0,0.0024273194133260846,1.7192926448546851e-09,5487107351605.415,56897204.4,4.176834914726472,4.423677646138818e-16,0.00020673584795872067,1.3719558150078652e-10,467339314697.0573
918,135773.0,0.65073466,6140156257125861.0,0.00034449337233897895,2.3044032454986993e-10,3250546291334.1216,8261013.1,4.176834914726472,1.0598014655486988e-16,6.110219165210145e-05,3.923614013413599e-11,576543755017.9889
919,2861.0,11.265431,1.5101254449676406e+16,0.0213347985413941,1.608482973127838e-08,28599191758058.56,1587379281.9,4.176834914726472,7.459930588906406e-16,0.0005163464877123007,3.989378047008205e-10,692159908940.9153
920,50151.0,13.712018,3.41483403896299e+16,0.019276097422447753,1.4223573324013584e-08,48005095687987.97,958489335.21,4.176834914726472,4.0154273512407763e-16,0.0004971379205504949,3.7699769975899957e-10,1238069767086.8784
921,35729.0,23.754766,4.41671954925672e+16,0.04512671426602596,3.375940179127295e-08,83904022078129.05,3016513570.16,4.176834914726472,5.378373187402773e-16,0.0006918414513426611,5.255416489780331e-10,1286339618387.0103
922,28229.0,22.87711,3.1295162284320144e+16,0.04344405406357002,3.512481983541625e-08,59430090698003.45,2739700237.79,4.176834914726472,7.310110678500027e-16,0.0006779512071233471,4.952422062945932e-10,927415790183.9825
923,23455.0,2.8854287,4244181490660350.5,0.0019200624510904566,1.3801711348041147e-09,2824222797752.743,92736036.0,4.176834914726472,6.79855163203932e-16,0.00016900617113211125,1.0804803695387724e-10,248591435763.52527
924,61972.0,3.5799537,1.5053690871665082e+16,0.0025822151670141925,1.8507070726273846e-09,10858204364027.578,241338897.22,4.176834914726472,2.3781235648583656e-16,0.00022239678426190623,1.4918376632253086e-10,935177580964.56
925,62379.0,3.994685,1.027101041481262e+16,0.004062611417866359,2.889177489903432e-09,10445660717739.207,122114465.03,4.176834914726472,3.889281422827646e-16,0.00021207858091764652,1.419546094208527e-10,545289882272.02606
926,30019.0,32.35193,6.117010323575667e+16,0.5698995689267081,5.071185009480401e-07,1077549792709738.1,4466893807.85,4.176834914726472,5.288846722280639e-16,0.0008174191092874557,6.283288343828537e-10,1545552654880.0623
927,6380.0,21.922594,1.8032321038148868e+16,0.02626635282620211,1.954086134219625e-08,21605258331352.816,947826722.9,4.176834914726472,1.2157388920495004e-15,0.0006325568808149345,4.831025915993946e-10,520306527126.53296
928,38716.0,21.32464,3.2953811122911124e+16,0.027329195569123492,2.0363212424641634e-08,42232888758074.945,1493243971.94,4.176834914726472,6.471069437299181e-16,0.0006367935445735777,4.66480138346543e-10,984062295643.2919
929,18689.0,35.473858,6.547475378051223e+16,2.500459535344618,2.2656381256797237e-06,4615144268064187.0,9185426683.6,4.176834914726472,5.417944467407583e-16,0.000974595892832068,7.593948491536562e-10,1798829609079.4
930,9748.0,2.5073588,1.0457613899798596e+16,0.0022807032421500494,1.850613919343488e-09,9512285966581.281,80139556.4,4.176834914726472,2.397639484517868e-16,0.00015912696379522993,1.4391499737592048e-10,663681778777.6302
931,31437.0,13.595216,2.2715078342053812e+16,0.07910573861562596,6.539476809417539e-08,132170982054273.73,3201500709.62,4.176834914726472,5.985106366474795e-16,0.0006317174626162377,4.889486902096883e-10,1055482432450.598
932,23160.0,26.125885,2.612535866998073e+16,0.04724532371491672,3.626751420200402e-08,47244371914350.3,3492327316.7,4.176834914726472,1.0000201463270196e-15,0.0007249918066237404,5.603712887919936e-10,724977200995.9673
933,30635.0,31.828661,7.233438662016422e+16,0.10445730900768395,8.948032599119533e-08,237391556467417.03,4799733517.5,4.176834914726472,4.4002116402999004e-16,0.0008737438375592695,7.104249700819771e-10,1985685937369.4097
934,143325.0,0.20247164,5734295298907742.0,7.161741487243435e-08,5.4667215907371023e-14,2028310757.116037,1310061.5,4.176834914726472,3.5308896637842567e-17,2.062492995079421e-07,1.5743482234073906e-13,5841284184.64634
935,125185.0,0.40052292,5196735245532902.0,0.00012584235152527024,7.818690267432871e-11,1632788913933.0977,1609506.8,4.176834914726472,7.707202716249367e-17,4.89107694591124e-05,3.038866903769055e-11,634611171651.0596
936,54505.0,6.217121,1.6788158106689582e+16,0.009477413416762238,6.435867392510177e-09,25591960472229.12,237797357.81,4.176834914726472,3.70327760823426e-16,0.0003529045656897319,2.474455689802856e-10,952951960460.7726
937,95763.0,2.2188303,1.7289014529908272e+16,0.0031895096822342718,2.1829533849350273e-09,24852499643362.29,89791240.82,4.176834914726472,1.2833758084717003e-16,0.00020444989424285746,1.6406568161579842e-10,1593063332605.009
938,14685.0,44.85995,4.143442593195803e+16,0.1260866873424103,9.953281349870861e-08,116458656500844.3,4861514457.11,4.176834914726472,1.0826733806730477e-15,0.0010511445040891484,7.941456385420814e-10,970878681284.0089
939,12417.0,56.631516,7.101671094245277e+16,0.6748969022430978,5.457074584979449e-07,846330128661130.8,10750773694.86,4.176834914726472,7.974392963071807e-16,0.0012556242553471595,9.604812011677401e-10,1574570329254.8577
940,49228.0,3.4574418,5993377485369288.0,0.0014097782911753208,1.011034812246753e-09,2443810759068.325,64075152.49,4.176834914726472,5.768770294279179e-16,8.007340389102897e-05,6.032029840147598e-11,138804978888.54547
941,64169.0,1.3728874,4574115858034254.0,0.0005419524413560166,3.3616680535835715e-10,1805649360833.9143,43028007.9,4.176834914726472,3.0014268169193343e-16,6.618483447712942e-05,3.9784171177566566e-11,220511238535.083
942,47280.0,14.769544,2.908328784796068e+16,0.12930920824297254,1.0472168636434638e-07,254627829046195.34,1400152928.21,4.176834914726472,5.078361180211487e-16,0.0004729149826069008,3.3654864349218587e-10,931235423840.4255
943,24120.0,20.329485,3.2226142216426204e+16,0.6024344486094796,5.271414309299495e-07,954974423452605.6,4108096687.72,4.176834914726472,6.30838307094596e-16,0.0008242571401302455,6.296987022199751e-10,1306606036539.6387
944,35366.0,21.110582,5.212921717977439e+16,0.11512215177134977,9.999834018159276e-08,284275803096837.44,2155060547.9,4.176834914726472,4.049664112007938e-16,0.0006364057028944097,4.893878159329377e-10,1571502438948.8484
945,105251.0,1.0069373,7710630221189459.0,0.0007639503810602331,4.4328532142013967e-10,5849955995961.453,16002706.36,4.176834914726472,1.3059079103973262e-16,0.00019881239324522608,1.7652426968943897e-10,1522407450497.3083
946,19114.0,28.070234,7.140721742545487e+16,1.2459728818124474,1.0512659530263498e-06,3169601524440516.5,4757085760.65,4.176834914726472,3.931007958586784e-16,0.0007026790551124713,5.081767761437653e-10,1787528955716.202
947,143447.0,0.8380974,5859799999031321.0,0.0006641775670330844,4.999949960556359e-10,4643789262032.186,14157672.0,4.176834914726472,1.430249155497705e-16,6.561334358605854e-05,4.527058141585812e-11,458754639594.42847
948,41809.0,4.421001,8846146037252050.0,0.006165231843670189,4.425737482786916e-09,12336242684094.209,288594165.53,4.176834914726472,4.997657716007288e-16,0.00032534395536576514,2.507139316267291e-10,650992872768.5813
949,59590.0,2.4131467,8451073478749322.0,0.002062033214256431,1.4925393891056571e-09,7221440043119.941,80305524.8,4.176834914726472,2.855432160266961e-16,0.00011084784647938953,8.546383098978895e-11,388199894999.52295
950,37613.0,16.429953,2.609975311321611e+16,0.02392047783675085,1.8024691601956215e-08,37998804128615.28,852169889.28,4.176834914726472,6.295060696064737e-16,0.0005001898032780514,3.8755565032508623e-10,794575028626.3921
951,52438.0,9.143445,2.5476912063107136e+16,0.010160992080231437,7.441095551351307e-09,28312162615073.9,794855339.78,4.176834914726472,3.5889141420873104e-16,0.0003724378114378337,2.8179537537748395e-10,1037745113682.8369
952,37374.0,17.898565,4.744204572783292e+16,0.29077787618821527,2.2689245157603946e-07,770737614929657.6,2884031134.62,4.176834914726472,3.772722007537591e-16,0.0005972754853414284,4.493704367455489e-10,1583142050085.1125
953,64288.0,3.2744286,9732476197240854.0,0.001992641089677487,1.3461969357582745e-09,5922661430128.671,112199803.85,4.176834914726472,3.364435251255273e-16,0.00017038081288198398,1.0246035175521285e-10,506417274097.9776
954,16647.0,41.30959,3.5290614092879904e+16,0.0650536184928143,5.311959458711827e-08,55575040700605.96,4404421893.11,4.176834914726472,1.1705545812061814e-15,0.0008342611952699067,6.510174143313118e-10,712705933293.8187
955,22984.0,7.5533943,1.30981090092151e+16,1.9227374154067949,1.4249331156063785e-06,3334159884000057.5,4263318394.48,4.176834914726472,5.766782284897654e-16,0.0006988584018355795,5.412349332950151e-10,1211868885124.701
956,17911.0,54.999203,9.19879393242293e+16,2.6978951722914335,2.372122623011685e-06,4512316613240296.0,13533437179.1,4.176834914726472,5.978958046461359e-16,0.0011127873153880085,8.873327170932925e-10,1861172643696.021
957,43949.0,7.9506273,1.1858830166137962e+16,0.010195765328523114,6.993648964964965e-09,15207586129053.418,603587596.37,4.176834914726472,6.704394268755485e-16,0.0003109521351516516,2.077244171208315e-10,463803473791.4849
958,11699.0,76.692345,4.897916469016438e+16,0.5889733207031896,5.150906474238629e-07,376144728301560.4,8862589964.2,4.176834914726472,1.5658156990864477e-15,0.0013461352956475661,1.0867262314418333e-09,859702260255.1176
959,60813.0,1.6800537,8403761805869961.0,0.001342200591191697,1.0388439950969617e-09,6713793769849.657,82733638.62,4.176834914726472,1.9991686328216678e-16,9.312216239193316e-05,8.548729510508436e-11,465804439220.8106
960,27434.0,45.84008,7.024518496954013e+16,0.07503951832670896,6.311241742859602e-08,114990306406203.2,4198321003.16,4.176834914726472,6.525725573913326e-16,0.0008915389589871574,6.952500949928478e-10,1366191312964.6396
