,id,sfr,sfrd,snr,snr_solar,snrd,mass,z,halo_volume,snr_err,snr_solar_err,snrd_err
0,52597.0,11.721052,1.6878934970215978e+16,21.793051684283032,2.7876272164044586e-05,3.1383147364380696e+16,4724547668.25,2.8957850057274284,6.944189322775749e-16,0.0006281080600730257,4.781576128533616e-10,904508835916.871
1,20925.0,14.855804,1.4053520573660622e+16,0.01933735001138264,1.5242680801941383e-08,18293041980430.168,1527309598.95,2.8957850057274284,1.0570877184926197e-15,0.0005565864952095956,4.365025711355518e-10,526528201465.8858
2,30961.0,98.81291,4.767106190009583e+16,2.881844176639839,2.500393177170908e-06,1390309951716111.2,7552909712.52,2.8957850057274284,2.0728069831354306e-15,0.0013485633517203593,1.046517971091657e-09,650597649801.6499
3,129317.0,4.336176,7417938051235958.0,0.004515131381891055,3.5379351351215205e-09,7724078746817.299,217185494.73,2.8957850057274284,5.845527382474591e-16,0.0002564328523993482,2.0799140100449412e-10,438682150678.4086
4,21994.0,4.4631395,2794118786069240.0,18.36224629712315,1.839009284532799e-05,1.1495562111204936e+16,16331440776.9,2.8957850057274284,1.5973334856957653e-15,0.0006808643173581192,5.307012986722312e-10,426250575384.1057
5,61313.0,40.142708,3.7313277418671784e+16,3.0029779524657876,2.4529911642301475e-06,2791315160464782.5,5968050719.19,2.8957850057274284,1.0758290554212306e-15,0.0010117540731189496,8.117920422835659e-10,940441297825.7098
6,61993.0,21.984505,4.631117532760444e+16,2.0375568792952827,1.7331544348119436e-06,4292189152178336.5,4678761093.67,2.8957850057274284,4.747127414599607e-16,0.0008499841959737123,6.410467457601276e-10,1790523240138.0647
7,60246.0,33.73324,3.2965032281889988e+16,2.0018756054396536,1.6910193293838028e-06,1956286854083575.8,4054883013.38,2.8957850057274284,1.0233037150256954e-15,0.000861051519342024,6.930166751457126e-10,841442776664.2113
8,23284.0,110.79817,3.5923422770034984e+16,10.098105378083071,7.941426174444958e-06,3274047835566617.5,15794014354.01,2.8957850057274284,3.084287672399099e-15,0.001532906016247322,1.1508136922186022e-09,497004877322.2759
9,82833.0,7.2395315,8540559085368469.0,0.010091644898955145,7.940740215011124e-09,11905230266362.365,841788345.88,2.8957850057274284,8.476648223653922e-16,0.00039765250435855716,2.950271193587238e-10,469115260969.4426
10,48380.0,33.024162,1.5756336588598246e+16,8.11681701848916,7.849424114200508e-06,3872658478703492.5,6234883723.92,2.8957850057274284,2.0959289498738725e-15,0.0009744240427383291,8.300730945455099e-10,464912726548.75415
11,58944.0,16.560879,3.023962613745881e+16,5.350001245430168,4.925777082834173e-06,9768928176864724.0,3265927007.46,2.8957850057274284,5.47654885834898e-16,0.0007352694697752808,5.390181169952258e-10,1342578125007.257
12,18094.0,58.07253,1.775758209625711e+16,21.12777030213086,2.1385377674121827e-05,6460509222707390.0,19885843571.12,2.8957850057274284,3.2702948906675957e-15,0.0018699023714654165,1.542202973110483e-09,571784023759.3057
13,21709.0,37.47592,1.6098948628378364e+16,3.9908157244344014,3.6509692302901273e-06,1714379188903007.8,9406725312.82,2.8957850057274284,2.327848908961636e-15,0.0008951880228548568,7.026812684832572e-10,384555895964.1267
14,141856.0,2.4731371,4539225458443502.0,0.0005679094628065138,4.196121393002254e-10,1042347830883.4153,33498004.45,2.8957850057274284,5.44836805891558e-16,7.405017720668406e-05,5.986660511916387e-11,135912582274.08134
15,62862.0,47.08405,1.141914333361126e+17,9.991536322202656,8.94241944734716e-06,2.4232151946617852e+16,5541016556.11,2.8957850057274284,4.123255889205994e-16,0.0010305151329551183,8.906113515439249e-10,2499275234536.953
16,48928.0,25.306845,2.8217177564901804e+16,16.206266801501855,1.536456161955041e-05,1.8070016550943076e+16,8055735194.55,2.8957850057274284,8.968595438644491e-16,0.0009296889002677076,7.222001804568084e-10,1036604791271.7761
17,11279.0,33.94173,2.3182700044093196e+16,0.596840596226415,5.053316957895366e-07,407650892174757.25,4579536353.95,2.8957850057274284,1.4640973629233552e-15,0.0008453794918359158,6.933730463888759e-10,577406607814.6273
18,81197.0,16.281395,1.0251270906817248e+16,0.05559513927409545,4.410256252527733e-08,35004422766046.008,2983399892.05,2.8957850057274284,1.5882318541765032e-15,0.0006562367491169609,4.832353203511057e-10,413186996212.9799
19,80441.0,31.48598,4.701056311376221e+16,1.0349719677370206,8.642984586803757e-07,1545278724380688.5,5267263073.47,2.8957850057274284,6.697639405808898e-16,0.0008200773990888092,6.468316127031715e-10,1224427517518.4136
20,60314.0,27.452473,2.1164460643225996e+16,0.3153190622511518,2.926723950626533e-07,243094962084961.5,2878191895.18,2.8957850057274284,1.2971024144093452e-15,0.0007996689729573851,6.451731701829778e-10,616504112608.1985
21,45708.0,39.900208,1.5349000564827746e+16,1.2294209590359932,1.0505846963555962e-06,472939464241753.56,6536476503.72,2.8957850057274284,2.5995313396125202e-15,0.0009888596748677688,7.468479865457637e-10,380399212657.7577
22,89684.0,14.817619,2.2172513824765904e+16,0.1806990877559864,1.5666268035123868e-07,270391148631382.34,2545459191.33,2.8957850057274284,6.682877330512363e-16,0.000536086298221229,4.295851367128519e-10,802178869532.1277
23,75107.0,44.621,4.303238158164045e+16,0.05508705811072654,4.4731714244652174e-08,53125822030675.82,3594997866.7,2.8957850057274284,1.0369168138032437e-15,0.0008853848531992197,7.095359844006157e-10,853862953530.2556
24,2352.0,17.2348,1.6652269054647922e+16,0.027536027185431248,2.100428682054998e-08,26605317925818.734,851305148.57,2.8957850057274284,1.0349820762227886e-15,0.0006429386390609728,4.986196709840863e-10,621207510575.84
25,27004.0,52.790096,4.729247524164189e+16,13.844846133242626,1.1537531104048901e-05,1.2403028078992664e+16,15940409601.14,2.8957850057274284,1.1162472619643592e-15,0.0011551377960335074,8.524632179636577e-10,1034840429530.5586
26,61188.0,45.592594,7.1757867185000296e+16,4.358358057303097,4.091656090967847e-06,6859589489920920.0,7604116261.1,2.8957850057274284,6.353671839556892e-16,0.001229505487877238,9.898780868480317e-10,1935110151932.216
27,96844.0,15.2885,2.379697500235591e+16,0.2513017880118346,2.0684278175743165e-07,391158214825847.7,1943426262.36,2.8957850057274284,6.424556061636587e-16,0.0004961390348352436,3.9040019451763847e-10,772254191690.9625
28,48852.0,35.729794,1.918781376316499e+16,0.5098704671646805,4.926378952958195e-07,273813489305139.06,5561220124.65,2.8957850057274284,1.862108650887095e-15,0.0008695068851602056,7.010765834595006e-10,466947449465.9476
29,68664.0,27.157133,3.64852899202057e+16,6.189393280426007,5.557895190580772e-06,8315377336279048.0,4357255387.42,2.8957850057274284,7.443310183198045e-16,0.0007532316114177099,5.696768762973172e-10,1011957842517.4285
30,106489.0,20.466103,3.7798501109946424e+16,0.021067776961389922,1.5858159817573594e-08,38909722620823.35,1852868118.2,2.8957850057274284,5.414527666181578e-16,0.0005572784259980597,4.346450030016469e-10,1029228143903.9398
31,43187.0,30.842329,1.3056236505553204e+16,6.826156942979219,5.482712326413838e-06,2889662433455033.0,9233131015.74,2.8957850057274284,2.3622679465772426e-15,0.0009634482639230228,7.318255714399167e-10,407848849373.32806
32,68835.0,51.178978,7.088012512598681e+16,8.423960241814932,7.665338234740992e-06,1.166673074237982e+16,7171494834.25,2.8957850057274284,7.220497693680881e-16,0.0011716472422779432,9.716675960644439e-10,1622668259146.9097
33,32688.0,15.971391,1.6275817159447136e+16,1.2370735094002743,1.0165002488712881e-06,1260653017122583.2,3930726623.62,2.8957850057274284,9.812957987629866e-16,0.0007262465175683315,5.771105463922626e-10,740089296707.3046
34,35656.0,57.024952,5.93321433829444e+16,11.107551427026898,9.48307179265089e-06,1.1556955521887834e+16,8886510677.4,2.8957850057274284,9.61113972100195e-16,0.0013397938414091808,1.0550313792920411e-09,1394001003316.5024
35,58077.0,25.93423,3.5840638570969296e+16,0.7099761596832911,6.24776068881309e-07,981174260165565.8,3266920133.85,2.8957850057274284,7.235984355760495e-16,0.0006943026887063591,5.457250336763527e-10,959513805683.717
36,24410.0,136.5774,9.409271389463462e+16,22.170182881627298,1.8068790133278206e-05,1.5273776443779742e+16,17572167678.21,2.8957850057274284,1.4515194040735173e-15,0.001790342112663458,1.5192002999348971e-09,1233426234357.6497
37,66104.0,16.471329,1.6954497832810994e+16,0.11106267002881186,8.13254703446677e-08,114320574758095.9,1135805538.22,2.8957850057274284,9.715020263309747e-16,0.0005767958963630847,4.2374854340217253e-10,593715587543.7977
38,39297.0,43.640766,3.1071177890260784e+16,0.16671939117507312,1.5392098342406324e-07,118700204780013.97,4884023143.47,2.8957850057274284,1.4045417317017497e-15,0.0007892685370503557,6.583022770226627e-10,561940253704.0134
39,40024.0,23.95767,1.8819008546741204e+16,0.030080109518617452,2.3441553121918798e-08,23628250915793.285,3188808632.55,2.8957850057274284,1.2730569700574705e-15,0.0006316202903976886,4.996933939766509e-10,496144560104.93774
40,38226.0,29.41115,2.0821209595101004e+16,6.528297713886565,5.434426540455763e-06,4621616461785782.0,5603497788.03,2.8957850057274284,1.4125572227523281e-15,0.0007531143490558897,5.660753769264611e-10,533156701141.2589
41,35762.0,67.88899,4.8859293827002536e+16,18.499063151658408,1.6411378453680408e-05,1.3313663409208968e+16,17165150299.91,2.8957850057274284,1.3894795581855205e-15,0.0011812524032098128,9.17664170293659e-10,850140181085.0494
42,67232.0,11.37556,7836348654868129.0,0.011143513662283801,8.089783620699707e-09,7676497534885.517,1036324050.48,2.8957850057274284,1.4516403622410582e-15,0.00044184144016277347,2.963251441825217e-10,304373901178.0121
43,50853.0,36.155186,6.18747120072073e+16,32.87286513018391,2.8733511340033352e-05,5.6257463667367016e+16,6116780398.44,2.8957850057274284,5.843289581014707e-16,0.001182761641099842,9.877439326939935e-10,2024136618083.6301
44,104965.0,14.876874,2.1306501205490852e+16,0.02161904959836338,1.6531638250153608e-08,30962573611169.65,2169427370.36,2.8957850057274284,6.982316738219842e-16,0.0005812653036886215,4.4856916302793533e-10,832482004872.2346
45,16792.0,42.62575,1.292476490786466e+16,0.2802944617921948,2.42021681765351e-07,84989472880607.89,4687846281.53,2.8957850057274284,3.2979903544754167e-15,0.0009457046970462511,7.351709279951117e-10,286751808040.5897
46,56659.0,13.45616,1.2088302508362e+16,3.081291380825443,2.617371616275801e-06,2768069220923830.5,3370238982.74,2.8957850057274284,1.1131554650201544e-15,0.000606317414669309,4.589177836362838e-10,544683499944.30585
47,25094.0,23.92001,1.0676399997313908e+16,3.8475437012726665,3.134547475940791e-06,1717303444351931.2,4370485104.33,2.8957850057274284,2.2404565214883363e-15,0.0008452377175668023,6.49658291154466e-10,377261379303.76373
48,47905.0,30.38066,2.530699100632937e+16,16.948180757947117,1.3055105716733891e-05,1.4117779469406266e+16,9111682531.17,2.8957850057274284,1.2004848775740145e-15,0.0010696818225787218,7.9767785692871e-10,891041480456.11
49,25227.0,60.445667,3.3700980712701096e+16,35.82845468334701,3.43133259759624e-05,1.997585799242422e+16,10546492409.75,2.8957850057274284,1.7935877746495214e-15,0.001152856363565053,9.650655717238578e-10,642765511596.0681
50,56617.0,66.13465,6.225526697787892e+16,1.6995736842851357,1.5638489612968916e-06,1599878633420581.0,11445344803.77,2.8957850057274284,1.0623141335736225e-15,0.001075815054138653,8.687399077729029e-10,1012708971987.0463
51,95056.0,24.223263,2.6354181330507852e+16,0.20120665386591888,1.623134356092626e-07,218906785633593.44,2780106849.25,2.8957850057274284,9.19143064860031e-16,0.0006376233313252671,5.026666009898923e-10,693715000093.4464
52,30287.0,29.006044,1.8491237818628776e+16,1.2787069666993727,1.1420247227831503e-06,815170611393112.8,3312676795.59,2.8957850057274284,1.568637226155742e-15,0.0007084944574338046,5.588262788897307e-10,451662402001.07416
53,139086.0,6.040882,1.4867385020995584e+16,0.009547419715372176,7.1896399716556476e-09,23497423863846.74,362541377.45,2.8957850057274284,4.0631772106992064e-16,0.0003480131591143825,2.591507609317566e-10,856504998595.656
54,111513.0,1.3788731,3221212248485977.5,0.0009625539448212107,6.714647091367227e-10,2248640978554.574,49131810.85,2.8957850057274284,4.280603057585209e-16,0.0001303461042143262,8.874616912678652e-11,304504067442.91205
55,37973.0,25.551237,1.2144337132886394e+16,5.449497673356674,4.6666768070128274e-06,2590110879959489.0,5818030444.19,2.8957850057274284,2.1039630834035595e-15,0.0009044436847420266,6.913064380742406e-10,429876214025.06616
56,38924.0,22.161821,2.6604631025132404e+16,8.28465817476937,6.645596120158149e-06,9945494727580644.0,5024197722.33,2.8957850057274284,8.330061401364505e-16,0.000819838564119175,6.20536042329558e-10,984192702330.9594
57,59559.0,47.914616,2.8595849606512316e+16,0.19844154876141792,1.7726886989542828e-07,118431600997593.03,6030091380.55,2.8957850057274284,1.6755793815997725e-15,0.0009816837304932626,7.716890007657488e-10,585877184497.2169
58,72414.0,9.984797,1.4002000196610174e+16,4.725645557926522,3.992081933905302e-06,6626923915548524.0,3237630851.66,2.8957850057274284,7.1309790457061115e-16,0.0007731572950620787,5.764572956785113e-10,1084223204284.4553
59,50702.0,18.643717,1.9948740800146532e+16,3.7275360357402474,3.008260438448496e-06,3988456282627972.5,4347872752.55,2.8957850057274284,9.345811440821896e-16,0.0011359641636883246,8.237065024002238e-10,1215479437907.8813
60,44089.0,20.931713,9816215840944930.0,3.1065613247476387,2.565020422254139e-06,1456864829307311.8,3011647449.56,2.8957850057274284,2.1323607120261802e-15,0.0006385805243762962,4.5903581487939926e-10,299471154563.4855
61,60773.0,33.63156,2.3742290094313296e+16,0.6353241982825036,5.448644856398076e-07,448508823841660.06,8996534459.82,2.8957850057274284,1.4165255275039944e-15,0.0009695285839540505,7.861892107477909e-10,684441307360.2844
62,16609.0,87.31956,2.9923162694263e+17,5.777160729052168,4.720316983626665e-06,1.9797502461800668e+16,11329229101.54,2.8957850057274284,2.918126031401797e-16,0.001547424797458671,1.162190293051102e-09,5302803171648.23
63,15965.0,1.2406169,279195044420489.4,0.030845230514170378,2.3721606964276686e-08,6941575198245.352,2787857291.77,2.8957850057274284,4.443549141694416e-15,0.000640311880924673,4.592032827655186e-10,144099201000.5113
64,113300.0,14.086752,4.2976521307328376e+16,0.9140905442522247,9.124497733817864e-07,2788750149919806.0,2387998980.52,2.8957850057274284,3.277778557102043e-16,0.0005525030402816421,4.176823171090295e-10,1685602095005.8396
65,41217.0,19.542616,2.2034698146780964e+16,0.12998391846779206,1.0138637148484481e-07,146559519328097.4,3053079681.62,2.8957850057274284,8.869019157793623e-16,0.0005607894518494094,4.2853646404610583e-10,632301545269.0925
66,94203.0,6.3396087,8182430671211090.0,0.008281367201444952,6.0661060750574715e-09,10688627042338.547,347714824.48,2.8957850057274284,7.74783063216797e-16,0.00034823646573066267,2.710166755735629e-10,449463188166.286
67,40496.0,62.841568,2.3370946577128172e+16,8.155283955069082,6.642920316134967e-06,3032971832199191.0,10574231969.82,2.8957850057274284,2.688875599993862e-15,0.0013844489638327663,1.0392692222413725e-09,514880258438.1095
68,21225.0,72.591354,2.2848730775817404e+16,153.1810146552075,0.00018252678453041608,4.821499491280155e+16,13004898850.39,2.8957850057274284,3.1770409793102858e-15,0.0012932586124041066,1.0723362503342774e-09,407063875104.58374
69,5371.0,203.38625,6.087904526189593e+16,47.60232026692064,4.415496539407038e-05,1.4248671235647088e+16,41105733100.83,2.8957850057274284,3.3408252236061108e-15,0.002855704264426004,2.297087296505975e-09,854790081279.2404
70,78974.0,22.114082,3.014537366207966e+16,7.278580326288356,7.2777533077663905e-06,9921982005195794.0,4528590773.11,2.8957850057274284,7.335812867304959e-16,0.0006415548212643775,5.052309580726208e-10,874551781607.9089
71,44569.0,19.51769,1.1446595592576572e+16,9.481740145740508,8.021244707593254e-06,5560783318220017.0,4324637945.1,2.8957850057274284,1.7051087235629913e-15,0.0007603313558524203,5.721159633148921e-10,445913709398.91364
72,50232.0,34.50769,1.725443511280803e+16,0.2330060242058753,2.105036440254963e-07,116506996717359.31,4672546698.55,2.8957850057274284,1.9999315987102245e-15,0.000883725037172938,7.041179627011197e-10,441877631086.41364
73,56423.0,31.019192,3.889723744828214e+16,12.896513183358483,1.0652652025280958e-05,1.6171882734662976e+16,8286275661.3,2.8957850057274284,7.97465168091775e-16,0.0008520708160354199,6.245672950007385e-10,1068474022601.274
74,83963.0,22.648209,6.8017343269641416e+16,12.64052967066964,1.2026182850993086e-05,3.7962173773653544e+16,3711625821.4,2.8957850057274284,3.3297697192046476e-16,0.0009555201816051959,7.867980651421571e-10,2869628419329.3477
75,12158.0,11.360843,4290960557918772.5,1.883242405691222,1.5713396133894468e-06,711295709642418.1,5775845566.76,2.8957850057274284,2.647622332261731e-15,0.000648718076058046,4.820795559489749e-10,245019113244.85568
76,44090.0,20.624372,3.811520222494983e+16,0.08268058219067245,6.49567040471384e-08,152799179062231.12,2297029070.71,2.8957850057274284,5.411061937512033e-16,0.0005774127892864036,4.4718832142930337e-10,1067096987531.2383
77,88961.0,20.847683,3.3046129013990396e+16,0.623540807068027,5.435100434745811e-07,988388491702301.5,3618532789.55,2.8957850057274284,6.308661141876537e-16,0.0006406465140909219,5.241139315504996e-10,1015503130828.1031
78,72273.0,42.65989,2.830224157413601e+16,0.25686221896738487,2.3027114205046077e-07,170412454708241.1,3426679373.12,2.8957850057274284,1.5072972184289714e-15,0.0009780422651045268,7.686026675317114e-10,648871538503.8145
79,65841.0,42.185234,3.2593308151440332e+16,0.7306953033665227,6.638169887280211e-07,564552449500108.2,4568987402.87,2.8957850057274284,1.2942912638383346e-15,0.0009447437193485247,7.479619786692217e-10,729931311246.5923
80,7257.0,8.04891,1397191745960843.2,0.09849960649749351,7.552081246131831e-08,17098319794691.328,6862245696.77,2.8957850057274284,5.7607769465205336e-15,0.001020330676485199,7.727946198746234e-10,177116851764.49527
81,72142.0,33.35249,1.8831176394217816e+16,0.11645221943559741,1.0147529101790678e-07,65750181941135.28,4077783451.88,2.8957850057274284,1.7711315162573172e-15,0.0008094308237677819,6.591924837733692e-10,457013393041.663
82,69253.0,12.593466,1.522237350344159e+16,0.011010965080938498,8.010909338000997e-09,13309522818848.979,574617039.88,2.8957850057274284,8.272997635455978e-16,0.00040529277181539395,3.0905323064926145e-10,489898329087.40546
83,45874.0,41.74667,1.8967672925448496e+16,0.7917048723165618,6.732768109095355e-07,359712500939224.8,7043314270.81,2.8957850057274284,2.200937888589878e-15,0.0010590803571381147,8.381509735282577e-10,481195022644.03217
84,98877.0,2.20863,6735827058166572.0,0.0004246320135861005,2.7595833101111617e-10,1295032579869.4263,62033046.48,2.8957850057274284,3.2789291959659784e-16,0.0001534654900839703,1.2894877278946735e-10,468035388726.22437
85,38271.0,10.061923,1.0871112003684236e+16,8.925012204222456,7.4769893089262664e-06,9642769807158238.0,1384404598.99,2.8957850057274284,9.25565204055482e-16,0.0004947257279195545,3.700382640726452e-10,534512021143.2437
86,3603.0,22.447845,2.445561507849331e+16,0.43295622589612787,3.5508059540367633e-07,471680502353473.1,2586576800.88,2.8957850057274284,9.17901468760891e-16,0.0006724650104506577,5.001876771646918e-10,732611324130.9474
87,62337.0,10.7449255,1.5670228013895816e+16,0.03401102208406157,2.9956762767229075e-08,49601132278012.62,1137903699.66,2.8957850057274284,6.856904373358047e-16,0.0003960730650225829,2.9458500368917784e-10,577626642368.6658
88,102415.0,7.090861,7384406480954017.0,0.017131729666122503,1.5700267257239314e-08,17840944220520.92,407917204.86,2.8957850057274284,9.602479249062014e-16,0.0003386702368879191,2.3340312788600126e-10,352690412656.71155
89,32810.0,53.47668,2.317122092036289e+16,0.5371534646002618,4.365972130805418e-07,232746340954430.8,8945314505.29,2.8957850057274284,2.307892198852787e-15,0.0011199305596695656,8.555809642345923e-10,485261209438.7526
90,54979.0,59.919727,5.5459452772212424e+16,4.4834930471206444,3.8024282495366882e-06,4149753067154831.0,5783391458.49,2.8957850057274284,1.0804240576643838e-15,0.0009973259840760486,7.834508390239574e-10,923087538639.2513
91,95898.0,11.199437,1.586491130617556e+16,0.014948999646851459,1.047620264687203e-08,21176471059513.81,979982641.1,2.8957850057274284,7.059249676133089e-16,0.00045184182706999195,3.215870652307862e-10,640070613450.0991
92,33042.0,19.36692,1.2219375923664704e+16,0.5843344283381725,5.357111232090395e-07,368680308743147.75,1909588218.49,2.8957850057274284,1.584935279918263e-15,0.0006849978161193391,5.367490155984886e-10,432192925981.59924
93,36696.0,33.87133,1.8124925899462224e+16,3.430719265914642,2.7482203622189404e-06,1835816086246401.2,4681914858.47,2.8957850057274284,1.8687706745882466e-15,0.0008339521557507128,6.224339547657752e-10,446257086057.1004
94,47506.0,8.345732,6848593382457225.0,22.909522087448437,2.3452277613335472e-05,1.8799789085410004e+16,6130434531.86,2.8957850057274284,1.2186052717595584e-15,0.000836704443482824,6.39320086543576e-10,686608258533.706
95,76422.0,11.835424,1.5880112065604424e+16,4.9768159616194,4.329236992700751e-06,6677614186057459.0,3913333912.37,2.8957850057274284,7.452985187450265e-16,0.0007197391349209236,5.424385980087278e-10,965705843791.1011
96,28353.0,38.406986,8.054734146815147e+16,55.99906375549441,5.5044796413658936e-05,1.1744154332262867e+17,5524334896.19,2.8957850057274284,4.768249988137247e-16,0.0008397878568552569,6.561468937037569e-10,1761207694530.5598
97,22386.0,14.585876,1.0718660580609032e+16,1.9028766530170202,1.6245257285021826e-06,1398358862399130.8,2789544813.19,2.8957850057274284,1.3607927865900606e-15,0.000617112837871289,4.734523578745774e-10,453495083125.53577
98,94032.0,10.853884,1.2555273209141192e+16,0.012231262557455795,9.007034334424443e-09,14148561298572.613,696289365.16,2.8957850057274284,8.644880775750502e-16,0.00039819764133276086,2.8784765737850775e-10,460616695200.3933
99,85089.0,15.5823145,2.2616549868409532e+16,0.023629075877755232,1.8999823800907948e-08,34295814844045.406,1516849855.83,2.8957850057274284,6.88978406992357e-16,0.0005473787088278101,4.2333515393401233e-10,794478757639.617
100,90619.0,4.013772,5890287043024163.0,0.0017028341619920852,1.1953760225982034e-09,2498941644119.518,171840496.14,2.8957850057274284,6.81422139648269e-16,0.00010065397877086152,8.066669267679665e-11,147711635584.39163
101,17790.0,31.614521,9827029899999776.0,2.5321575856001357,2.0335961717619465e-06,787093636661576.4,14704867300.05,2.8957850057274284,3.2170982811399325e-15,0.0012526991249051616,9.584645649407662e-10,389387894130.883
102,118133.0,19.32861,3.804493805202049e+16,0.14306416535779687,1.308947673044337e-07,281596416322818.75,2523228364.95,2.8957850057274284,5.08046825403452e-16,0.0005719415685745368,4.4631819408392145e-10,1125765460930.3867
103,49735.0,21.710562,1.2919478586951404e+16,1.187999529828222,9.431460284092361e-07,706952426515907.4,4080779068.48,2.8957850057274284,1.6804518738029828e-15,0.0008004879702127381,5.737423477147347e-10,476352808843.71686
104,105154.0,8.3483,1.175162377831242e+16,0.010047553985857596,7.813828533507496e-09,14143607001914.385,860863601.23,2.8957850057274284,7.103954447049912e-16,0.00036735012513728986,2.572258862212608e-10,517106532531.1044
105,67365.0,18.813679,1.7377098565298686e+16,2.700246780183821,2.2577681602974876e-06,2494060542325861.5,2837109248.28,2.8957850057274284,1.082670903275539e-15,0.0007085336545310885,5.268497663145118e-10,654431233339.2109
106,68761.0,14.509516,1.4304449205737518e+16,0.02530487793102132,2.0072677479746524e-08,24947237455865.707,937477098.01,2.8957850057274284,1.0143358748954996e-15,0.000577813986216953,4.4556327921136956e-10,569647589637.3885
107,69004.0,25.978643,4.330527057517888e+16,5.229496416327647,4.5119176629993725e-06,8717343599548177.0,4150923711.75,2.8957850057274284,5.998956398367381e-16,0.0007163702307056059,5.619902939867849e-10,1194158088731.1775
108,90687.0,3.1006446,4993893894053940.0,0.0009388041861148929,6.984660985473726e-10,1512036720606.8838,64558047.46,2.8957850057274284,6.208871605565813e-16,8.532662774208173e-05,7.952662242085952e-11,137426948345.32004
109,861.0,38.197056,8.703561199391038e+16,0.6793656345016104,6.025345457821775e-07,1547998981033483.2,5786827819.41,2.8957850057274284,4.3886697783744582e-16,0.0009249706155219767,7.278112245980458e-10,2107633206033.9734
110,6928.0,20.743368,2.632222624824363e+16,0.1950920543209521,1.7796996944557323e-07,247561398567037.8,2242087422.2,2.8957850057274284,7.880552277140356e-16,0.0006052575252477345,4.762272448925299e-10,768039477389.7324
111,73594.0,28.316174,3.68715472554871e+16,0.7006898576922329,6.637520196878777e-07,912394421624182.0,4079218164.63,2.8957850057274284,7.679681518053485e-16,0.00077779307292519,6.26552084694463e-10,1012793396570.867
112,34333.0,32.907524,9875404384683550.0,0.5084296203672307,4.6665263899426284e-07,152577510914450.53,2815385494.89,2.8957850057274284,3.3322710360133268e-15,0.0008556940804712906,6.146637503167818e-10,256790060359.26437
113,20924.0,65.80697,2.1195944082634612e+16,36.275588351789544,3.223924637063424e-05,1.1684101885699988e+16,12933583865.87,2.8957850057274284,3.1046963392356873e-15,0.0012211830671651409,9.247132207959505e-10,393334140840.89496
114,113954.0,21.797853,3.0574559688644276e+16,0.028506692604635345,2.1788330751320043e-08,39984652367655.555,1484089238.74,2.8957850057274284,7.129408639724731e-16,0.0006297605621681867,4.854597571467786e-10,883327908375.4441
115,170190.0,0.9427116,4853876337464534.0,0.000766262743343469,4.662089236504107e-10,3945368443748.357,19495399.37,2.8957850057274284,1.9421829780122374e-16,0.00016532692344239195,9.90396137286574e-11,851242778430.6853
116,92876.0,20.415842,3.949198269418412e+16,0.029783180039810467,2.5010428141296872e-08,57611967741029.97,3086667572.8,2.8957850057274284,5.169616870871006e-16,0.0005570351248671187,4.688412070856879e-10,1077517229576.1763
117,73426.0,15.706011,3.604177183294318e+16,3.3341583375321844,2.9330761685724074e-06,7651145415359772.0,3969394374.62,2.8957850057274284,4.357724440629267e-16,0.0006781576569401457,5.189651347328625e-10,1556219688003.535
118,86279.0,23.365644,2.319439150487885e+16,0.035263625187462184,2.7640882779929685e-08,35005169490697.734,1604452408.12,2.8957850057274284,1.007383357958976e-15,0.0006893793344466553,5.309246132925508e-10,684326705419.6553
119,29781.0,17.242804,5064111184957383.0,0.6929007330749442,5.657149117435564e-07,203500912753517.06,5403201666.79,2.8957850057274284,3.4049023353236477e-15,0.0009380986245742703,6.959177993009549e-10,275514106481.7358
120,10052.0,7.1778345,1042537496107307.4,0.023058598675778415,1.7912378248039937e-08,3349123433702.644,2781764755.33,2.8957850057274284,6.884965314725901e-15,0.000585882330397908,4.646697947848147e-10,85095901521.07144
121,36875.0,110.214424,1.0485313073734283e+17,18.824158133085398,1.918299653904866e-05,1.7908471887026498e+16,14549358170.16,2.8957850057274284,1.051131456208849e-15,0.0017257678540604394,1.444019878020846e-09,1641819245220.597
122,9764.0,22.643545,1.291873573228331e+16,0.04670105801487384,3.7642973824043186e-08,26644177266067.95,3412631839.25,2.8957850057274284,1.752767876767914e-15,0.0007672197308581331,5.763269799020425e-10,437718959268.5133
123,143347.0,0.75414246,4029444800595307.5,6.992355572967395e-05,5.6408774804883687e-11,373607273185.58746,1239586.5,2.8957850057274284,1.8715790817846256e-16,0.000122209359405,9.858881119228065e-11,652974595593.7299
124,42856.0,13.626131,1.6229953751201402e+16,0.021806934722929286,1.61803627872453e-08,25974030486615.04,2034017006.7,2.8957850057274284,8.395668409709019e-16,0.0004951353528123512,4.0328020568984517e-10,589750962817.6368
125,73468.0,27.710356,2.4065415466799556e+16,0.4634509856098589,4.1086649530028897e-07,402489975848704.25,5556704256.84,2.8957850057274284,1.1514596969343402e-15,0.0008342581321067335,6.398640968358851e-10,724522216737.4786
126,6580.0,23.697586,3.1256478996327316e+16,1.791313300965517,1.5553065851611235e-06,2362694097511469.5,5697992816.45,2.8957850057274284,7.581655631392296e-16,0.0007869454176143687,6.277404029014902e-10,1037959854515.1199
127,143823.0,3.5307229,5712911141993947.0,0.00301544372865382,2.072852859550745e-09,4879160037023.064,90192549.0,2.8957850057274284,6.180251735488556e-16,0.00019157382340894715,1.4639573391198094e-10,309977378929.2145
128,21708.0,0.18529563,152375303598822.7,3.0353176356726674,2.61978539376995e-06,2496051559631943.0,16195738951.67,2.8957850057274284,1.2160476509228209e-15,0.0008037538610820116,6.53101593159029e-10,660955893029.4119
129,71705.0,6.8347573,1.6541431251461436e+16,8.988221473946007,1.083752518306779e-05,2.1753230006307212e+16,4343948947.1,2.8957850057274284,4.1319020078121406e-16,0.00037039380151900276,2.6230129478398286e-10,896424457353.3046
130,51467.0,23.153465,2.0547233843254044e+16,0.7423140900435964,6.568469781071309e-07,658756743030389.2,3714492179.67,2.8957850057274284,1.1268409741490153e-15,0.0006772134228678655,5.002427543034751e-10,600984023836.4546
131,107297.0,3.5185773,6075359943134028.0,0.0012193804906517024,9.136025458112894e-10,2105446251911.0974,56477721.89,2.8957850057274284,5.791553641157451e-16,9.907980015672941e-05,7.931733036481503e-11,171076374830.79266
132,5877.0,44.311474,1.6059358203293368e+16,4.5097854494141165,3.7798067680195544e-06,1634435811188354.0,7901843405.72,2.8957850057274284,2.7592306889893543e-15,0.0012062434936109237,9.510049624255054e-10,437166598075.4745
133,63950.0,18.311108,1.1964823658782926e+16,1.213245960890832,1.0134960643932471e-06,792757815463130.4,3084061611.62,2.8957850057274284,1.5304118574751e-15,0.000710048747128799,5.653234140301938e-10,463959256235.93225
134,11278.0,0.29752982,262747214276746.53,1.8608437398976916,1.6094220598767073e-06,1643302539767076.8,8720341256.54,2.8957850057274284,1.13238049285888e-15,0.0007936965230750196,6.170127102861084e-10,700909745514.2509
135,61594.0,0.13584347,206995707065340.6,0.013483969002097152,9.81220644017496e-09,20546616614226.914,2630563525.95,2.8957850057274284,6.562622574443992e-16,0.00046363213771504825,3.262671753285026e-10,706473871467.9607
136,57210.0,13.755636,1.6008947175166938e+16,0.6888376676454411,5.684726394147749e-07,801676188116715.6,2674485669.86,2.8957850057274284,8.592467605451113e-16,0.000527707296583323,4.048861424341577e-10,614151045793.3439
137,11055.0,63.416924,2.459238579863346e+16,3.568706863013629,3.647501063790536e-06,1383905280197162.0,10146076850.12,2.8957850057274284,2.5787219068238565e-15,0.0011494043897207163,9.034507217524912e-10,445726383554.24963
138,60138.0,17.101557,1.6602161347773538e+16,3.2149953601093686,2.7255400565689842e-06,3121111820454653.5,4621787215.08,2.8957850057274284,1.0300801589483068e-15,0.0005664991476355852,4.224205251311117e-10,549956372535.0953
139,31184.0,1.8752611,619651562500069.2,0.08419516740129253,6.552244155939719e-08,27821014916357.95,2509389819.61,2.8957850057274284,3.0263154545015617e-15,0.0006575607051954789,4.992841840038613e-10,217280952723.34393
140,202421.0,0.6858625,4490535455048800.0,4.428043950276576e-05,4.037362878983689e-11,289916540928.1206,1096766.4,2.8957850057274284,1.527351263263874e-16,6.5346723245698705e-06,5.958125927790887e-12,42784344909.66799
141,6578.0,81.49095,5.23058150161016e+16,1.7573383382561383,1.526078249973956e-06,1127965915743146.2,8086729004.79,2.8957850057274284,1.5579711352344701e-15,0.0013189776075975272,1.0273959622472758e-09,846599515079.607
142,22252.0,0.6897471,303105870800419.7,0.0085056569497421,6.536046635885328e-09,3737767881128.0557,534933782.19,2.8957850057274284,2.275597955851421e-15,0.0002985842053201254,2.083765588050425e-10,131211317250.63857
143,43335.0,19.658989,1.7503356419892664e+16,0.9360358407525295,7.278502180564108e-07,833398347315084.0,3965526115.53,2.8957850057274284,1.123155383938674e-15,0.0008571995742871542,6.58076214902634e-10,763206575461.6537
144,48853.0,0.71417195,4365775398464902.5,8.620200359447295e-07,5.869776358852146e-13,5269579498.202542,1468573.9,2.8957850057274284,1.6358421696432614e-16,3.454945002886558e-07,2.3525850506307907e-13,2112028328.2830396
145,17371.0,57.80336,2.0448904988104176e+16,10.610339552222152,8.778645569513438e-06,3753585006043154.0,5551725861.14,2.8957850057274284,2.826721530254367e-15,0.001128692352906129,8.639828019791644e-10,399293789935.0
146,92326.0,19.775942,2.0406982134514004e+16,0.0437840127322172,3.7430171358061364e-08,45181138051663.484,2960313603.39,2.8957850057274284,9.690772437416537e-16,0.0006072955547167131,4.788968360295396e-10,626674043414.6569
147,39438.0,31.096596,1.6304711421711312e+16,2.507218685786256,2.1389045785092733e-06,1314596528278117.5,5304140951.29,2.8957850057274284,1.907215356083632e-15,0.0010224810199284194,7.592843461490269e-10,536111990010.4156
148,14779.0,145.65317,3.4365283050525956e+16,313.7145597238308,0.00032224977691338447,7.401754209661606e+16,43103824217.74,2.8957850057274284,4.238381211231455e-15,0.0019425898853101026,1.4711443207305892e-09,458332978676.4712
149,63562.0,13.65464,1.4643029080022594e+16,5.5325682756194015,4.584799272470613e-06,5933042405153512.0,3677843988.79,2.8957850057274284,9.32501050525738e-16,0.0007053527102972875,5.013316807640285e-10,756409561039.7589
150,58511.0,71.633446,1.005687889857392e+17,7.383454215272585,6.5338743805851296e-06,1.036589875854381e+16,10761113310.86,2.8957850057274284,7.12283072337261e-16,0.0013157834512639065,1.002852139552497e-09,1847276037245.0525
151,40025.0,20.678293,1.753642930253939e+16,0.26231796614358815,2.1127531980361238e-07,222461325413222.22,4580829640.73,2.8957850057274284,1.1791621112403793e-15,0.0007512363372214015,5.728852668829891e-10,637093347946.165
152,40372.0,105.51809,4.7142645519812904e+16,1.1365213459921175,9.875827333970662e-07,507767179445790.06,7293799436.18,2.8957850057274284,2.2382725626981058e-15,0.0014257269894097113,1.0663940832301422e-09,636976484977.8087
153,16793.0,54.09697,4.326575049521175e+16,0.5884350487743056,4.967482613572378e-07,470619408127790.94,8288734986.69,2.8957850057274284,1.2503416531740724e-15,0.0010849785981547984,8.327656493878575e-10,867745704064.5736
154,56569.0,34.788254,6.0186060735539864e+16,15.295483508445784,1.5019139439264115e-05,2.6462233471641496e+16,7518955662.03,2.8957850057274284,5.780118116196554e-16,0.0010122268523401997,7.483662086691187e-10,1751221743209.406
155,4970.0,0.41555268,99381995919501.53,0.012568427453131789,8.164456194547934e-09,3005817230830.263,564724284.02,2.8957850057274284,4.181367823771558e-15,0.00046669951990170665,2.943640745860044e-10,111614079308.80084
156,59326.0,18.995676,8404847523682112.0,0.21243118090757662,1.7717961910764851e-07,93992532026968.25,3062878324.01,2.8957850057274284,2.2600857358180973e-15,0.0007009303051932682,5.405528194853526e-10,310134387419.3994
157,34507.0,73.63233,4.2401424136080776e+16,5.267708846544422,5.216021847214669e-06,3033427803082082.0,17184517106.87,2.8957850057274284,1.736553229054017e-15,0.0014111237609878964,1.0873568824623796e-09,812600349576.7317
158,27735.0,131.86967,4.573280311562492e+16,1.5637657415558195,1.2818714470426712e-06,542318721033665.2,11655568225.64,2.8957850057274284,2.883481024913294e-15,0.001778674957742023,1.411115033797658e-09,616849891632.461
159,41726.0,41.276398,1.6360399233202854e+16,58.77513610345682,4.875061718560123e-05,2.3296235578462744e+16,9769561444.03,2.8957850057274284,2.5229456452524096e-15,0.0010816581962565656,8.254359044521608e-10,428728299514.4949
160,104228.0,6.7032485,8196541336369347.0,0.006525798973984651,5.054878711578462e-09,7979561110273.901,421112469.07,2.8957850057274284,8.178142737176996e-16,0.0003336507769848539,2.4977141551524993e-10,407978666681.99835
161,81046.0,21.39,4.13666820746381e+16,2.897030777873086,2.5186570693256297e-06,5602643812469258.0,5242259201.3,2.8957850057274284,5.1708280498314865e-16,0.0007231601298439779,5.039512537923415e-10,1398538344100.5066
162,26349.0,8.15375,8580115061545453.0,0.0062139329087841835,4.724660111364432e-09,6538863632327.716,309362285.7,2.8957850057274284,9.50307768778493e-16,0.0003174922584686801,2.437561655054074e-10,334094141813.4237
163,111972.0,3.7511098,6121027514190308.0,0.003756175738140523,2.5623640952538617e-09,6129294066863.154,149725716.27,2.8957850057274284,6.128235482202694e-16,0.00019912609521524657,1.5065277808910649e-10,324932186097.51263
164,46156.0,4.610657,3346977971902788.0,0.007813140025855555,6.101982234871203e-09,5671731286437.166,725223777.32,2.8957850057274284,1.3775582148151393e-15,0.0003219349111605147,2.4352175965279857e-10,233699677950.6096
165,84841.0,45.82433,1.3153783503872638e+17,3.1380214689366857,2.763279708116297e-06,9007628705732862.0,4304041649.68,2.8957850057274284,3.4837375867185854e-16,0.0008586789066445102,6.8476744445021e-10,2464820857684.979
166,172535.0,1.7938187,5966531687940858.0,0.0004044661197044647,2.501466745045698e-10,1345319858642.9993,31205513.31,2.8957850057274284,3.00646806858588e-16,5.119252826722351e-05,3.181206039690998e-11,170274644863.607
167,44391.0,10.415282,1.6257097854668562e+16,54.47984224237534,6.63821561938574e-05,8.503697993402405e+16,7052519782.13,2.8957850057274284,6.406605959506503e-16,0.00043392336279310644,3.256425105291511e-10,677306151706.1544
168,39139.0,276.08585,1.778131105599246e+17,24.828807874720255,2.636441038866743e-05,1.5990995408488914e+16,12256550225.4,2.8957850057274284,1.5526743170434366e-15,0.002233362503038158,1.7852659644189343e-09,1438397272707.4348
169,42103.0,18.27276,1.6057240238433002e+16,6.121154170031438,5.2412790447490015e-06,5378981776408203.0,3652694486.15,2.8957850057274284,1.1379763725689396e-15,0.0007978283799354121,6.095545012423436e-10,701093976260.9869
170,113666.0,1.4877112,4087038130528391.5,0.00012398665461331476,7.733279748352644e-11,340615964362.75494,4862909.2,2.8957850057274284,3.64007174018624e-16,2.074403985353352e-05,1.1416190597606478e-11,56987997309.28428
171,11931.0,29.378386,1.2252971665157768e+16,3.57918522763058,2.914122383118244e-06,1492786403531792.2,7501237849.58,2.8957850057274284,2.3976539571653146e-15,0.0009714027854482194,7.42489209771401e-10,405147199221.6442
172,107990.0,3.061384,6993634821230212.0,0.0017083434721502915,1.435991646947683e-09,3902656574102.3027,81017724.67,2.8957850057274284,4.377386120743274e-16,0.00013927116202572953,1.120788225737784e-10,318160560170.28143
173,45377.0,36.20499,3.590642144670338e+16,44.29118357268719,3.7877811987520716e-05,4.392593130765156e+16,11518947489.56,2.8957850057274284,1.0083151854533817e-15,0.0010634644695517372,8.873621661253238e-10,1054694489276.7415
174,32122.0,21.119188,2.1016529915505496e+16,3.2431779790398347,2.937520534064138e-06,3227413242298867.5,5115937668.61,2.8957850057274284,1.0048846353278695e-15,0.000681678174322265,5.385405552948915e-10,678364610580.2482
175,132002.0,10.378363,1.434286014746411e+16,0.014956390429973212,1.1205271226927492e-08,20669677505785.49,1015294788.4,2.8957850057274284,7.235908942356205e-16,0.0004530943939913128,3.2412456146590555e-10,626174814526.8577
176,112550.0,6.667208,9044450935037512.0,0.006318032574411566,4.5588421141435616e-09,8570774396904.094,281045341.74,2.8957850057274284,7.371600606701006e-16,0.0002680914757714186,1.996468739314553e-10,363681498869.7508
177,20722.0,26.397131,2.005981957394017e+16,0.1972857600529048,1.5838395571509385e-07,149922230229070.06,7362666219.91,2.8957850057274284,1.315920659340958e-15,0.0010142189667527552,7.59265892196759e-10,770729572146.6205
178,12159.0,46.93513,1.4900278967057494e+16,0.23114550683786125,1.9500155763325305e-07,73380696588376.94,4925623901.63,2.8957850057274284,3.1499497495159146e-15,0.001015716219568022,7.550838148794848e-10,322454737484.0242
179,84524.0,21.754152,3.0276937499241856e+16,0.3381688538626787,2.946930097840701e-07,470655774244409.75,2290100091.73,2.8957850057274284,7.18505694327398e-16,0.000648499839899418,4.985419971718854e-10,902567432686.0927
180,138454.0,8.052556,1.7323725494835918e+16,0.009625046126986414,7.32326806260859e-09,20706674623442.082,211334822.02,2.8957850057274284,4.648281919729339e-16,0.0003127768180868286,2.4542377051535814e-10,672886936481.342
181,32423.0,52.977764,8.127705332894962e+16,124.6427431369138,0.00012717440596609356,1.9122352693113872e+17,22693849727.23,2.8957850057274284,6.518169868386475e-16,0.0010843063069087874,8.803710347335409e-10,1663513422943.6697
182,34081.0,39.463615,3.823559611656383e+16,6.504472792495519,5.312387176680581e-06,6302068237920849.0,14934029955.3,2.8957850057274284,1.0321171632761384e-15,0.0012220910898016965,9.307499842966564e-10,1184062365480.431
183,83137.0,23.649515,2.2881522724241524e+16,0.08824103432340002,7.827183315146461e-08,85375502714599.17,3817221948.72,2.8957850057274284,1.0335638622050637e-15,0.0007208272269723471,5.615550356517029e-10,697419146829.0052
184,57038.0,9.681132,1.1541458589501682e+16,0.2969511915970949,2.409580853882199e-07,354013340683821.94,2169556971.28,2.8957850057274284,8.388135628547098e-16,0.0005988256674541274,4.251347325601484e-10,713896024065.421
185,3599.0,142.76236,2.274668185679415e+16,395.0441347230241,0.0003419277658871297,6.294336442699012e+16,106090124669.96,2.8957850057274284,6.2761839682282565e-15,0.002226440853313279,1.6999701941318787e-09,354744358129.73706
186,9260.0,721.17456,1.3547953115766274e+17,33.056374287767326,2.8155133665176696e-05,6209955728719735.0,60648008833.27,2.8957850057274284,5.3231255957089305e-15,0.003963086051502816,3.037296419020269e-09,744503577878.6682
187,854.0,76.07021,1.5397261405264744e+16,62.84325230166178,6.621796739385298e-05,1.2720011989525092e+16,19021150825.75,2.8957850057274284,4.940502599636941e-15,0.0014558497476657238,1.1955516364922713e-09,294676446030.5534
188,100598.0,26.643953,2.761340628070791e+16,0.04005196001412771,3.037137357505702e-08,41509270197585.78,1768467147.27,2.8957850057274284,9.648919343433114e-16,0.000777731763335568,5.92968141213611e-10,806029914494.9104
189,100882.0,19.499546,2.7376534624779588e+16,0.1503706689296529,1.3447384335941331e-07,211114034373103.4,2045577125.69,2.8957850057274284,7.122722531269602e-16,0.0005298394006670037,4.192711878558096e-10,743872021324.6346
190,107611.0,5.945241,6834282788260759.0,0.00896609807615143,6.315226010554807e-09,10306873978649.414,329874713.54,2.8957850057274284,8.699143983641026e-16,0.00021516955627897568,1.6690562226428776e-10,247345666060.48572
191,109444.0,2.640689,4868035141457086.0,0.001665170915928222,1.1847914744432883e-09,3069695270920.153,47403702.08,2.8957850057274284,5.424547940320737e-16,0.000184631909910201,1.591498113914534e-10,340363679962.76624
192,59040.0,21.209618,1.5186105760755072e+16,0.6598965165609606,5.215702007630228e-07,472486505492395.44,5250941241.07,2.8957850057274284,1.396646272200427e-15,0.0007493248602178929,5.70887124774138e-10,536517280812.50366
193,43256.0,104.05238,1.1170171236542227e+17,1.2835484483324024,1.1278031318907873e-06,1377907546013941.2,10046010436.01,2.8957850057274284,9.31520008033555e-16,0.001222903183408192,9.55138007536763e-10,1312803990104.0332
194,62336.0,51.14944,5.50205863772869e+16,0.15616084110686668,1.3468656902831638e-07,167979572149179.6,5777470614.73,2.8957850057274284,9.296418553095438e-16,0.0010051213503008704,7.948766335572295e-10,1081192014494.8661
195,104762.0,14.355171,2.579392599060009e+16,0.3513240842416146,2.5877630159957483e-07,631272691049347.8,1836536208.8,2.8957850057274284,5.56532999483342e-16,0.0004784665302439135,3.61505505917398e-10,859727151288.6
196,3602.0,12.632175,3.326872108338773e+16,5.901928584288575,5.052574587893749e-06,1.55436111298941e+16,2535841260.27,2.8957850057274284,3.797012505631814e-16,0.0005663508278784293,4.35015472285604e-10,1491569561697.2688
197,88304.0,3.6663556,3331617217664026.5,0.001872564750037909,1.3680595975000824e-09,1701599529084.694,208897502.96,2.8957850057274284,1.100473241812178e-15,0.000150032664993474,1.0599424248693161e-10,136334677930.38864
198,84396.0,34.06993,3.5233439310750584e+16,0.11459272210228173,9.53588790073374e-08,118506134871555.38,3897512875.3,2.8957850057274284,9.669771292978609e-16,0.0008838599259147782,6.873828904199869e-10,914044292398.6884
199,54282.0,34.966255,1.6088489594096988e+16,1.7009759378376275,1.5332037028985803e-06,782644114324226.0,5170733975.01,2.8957850057274284,2.173370893239688e-15,0.0008960115914168774,6.71020467947137e-10,412268147237.97894
200,89935.0,13.391033,1.2988309658704362e+16,0.24001654415742335,2.2860897015622475e-07,232798261249054.03,2228145790.88,2.8957850057274284,1.031006601465322e-15,0.0005525172368322982,4.2231234381438876e-10,535900775074.6029
201,10767.0,14.448672,2.935400942743242e+16,18.514849209513223,1.6896976861451266e-05,3.761487964039469e+16,4937658896.74,2.8957850057274284,4.922214130822339e-16,0.0007549887005804464,5.674507878068467e-10,1533839610619.1196
202,26737.0,9.479288,6352960799587049.0,7.058411374298297,6.117109108937425e-06,4730504102025007.0,3767484769.85,2.8957850057274284,1.492105539296916e-15,0.0005914455322535649,4.3035390285242586e-10,396383175772.0406
203,34707.0,34.565483,2.52886788043773e+16,14.444052650053672,1.167502234598435e-05,1.056750770995221e+16,5126241293.8,2.8957850057274284,1.3668362537791792e-15,0.0010250835509690258,8.201168662957743e-10,749968072718.8513
204,32925.0,25.631186,1.5021638075761274e+16,3.6641488176681993,3.1307176056894782e-06,2147443251152727.8,6190723477.78,2.8957850057274284,1.706284352660457e-15,0.0009063851717508811,7.132413526036017e-10,531204057716.1922
205,28352.0,23.2705,2.6303007461107584e+16,17.730396757746803,1.4647333038352515e-05,2.004094274757362e+16,8440746217.67,2.8957850057274284,8.847087176022916e-16,0.0009699797164177181,7.16182301659609e-10,1096383133927.4299
206,36970.0,60.700245,3.2538919269455988e+16,8.35006797713793,6.997217461858218e-06,4476130002482869.5,11147500047.34,2.8957850057274284,1.8654659208973426e-15,0.0011785840234801977,9.294211302687549e-10,631790701871.0184
207,36697.0,6.5598035,6209606378684390.0,0.005162621681568349,3.896159552352753e-09,4887013540055.147,336156208.58,2.8957850057274284,1.0563960257638433e-15,0.00030194025278346164,2.3773288044786415e-10,285821079803.0399
208,33043.0,16.566925,1.406761627576486e+16,0.05067746505896377,4.13489400963787e-08,43032194102284.14,3185820416.34,2.8957850057274284,1.1776639819598188e-15,0.0005140007892216728,4.247200644952974e-10,436457934602.2746
209,115944.0,13.814696,2.193205557356694e+16,0.01900692947262728,1.4168196118068658e-08,30175186878996.746,1102213667.34,2.8957850057274284,6.298860566744969e-16,0.0005403599051395952,4.1074292135142054e-10,857869291459.5415
210,8235.0,0.42460844,72653652781733.34,0.01834687952823114,1.2256739058681417e-08,3139287139163.783,587305880.94,2.8957850057274284,5.844282066252221e-15,0.0004686864821805684,3.188938887665281e-10,80195732660.98778
211,11503.0,95.23482,1.4681649269953074e+16,13.288151994371514,1.0527006933591314e-05,2048536312949297.8,8079498841.23,2.8957850057274284,6.486656795085283e-15,0.0014413266139028799,1.1345082904664828e-09,222198685614.89542
212,108411.0,14.553863,2.1962699886093736e+16,0.053389067088803165,3.8672249830691287e-08,80567479415596.27,1970777577.42,2.8957850057274284,6.626627452672684e-16,0.0004938960595693043,3.787822682962459e-10,745320395777.046
213,37327.0,18.178354,1.2098202805108538e+16,1.2636900656261074,1.0481718022474562e-06,841021068065104.6,3226116568.09,2.8957850057274284,1.502566479735658e-15,0.0006168507908753489,4.705963133576609e-10,410531446824.1496
214,130614.0,0.6011513,3584267030550061.0,0.00024682487613803054,1.6389406835254847e-10,1471653252452.661,4872519.4,2.8957850057274284,1.6771945139024536e-16,3.0496396743087707e-05,1.865750480104693e-11,181829814552.2159
215,92575.0,24.69237,3.1306195116325776e+16,0.04095336641522817,3.083624820048887e-08,51922682175324.445,1543357867.39,2.8957850057274284,7.887374977460372e-16,0.000749993216103404,5.590843890050151e-10,950878103610.7042
216,24292.0,33.878445,2.4797869377350864e+16,1.0248732035714196,8.534358197602082e-07,750172324335169.0,6506258494.91,2.8957850057274284,1.3661837024975573e-15,0.0009254635133747077,6.935315798005538e-10,677407812494.6469
217,119153.0,1.6318921,4463503530439584.0,0.00030503280327706927,2.494941524587905e-10,834316799699.6136,26665199.6,2.8957850057274284,3.656078882588639e-16,7.036573505571723e-05,5.5232629889893574e-11,192462299954.24957
218,37423.0,53.66178,3.0329833507699916e+16,27.514136831506242,2.3652068347916397e-05,1.5551090351599564e+16,10375478178.54,2.8957850057274284,1.7692738071370137e-15,0.0011480970492411956,8.790559419081753e-10,648908633932.1398
219,55255.0,17.465992,1.9883179823364e+16,44.096354208775324,4.5554075757714254e-05,5.0199023352800904e+16,6237842186.35,2.8957850057274284,8.784305204279422e-16,0.000793510718455258,6.271809238297145e-10,903327810227.5931
220,39676.0,17.929075,8981593584306907.0,4.450230298269697,3.4811116062656054e-06,2229348691755002.8,3961055428.6,2.8957850057274284,1.9962019915181403e-15,0.0008396410611300814,6.113209206319818e-10,420619288377.48645
221,49803.0,22.069904,2.6205191554792636e+16,5.321938029564118,4.584542929564186e-06,6319121528913917.0,5267015170.46,2.8957850057274284,8.421958661837625e-16,0.0009556610459667261,7.047752357579721e-10,1134725405738.5815
222,6929.0,24.123041,2.6618046958248784e+16,31.981448274427766,3.151332804099533e-05,3.5289236210373424e+16,8820972761.81,2.8957850057274284,9.06266377763843e-16,0.0008483301891247294,6.246788362544851e-10,936071567851.7529
223,71235.0,21.602545,2.243863888240116e+16,2.6611166174085215,2.0849012163907603e-06,2764111117555209.5,2936424765.81,2.8957850057274284,9.627386542123589e-16,0.0006515479129114316,5.124915127582672e-10,676765090983.575
224,89449.0,18.080097,2.432277203469544e+16,0.07909399346820664,6.60425462756508e-08,106403476288920.38,2170367129.64,2.8957850057274284,7.433403139333576e-16,0.0005312326151993917,4.050664266428919e-10,714655999737.7166
225,111209.0,1.3029861,4277528595668914.5,1.3361397283356278e-06,9.644803105515843e-13,4386367510.570483,9253179.5,2.8957850057274284,3.046118970003614e-16,3.456059628127475e-07,2.4414698929642465e-13,1134578019.4932353
226,20724.0,35.93372,6.308484297785668e+16,28.753584045592536,3.188145786474707e-05,5.047947539433185e+16,5780283387.28,2.8957850057274284,5.69609407011016e-16,0.0009514865766870639,7.493600795468039e-10,1670419352236.3342
227,103393.0,17.97952,3.040681093517283e+16,0.056963738227586956,4.686373839973497e-08,96336588432111.3,2221050636.5,2.8957850057274284,5.912991019785747e-16,0.0005558237629468562,4.558883279710521e-10,940004409083.3002
228,111923.0,1.4481194,4265898508544387.0,2.2362895364768496e-05,1.759030487599045e-11,65877055430.166954,6684900.78,2.8957850057274284,3.394641004935976e-16,7.092112529360038e-06,5.6067046680936605e-12,20892084079.134598
229,60920.0,15.646238,1.6231402755712542e+16,0.09891783815591337,8.694088882746354e-08,102617336565698.39,1441662994.29,2.8957850057274284,9.63948602316174e-16,0.0006197803535940416,4.705048650338036e-10,642959958762.1523
230,41974.0,32.467945,2.1295978643371096e+16,3.1166556934551126,2.5278802875995843e-06,2044238804967823.2,11094233229.39,2.8957850057274284,1.5246045060298957e-15,0.0012279000847579607,9.316423195853529e-10,805389253345.079
231,53944.0,26.070871,1.8168938695772132e+16,4.554455525238662,3.7365203895073425e-06,3174026031991103.0,2707926001.75,2.8957850057274284,1.4349143577696493e-15,0.0008456647731898865,6.562330028408965e-10,589348603706.4543
232,21091.0,191.20566,3.927869311848885e+16,10.161848409652078,8.721498378618604e-06,2087512080967310.0,6496990475.22,2.8957850057274284,4.867923161883349e-15,0.0016251318270070131,1.21268195551038e-09,333845003908.86743
233,81017.0,37.30636,4.356022576370936e+16,1.315459078929688,1.161160213699185e-06,1535976558986145.8,5324600471.0,2.8957850057274284,8.564317412486979e-16,0.0009182990364001888,7.308700435361915e-10,1072238442565.53
234,48228.0,39.69726,6.596489487778599e+16,31.735727126544212,3.0248898852207142e-05,5.273522413820476e+16,8888967882.12,2.8957850057274284,6.017937279146374e-16,0.0011567650492241436,8.773608942887139e-10,1922195256558.4517
235,36791.0,96.256226,4.205750415471489e+16,11.143448399075385,1.032138567259523e-05,4868938320332276.0,14921871510.55,2.8957850057274284,2.288681364588515e-15,0.001959338941458796,1.6055295924313646e-09,856099486706.4286
236,95006.0,18.561995,3.139982474347372e+16,0.1735196636898327,1.6068467831074564e-07,293529172344203.7,2454569051.59,2.8957850057274284,5.91149637032863e-16,0.0005587451851452572,4.3586557094180316e-10,945184011191.7308
237,46781.0,33.307247,2.432803413994258e+16,4.9838035796214974,4.146627191776995e-06,3640233118990586.5,8217627419.89,2.8957850057274284,1.3690891260841764e-15,0.0008465224709644915,6.621898424476754e-10,618310710994.8987
238,71887.0,23.179003,3.029740020082235e+16,4.149768723440035,3.880399221596537e-06,5424185145276457.0,6099572866.13,2.8957850057274284,7.650492400787201e-16,0.0008177868407800407,6.26583950490895e-10,1068933603144.1508
239,81071.0,39.59983,7.976629873885758e+16,1.6526666309638118,1.440844384411787e-06,3328981467880057.0,7416737727.33,2.8957850057274284,4.964481319315525e-16,0.001031745622003381,8.383638097667072e-10,2078254616427.1443
240,64827.0,26.643,3.1884658416310776e+16,5.251672596341604,4.443346010672327e-06,6284869828797507.0,5407224285.87,2.8957850057274284,8.356056273875785e-16,0.0008330614225568812,6.410735909210647e-10,996955256466.3171
241,85543.0,14.024597,1.4632756843470644e+16,0.30231170221338366,2.6725810927345315e-07,315421086924932.6,2989043480.71,2.8957850057274284,9.584384644687092e-16,0.000492366337931292,3.7423177954530386e-10,513717214181.53357
242,219804.0,0.8880778,5349575843726455.0,0.000264922693272062,1.8134536937673965e-10,1595833203333.2844,6795195.0,2.8957850057274284,1.6600901191848043e-16,3.103792716250146e-05,2.1238494600455472e-11,186965314736.9059
243,65322.0,9.022589,7019854022271580.0,5.39413470627324,4.6819624459801444e-06,4196804067491817.5,2034325771.25,2.8957850057274284,1.2852958154648846e-15,0.000504952759797919,3.7679846946736805e-10,392868905136.2704
244,47034.0,43.560425,4.212626255066776e+16,2.0464772312467314,1.7568430211993028e-06,1979100000687858.8,4268952998.16,2.8957850057274284,1.0340443790285761e-15,0.0010269014244105733,7.4570730362708e-10,993092216579.0281
245,53615.0,24.477535,1.773255340162981e+16,1.9017701263949434,1.5954724211279215e-06,1377722075524459.8,3628503181.13,2.8957850057274284,1.3803728343911405e-15,0.0006975314967171621,5.197644322223706e-10,505321083796.0541
246,64913.0,54.00838,8.760411351935726e+16,15.295503999930974,1.3726533674753393e-05,2.4810021495659304e+16,8769988155.74,2.8957850057274284,6.165050684299904e-16,0.0009829991261770836,7.636633144296242e-10,1594470469935.3364
247,11056.0,33.350193,5.8047246958552984e+16,1.9897774801062307,1.8157753189141147e-06,3463281450284069.5,4178727562.34,2.8957850057274284,5.745353095524543e-16,0.0008259762087740551,6.685774951224702e-10,1437642204127.4812
248,67566.0,35.421207,5.220369265348584e+16,2.2394641249122453,1.951372144242182e-06,3300517028836043.5,3709683151.4,2.8957850057274284,6.785191851296135e-16,0.000904739678184985,6.844819835618687e-10,1333403237540.2295
249,2350.0,0.6197862,112493375562604.3,1.1373212247796674,1.013181861860979e-06,206427803127046.44,1183198952.09,2.8957850057274284,5.509535089513599e-15,0.00045722239873566744,3.1478701514825423e-10,82987473771.77203
250,70382.0,16.166666,2.46578989428985e+16,6.249634710171358,5.535576473280759e-06,9532136132053208.0,4290690206.29,2.8957850057274284,6.556384239159199e-16,0.0006521100404606685,5.003198133118596e-10,994618400437.5804
251,45788.0,10.989108,5228945888415942.0,1.4827443251317474,1.1885429773473026e-06,705534047210175.9,2670229981.88,2.8957850057274284,2.101591455429852e-15,0.0006690879591833483,7.133093196809891e-10,318372040129.22455
252,65370.0,36.33692,3.4123080404048892e+16,1.1044268408147857,9.343235479250946e-07,1037139248167226.0,7825661545.42,2.8957850057274284,1.064878069908613e-15,0.0010489720589244664,8.030838427151794e-10,985063068313.998
253,31282.0,54.197712,6.4517473512896104e+16,17.323024163565496,1.7180510966524342e-05,2.0621493258536372e+16,13331990158.62,2.8957850057274284,8.400470298820159e-16,0.0011040909410677945,8.876395558066457e-10,1314320391351.0215
254,94663.0,10.493474,1.534927565695398e+16,1.0415873097472932,8.957849199371916e-07,1523576533195423.2,2745922102.69,2.8957850057274284,6.836462015877563e-16,0.0006548585168957427,5.087996717255092e-10,957890960814.0078
255,20393.0,72.71883,4.149311341391299e+16,3.357443569287763,2.93203744061272e-06,1915745712647879.5,10956306108.59,2.8957850057274284,1.7525517855118762e-15,0.0012568872149076936,9.991443304790432e-10,717175506765.7465
256,62687.0,38.511177,6.171937653120535e+16,0.802457753396518,6.676493504311262e-07,1286047222920889.2,7677978158.89,2.8957850057274284,6.239722298641291e-16,0.0009949625146287624,7.302834001644521e-10,1594562172815.6348
257,17372.0,80.83384,6.070302023960735e+16,25.227262061120264,2.391199185587058e-05,1.8944677123913228e+16,6811503159.71,2.8957850057274284,1.3316279763499764e-15,0.0015319924708032159,1.2697288949340707e-09,1150465819291.6938
258,49403.0,188.51178,9.317248254124982e+16,1.0313561000756843,8.687684590780014e-07,509750680981916.44,10956179924.47,2.8957850057274284,2.023255953457514e-15,0.0020657551909130643,1.605335500407537e-09,1021005368788.3256
259,16459.0,78.1691,3.069898284479133e+16,62.09492275231669,6.145191136371181e-05,2.4386246845902188e+16,12245012330.11,2.8957850057274284,2.5463091202470538e-15,0.001532163014436305,1.1091860915479826e-09,601719171585.7532
260,81470.0,18.9124,3.336608710311993e+16,0.3322482151924695,3.067723776181769e-07,586166900444579.8,2643646887.1,2.8957850057274284,5.6681504011993e-16,0.000618555355173285,4.853595186275656e-10,1091282537320.1238
261,49050.0,51.872433,2.6074361466793388e+16,0.14163574318409772,1.1388090518444665e-07,71195071270323.52,4341531337.08,2.8957850057274284,1.9894037699086653e-15,0.0009158067812828868,7.16357582637733e-10,460342337304.87604
262,30863.0,27.417824,1.5186370611133338e+16,47.003167869105006,4.069509150719406e-05,2.6034433919976404e+16,9243260119.52,2.8957850057274284,1.805423079817347e-15,0.001062184977255756,8.788531094317316e-10,588330230808.4021
263,128017.0,4.515828,7623440345710719.0,0.004355675295202057,3.196071894577446e-09,7353076950286.594,251126917.72,2.8957850057274284,5.923609020618627e-16,0.00020515421332203214,1.5410340982737506e-10,346333143541.2782
264,24041.0,8.077895,7760781847645736.0,0.009449631581349573,6.877541625487765e-09,9078668297059.771,223903782.81,2.8957850057274284,1.0408609800635565e-15,0.0003246137988824631,2.457453180900389e-10,311870465989.2637
265,48105.0,43.03035,3.635053890776905e+16,2.006966885008099,1.6091835008166588e-06,1695415627344210.8,8117106306.19,2.8957850057274284,1.1837609920771573e-15,0.0010374797871348154,8.021110522045343e-10,876426739923.5206
266,1670.0,61.90942,7.764441211972414e+16,20.08646806655583,1.8185018360604245e-05,2.5191675266693496e+16,14451863971.32,2.8957850057274284,7.973454664649723e-16,0.0013972276798508115,1.0695065481449024e-09,1752349186915.697
267,93490.0,14.805475,1.5052117554833798e+16,0.040461316872486115,3.233392230241769e-08,41135356885749.44,1931687570.46,2.8957850057274284,9.836140958947938e-16,0.00047598695173472366,3.8124765590194404e-10,483916358784.7105
268,60512.0,4.488295,5734718303796405.0,0.004340287228351094,3.4061569169860575e-09,5545607989706.289,237756715.0,2.8957850057274284,7.826530898699473e-16,0.00019710011825422994,1.7355174620002284e-10,251835865475.19012
269,115374.0,6.0642695,6766116247687704.0,0.006160447705700425,4.6104459987819736e-09,6873425614506.427,606725743.02,2.8957850057274284,8.962703681114617e-16,0.00032953017323619733,4.0520099059478073e-10,367668267255.731
270,42287.0,69.8148,9.426007961323877e+16,8.552603202079352,6.608663833987798e-06,1.1547251567410356e+16,4958836711.64,2.8957850057274284,7.406613731545646e-16,0.0011633878355767862,9.4263931883998e-10,1570741877116.9065
271,27736.0,10.114823,1.2699099522309758e+16,0.011488019305366104,8.254257707301978e-09,14423139235660.375,1226947615.09,2.8957850057274284,7.964992306919317e-16,0.0003916475253336485,2.8631856091824647e-10,491711115644.66675
272,52939.0,47.418316,5.5649428819998104e+16,7.488785402232289,6.514903773042806e-06,8788726917037009.0,8385956992.87,2.8957850057274284,8.520898957180278e-16,0.0010887630042473496,8.428261614485561e-10,1277756032219.9165
273,37608.0,41.044437,2.075424194104428e+16,52.84412963722424,4.769821792350627e-05,2.6720791703266884e+16,7294312194.86,2.8957850057274284,1.9776408657369055e-15,0.0008873802605912272,6.954200810408923e-10,448706474449.07697
274,66407.0,11.633802,1.0830037594490176e+16,10.855242559951117,9.863969477755128e-06,1.0105267824016636e+16,5018770213.46,2.8957850057274284,1.0742162156407233e-15,0.0006946339877288606,5.103928022555419e-10,646642619628.0621
275,9518.0,1.3850995,433439841718140.2,0.1064283349380501,8.089784629884186e-08,33304669195154.312,3970631170.5,2.8957850057274284,3.195598020037832e-15,0.0007523121458161936,6.642418208230707e-10,235421395650.78564
276,42583.0,32.780125,2.6012511332377936e+16,2.8599187154605588,2.5576132607196232e-06,2269474811203360.0,6713250864.74,2.8957850057274284,1.260167639377378e-15,0.0008948330113628313,7.394597001282491e-10,710090454159.6935
277,4012.0,0.2060401,59980621075846.94,0.005707996561469328,3.6735679948557505e-09,1661662845512.7378,178931138.43,2.8957850057274284,3.435111145972586e-15,0.0002679107912925659,2.047935609817866e-10,77991884369.35193
278,59108.0,13.531851,1.062126982011668e+16,1.9452467356678251,1.630594792388888e-06,1526841408926920.8,4323376153.92,2.8957850057274284,1.274033258657141e-15,0.0007315696584233526,5.833803702175462e-10,574215510821.4703
279,64597.0,33.832764,2.4909835976773844e+16,0.6874535810842548,6.18932612657247e-07,506147116636837.2,5662909452.73,2.8957850057274284,1.3582090235979865e-15,0.0008806999029667343,7.143830556752425e-10,648427368442.6727
280,72788.0,12.998606,3.3933149940646628e+16,0.7171625425448812,5.855176533386127e-07,1872168760864882.0,3185967046.43,2.8957850057274284,3.8306511546190692e-16,0.0006344665759186295,4.637264140221828e-10,1656289101537.158
281,73739.0,19.506453,3.7730878476861256e+16,1.418334559414254,1.185851832758178e-06,2743451559378415.5,4963708405.77,2.8957850057274284,5.169891024923387e-16,0.0008701240422481187,6.73412130550328e-10,1683060702930.4128
282,35406.0,6.7588043,6136865305950797.0,0.0028209195652244756,1.943933997462862e-09,2561341125190.4263,140111312.61,2.8957850057274284,1.1013447359592724e-15,0.00021491354296286,1.382511441207837e-10,195137395173.24707
283,62981.0,25.517859,3.1892853331621476e+16,0.5043132926381253,3.938039427911722e-07,630303266245605.9,3239210449.28,2.8957850057274284,8.001121359279345e-16,0.0007391801816205393,5.774246859738582e-10,923845731652.6902
284,23030.0,0.76363003,612846211236684.4,0.0036188833078216118,2.7997169188514277e-09,2904310774821.3555,1391543647.96,2.8957850057274284,1.2460385917358345e-15,0.00015889465385335509,1.1486603392901838e-10,127519849631.62476
285,91752.0,4.5746226,6054955147133925.0,0.005304322022923736,4.062285466183766e-09,7020782858624.865,409909593.38,2.8957850057274284,7.555171737589779e-16,0.00029419497870416443,2.2193301974708585e-10,389395488179.8853
286,15507.0,41.84051,3.318431215632598e+16,1.8578300485879393,1.6310954916573405e-06,1473471816326914.8,4589441401.18,2.8957850057274284,1.2608521099637702e-15,0.000892050634483738,7.804640942098367e-10,707498228725.1521
287,54702.0,35.733692,2.74850001706244e+16,1.8767114256952937,1.7447557191144513e-06,1443495227289917.8,6865460312.37,2.8957850057274284,1.3001161280032185e-15,0.0010094235751851172,7.988665527851908e-10,776410317081.0126
288,67652.0,12.751028,1.3796650219722472e+16,0.4543576687503461,3.9685545525318524e-07,491616348924733.94,1625551010.86,2.8957850057274284,9.24211877298466e-16,0.0005229269228033721,3.8491714869756977e-10,565808485746.713
289,84295.0,28.294724,2.087291011952716e+16,0.03062629036481551,2.2853841206023562e-08,22592897745860.145,2715698810.57,2.8957850057274284,1.3555715919808198e-15,0.0006539017941100297,5.085305020534808e-10,482380862787.5715
290,127691.0,4.4692564,1.202086964073104e+16,0.006394696345508888,5.046303210709218e-09,17199686990753.434,522404565.11,2.8957850057274284,3.717914371899141e-16,0.0003404654490662757,2.6252272608464474e-10,915743115655.359
291,104607.0,8.438004,6751956983772452.0,0.00731320637087803,5.36174278789423e-09,5851911758944.309,515713770.54,2.8957850057274284,1.2497123456621193e-15,0.00031423155324271926,2.2927724227437005e-10,251443105554.20972
292,109343.0,16.744946,2.9419321857255644e+16,0.09590495394521428,8.439330067229587e-08,168496136554847.0,2314050334.61,2.8957850057274284,5.691819166073067e-16,0.0005653205379224618,4.5748386427161123e-10,993215914680.0354
293,77527.0,2.8632727,6823122670991846.0,0.0015204741186729354,9.541040383779942e-10,3623259995379.9897,18223461.4,2.8957850057274284,4.1964256515173856e-16,0.0001334468288822898,8.336004287426646e-11,318001175200.2249
294,38539.0,21.69492,1.120371833455859e+16,7.790602293081608,6.694631225789781e-06,4023232800501343.0,5886644111.14,2.8957850057274284,1.936403553905905e-15,0.0010792497419811324,7.836989425328068e-10,557347532132.0217
295,199934.0,2.0113485,1.0524127056637698e+16,0.002242821204393312,1.5689925554997094e-09,11735278754704.322,53956398.2,2.8957850057274284,1.9111784656109956e-16,0.00012225325178059378,8.268061374656858e-11,639674703228.2511
296,77794.0,19.540924,1.773997268179392e+16,0.14958830184937758,1.2610794480204095e-07,135801786462293.25,2696868222.25,2.8957850057274284,1.1015193963660581e-15,0.0005773015269842842,4.4848672262366986e-10,524095652685.56995
297,109827.0,27.147263,4.824198197581887e+16,0.1269513391201222,1.1404451705299436e-07,225598588470557.94,4259220201.53,2.8957850057274284,5.627310879061203e-16,0.0007247123046422721,5.927948036430947e-10,1287848352823.1426
298,49900.0,43.14292,3.0188328057887756e+16,1.7203632250746905,1.483510676956651e-06,1203787073690898.8,6128156976.37,2.8957850057274284,1.4291258501388718e-15,0.0009152266774859047,6.962592696787416e-10,640410134206.8439
299,51160.0,11.762972,1.354336962640084e+16,0.3068042444738642,2.450269570970398e-07,353240939947675.6,2629479366.45,2.8957850057274284,8.685410148645568e-16,0.0005998703021537305,4.1543488492132853e-10,690664334656.9836
300,89964.0,22.805569,2.063109752466158e+16,0.18171712654925995,1.7939790499543505e-07,164390713502436.72,2884323122.52,2.8957850057274284,1.105397760479739e-15,0.0006105917133968658,4.769815535211077e-10,552372851860.9183
301,36616.0,61.982357,7.025390085970988e+16,30.878276446506984,3.114074392798952e-05,3.499898160038697e+16,16871098410.53,2.8957850057274284,8.82262141198005e-16,0.0015594760170238395,1.3088523005318546e-09,1767588049178.0598
302,57141.0,10.452175,9221385785141014.0,0.16585937105399634,1.7367415984189537e-07,146328706376400.2,1902343881.43,2.8957850057274284,1.1334711770591177e-15,0.000462397944682523,3.6981738571130456e-10,407948568998.6857
303,857.0,54.608593,8.754485229592603e+16,14.766831370259991,1.2421459463912589e-05,2.367319867018471e+16,12351689236.41,2.8957850057274284,6.237784583313672e-16,0.0014446949448074131,1.1096491232834351e-09,2316038531808.2817
304,58589.0,23.907742,1.6539937091886458e+16,11.841912363720555,1.0460681297294354e-05,8192512933407532.0,4262618539.28,2.8957850057274284,1.4454554371750158e-15,0.0007270337843661866,5.818330817932266e-10,502979037380.1453
305,86686.0,15.756058,2.6898761838291692e+16,0.09828961481570403,8.799517600692312e-08,167800152811385.28,2093903725.11,2.8957850057274284,5.857540244685347e-16,0.0005093520196081511,4.015623292223772e-10,869566402160.5237
306,43102.0,39.213432,4.450440874004949e+16,62.988151300685736,6.3471417921317e-05,7.148699535571887e+16,7739391189.9,2.8957850057274284,8.811134247181192e-16,0.0011450801459671157,1.0131139443747275e-09,1299583134070.8982
307,3601.0,21.26425,2.7994885278178188e+16,2.3795264679573696,2.000161280148984e-06,3132702563544687.0,3943380604.64,2.8957850057274284,7.595762507580386e-16,0.0008099955684635626,6.35949305553607e-10,1066378217664.3973
308,12393.0,15.715563,3.298112064650993e+16,0.02430265402764972,1.763873442797518e-08,51002230369749.13,682349970.02,2.8957850057274284,4.76501789264187e-16,0.0006290873540771997,4.327139514440726e-10,1320220339673.0894
309,44895.0,33.6383,5.1363950399102744e+16,1.568104358340855,1.3245552352767728e-06,2394414535884289.5,4684871977.61,2.8957850057274284,6.549009517108251e-16,0.0008873244895352147,7.257817475404224e-10,1354898763266.7502
310,120352.0,9.919009,1.3269580856239176e+16,0.024747774125910966,1.940513646933718e-08,33107399113733.977,952055854.13,2.8957850057274284,7.47499797277788e-16,0.00038502944563607633,2.7806351920864767e-10,515089699071.8388
311,105903.0,2.2344825,4039613217309621.0,0.0006723365055737341,5.176207965990787e-10,1215484764098.8103,68390350.43,2.8957850057274284,5.531426846573602e-16,0.00012482173869953327,1.1410633467806154e-10,225659205412.52948
312,69967.0,35.18531,3.906205747900486e+16,6.534205832043741,5.429385548576206e-06,7254150206178130.0,5470846809.56,2.8957850057274284,9.007541402270337e-16,0.0008598419317157934,6.401929184472762e-10,954580049445.0922
313,95580.0,15.616161,1.9298674704556852e+16,0.020154737478965127,1.569050503726271e-08,24907512311270.883,2464784416.83,2.8957850057274284,8.091830780645612e-16,0.0004909446265678072,3.752275061074704e-10,606716378377.6467
314,35548.0,27.721947,8276750412628034.0,4.306203333214727,3.528804657243007e-06,1285673413019843.2,5814952084.55,2.8957850057274284,3.349375735397792e-15,0.0009156857126637326,7.286953045099017e-10,273389964280.90506
315,66254.0,7.5918856,4712704455914593.0,0.009904384123253892,7.504752723341936e-09,6148200545955.062,631101096.41,2.8957850057274284,1.6109403148487157e-15,0.00040408468597357946,2.935803001614482e-10,250837776079.5733
316,41796.0,30.12056,4.249711053794319e+16,0.2763376161200769,2.471335575316704e-07,389884856657599.3,4564087146.7,2.8957850057274284,7.08767246025047e-16,0.0007561545466134956,5.801926066635363e-10,1066858761961.9966
317,73812.0,13.177187,9254311424373436.0,0.04279468292946729,3.422193332049929e-08,30054618116644.168,2232304108.89,2.8957850057274284,1.4238970784249529e-15,0.0004548516972537012,3.546338471102109e-10,319441414794.4151
318,57358.0,71.979256,7.552657575785099e+16,0.6657784382993032,5.763461333073948e-07,698589683368720.0,7900820069.66,2.8957850057274284,9.530321648736705e-16,0.001249699393028134,9.943295904285458e-10,1311287739374.2407
319,94519.0,13.85931,2.1984102972963348e+16,0.17737280269752298,1.5445005096005346e-07,281354696525689.66,1598631503.46,2.8957850057274284,6.304241759167777e-16,0.000501209301323659,3.924458091865574e-10,795035026369.0135
320,48305.0,21.56681,1.215600137375926e+16,0.11812654100235176,9.698032876182451e-08,66581306864669.25,4325830341.37,2.8957850057274284,1.7741697567224309e-15,0.0007887293628524595,6.431257548073912e-10,444562511486.806
321,19144.0,17.43358,7170589247854543.0,9.735697261386225,8.014546974419804e-06,4004380402812445.0,3471787114.9,2.8957850057274284,2.4312618387974416e-15,0.00066502969812237,5.075385232243357e-10,273532734117.73248
322,31082.0,21.73558,6.750129454808162e+16,2.626314972888192,2.5164933591780147e-06,8156196455809453.0,3378172526.76,2.8957850057274284,3.2200241707242523e-16,0.0006707609630538246,5.658443821624067e-10,2083092944308.4153
323,58712.0,23.323618,4.48080514251124e+16,1.6326973903572974,1.3057774634167545e-06,3136648380571856.0,3286503448.44,2.8957850057274284,5.205229251930474e-16,0.0008207998823644949,6.147766527231426e-10,1576875566162.7837
324,90248.0,8.843618,8583306340413831.0,0.006596085050264926,4.72184619289888e-09,6401929463014.777,399531102.1,2.8957850057274284,1.0303276673652566e-15,0.0002592396383632372,1.7355310899058114e-10,251608926533.20874
325,3019.0,6.0169096,4171864727952343.5,9.239773728965053,8.178538098235844e-06,6406459241822414.0,2731357473.89,2.8957850057274284,1.442259035794109e-15,0.0006513941714628263,4.851710708599451e-10,451648528659.8798
326,53447.0,28.76663,1.5915388665321084e+16,3.356416914688665,2.514318147923582e-06,1856966899498757.5,6012253326.4,2.8957850057274284,1.807472667172822e-15,0.00084633803853991,6.470642403373547e-10,468243893205.7096
327,23766.0,47.314342,5.932915632643672e+16,2.603564790422255,2.0450447019073783e-06,3264703595729355.0,6672314323.73,2.8957850057274284,7.974888727503615e-16,0.0009980809597255709,7.684003924626709e-10,1251529637377.1484
328,87185.0,5.9275827,8760581630568240.0,0.008120393116384923,6.35669287640464e-09,12001412779680.752,171917353.26,2.8957850057274284,6.766197668105648e-16,0.00028934827762102673,2.1307944766924645e-10,427637931692.34503
329,156933.0,1.2734001,6000581827760235.0,0.00034133615933720253,2.991896358664763e-10,1608461908300.6902,24967579.18,2.8957850057274284,2.1221277145308203e-16,5.399550350368406e-05,6.150777325491364e-11,254440404948.11542
330,99394.0,14.206074,1.764593612238059e+16,0.02156753601439836,1.6702166088465636e-08,26789904292151.113,1530845403.87,2.8957850057274284,8.050620778334472e-16,0.0005194338657854262,3.9580622277784514e-10,645209705049.4629
331,52512.0,22.518732,1.6728673595270474e+16,2.606769372737064,2.2421879712133748e-06,1936511965889833.5,2909762980.51,2.8957850057274284,1.3461158095861522e-15,0.0007130695657297308,5.350291736046426e-10,529723787991.87854
332,78594.0,17.701366,1.9835219234968804e+16,0.5018705629050664,4.907698131347155e-07,562369742696648.0,4308706878.41,2.8957850057274284,8.924209906786967e-16,0.000612443317869623,4.962721448527298e-10,686271753204.564
333,72317.0,15.392903,2.599172318941322e+16,5.722966339863283,4.953869199821495e-06,9663528505835174.0,7570847754.89,2.8957850057274284,5.922232584513573e-16,0.0008609334106021424,6.627586409613597e-10,1453731170324.9424
334,32310.0,22.50852,1.1148050801650224e+16,133.2270287273251,0.00014117293446000144,6.598486637082909e+16,14580508042.49,2.8957850057274284,2.0190543082803416e-15,0.0009560746853417989,7.033655942169351e-10,473525987597.6798
335,24291.0,36.805542,1.4767438660723482e+16,2.7259904092121077,2.178679983870837e-06,1093745505982775.6,7078382991.0,2.8957850057274284,2.492344329006127e-15,0.0010480089950665507,7.781403059259461e-10,420491255108.5851
336,68204.0,28.307266,6.596009595938196e+16,0.7776737951226123,7.01455029787038e-07,1812094398356388.5,4076937966.48,2.8957850057274284,4.291574411509579e-16,0.0007061917636290586,5.562648269302328e-10,1645530744463.2021
337,55466.0,20.485254,1.351863864129825e+16,3.476912657775491,2.965103154639605e-06,2294485868118733.0,3297005175.13,2.8957850057274284,1.5153340912168002e-15,0.0007081777236728548,5.213073467897708e-10,467340982940.7284
338,61047.0,13.951728,1.690444398125577e+16,0.08717279332654232,7.519991392940402e-08,105621870027721.4,2727515245.6,2.8957850057274284,8.253290090741912e-16,0.0005672027409780945,4.3770939288937797e-10,687244401616.6975
339,78191.0,26.705282,2.2852480363765724e+16,0.4392169673600062,3.791875806088872e-07,375850632171840.44,2931750786.64,2.8957850057274284,1.168594462172394e-15,0.000708134189325951,5.415370015768715e-10,605970858367.3617
340,114988.0,4.2283444,8552544829900184.0,0.002501770035923126,1.8078499620004386e-09,5060254880452.389,97019405.38,2.8957850057274284,4.943960521805705e-16,0.00019258389921967008,1.664271317222878e-10,389533650946.9776
341,60921.0,19.245024,2.3690221967794276e+16,0.022999159596041447,1.8129566874506307e-08,28311484355797.508,2205638698.16,2.8957850057274284,8.123614893166763e-16,0.0005675449206448045,4.5930839037087817e-10,698635925149.7742
342,16145.0,91.17572,2.6381207997738036e+16,13.007586633084813,1.0371637172266671e-05,3763675773725805.5,19259858600.38,2.8957850057274284,3.4560858626268193e-15,0.0018944270927601509,1.4388989100735928e-09,548142369159.85645
343,48634.0,11.995744,1.6617809504554886e+16,1.5783808873478284,1.5209856508497114e-06,2186544903890623.0,3351991936.44,2.8957850057274284,7.218607239848313e-16,0.0005964374115873909,4.641332848252167e-10,826249983923.3864
344,72016.0,16.710152,1.1025532774161448e+16,0.10338821615219697,7.111733158760087e-08,68216624579365.625,2109716903.24,2.8957850057274284,1.5155868058512845e-15,0.0006270197810207266,4.681558665722715e-10,413714198751.2475
345,71749.0,34.726406,3.9857035037633336e+16,2.224425192270039,1.7754404747262681e-06,2553071366697182.5,4389911959.79,2.8957850057274284,8.712741920519437e-16,0.0007669350700143901,6.028864101127163e-10,880245365937.187
346,88060.0,13.3288765,1.2880175490283084e+16,0.17437218250979292,1.4796642422679868e-07,168502147300247.2,1366524916.64,2.8957850057274284,1.0348365602670104e-15,0.00038688441978387936,2.8103707768854905e-10,373860409110.45386
347,70652.0,23.112383,1.0975043303130762e+16,0.08204721464679007,6.043455515838797e-08,38960575101658.086,3147692258.62,2.8957850057274284,2.1059035815746546e-15,0.0006363449281624116,4.903680796150959e-10,302171919802.04297
348,33911.0,2.901354,1278485736145287.5,0.009743016144509155,6.948858041749082e-09,4293273818978.383,1938973636.47,2.8957850057274284,2.269367516565151e-15,0.00039220226155267066,2.770847170737809e-10,172824480252.67264
349,80916.0,13.790754,1.3239085121438136e+16,0.2008215437956442,1.6426808522711467e-07,192788118222480.8,2211520392.83,2.8957850057274284,1.0416697130882966e-15,0.0005773746715342395,4.251521390136531e-10,554278063650.7751
350,57422.0,28.966019,1.4053319826537758e+16,0.2806263329350339,2.429443990876524e-07,136150280384905.44,3829256728.09,2.8957850057274284,2.061151340575176e-15,0.0007833686472991452,5.976015873462062e-10,380063623605.8929
351,43599.0,37.183647,3.335455244048136e+16,1.3556399458565602,1.189465629223548e-06,1216038966389820.5,6720175626.19,2.8957850057274284,1.1147997583343793e-15,0.0009845406688322813,7.687114973761939e-10,883154720362.7692
352,57691.0,30.785812,2.692298414404252e+16,1.7800159711937042,1.672355988795264e-06,1556669733726385.0,4954846408.97,2.8957850057274284,1.1434769576541254e-15,0.0008842147779550362,6.815719235047792e-10,773268557828.2463
353,84269.0,16.884125,2.043719058540234e+16,0.1866556438708495,1.521140463371273e-07,225935129456192.56,4095123657.31,2.8957850057274284,8.261470640715077e-16,0.0006621686181311351,5.145599918725648e-10,801514218143.8784
354,853.0,190.96773,2.5927059696572268e+16,74.87730358258116,7.18137305571901e-05,1.0165844878105566e+16,48388448461.1,2.8957850057274284,7.365576052005897e-15,0.002471194244470158,1.9163843430947307e-09,335505903003.631
355,114647.0,11.726579,1.3068170012297114e+16,0.015148477025373494,1.107140023086027e-08,16881553707603.7,1450139327.36,2.8957850057274284,8.973390297926427e-16,0.0004702578631812384,3.3493497500872276e-10,524058184886.8267
356,51579.0,71.50387,7.134564849891289e+16,3.4949717578723933,3.1050399261220296e-06,3487238194950727.0,10074457517.31,2.8957850057274284,1.0022176755613838e-15,0.0012207326946193078,9.753513235325528e-10,1218031495937.771
357,48186.0,61.482307,4.331396811081788e+16,10.279461092328738,9.06016973246745e-06,7241827310571155.0,10756053421.75,2.8957850057274284,1.419456809930201e-15,0.0013501871317280055,1.188403980951487e-09,951199869050.1886
358,53024.0,52.616783,4.7871609190113096e+16,1.3077812882726614,1.1763175452930563e-06,1189840791641166.8,7895779731.84,2.8957850057274284,1.0991229225456436e-15,0.0010454104622934389,7.965526808651503e-10,951131525737.0823
359,109672.0,4.0333056,7259444109075787.0,0.00251517711339161,2.1686028415407467e-09,4527003279665.435,158621978.86,2.8957850057274284,5.555942768341649e-16,0.0001985806462303239,1.6233463994926807e-10,357420251630.1239
360,65616.0,20.837797,2.250379117670946e+16,0.17116978181789877,1.3302292483488033e-07,184854906965113.16,2418253395.32,2.8957850057274284,9.259682884707133e-16,0.0006164194580902724,4.718355800786033e-10,665702557814.7201
361,41311.0,46.34281,2.566979109380229e+16,6.101594869534599,5.1744212490176524e-06,3379740366196374.0,9718360195.46,2.8957850057274284,1.80534425974308e-15,0.0010209645323864312,7.808081475873067e-10,565523460069.4526
362,95737.0,11.010195,1.435739393764908e+16,0.025809358915587877,2.1153174996598313e-08,33655637636687.69,1181067199.64,2.8957850057274284,7.6686584263236e-16,0.0004680267906743539,3.5535051979463945e-10,610311171335.7778
363,45623.0,71.18766,6.1976209796323304e+16,0.9342206263643817,7.983179948154692e-07,813335535057782.5,6283125243.26,2.8957850057274284,1.1486288082789979e-15,0.0012867730993318665,1.0126846684593074e-09,1120268871942.9314
364,70018.0,35.955086,5.529005119709432e+16,2.711954537377099,2.3601719659566667e-06,4170316967557024.5,7252919172.54,2.8957850057274284,6.502993797533246e-16,0.0009613699779881749,7.579317805769585e-10,1478349830739.2627
365,65112.0,107.12108,1.2780077267775642e+17,0.4267386622903633,3.2299009169187316e-07,509120434299024.8,5236096763.16,2.8957850057274284,8.381880465629165e-16,0.00119306292865066,9.121965211499928e-10,1423383372672.6926
366,160455.0,3.1267672,9036174342352856.0,0.003253516627250672,2.231966790470339e-09,9402472774302.135,190439137.77,2.8957850057274284,3.4602776369029717e-16,0.00023284748058034137,1.448223968689421e-10,672915601040.4565
367,86118.0,13.620883,1.6626636271414466e+16,0.2086159405071086,1.7968965175190958e-07,254651725826492.66,1427057621.2,2.8957850057274284,8.19220603473347e-16,0.0005316690228580607,4.1062680650367657e-10,648993715006.5322
368,28748.0,15.544091,1.192385999924614e+16,1.0241676357664586,7.965376433215725e-07,785638189112387.9,3223313474.1,2.8957850057274284,1.303612337026998e-15,0.0007898857815480027,6.727012341044978e-10,605920762724.1442
369,1671.0,12.220908,2.051913028794135e+16,0.09398195410648844,8.844324131929818e-08,157797437066571.56,1778243492.43,2.8957850057274284,5.95586061811887e-16,0.0004581447140848851,3.522500866063615e-10,769233438222.3805
370,24040.0,30.10785,3.188638350449612e+16,0.926160195548207,8.622589335986367e-07,980870410270054.1,4460937342.81,2.8957850057274284,9.442227901371964e-16,0.0007359979930679033,5.895605569212314e-10,779474929810.7517
371,49986.0,37.457737,1.6581007070856996e+16,1.6882702008581627,1.3568435748430461e-06,747328119099836.6,5560532389.054,2.8957850057274284,2.259074906604209e-15,0.0009132149978858484,6.705493892868363e-10,404242902798.904
372,55735.0,13.79484,1.5209176526178472e+16,4.354349663787161,3.5246149510562987e-06,4800785851321567.0,4616899852.8,2.8957850057274284,9.07007685541418e-16,0.0008691521348034413,6.408234649876889e-10,958263252515.4628
373,46507.0,24.694988,9852999313138230.0,0.020582399793585962,1.482017900256099e-08,8212126729073.079,1095261541.67,2.8957850057274284,2.506342202528229e-15,0.0005661489674595405,4.131136026583161e-10,225886539710.51822
374,52195.0,32.088783,1.5910721637419108e+16,0.562229279369246,5.151775887935532e-07,278772602889016.25,3693520189.45,2.8957850057274284,2.01680248899164e-15,0.0008517256246053927,6.398976913772848e-10,422314842060.33386
375,157348.0,4.670516,1.0156547085634712e+16,0.0052825887393952815,3.986461145149901e-09,11487566098844.73,172681270.93,2.8957850057274284,4.598527393828477e-16,0.00025960000099322554,1.8575167036246036e-10,564528551774.2607
376,32524.0,57.682724,2.414358226494717e+16,37.94908054724761,3.927256675562738e-05,1.5883902224721202e+16,13701636895.24,2.8957850057274284,2.3891534970660338e-15,0.0013226617952172874,1.000907518503027e-09,553611057992.5331
377,79008.0,10.770877,1.7657213895510542e+16,1.0764789007845588,9.082228518795677e-07,1764723355875016.0,2426786169.66,2.8957850057274284,6.099986704436176e-16,0.0005841373227613655,4.428525535732109e-10,957604255656.0908
378,97508.0,12.925681,1.6700009720463916e+16,0.29194055028480304,2.684157047914901e-07,377187865579677.8,2661893914.33,2.8957850057274284,7.7399242373859725e-16,0.000664692795358818,5.094719784351383e-10,858784627565.433
379,163808.0,2.2000713,5892833845009190.0,0.0014621408229164336,1.1960936634770451e-09,3916306224917.1416,69882911.91,2.8957850057274284,3.733469087819782e-16,0.00013501020976978701,1.049964214438259e-10,361621340887.0846
380,113480.0,8.951761,1.0880999837090056e+16,0.4265776195079531,3.996331954579788e-07,518511498281991.9,1340997613.4,2.8957850057274284,8.226965475623057e-16,0.00039510236470005443,2.989154664370303e-10,480252853705.00714
381,29878.0,42.65654,1.5493786041874788e+16,0.0979286911793394,8.309111013103509e-08,35569837321393.516,3566586507.16,2.8957850057274284,2.7531385734069714e-15,0.000883107575069158,7.161653960394537e-10,320763939599.42395
382,19897.0,2.5493793,1532675803131200.0,0.10495569510324125,8.553716367192231e-08,63098909717182.39,7222273156.67,2.8957850057274284,1.6633519592282413e-15,0.0006578020209489096,4.694994801036361e-10,395467728462.05994
383,67604.0,19.076637,3.4604013173681184e+16,1.742945606754728,1.5095824994044977e-06,3161611385547166.5,3514995749.35,2.8957850057274284,5.512839480280034e-16,0.00063651023707982,4.93120806903253e-10,1154595992422.198
384,75353.0,19.749447,1.2184089086136392e+16,0.41864708236900516,3.559278143022675e-07,258277274661667.2,2906154597.04,2.8957850057274284,1.620921093105911e-15,0.0006260755566900792,4.774383440877534e-10,386246782371.39294
385,14234.0,142.97005,3.436232667988e+16,20.614569245672428,1.7499926760347046e-05,4954636042897120.0,18682511903.86,2.8957850057274284,4.1606626737447475e-15,0.0017382700036233218,1.368024788245981e-09,417786814247.74475
386,4013.0,23.187243,1.0563449566365344e+16,1.761018752488669,1.616573943889124e-06,802270143860469.8,9031398107.54,2.8957850057274284,2.1950446068138167e-15,0.0009505876060226896,7.22199610260489e-10,433060723719.18695
387,103414.0,12.920274,1.7983223705077022e+16,0.048572201590620145,3.955183875618562e-08,67605746368244.21,1843635579.53,2.8957850057274284,7.184626189325748e-16,0.000488688266312649,3.5965032819077435e-10,680186071529.6459
388,47356.0,65.43335,3.444464503529516e+16,4.409119977667444,3.927153101676958e-06,2320996442162653.0,9179066001.52,2.8957850057274284,1.8996668403158447e-15,0.0012354195013209804,9.675315570216973e-10,650334824560.9086
389,9519.0,58.762924,1.1969604901883418e+17,413.27631878956925,0.00044745078383618325,8.418155385215279e+17,8833526056.03,2.8957850057274284,4.909345336098241e-16,0.001290114158092033,1.1461063523734225e-09,2627874125305.2
390,101934.0,11.127323,1.527467765492353e+16,0.19646879164428707,1.647072337892686e-07,269696265815130.78,2091380936.73,2.8957850057274284,7.284816905064637e-16,0.00047436612568578913,3.7495849649525565e-10,651170965403.3922
391,55885.0,12.276955,5.35621410422903e+16,42.301943300213104,5.096115163380718e-05,1.8455575127619037e+17,4326114505.26,2.8957850057274284,2.2920956408943133e-16,0.0005272147571683625,4.4855537616079266e-10,2300142924937.712
392,5372.0,88.13614,4.3080422068975064e+16,4.666115959831575,3.786810274169761e-06,2280769783794989.5,10245273090.85,2.8957850057274284,2.045851358161888e-15,0.0013201175938448554,1.023897089385693e-09,645265643849.5737
393,27249.0,15.108612,1.5814442449217292e+16,0.027855162272303523,2.3134005301751923e-08,29156474510626.973,1648392385.36,2.8957850057274284,9.55367983949872e-16,0.0004923937157652152,3.867893053787122e-10,515396919341.4492
394,9763.0,172.25272,5.2312799085145496e+16,196.75288257616404,0.00020062285198319845,5.9753448396229064e+16,40358423715.59,2.8957850057274284,3.2927452365842167e-15,0.0021307359701537294,1.7425862695310035e-09,647100160218.9192
395,24842.0,46.6443,1.9465088878659884e+16,27.61245700693961,2.255456902905105e-05,1.1522928413509354e+16,8030054251.55,2.8957850057274284,2.3963055237388328e-15,0.001317302516936073,9.901663459017942e-10,549722272008.4346
396,7578.0,1.3206503,295006474871488.25,0.2762692178169677,2.2238027428876046e-07,61712936470530.47,757127103.29,2.8957850057274284,4.4766824205309605e-15,0.00029068163650619795,1.9880082616247407e-10,64932378310.570755
397,67187.0,22.754847,3.3023808852309796e+16,2.6636162685753146,2.1333554890405386e-06,3865671103362455.0,5713510104.91,2.8957850057274284,6.890436866857183e-16,0.0009683602882700486,7.628065766406896e-10,1405368494017.8984
398,50166.0,66.71785,5.560190200120537e+16,5.818001154549204,5.452389397089958e-06,4848656394625195.0,6801707199.0,2.8957850057274284,1.1999202832765262e-15,0.0011646878168723547,9.089654034576435e-10,970637660771.9597
399,37509.0,37.185997,1.5982753697010288e+16,1.9310973452241107,1.6058365155444007e-06,829996657980352.4,5039575712.76,2.8957850057274284,2.326632675754489e-15,0.0008235646281224782,6.640113175929509e-10,353972776495.7181
400,82636.0,14.098434,1.8159524670561396e+16,0.01823043280718705,1.4259811660604993e-08,23481756506937.23,1717783686.06,2.8957850057274284,7.763658055904473e-16,0.000476174197007539,3.843865756166973e-10,613337415917.4818
401,77069.0,15.882092,1.3409749429233926e+16,0.04269089423718114,3.352155358344664e-08,36045263724106.734,1745988054.75,2.8957850057274284,1.1843690356641745e-15,0.0005610131379461254,4.134044705745353e-10,473681024286.08203
402,10236.0,129.7247,3.8116090222281736e+16,135.33712398089236,0.0001310455667183835,3.976514902774739e+16,20519807374.59,2.8957850057274284,3.403410455885796e-15,0.0017984752029608208,1.2818644792472045e-09,528433236681.9202
403,81169.0,14.93748,3.8584819759881416e+16,1.652922425051343,1.3987512154490209e-06,4269643463801937.0,3418061300.56,2.8957850057274284,3.871335953610247e-16,0.0007815381462278418,6.050893708348485e-10,2018781515200.229
404,31854.0,0.1706888,123715322529301.0,2.756410728168405,2.4342210721780206e-06,1997847792348294.8,1364651146.03,2.8957850057274284,1.3796900538296193e-15,0.00029029707853593065,2.304706573118684e-10,210407459073.9784
405,74953.0,21.94037,1.9438710922491516e+16,0.3115596991386631,2.687165103690852e-07,276035405358018.12,2830507727.54,2.8957850057274284,1.1286947003576223e-15,0.0008089165026897499,6.23499903839479e-10,716683176091.3274
406,32211.0,58.72389,2.3874305303374504e+16,37.78414495430981,4.013961530226384e-05,1.5361213507248066e+16,10548101207.4,2.8957850057274284,2.4597109425294858e-15,0.0016996962711248568,1.447341769384186e-09,691014639865.3434
407,74279.0,31.562056,3.662402626163342e+16,3.3214602133266293,2.7996347481529717e-06,3854161024232547.5,4210485877.28,2.8957850057274284,8.617855332051179e-16,0.0008778476813281065,6.517710630059848e-10,1018638219724.1708
408,104285.0,7.45151,1.6461420246311598e+16,0.011144666276102907,8.054690203824566e-09,24620115261984.01,663441084.3,2.8957850057274284,4.526650731530659e-16,0.000409240816517765,3.2497092973665503e-10,904069787552.1372
409,76724.0,30.886742,2.7609296927514676e+16,0.09667457568337731,8.360277839407038e-08,86416270948352.34,2420177196.42,2.8957850057274284,1.1187080236447134e-15,0.0007651408107598163,5.680399010506656e-10,683950409390.1222
410,53508.0,55.23289,2.7612237674887012e+16,3.456340517330569,3.1004136480668986e-06,1727906974447174.5,7864141150.93,2.8957850057274284,2.0003047435099267e-15,0.0012360088532583277,9.796562212666685e-10,617910274556.2198
411,71599.0,21.554106,1.8116177655402464e+16,1.6239116893463745,1.5544933354828903e-06,1364894125550076.5,4587953057.74,2.8957850057274284,1.1897711763481357e-15,0.0008104620994189357,6.285415469782462e-10,681191573245.6681
412,67418.0,34.771015,1.1916677559669458e+17,7.703823804825973,7.430599378904653e-06,2.640244590461827e+16,8528970032.42,2.8957850057274284,2.917844745390969e-16,0.0008381107500840485,6.264422977793764e-10,2872362388053.474
413,856.0,15.358638,5968629626913208.0,4.655872571668012,3.945202043746426e-06,1809351777832792.5,3615351587.88,2.8957850057274284,2.5732268477082597e-15,0.00072806575556113,5.553694857683296e-10,282938815211.55133
414,39843.0,28.437578,1.5850256194727578e+16,5.126693163971809,4.349983561173542e-06,2857465571811766.0,6553300594.49,2.8957850057274284,1.794139959041133e-15,0.0008744497895919393,6.514226737685098e-10,487392182078.8628
415,72645.0,10.810293,2.4698541623360544e+16,7.622154923732946,9.391896350615639e-06,1.741452434670556e+16,4174847275.12,2.8957850057274284,4.3768952697090966e-16,0.0005128317923464702,3.770758249112335e-10,1171679377150.2664
416,39517.0,33.519146,2.3432320244134908e+16,95.33877533421726,0.00011062222670808998,6.664873607803161e+16,8320464313.08,2.8957850057274284,1.4304663665728885e-15,0.000868903247199696,6.538791299659196e-10,607426548085.4434
417,72191.0,19.300598,1.2933241600508616e+16,1.4682838922236374,1.3890809031873953e-06,983890256470988.9,3219056752.05,2.8957850057274284,1.4923248630290013e-15,0.0007515996153323317,6.112381869316194e-10,503643431770.47595
418,50618.0,9.770871,7124497461420987.0,4.36027457872717,3.6944942467664674e-06,3179324050766834.0,3963255190.58,2.8957850057274284,1.371447046322786e-15,0.0007051972165211394,5.252823856413446e-10,514199376791.07666
419,3600.0,30.707998,1.6290302687899648e+16,2.4609331395112526,2.0752451514720053e-06,1305501769842549.8,4059964298.46,2.8957850057274284,1.8850477236871565e-15,0.0008817016592844902,6.751001900703462e-10,467734396432.08624
420,18425.0,0.16829132,65294534866682.914,0.009050789402902873,6.627515130366574e-09,3511571982671.75,359458636.31,2.8957850057274284,2.577418161314938e-15,0.0003799943195374084,2.9208678262105345e-10,147432157203.21622
421,108815.0,17.481716,2.8972830078697532e+16,0.02105079106036285,1.6775347384195968e-08,34887936196541.457,1651019776.69,2.8957850057274284,6.033830990108746e-16,0.0005295967434237477,5.139093873245639e-10,877712259909.0282
422,37239.0,18.476261,1.1412445801319126e+16,27.415519896142648,2.294903238558636e-05,1.6934061222111666e+16,5807968040.47,2.8957850057274284,1.618957173743107e-15,0.0007909594772254417,5.846262252897248e-10,488561087379.9122
423,58558.0,73.252205,9.706709712746187e+16,4.734747125878827,3.928383819855816e-06,6274052216471177.0,12822810446.35,2.8957850057274284,7.54655358692866e-16,0.0012158528189105612,1.0191143828046352e-09,1611136533922.6272
424,25373.0,57.006897,4.683085139848701e+16,20.65669893832768,1.847684075374476e-05,1.6969364222088914e+16,17289740125.06,2.8957850057274284,1.2172936279745228e-15,0.0012985035516022122,9.760582500754892e-10,1066713504253.5432
425,73792.0,53.389446,5.844056279467086e+16,3.2342680351954343,2.730782638154764e-06,3540258578551939.5,8487874859.87,2.8957850057274284,9.135683067868834e-16,0.0010427320518019497,8.356243230098669e-10,1141383784940.3389
426,9.0,59.917706,3.1809794936143616e+17,11.33209426168589,9.89963268313392e-06,6.01611140889269e+16,6986451261.75,2.8957850057274284,1.8836244031211595e-16,0.00122324833527132,9.909438825649128e-10,6494120235671.195
427,97176.0,4.131884,8927045922615389.0,0.003219990367416499,2.492659899296986e-09,6956875333457.155,118862824.84,2.8957850057274284,4.628500890235666e-16,0.00024310317722466072,1.98365979122238e-10,525230918152.1683
428,48035.0,16.248323,9981909844398898.0,11.45172077279938,9.879993872827802e-06,7035190297319514.0,7921668077.3,2.8957850057274284,1.6277769738741272e-15,0.0008359299018475965,6.242498029932677e-10,513540807656.26886
429,12392.0,32.236,6088248241730240.0,9.9905280752327,8.47454716785537e-06,1886859876783474.8,8655608609.85,2.8957850057274284,5.294790672142294e-15,0.000992710490255258,7.371734461574403e-10,187488146694.49496
430,108591.0,9.579125,8829674629653210.0,0.01923056514880362,1.4300224348805464e-08,17726006624643.12,1108294468.86,2.8957850057274284,1.0848785942609784e-15,0.0005022087427387739,3.5493645174840517e-10,462916998635.11414
431,38797.0,12.031543,1.0618836223936248e+16,0.019188324276562255,1.4192866645964895e-08,16935290253676.904,1052755791.69,2.8957850057274284,1.1330378156581157e-15,0.00046979781856895024,3.517394753947246e-10,414635603575.21875
432,19145.0,31.94188,2.8566743784517024e+16,4.415156632502563,3.753282409741317e-06,3948629457289668.0,5625220167.56,2.8957850057274284,1.1181491401659953e-15,0.0007886495796387005,6.069349421771629e-10,705316984388.7026
433,22385.0,42.687874,3.651163975901233e+16,19.331310734676837,1.6590653878447466e-05,1.6534387578403382e+16,9198078209.68,2.8957850057274284,1.1691579529638398e-15,0.0010266030428944673,7.813392767201746e-10,878070444025.127
434,93422.0,27.769457,3.037097607768864e+16,0.18728088682777475,1.5219733575418969e-07,204825875192830.03,3488552621.37,2.8957850057274284,9.143419338570488e-16,0.0007688180716240418,6.188871981909151e-10,840843062267.6016
435,86386.0,13.264492,2.1075540009118132e+16,1.3342089536810369,1.2780614684030514e-06,2119883232906946.8,3547006609.03,2.8957850057274284,6.293785115001202e-16,0.0005710728918874438,4.599082618595099e-10,907360009044.9462
436,48719.0,64.57053,5.037606725302157e+16,0.2064098181339559,1.6946502593754035e-07,161034993517942.5,3373610794.28,2.8957850057274284,1.2817699657991277e-15,0.0010103059456439054,8.271053290485603e-10,788211592252.4552
437,44011.0,22.74066,2.6501470676179388e+16,139.4139471044646,0.0001646954616003707,1.6246998244727254e+17,7678239154.38,2.8957850057274284,8.580904915756332e-16,0.0011116134463068743,1.0109959969433518e-09,1295450138674.4421
438,31083.0,13.337055,1.1711959398998862e+16,0.4976865538835911,4.647270316815302e-07,437044363430478.4,2601619953.57,2.8957850057274284,1.1387552283642694e-15,0.0005781703351293944,4.2226259170404584e-10,507721344085.4096
439,53238.0,22.565329,2.3439989042226956e+16,6.85208490806226,6.06136182142406e-06,7117680188105747.0,7950335481.91,2.8957850057274284,9.626851343381064e-16,0.0007112226564412136,5.661624625559242e-10,738790525658.438
440,21390.0,0.22242174,104885252182129.02,0.017183426687049957,1.2901604520167519e-08,8103021051019.385,5770821031.11,2.8957850057274284,2.1206197761127906e-15,0.0004521585571812755,3.3563753193463307e-10,213220004016.98898
441,23683.0,107.4064,3.151162645641029e+16,15.494825304927849,1.6164030521384146e-05,4545978144842579.0,13219697993.9,2.8957850057274284,3.4084689391889746e-15,0.0012885174536740782,9.916131591517414e-10,378034089986.6535
442,60195.0,40.56189,2.5904459862668176e+16,0.8780733147093395,8.239696856627915e-07,560773054149303.4,4303687804.49,2.8957850057274284,1.565826510764471e-15,0.0008964282638439907,7.095744478759983e-10,572495265395.8673
443,62635.0,23.204348,2.1713494841503196e+16,5.235757155408109,5.454125420000408e-06,4899365669973465.0,3165512613.58,2.8957850057274284,1.0686602119732096e-15,0.0006625334748930346,5.344904828543891e-10,619966447211.2336
444,69049.0,20.696321,1.6695920297541658e+16,1.1113866792911267,9.273779652065653e-07,896566274614417.8,2329492027.12,2.8957850057274284,1.2396034858316478e-15,0.0006387928539794656,4.693145011232553e-10,515320311116.1797
445,63669.0,7.413116,9318553912370016.0,0.007207471805066827,5.237004928264329e-09,9060051749817.764,596504344.95,2.8957850057274284,7.955221453577017e-16,0.000369437076158296,2.7535478845197716e-10,464395715837.9052
446,19748.0,12.566125,1.1264418517387626e+16,0.8700697357384471,6.912588290775629e-07,779940486241440.6,2039331087.32,2.8957850057274284,1.1155591369943397e-15,0.0006429589173433646,5.124610405841129e-10,576355744865.0317
447,33829.0,30.01077,3.783533319000771e+16,0.5145105391169655,4.416171146801898e-07,648656388265309.0,4839300432.97,2.8957850057274284,7.931942834832978e-16,0.0007759032473273727,6.222366229330016e-10,978200755456.7944
448,16278.0,32.617977,7704319300933314.0,0.08886055691568259,7.029160798857199e-08,20988735866028.008,8626365688.48,2.8957850057274284,4.233726008220948e-15,0.0010955674598699388,8.611195899074075e-10,258771459877.79846
449,118424.0,2.6837468,5029260063799889.0,0.002092132868307917,1.5233258774364707e-09,3920593508576.933,83991870.18,2.8957850057274284,5.336265705003687e-16,0.00018046242378501218,1.3775377241417026e-10,338181105966.663
450,14376.0,32.614082,1.1054103987194798e+16,0.22629110868405491,1.9984261266235948e-07,76698324569464.89,2681467078.98,2.8957850057274284,2.950404848532322e-15,0.0007384953606948825,5.657848994158731e-10,250303059616.4614
451,45450.0,42.220413,1.4495866555941594e+16,3.675855827248292,3.120836919811862e-06,1262060500229392.2,8385519190.59,2.8957850057274284,2.912582896446064e-15,0.0011736111110074428,8.747331725095043e-10,402945135892.7789
452,92964.0,17.443966,1.9856731613210052e+16,0.2616718795475983,2.462365702256861e-07,297865077408479.75,1692742750.6,2.8957850057274284,8.784913015793134e-16,0.00053983786783195,4.10929233101888e-10,614505649471.3755
453,75891.0,18.210533,1.6290251587582922e+16,0.022718649623725225,1.6346820412872068e-08,20322992089283.16,565425385.27,2.8957850057274284,1.117879174676516e-15,0.0005713453651098832,4.0561650993627903e-10,511097601648.4206
454,31473.0,43.56697,1.4566570682915612e+16,128.43501872997888,0.00012699314221166453,4.2942113681346856e+16,25433061921.99,2.8957850057274284,2.990887213494764e-15,0.0010364568329268144,7.838914926866458e-10,346538254017.1901
455,85657.0,33.902683,3.1198076357285464e+16,0.10904292536793334,9.123936359269415e-08,100343961327502.12,3169267198.41,2.8957850057274284,1.0866914553237495e-15,0.0008256109363068889,6.525285791732178e-10,759747334224.6176
456,55115.0,11.459392,2.586355674592398e+16,16.67647040240877,2.0912765133877777e-05,3.76383702184567e+16,5558815003.07,2.8957850057274284,4.4307100189559064e-16,0.0006211559630590053,4.4940805413087205e-10,1401933235083.1218
457,17955.0,59.170666,3.851953896638949e+16,2.29080676051334,1.850066253791566e-06,1491293342482609.2,7610211928.47,2.8957850057274284,1.536120825631631e-15,0.0011692493286363573,8.963154513889749e-10,761170156101.216
458,30617.0,55.006447,4.2763697865535736e+16,90.64311261356676,8.064794147699385e-05,7.046873399036844e+16,16373467711.31,2.8957850057274284,1.2862883647938917e-15,0.0015340804880856836,1.3080875275624662e-09,1192641191566.3225
459,37687.0,39.855335,4.451760799183698e+16,7.82849549624006,6.768384458317654e-06,8744272094751588.0,7279705436.4,2.8957850057274284,8.952712600216103e-16,0.0012735420106638994,1.087177640806046e-09,1422520824172.5063
460,40306.0,38.9708,2.5481783639696776e+16,3.5984394572823653,2.9306732306975107e-06,2352906681182247.5,6416028782.6,2.8957850057274284,1.5293591905116629e-15,0.0010302701768472985,7.889129196352981e-10,673661349955.7361
461,52651.0,32.48434,2.062578934976956e+16,0.7395016110089132,6.781078679500044e-07,469543307713349.7,3323513737.41,2.8957850057274284,1.5749380277833066e-15,0.0007262672803046359,6.227622246536797e-10,461140227420.1496
462,74322.0,6.813855,6421605372177511.0,0.003850855908851973,2.964448091669804e-09,3629175700358.364,91601850.58,2.8957850057274284,1.0610827986288234e-15,0.00023165291225823775,1.7732666107684025e-10,218317470189.49844
463,11693.0,38.687218,3.958318282161276e+16,33.12758505115711,3.0756425783936776e-05,3.3894793249762176e+16,17926038644.61,2.8957850057274284,9.773650131761625e-16,0.00111607291449028,8.253806722145001e-10,1141920264634.147
464,53387.0,48.308857,2.8190565280455852e+16,0.6268483212144899,5.08409329991503e-07,365796452607877.56,7280350011.77,2.8957850057274284,1.713653363080729e-15,0.0010077664507711207,8.17092060030497e-10,588080689177.071
465,16460.0,45.14384,2.27563351594059e+17,2.145398129124775,1.7845783129842878e-06,1.0814631381983846e+16,8169795890.13,2.8957850057274284,1.983792191658798e-16,0.001275038704205656,9.435245026457503e-10,6427279578812.639
466,43674.0,11.949398,1.498894641455763e+16,2.6201095117725886,2.2420730947700954e-06,3286582392873020.0,3698102561.2,2.8957850057274284,7.972140048745824e-16,0.0007690252977922588,5.792746006997349e-10,964640978570.4176
467,77379.0,22.481169,4.989856415004847e+16,5.353911406035145,4.578471863360545e-06,1.1883389682614854e+16,5791250687.11,2.8957850057274284,4.505373928676095e-16,0.0007711544426745276,5.919553846151667e-10,1711632496841.6807
468,39956.0,22.107504,2.1362368326886492e+16,4.1231727143597325,3.814986807806884e-06,3984200758236703.5,6849305112.99,2.8957850057274284,1.0348807614264232e-15,0.0008651742939908927,6.613501748613063e-10,836013506327.4185
469,105209.0,2.7954257,5879281856386672.0,0.0014167130323866465,1.0763347632908426e-09,2979601721132.2607,48592797.32,2.8957850057274284,4.754706047922035e-16,0.00018289055137709316,1.2957891140732134e-10,384651647302.19745
470,41062.0,49.348114,2.643237391245704e+16,1.3349929038687578,1.191536144322111e-06,715063428878676.5,10497662687.18,2.8957850057274284,1.8669573214815655e-15,0.0011585132080555371,9.987418351696339e-10,620535453449.0232
471,8914.0,20.969505,1.9066384064179988e+16,0.16976012163449056,1.6332911855967707e-07,154353270516643.44,2814018799.06,2.8957850057274284,1.0998155145419213e-15,0.0006942551275213,5.588518339792628e-10,631246893994.2721
472,26124.0,83.64228,2.4471876484823964e+16,6.372965442797439,5.21159400704327e-06,1864588377530961.5,10630192348.36,2.8957850057274284,3.41789400791844e-15,0.0012098856552454672,9.051384786537046e-10,353985715309.61835
473,17567.0,0.8629598,483823352222340.5,0.05576209989178227,4.491091878373995e-08,31263340536371.574,2435137116.87,2.8957850057274284,1.7836257717536292e-15,0.00048323616850350803,3.7670543305951035e-10,270929124346.7506
474,40137.0,0.6633059,526132419937528.5,0.08092094776183134,6.726766478804388e-08,64186273738211.37,2238159700.22,2.8957850057274284,1.2607204476750532e-15,0.0003814126131290873,2.906607943626009e-10,302535438234.9125
475,171560.0,1.8024297,5930934344635221.0,0.0005763202683272398,5.385847169050537e-10,1896394446302.9058,10690212.46,2.8957850057274284,3.0390316183998453e-16,4.6705405921025255e-05,4.600238434821256e-11,153685159569.4067
476,40564.0,19.63109,7918935859019143.0,3.3601480846356413,2.6180437414162616e-06,1355441657036653.0,5644590258.19,2.8957850057274284,2.4790060621139507e-15,0.0009149492668539933,6.70668100345869e-10,369079076020.4024
477,23923.0,113.530914,3.233559071192478e+16,0.6551331278266043,5.816340867794378e-07,186593377405771.38,8100143804.49,2.8957850057274284,3.5110202566403668e-15,0.0014289459493143223,1.053548316421697e-09,406988808057.0789
478,168362.0,4.43997,1.3851325513490084e+16,0.005434008923122669,3.791647443920059e-09,16952417795026.05,152310529.08,2.8957850057274284,3.205447735435734e-16,0.00024327109159700478,1.752817122902402e-10,758930145413.6348
479,26347.0,23.138618,1.471683315847291e+16,9.312266470668629,7.876682713285782e-06,5922871969971222.0,8939393743.18,2.8957850057274284,1.5722552366287052e-15,0.0011929488569040962,9.111762082641727e-10,758750124732.9706
480,40633.0,61.904823,2.2426940107927056e+16,2.422240549040921,1.997421615505958e-06,877531686349108.6,4527087903.18,2.8957850057274284,2.7602884166136888e-15,0.001082088725574154,8.13020677935707e-10,392020166827.9492
481,30288.0,35.321064,5.789595407308944e+16,3.626133265025151,3.1545106383515164e-06,5943718031110218.0,6180972892.46,2.8957850057274284,6.100782786204666e-16,0.0009985198867918104,7.704143505956804e-10,1636707815675.2334
482,49846.0,15.779213,1.5952344660831914e+16,3.7121602380217626,3.3050810979177973e-06,3752890562612913.0,4966654964.2,2.8957850057274284,9.891469458243962e-16,0.0008735737094279244,6.715139054910841e-10,883158678410.3667
483,112724.0,21.646774,4.619968732180159e+16,0.02694283955461461,2.096117262812357e-08,57502829889786.95,2355994026.98,2.8957850057274284,4.685480628736833e-16,0.0006661557907722229,5.1568160454761e-10,1421744840191.161
484,78260.0,19.857346,1.387528266998899e+16,0.045506436227958004,3.625352220277289e-08,31797535580371.355,2127465355.46,2.8957850057274284,1.431130916197454e-15,0.0006478163081342361,4.767653704259424e-10,452660410590.17725
485,41879.0,14.385932,1.2069523539360818e+16,12.189104556155689,1.0934523483064052e-05,1.022642706529207e+16,4873570826.4,2.8957850057274284,1.1919221130051217e-15,0.0008539537924338017,6.704117960516354e-10,716451002222.6027
486,126652.0,13.621469,2.2778976732630612e+16,0.015469180216948245,1.1483539108736499e-08,25868876274264.83,1522418019.29,2.8957850057274284,5.9798423607358125e-16,0.0004547265293929805,3.3461849990210686e-10,760432302327.493
487,32687.0,16.40249,1.2736308600168014e+16,6.559366445010998,5.806342304419377e-06,5093258112960109.0,4690062593.79,2.8957850057274284,1.2878527456364886e-15,0.0008132128995852639,6.194463104107493e-10,631448667047.2206
488,38634.0,11.062007,5163676441745478.0,1.4074986231041637,1.154141764604038e-06,657011650951962.6,1812642066.38,2.8957850057274284,2.1422734605463988e-15,0.0005676510082370309,4.159011947645662e-10,264975979346.8423
489,27494.0,56.234776,1.6548703272371094e+16,9.857015406468186,7.898605310261002e-06,2900710818388115.5,9187317955.58,2.8957850057274284,3.3981379129497616e-15,0.0010897690846844825,7.967972060471336e-10,320695955432.3991
490,166856.0,0.6299457,3452077783608691.0,1.5641205584961708e-07,1.1347325440557662e-13,857131945.0026009,4449745.5,2.8957850057274284,1.8248305498535872e-16,1.7390666783563014e-07,1.2616518244035905e-13,953001734.049133
491,0.0,38.366302,4269459700034763.5,0.5374309946947899,4.440189193279451e-07,59806128132938.19,8228680791.71,2.8957850057274284,8.986219497443108e-15,0.0012478838235118592,9.462113900028134e-10,138866385788.47595
492,18802.0,38.871956,1.1389418302282576e+16,0.1317048388335105,1.1665501431939338e-07,38589298205358.164,5808821808.39,2.8957850057274284,3.412988703049882e-15,0.0008677355193505445,6.918457142653083e-10,254245060516.93845
493,64418.0,41.446644,6.2851899493142104e+16,5.1551639366561535,4.3301525615015145e-06,7817565292316149.0,5518359641.91,2.8957850057274284,6.594334353335228e-16,0.0008812605407475573,6.874626132452401e-10,1336390442959.3271
494,121512.0,10.428868,1.5815279640016916e+16,0.06979211893703703,6.242507555441628e-08,105839087967990.47,1384345487.22,2.8957850057274284,6.59417236835456e-16,0.0003421908204433556,2.612603570326498e-10,518929141260.44037
495,89724.0,13.21602,9063234016759830.0,0.013219598066360777,9.325585759286831e-09,9065687770064.926,495824715.37,2.8957850057274284,1.4582013413270357e-15,0.00040474984086182476,2.7564672970736463e-10,277567870355.60004
496,19637.0,16.77835,2.9698482182526908e+16,9.387481229243276,8.756011679210798e-06,1.6616290876366702e+16,6457554215.6,2.8957850057274284,5.64956481509063e-16,0.0008509151370160329,6.518840162297686e-10,1506160500616.157
497,70797.0,28.45596,2.523297723923939e+16,7.413935537898565,8.197713360116815e-06,6574217375937503.0,4304770417.64,2.8957850057274284,1.127728992508605e-15,0.0007419305286620165,6.063082457192571e-10,657897893545.8693
498,82595.0,25.029139,3.759292904648631e+16,0.4540697485705819,4.3254245136607126e-07,681997564525482.2,3407908311.72,2.8957850057274284,6.657937977923908e-16,0.0007681858410868577,5.934306418853122e-10,1153789421941.1082
499,84179.0,19.686033,3.549433095087704e+16,2.1006724089942526,1.9098423027432043e-06,3787556472358760.0,5054317994.2,2.8957850057274284,5.546247097105396e-16,0.0006993805357043578,5.695595169772035e-10,1260997794471.4485
500,59949.0,43.127697,2.7941089076137804e+16,1.0287133610975168,8.292890065123525e-07,666471285407120.9,4636522725.7,2.8957850057274284,1.5435224046736185e-15,0.000938912216765324,7.171846133298016e-10,608291926260.6099
501,43814.0,86.53635,4.473603509767354e+16,12.276685258423413,1.0351683167314945e-05,6346584095630578.0,9568716345.78,2.8957850057274284,1.934376835387011e-15,0.0013952632235896985,1.05340762258488e-09,721298558825.3015
502,70944.0,7.171523,8573458750188514.0,8.976876931884625,7.491553147832235e-06,1.0731734957976382e+16,2337743783.14,2.8957850057274284,8.364795596459027e-16,0.00045723934876733534,3.580445148542823e-10,546623457195.88556
503,71545.0,14.389303,1.1074084998195932e+16,2.162328937921778,1.7545402797643217e-06,1664139983194773.8,2839868575.75,2.8957850057274284,1.2993672165550604e-15,0.0005072083529477178,3.9341382435093667e-10,390350277031.3468
504,68038.0,16.592564,2.0403264162024344e+16,6.7601776422219935,5.795625706861254e-06,8312741190358900.0,4078830742.69,2.8957850057274284,8.132308569960573e-16,0.000717898499674389,5.699293030995478e-10,882773315225.8751
505,59686.0,32.700607,3.864809754035983e+16,1.6431757025670923,1.4399515849184856e-06,1942031682432142.2,3848729094.83,2.8957850057274284,8.461116867615818e-16,0.0007176599533307436,5.670218190357239e-10,848185841844.9745
506,13831.0,60.46941,3.959476912778704e+16,1.519878519759392,1.1810150904041481e-06,995201360359822.1,8200148510.24,2.8957850057274284,1.527207035981009e-15,0.0011911104853259973,9.236881020901188e-10,779927316508.7806
507,92999.0,2.5470273,3969426082805775.0,0.0010217481860067903,7.766929603979931e-10,1592348028462.3728,39672706.49,2.8957850057274284,6.416613502472988e-16,9.210826147965799e-05,7.755473461071673e-11,143546531895.9278
508,43872.0,17.872458,2.8519936336395076e+16,120.41971969688953,0.0001373258024330565,1.921595081886235e+17,14928249643.58,2.8957850057274284,6.266654241157077e-16,0.0008042574677705562,5.776673755099749e-10,1283392120931.9153
509,21834.0,35.13672,2.978753150998899e+16,3.7296640444119644,3.7178669711941126e-06,3161862724938309.0,5283293423.166,2.8957850057274284,1.1795781059674985e-15,0.0008495890687343515,6.924882243829132e-10,720248251842.1384
510,86621.0,15.513345,1.7914020870333572e+16,2.9578173001824952,2.320162237577323e-06,3415536806929964.0,3349244441.51,2.8957850057274284,8.659889989126227e-16,0.0007462515676654619,5.657849815751986e-10,861733311395.9775
511,63847.0,9.894304,5957834361646662.0,1.258549505604966,9.475618700129357e-07,757832940076096.8,2972773814.64,2.8957850057274284,1.6607215641465657e-15,0.0005571464333371499,4.3886238346053075e-10,335484554042.9072
512,47573.0,15.797545,8554718583559815.0,1.506735440520088,1.3708424334166912e-06,815930429286663.2,2725671244.5,2.8957850057274284,1.846646952286568e-15,0.0005591038705991957,4.264182804205438e-10,302767061081.653
513,54095.0,113.20822,1.1076936844198862e+17,10.496595639034231,8.806750433318935e-06,1.0270466841778396e+16,13625781460.46,2.8957850057274284,1.02201738253377e-15,0.0015008415507082862,1.1748521402636007e-09,1468508830043.0103
514,4636.0,0.12698409,31722188079416.38,10.087189847077678,9.607561206876524e-06,2519904135406077.0,31745520408.27,2.8957850057274284,4.003005394271536e-15,0.001666492468427908,1.2087338317612984e-09,416310322942.0391
515,63809.0,43.02153,5.846103099477667e+16,7.9248026296063205,6.147030450847183e-06,1.0768843696560832e+16,12270590220.47,2.8957850057274284,7.359009799851777e-16,0.001049407594139903,8.245763959277953e-10,1426017389134.3914
516,93336.0,74.71937,1.629322478846566e+17,3.1571749615171028,2.8300546361021615e-06,6884501481277690.0,5118616263.97,2.8957850057274284,4.58591659846831e-16,0.0011175634816126458,8.841888434939872e-10,2436946807942.191
517,42020.0,157.30444,1.4539986724759056e+17,5.71680044517883,4.8963228194785845e-06,5284161246878781.0,12223639326.81,2.8957850057274284,1.0818747154159229e-15,0.0024500045459208137,1.9213711133460975e-09,2264591741548.298
518,27591.0,15.525724,1.051263310325831e+16,4.1617888940231955,3.5445116383604716e-06,2817991592281367.0,4986693944.68,2.8957850057274284,1.4768634886713512e-15,0.0006830021646464803,5.288514643233373e-10,462468041146.40137
519,34844.0,28.285133,1.7805964198492122e+16,0.10365888984086007,8.25258187756128e-08,65255004505787.305,2345694966.5,2.8957850057274284,1.5885201545218929e-15,0.0006743972245016292,5.45104527367898e-10,424544329879.53296
520,84206.0,21.925552,3.757150725835498e+16,0.07126940398292342,5.374556510067193e-08,122126864994917.36,1967053975.71,2.8957850057274284,5.83568602910502e-16,0.0009321137824855486,7.306516838505154e-10,1597265133587.9026
521,41218.0,11.9142885,1.7721796949411484e+16,0.01263409376755477,8.756019243947673e-09,18792464559543.844,756818753.75,2.8957850057274284,6.722957346825744e-16,0.00042321085587651455,2.9537801796355747e-10,629501027663.5687
522,136274.0,4.300935,6804503387850969.0,0.0033085213234424105,2.3530781203732597e-09,5234407065938.233,255522395.36,2.8957850057274284,6.32071843432257e-16,0.00022563513844420309,1.5759253652113253e-10,356977044284.97577
523,37156.0,87.50589,3.416289968125918e+16,20.991911637779573,2.003525331441668e-05,8195386292274962.0,9956720569.87,2.8957850057274284,2.5614304059793643e-15,0.001552507413837797,1.3306684418937425e-09,606109543407.3271
524,122381.0,13.887535,2.208047455011943e+16,0.02337392537021743,1.8520428018473776e-08,37163352911332.13,1190568640.49,2.8957850057274284,6.289509298578406e-16,0.00048357661806795293,3.902296502093186e-10,768862235687.0574
525,63217.0,34.995605,2.5881127210476236e+16,4.1515784221233565,3.3847623776440466e-06,3070314951470129.0,8146895236.08,2.8957850057274284,1.3521669560757917e-15,0.0009482854292675399,7.312477076237172e-10,701307945003.7874
526,29989.0,26.145239,4.141160053436279e+16,1.0322589185361544,8.705422961278091e-07,1635001079257778.8,3198821023.29,2.8957850057274284,6.313506037590851e-16,0.0008233858471882904,6.373156443728622e-10,1304165771420.539
527,90217.0,11.118386,1.0400036764590566e+16,0.04863673233241839,3.8399806980964074e-08,45494355418736.32,2383866249.89,2.8957850057274284,1.0690717976935645e-15,0.0004932068573930253,3.855444516812862e-10,461341191917.2118
528,27921.0,32.293076,1.1288146148405576e+16,6.836279372146727,5.68148825353838e-06,2389642927298798.5,5323086777.23,2.8957850057274284,2.8607953489830852e-15,0.0007729146986188341,5.895416703902668e-10,270174760628.57092
529,46846.0,12.316193,1.784138060039075e+16,66.06911163810065,6.63513767072559e-05,9.57084844858358e+16,14335572304.89,2.8957850057274284,6.903161406539503e-16,0.0011693569996054864,9.561401983642903e-10,1693944166650.5598
530,143532.0,1.7938112,5358726067876803.0,0.0009562264930744181,6.866803104746298e-10,2856574780686.1177,35480982.26,2.8957850057274284,3.3474582900460355e-16,9.916680069049217e-05,8.456205187726357e-11,296245067445.2717
531,36480.0,80.71409,1.8853062347229612e+16,1.6687984623144267,1.2517185637774112e-06,389795157883521.9,6776574607.64,2.8957850057274284,4.281219067408465e-15,0.001588149031239323,1.2261852776380858e-09,370957198459.9872
532,28159.0,39.051727,2.0109037033324964e+16,104.7988516879969,0.00011731839965740932,5.396442491887388e+16,8370509598.61,2.8957850057274284,1.9419988602777427e-15,0.0013763232529233145,1.2106409751511133e-09,708714758321.9869
533,138073.0,2.7684228,8895678537522761.0,0.002951899589573358,2.1790680926954387e-09,9485238246083.643,67421193.9,2.8957850057274284,3.112098518761157e-16,0.00018804259199470974,1.361580611930383e-10,604230845717.4564
534,56504.0,24.940538,8.969863988407173e+16,0.48162514476317886,3.893499198799802e-07,1732164735950214.8,4180966675.64,2.8957850057274284,2.780481179227872e-16,0.0007341427271968186,5.537893385780125e-10,2640344170215.4844
535,3014.0,121.93141,1.926399070495786e+16,166.9151154866373,0.0001673618887752547,2.6370983762523116e+16,35124412283.67,2.8957850057274284,6.3294990050332215e-15,0.0023743979278246542,1.9718006057820367e-09,375132048513.8763
536,71626.0,23.686136,3.8569901618218e+16,0.05366719123701846,4.061861892413827e-08,87390289667250.62,3722833910.53,2.8957850057274284,6.141093185680349e-16,0.000631977564296627,5.190541097990057e-10,1029096197026.0554
537,8911.0,36.695297,7097695072134832.0,1.4366205936943361,1.120524544370054e-06,277874707170014.38,4906449744.56,2.8957850057274284,5.1700300769560746e-15,0.000998198247664597,7.328274608813538e-10,193073973034.2729
538,91097.0,17.814663,2.6144265962776676e+16,0.06956360935364195,5.953462608038741e-08,102089470020977.36,2643344255.59,2.8957850057274284,6.81398476643556e-16,0.0006079047501286337,4.785655257482052e-10,892142807719.5903
539,29176.0,19.638187,1.5034437063031654e+16,0.9912537465410223,8.468650698127674e-07,758875657201213.8,3093425244.61,2.8957850057274284,1.306213655866674e-15,0.0007186835550614506,6.060449690327092e-10,550203675971.0671
540,41528.0,54.397434,4.715932635565224e+16,2.341193626486375,2.2286463064293853e-06,2029675044842077.5,6660005844.58,2.8957850057274284,1.1534819982321532e-15,0.0011210661156908172,8.811903221963429e-10,971897365896.462
541,65061.0,28.145971,3.002958774609534e+16,0.5246604570684446,4.510399684725062e-07,559772382073560.1,5648143766.13,2.8957850057274284,9.3727463853245e-16,0.0007804170240828317,6.004198940809181e-10,832644981523.0035
542,102679.0,16.202612,2.4673036934068704e+16,0.3423867655198875,2.5596397154509903e-07,521380213968495.1,2733993647.85,2.8957850057274284,6.566930549853519e-16,0.0005942863221620735,4.943390626219416e-10,904968185136.859
543,89515.0,20.260963,1.6153796018907968e+16,0.020246928199412664,1.6399252846062245e-08,16142606259277.398,1714721831.06,2.8957850057274284,1.2542539831680805e-15,0.0005658110163539714,4.637846616783695e-10,451113589390.2503
544,51522.0,18.206799,1.2700059416470148e+16,0.9187423780653685,7.881485306636198e-07,640864041496765.0,4380687275.22,2.8957850057274284,1.433599513431284e-15,0.0006660059713017503,4.964420087083175e-10,464569055068.7214
545,92363.0,4.4692783,6271726509698207.0,0.004038713484055416,2.77795697221345e-09,5667516033411.022,172797148.2,2.8957850057274284,7.126073327797356e-16,0.00020547591991309724,1.4696487591626024e-10,288343819185.2133
546,25855.0,5.675276,1.117382342115722e+16,0.0055314518819386494,4.046601771677774e-09,10890653880341.725,705600414.9,2.8957850057274284,5.079081515870455e-16,0.0002946907025990217,2.2416223717786386e-10,580204711576.7102
547,145090.0,3.3623078,8268338531463050.0,0.0013837203929702789,8.653931535102219e-10,3402742795281.0713,190764892.32,2.8957850057274284,4.0664854096208044e-16,0.0001306934322505849,7.569831549951503e-11,321391617295.3193
548,5.0,182.03053,6.520906293637612e+17,29.92907704840509,2.651292353336167e-05,1.0721537034897923e+17,26527692238.015,2.8957850057274284,2.791491271352964e-16,0.0021815962472633652,1.7395364094499798e-09,7815164137002.662
549,113726.0,8.70867,9790198692135112.0,0.011187158019136965,8.066731073788629e-09,12576489843760.707,789134383.61,2.8957850057274284,8.895294440751288e-16,0.00039211397228011935,3.0064445733207433e-10,440810559888.56256
550,22722.0,40.278633,2.39678298627104e+16,2.6923246818600286,2.3159037774776014e-06,1602069760162840.5,7032783868.12,2.8957850057274284,1.6805289936852504e-15,0.0009962007172647077,7.829642339511848e-10,592789961380.0344
551,51312.0,20.908669,2.5372088631242028e+16,0.0431326942697463,4.0196645268256296e-08,52340325532738.04,2285800398.12,2.8957850057274284,8.240815056216547e-16,0.0005677515904742322,4.5570481205608646e-10,688950773195.5989
552,96378.0,18.640003,1.8201559278602144e+16,0.6542725590120251,5.798118411666115e-07,638882985545661.9,2583416995.7,2.8957850057274284,1.0240882506101162e-15,0.0005778985870641699,4.4666141295099626e-10,564305455823.6344
553,58800.0,22.418825,8.793003580575278e+16,0.09579366738597249,8.76393738581301e-08,375717309145904.56,2942941023.18,2.8957850057274284,2.54962082007173e-16,0.0006482568623931872,5.196248307596556e-10,2542561847980.789
554,25618.0,29.984089,1.9487746569005436e+16,0.21840500167435806,1.9400864566336413e-07,141949329260365.3,4754002127.98,2.8957850057274284,1.5386124246755458e-15,0.0007569858366571933,5.988539198541268e-10,491992541147.4708
555,59756.0,59.428753,4.979485646836127e+16,0.739641790011015,6.749903741419457e-07,619739686807837.0,7548670199.9,2.8957850057274284,1.1934717200713276e-15,0.0010195562796728283,7.78388263840168e-10,854277703045.9463
556,68315.0,7.8467164,6988062444101336.0,0.00922370984752369,6.976886086992092e-09,8214373643065.265,348233926.84,2.8957850057274284,1.1228743965537198e-15,0.000275955799975724,2.1806515313526922e-10,245758386532.52426
557,61807.0,26.566696,2.028379338354597e+16,0.13875348113062244,1.1726803578596204e-07,105938914741271.9,5368145015.3,2.8957850057274284,1.3097498824628469e-15,0.0007984551787111402,6.483176790953317e-10,609624165195.3647
558,90947.0,30.939451,4.590516703108518e+16,0.20564730229164155,1.7473751265769632e-07,305120920251295.75,4288805739.04,2.8957850057274284,6.739862416587878e-16,0.0007579949056827799,6.152666781313379e-10,1124644479117.6052
559,15123.0,34.79278,2.234714721404089e+16,9.745287082079416,8.88232757977835e-06,6259326362145240.0,12882050944.64,2.8957850057274284,1.5569226651954673e-15,0.001175669423263449,9.360293286354699e-10,755123841116.3134
560,45953.0,20.042566,2.5782126054488216e+16,0.9486456690392729,8.165113961395775e-07,1220307929644080.8,3133572672.69,2.8957850057274284,7.773822049291758e-16,0.0006080934685309647,4.791255737017947e-10,782232297929.1321
561,82893.0,15.461685,2.3997003716968244e+16,3.107273459399769,2.5533509593358266e-06,4822582581061058.0,3364101339.61,2.8957850057274284,6.443173148765679e-16,0.0006927589216496197,5.208430836689692e-10,1075182841830.5533
562,71774.0,18.19869,4.8273875372725336e+16,2.200473529176791,1.8348094923875238e-06,5836979744611371.0,3364691129.68,2.8957850057274284,3.7698837848602124e-16,0.0006798957047802281,4.964869373368234e-10,1803492477700.977
563,72065.0,62.344303,5.835495463250373e+16,0.6605640083620091,6.136766971771351e-07,618295191139274.8,8365457873.936,2.8957850057274284,1.0683634901718216e-15,0.0012179716740521238,9.590845979178826e-10,1140034908770.8352
564,94121.0,26.298435,2.4884111611413772e+16,0.06959953301914654,6.096264440980598e-08,65856487192135.97,1914161042.75,2.8957850057274284,1.0568364027083657e-15,0.0006614723838957692,5.443121471303275e-10,625898561215.9148
565,51942.0,21.90043,2.217038893693582e+16,2.1875530868101256,1.720904514569344e-06,2214518288215118.0,3089405242.62,2.8957850057274284,9.878234460521317e-16,0.0007362641079664054,5.428943717156126e-10,745339777982.5015
566,96804.0,17.41664,3.5376718055760636e+16,5.028904743748227,4.526862384835024e-06,1.0214722544007238e+16,3624076303.56,2.8957850057274284,4.92319269767986e-16,0.0006619876407284368,4.972737633932493e-10,1344630773929.3042
567,7892.0,3.6398742,1.7522219292688966e+16,0.0036704703924957597,2.8445520021147487e-09,17669508227683.484,197738383.92,2.8957850057274284,2.077290632653316e-16,0.000266454958588559,1.9302576263882515e-10,1282704280277.8975
568,6577.0,0.108692974,42650299863933.45,0.014249508101750363,1.0248693431571387e-08,5591399067369.361,1451246682.84,2.8957850057274284,2.548469163095251e-15,0.0004724898406684551,3.6252795949645427e-10,185401435305.02487
569,47192.0,13.188159,6870509855137873.0,0.22938058232063158,1.97821189656938e-07,119498221958892.31,3164771090.46,2.8957850057274284,1.919531341642381e-15,0.0006590398188314786,5.150469858363278e-10,343333710960.71497
570,72107.0,11.315389,1.0602812003380348e+16,1.1031963307790298,9.73811280436737e-07,1033723480303598.5,4611408597.3,2.8957850057274284,1.0672064162217033e-15,0.0007499282511323703,5.649013197854952e-10,702702157458.3364
571,174636.0,1.2212293,4999719096350376.0,0.00032374502557936454,1.955470842455274e-10,1325413816011.1206,25176030.84,2.8957850057274284,2.442595826816462e-16,8.613086195459139e-05,4.9740380258526105e-11,352620196141.28864
572,28013.0,86.68296,2.9865832878296016e+16,1.5461245731763744,1.4622588589165068e-06,532703291529412.0,6146246712.97,2.8957850057274284,2.9024122767054626e-15,0.0012307238151845986,9.336463811110181e-10,424034802037.70264
573,68869.0,9.065529,1.0164268377085804e+16,0.5099836513081543,3.90806260831191e-07,571793515835890.6,1953261092.59,2.8957850057274284,8.919017743015534e-16,0.00055298909702842,4.3424582562244497e-10,620011208590.1664
574,129331.0,3.2597532,6440344910164162.0,0.002293209900940054,1.561534310154889e-09,4530730336719.153,180301984.29,2.8957850057274284,5.061457492525676e-16,0.00018139438560787758,1.1758617889004485e-10,358383698521.118
575,41629.0,25.64416,1.0063107774575702e+16,3.4245846085692686,2.822800782673841e-06,1343852323460222.2,3376497490.58,2.8957850057274284,2.548334031042538e-15,0.0007300979771372708,5.53198482430764e-10,286500108794.05145
576,87915.0,19.762514,2.770989045475158e+16,0.1541358875700343,1.5436148700847e-07,216120710133921.03,3021077765.93,2.8957850057274284,7.131935087318688e-16,0.0006022636979678004,4.690115567579293e-10,844460431277.1818
577,33828.0,21.17743,9553118975818758.0,2.777189679636009,2.3445112934556537e-06,1252787681412653.8,4649955160.12,2.8957850057274284,2.216807940276382e-15,0.000760294202967045,5.764822336775752e-10,342968007806.8715
578,101740.0,8.806223,8660266384400781.0,0.020217467299081294,1.4780719383060802e-08,19882377771713.91,688328109.41,2.8957850057274284,1.0168535942337895e-15,0.0003358884391939932,2.4850917114569594e-10,330321337406.58
579,18682.0,131.85548,1.0898612831215592e+17,101.46550753347641,0.00010018557066544871,8.386707039632698e+16,21379786757.81,2.8957850057274284,1.209837270504207e-15,0.0017484546998447377,1.5036636942890509e-09,1445198244815.2375
580,5878.0,4.046848,1878044985771843.0,0.02744275818610014,2.026261197890855e-08,12735525131449.11,6734439340.13,2.8957850057274284,2.1548195227798644e-15,0.0006915151870033666,5.074694464410348e-10,320915593947.8703
581,11277.0,73.029785,1.3636162830385406e+16,0.5543945036637348,4.544980462967237e-07,103516855817518.64,7155326280.33,2.8957850057274284,5.355596431957239e-15,0.0013506960040064134,1.0544351660057143e-09,252202723107.871
582,102232.0,20.828257,3.8378271493284824e+16,0.060205719349640155,5.1416730758070496e-08,110935420215383.42,3727791321.52,2.8957850057274284,5.427096163943806e-16,0.0007045496837196786,5.899690879329042e-10,1298207480458.0037
583,75974.0,17.578457,1.5712161867841918e+16,0.436184261341722,3.6036125452114547e-07,389874817704773.4,2809810099.97,2.8957850057274284,1.1187802892979246e-15,0.0007238415969438301,5.738790105196833e-10,646991731860.1199
584,43470.0,42.59862,2.264299213186492e+16,1.8979148237116417,1.5784884494011418e-06,1008823065635753.0,8022943639.76,2.8957850057274284,1.881315850481263e-15,0.0010763194591714672,8.134992149756613e-10,572109919180.3076
585,36049.0,36.070473,2.5137739525598404e+16,0.050231697233342774,3.85595301759715e-08,35006785771300.88,2515695090.9,2.8957850057274284,1.4349131497392005e-15,0.0008757305632671423,6.649144517069504e-10,610302138095.472
586,64519.0,20.938793,2.683392736578647e+16,4.2303220520455564,3.4599128976846218e-06,5421332293531687.0,4587936546.5,2.8957850057274284,7.803104150418613e-16,0.0008051588085575465,6.012613730001155e-10,1031844241774.4125
587,17954.0,19.00868,9886112798334250.0,14.118262905889411,1.240346715610572e-05,7342684479099075.0,4115576632.21,2.8957850057274284,1.9227658421217738e-15,0.0006957186722198115,5.13634543248778e-10,361832240296.1379
588,11692.0,70.148,3.768970852043887e+16,67.11263073188898,6.667559205846137e-05,3.6058839743467304e+16,23615466040.45,2.8957850057274284,1.861197731522896e-15,0.0016205111374341067,1.2419217838445591e-09,870681878656.7877
589,61700.0,19.478289,1.0860784486849266e+16,0.12400835840165318,1.0197294690399088e-07,69145090473209.37,2426554366.98,2.8957850057274284,1.7934513868298557e-15,0.0006690485201445018,5.060597607686322e-10,373050825384.86127
590,33737.0,41.082672,2.426246994003412e+16,8.70427339196462,7.397486974613818e-06,5140541285201226.0,8988208858.78,2.8957850057274284,1.6932600885869342e-15,0.0011745142780175879,8.432077179302542e-10,693640797379.0653
591,33250.0,30.46431,3.2378519079119396e+16,13.117262986699906,1.1165139447389129e-05,1.3941479386228986e+16,10477069477.37,2.8957850057274284,9.408802769996405e-16,0.001210313056539408,9.047488931299611e-10,1286362448152.2324
592,114786.0,10.091004,8809384879507165.0,0.04143601186985686,3.3658790808138355e-08,36173385367144.484,1326797179.4,2.8957850057274284,1.145483383689388e-15,0.0004218315978898862,3.227868319491371e-10,368256409386.9659
593,148083.0,7.2416887,2.082779312357752e+16,0.008867714962619445,6.932679938829403e-09,25504401027386.164,325095652.44,2.8957850057274284,3.4769351976145033e-16,0.0003012088578655018,2.4479924812645524e-10,866305642026.802
594,76263.0,23.334682,2.755975889921636e+16,0.04958098227762344,4.531081196548091e-08,58558326081221.984,3400808160.45,2.8957850057274284,8.466939818063323e-16,0.000625594514316418,4.94782942158601e-10,738867321321.6635
595,48990.0,21.310762,1.4787977100631068e+16,2.233070652597877,2.032678704180652e-06,1549573763467898.8,4572821035.47,2.8957850057274284,1.4410870300232326e-15,0.0007809958568163066,6.208436737391779e-10,541949126281.2321
596,56101.0,17.027267,1.0948608902483002e+16,1.726697502618569,1.410975065046692e-06,1110274223635820.8,4393865111.78,2.8957850057274284,1.555199126360102e-15,0.0007106249666437066,5.504313581476589e-10,456935034619.58826
597,58799.0,15.018422,1.1897839427587822e+16,1.046666767990851,8.571471911517986e-07,829186524373030.9,2140270017.39,2.8957850057274284,1.2622814496198698e-15,0.0005622600710722144,4.4989541311882933e-10,445431620057.1088
598,45064.0,22.764154,1.8133293142249364e+16,8.923143463277793,7.357282807133655e-06,7107928375900216.0,6796140256.56,2.8957850057274284,1.2553789221529234e-15,0.0008716926220149047,6.50116915860573e-10,694366144462.572
599,49591.0,19.59928,1.931974930005885e+16,4.266327341389436,3.4120149711641168e-06,4205479725154725.0,3648836389.39,2.8957850057274284,1.0144686504777937e-15,0.0007633405594559049,5.558098956063368e-10,752453571725.8363
600,29393.0,30.682802,4.2117657918812136e+16,2.8676836077866454,2.3333233319559984e-06,3936410931835462.0,7384093211.96,2.8957850057274284,7.285020942794475e-16,0.0009276494976432783,6.843196429311547e-10,1273365588002.6057
601,73849.0,18.611391,1.1497557888329142e+16,0.08082493461427216,7.578479555205592e-08,49931214950457.59,2765495917.99,2.8957850057274284,1.6187255746624174e-15,0.0005850865268163324,4.592865072686088e-10,361448868155.64844
602,106030.0,25.258623,4.300466809330667e+16,0.08048007878512548,7.015372101982842e-08,137023268302373.11,3576157935.83,2.8957850057274284,5.873460747376702e-16,0.0006650129531090659,5.270353879346688e-10,1132233587167.6414
603,67039.0,16.042875,1.2739708234048434e+16,0.020805345229049192,1.5177616695108425e-08,16521604009676.467,1426275895.33,2.8957850057274284,1.2592811942995245e-15,0.0005753469062955027,4.156998390669719e-10,456885172985.95856
604,131135.0,6.503769,1.2983638512109544e+16,0.007497422843246626,5.118016691491993e-09,14967294805388.494,299355597.96,2.8957850057274284,5.009203694275748e-16,0.0002981053162543946,1.868066172817578e-10,595115180872.0686
605,62709.0,48.06961,4.113769446251539e+16,0.5307347079167287,4.735959537633055e-07,454199696126736.56,7161491312.76,2.8957850057274284,1.1685052025412109e-15,0.0010489284953504876,8.185032600184799e-10,897666944973.2244
606,79352.0,4.36906,5570109441884875.0,0.0032499883556645877,2.6191361754804022e-09,4143406322161.568,116513949.03,2.8957850057274284,7.843759706311173e-16,0.00017966035762649688,1.597290482969773e-10,229048778077.6102
607,13449.0,68.39026,4.2632265282957624e+16,5.526176026409745,4.9886169207587394e-06,3444838524641095.0,5696007289.73,2.8957850057274284,1.6041901490826764e-15,0.0012044581397053205,9.004361000209378e-10,750820057331.773
608,70840.0,14.427286,1.1033529837180204e+16,0.494699733557048,4.461056699863678e-07,378330634787914.06,2887136261.21,2.8957850057274284,1.3075857148982093e-15,0.0005304810915752719,4.148664254615719e-10,405695080277.4469
609,63170.0,17.820433,8840912541477820.0,0.5888066086929488,4.559288465158615e-07,292113425711850.75,2154437270.16,2.8957850057274284,2.015678010204724e-15,0.0005386265847037321,4.1582931701878774e-10,267218564660.05008
610,70342.0,12.245974,6165245679035160.0,0.9727510860304021,8.756675243219879e-07,489732334065521.9,2875408886.92,2.8957850057274284,1.9862913235789258e-15,0.0006244537344728317,4.6330023497635525e-10,314381746051.0691
611,81506.0,13.141512,1.2111799191428476e+16,0.01768242413999071,1.2730601007618357e-08,16296904831136.236,825465699.24,2.8957850057274284,1.0850173283338657e-15,0.0004881602533197136,3.6016756995840464e-10,449910098734.8508
612,63740.0,18.31373,1.198294799086172e+16,0.07873712995608373,6.777477400643244e-08,51518884094800.555,3663022766.1,2.8957850057274284,1.5283159047311378e-15,0.00075001832496188,6.039174173593213e-10,490748229891.53125
613,27391.0,36.54201,1.5534120470941712e+16,3.0573034484909245,2.626540694530067e-06,1299669068151521.0,2890919421.34,2.8957850057274284,2.352370709906355e-15,0.0008116655792347194,6.25348852787873e-10,345041525902.6205
614,47297.0,45.327286,2.79975047821001e+16,4.827325966690953,4.290558792591365e-06,2981715733811769.5,12301691207.62,2.8957850057274284,1.6189759177746264e-15,0.0011351159083441273,8.583580897134046e-10,701132052602.9862
615,1.0,203.8096,2.9178994795290524e+16,2.0557586744293297,1.4503443242456692e-06,294318676164158.94,17191385531.41,2.8957850057274284,6.984805385855676e-15,0.002063822643424437,1.5865341910632246e-09,295473177764.3663
616,28996.0,65.08477,8.441079415028397e+16,68.61813022750549,6.35133306326681e-05,8.899333692984309e+16,28163892275.63,2.8957850057274284,7.710479525180614e-16,0.0013451141784813943,1.0013565634095944e-09,1744527268490.3286
617,38635.0,13.190405,1.1978103768063812e+16,2.552427164703473,2.0025538399048197e-06,2317839174706394.5,1679877698.48,2.8957850057274284,1.1012097787271174e-15,0.00047665390772616274,3.586272582068659e-10,432845691106.3072
618,34414.0,25.875343,9009337513750998.0,1.9500562555444787,1.5828862666883569e-06,678975153179676.6,5408955699.27,2.8957850057274284,2.872058346188755e-15,0.001004716653721039,7.483547264696036e-10,349824597071.4022
619,44735.0,18.921236,8705438194409742.0,2.025932734995435,1.8029073822427686e-06,932107829030526.8,6260633801.8,2.8957850057274284,2.1734961040962192e-15,0.0008401567901049542,6.52515231536095e-10,386546259973.3103
620,85504.0,33.16649,4.662458734223099e+16,0.05218025677041539,4.56498002007941e-08,73353645180188.58,3806511623.66,2.8957850057274284,7.113519258959511e-16,0.0007445803891239439,6.041255538438875e-10,1046711707691.1564
621,69517.0,22.103962,2.1779214711091228e+16,1.4282109241608774,1.238226645054695e-06,1407227915521470.0,3588651341.97,2.8957850057274284,1.0149108814627457e-15,0.0006871603129005922,5.285368834307267e-10,677064681689.3112
622,19636.0,76.828255,3.91785404529455e+16,34.966989700399004,3.3232386593034796e-05,1.7831403570142406e+16,24735536623.9,2.8957850057274284,1.9609779770196604e-15,0.0013879996605920934,1.0237738567119022e-09,707809917733.8071
623,1665.0,11.945862,981332309952640.2,40.034673949531594,3.3714556816371144e-05,3288780589052061.0,10385012416.98,2.8957850057274284,1.2173105765341116e-14,0.0010720124560547122,7.874568446295437e-10,88064005745.10019
624,29510.0,95.134766,3.920815853907236e+16,0.9083987513256365,8.505026301574771e-07,374380930927721.25,14659547014.5,2.8957850057274284,2.426402298521486e-15,0.0013806904672352463,1.0690925318447503e-09,569027843435.7576
625,50039.0,10.197347,6752420250945338.0,6.492689017454076,5.2699779244925026e-06,4299291257279691.5,4069369316.31,2.8957850057274284,1.5101765916557656e-15,0.0007346557844186395,5.330470531149637e-10,486470117784.80756
626,52003.0,129.52318,1.079694108578469e+17,1.1457235278911624,1.25844005092734e-06,955065296515903.4,4441246188.42,2.8957850057274284,1.1996284778336978e-15,0.0011654851419399268,9.098116499296342e-10,971538408328.3623
627,63127.0,30.267435,1.0757867940394456e+17,2.029535928660785,1.6813446762837804e-06,7213521562305675.0,4371910592.55,2.8957850057274284,2.813516132350867e-16,0.0008701734940260272,6.916833218993985e-10,3092832786776.82
628,100969.0,34.27462,7.548747346930138e+16,6.979685937018137,5.606853997539377e-06,1.5372274207408062e+16,5085616207.06,2.8957850057274284,4.540438091882691e-16,0.000878832628110594,7.026844014494277e-10,1935567912888.7458
629,113516.0,7.12578,9164041712406252.0,0.005766698720651888,3.6506945263812627e-09,7416208137064.809,363159213.09,2.8957850057274284,7.775804850771402e-16,0.0002760516945057001,1.8000728234799346e-10,355013660712.3239
630,62108.0,35.76473,6.889637918383983e+16,7.2565409371840754,6.060842866036798e-06,1.3978838816098724e+16,10902569894.96,2.8957850057274284,5.191089927174125e-16,0.0010202501841529352,7.929066360194328e-10,1965387227857.8096
631,7259.0,56.71728,6.963044852280049e+16,6.904757429255964,5.3217135254533516e-06,8476805600343170.0,6560070008.01,2.8957850057274284,8.1454710120713825e-16,0.0012141053039823133,9.575218713593484e-10,1490528051948.1807
632,49458.0,29.390364,2.7113547493603828e+16,2.6123862226003256,2.1327264328679116e-06,2410009550004560.5,6864519617.11,2.8957850057274284,1.0839733903109979e-15,0.0008680165006025345,6.755144574205623e-10,800772886457.5686
633,79899.0,18.183062,2.0770045003495816e+16,0.34596738058504173,2.9523997235667625e-07,395189658622562.06,2632914116.42,2.8957850057274284,8.75446442072687e-16,0.0006509975717614973,4.845244899425675e-10,743617816551.0734
634,13655.0,1.0846274,270314263344824.56,4.589616489331373,3.6887799807483993e-06,1143838704746782.2,6887666335.48,2.8957850057274284,4.012468252984499e-15,0.0006824196877453826,5.147604778248025e-10,170074788065.37463
635,77481.0,24.930264,3.3481575406051732e+16,1.870964320887432,1.5061666157143317e-06,2512722408066955.5,6246518465.75,2.8957850057274284,7.445965041266816e-16,0.0008492302701546109,6.639953182564829e-10,1140524116683.3728
636,104322.0,0.60617095,4174735307357155.5,0.00028603447890342295,1.8324681897258844e-10,1969936431628.1162,4369734.8,2.8957850057274284,1.4519985229524422e-16,3.1032290151073785e-05,1.9882704613588297e-11,213721223958.0921
637,73019.0,28.534407,1.987078436658172e+16,0.03343069868933948,2.7179672282943197e-08,23280462947067.06,3446867881.74,2.8957850057274284,1.43599801968505e-15,0.0006795847011329452,5.266446159983536e-10,473249051751.47455
638,66222.0,28.038322,1.894359095968402e+16,0.5864848959527894,5.973823695425108e-07,396248034135654.94,3720594756.4,2.8957850057274284,1.4800954085036726e-15,0.0007762496379438312,6.053563698728499e-10,524459189241.4516
639,59434.0,18.100657,2.7598615406525132e+16,6.034702567467689,5.074214657277512e-06,9201292265375258.0,3899439461.95,2.8957850057274284,6.55853807641396e-16,0.0008476678408843106,6.714959308248824e-10,1292464617889.0427
640,46427.0,53.385666,3.217931959256806e+16,4.44618507961844,3.8084749562548204e-06,2680030453207223.0,5455404598.21,2.8957850057274284,1.6590054319336706e-15,0.0011547354274835215,8.81645455381167e-10,696040775549.2445
641,13830.0,104.875854,1.0256985664008101e+17,111.91988157138645,0.00010801324265709067,1.094590010008591e+17,32823096611.93,2.8957850057274284,1.0224822129566854e-15,0.0016000063279291623,1.2914725007966017e-09,1564825585867.6165
642,81399.0,14.488186,2.617297535189782e+16,2.609942407487572,2.2687487040260116e-06,4714873090464539.0,2691615568.92,2.8957850057274284,5.535551768648822e-16,0.000693174388945709,4.96154540233322e-10,1252222755591.547
643,14944.0,15.3595,8161144746909765.0,0.04099417123170476,3.200244174792977e-08,21781917718776.44,6763382732.86,2.8957850057274284,1.8820276415040804e-15,0.0006628532606637819,5.199743398418036e-10,352201660616.44147
644,67339.0,23.491451,2.264906663207688e+16,4.151808212035707,3.348083750804047e-06,4002927739031560.5,4766637397.46,2.8957850057274284,1.0371928954780896e-15,0.0008045612033409125,6.111732619904023e-10,775710291546.1578
645,56734.0,28.2755,3.938398910653513e+16,2.6004459862245013,2.2119487955237374e-06,3622073399006163.0,5773024505.11,2.8957850057274284,7.179440336405167e-16,0.0008194702670079334,6.554025755564193e-10,1141412461988.997
646,121395.0,11.850464,1.4341755620303924e+16,0.017360062850065975,1.3007972273370537e-08,21009622825634.766,574488270.43,2.8957850057274284,8.262910283607852e-16,0.000501540030696139,3.680866362558938e-10,606977461308.1609
647,95412.0,5.645436,5475219347714129.0,0.002462253711918629,1.7235956371822042e-09,2388013815492.339,115251974.98,2.8957850057274284,1.0310885539876929e-15,0.00016324098396014634,1.0967616293518265e-10,158319072914.56055
648,55542.0,27.499378,1.2730213310957416e+16,5.531698218903274,4.783781193278562e-06,2560774221819922.0,4300893169.46,2.8957850057274284,2.160166316799276e-15,0.0008368968998986675,6.455778463525241e-10,387422437518.00543
649,76562.0,10.249833,2.2850526738917236e+16,7.944807613698112,6.521142891103043e-06,1.7711804554509516e+16,3511954596.07,2.8957850057274284,4.485600317713151e-16,0.0007189654398346805,5.644705698123099e-10,1602829919989.8923
650,162704.0,2.8593628,6247784376752906.0,0.0014703887105260026,1.0511720870807946e-09,3212838753227.8906,40830760.99,2.8957850057274284,4.576602884438957e-16,0.00015570735862349515,1.1158721283055038e-10,340224753065.0307
651,67927.0,13.072041,1.4707060446133706e+16,1.0768229877402946,9.558302007033818e-07,1211509416967312.8,3087113863.53,2.8957850057274284,8.888275837226513e-16,0.0006165823036716753,5.122185852130668e-10,693702935151.1135
652,29988.0,7.420478,7840385521578975.0,39.44012014547991,4.8171025546010304e-05,4.16719444431957e+16,4719831534.13,2.8957850057274284,9.46443000739789e-16,0.0007439252156308075,5.870818592187541e-10,786022206355.0757
653,43413.0,54.895008,4.019244676664829e+16,7.63168661945614,6.482044595509427e-06,5587687648979539.0,12468059266.89,2.8957850057274284,1.365804085496778e-15,0.0011808061225991812,9.309060329516877e-10,864550146787.4814
654,32019.0,82.736565,5.73871629259484e+16,47.84397751061338,5.3261954782351106e-05,3.3185208165543024e+16,17840023969.18,2.8957850057274284,1.441726002499237e-15,0.0015270413012642575,1.2606476220030565e-09,1059175806371.7559
655,120693.0,5.355203,9167157017379432.0,0.008619847583383087,6.488358853139509e-09,14755649087952.67,314405667.32,2.8957850057274284,5.841727145992383e-16,0.00037514850497321164,2.7580472235037147e-10,642187653749.9288
656,116470.0,8.130353,7419016815882217.0,0.010956374151788377,7.826457739516251e-09,9997785345017.03,745324050.0,2.8957850057274284,1.095880114814539e-15,0.0004002650768462353,2.830908837904146e-10,365245314186.55597
657,71444.0,7.388499,7465312184383592.0,0.013701385341858363,1.0545520173142503e-08,13843829299497.771,672995028.84,2.8957850057274284,9.897106534212629e-16,0.0003398075798896716,2.543791323531149e-10,343340327513.91943
658,24549.0,53.015633,4.309588510898059e+16,4.993031888543986,4.381483068564605e-06,4058786369940504.0,11871748134.43,2.8957850057274284,1.23017853945764e-15,0.0010426106752978565,8.158245158930468e-10,847527933431.1276
659,39049.0,96.72311,6.298889659455639e+16,12.151116660278834,1.1351640393819579e-05,7913159852104578.0,9789673130.59,2.8957850057274284,1.5355580940333377e-15,0.0017158489831780965,1.4284249622928902e-09,1117410659906.1987
660,63920.0,48.76554,5.8052828065026264e+16,2.2312550415337293,1.905276649727082e-06,2656192575646258.0,12296206700.59,2.8957850057274284,8.400200580301899e-16,0.0010490312870061033,8.075906138462066e-10,1248816950235.7307
661,26573.0,32.24968,1.1666626457831488e+16,1.8606559020198856,1.59630245494022e-06,673109853351273.9,4787365838.31,2.8957850057274284,2.76426781268476e-15,0.0008192097507906498,6.242465446745894e-10,296356867822.8043
662,54341.0,13.92049,2.970874423661343e+16,0.024607230910418897,1.885016659463857e-08,52516106077366.77,1555065803.24,2.8957850057274284,4.6856541256443315e-16,0.000533762973214857,3.9709762772977044e-10,1139142921995.8877
663,3015.0,94.0236,5.4517421438084e+16,8.903094288548898,7.076053771183483e-06,5162254406678950.0,11279049421.09,2.8957850057274284,1.7246523683586829e-15,0.0014399270506294899,1.1024041235335334e-09,834908574647.9098
664,71274.0,33.96193,4.1957181471861304e+16,1.7338829375701608,1.5199007735492168e-06,2142070284656826.0,6155385068.25,2.8957850057274284,8.094425985877212e-16,0.0009225356650550071,7.223559931664045e-10,1139717216099.8267
665,122532.0,10.136551,1.3396532133658266e+16,0.010947479755166118,8.321126473123738e-09,14468260883081.062,798834757.66,2.8957850057274284,7.566548490957828e-16,0.00037865406441750944,2.6956921163542776e-10,500431689389.1692
666,175951.0,2.712902,7213958155503613.0,0.0011115180327742127,7.751745940673577e-10,2955670561458.1226,132969157.15,2.8957850057274284,3.760628966124922e-16,9.376287127407408e-05,6.603935443409445e-11,249327631411.3234
667,78506.0,6.6335707,1.2481635742428342e+16,18.506400953241197,2.4620903306989197e-05,3.482139047703001e+16,5261071252.68,2.8957850057274284,5.314664549495511e-16,0.0006704416401553503,4.6163260837211515e-10,1261493804381.2966
668,57564.0,47.710865,4.2326021951525224e+16,1.537875507281701,1.3086952573737392e-06,1364304597703652.5,5449048504.92,2.8957850057274284,1.1272229895510114e-15,0.001376579060506071,1.065450533997549e-09,1221212726555.889
669,29177.0,27.950014,6.047762556098392e+16,0.03873487773461905,3.071309833932545e-08,83813676507810.83,3993892266.73,2.8957850057274284,4.621546190138698e-16,0.0007213661100793322,5.898110214103829e-10,1560876123273.547
670,59898.0,28.526045,2.757768994388961e+16,1.8904709410931935,1.6817617025695919e-06,1827621791292879.2,7710563921.47,2.8957850057274284,1.0343884878697217e-15,0.0010568880346696486,8.013839749794182e-10,1021751544089.8456
671,66169.0,24.431952,2.4436477211474492e+16,0.0431631679615212,3.409494586412582e-08,43171162511565.13,2589095616.53,2.8957850057274284,9.998148173554096e-16,0.0006611790302422258,5.55347994710161e-10,661301491801.3492
672,59218.0,27.24313,2.558809613374086e+16,0.8620632540874059,7.339738068892441e-07,809692477294423.1,3574843119.54,2.8957850057274284,1.0646798361866706e-15,0.0007695518223082569,6.271411535598875e-10,722801161581.6223
673,69459.0,19.40037,2.4002972461925028e+16,4.893763291374343,4.466178073664725e-06,6054774497498653.0,4659490209.48,2.8957850057274284,8.082486463197025e-16,0.0007121503538230558,5.701232874875691e-10,881103057908.9457
674,13037.0,13.110439,4585801749284717.0,11.50580519686825,1.094108798884432e-05,4024528972578844.5,6490182268.29,2.8957850057274284,2.8589197084337403e-15,0.000458921125864652,3.5688543505499265e-10,160522565397.98807
675,25854.0,28.950365,1.1164632507358668e+16,8.70635032897765,6.955274586097855e-06,3357581222321607.5,9529556033.94,2.8957850057274284,2.5930423577237016e-15,0.0011056523267552224,8.164109271747462e-10,426391926634.71094
676,44467.0,24.749653,1.5110155862456286e+16,8.787993769708693,7.542123949199189e-06,5365245144188209.0,5778076596.37,2.8957850057274284,1.6379482266953089e-15,0.0008463184247536369,6.311254771950304e-10,516694246472.7055
677,109004.0,13.1993685,1.6793110480471312e+16,0.016507798348925035,1.2632346611793638e-08,21002313971523.715,1920419913.64,2.8957850057274284,7.859990271218385e-16,0.00047666298847026184,3.70328990701279e-10,606442211787.0813
678,90872.0,14.761682,1.7356117561867448e+16,0.07427460803748723,6.521181833903452e-08,87328722361059.75,1777109192.44,2.8957850057274284,8.505175162233519e-16,0.0005281006555506107,3.9358848878540994e-10,620916848245.0487
679,25619.0,17.454601,2.9119709019918356e+16,2.5153938908283093,2.2448181784118445e-06,4196460186709547.0,2780729207.23,2.8957850057274284,5.9940849642627845e-16,0.0006003034935483249,4.865960875294016e-10,1001493133860.1012
680,40432.0,29.448078,1.1121717719905764e+16,1.3990841346095348,1.184915301254653e-06,528395055579718.5,4484102942.86,2.8957850057274284,2.64779944444135e-15,0.000941409066190431,7.317052314394539e-10,355543947320.7744
681,4.0,35.325497,3.2110031290446536e+16,1.6626198263529943,1.41814565945367e-06,1511281628912721.0,4965145439.18,2.8957850057274284,1.1001389777689234e-15,0.0007853414410478658,6.120275254107483e-10,713856573503.59
682,15122.0,52.26882,1.289815189948646e+16,14.001531951562015,1.1427419584168212e-05,3455097818101881.0,9286453160.68,2.8957850057274284,4.052427076942789e-15,0.0011061813968760322,8.192524195661671e-10,272967625542.21005
683,65967.0,16.388437,1.5256777231835604e+16,14.387749848276432,1.660462613965262e-05,1.339424219054752e+16,4380380204.19,2.8957850057274284,1.0741742342414894e-15,0.0007261361008282975,5.202811452636413e-10,675994710803.1749
684,86923.0,20.10279,2.122612390613662e+16,0.29984657615828364,2.7165601486005876e-07,316601853691281.6,3321852599.11,2.8957850057274284,9.470777655353336e-16,0.0006513619741074217,4.954456661340146e-10,687759757235.1842
685,96363.0,20.249323,2.716330573595538e+16,0.9130091954491962,9.948316766992078e-07,1224749484993901.2,4157445401.72,2.8957850057274284,7.454660782761976e-16,0.0006147537082375351,4.7765461646221e-10,824656850462.0366
686,79935.0,8.073191,7644381987877219.0,0.007722052767709976,5.66855922312164e-09,7311894526825.833,556213892.48,2.8957850057274284,1.0560946604712851e-15,0.0003623191634514771,2.5549175706300895e-10,343074515015.34076
687,46913.0,36.05994,1.5041954923563216e+16,1.522141196817192,1.2790479680006311e-06,634942245323280.4,5383504955.035,2.8957850057274284,2.3972907898767943e-15,0.000964876727758203,7.136907458422965e-10,402486311561.6406
688,24718.0,16.428106,1.1357297460928676e+16,0.19011769791497446,1.572260667160739e-07,131434703903623.73,3953948901.56,2.8957850057274284,1.4464802085633397e-15,0.0005149566247597128,3.832090957672439e-10,356006685546.82367
689,191060.0,0.431076,7182548617596830.0,2.1805453568816578e-05,1.3591768448037244e-11,363320459470.66266,5062780.7,2.8957850057274284,6.001713638859174e-17,6.359182845690657e-06,3.881418880147602e-12,105956119007.69447
690,35844.0,35.708252,1.4712216196895836e+16,9.670488332559241,7.45387693948301e-06,3984353954883321.5,7424889504.92,2.8957850057274284,2.4271157738651343e-15,0.0011467008964942593,8.663773151817219e-10,472454140359.4278
691,127053.0,8.882238,1.311290358906498e+16,0.012142482712999945,9.162436428840226e-09,17926023277855.926,390491855.93,2.8957850057274284,6.77366224777784e-16,0.00039345532085627977,2.9495737287968894e-10,580860554400.0312
692,38449.0,22.710743,3.2180446333486484e+16,0.8526678618023522,7.109847118039535e-07,1208204961282828.2,3510453813.49,2.8957850057274284,7.057311376184222e-16,0.0007437820663593267,5.446537123331783e-10,1053917032581.7167
693,35970.0,78.79434,3.64915817869351e+16,5.820595303671099,5.116428084688089e-06,2695659733587010.0,5700537982.13,2.8957850057274284,2.1592470411411526e-15,0.001238866349783705,1.002116748597206e-09,573749240443.0803
694,67090.0,8.445354,9154983452284426.0,3.693662585783364,2.956378488473597e-06,4004026338169933.5,2924232448.79,2.8957850057274284,9.224870852052329e-16,0.0005695362436872204,4.281220731507705e-10,617392105343.6875
695,78083.0,20.086351,3.5610842767005196e+16,0.2712560681023784,2.0583429786686607e-07,480906521587213.6,3254810200.26,2.8957850057274284,5.640515483281617e-16,0.0006655695167148232,5.302140733312093e-10,1179979948087.2961
696,100475.0,19.795437,3.202214891294625e+16,0.7410725019639547,6.426133542185015e-07,1198798188349133.5,2779943298.22,2.8957850057274284,6.181795311056372e-16,0.0006366690485283908,4.912984973342301e-10,1029909624134.0836
697,96583.0,7.0637455,7013387430267026.0,0.004160568834807086,2.6629769860175003e-09,4130907769652.3394,222133595.84,2.8957850057274284,1.0071802777521812e-15,0.00023283272675943593,1.5695810809475267e-10,231172841548.35776
698,64866.0,17.092596,1.0486089807243118e+16,0.017396198157687018,1.3157677048750431e-08,10672345861687.912,1532172379.49,2.8957850057274284,1.6300257116044849e-15,0.0005574857377695546,4.2138426633007915e-10,342010395173.9535
699,25737.0,110.83092,7.196229482729773e+16,436.7335177127621,0.00046406036158319315,2.8357020010849533e+17,30210478964.4,2.8957850057274284,1.5401248704753382e-15,0.001471999696594171,1.1621142605013812e-09,955766460767.4692
700,108667.0,12.404437,1.935451755763762e+16,0.02239977673745373,1.7483861947453757e-08,34950145028928.84,1729841101.91,2.8957850057274284,6.40906546136305e-16,0.000529036649473347,4.1298507274982044e-10,825450532004.4493
701,72865.0,6.7249413,7962634243287728.0,0.008084768324265799,5.8942018076154254e-09,9572730859055.498,461472175.72,2.8957850057274284,8.44562376536249e-16,0.00031826218029697444,2.4673993089954725e-10,376836796356.2896
702,54525.0,6.11905,5437718069144016.0,59.62003689990818,6.745141915025553e-05,5.2981582424340984e+16,5877544768.03,2.8957850057274284,1.1252973990546068e-15,0.0006085002503404274,5.15607127682888e-10,540746162615.8962
703,57087.0,38.9402,3.618341303191715e+16,0.8875554721951682,7.731093762611338e-07,824720629045973.9,6856974378.08,2.8957850057274284,1.0761892463171206e-15,0.0009503683392403009,7.533133006885734e-10,883086634151.57
704,34194.0,10.523528,4882006378793143.0,0.013294527076472046,9.937418046323538e-09,6167510172479.675,899218409.25,2.8957850057274284,2.155574405988685e-15,0.00040873359522836165,3.1227697881916273e-10,189617019989.10596
705,42370.0,59.71126,5.507399975734622e+16,8.122938820266192,6.86569192450176e-06,7492099992803342.0,5334883216.85,2.8957850057274284,1.0842005349726796e-15,0.0010731435200760434,8.591197156398001e-10,989801688396.2201
706,62575.0,86.03283,1.3493791109994293e+17,7.872656122395406,6.175941640863633e-06,1.2347841771149604e+16,4024641052.14,2.8957850057274284,6.375734535884363e-16,0.0009681864668831987,7.577889991748651e-10,1518548900419.211
707,92264.0,61.273743,7.950948013776045e+16,0.06122437719926028,4.6972430597120664e-08,79445422533944.73,2903013402.06,2.8957850057274284,7.706470083043598e-16,0.0009263893081562808,7.394583228121317e-10,1202092914361.139
708,57950.0,26.006567,2.295959978412977e+16,2.356558765267129,1.811663412457341e-06,2080460912750086.8,5156648295.32,2.8957850057274284,1.1327099446209149e-15,0.00089261797129753,6.68757443847552e-10,788037551481.2517
709,81666.0,10.190581,1.3954012454315876e+16,0.012601535177577738,9.170007132272782e-09,17255343813215.299,890703577.1,2.8957850057274284,7.30297542256251e-16,0.0004706003559302917,3.332017381101805e-10,644395371339.1586
710,64280.0,30.321005,2.1956032175321612e+16,2.90410893367822,2.426217686692854e-06,2102922023477715.8,4557174716.56,2.8957850057274284,1.3809874551960505e-15,0.0008987660542776401,6.85817242035572e-10,650814061268.969
711,61380.0,107.43173,9.284651361925346e+16,0.8148937794333795,6.755722716533445e-07,704261640303159.9,7279783181.12,2.8957850057274284,1.1570895428616506e-15,0.0010133595698992735,7.977174039814767e-10,875783189080.6722
712,123853.0,5.3236265,9875119379177312.0,0.007845430409816419,5.492757783739021e-09,14552967207215.818,208154558.43,2.8957850057274284,5.39094900586762e-16,0.0003390519601270202,2.1450852093278225e-10,628928153017.1943
713,13228.0,29.474607,1.0580988873876206e+16,3.2174453617666847,2.831252377204201e-06,1155019762440187.8,5462445072.66,2.8957850057274284,2.78561931699701e-15,0.0009101715515790297,6.700692089324601e-10,326739388266.5291
714,21833.0,38.68155,1.4700674051048588e+16,20.502726099149307,1.899129453883206e-05,7791929060276045.0,5652195642.25,2.8957850057274284,2.6312773050866245e-15,0.0009771140581362624,8.278547546590842e-10,371345907269.9655
715,117943.0,6.829538,8745296283087701.0,0.006572227805567003,4.539450114878988e-09,8415807833506.5625,328521205.13,2.8957850057274284,7.809384358089119e-16,0.00026711216747190533,1.9142509731010232e-10,342039980648.6988
716,123599.0,13.552015,3.2503259641513716e+16,0.015423424529277028,1.1788576689345189e-08,36991663013683.41,853506416.03,2.8957850057274284,4.1694325890598174e-16,0.00047169350339488087,3.6959694728849715e-10,1131313418119.6704
717,146028.0,0.4616988,5531030263111245.0,6.0004161497022214e-05,3.2936525944153194e-11,718834082203.9053,1821812.1,2.8957850057274284,8.347428562798914e-17,4.89107694591124e-05,2.684731837005166e-11,585938161568.5549
718,94068.0,5.194645,7612350883757607.0,0.006381820175000315,4.73731175127842e-09,9352064375745.748,326057775.6,2.8957850057274284,6.823969466625296e-16,0.00027661059050271524,2.075788637311888e-10,405351448091.26666
719,46975.0,18.997885,5728715665953756.0,0.9531497890891772,7.964003321970569e-07,287417474563915.3,4461990370.37,2.8957850057274284,3.316255528775157e-15,0.0006903424695550457,5.195973228812057e-10,208169263063.39862
720,95224.0,14.99595,1.3901854173457848e+16,0.022151954194950033,1.666548934860619e-08,20535760447008.24,1512702485.1,2.8957850057274284,1.0787014316860737e-15,0.00048050513219091354,3.6699741163127473e-10,445447756048.5442
721,130518.0,1.0320361,5404034755337484.0,0.000553495066081451,3.8096876100866077e-10,2898257700493.208,40043194.74,2.8957850057274284,1.9097510410729196e-16,7.00620493583903e-05,4.441250233077016e-11,366864831339.63184
722,89490.0,24.333033,3.5166103607661044e+16,0.27867696933998176,2.3736172355321612e-07,402744005520346.75,1799032387.11,2.8957850057274284,6.919456665281215e-16,0.0007521543634039177,5.608432275358046e-10,1087013619404.3918
723,87721.0,8.233745,6977559284854905.0,0.010365774000644859,7.956602202046134e-09,8784314139301.995,858793175.24,2.8957850057274284,1.1800322525201185e-15,0.00037274147151015503,2.8378950364432886e-10,315873969303.90265
724,123585.0,9.528122,1.602474051262003e+16,0.08325338071287429,6.447947054940074e-08,140018549586390.23,908557119.24,2.8957850057274284,5.945882239089162e-16,0.0004191890344834631,2.9098747181713305e-10,705007293497.4203
725,109479.0,23.334034,5.036038541612383e+16,0.26211470428205724,2.3401778356828968e-07,565705763987389.8,3273405481.02,2.8957850057274284,4.633410528373193e-16,0.0007107032837280514,5.758325994577717e-10,1533866423827.5078
726,100716.0,9.7433,1.2297227618630828e+16,0.011321599446710708,8.370048474301451e-09,14289233155416.176,764020313.93,2.8957850057274284,7.923167970997367e-16,0.0003563348549222028,2.747424624443681e-10,449737852619.7614
727,100758.0,22.20786,3.869689690723641e+16,0.03384752502307792,2.7116770178936455e-08,58978856422147.414,2245371337.51,2.8957850057274284,5.738925282106297e-16,0.0006375858836683459,4.967593377393023e-10,1110984813927.2854
728,30193.0,42.923767,2.073279797850971e+16,33.0066395294156,2.66269706841794e-05,1.5942682507638872e+16,6990501040.13,2.8957850057274284,2.0703316091003258e-15,0.000935505869127984,7.383729410911105e-10,451862815123.8599
729,116894.0,9.049288,1.2726384164748864e+16,0.010215978452710215,7.340145785092927e-09,14367148709156.664,970882284.48,2.8957850057274284,7.110651291720278e-16,0.00041912413173127454,2.9615001087278153e-10,589431424121.8767
730,19363.0,45.82241,1.085105640583686e+16,21.123761056664495,1.8130133650694777e-05,5002249395640397.0,12436216837.34,2.8957850057274284,4.222852438160012e-15,0.001067815779382242,8.013394183886801e-10,252865994021.68845
731,17178.0,29.35582,1.1559572180453144e+16,15.341068134449602,1.8723000790162857e-05,6040920826787322.0,5347129018.78,2.8957850057274284,2.539524780133276e-15,0.0007793902433125028,5.964357404740776e-10,306903972510.7939
732,94395.0,21.066378,2.3133105821193884e+16,0.08590403409173107,7.543040708440678e-08,94331693426912.86,3197301319.49,2.8957850057274284,9.106593019904657e-16,0.0005879361056252852,4.658821547228816e-10,645615878891.4899
733,27392.0,88.8874,2.008108401248625e+17,0.7057552363147735,5.384354512667516e-07,1594413853109558.2,8163961940.6,2.8957850057274284,4.426424387484787e-16,0.0014768895193599295,1.126612547882926e-09,3336529419853.3403
734,57767.0,20.35828,1.6380706080835832e+16,2.8087913527462205,2.376912327791819e-06,2260013399546971.5,6462725984.05,2.8957850057274284,1.2428206635010456e-15,0.0008160627190434323,6.35092846286258e-10,656621460367.8785
735,118617.0,2.5271223,4009900623930092.0,0.00048338461751958143,3.7072620997189384e-10,767008497922.7078,36612789.66,2.8957850057274284,6.302206805123202e-16,6.267531096143482e-05,4.92180035974707e-11,99449784653.97975
736,61107.0,42.46044,1.0731514129036008e+17,2.3860634089718387,2.0337079048878777e-06,6030571794865317.0,4441198627.08,2.8957850057274284,3.9566122254003073e-16,0.0009251514174109476,7.445107757308634e-10,2338241315314.508
737,70712.0,8.240753,9467537975426428.0,6.43682779237781,4.653559535662251e-06,7395065907886958.0,5894068132.07,2.8957850057274284,8.704219641251376e-16,0.000766734761372787,5.528328339429071e-10,880877083729.6521
738,48559.0,31.585983,1.6383962752924958e+16,0.5859403727975825,5.60443930244021e-07,303933084601183.9,4074469956.875,2.8957850057274284,1.927859790474749e-15,0.0008074445609439865,6.285105006959368e-10,418829504579.8676
739,2.0,12.65794,1.2416081755711246e+16,2.1979870814008917,1.7028498208224357e-06,2155989623957027.8,5464890542.91,2.8957850057274284,1.0194794339347438e-15,0.0007656013023853161,5.409383088175958e-10,750972777773.8788
740,26469.0,53.36187,3.869526172201128e+16,11.236316545657207,9.930906975750562e-06,8147994242435119.0,11841154856.37,2.8957850057274284,1.3790285328305668e-15,0.0011410098448677972,8.935889617960325e-10,827401186925.2501
741,121969.0,2.0657516,5269170772405471.0,0.0002814937118796666,1.8694066110623237e-10,718013937034.959,15069030.65,2.8957850057274284,3.920449135598897e-16,5.5496245292291245e-05,3.882777285129357e-11,141555835499.4791
742,18554.0,31.874012,1.5904838307768602e+16,72.74259162858671,6.856275439518647e-05,3.629788298820724e+16,36992598591.92,2.8957850057274284,2.004045019711478e-15,0.001164881741565485,8.759150919594024e-10,581265256073.5352
743,56178.0,20.946598,1.6894284391569314e+16,2.3334136439963564,1.8087000387791202e-06,1881993138209962.2,3760626079.02,2.8957850057274284,1.2398629923888872e-15,0.0008148503437444192,6.006330729665693e-10,657209989125.0232
744,17180.0,5.8247633,7065017736640303.0,0.005374273447872452,3.8486378201165194e-09,6518606040313.074,227125706.16,2.8957850057274284,8.24451334324591e-16,0.00025672251092428847,1.929823005964987e-10,311385888088.35065
745,25465.0,74.82743,3.1712420501151896e+16,2.7359610074124623,2.354882526826128e-06,1159520592138727.0,10816241022.13,2.8957850057274284,2.3595622414656756e-15,0.0012951316283494232,1.0585067351587433e-09,548886401718.7077
746,82927.0,10.986973,4.251674423060679e+16,3.8688403442207395,3.1594486949840723e-06,1.497141163305725e+16,3691708414.19,2.8957850057274284,2.584152008537554e-16,0.0006491835127323478,5.0734760687214e-10,2512172312571.2695
747,858.0,27.343681,3.4385697592767084e+16,0.061656806560239606,4.642243107117957e-08,77535731378527.16,1895271053.48,2.8957850057274284,7.952050682185855e-16,0.000618282668571312,4.825435946000099e-10,777513490899.1284
748,71969.0,27.172302,2.085630330585045e+16,0.046421052547660026,3.574188939387029e-08,35630825526332.63,2509009225.73,2.8957850057274284,1.3028340450139999e-15,0.0008285990477127969,6.257536591769253e-10,635997386531.2163
749,6275.0,9.581351,1.0445321538356966e+16,1.182893262195019,1.0043120661384173e-06,1289557231457543.5,2420567295.25,2.8957850057274284,9.172863625897659e-16,0.0005417234916798912,3.910690430098436e-10,590571836422.4324
750,83316.0,12.385325,9151951139852490.0,0.2559030193115739,2.2423028207773328e-07,189095718463605.3,2369810874.27,2.8957850057274284,1.3532988551553418e-15,0.0005292760703478459,4.092592551108567e-10,391100656245.7275
751,76853.0,9.681473,5270319805957910.0,0.013356985470550557,9.659719792411922e-09,7271164736330.373,634515298.77,2.8957850057274284,1.836980175103499e-15,0.0004082992245997879,3.0367343855539923e-10,222266538383.72726
752,10514.0,1.2021166,908787119082645.9,0.03050293607737485,2.329061007694895e-08,23059889033492.75,457962219.02,2.8957850057274284,1.3227702888366737e-15,0.000147950910124851,9.966356478231079e-11,111849284319.02429
753,78628.0,11.429687,5657538071882918.0,1.0160748729880964,8.206822634962662e-07,502943105774791.25,1865419147.87,2.8957850057274284,2.020258079535295e-15,0.0006423263318850276,4.781311927301384e-10,317942711573.15564
754,26470.0,21.887537,2.3169904139201347e+17,16.009313012044185,1.3488708057558373e-05,1.69472813603254e+17,8655138169.65,2.8957850057274284,9.446537572405532e-17,0.0007546891286562793,5.745627635047558e-10,7989055491197.29
755,55317.0,12.808542,2.105893499759455e+16,4.792060576558193,3.853312651622128e-06,7878780597063622.0,2209525254.83,2.8957850057274284,6.082236353102875e-16,0.0005274042168365341,4.165001718727316e-10,867122200155.0087
756,73303.0,18.901808,1.0170131652340508e+16,0.2546968906144194,2.3688058692309963e-07,137039848727191.33,1557359422.88,2.8957850057274284,1.8585607980453256e-15,0.0004895739829136649,4.034636618073566e-10,263415640439.93436
757,24936.0,133.54973,5.54740732691587e+16,35.31285779625635,3.6944575364623395e-05,1.4668304164545348e+16,17953830798.18,2.8957850057274284,2.4074260664440545e-15,0.0020896460974885542,1.5982517665862117e-09,868000112906.9419
758,15508.0,15.447661,2.1191027849770264e+16,9.837340732676406,8.648006313551838e-06,1.3494817204612732e+16,4695743760.53,2.8957850057274284,7.2897176623584455e-16,0.0006932788773699126,5.058078604817355e-10,951036664903.7211
759,72757.0,27.620827,6.091914487205426e+16,4.97456197979066,4.1663562845516716e-06,1.0971650556367492e+16,5915345750.41,2.8957850057274284,4.534014234443176e-16,0.000846096787325322,6.634292533665217e-10,1866109684653.9377
760,77619.0,5.8780584,3751569276924157.5,30.18318522597372,3.221061793884076e-05,1.9263896795151636e+16,2444804316.45,2.8957850057274284,1.5668265640610298e-15,0.000413447200784853,3.1482825483199276e-10,263875536877.06607
761,58836.0,24.1142,1.7247181610393786e+16,0.5445611874556753,4.0190981692553675e-07,389486099394536.25,2069004010.6299999,2.8957850057274284,1.398153074788051e-15,0.0006437606920887126,4.997713398583401e-10,460436488462.68256
762,12681.0,26.150595,9267780692684400.0,0.28341588319481525,2.2520965809833496e-07,100442695482569.56,8740638837.84,2.8957850057274284,2.821667437668458e-15,0.0008529830146347875,6.228276088283889e-10,302297500849.21655
763,63038.0,14.782186,7482759846469906.0,0.012990685971754722,9.376385292317169e-09,6575900436345.892,610806436.22,2.8957850057274284,1.975499187906411e-15,0.00035650792129260725,2.6679890592609785e-10,180464726827.05896
764,49243.0,26.559372,3.5774016243671976e+16,0.4456781870003099,3.9007481664903645e-07,600304054674160.4,2968937344.88,2.8957850057274284,7.424207508347083e-16,0.0007239768290010365,5.683588347216788e-10,975157049674.4128
765,143087.0,7.525007,1.018596619207593e+16,0.005627659513851935,4.413011750208031e-09,7617687205953.466,383253283.93,2.8957850057274284,7.387622203040497e-16,0.0003034229701566623,2.3476882933130126e-10,410718038656.313
766,86013.0,13.369149,1.602561345989454e+16,0.31679571944198126,2.4888032416094113e-07,379743373757476.25,2376114863.79,2.8957850057274284,8.3423633257206855e-16,0.0005764246061117928,4.285614305886444e-10,690960802839.3995
767,44137.0,52.752018,6.733606472760219e+16,9.761020117469721,8.05322967254202e-06,1.2459593155988238e+16,13993002374.03,2.8957850057274284,7.834140324861612e-16,0.0012591459212216926,9.566216324734214e-10,1607254745266.4312
768,181520.0,0.96473,4751635619215816.0,3.53336800163046e-05,2.5498052880577224e-11,174030840259.3959,3161597.1,2.8957850057274284,2.0303114070838912e-16,7.897870222027587e-06,5.893126703979457e-12,38899797314.20212
769,77029.0,118.74773,1.4787200590818163e+17,0.1097868231513269,8.662303087588948e-08,136713331376300.86,5156235477.96,2.8957850057274284,8.03044019526821e-16,0.0013159447705375271,1.025148237305744e-09,1638695686088.1965
770,43524.0,20.367088,1.1030399205380398e+16,6.315225868229836,5.4018661456968254e-06,3420197447898302.0,6449651580.83,2.8957850057274284,1.8464506697151413e-15,0.0008731088825160148,6.300449767374402e-10,472857952197.9391
771,126232.0,0.4483503,5486119688690634.0,0.00010374428252339985,8.652407210512066e-11,1269439433721.1497,6408094.2,2.8957850057274284,8.17244838686717e-17,1.7389030356841358e-05,1.5045305234326473e-11,212776264023.70312
772,36566.0,66.83632,2.937626840512399e+16,8.754633189987034,8.50066550487978e-06,3847884718630020.0,11455650307.55,2.8957850057274284,2.2751807369904746e-15,0.0014482978964474905,1.0756747427367882e-09,636563888266.4089
773,12852.0,19.624714,2.368824001825286e+16,2.266230108728089,1.96909651986357e-06,2735479495504609.5,5597313291.59,2.8957850057274284,8.284580865812855e-16,0.0008491480266383959,6.624290228684639e-10,1024974033559.7296
774,51739.0,47.55707,3.5455435169571064e+16,15.531042570590682,1.3358455218877238e-05,1.1578927654235768e+16,15551997436.24,2.8957850057274284,1.3413195966302772e-15,0.0012877818210067094,9.572570340694272e-10,960085742608.9443
775,68259.0,37.094666,3.621265680608271e+16,2.5471288160029846,2.8079057020202424e-06,2486565094151269.0,3268679052.78,2.8957850057274284,1.024356379004181e-15,0.0008156384400243672,6.494172515183053e-10,796244799897.9446
776,23145.0,34.929573,3.837633212877414e+16,0.7313936028970024,5.679116399232281e-07,803565615349380.6,4680196584.33,2.8957850057274284,9.101852903188264e-16,0.0009599731474121768,7.539393058503545e-10,1054700792929.6576
777,54639.0,32.943226,2.0127847377869732e+16,0.02924419000567014,2.1670699522414548e-08,17867788452884.12,2920158568.19,2.8957850057274284,1.6366989167565226e-15,0.0007217095731094618,5.507106873868485e-10,440954390401.67957
778,38151.0,3.9646385,2377250558302338.0,0.03353862136295485,2.5363530436146586e-08,20110208373291.824,1666691957.13,2.8957850057274284,1.667741116372378e-15,0.0007085417810525749,5.566458092809148e-10,424851179896.41846
779,3016.0,1.9468503,2036499551126404.2,0.009287722822047985,6.569707788083837e-09,9715407167200.879,1292525721.58,2.8957850057274284,9.55978752326845e-16,0.0003079489060491231,2.3177510748386493e-10,322129446182.3318
780,14012.0,52.666363,1.8598330047360084e+16,8.64874284198089,7.3889035948050606e-06,3054172809880637.5,9579166817.89,2.8957850057274284,2.8317791364002413e-15,0.0011325635859887793,8.830887877955584e-10,399947711822.0789
781,6925.0,9.978935,8630330048920653.0,3.7044379956749403,3.0988085225213353e-06,3203801061780323.5,2725237478.63,2.8957850057274284,1.1562634271731021e-15,0.0004886012329476384,3.6813626707076414e-10,422569132141.62463
782,14575.0,17.220356,1.5053585169125738e+16,4.350315012836944,3.608351082532026e-06,3802931690742472.0,4198394396.75,2.8957850057274284,1.1439371954608006e-15,0.0007503035342597417,5.77029686793032e-10,655895740812.5055
783,63247.0,6.8607306,5815172463295162.0,4.576424366011892,4.095690161682274e-06,3878988770319210.0,2264003489.12,2.8957850057274284,1.1797983023382893e-15,0.00046167072353041675,3.4474681772940635e-10,391313263136.09125
784,41151.0,93.37691,5.430475627396576e+16,39.74122975445213,4.402432753059298e-05,2.3112114074488e+16,13321442281.85,2.8957850057274284,1.7194978194712165e-15,0.0013871727492832287,1.0949595330210078e-09,806731322119.2772
785,95823.0,23.886309,3.667649396642331e+16,0.12559677226753363,1.1325018054484462e-07,192848935357590.84,3035487918.89,2.8957850057274284,6.512702392400838e-16,0.0006478046486363553,5.075527159867134e-10,994678721067.0455
786,49196.0,127.24181,8.403380516803394e+16,0.1656769486567987,1.237161653880665e-07,109417371729149.27,3859459487.09,2.8957850057274284,1.5141740844124264e-15,0.0021359564408404623,1.6268094710359046e-09,1410641261681.1611
787,60366.0,14.47998,1.9518638557109172e+16,4.369161592995707,3.958787627152596e-06,5889516831603810.0,5491311432.0,2.8957850057274284,7.418539954840258e-16,0.0007631985820772691,5.569930240787793e-10,1028771950711.5641
788,31914.0,17.855785,7860763918923027.0,6.481052605755585,5.3002994832394205e-06,2853194327774756.0,5182658123.76,2.8957850057274284,2.271507602081294e-15,0.000813729571200463,6.042303686188794e-10,358233259028.0016
789,46372.0,66.87909,4.250693134858917e+16,1.786482201583918,1.7045817231568496e-06,1135450202719624.8,7446016749.7,2.8957850057274284,1.5733690454279233e-15,0.0015961505691277666,1.2493192382456646e-09,1014479453352.6921
790,87473.0,1.9332843,3845907053454193.0,0.0017227776392941508,1.3163401598477168e-09,3427143475222.21,83575666.23,2.8957850057274284,5.026861734122318e-16,0.00019113634329342944,1.381975677034706e-10,380229959372.0604
791,69173.0,73.28573,7.0310121767049624e+16,0.9295005985316,8.050017420252514e-07,891760241254365.8,11773295010.46,2.8957850057274284,1.042321192997064e-15,0.0014844633762969176,1.1373429989519713e-09,1424189958210.9897
792,8913.0,29.871262,2.379207275338296e+16,0.34256643486922944,3.0652664661171305e-07,272849722294147.88,2988808386.89,2.8957850057274284,1.2555132253347977e-15,0.000671746412775151,5.483051102350404e-10,535037305239.076
793,39383.0,104.660385,1.183605230349121e+17,13.076935351828023,1.0891889393043137e-05,1.4788717889162142e+16,9514358614.48,2.8957850057274284,8.84250781564466e-16,0.001134121999341911,8.888291242059016e-10,1282579583741.344
794,11.0,104.35879,6.32326113306887e+17,4.2337176977068545,3.5767587861360716e-06,2.5652752936571588e+16,10091207850.88,2.8957850057274284,1.6503950699463128e-16,0.0012589243582492471,9.70976540317189e-10,7628018170765.62
795,118943.0,1.9118072,4624747152720576.0,0.0015758209916859718,1.0879964487023107e-09,3811981482493.1157,53938066.4,2.8957850057274284,4.1338631861751645e-16,0.000162946560186764,1.223231953227536e-10,394175019462.919
796,45283.0,9.829469,1.0442565370025032e+16,0.0119487080796761,8.881751881176673e-09,12693988374078.39,959530950.98,2.8957850057274284,9.412887208937277e-16,0.0003957751523104288,2.976350334465479e-10,420460952655.0485
797,236721.0,0.75915414,4928038436770143.0,0.000453114543054192,2.7643530314835227e-10,2941386691812.809,8055910.8,2.8957850057274284,1.540479340290115e-16,7.108954270873186e-05,4.259159118598839e-11,461476767973.68616
798,27845.0,2.9787323,2677714957707296.5,7.471560597457348,5.888941961081533e-06,6716518154124829.0,10183078126.61,2.8957850057274284,1.112415752627546e-15,0.0006841950190579192,5.259857970505074e-10,615053335447.5054
799,123733.0,17.140923,4.500725452846474e+16,0.12887757331676575,1.2814677699174233e-07,338396348042550.06,2269133890.07,2.8957850057274284,3.8084800282939413e-16,0.0005094207043848433,3.9429378769795425e-10,1337595840335.928
800,31344.0,21.479656,1.2305364101993246e+16,11.772634724790509,1.0391037527408597e-05,6744361116784937.0,7508011252.14,2.8957850057274284,1.7455522503816593e-15,0.0007616072500893241,5.428487724757167e-10,436313063629.46234
801,40229.0,63.271954,2.807781678326668e+16,11.341884266615962,9.579609250523845e-06,5033120178571662.0,9908647426.18,2.8957850057274284,2.2534499205688847e-15,0.0014275174622005095,1.1612822581915415e-09,633480890420.7341
802,107105.0,6.3221374,6556190188608740.0,0.0036212235363812456,2.6261547736218347e-09,3755285391295.319,89925909.7,2.8957850057274284,9.643004882598734e-16,0.00018673020518461555,1.4947903189136414e-10,193643171872.2648
803,85935.0,19.77104,2.187241779275284e+16,0.5432577005550665,4.74143106203206e-07,600998197144441.1,3219003181.17,2.8957850057274284,9.039256742137988e-16,0.0006656967155673811,5.193570827643628e-10,736450722175.1163
804,66696.0,39.31286,3.2553519777646516e+16,0.27387352882390076,2.217552977453109e-07,226784500978628.78,4356415188.19,2.8957850057274284,1.2076377690806544e-15,0.0008849132792925733,7.125702044318855e-10,732763831961.1654
805,20233.0,17.139036,8249699816476651.0,0.024247273055369285,1.8159957069997368e-08,11671177076408.453,2518737323.23,2.8957850057274284,2.077534502015357e-15,0.0006460213505123087,4.875739232863517e-10,310955774686.5921
806,121592.0,3.505517,7320908547089245.0,0.0014737938778272542,9.250795657211446e-10,3077865603513.9316,92548028.06,2.8957850057274284,4.788363326016107e-16,0.00017574653479035507,1.0800975113820795e-10,367028403704.22614
807,30409.0,26.636822,1.588731587145147e+16,22.74194657272129,2.0323567795863168e-05,1.3564249095950574e+16,8876629005.87,2.8957850057274284,1.6766093288209073e-15,0.0010603782789821827,8.56455898895732e-10,632454001510.2412
808,85365.0,19.932518,3.0919277872142376e+16,0.3282849389475461,3.037884296626238e-07,509234871808894.06,3639835340.28,2.8957850057274284,6.446631154331966e-16,0.0006013458063407695,4.762517512242204e-10,932806285864.0222
809,94444.0,10.007184,1.012571037791976e+16,0.15756144987148993,1.2286174973011855e-07,159427628004424.56,1733532143.3,2.8957850057274284,9.88294512335824e-16,0.000553198478475444,4.1529221224039175e-10,559750632600.3623
810,56834.0,75.57646,3.1064355582119644e+16,0.14970174948007758,1.2320465387129214e-07,61532233411230.484,4678787563.12,2.8957850057274284,2.432899655690946e-15,0.0009414142317616418,7.117793357728486e-10,386951524926.0369
811,29295.0,99.90486,4.804214760128253e+16,46.84539719170948,3.608137178018015e-05,2.2526967019670644e+16,19014408792.24,2.8957850057274284,2.0795252707922855e-15,0.001438566072595549,1.1255156442761818e-09,691776191807.2122
812,68626.0,41.05415,8.571552157374186e+16,21.59151266167762,2.1214459507966695e-05,4.508016289124847e+16,8369150034.76,2.8957850057274284,4.789581775417505e-16,0.0011064699543946398,9.820480620281238e-10,2310159855863.8022
813,83268.0,1.9251528,6405110300342675.0,0.0007466489803908839,4.725337627473992e-10,2484150387980.635,17241344.2,2.8957850057274284,3.005651284251895e-16,9.952072047662569e-05,6.340346468301853e-11,331111998913.7274
814,53181.0,43.70638,6.009406618971522e+16,0.49853469981861975,4.447509759895402e-07,685460046079541.2,5284623203.49,2.8957850057274284,7.272994285662121e-16,0.0009911906352522977,7.903898740067577e-10,1362837087891.4575
815,45000.0,30.658281,1.8735933249375584e+16,8.11692238669322,6.782263843709008e-06,4960425407655652.0,7127965278.38,2.8957850057274284,1.6363359429144932e-15,0.0009810325822499062,7.233464061231995e-10,599530057686.4308
816,152309.0,1.0324674,4598389242006591.0,0.00023830899046146212,1.9578469379079427e-10,1061377335508.5485,7753225.2299999995,2.8957850057274284,2.2452805660041603e-16,4.3949463328305e-05,3.743152190208877e-11,195741521098.72028
817,106561.0,20.640722,5.154526152473749e+16,0.03855125744063435,3.411897448985605e-08,96272535761344.95,3054578279.62,2.8957850057274284,4.0043878698906492e-16,0.0006132594997968137,5.115486940357903e-10,1531468778057.108
818,36200.0,20.720615,1.5243528900932394e+16,9.857119786676272,8.216122806130891e-06,7251584489560388.0,10669269427.24,2.8957850057274284,1.3593056525600572e-15,0.0010645237299993062,7.788992856144567e-10,783137867479.9362
819,11058.0,25.227415,2.6575074718157772e+16,0.117901491130931,9.335357760496406e-08,124199841172260.69,4326846359.76,2.8957850057274284,9.492885821601486e-16,0.0008810442496772525,7.051638416809367e-10,928110024954.0524
820,7890.0,0.15277019,42830414139596.55,0.03943510498702015,4.105861792614073e-08,11055965029778.01,1417395376.81,2.8957850057274284,3.566862311956133e-15,0.000374582108436463,2.875427429055522e-10,105017260459.10509
821,111798.0,1.1239727,5206007143352514.0,0.0005465960743989132,6.782976513177142e-10,2531719024714.021,40415730.0,2.8957850057274284,2.158991851240901e-16,9.605180989849586e-05,9.985387807722884e-11,444891951969.5694
822,38448.0,37.57959,1.9340672575672344e+16,1.485516488321664,1.1603696191004104e-06,764534365765882.2,4175311051.68,2.8957850057274284,1.9430342896797433e-15,0.0009044616556155114,6.662325176178547e-10,465489291887.16864
823,69609.0,35.391205,5.9606948965971496e+16,36.8426972709009,3.5839353220700634e-05,6.205159660416556e+16,7742010936.41,2.8957850057274284,5.937429379283309e-16,0.0009910023373871136,7.885005120900176e-10,1669076420251.6458
824,88677.0,17.602842,2.669202062210629e+16,0.16152558775068657,1.3605757835259617e-07,244928876782463.0,2051334659.245,2.8957850057274284,6.594795594238885e-16,0.0005644926592011483,4.441547951269525e-10,855966877418.1276
825,63393.0,14.929344,2.1324099646256824e+16,5.482989938848701,4.672988066953659e-06,7831544628848616.0,4605050457.05,2.8957850057274284,7.001160305786067e-16,0.0006413616132319879,4.76602850072966e-10,916079028646.0637
826,68712.0,23.231842,2.9581834491975164e+16,1.8621926704106437,1.6412887371319177e-06,2371188447659764.5,5530279065.82,2.8957850057274284,7.853414907821973e-16,0.0006516381676093019,5.071111334145125e-10,829751356903.6989
827,59485.0,54.547226,7.549987468498814e+16,0.512057305802914,4.527975569673505e-07,708748459906149.1,5321020823.7,2.8957850057274284,7.224810137445934e-16,0.000992217327506392,8.219324395225664e-10,1373347269520.2947
828,53137.0,36.72677,3.9533539334839e+16,4.202011282800856,3.4931480065463976e-06,4523141521403731.0,9191181751.94,2.8957850057274284,9.2900283197347e-16,0.0011131397199070716,8.602072501088529e-10,1198209178267.4565
829,44834.0,205.3418,1.162620715035411e+17,1.9339329446073874,1.6299833216461242e-06,1094969705578688.2,8685425006.32,2.8957850057274284,1.7661976717294746e-15,0.001585612019934253,1.209310754021366e-09,897754563554.3779
830,98332.0,15.771561,2.7277390034853e+16,0.09129459277352847,7.596715571484619e-08,157896749418564.72,1562572075.32,2.8957850057274284,5.781917177504257e-16,0.0004776669830255545,3.444646050758791e-10,826139441920.7811
831,17956.0,16.490467,3.985025473806285e+16,0.04667374660535516,3.9556033106954004e-08,112790055721478.31,1833050144.55,2.8957850057274284,4.138108302793151e-16,0.0005419326269051756,4.2084309475956103e-10,1309614411346.7996
832,52431.0,33.217407,1.9152108778737876e+16,1.88520373661165,1.673063054687788e-06,1086948991342684.5,4867988021.27,2.8957850057274284,1.7343994535409604e-15,0.0008295685982483132,6.69248811824253e-10,478303078656.22363
833,105695.0,3.4029312,7727639295152715.0,0.002023971271546071,1.5386539594130317e-09,4596190463756.548,129681011.64,2.8957850057274284,4.4035844195452325e-16,0.00015548410535165384,1.1239023432083723e-10,353085328991.40155
834,38364.0,71.318794,2.652163133538425e+16,3.965685799575348,3.2723463528664914e-06,1474736894293331.5,8061936346.82,2.8957850057274284,2.6890802114743564e-15,0.0013920095596311273,1.0587716759609237e-09,517652673092.97656
835,52118.0,20.041674,1.2071761087656644e+16,0.009951961661027285,7.330146531071574e-09,5994394656127.026,655154550.5,2.8957850057274284,1.6602112860312137e-15,0.00046218101400479275,3.4976912253257287e-10,278386864306.6815
836,89569.0,16.490387,1.954765952073869e+16,0.01993585189510475,1.539256914310346e-08,23631904157336.082,1199387779.57,2.8957850057274284,8.435990499274279e-16,0.000515284503865583,4.0508228709231837e-10,610816837584.0529
837,46725.0,15.767955,3.178291279969468e+16,0.2540053598939969,2.471644625137044e-07,511989678063259.8,2095319183.11,2.8957850057274284,4.961142202218632e-16,0.0005586844704297246,4.5249539998196257e-10,1126120654594.1777
838,56886.0,35.57662,4.7932459905476984e+16,108.3136685784074,0.00013282381088261972,1.459312485657613e+17,9834540713.5,2.8957850057274284,7.422239557526829e-16,0.0010909133828124371,9.484707230461369e-10,1469790047002.931
839,157443.0,1.01655,5086034384790819.0,0.0002106043989879655,1.2497173778034058e-10,1053702439467.805,2966550.2,2.8957850057274284,1.9987084692936248e-16,7.411505948434288e-05,4.2289947575887025e-11,370814756744.07043
840,64680.0,17.017395,9588505121989766.0,0.18826819353847196,1.731769869499291e-07,106080310062227.44,2043463368.92,2.8957850057274284,1.7747703926207657e-15,0.0005814807216302213,4.0997127226299095e-10,327637154669.659
841,42770.0,44.13287,5.791692825903538e+16,4.306075957089786,3.4670765648571456e-06,5650996463287483.0,10848463408.99,2.8957850057274284,7.620029467483889e-16,0.0010840470615102742,7.889229043221528e-10,1422628437509.4724
842,15320.0,1.116745,573947953620240.1,0.05154135882850109,3.798489690012154e-08,26489536489014.676,8232429801.05,2.8957850057274284,1.9457252054929503e-15,0.0009306367710785826,6.884415596046905e-10,478298152509.5705
843,38061.0,38.383076,2.9889886631776948e+16,1.9459872230098725,1.7580669037748054e-06,1515390206940463.2,5981947628.26,2.8957850057274284,1.2841492667019237e-15,0.0010277054250860311,7.885796422094101e-10,800300597239.3564
844,22875.0,88.37773,3.38307147129708e+16,59.08780965271807,5.928906464324264e-05,2.2618626110621164e+16,17419567679.29,2.8957850057274284,2.6123518450562237e-15,0.0014764343801932961,1.1105209982472176e-09,565174397540.4354
845,104415.0,9.155627,1.1281233258581752e+16,0.009548115604139333,6.959538438293576e-09,11764843555793.615,559433288.64,2.8957850057274284,8.115803290420593e-16,0.0003438635663914084,2.531109871327285e-10,423696280067.9069
846,68471.0,24.893896,1.4309231115003444e+16,0.08448475181602826,6.370232983727981e-08,48562580940695.47,3338428252.22,2.8957850057274284,1.739708849478179e-15,0.0007056733154685088,5.557204214743595e-10,405627249456.23724
847,17179.0,26.177135,2.136943725162874e+16,5.633750123234325,4.701823174305618e-06,4599054470621464.0,6622605242.89,2.8957850057274284,1.224980082150026e-15,0.0007891374909590167,5.958794360876849e-10,644204344591.4325
848,91294.0,20.531942,3.916662919721356e+16,0.02255382860451059,1.7285731092579232e-08,43023569905388.14,2293913863.49,2.8957850057274284,5.242202972488811e-16,0.0006083012698742631,4.760613177937966e-10,1160392440099.4023
849,125809.0,8.458278,1.2296659145653314e+16,0.018930251419098897,1.9565955833414987e-08,27520832164913.363,964962410.74,2.8957850057274284,6.878517083227338e-16,0.0003932312190185492,3.073062059137939e-10,571680224473.6865
850,128530.0,5.7839737,1.1248120372572792e+16,0.005431414629115882,3.946352670180306e-09,10562497118831.686,179096931.67,2.8957850057274284,5.142169098850981e-16,0.00025436435003750856,1.9310496165416276e-10,494663526515.1944
851,27393.0,31.875175,4.931640614943402e+16,0.04145049856330529,3.2058805790558385e-08,64131087036996.49,3707725829.45,2.8957850057274284,6.463401834962343e-16,0.0008184852030054685,6.415727255106051e-10,1266338104770.2368
852,62370.0,20.414547,2.1511465528710496e+16,0.13501210149251955,1.3795586117341874e-07,142266598774643.25,3388720669.14,2.8957850057274284,9.490077267284982e-16,0.0005592919902469589,4.769118883756597e-10,589343979500.5662
853,45535.0,26.90798,2.010986012609674e+16,2.449659356115935,2.1132147265677812e-06,1830769422605325.8,4293283505.03,2.8957850057274284,1.3380490879238529e-15,0.0009584823042345293,7.124352348948593e-10,716328207152.4984
854,60719.0,62.085987,5.550260205185201e+16,0.15412099106443256,1.2225656977762398e-07,137778530200159.97,7579567863.67,2.8957850057274284,1.1186139875387756e-15,0.0011277418367382488,8.721986519654419e-10,1008159963402.1713
855,21552.0,74.87609,2.3043593306310636e+16,79.22312083936328,8.624215076174168e-05,2.438141971728211e+16,13957118212.16,2.8957850057274284,3.2493235323457436e-15,0.001309999960265973,1.0179906470002559e-09,403160826315.21185
856,3.0,17.966827,2.9988877676795524e+16,150.77835359914764,0.00015141171819948025,2.516678989781257e+17,24415478956.4,2.8957850057274284,5.991163521902048e-16,0.0010503887052402234,8.189101206639528e-10,1753229905009.7546
857,85581.0,12.08533,8265357692493060.0,0.015702544267437293,1.2010691998186081e-08,10739230542531.781,1655398344.26,2.8957850057274284,1.4621666054424236e-15,0.0004872903575246684,3.679315952709164e-10,333265960056.0523
858,17181.0,5.1002626,5945866263915909.0,0.007378595494228971,5.41988160255074e-09,8601937873594.582,516704057.36,2.8957850057274284,8.577829324807248e-16,0.00032478926367240994,2.1870907804633487e-10,378638057921.14923
859,56179.0,10.370158,2.5159053919062956e+16,0.01113461797385262,8.820915204563039e-09,27013711263832.777,509091446.92,2.8957850057274284,4.1218394115140215e-16,0.0004355209681201401,3.450628615259498e-10,1056617991723.6655
860,26258.0,81.03368,3.7849041215765544e+16,24.662030536527112,2.0979558371664657e-05,1.1519089472938698e+16,22185923956.36,2.8957850057274284,2.1409704816048666e-15,0.001832335511903072,1.3616558242210835e-09,855843425982.0143
861,33486.0,12.879307,9485305732082952.0,10.620641968103524,1.1196476218442538e-05,7821852226866951.0,3646520083.81,2.8957850057274284,1.3578167498004024e-15,0.0007073903547498562,4.998738214394275e-10,520976306157.5443
862,59160.0,66.43653,3.97499353474363e+16,0.151213454082334,1.2737120727955236e-07,90473193338594.06,6203572005.2,2.8957850057274284,1.6713619637191402e-15,0.001194329272612686,9.637901400246672e-10,714584451805.4283
863,83794.0,22.324013,4.2350962238090536e+16,0.727650865614398,6.590992352099897e-07,1380428972700798.0,2467369084.96,2.8957850057274284,5.271193810071626e-16,0.0006738389084904928,5.776948303997748e-10,1278342122809.0579
864,39601.0,0.83074045,535595204557580.94,17.917314255865953,2.1329810789926258e-05,1.155165562720942e+16,3495713035.9,2.8957850057274284,1.5510602838317394e-15,0.00027716867613657175,1.912935885801671e-10,178696262824.71384
865,123481.0,2.1670802,1.1482325545393398e+16,0.0033533149199246578,2.3654867863911043e-09,17767618183581.63,158757968.22,2.8957850057274284,1.8873182017291023e-16,0.0002230563761627329,1.4862562514285314e-10,1181869469379.2258
866,35147.0,11.142888,1.7050571548309586e+16,12.211918147094948,1.1120346838325914e-05,1.868637503214092e+16,4937587662.75,2.8957850057274284,6.535199109559889e-16,0.000784411883740442,7.275906003305616e-10,1200287658555.009
867,6274.0,95.57379,1.6558022472784212e+16,454.9997600992728,0.0003937480788601848,7.882805791038718e+16,75471909226.68,2.8957850057274284,5.772053405356285e-15,0.0019203331031895157,1.4517513535965483e-09,332694964569.71564
868,46620.0,108.07532,3.145832726142645e+17,8.18700680802185,7.005175348145909e-06,2.383055997042412e+16,20390908667.12,2.8957850057274284,3.4355075240290897e-16,0.0015148568361175313,1.1772171044684562e-09,4409412075281.79
869,152408.0,5.8396797,1.4067469565259606e+16,0.006591101662343373,5.03223554310219e-09,15877604046767.736,158920839.54,2.8957850057274284,4.151194124081428e-16,0.000269907347367791,2.0530887336879814e-10,650192063536.6958
870,79698.0,22.47659,4.391991943361311e+16,0.035710468542422026,2.8952723576276333e-08,69779308218895.78,2609041710.67,2.8957850057274284,5.117630061679497e-16,0.0006053434308162018,4.774696094398048e-10,1182858908362.6357
871,42942.0,27.657972,3.658589662362582e+16,9.799901869219164,8.617105374833407e-06,1.2963285837042928e+16,12954353872.95,2.8957850057274284,7.559736005523915e-16,0.0008792636369453182,6.649294921823762e-10,1163087753729.5461
872,103103.0,11.738509,1.6212410260680076e+16,0.017413695340794125,1.218505475842978e-08,24050581979316.754,562807933.02,2.8957850057274284,7.240446553754799e-16,0.0004126680700724169,3.072089376343167e-10,569948368527.6466
873,33985.0,35.26722,1.5548363338001786e+16,153.06998406554843,0.00015814482308832177,6.748441551087074e+16,12156821830.21,2.8957850057274284,2.268227158919249e-15,0.0009777610064156382,7.466365069636048e-10,431068379800.86426
874,28014.0,5.8086324,9519998024021958.0,0.0058246100050386,4.619260562592114e-09,9546184354628.121,224764311.43,2.8957850057274284,6.101505888281687e-16,0.0002638017448662307,2.0145765399186674e-10,432355142642.5368
875,86074.0,6.2337713,6723905174391313.0,0.005825361812807663,3.792716511505587e-09,6283384255023.762,191990265.87,2.8957850057274284,9.271057723630549e-16,0.0003052843059024586,2.0109620762958208e-10,329287461045.9325
876,23559.0,123.87622,7.341821224093374e+16,13.785967695777565,1.0868942362896052e-05,8170584331966648.0,20797811922.34,2.8957850057274284,1.6872682706231001e-15,0.0016998491126399287,1.2443810512534807e-09,1007456337700.3364
877,50914.0,25.340504,1.303108571643537e+16,0.8805337126975908,6.884279479233681e-07,452805133093382.1,4434180128.95,2.8957850057274284,1.944619546784153e-15,0.0007186905264976451,5.310256506522066e-10,369578989209.5626
878,124817.0,1.1840928,3916848529895695.0,0.0005439030836267271,3.4837069138687074e-10,1799171478374.9055,69867836.1,2.8957850057274284,3.023075288621212e-16,6.547224897190692e-05,4.0698351759029903e-11,216574986466.07645
879,48794.0,43.506145,4.1234680044135304e+16,6.921573158375144,6.200365107714743e-06,6560196371976283.0,7687946609.45,2.8957850057274284,1.0550862757618937e-15,0.0010227772014129101,8.082509785873587e-10,969377789199.6057
880,29394.0,8.8634615,7565833882959884.0,14.908733357767757,1.3730653869477435e-05,1.2726066445960596e+16,3782705455.39,2.8957850057274284,1.1715115130881596e-15,0.0005942526739628876,5.101538586054034e-10,507252952552.22
881,36387.0,10.455863,7721940453562808.0,0.4543841036638457,3.9496178435286556e-07,335575073194601.56,7298711155.4,2.8957850057274284,1.3540460539521248e-15,0.0006911961052400631,5.175201208084057e-10,510467205471.06433
882,107419.0,13.903955,1.6944596094402116e+16,0.015365501291089403,1.138927130669567e-08,18725766385573.33,2417480117.04,2.8957850057274284,8.205539348673743e-16,0.0005269845222860998,4.0397485510611747e-10,642230205588.2238
883,47669.0,34.785164,3.1918360394458068e+16,3.040340764401215,2.5147156634638653e-06,2789772451270320.5,12926486596.22,2.8957850057274284,1.0898167565662204e-15,0.0010621129763057453,7.980719105875049e-10,974579414297.3505
884,98650.0,18.953604,2.6132994759919372e+16,0.1875948446372108,1.6296985926539295e-07,258653451443436.22,2439500240.98,2.8957850057274284,7.252748555657108e-16,0.0005681920540313781,4.2984503515493044e-10,783416176186.3248
885,95994.0,19.517561,3.670111294373488e+16,0.2602677223809014,2.1562038844716132e-07,489411308857192.6,2239002320.69,2.8957850057274284,5.317975242309859e-16,0.0006071072749848936,4.801706240840954e-10,1141613579083.1494
886,70541.0,30.103788,1.5530457117726016e+16,0.04016032648350665,3.078344816555484e-08,20718596220714.03,1875592545.81,2.8957850057274284,1.9383710197197226e-15,0.0007655825659653718,5.929823724091439e-10,394961830411.6364
887,27922.0,31.494095,1.919691099619309e+16,72.87227511242294,7.243107427940713e-05,4.441856733534587e+16,6531676735.51,2.8957850057274284,1.6405813938630829e-15,0.0011417492161168797,9.210392459922779e-10,695941829151.4319
888,60062.0,56.727543,1.4587008516895734e+17,2.755266411330054,2.429752643838004e-06,7084934845210596.0,7937942786.05,2.8957850057274284,3.8889086089374685e-16,0.0010570434056365458,8.547523873463919e-10,2718097831374.2173
889,86168.0,27.503042,3.2456957452096404e+16,0.04522436239413083,3.446682491633564e-08,53370285586026.914,2925052101.51,2.8957850057274284,8.473696907848512e-16,0.0007387464771224955,5.44437729317043e-10,871811306394.796
890,66308.0,53.187557,9.933732671441378e+16,0.8669273289607333,8.025040780439502e-07,1619142674942307.2,5536549420.8,2.8957850057274284,5.354236796900084e-16,0.001136437743445688,9.119632521075974e-10,2122501836496.3718
891,50316.0,30.701355,2.48693355246203e+16,3.8275708815093954,3.3182234456046575e-06,3100486753647317.5,5262936468.53,2.8957850057274284,1.234506445482071e-15,0.0010474057843810434,8.026435356794625e-10,848440920024.5485
892,58752.0,61.78352,6.7705398760348856e+16,7.28082580042403,6.122452309262503e-06,7978684512024324.0,8698889738.17,2.8957850057274284,9.125346151300278e-16,0.0011891173736669751,9.35503031216791e-10,1303092895273.3884
893,14574.0,113.63737,3.795612279258657e+16,6.890515760106524,5.816534594648388e-06,2301507526044083.5,12596630979.72,2.8957850057274284,2.9939140681196023e-15,0.001971439905232321,1.591236924752219e-09,658482461545.9087
894,42195.0,75.24123,2.386326189803289e+16,0.8229936301741434,7.10500675280854e-07,261017962322763.78,6133345978.57,2.8957850057274284,3.1530153053469333e-15,0.0013270493251352014,1.0148306914710618e-09,420882614456.31744
895,6924.0,52.14139,1.4457088046289394e+16,0.03304417005014025,2.4871773161193486e-08,9162058699076.426,6383242757.76,2.8957850057274284,3.606631559069933e-15,0.0007373238451568123,5.616766253477192e-10,204435588465.52963
896,3017.0,31.262487,9930352865765772.0,12.114892981145694,1.0402768090697012e-05,3848227501342608.5,9602458061.09,2.8957850057274284,3.1481748355363418e-15,0.0012225194763899572,9.352625776124261e-10,388326424120.4957
897,14013.0,22.084335,1.1638402087232756e+16,0.02508497370040809,2.0322170873377888e-08,13219732913533.883,2877260107.26,2.8957850057274284,1.8975401291751517e-15,0.0005729431423895478,4.51636380395642e-10,301939934539.6729
898,35224.0,0.6807669,805718487939865.5,0.011056975511078268,1.0711699359851456e-08,13086431772717.07,876889900.67,2.8957850057274284,8.449190507476709e-16,0.00023105914800188805,1.8448676999054226e-10,273468976462.80225
899,53084.0,51.67865,8.456202556282475e+16,27.721791030107727,2.5344317554307367e-05,4.536130107375591e+16,11209517702.08,2.8957850057274284,6.111330665986201e-16,0.001247831976096366,1.0786230644126768e-09,2041833512693.7537
900,40836.0,21.117613,1.3635365517500282e+16,0.5628185592688456,4.868753008693349e-07,363404555981947.7,3985322679.28,2.8957850057274284,1.5487383138278648e-15,0.0008787473915495828,6.74406104809709e-10,567395656001.8645
901,56379.0,13.137689,3.0119516410069772e+16,2.01473093183723,1.4732564218959507e-06,4618979895425034.0,3283082384.0,2.8957850057274284,4.3618525679939913e-16,0.000611026786581901,4.244980590144004e-10,1400842364699.436
902,156259.0,1.3679172,3789941609341290.5,0.0012612778562941529,9.995082070857328e-10,3494487406481.909,90439672.19,2.8957850057274284,3.6093358183366583e-16,9.678533193094038e-05,7.777158426660338e-11,268152748323.49445
903,45282.0,14.798571,6839166074112558.0,1.1492170254857084,1.1525039654010532e-06,531111152049370.4,2994476487.74,2.8957850057274284,2.1637975799440207e-15,0.0005776959422882034,4.741752239688196e-10,266982432942.34064
904,93253.0,16.246962,2.0139691435828576e+16,0.01570271494919623,1.1627444449779544e-08,19465044220672.438,980503633.99,2.8957850057274284,8.067135512859249e-16,0.000438855008063945,3.200248288391795e-10,544003515701.9457
905,8912.0,34.570362,1.4219413716493966e+16,4.176848322544763,3.7025587737249846e-06,1718013086739092.0,5921756444.92,2.8957850057274284,2.431208676339428e-15,0.00097983150332942,7.620371852348409e-10,403022378484.0685
906,177724.0,0.6561264,4575249795580452.0,1.941447335490983e-06,1.3055178440120953e-12,13537950195.016287,1487109.0,2.8957850057274284,1.434077764745867e-16,2.222538833573393e-06,1.49453660328422e-12,15498035658.946634
907,30109.0,9.211319,7200349400866792.0,0.0182728979009291,1.4697406155887846e-08,14283649220383.629,2487184599.35,2.8957850057274284,1.2792877799640005e-15,0.00037824843331455,3.006075516524511e-10,295671106406.718
908,67517.0,29.799938,2.799025118963828e+16,0.48726976328316296,4.086191098079762e-07,457678907634348.56,3588994049.93,2.8957850057274284,1.0646541825616646e-15,0.0007533809295196485,5.787283964234244e-10,707629709120.1376
909,22721.0,31.68417,1.524416617873011e+16,9.824503251922948,8.109456105901235e-06,4726851301321378.0,5365245276.58,2.8957850057274284,2.0784455921379492e-15,0.000808244097598234,6.087009040484892e-10,388869499714.37585
910,32598.0,36.996674,4.11235215407704e+16,357.1420004610588,0.0003749647848246658,3.969799217376725e+17,18995124764.53,2.8957850057274284,8.996475159191075e-16,0.0011573594292312267,1.059371067682108e-09,1286458761628.2502
911,47810.0,28.71865,3.1960054667969532e+16,1.4284246541222068,1.1058477208526252e-06,1589647495088425.0,5359546212.81,2.8957850057274284,8.985795017673083e-16,0.0008448914262269912,6.384010057011663e-10,940252281033.8712
912,74414.0,42.07559,6.042114774262354e+16,0.6226031840665589,5.235339147044403e-07,894067058109307.4,4210962090.0,2.8957850057274284,6.963719090413465e-16,0.0008982189216896028,7.274454085634262e-10,1289855190922.5159
913,73049.0,8.93453,1.6384332048076728e+16,1.8699881774891762,1.4542245399824421e-06,3429224282190613.0,2776950508.43,2.8957850057274284,5.453093829997653e-16,0.000616678378652581,4.402413022271987e-10,1130877989408.8977
914,90797.0,22.391762,2.2718164174115716e+16,0.2160726294873988,2.2221465669044192e-07,219222295691942.53,3839832324.73,2.8957850057274284,9.856325462033765e-16,0.0007256157917193323,5.89957762680905e-10,736193010787.2148
915,56455.0,28.83867,1.608472978773871e+16,2.0999717853131985,2.077512656570021e-06,1171256466703840.5,4733614854.0,2.8957850057274284,1.792922254869556e-15,0.0009279786873127673,7.152803528814801e-10,517578877049.6814
916,37781.0,25.419498,4.65887642606952e+16,1.6945539027635963,1.4147058886384885e-06,3105772281690779.5,4326210957.76,2.8957850057274284,5.456143429295733e-16,0.0007967932635007494,6.2174724797101e-10,1460359819763.0183
917,73637.0,17.287075,4.021465467741664e+16,1.4581104471343946,1.2373485542512445e-06,3391979737060390.0,3526559768.84,2.8957850057274284,4.298700346594773e-16,0.0007388821418739011,5.598848841093672e-10,1718850076300.872
918,53555.0,11.6544895,6217318120107309.0,1.1722228100051368,9.822179456373157e-07,625345461716538.0,2642659891.19,2.8957850057274284,1.8745203759653925e-15,0.0005940440195453966,4.41004163846052e-10,316904541109.3274
919,116912.0,5.917579,7187699361919134.0,0.010749266724154419,9.141321500389306e-09,13056437028437.355,389213032.27,2.8957850057274284,8.232925032106506e-16,0.0002952126486087786,2.197175842355076e-10,358575655016.3125
920,60865.0,10.043658,9716757257041040.0,0.04453946470031688,3.507033280444107e-08,43089795257019.625,1649845353.55,2.8957850057274284,1.0336429875020373e-15,0.0005039752803844896,3.588539408764386e-10,487571904882.1935
921,97354.0,22.57109,3.961969394180698e+16,0.5243757761584861,4.887230295825044e-07,920452125346923.9,3815556115.37,2.8957850057274284,5.696936991273128e-16,0.0006723949203532966,5.283228078413011e-10,1180274455173.5557
922,29617.0,24.298855,1.5550104775711668e+16,10.075213303524945,8.935641960700003e-06,6447654529707552.0,6633431914.58,2.8957850057274284,1.5626168022966221e-15,0.001128136332563303,8.269892691296679e-10,721953284327.4493
923,62811.0,15.431842,3.926000861245655e+16,5.884018731000015,5.338257358007719e-06,1.4969478436528592e+16,5170700136.66,2.8957850057274284,3.930677181538807e-16,0.0006903373587269333,5.141792036137405e-10,1756280983768.4905
924,67712.0,27.306759,4.55103674285491e+16,4.028431098186503,3.363817377580269e-06,6713919416034005.0,5282547941.85,2.8957850057274284,6.000118334107362e-16,0.0008363721009845675,6.478252928527533e-10,1393926010142.5894
925,36287.0,42.991207,4.463409469524848e+16,0.12238789127481332,1.0526009696131161e-07,127064883958987.06,5057265607.18,2.8957850057274284,9.631920910132548e-16,0.0010137657963288607,7.974151709664548e-10,1052506354430.7177
