,id,sfr,sfrd,snr,snr_solar,snrd,mass,z,halo_volume,snr_err,snr_solar_err,snrd_err
0,2588,0.66091335,499527324509599.3,0.011978889545834578,8.981351510333035e-09,9053808105747.533,337152373.05,1.4955121664955557,1.3230774725863856e-15,0.00030941754736168813,2.3061024161010696e-10,233862002620.928
1,237092,9.20766,9205842174599006.0,0.022812977240906612,1.7743187712321488e-08,22808473381131.074,849295422.25,1.4955121664955557,1.0001974643239062e-15,0.0004445623145755293,3.6406956797617593e-10,444474546709.6698
2,133191,34.23071,2.120410366634712e+16,0.12170149392535572,9.488674887674449e-08,75387600594394.81,4801134407.87,1.4955121664955557,1.6143436449203612e-15,0.0010880115395128574,8.810362598304374e-10,673965263180.7097
3,119470,38.861725,3.242057303978377e+16,0.16926561620144231,1.3577051405019924e-07,141210619785479.6,8241515862.64,1.4955121664955557,1.1986748337949547e-15,0.0012480197658893586,1.0491186833659316e-09,1041166236833.5371
4,137020,0.29821426,959748244232329.2,6.711793734735468e-05,5.855044430061939e-11,216006848651.76846,4453769.84,1.4955121664955557,3.107213394680724e-16,3.7774664848370254e-05,3.294178506396667e-11,121570874124.82567
5,216341,13.320032,1.8720076890914108e+16,0.06422618614238207,4.893183551794465e-08,90263983074181.4,2869983708.35,1.4955121664955557,7.115372483574012e-16,0.000703122163938379,5.531312249568389e-10,988173374706.0345
6,174585,10.229747,1.350162660764228e+16,0.017476222213083304,1.3631760318362978e-08,23065812559512.43,376666668.75,1.4955121664955557,7.576677460632551e-16,0.00035791179917222626,2.857039630149774e-10,472386215503.94653
7,98286,14.865337,5690016460810942.0,0.04140579352895336,3.187567456152774e-08,15848927390794.018,1091072002.9,1.4955121664955557,2.612529700464415e-15,0.0005660658611969038,4.5086287370798893e-10,216673464457.18008
8,201441,2.961854,2420427901379497.5,0.010570062809298899,8.029223530436644e-09,8637858227637.422,321227433.1,1.4955121664955557,1.2236902401893163e-15,0.0002903911496256913,2.3066791961019357e-10,237307727142.42218
9,122080,36.899982,6403020929808919.0,0.07368892890967074,5.920159042655929e-08,12786774641348.693,2216199782.58,1.4955121664955557,5.762901980878139e-15,0.0008177892819990063,7.006593418102064e-10,141905811466.60303
10,171702,17.090012,1.012529331515056e+16,0.10134020332946843,7.757663464772496e-08,60040875531735.44,1848816831.58,1.4955121664955557,1.6878535236532927e-15,0.0006498522496648693,5.187590070109863e-10,385016970109.04694
11,56687,18.911127,2.5498330950867184e+16,0.06171568974956233,5.036161070712307e-08,83212760513711.42,2871938193.96,1.4955121664955557,7.416613674220446e-16,0.0007759057118595918,6.487868246641856e-10,1046172479708.061
12,34596,26.814112,1.7137574100548548e+16,0.11476146176433205,9.357029357095802e-08,73346939658994.1,3370338612.51,1.4955121664955557,1.5646387197323174e-15,0.000915175908611853,7.636538527160813e-10,584911965343.9382
13,175167,13.40013,6299667446394227.0,0.2778724112048498,2.132403069572258e-07,130633343342061.8,2387715857.41,1.4955121664955557,2.1271170445147707e-15,0.0007448047836732639,5.90553978014674e-10,350147532122.8342
14,186167,5.2763753,4561120792460946.0,0.03331085893275844,2.6302068223693743e-08,28795307887393.445,1771604289.98,1.4955121664955557,1.1568155153271307e-15,0.0005697905269277668,4.5854796836483876e-10,492550903215.22723
15,114331,6.4730964,2152880493700297.2,0.023478979478441374,1.8058166590917443e-08,7808849707711.137,1391191281.17,1.4955121664955557,3.0067142226154245e-15,0.00047571201051319257,3.780311425254789e-10,158216569747.48636
16,90790,43.491653,4.7216100338442216e+16,0.12773341844758035,9.859279207685362e-08,138671986139344.47,4976796931.49,1.4955121664955557,9.211191243718648e-16,0.0010895650906673497,8.737649231658706e-10,1182870990123.403
17,257626,8.559743,5275869404028913.0,0.07844299950341935,6.443670527329199e-08,48349000786629.38,311231221.85,1.4955121664955557,1.6224326920342947e-15,0.00027260851801554775,2.2929653947021108e-10,168024546937.43646
18,118923,14.623912,6271011128097158.0,0.05019510500823832,4.071636086454056e-08,21524614076087.7,1185380515.07,1.4955121664955557,2.331986293961083e-15,0.0004746129221955342,4.056772656457319e-10,203523032457.17734
19,1,48.18594,9236163951998836.0,0.2401804024748293,1.9636271772709118e-07,46037196230157.39,7197339059.42,1.4955121664955557,5.217094483210412e-15,0.0013183605681173038,1.102147231565593e-09,252700151848.89505
20,156826,4.2355227,2817338362491256.5,0.03630205695379244,2.878832363107108e-08,24147002610389.016,1357803145.18,1.4955121664955557,1.503377356582296e-15,0.0005713307289499633,4.744241773633916e-10,380031484742.32605
21,104116,19.733786,1.4977932807548736e+16,0.08030817143154602,6.213140304235557e-08,60953858301635.65,2339671492.19,1.4955121664955557,1.3175240037166115e-15,0.0006650750007035546,5.301631709128307e-10,504791562679.26843
22,23709,8.4327755,1878872129243486.0,0.019922349576473142,1.476935395504954e-08,4438817014431.506,836563675.89,1.4955121664955557,4.488211501330532e-15,0.00040210319488561796,3.0789539993212386e-10,89590963965.5828
23,72548,18.154755,5406790282236596.0,0.01652063822308217,1.2752906467645444e-08,4920122921014.75,597375833.34,1.4955121664955557,3.3577694070445857e-15,0.0003831104005958588,3.120315853066061e-10,114096697585.0381
24,134719,25.081194,2.2261197973633268e+16,0.10707635423688316,8.326805287780866e-08,95037258591522.45,4803088755.16,1.4955121664955557,1.1266776401569587e-15,0.0010036033116938698,8.185127816489195e-10,890763494298.2064
25,70015,1.5908184,1563268879906885.8,0.0014007386475805535,1.06370263260549e-09,1376480896025.3025,95578790.26,1.4955121664955557,1.0176230208681408e-15,9.547602958977017e-05,7.558868760638346e-11,93822592091.43967
26,190307,4.5044346,4652186572264326.0,0.013570446256411073,1.0570721804787547e-08,14015576528452.713,573439765.46,1.4955121664955557,9.682403166835135e-16,0.0003555454350849194,2.986563327527843e-10,367207839787.9147
27,89696,37.440002,1.4441537622134198e+16,0.09559329168892859,7.356773565339663e-08,36872704182796.54,3914424207.37,1.4955121664955557,2.5925218615652537e-15,0.0008809172799513731,7.043606518817251e-10,339791649594.6202
28,188384,35.74856,2.212488980517605e+16,0.11802826574399228,9.179855244701647e-08,73048043710903.72,3879783504.69,1.4955121664955557,1.6157621716894037e-15,0.0009835306534426568,7.963287179843533e-10,608710038318.5106
29,154598,158.03004,1.782092193994854e+17,0.6665024884350667,5.262561763034136e-07,751609555954220.9,14377997749.77,1.4955121664955557,8.867669166192215e-16,0.0019289732640815473,1.5928866436218938e-09,2175287810054.6575
30,19986,2.3464658,361234742590181.5,0.019621745153254294,1.554264570687145e-08,3020736999280.346,553345293.11,1.4955121664955557,6.495681404216566e-15,0.00041030108941641103,3.3105746016517587e-10,63165211451.11439
31,42672,0.78892237,407891323544687.9,0.00034311478041769823,2.626059702414103e-10,177398369262.00974,15935447.19,1.4955121664955557,1.93414844705214e-15,4.9194885499556937e-05,3.382198018443004e-11,25434906805.904934
32,123486,7.315142,4738767932064724.0,0.018006666522666564,1.4711569329993593e-08,11664765206334.441,826550173.75,1.4955121664955557,1.5436801516491917e-15,0.00042424515238051214,3.6109367563357343e-10,274827108405.37112
33,211766,9.172139,5091675768253366.0,0.009864356230734166,7.862457811717369e-09,5475942262698.839,246444068.33,1.4955121664955557,1.8013988748435928e-15,0.00024137203252192358,2.0424373605494878e-10,133991441813.7298
34,53960,9.097345,1.6920907712529108e+16,0.018010060372849964,1.4719875291639512e-08,33498407443718.117,1141738426.45,1.4955121664955557,5.376393013043774e-16,0.0004594940492202351,3.8861801983913014e-10,854651153859.9344
35,136896,37.426575,2.370054643895889e+16,0.14714639309276437,1.205051224580464e-07,93181113228243.88,5169935015.86,1.4955121664955557,1.5791439702199568e-15,0.00123869736351932,1.0492181061736718e-09,784410659749.2714
36,94410,2.7272427,1234011857508413.8,0.005317608088734671,4.21587963560264e-09,2406090017247.5435,149083439.34,1.4955121664955557,2.2100619887936572e-15,0.0002075850850420593,1.697993613748536e-10,93927268146.61328
37,56304,6.98138,1830447948114647.8,0.007858588338234633,6.090985283027151e-09,2060443193007.5835,220822594.4,1.4955121664955557,3.814028149334039e-15,0.0002682567190923357,2.146861894519766e-10,70334226332.11964
38,37357,1.2462175,2634121271998873.0,9.933663766613311e-05,7.282007471976383e-11,209967160921.11188,4779156.7,1.4955121664955557,4.73105590561638e-16,9.683475366792154e-06,7.17413531205082e-12,20467894609.52386
39,117968,23.161488,9395017484661512.0,0.06415609083103968,5.0553021280630274e-08,26023699129570.17,3081550785.37,1.4955121664955557,2.4652948265198965e-15,0.0008021614798594607,6.706350075079702e-10,325381561357.439
40,98948,0.3483813,309203547546092.94,0.0006839929175611512,5.545494593853699e-10,607073446842.0385,8701792.16,1.4955121664955557,1.1267053782688792e-15,7.455353696580036e-05,5.948206024668079e-11,66169504826.849915
41,64752,11.613381,3876118668030638.5,0.03385891893933405,2.613636809027305e-08,11300859567088.072,801424963.37,1.4955121664955557,2.996136598134772e-15,0.0005455153780273368,4.3303554964521853e-10,182072932978.73813
42,140612,71.87937,5.7012050399735384e+16,0.29154096274967495,2.322054570790503e-07,231239478891813.4,9152874888.88,1.4955121664955557,1.260775037838906e-15,0.0015027056855105106,1.239785059430834e-09,1191890416934.5688
43,121212,23.982584,1.7228492352158322e+16,0.14586144249362193,1.1349969492104164e-07,104783235471046.25,2391444898.95,1.4955121664955557,1.3920303361306917e-15,0.0006848964077495529,5.31128665893705e-10,492012558902.4886
44,71527,25.024347,3.9002598456700424e+16,0.16647650261398775,1.358899609414352e-07,259467956703493.72,6575540182.08,1.4955121664955557,6.416071746548199e-16,0.000987600721389024,8.251299289163635e-10,1539260719645.7024
45,35345,2.799003,977873510929295.0,0.002737177221126991,2.0793668240500656e-09,956273751496.2085,58396601.55,1.4955121664955557,2.862336456317387e-15,0.00014654587533691226,1.1464724332015549e-10,51197990723.09432
46,135455,22.945612,9577962155735574.0,0.1323694397368912,1.083495414873328e-07,55253679194778.7,2288552669.58,1.4955121664955557,2.3956674318513017e-15,0.0007470599043667188,6.298725270537846e-10,311837901385.7582
47,91916,0.8862592,1122685353635322.0,0.002589481836271402,1.8583658248036906e-09,3280274361142.431,282873651.15,1.4955121664955557,7.894101380500244e-16,0.00016091496616682519,1.316071505670342e-10,203842031424.01004
48,115779,18.565226,7350424888019206.0,0.06086141666307518,4.646598593794684e-08,24096516345148.434,2206961508.05,1.4955121664955557,2.525735081010121e-15,0.0007486193660572623,6.047908108172596e-10,296396629910.159
49,25782,6.5565414,2.186541686590835e+16,0.05533611402531456,4.1658610365569306e-08,184540465328708.3,1597475911.1,1.4955121664955557,2.9985897091322724e-16,0.0004937125569169147,3.921764155421807e-10,1646482529481.4492
50,176239,9.71626,6885377715231265.0,0.026701113592877464,2.18231835393249e-08,18921606925324.88,701484948.05,1.4955121664955557,1.4111440797948515e-15,0.00045108834046788304,3.801057913893123e-10,319661434240.975
51,78465,42.97678,4.612635121464742e+16,0.15950399461085923,1.233374987823177e-07,171193311261563.2,7602018424.48,1.4955121664955557,9.317186135102904e-16,0.0011718647302053323,9.279987676924476e-10,1257745324836.0908
52,97367,18.889591,8478218334684154.0,0.35364884524252926,2.7246463629624837e-07,158728271235469.88,2476531754.98,1.4955121664955557,2.228014218827464e-15,0.000695456537692944,5.844282760280205e-10,312141875853.44116
53,174154,26.853128,3.018470161240735e+16,0.42920420190715547,3.4098324845238135e-07,482454065141272.4,7729116010.02,1.4955121664955557,8.896270814538079e-16,0.0012113625526682232,1.0287056469499952e-09,1361652065142.4443
54,31173,50.33503,7710705616484645.0,0.1592449689402914,1.258001306531808e-07,24394364648333.926,5140848178.89,1.4955121664955557,6.527940827151956e-15,0.0011912103681282595,9.895723717932853e-10,182478732523.67807
55,57449,1.3267411,623702506622020.2,0.002466366198880703,2.258422174701165e-09,1159441567378.6833,105269031.62,1.4955121664955557,2.127201808416074e-15,0.0001452360728313314,1.2154919648211776e-10,68275643738.51062
56,76833,19.419975,8127159987249280.0,0.15194150720890381,1.151502760404487e-07,63586741887698.16,2907407121.24,1.4955121664955557,2.3895155294676177e-15,0.000734700097896909,6.033237405949302e-10,307468224766.298
57,139943,11.559553,7377357499749544.0,0.017260755342524792,1.3199036679353287e-08,11015889877187.924,441067202.49,1.4955121664955557,1.5668961413883546e-15,0.0003799313329081954,2.9965078802347157e-10,242473845504.24365
58,111735,151.93858,7.969628158770008e+16,0.5492810682208228,4.315282412969892e-07,288114175370859.6,16017309461.88,1.4955121664955557,1.9064701259970634e-15,0.0021741370319176456,1.780103804203647e-09,1140399213326.5637
59,128581,55.985283,2.5884231369852796e+16,0.2588367817762377,2.016830526243982e-07,119670577471658.64,5886958336.26,1.4955121664955557,2.162910777609789e-15,0.001194651970726675,9.51596366985243e-10,552335298845.2316
60,129530,22.512247,4.327008572475043e+16,0.07423446533222482,5.890800253423667e-08,142683743593270.9,2816119063.01,1.4955121664955557,5.202727617228413e-16,0.0008233347737745937,6.741382310277451e-10,1582506012900.2083
61,136044,0.12824929,94349064695921.11,0.027291078016329573,2.1652805225075172e-08,20077208110735.816,801484778.14,1.4955121664955557,1.3593064267604175e-15,0.000481336345634279,3.8378657958029946e-10,354104369815.58997
62,9192,0.50585175,228486707717298.88,0.0017162388362845808,1.3298050283650866e-09,775202935166.7404,51213358.89,1.4955121664955557,2.2139220047140698e-15,0.00012699682987733297,1.1188476129647718e-10,57362829226.55838
63,211053,0.20008889,148168860989808.84,0.008484048890157895,6.565848663952039e-09,6282567016272.354,342026252.64,1.4955121664955557,1.3504112042392109e-15,0.00028406889191776486,2.2208546880894247e-10,210357327476.26486
64,120812,4.358216,2263443499107368.5,0.010626839960796244,8.207844049179555e-09,5519059134590.545,258212898.44,1.4955121664955557,1.9254803584532787e-15,0.00027649275096277903,2.233567334332729e-10,143596765217.00964
65,34593,0.6723583,174512470418395.06,0.007509746943259732,5.320410919995072e-09,1949175746451.3293,196644040.86,1.4955121664955557,3.852780826424699e-15,0.00025363577826726166,1.8911713379244092e-10,65831873053.26954
66,140270,27.415403,2.199040571911236e+16,0.14407674088004302,1.1201441858837397e-07,115566639185992.17,4053718308.8,1.4955121664955557,1.2466983715617695e-15,0.0009165048443882818,7.604887248447636e-10,735145617652.6113
67,22358,12.194993,2744747427894963.0,0.014740444015539804,1.1387152113726464e-08,3317656336308.0713,897100936.55,1.4955121664955557,4.443029211380933e-15,0.0003811502315885759,3.1033291116259386e-10,85786118761.55347
68,92954,0.8988548,1183931128139148.2,0.0005753745511323895,3.5671671153945137e-10,757857488689.7484,15825026.7,1.4955121664955557,7.592120678613975e-16,5.808200240585221e-05,3.7689901372688806e-11,76503002078.8022
69,176410,16.138386,1.233553863451557e+16,0.08949599595089802,6.968675871364083e-08,68407170065628.09,4917125674.4,1.4955121664955557,1.3082838518979494e-15,0.0009100377179041759,7.492032524481378e-10,695596537849.1593
70,57450,34.0309,2.9717941622985024e+16,0.11599249185956788,9.15026675409615e-08,101292005259549.52,4542343825.24,1.4955121664955557,1.1451297815888826e-15,0.0009325970540974064,7.677623790459995e-10,814402934140.2821
71,119591,7.6960807,3041809491333299.0,0.021314797255972354,1.6099759056794606e-08,8424489701499.838,938304895.95,1.4955121664955557,2.5300995088376232e-15,0.00043929023042999383,3.53426203833667e-10,173625673178.29025
72,57904,0.9166256,712507335386984.0,0.005740603542152049,4.497253370668376e-09,4462260418356.0205,257245450.73,1.4955121664955557,1.2864788255157448e-15,0.00020849040460116532,1.7189215661179133e-10,162062834199.84177
73,167182,46.316536,4.934403403043177e+16,0.22394196630060464,1.7189431900957598e-07,238580018289339.25,10680030970.62,1.4955121664955557,9.38645104926674e-16,0.0013426667197091585,1.0691713412513023e-09,1430430641636.4321
74,174081,17.402136,7460048115012708.0,0.08840197333095125,6.88040635805814e-08,37896668231472.65,2001665414.34,1.4955121664955557,2.332710959997656e-15,0.0006668662611235347,5.511889877450076e-10,285876078330.85535
75,36606,1.8991997,1274870351674940.8,0.0008525732132529871,6.473562724377076e-10,572304382845.2953,28587624.1,1.4955121664955557,1.4897198742639262e-15,6.01823408662858e-05,7.002631380772903e-11,40398427856.124306
76,72857,41.584362,1.8380244443043096e+16,0.1788734854723637,1.4368430602408136e-07,79061893203054.62,3692153912.7,1.4955121664955557,2.262448800877599e-15,0.0009677197293476859,8.10255660082023e-10,427731106654.1305
77,176476,10.973423,1.4833572442150524e+16,0.1377739753523782,1.1359559449459787e-07,186239083650795.47,1825261423.81,1.4955121664955557,7.397694009851823e-16,0.0005509746191012599,4.657043705241801e-10,744792388503.098
78,98056,16.252398,5021859535533411.0,0.06644776574015526,5.31073999184012e-08,20531822196151.547,2739814272.62,1.4955121664955557,3.2363306629749662e-15,0.0006938790682566481,5.713179716607674e-10,214403020122.42664
79,186587,1.4359548,680979424961247.9,0.00838688782677595,6.31613262337731e-09,3977352246388.519,256777839.37,1.4955121664955557,2.1086610657608564e-15,0.0002520874105474489,1.8991726997464884e-10,119548567875.93298
80,4,0.289505,848039883661158.2,0.0009985554618945165,7.011219849387932e-10,2925043981051.242,14843311.14,1.4955121664955557,3.413813496013287e-16,7.936464614469958e-05,5.008126371342848e-11,232480908044.28256
81,152876,21.605616,9524476198913564.0,0.058281242583176164,4.5614840645795346e-08,25692315730621.566,1976898523.33,1.4955121664955557,2.2684308878281944e-15,0.0007107575451713037,5.782836329447563e-10,313325633584.4492
82,151957,10.590649,9973082247912186.0,0.05406715500541647,4.339901027103189e-08,50914366416981.19,1925099647.54,1.4955121664955557,1.061923358971305e-15,0.0006577779747455236,5.510182984660514e-10,619421325643.2358
83,271049,33.655346,3.611451635511793e+16,0.04127427533214889,3.342097627970174e-08,44290155018121.984,692006225.13,1.4955121664955557,9.319063190287074e-16,0.0005638475436304486,4.677349148061871e-10,605047451784.7747
84,79467,5.750484,2675215393597885.5,0.0061031612445434655,4.6247849971704105e-09,2839286381983.2744,268693469.44,1.4955121664955557,2.1495405617662056e-15,0.00023667762974065678,1.8141215264919606e-10,110106147309.07272
85,133459,0.37507084,236554130523573.34,0.0019624420106456927,1.4879149233673841e-09,1237696227014.675,50502606.64,1.4955121664955557,1.585560307781745e-15,0.00012695487117199742,9.936243921248702e-11,80069405464.37604
86,283467,11.425158,1.1442096064226148e+16,0.02503661901406886,2.0670547632321876e-08,25073736387926.26,902643438.84,1.4955121664955557,9.985196712096217e-16,0.0004893004110580067,4.313650093299477e-10,490025810373.13043
87,58379,1.9844317,1083639666543928.9,0.006363939204982919,5.3247305629056155e-09,3475159642931.287,265963691.63,1.4955121664955557,1.831265282424538e-15,0.00021901673877570765,1.8981309722949977e-10,119598586222.16457
88,71189,0.88395804,3074760887648657.0,0.002389873500682161,1.876756671945041e-09,8312939340792.108,1110446497.05,1.4955121664955557,2.874883843979113e-16,0.0001552478430902527,1.3205400472606777e-10,540014315414.4792
89,4966,5.1679807,969978226063665.5,0.012557345337106274,9.766107837770699e-09,2356887972541.226,381386892.58,1.4955121664955557,5.327934752692886e-15,0.00029558606430445106,2.4057522416895236e-10,55478544318.70692
90,165295,11.444931,6125823640975057.0,0.09932896576647417,6.993480051152542e-08,53165172138291.58,1247905163.87,1.4955121664955557,1.868308928034744e-15,0.0005054603930261097,4.013833741012286e-10,270544333135.4192
91,178568,41.43358,3.012796251984107e+16,0.05469310260227471,4.362259560706651e-08,39769475514670.82,1903543006.18,1.4955121664955557,1.3752533040597585e-15,0.0006732355371862351,5.521901484055769e-10,489535662411.3089
92,60549,3.6820977,1873086889929477.2,0.002271288381978529,1.5985333405486282e-09,1155406737722.662,57467983.58,1.4955121664955557,1.965791186621691e-15,0.0001562140708604849,1.0624182757742333e-10,79466258636.01845
93,85352,2.0785365,523863114076182.2,0.016888878143193103,1.2984378841593396e-08,4256581636813.3584,373409561.94,1.4955121664955557,3.967709205229004e-15,0.0003732609820774102,2.8185775390875084e-10,94074682082.42009
94,136712,2.3844001,1389239326937024.5,0.008281570256988516,6.340572564935603e-09,4825147880928.376,225144944.85999998,1.4955121664955557,1.7163350142535139e-15,0.000277347269869737,2.2424398839644817e-10,161592735431.2956
95,104914,36.431026,3.796403079488023e+16,0.13275969432610174,1.0541545411701862e-07,138346175694173.77,6737848829.99,1.4955121664955557,9.59619546112923e-16,0.001159282872907377,9.682150364364962e-10,1208065089548.4768
96,11143,5.1140823,1266673173494446.2,0.015323299343665393,1.1723177364243626e-08,3795326525747.544,587699427.71,1.4955121664955557,4.037412654671985e-15,0.0003531978091167751,2.732146651078942e-10,87481226054.03343
97,31176,16.372597,1.3958952959655564e+16,0.07548418289532727,5.7698457943965765e-08,64356324059885.586,2385125894.95,1.4955121664955557,1.172910106318174e-15,0.0007283330301001168,6.197518221531638e-10,620962362057.2186
98,62343,8.699639,3503040156091901.5,0.019326808864379482,1.4490995722452919e-08,7782229531712.092,556919886.69,1.4955121664955557,2.483453974934042e-15,0.00042013266685280186,3.364746512433139e-10,169172721175.1368
99,166161,18.777971,1.3626850627953608e+16,0.06698377997411012,5.329090968941625e-08,48608977200087.74,3591024938.46,1.4955121664955557,1.3780125366223343e-15,0.0008635155487182047,7.327020542962707e-10,626638383736.8995
100,182785,4.675988,3021923236143159.0,0.0047137776220284285,3.654476646313801e-09,3046345312695.275,154845521.42,1.4955121664955557,1.547354990382847e-15,0.0002177262016486941,1.7573694019144366e-10,140708630535.27502
101,215983,20.72887,1.594624987835615e+16,0.06114494144772635,4.94380516387007e-08,47037417626860.516,2165547306.0,1.4955121664955557,1.2999213080271182e-15,0.0007240911858752612,5.905703700597483e-10,557026938018.4325
102,122637,65.902245,3.964094591172045e+16,0.16169086694349796,1.3308150395261002e-07,97258885655964.98,5685658419.36,1.4955121664955557,1.6624791231461255e-15,0.0011755872636939838,1.0117453368149293e-09,707129038390.1285
103,116810,18.051708,1.4865667853566396e+16,0.32817490150837175,2.477446563641962e-07,270253600584516.44,2365669248.69,1.4955121664955557,1.2143220323377027e-15,0.0007065903539187893,5.81789204586875e-10,581880535065.7483
104,110237,0.84258974,804584057016194.2,0.0003730955013597044,2.4648689817218633e-10,356266730874.8407,13926244.54,1.4955121664955557,1.0472364355872897e-15,7.505351907117824e-05,5.2287910830889816e-11,71668170167.40662
105,203884,11.051979,9875478740618424.0,0.04586413850253687,3.589057575689932e-08,40981830017825.94,1697100046.43,1.4955121664955557,1.1191334911737048e-15,0.0005675744053365799,4.768151565683749e-10,507155231983.3887
106,119471,11.338058,8556686059884752.0,1.1326386404565616,1.0840662200101851e-06,854787765742729.2,1236523419.42,1.4955121664955557,1.325052470156035e-15,0.0005343141253220456,4.714493054029996e-10,403239975288.77185
107,131833,37.978703,3.3347375257958412e+16,0.7742462565377598,6.324133598758949e-07,679830494970673.8,11401173494.54,1.4955121664955557,1.1388813274273008e-15,0.0012811512437250277,1.0809013780379297e-09,1124920755895.709
108,108834,1.258658,837356060004801.8,0.010753078954197127,8.697810198201533e-09,7153774755340.259,312414183.71,1.4955121664955557,1.5031335654187329e-15,0.0002938670690601214,2.457820383199411e-10,195502965152.83914
109,113316,25.46239,3.750287218579672e+16,0.08622160880168886,7.00649531121389e-08,126993498039402.55,5205533556.67,1.4955121664955557,6.789450651633889e-16,0.0010833264268446609,9.13168897414653e-10,1595602475708.3362
110,50047,40.511623,7956205765105038.0,0.09596765600671008,7.419220821201472e-08,18847391475384.824,2259228154.79,1.4955121664955557,5.091826958231662e-15,0.000870338054545115,6.827592814996024e-10,170928443107.8495
111,241409,8.695744,5723445163745096.0,0.018243834505868646,1.4012368107862436e-08,12007895629261.832,715081995.42,1.4955121664955557,1.5193198766160626e-15,0.00039659415514720726,3.297429857045764e-10,261034006894.2756
112,153742,58.62643,3.5275523015090132e+16,0.16971512247253362,1.3381063082119004e-07,102117589435152.38,6149122610.28,1.4955121664955557,1.6619577823104376e-15,0.001225608426664448,1.0143090978740717e-09,737448592081.9354
113,56686,0.5180218,773022398914948.0,0.0001216185118942547,1.2087359067478237e-10,181486249839.2209,2780646.9000000004,1.4955121664955557,6.701252133536113e-16,1.3752239373345723e-05,1.3687112508738282e-11,20521895161.238995
114,207032,16.73562,1.0422144944405434e+16,0.05861345060688252,4.4951308951040654e-08,36501658015459.13,2190362777.22,1.4955121664955557,1.6057750193719592e-15,0.0007066467772344848,5.552893339080394e-10,440065867702.229
115,120673,2.15911,2794150949650378.5,0.0038196510349867586,2.847151606321467e-09,4943093018299.81,191457209.33,1.4955121664955557,7.7272489529249e-16,0.0001771221545670374,1.304663636681893e-10,229217611139.59393
116,0,14.557157,3682860503007103.0,0.02238637487157629,1.7129964762162274e-08,5663598724671.241,852771456.45,1.4955121664955557,3.952676727265096e-15,0.0004201224762456469,3.2800446326652804e-10,106288094178.73509
117,131961,45.20156,1.9231702389341932e+16,0.4775176067918923,3.8818144992039165e-07,203167246871401.72,6556018058.63,1.4955121664955557,2.3503670702106106e-15,0.0011635800242142467,9.254230700480172e-10,495063106934.1782
118,124626,5.762293,1788366666187548.2,0.019895231744465353,1.566319947853678e-08,6174619941727.744,809346967.82,1.4955121664955557,3.222098191018117e-15,0.0003944597233633222,3.151930300408411e-10,122423247206.71564
119,183000,22.070919,1.4945647945337806e+16,0.11536747116853133,9.114666467600671e-08,78122782672927.16,3411054095.72,1.4955121664955557,1.476745543633983e-15,0.0009786291454395623,8.046591838586217e-10,662693142808.7107
120,100895,0.40763986,227117024758763.22,0.00047412685148828917,4.693563826607636e-10,264160329827.06894,7628854.2,1.4955121664955557,1.7948450162773252e-15,5.438869365782644e-05,5.477448693293626e-11,30302724282.363735
121,67917,2.7946923,3708698780972743.5,0.003999087521292116,2.8720313905572296e-09,5306992478284.419,1624083772.48,1.4955121664955557,7.535506292228425e-16,0.00018464981750577534,1.4007854469490457e-10,245039696531.35287
122,180496,10.3406,4445871688843863.0,0.19746534308820765,1.5810299962643523e-07,84898901259472.61,1333657749.86,1.4955121664955557,2.325888087581998e-15,0.0006086053994653205,5.214531867305405e-10,261665813894.7816
123,203948,14.684397,7297787739938537.0,0.07172012344952394,5.5220241730136195e-08,35643154949897.78,3206483353.35,1.4955121664955557,2.0121710199430485e-15,0.0007981641565705117,6.706731950077522e-10,396668150301.21173
124,125320,5.96988,6937614821237562.0,0.016298916977979493,1.2712163545775569e-08,18941018579360.23,440281650.62,1.4955121664955557,8.605090011231074e-16,0.0003890785778406273,3.21158260137789e-10,452149341067.68787
125,19987,3.0216725,1474549316367452.0,0.024091940320598082,1.9216194928688936e-08,11756652691416.213,1455515403.42,1.4955121664955557,2.04921766024339e-15,0.00046914607689258023,3.9580906246905824e-10,228939114665.28098
126,179696,30.415056,2.467699759747342e+16,0.1469697486384138,1.1641046388944741e-07,119242658440326.72,3625999089.32,1.4955121664955557,1.2325266021468543e-15,0.0008896106801521705,7.283880303532002e-10,721778076515.848
127,82590,0.18145488,153558639234168.3,0.0001566017933326872,1.0072875929619781e-10,132526379482.3148,1554688.0,1.4955121664955557,1.181665068829449e-15,1.3734644306435188e-05,8.834341235305854e-12,11623127964.712244
128,73230,3.3773212,1837291217869261.2,0.016778963904992093,1.3412081298806096e-08,9127897881784.918,519992920.94,1.4955121664955557,1.8382067944115785e-15,0.0003566787490684141,2.949489767873604e-10,194036247800.177
129,94945,0.12369762,53731067435020.66,0.004209940858435894,3.2787067338896016e-09,1828690124855.0117,127811219.14,1.4955121664955557,2.3021619689501417e-15,0.00018674338406899689,1.545771764880194e-10,81116527241.63354
130,188957,16.023859,1.4548966228556154e+16,0.0717187203607425,5.5414607892812346e-08,65117475165233.62,2222684021.69,1.4955121664955557,1.1013744033956849e-15,0.0006685838526585537,5.466381163519932e-10,607045025376.6749
131,173520,2.128195,1171785714483462.8,0.01598299715866908,1.2282796693245306e-08,8800249857347.754,517502905.25,1.4955121664955557,1.8161981100257174e-15,0.0003851893796665998,3.176881813528189e-10,212085552528.8183
132,56305,5.639284,3657496280012636.0,0.06048076652908277,4.66458129503323e-08,39226288052247.945,988179131.11,1.4955121664955557,1.5418427165100266e-15,0.00044843926236804083,3.7934508232900936e-10,290846308489.29047
133,98949,10.454857,6714115122600993.0,0.03241903634751085,2.468845806870595e-08,20819523614811.168,928119307.26,1.4955121664955557,1.5571459245324759e-15,0.0004522129952371606,3.4217352189305746e-10,290411443213.28455
134,37356,10.247365,3360131970896196.0,0.01124363826903934,8.714578746181633e-09,3686812016258.9165,398665722.86,1.4955121664955557,3.049691229022436e-15,0.00032671085514587444,2.650597114658995e-10,107129158531.436
135,159308,13.151667,7028867275876260.0,0.06803088510611703,5.137528854008871e-08,36358893672663.98,635725791.57,1.4955121664955557,1.871093375903934e-15,0.00041444061650887257,3.384918309313768e-10,221496490686.17667
136,190450,10.095583,7453929467931332.0,0.029133688017607476,2.4152462732873726e-08,21510442301743.477,549327240.35,1.4955121664955557,1.3543974414345778e-15,0.00035071107063783924,2.882269265844988e-10,258942508239.21085
137,184168,0.22741789,578739932678766.1,0.001087837635162952,9.149549913842998e-10,2768362153653.061,62947154.86,1.4955121664955557,3.929535135883392e-16,9.008261075068063e-05,1.0501913266709983e-10,229244955537.03534
138,154801,15.290386,2.454601978920209e+16,0.11284199228716658,9.110533896903006e-08,181147930191806.8,1858957611.82,1.4955121664955557,6.229273068021527e-16,0.00060114517634784,4.886855489263058e-10,965032628660.7452
139,64753,5.194476,2304438973943673.5,0.01684998361193508,1.283556115451542e-08,7475202300608.453,617016314.34,1.4955121664955557,2.254117405031775e-15,0.0004098960926368464,3.12185792733846e-10,181843275652.74637
140,17052,5.0319605,4338495252603457.0,0.004379701466493667,3.6392384437310854e-09,3776125432662.5127,232858055.14,1.4955121664955557,1.1598400383129165e-15,0.00017906618822347646,1.5885526938066294e-10,154388693533.9317
141,145691,59.329357,6.6192674415554984e+16,0.36484569658754484,2.9371786757274304e-07,407051645716229.75,13669877106.85,1.4955121664955557,8.963130365081285e-16,0.0015895106080301188,1.3410537213285522e-09,1773387804580.5974
142,165094,0.2413659,205927496411583.9,0.015257109564854734,1.2054830918048252e-08,13016993598382.23,617915666.98,1.4955121664955557,1.1720916546160787e-15,0.000369389795874371,3.0404850312273113e-10,315154360514.038
143,151599,9.506229,3678508404275150.0,0.026636057511764358,2.0461586885596285e-08,10307027256947.148,949008912.64,1.4955121664955557,2.5842618679223056e-15,0.0004099100575288823,3.5921577243830976e-10,158617848530.35876
144,103950,0.4772772,456104349165988.3,0.0006974002267214845,5.314634740396389e-10,666462333664.8291,21432475.24,1.4955121664955557,1.0464210676191258e-15,7.140212779454152e-05,5.450388403609125e-11,68234604600.42105
145,202160,10.72866,5786052013467637.0,0.10749500581675622,8.35238956581309e-08,57972915055911.7,1596307412.23,1.4955121664955557,1.8542280600015226e-15,0.0005486249074020022,4.329660645199141e-10,295877793695.7505
146,172794,14.345008,7073127746753659.0,0.11174411711934422,8.785891835568028e-08,55097941760180.555,3994354707.08,1.4955121664955557,2.0280996630640387e-15,0.0009467545326800515,7.650964628060644e-10,466818544434.6958
147,89410,5.6158605,2984315182793726.0,0.01561423344194706,1.2015223259921761e-08,8297534087338.557,509771129.98,1.4955121664955557,1.8817920212913935e-15,0.00036981548159464395,3.026933541305748e-10,196523036239.0714
148,174765,9.650736,6792271305718275.0,0.19057389863075608,1.3975153992659442e-07,134127554964569.3,2351694096.93,1.4955121664955557,1.4208407711681426e-15,0.0006553015366530268,5.594400609610386e-10,461206878314.9229
149,76318,2.366538,630248569244437.2,0.031050630463919437,2.339141405226087e-08,8269301158072.663,1223049292.27,1.4955121664955557,3.7549280006094795e-15,0.0004998434775784121,3.84110815488213e-10,133116660957.88792
150,11147,17.103376,1.1934799752027722e+16,0.06614775003831569,5.271747984766032e-08,46158147418058.39,1782331664.67,1.4955121664955557,1.4330676974361583e-15,0.0006223307967633287,4.867895055799509e-10,434264757957.1536
151,9193,0.21171007,423256198694488.3,2.4952880558670323e-06,1.2877225710056952e-12,4988643842.84621,3729957.1,1.4955121664955557,5.00193666750797e-16,1.2159021442617936e-06,6.38411865994789e-13,2430862733.948952
152,61861,28.50663,1.1248380767358446e+16,0.09278091653035826,7.178057823080429e-08,36610257932206.34,2357033010.2,1.4955121664955557,2.534287431193926e-15,0.0008161099113232743,6.561067512747766e-10,322027368039.6219
153,114487,29.26317,7156204072586322.0,0.204189601021905,1.6797537132581153e-07,49933840196148.7,6673677440.81,1.4955121664955557,4.089202837590964e-15,0.001231928414372662,1.0271485899945717e-09,301263709163.0351
154,192172,7.522065,6505083227542039.0,0.047770463974065105,3.618181287935592e-08,41311906234470.48,2099339056.93,1.4955121664955557,1.1563364736291359e-15,0.0006857128955787392,5.49904795416698e-10,593004641137.5789
155,254598,13.041386,1.3524611705944136e+16,0.041644140629915546,3.444712393895109e-08,43187191288359.97,902196905.33,1.4955121664955557,9.6427064107639e-16,0.0004415016436584467,3.7018133253252924e-10,457860713425.4446
156,38029,0.8885591,195704600938910.62,0.016575908796370567,1.199724811408166e-08,3650833823201.4956,530135310.82,1.4955121664955557,4.54030766643736e-15,0.0003770223942658931,2.9746408853932683e-10,83038952856.19069
157,203186,19.40202,1.7252132599570178e+16,0.07071308815833502,5.5042197874709356e-08,62877554678981.44,3100343856.37,1.4955121664955557,1.124615747532765e-15,0.0007357857004322865,5.965083769961742e-10,654255199650.6254
158,83424,13.411097,7131349570729224.0,0.05089473864427709,3.926151546472899e-08,27063272496145.656,1686761260.73,1.4955121664955557,1.8805833127359417e-15,0.0006138133241007495,5.017744501941379e-10,326395177466.3742
159,81564,106.52358,3.567924046986514e+16,0.49981692353193347,3.9472308019937195e-07,167409771673126.75,17643026186.58,1.4955121664955557,2.985589900378354e-15,0.0020377710601747877,1.6707043236244853e-09,682535488184.9473
160,140271,19.640072,1.3096809882667924e+16,0.06411522059223028,4.857129422057795e-08,42754672930005.32,2492390845.55,1.4955121664955557,1.4996073223901119e-15,0.0007426825808086727,5.94043547648234e-10,495251369955.28033
161,89409,8.815065,3957901075396150.5,0.058816915406114466,4.6509987944484356e-08,26408373930010.14,2917827431.74,1.4955121664955557,2.227207004944582e-15,0.0008199646693558678,6.809835942958002e-10,368158266176.19244
162,113523,9.281043,5195675577414410.0,0.01848414116991361,1.3960633039127005e-08,10347716398469.479,514869286.55,1.4955121664955557,1.7863014850936177e-15,0.0003950621156550074,3.1471217996804527e-10,221162059681.26523
163,171798,20.885504,4.102852304691844e+16,0.08721072343199437,7.05152283017769e-08,171321083573947.3,2584348137.63,1.4955121664955557,5.090483997222188e-16,0.0007695781832314383,6.156610344678086e-10,1511797667277.5857
164,221594,23.87103,2.8627979693897704e+16,0.07697519712004396,6.056338760300215e-08,92314591372319.98,2986327611.73,1.4955121664955557,8.338356480352091e-16,0.0008161503383756494,6.581459852097221e-10,978790413073.3291
165,57451,22.380388,3.2003533000496496e+16,0.07136837770153087,5.634610113874675e-08,102055434917519.81,1830653560.67,1.4955121664955557,6.993099168036478e-16,0.0007154418014086183,5.972981089995179e-10,1023068290921.2913
166,299921,2.4922268,5697419182484212.0,0.000817866957407021,6.745732668003773e-10,1869705795576.3733,28882688.54,1.4955121664955557,4.3743082967494226e-16,9.882198122494618e-05,8.472725709767163e-11,225914532129.30017
167,38763,5.721817,3891621761480471.0,0.024607495874398227,1.906626711136716e-08,16736478366985.357,1024921366.89,1.4955121664955557,1.4702911409929202e-15,0.0004869326823089713,3.9943934120847316e-10,331181130548.1545
168,159724,23.364775,2.081988989674498e+16,4.7879003223443295,5.556047204224975e-06,4266403487634644.0,3536701998.72,1.4955121664955557,1.1222333603047964e-15,0.0010122458598435962,9.566907170678193e-10,901992308951.3862
169,22359,79.436844,2.4686087799732964e+16,1.309241908389763,1.0170489415334077e-06,406864863634305.94,21434236061.79,1.4955121664955557,3.21787901932599e-15,0.0027378197686611975,2.3462852039640065e-09,850815009581.8877
170,107199,4.8913183,2179690091746261.2,0.009131516123202482,7.092643099905501e-09,4069225103662.888,522328040.9,1.4955121664955557,2.2440430034167447e-15,0.00026217753943396104,2.1228827803674512e-10,116832671671.07477
171,73229,21.61202,4203225724522832.0,0.0693985801139973,5.4426714936861145e-08,13497021434392.162,2706365828.89,1.4955121664955557,5.141770015802206e-15,0.0007785044315218431,6.53030120504357e-10,151407867160.38733
172,72856,0.62428355,493830244270686.44,0.001551439467365525,1.301222928571031e-09,1227243183230.2817,27321717.36,1.4955121664955557,1.2641662944763006e-15,9.649402586671827e-05,6.981963600246834e-11,76330168181.46725
173,36607,43.595734,2.9670783961230744e+16,0.245050769630041,1.986685714753648e-07,166778897339502.78,7616206242.87,1.4955121664955557,1.4693152043762732e-15,0.0012865606426523714,1.0816032390789278e-09,875619226439.9242
174,161377,21.53056,2.7956882885527256e+16,0.08565832887328124,6.644357010956296e-08,111225154779081.53,3104878398.59,1.4955121664955557,7.70134499191466e-16,0.0008350121281615572,6.805163778182229e-10,1084241946099.29
175,154478,27.59639,1.3703936526586714e+16,0.21626015070394775,1.7594804670245606e-07,107391415271235.73,2298770000.97,1.4955121664955557,2.0137564083473996e-15,0.0007429849042549403,5.821265147346204e-10,368954706326.509
176,190867,30.969925,1.4265855611462694e+16,0.16032902768398896,1.2426534109172777e-07,73853286995883.62,4589804908.21,1.4955121664955557,2.1709125511627565e-15,0.000971934345710894,7.806393295242048e-10,447707737094.3933
177,85557,2.1631398,1278302587286136.5,0.0028901007794704305,2.182595182884297e-09,1707898538926.9482,61034077.71,1.4955121664955557,1.6921969974201427e-15,0.00016184518950608496,1.3620720806542774e-10,95642049804.38318
178,103762,0.116103955,55609683832554.586,0.000912622091519327,6.971149656410388e-10,437113670830.54553,23619780.78,1.4955121664955557,2.087836991657761e-15,0.00010654117722697085,8.692732925601803e-11,51029451845.46051
179,5,0.78401744,306223956607314.4,0.025682377900057573,2.0540297496740092e-08,10031102593380.934,1052103057.0,1.4955121664955557,2.5602746717997085e-15,0.00045860288743467345,3.762371141678445e-10,179122534189.78094
180,125975,9.989036,5062654605156731.0,0.04912294413546568,3.853890933680141e-08,24896546508218.824,1751289677.38,1.4955121664955557,1.973082657036359e-15,0.0006155348413012676,4.982561230048707e-10,311966069493.4206
181,212926,0.9872108,767250144454204.5,0.007809258639873192,6.091488304715267e-09,6069276004195.8125,222378937.92,1.4955121664955557,1.2866870174423597e-15,0.0002426371913347205,2.136320473282569e-10,188575145350.44266
182,198314,13.083439,1.6469074940082084e+16,0.04760504652457817,3.656043703532724e-08,59923929689997.56,2131289198.44,1.4955121664955557,7.944246442256332e-16,0.0005657250196153409,4.4482984433002355e-10,712119171689.0686
183,92501,0.26782376,520353530799186.3,0.0015846219399590748,1.3116498963821832e-09,3078754556502.234,1587112298.99,1.4955121664955557,5.14695767680604e-16,0.00013246432559206646,1.0831646544400763e-10,257364318710.0532
184,91693,9.887713,3408176041400270.0,0.029790047333610698,2.338370911820019e-08,10268271904189.773,956609107.32,1.4955121664955557,2.9011743759390937e-15,0.000484580232065956,3.973078143289843e-10,167028992150.4977
185,143149,4.9788575,2347513744078844.0,0.046607154738145064,3.726413781698682e-08,21975109012500.344,1363894328.94,1.4955121664955557,2.120906645406537e-15,0.000644503385730473,5.261218319493961e-10,303881072335.8991
186,104513,5.0637302,2968699922481874.0,0.011030098503662707,8.28480486016396e-09,6466587136255.978,334887777.05,1.4955121664955557,1.7057063132762345e-15,0.000322473104899032,2.5396876834281566e-10,189055467749.10034
187,176608,2.0774374,4319904209408504.0,0.0017688318288395714,1.3526781695077722e-09,3678177769948.5947,77866219.74,1.4955121664955557,4.808989503691911e-16,0.00011234917765672516,9.439142095022995e-11,233623254054.66895
188,71188,1.9526635,760569921780824.6,0.002488439224604665,1.956682181522763e-09,969256621232.4375,78474871.89,1.4955121664955557,2.5673688165684578e-15,0.0001698257633198076,1.2875110133001384e-10,66147786100.63377
189,168383,14.39432,4.431780403043379e+16,0.08067303453230933,5.940490149681481e-08,248379342333872.16,3167969375.08,1.4955121664955557,3.247976815393465e-16,0.0007297685847859027,5.993328373573066e-10,2246840498759.8335
190,140371,16.799522,2.529922674167546e+16,0.1439723927558514,1.1384486087689048e-07,216815109910379.5,5136388657.66,1.4955121664955557,6.640330224925854e-16,0.0008635069528344018,7.019109680811727e-10,1300397606120.6257
191,126582,22.320015,4.213374575687373e+16,0.13499920389278497,1.07154408343626e-07,254839530089874.94,3935029262.78,1.4955121664955557,5.297420060583789e-16,0.0008355144042161214,6.99840146758433e-10,1577210028015.1194
192,235265,6.3039694,7113745736356316.0,0.2675301194281921,2.2431081835793545e-07,301895698673473.5,512996167.44,1.4955121664955557,8.861673770236429e-16,0.00033837857137725857,2.6779691480823017e-10,381844987922.89734
193,188161,8.387744,4329389688549250.5,0.41644281763180246,3.242861409685592e-07,214949721942577.38,809378775.56,1.4955121664955557,1.9373964007408806e-15,0.00044099854823568093,3.785629982136335e-10,227624325133.99866
194,195935,9.156038,9160768375222036.0,0.019727535049891984,1.5959638914089828e-08,19737727083060.9,501139088.28,1.4955121664955557,9.994836268063682e-16,0.00038201234993652283,3.1460828317585946e-10,382209712786.5515
195,218142,8.935161,6751235783281372.0,0.08944450192220402,7.033924187736195e-08,67582545182449.78,805701426.26,1.4955121664955557,1.3234852531927352e-15,0.0004407019312669016,3.576974583378793e-10,332985902339.11993
196,212826,21.874584,3.237369083157208e+16,0.11636260783428723,9.3322797447496e-08,172212970559014.16,4498898179.03,1.4955121664955557,6.756901495663588e-16,0.0009460475161272705,8.176117942278531e-10,1400120331389.203
197,99385,1.0268202,7703477605851759.0,0.0005717090703174554,4.222344336277537e-10,4289113147806.0586,37868296.15,1.4955121664955557,1.3329307262735482e-16,0.00012855694417239383,1.1295509789607333e-10,964468307605.1393
198,170105,8.208291,5611067925050416.0,0.02282827742076861,1.8126723353489525e-08,15605077259057.627,788490496.32,1.4955121664955557,1.462875001629257e-15,0.00046454233921737703,3.7816823028461896e-10,317554362949.6706
199,282461,3.6063473,4373343106226464.5,0.005901134026318461,4.8204160585395345e-09,7156183713342.933,159676994.26,1.4955121664955557,8.246202532944491e-16,0.00018532906637458305,1.5611953807605712e-10,224744742363.74008
200,166237,6.870701,5636720430850034.0,0.007443163277625546,5.642115240399121e-09,6106368260988.888,215454065.4,1.4955121664955557,1.2189181784493574e-15,0.00025263816872170313,2.0324459978726024e-10,207264255458.96436
201,245391,13.74208,9575005217204738.0,0.10089335304753612,8.02312130122536e-08,70298992715181.25,1267169670.14,1.4955121664955557,1.4352033955352527e-15,0.000562845805441971,4.542721064322113e-10,392171456110.6234
202,31177,12.275057,1.399413879574584e+16,0.07669449761027962,6.162081164738999e-08,87435312473762.9,1530944337.2,1.4955121664955557,8.771570140301571e-16,0.0006147493493939302,4.9327319952971e-10,700842995679.2146
203,58380,1.4812148,1284344513957174.0,0.01941835339539033,1.4470296772354896e-08,16837433472478.963,717043459.24,1.4955121664955557,1.15328463967682e-15,0.00043939216890613304,3.4142726740175706e-10,380991954448.6971
204,61567,23.715271,2.497241316354603e+16,0.4015609874145891,3.197167914602496e-07,422847661664023.5,3867694536.5,1.4955121664955557,9.496587632395427e-16,0.0008329286958490272,6.927104666570571e-10,877082093159.1073
205,45060,28.81415,1.5064701388571944e+16,0.11557296048066305,9.056270721326503e-08,60424206101322.266,2594215161.19,1.4955121664955557,1.9126930734822507e-15,0.0008247673654066043,6.801937063637823e-10,431207378141.9787
206,39407,7.820547,8484490766405375.0,0.016573884776451626,1.2632740131832424e-08,17980963780317.47,849893143.01,1.4955121664955557,9.217461855183717e-16,0.00034547335126264387,2.8547632429917174e-10,374803125513.72974
207,171957,27.97717,2.075667238250098e+17,0.07958592581196705,6.388316618443492e-08,590459645609984.2,2299045098.37,1.4955121664955557,1.3478639294604032e-16,0.0008015776109060004,6.742507502215338e-10,5947021753352.356
208,181838,11.011015,6259652932896659.0,0.15678825864013685,1.2157207354161558e-07,89132571614923.11,1452954462.44,1.4955121664955557,1.7590456081252167e-15,0.0005709679561110842,4.366580220567518e-10,324589626030.00354
209,212316,12.361196,3.742244521629997e+16,0.061491880420511916,4.6769933433054385e-08,186161316937606.7,1854798947.48,1.4955121664955557,3.3031502694580403e-16,0.0005754448959013808,4.631017967456952e-10,1742109347013.7405
210,180843,29.563255,1.2999119071859336e+16,0.2161987280802262,1.6593068097346798e-07,95063720469867.03,3850014532.58,1.4955121664955557,2.274250650107431e-15,0.000925281971125356,7.593692413296395e-10,406851360504.8975
211,105294,6.5152392,2697911082844786.0,0.019893211307920038,1.608609108948628e-08,8237627754482.243,715411481.39,1.4955121664955557,2.414919913939517e-15,0.000393820588972987,3.284175288083008e-10,163078115634.29364
212,174937,22.566786,4.644528170266123e+16,0.10434479200255162,8.216919818714633e-08,214754695629413.16,5517152773.48,1.4955121664955557,4.858789778576575e-16,0.0008967783197643479,7.412219408303193e-10,1845682486034.7568
213,46812,0.49804515,293283397400544.2,0.002643586367479668,2.070781617538312e-09,1556726315227.0444,83291599.75,1.4955121664955557,1.6981702831265546e-15,0.00016693414901343862,1.3842686900008655e-10,98302361472.30824
214,126264,4.040038,4874377397733740.0,0.015551747124086229,1.2205670095202421e-08,18763458333044.543,325277461.17,1.4955121664955557,8.288315963959516e-16,0.0003415524624869701,2.727330832353904e-10,412089095025.0439
215,134254,1.5045266,1145012567846284.5,0.010885937021821702,8.926506950465327e-09,8284688820236.879,201144778.33,1.4955121664955557,1.3139826079201424e-15,0.00022165458222268223,1.8548648406369276e-10,168689129434.92578
216,101108,3.3209183,1618139138810027.0,0.04212078539556096,3.293819872127419e-08,20523627879064.344,1299069769.15,1.4955121664955557,2.052307011399644e-15,0.0005923749553325674,4.726758264276913e-10,288638567252.45807
217,186398,0.16090779,75825167119043.62,0.016897162268561205,1.3282109871076379e-08,7962511652488.992,499739532.34,1.4955121664955557,2.1220894870878263e-15,0.00038766889286363164,3.1701937111366934e-10,182682632010.79007
218,159815,14.676385,1.2637016582206582e+16,0.1611444114339732,1.260366547565993e-07,138752465230439.2,2278669024.31,1.4955121664955557,1.161380528744809e-15,0.0006399932288919959,5.149815352096521e-10,551062475262.6812
219,226384,15.032843,9295195973651846.0,0.039198120532759964,2.995337894801349e-08,24237212625105.59,1236157930.24,1.4955121664955557,1.6172701514429693e-15,0.0005180659920924623,4.2823434574777587e-10,320333613793.7318
220,192688,20.731113,1.413266244599564e+16,0.14935647537910196,1.1678820246385963e-07,101818201977699.25,2100447274.23,1.4955121664955557,1.4668936641781868e-15,0.0007073881862167316,5.907153884550778e-10,482235490882.0464
221,154187,7.039873,2394533197326201.0,0.10960488618812173,8.928819663717161e-08,37280862675593.37,1899165777.35,1.4955121664955557,2.939977198002896e-15,0.0006170390118898075,5.204491728351378e-10,209878842702.9153
222,3,0.2919307,109854553220213.17,0.01126093187584997,8.280548725116735e-09,4237528427345.1045,422988298.95,1.4955121664955557,2.65742922293625e-15,0.00030667399553126114,2.3212108065984404e-10,115402507387.3503
223,167099,30.98503,7.833848752463669e+16,0.1352884087669762,1.0760901460215753e-07,342045475586749.94,3974070052.43,1.4955121664955557,3.9552754947248e-16,0.0008855680823435818,7.417470173927349e-10,2238954235993.6113
224,144723,44.52269,2.3939215714015696e+16,0.11726972504135055,9.177057091507281e-08,63054259400952.625,4685436978.29,1.4955121664955557,1.8598224157332477e-15,0.0010487711924885034,8.593547293179911e-10,563909319307.2513
225,148298,37.784588,2.756956037621816e+16,1.0869059738028608,9.281717607744508e-07,793061971934963.6,4514924077.46,1.4955121664955557,1.3705183355986136e-15,0.0010463687739695443,8.614081027938954e-10,763483965730.7557
226,101343,5.197081,2176612195488726.2,0.030441600564176875,2.3125698127942164e-08,12749379707221.012,1271023510.61,1.4955121664955557,2.387692677074738e-15,0.0005192606984357913,4.1618326263223843e-10,217473841345.4278
227,196840,19.916603,1.4291407777898144e+16,0.0671233189510708,5.280569083349726e-08,48165177692986.664,1840875007.14,1.4955121664955557,1.393606795742075e-15,0.0006305050824797877,5.141483745159743e-10,452426813937.8964
228,67169,1.1204196,355671942801457.0,0.026955883872893008,2.1143692750671172e-08,8557018805278.235,625856576.49,1.4955121664955557,3.1501489579835653e-15,0.0004549925142066571,3.7417382719191513e-10,144435237912.65457
229,43974,24.471062,5160592150176989.0,0.027279803120465174,2.210835913544576e-08,5752914926285.026,757037494.59,1.4955121664955557,4.741909704908715e-15,0.0004403668105936898,3.5620911259788176e-10,92866975121.40146
230,171557,12.6813135,5937477149456157.0,0.09192255674037207,6.848471179412733e-08,43038765674040.484,1487857567.44,1.4955121664955557,2.1358083881066464e-15,0.0005031224126998369,3.8202198054566657e-10,235565332312.3454
231,176327,16.508966,9088062766246752.0,0.05361150972675522,4.303762475680313e-08,29512736617786.94,2375890157.86,1.4955121664955557,1.81655501558755e-15,0.0007549151154463257,6.361423609124249e-10,415575145794.3895
232,95243,10.549796,3574532400855490.0,0.018842983988205234,1.4660598258344229e-08,6384470068865.863,640081560.75,1.4955121664955557,2.9513779193818823e-15,0.0004201955251774163,3.465422795506131e-10,142372660043.96326
233,118140,0.13929865,683537007137446.6,0.0008434235187997836,6.590515980524665e-10,4138670315826.7363,30252045.2,1.4955121664955557,2.0379094115673772e-16,0.00011276362709338201,8.581683534719838e-11,553329929452.8226
234,210687,17.007215,1.0988843069204402e+16,0.14579228816861892,1.1526927971771073e-07,94200524623530.6,3108182282.14,1.4955121664955557,1.5476802146407694e-15,0.0008140590697907443,6.657283714412492e-10,525986610211.7838
235,236147,15.573009,9805678342697110.0,0.08807229569889086,6.79133360613744e-08,55455474438255.945,1239483565.68,1.4955121664955557,1.5881623336745669e-15,0.0005095097689282891,4.16714745152276e-10,320817184821.0409
236,25780,6.597872,2010756833022902.5,0.0170340350329405,1.255134595857628e-08,5191265052798.328,550860357.45,1.4955121664955557,3.281287867156461e-15,0.00041789569611990087,3.2480028974011485e-10,127357218579.55916
237,197658,9.724184,7160991586944927.0,0.032165044520689495,2.3751055991546462e-08,23686677792847.867,834139455.59,1.4955121664955557,1.3579381963983844e-15,0.0004127457887410261,3.1565931027519167e-10,303950349018.63605
238,218559,15.7538185,8251474778434784.0,0.11803342682689372,9.800013610346874e-08,61823096697117.664,1142646785.28,1.4955121664955557,1.909212464803574e-15,0.0005251148496325293,4.302898081302155e-10,275042646804.92474
239,17051,43.91999,5792873116368357.0,0.07047984808604123,5.33127519174024e-08,9296013437693.271,2025065540.63,1.4955121664955557,7.581728292287218e-15,0.0007584176135482731,6.006163150405837e-10,100032286084.40115
240,161575,19.271324,3.5389035053496464e+16,0.08072919914328754,6.261435015299638e-08,148247648076618.9,2795631802.16,1.4955121664955557,5.445563568169677e-16,0.0007793675514572739,6.305950164903744e-10,1431197233676.2734
241,153627,0.20935817,368750121929881.56,0.00018650566379823486,1.1755742998095963e-10,328499175676.8441,14920037.36,1.4955121664955557,5.677507817605815e-16,4.9339769954589204e-05,3.2860591742431405e-11,86903922530.21259
242,178339,12.550981,7520552739209671.0,0.024010231017781266,1.9073760807816323e-08,14386939845565.21,912244059.04,1.4955121664955557,1.6688907631168309e-15,0.00042982601105781294,3.515793774249915e-10,257551914455.4837
243,102466,3.2173448,1997132393583631.5,0.023225823181209134,1.8561834776751117e-08,14417181473007.928,759658318.59,1.4955121664955557,1.6109822314918407e-15,0.0004264741516963054,3.599197688190835e-10,264729270974.87073
244,62344,49.960686,5.098615266917752e+16,0.11320444899615736,8.846179783397977e-08,115528023761487.16,4553455911.83,1.4955121664955557,9.798873494960243e-16,0.0010481368673711914,8.599277756962383e-10,1069650371453.6873
245,160693,7.5381446,5053879172245858.0,0.07613118718016391,5.318919325975571e-08,51041448746974.32,498639080.49,1.4955121664955557,1.4915561577722044e-15,0.00031387156217863764,2.6982135607625663e-10,210432279430.52292
246,104913,13.207377,4384299891008930.0,0.039067634423495715,3.017120971339867e-08,12968829870223.967,1252967441.56,1.4955121664955557,3.0124255475965336e-15,0.0005522504236561683,4.5540182602588766e-10,183324173471.03625
247,11144,19.928051,1.0683860407574274e+16,0.04156239289839262,3.280908717817245e-08,22282500377542.344,1477475634.72,1.4955121664955557,1.8652481630958133e-15,0.0006241022218039826,5.115818138318956e-10,334594738733.3918
248,98461,10.446863,6606440039155322.0,0.016519542516784416,1.2983339337621e-08,10446711813049.834,424993503.82,1.4955121664955557,1.5813150407909708e-15,0.0003448980358248544,2.800381274193235e-10,218108363563.23853
249,61862,23.905779,2.6187927647413332e+16,0.10254623160775415,8.007724249433802e-08,112335736637519.98,4123423437.6,1.4955121664955557,9.128549353679481e-16,0.0008677168345107391,6.865745403760421e-10,950552821583.8423
250,162660,15.338687,8975041658328975.0,0.23067079930689516,1.9907847122250104e-07,134971137564735.92,1835436088.44,1.4955121664955557,1.7090379726277332e-15,0.0006216881409318093,5.120877971301277e-10,363764966541.9265
251,130657,1.5263958,590998261985227.2,0.048895374715089444,3.8195789615513586e-08,18931578215646.484,2028842926.23,1.4955121664955557,2.582741605487419e-15,0.0006798053499452422,5.505960586222315e-10,263210748028.72055
252,10,16.094553,7125735255629005.0,0.055276508872717095,4.483620809640106e-08,24473234396904.945,1412243594.0,1.4955121664955557,2.258651552804469e-15,0.0005840145774438308,4.98749038796386e-10,258567806405.85547
253,260008,8.512157,9610638146751084.0,0.04607801524747612,3.6777137199047415e-08,52024314291192.24,457882333.08,1.4955121664955557,8.857015392757838e-16,0.00035002979829372964,2.8734009539625014e-10,395200620944.99725
254,172277,0.5738604,362429613828972.56,0.006481875963232961,4.901181112201548e-09,4093720009678.001,249548507.73,1.4955121664955557,1.5833706135029018e-15,0.00022876917157547586,1.9177391668269613e-10,144482390682.60098
255,57452,17.044878,2.180776989233693e+16,0.120067263412145,9.7193431161041e-08,153617952096498.62,2006962035.25,1.4955121664955557,7.815965632501208e-16,0.000633631799723223,5.281946122216116e-10,810689081190.9224
256,330986,1.9713509,5301270499236949.0,0.0007676933112535671,7.661937743566988e-10,2064447229262.9712,10887889.1,1.4955121664955557,3.7186385797211273e-16,8.302888102483131e-05,8.473660878290882e-11,223277630360.7809
257,141559,0.21584532,209893341692047.34,0.0073769879333525175,6.008384412420382e-09,7173566000658.574,156912422.24,1.4955121664955557,1.0283571563536557e-15,0.000266397090406205,2.174191698309556e-10,259051136815.9236
258,170680,33.112476,2.848919077636458e+16,0.1435093173119264,1.1584728338392243e-07,123472020608948.45,5287167246.55,1.4955121664955557,1.1622820830513385e-15,0.0011740375532813363,9.961857385279013e-10,1010114128404.2994
259,160477,2.1331918,2251942874757020.0,0.02015964145699217,1.53366475881125e-08,21281893609721.24,816633914.32,1.4955121664955557,9.472672792511075e-16,0.00040137487676596893,3.226967311542128e-10,423718717575.98206
260,217275,8.005976,8037003009705385.0,0.03970624273429855,3.3140523851037774e-08,39860123532677.336,530674781.66,1.4955121664955557,9.961394801435415e-16,0.000334338738970924,2.7320807539529797e-10,335634462477.8315
261,96728,3.9041235,3237777807009652.5,0.02946273143357203,2.29368114561792e-08,24434108698022.797,1017101010.92,1.4955121664955557,1.2058034036639997e-15,0.00050054583721641,4.0804894671913495e-10,415113969404.4921
262,238694,12.741783,9959276216643426.0,0.08666695953994814,7.268903226046955e-08,67740926753736.4,1990797867.86,1.4955121664955557,1.279388453822236e-15,0.0006883639359775735,5.657341690779945e-10,538041385257.9742
263,100213,0.852853,1723230311348810.5,0.004478933628797487,3.571462243382376e-09,9049899797108.473,94657558.07,1.4955121664955557,4.949152730098237e-16,0.00018174118160231106,1.417687186325275e-10,367216757116.93713
264,166729,14.50258,9060549283876654.0,0.1283223403107626,9.990854374765319e-08,80169934494969.61,1723534352.53,1.4955121664955557,1.6006292273921514e-15,0.0006190746944158979,4.846217236811978e-10,386769580250.9707
265,55759,34.021282,1.0234699932053398e+16,0.14198784321731944,1.1486170866120791e-07,42714527022488.68,3743847992.35,1.4955121664955557,3.3241113296786493e-15,0.001128847642651951,9.684450265436702e-10,339593813412.1037
266,150603,32.496147,3.564761949734428e+16,0.09851589126996478,7.837925179350385e-08,108069950767807.81,7276712966.29,1.4955121664955557,9.11593746180469e-16,0.0009856566147183152,8.268037501619467e-10,1081245476779.7233
267,106578,6.9314203,1616163129356164.2,0.013209379691481447,9.81861534678582e-09,3079962185966.189,585161525.2,1.4955121664955557,4.288812295056682e-15,0.00032334529613782786,2.522521250438595e-10,75392736704.87238
268,125976,7.3920474,4060098568200755.5,0.02453118362707458,2.04118923858574e-08,13473807475930.867,380179172.9,1.4955121664955557,1.8206571283504102e-15,0.00028345768080198573,2.1725759057337392e-10,155689765188.68765
269,45629,11.547621,3981135695183341.0,0.011182638863270646,8.916634116545135e-09,3855305152889.1733,281998634.52,1.4955121664955557,2.900584628142951e-15,0.00027947570211855563,2.402630813502514e-10,96351507695.01427
270,107979,0.15099458,211123519100640.0,0.0008844389979987705,6.154172368253462e-10,1236639577972.5625,23009812.7,1.4955121664955557,7.151954488217048e-16,7.80259501094302e-05,5.565888623999503e-11,109097380636.271
271,46221,12.097906,6215453913595756.0,0.030657738885653926,2.503807948007797e-08,15750805398788.393,836059836.02,1.4955121664955557,1.9464235706964056e-15,0.0004358148057904998,3.4645253305976076e-10,223905429605.21732
272,244174,5.5639486,4336278632252008.5,0.010337458293801248,7.915091983840614e-09,8056526530674.036,304666985.61,1.4955121664955557,1.2831160245600757e-15,0.00028910864810632414,2.3809596330431247e-10,225317619429.97076
273,183829,9.6504965,6075774812854557.0,0.08259338715489471,6.156710513141733e-08,51999274999380.03,1275836350.01,1.4955121664955557,1.5883565137375367e-15,0.0005368607524083997,4.316030653004585e-10,337997639550.78394
274,217523,13.790088,1.2879264803060154e+16,0.06271186400295094,4.9357650456184065e-08,58569800481875.17,2602522545.56,1.4955121664955557,1.0707201234594875e-15,0.00070247026746595,5.746896857085133e-10,656072723464.1622
275,162819,1.1077545,824978270306892.4,0.002994603626698256,2.2752062636289492e-09,2230171865885.694,95436794.15,1.4955121664955557,1.3427680944710395e-15,0.00016702307862615474,1.401158335228955e-10,124387136776.54861
276,61065,0.34425443,270211620891301.2,0.001492702579991301,1.113616447770288e-09,1171649653566.046,44255779.61,1.4955121664955557,1.2740178563174537e-15,9.682634278975232e-05,8.078541815103818e-11,76000773701.578
277,170983,11.462493,5249756227304325.0,0.09577904751541053,7.756866995260948e-08,43866255895580.76,927784500.64,1.4955121664955557,2.1834333831317398e-15,0.00045387633737483405,3.6859174445266765e-10,207872766296.09402
278,106260,0.3004838,135010179274183.8,0.006369217783526778,4.72223290759007e-09,2861749068636.212,128078024.71,1.4955121664955557,2.2256381082923098e-15,0.0002095925762077397,1.5540854330134805e-10,94171903072.12889
279,156223,49.748848,3.4485024045260588e+16,0.22191230741878507,1.8024541543950012e-07,153825697778490.5,4419951806.44,1.4955121664955557,1.4426218156236774e-15,0.0010823434165210515,8.95730965074986e-10,750261367739.7708
280,139111,1.5562819,775442187878572.9,0.011427927248670547,8.4204886972599e-09,5694146355249.81,1100130610.13,1.4955121664955557,2.006960575949086e-15,0.00031133151074760716,2.4151962305958095e-10,155125872664.6284
281,278968,7.8210635,5411965156488990.0,0.01567873604181387,1.2296201849905626e-08,10849262783262.758,275550875.07,1.4955121664955557,1.4451429885173007e-15,0.00022695420238567644,1.7205737584307457e-10,157046191407.34906
282,122767,8.977387,7524734647384849.0,0.04589442669696325,3.626392026266096e-08,38468140305024.57,762624228.98,1.4955121664955557,1.1930503095042702e-15,0.00040586454459843593,3.243084024099638e-10,340190636861.8089
283,24782,2.9751916,317374131905734.6,0.019224244606861524,1.5171076652868364e-08,2050717655846.493,473383839.7,1.4955121664955557,9.37439854387276e-15,0.0003813215526522355,3.131898877775251e-10,40676908589.668686
284,164268,7.7244415,2647205731199875.5,0.018803828085799078,1.4737255708384622e-08,6444168355372.295,586564807.63,1.4955121664955557,2.917960402155374e-15,0.00037728373297902173,3.1558239023747353e-10,129297070892.51047
285,99153,15.430475,1.1868942463453286e+16,0.2134104103224564,1.6248265677147846e-07,164152813262015.06,1907420033.31,1.4955121664955557,1.3000715984185908e-15,0.0006245789754826043,4.787763715017564e-10,480418906345.1145
286,105843,27.360075,2.189093393816152e+16,0.17796248241229604,1.4637456037072631e-07,142388679342392.3,3929760830.4,1.4955121664955557,1.249835894498058e-15,0.0009831769710324024,8.383440200632521e-10,786644851024.4238
287,31174,80.80876,4.084257191769639e+16,0.29865240609520316,2.3661008534623892e-07,150945669434061.4,5808177507.28,1.4955121664955557,1.978542393530975e-15,0.00130644261888815,1.0473359542662138e-09,660305598282.6971
288,70371,14.175382,2653332138875619.0,0.02722211847546696,2.0573608364570674e-08,5095405671553.419,679358859.71,1.4955121664955557,5.3424830583053156e-15,0.0004458218496400383,3.4692517219490566e-10,83448434889.64793
289,110453,45.299767,1.3800991795965702e+16,0.1819382492388139,1.4634425076460628e-07,55429165565404.2,5710296731.66,1.4955121664955557,3.282355911061552e-15,0.0013591103603858108,1.1579472433189394e-09,414065505756.2782
290,181415,22.526457,2.146660283035681e+16,0.09442248931520915,7.2305496376765e-08,89979976717297.53,2008179985.92,1.4955121664955557,1.0493722354682228e-15,0.0006713686146504287,5.39200156672248e-10,639781187226.5409
291,109461,0.10789878,204864182771056.75,0.0010011198687478568,7.203616620561318e-10,1900796318242.869,24253803.59,1.4955121664955557,5.266844527946637e-16,7.827143235839137e-05,5.589105619106243e-11,148611624936.09192
292,148499,8.447366,3296355585163826.0,0.039174540855656484,3.043386830868378e-08,15286802601636.03,1561415428.91,1.4955121664955557,2.5626379745012168e-15,0.0006072118434766789,4.958281315796483e-10,236947961248.74585
293,197613,20.008446,3.0459202069717676e+16,0.07871663205564076,5.990166596133837e-08,119831685180867.02,3724515039.46,1.4955121664955557,6.568933077827491e-16,0.0008320400006680274,6.780050948123431e-10,1266628828167.6387
294,133724,57.664993,1.5831610441301446e+16,0.1858061549935748,1.464814647536596e-07,51012070069172.7,7472923013.18,1.4955121664955557,3.6423959024133e-15,0.001360266530608232,1.1468032069505667e-09,373453783458.0189
295,213077,11.47231,5144050028389506.0,0.06766775646999953,5.5483610548648383e-08,30341432945113.516,844410755.62,1.4955121664955557,2.2302096473956223e-15,0.00043630921974636527,3.514226837293836e-10,195635966446.4169
296,234983,9.437241,6618357715358316.0,0.21028853990456628,1.8711506127698629e-07,147475812107460.38,1697893405.55,1.4955121664955557,1.4259188466196513e-15,0.000602376183993196,5.115625604667315e-10,422447732857.46
297,105068,1.9988823,1365103847154778.2,0.006297326493678715,4.5862831355949455e-09,4300655733111.7114,222573084.5,1.4955121664955557,1.4642712378008284e-15,0.0002138741896650411,1.6507802334618376e-10,146061866233.3737
298,162750,14.028529,2.230924945750898e+16,0.06936698899529506,5.929917260192249e-08,110312739248164.77,1670001287.24,1.4955121664955557,6.288211993289714e-16,0.0006024241442200134,5.130080663928371e-10,958021365791.8549
299,214506,5.735771,2653154815523706.0,0.026635563290760843,2.018849470158479e-08,12320623157561.309,985965947.27,1.4955121664955557,2.161868190442485e-15,0.0004316415156791714,3.4946562077379915e-10,199661347341.82117
300,176942,14.113564,7885160580056007.0,0.06588444035931586,5.212658434920609e-08,36809227772682.25,1794037507.26,1.4955121664955557,1.7898892301188562e-15,0.0007535286048540302,6.193913552940114e-10,420991753106.41583
301,38764,32.6505,4.060395419276902e+16,0.2105470361537739,1.6771575529815737e-07,261834955403780.0,3945863277.81,1.4955121664955557,8.041211908818127e-16,0.0009810436716302454,7.987604376531823e-10,1220019672102.431
302,47908,0.7218605,1231218089071175.5,0.009470187070088504,6.901648276985489e-09,16152519257641.777,389363243.89,1.4955121664955557,5.862978349713557e-16,0.0002692749576939507,2.1019090002867753e-10,459280150176.7552
303,53957,5.8183594,2818153462174599.0,0.01715397671215565,1.2981956756759616e-08,8308620272137.861,590308646.95,1.4955121664955557,2.064599915545523e-15,0.0003899663446262141,3.128551470124065e-10,188882282562.3213
304,157346,0.33385023,194686340756981.06,0.038939782858275866,3.0081687986879206e-08,22707918561413.434,1330140031.42,1.4955121664955557,1.7148107499577052e-15,0.0005738276629904065,4.635325593522807e-10,334630315913.613
305,214378,10.06266,7536788532057082.0,0.018976436789649418,1.4640581651946169e-08,14213079958533.414,638373611.27,1.4955121664955557,1.3351389596774993e-15,0.00041728111840684735,3.350777729440356e-10,312537594219.8862
306,89169,6.936702,2008941361078107.8,0.10121031399772354,7.964936776958805e-08,29311564192570.098,3485164557.22,1.4955121664955557,3.4529141240227074e-15,0.0009087152851159019,7.425238998318903e-10,263173439152.0957
307,46813,0.51048124,211067672987769.4,0.020304255940794477,1.542802391220798e-08,8395160717701.5625,785921638.87,1.4955121664955557,2.418566674725127e-15,0.0004286824439225648,3.38643307004488e-10,177246485863.89914
308,154903,18.613295,9593067067454572.0,0.07411462777034498,5.849157014172828e-08,38197782546311.69,3056089533.8,1.4955121664955557,1.9402861325912587e-15,0.0008154996998270534,6.742670931167492e-10,420298679730.2678
309,91040,5.2723765,1603159141132437.8,0.04887536482161993,3.8839245729881154e-08,14861417406356.084,1659423219.81,1.4955121664955557,3.288741812790778e-15,0.000649844699724544,5.410849901945344e-10,197596751802.50632
310,97185,0.43034533,333802627019710.4,0.0018123589549675029,1.4638440412712457e-09,1405778425133.2515,28540837.35,1.4955121664955557,1.2892209202852948e-15,0.00011183407825748085,1.1842340186685497e-10,86745472787.34262
311,83423,2.2370622,1518097718223802.5,0.007224362788134093,5.533686541488828e-09,4902540780621.708,179867177.83,1.4955121664955557,1.473595654051438e-15,0.00022688136769297853,1.8184147923494754e-10,153964465807.97183
312,213376,16.831213,2.8356503410223372e+16,0.18146420308773772,1.550248746684123e-07,305723080902778.75,2949065432.63,1.4955121664955557,5.93557419845066e-16,0.0008245726897416501,6.817792122706895e-10,1389204586064.959
313,127153,1.5669527,977603603197292.6,0.004702884004022262,3.67073448799893e-09,2934074747598.3633,119506329.28,1.4955121664955557,1.602850782132162e-15,0.00018680597565755313,1.5106360107657275e-10,116546080109.25261
314,101109,43.53757,3.549980792557915e+16,0.43990002204675194,3.6106808348591895e-07,358687135940699.6,5392419365.48,1.4955121664955557,1.226417058122427e-15,0.001108979956195747,9.098551650738961e-10,904243747142.2084
315,9194,43.59168,2.58350023913783e+16,0.528961568362225,4.339180146030182e-07,313493845238020.1,7317135729.28,1.4955121664955557,1.6873108560093452e-15,0.0011951574301987027,1.0145222539062285e-09,708320832490.4437
316,244925,9.896097,4551245806136795.0,0.01902647119457392,1.4459193024253547e-08,8750333311191.987,598282581.96,1.4955121664955557,2.174371023128729e-15,0.0004011400352636587,3.3329262362036934e-10,184485550532.42636
317,99802,4.3960304,2882790294863249.5,0.007250340713228993,5.740948991471106e-09,4754564900767.846,247297090.29,1.4955121664955557,1.5249220201112595e-15,0.0002547236257100988,2.0471443887527173e-10,167040427215.75623
318,169329,1.1155427,825953235821207.2,0.0043407606045142155,3.3096815242681877e-09,3213920244580.2715,115417508.2,1.4955121664955557,1.350612421647416e-15,0.0002041000256056507,1.7227715608428866e-10,151116650738.85425
319,111956,27.114767,8319562062788599.0,0.06542140944757908,5.1631442069920634e-08,20073101721074.668,2455716648.17,1.4955121664955557,3.2591579695375834e-15,0.000730363933084109,5.874986026363634e-10,224095898361.05264
320,165891,0.2550074,99803415752576.86,0.01804955119139995,1.431932128845126e-08,7064135635682.368,522128562.01,1.4955121664955557,2.5550969180472752e-15,0.00041593892489245014,3.432000190175983e-10,162787924776.77527
321,66420,48.85539,3.4870975394357864e+16,0.1626944500126969,1.3183108644481512e-07,116124631554293.98,7253577239.34,1.4955121664955557,1.4010330782976842e-15,0.0012018308493782599,1.0072746558029787e-09,857817611871.4744
322,2,15.57916,5848865319735243.0,0.026409577169102104,1.9408101224329417e-08,9914915824295.594,1026676881.66,1.4955121664955557,2.6636209159121503e-15,0.0004669950883095446,3.6224382303057743e-10,175323404888.35037
323,213940,14.172581,6077151632487294.0,0.023961872507794562,1.841085263765021e-08,10274764534998.68,738479964.62,1.4955121664955557,2.332109161837609e-15,0.0004695650445874261,3.735100188294639e-10,201347798066.80557
324,187753,1.5079668,613856960878296.4,0.021852602436557577,1.681579175150855e-08,8895668073718.129,731927037.54,1.4955121664955557,2.456544270252187e-15,0.0004312819351867282,3.41455105142936e-10,175564487238.99982
325,126764,8.212455,7221797181932884.0,0.14241608484907828,1.0012005771706405e-07,125236616849040.62,657373695.29,1.4955121664955557,1.1371760786283908e-15,0.0003677968657464838,3.0300593439046e-10,323430005835.2471
326,67168,16.844904,4458076731917778.0,0.03540770930101395,2.737133801845373e-08,9370803476550.475,1688113766.84,1.4955121664955557,3.778513698384381e-15,0.0005557766647885325,4.403453418702519e-10,147088699195.71066
327,131333,31.293066,1.9533121687543068e+16,0.6573655375305238,5.743545154556807e-07,410327356155542.0,4020557726.49,1.4955121664955557,1.6020514539648133e-15,0.0009682089177311276,8.057368875098719e-10,604355693654.514
328,153545,0.23849072,204334559100215.1,0.003564528383653014,2.8963729210835894e-09,3054023802997.2026,103161687.74,1.4955121664955557,1.1671580228532616e-15,0.000164732501415075,1.339359297848983e-10,141139844125.27628
329,186285,2.4860427,1602680293716536.8,0.008297209959848903,6.470994554708695e-09,5348972845670.919,334773298.08,1.4955121664955557,1.5511781792955033e-15,0.0002851403042511719,2.2535734852583619e-10,183821760811.9486
330,174456,15.398782,1.5056611054608968e+16,0.23004356634578346,1.8357113070049005e-07,224931848771129.72,3213058859.75,1.4955121664955557,1.0227256282406453e-15,0.0009496051876396111,8.275270256302507e-10,928504343118.085
331,181593,25.537903,2.5481724775155292e+16,0.07738692155809468,6.109484203917562e-08,77216685972215.52,3676638595.72,1.4955121664955557,1.0022046476578964e-15,0.0008209872986725463,6.734984845235078e-10,819181292554.5234
332,150151,26.804377,1.5201809762047202e+16,0.1319728001492711,1.100702013612379e-07,74846932709306.9,2621195879.28,1.4955121664955557,1.763235918589097e-15,0.0008333967969397817,6.836431892127574e-10,472651894255.1077
333,117188,21.805346,3.2596855296236956e+16,0.10453223386724216,7.873600630074644e-08,156265445233608.88,5473809736.38,1.4955121664955557,6.689401723520628e-16,0.0008601622600042923,6.79804095480258e-10,1285858280838.2893
334,28443,19.751942,6175733664561807.0,0.0602529961807634,4.570278003068628e-08,18838980840681.617,2430048206.29,1.4955121664955557,3.198315062280374e-15,0.0007332753692846195,5.795872277619176e-10,229269273040.84915
335,125474,13.999065,8464530312889922.0,0.043207170717192926,3.345595496312115e-08,26125202381008.254,2375972597.84,1.4955121664955557,1.653850182175141e-15,0.0006192925205674986,4.988911507865728e-10,374455030595.9432
336,14924,0.22209941,57567547278409.47,0.003226036437259374,2.4288557490921483e-09,836179641917.1066,75176864.57,1.4955121664955557,3.858066228284451e-15,0.00014309974181705645,1.1601847849915018e-10,37091053742.92343
337,40731,3.5244412,1342264133592695.2,0.043346471958670765,3.3690556421410185e-08,16508266509852.76,1350242786.43,1.4955121664955557,2.6257434075709854e-15,0.0006011116867845603,4.86120175444038e-10,228930094635.80252
338,179068,13.475554,5435193626922958.0,0.05649338381104217,4.578771462316217e-08,22785889148089.125,2101883137.61,1.4955121664955557,2.479314432010209e-15,0.0006874419468086157,5.653697753806166e-10,277270981821.8753
339,167237,34.67276,1.4504099889581704e+16,0.08913971986232544,7.049150304859066e-08,37288390108329.95,3563279908.39,1.4955121664955557,2.3905488974814247e-15,0.0009369214963899993,7.843334904040115e-10,391927350817.67114
340,38032,12.981855,2.2165354078344376e+16,0.05536497764981913,4.418391047920435e-08,94530737952924.58,1689572463.43,1.4955121664955557,5.856822748743416e-16,0.0006340324385423584,5.28820191101834e-10,1082553571692.7584
341,78848,7.604128,7476881753689147.0,0.02156630150565927,1.639470726389006e-08,21205414509358.94,639933481.13,1.4955121664955557,1.0170186249432217e-15,0.0004060452521116952,3.0556851268673654e-10,399250556630.03613
342,27508,35.660053,2.1574029936204356e+16,0.27570891963246585,2.2308414233231334e-07,166801560441578.12,6514471731.69,1.4955121664955557,1.6529157095567596e-15,0.0011097125987148534,9.27234826315746e-10,671366720213.7188
343,164069,35.000294,2.279988192521986e+16,0.13399058122352006,1.0398205662231451e-07,87284107698862.16,5960200407.7,1.4955121664955557,1.5351085639300952e-15,0.001131582037314188,9.235833685999217e-10,737134860623.263
344,48839,12.412839,4029727105652408.0,0.03373580224588446,2.5272834683808098e-08,10952053494061.27,1409243043.48,1.4955121664955557,3.08031751891804e-15,0.000539801365267754,4.3468774425388506e-10,175242117720.82474
345,109732,0.35262865,384939803968841.25,0.0007736364402989947,7.09542591090703e-10,844524288289.812,38717188.41,1.4955121664955557,9.160618007394822e-16,0.00011037444863729074,1.0604383841070021e-10,120487993875.73198
346,111181,28.080643,1.923706065556164e+16,0.2698416098225409,2.1393501118332668e-07,184858993989226.56,4811176492.91,1.4955121664955557,1.4597158839794782e-15,0.0010285783562018055,8.457582701014124e-10,704642846933.812
347,180810,0.5040513,656141181973278.1,0.005330683370844794,4.014426903607094e-09,6939136726105.858,127477406.02,1.4955121664955557,7.682055536951922e-16,0.00019715721685427788,1.516924299348934e-10,256646435196.82977
348,102467,13.321707,4054019695120531.5,0.050952055505741875,3.830670962916139e-08,15505568207374.031,1542115424.0,1.4955121664955557,3.2860489099335586e-15,0.0005927999501555319,4.790600535534891e-10,180399003911.21014
349,165638,26.677675,2.236780417946944e+16,0.09754867524008168,7.618689865286958e-08,81789348799578.89,4023256335.87,1.4955121664955557,1.1926818916130546e-15,0.0009135244497491586,7.420906243212725e-10,765941410004.6855
350,63890,18.869938,4056262721567965.0,0.06112084324492792,4.8131698263935076e-08,13138474432994.973,2251846691.13,1.4955121664955557,4.652050248043536e-15,0.0007523130638860378,6.400515793752785e-10,161716452697.91104
351,120141,10.715484,3169367492748385.0,0.10008453368572642,7.483909182171517e-08,29602458236176.92,2547265568.71,1.4955121664955557,3.380953462959841e-15,0.0006800478902237739,5.704589514194991e-10,201140860906.269
352,11145,7.9859858,1312963661302166.8,0.014296356625083162,1.0790812622938514e-08,2350442037819.636,438754477.44,1.4955121664955557,6.082411901697024e-15,0.00033102962530368697,2.615628278969608e-10,54424072334.08971
353,130105,15.096677,1.6220259648951882e+16,0.0449837965633892,3.4795734744883325e-08,48331752759484.9,1835667579.93,1.4955121664955557,9.307296755249855e-16,0.000632109623748793,5.103377712883355e-10,679154904341.3132
354,261976,6.264655,8131108834861928.0,0.009350002890597169,7.205301711766772e-09,12135686819101.643,400222574.49,1.4955121664955557,7.704551897203057e-16,0.0003096823215895328,2.554379574914893e-10,401947219931.0581
355,78466,13.827441,3944724511401634.5,0.09334003060103796,7.322152722413548e-08,26628260905752.055,2920814392.27,1.4955121664955557,3.5052995361358836e-15,0.000758522151752579,6.251086019209123e-10,216392962693.4954
356,196521,0.16101234,472152901629006.6,0.00026229052762443566,1.527394082534273e-10,769141257668.0793,6779315.6,1.4955121664955557,3.410173684085822e-16,5.7143999558281094e-05,3.45691216725528e-11,167569176388.15192
357,158747,11.500453,1.8217261846029096e+16,0.5031653262728027,4.006699071886917e-07,797037690650473.5,2195605796.43,1.4955121664955557,6.312942689851499e-16,0.0005485829422712128,4.4838235604070204e-10,868981343919.2131
358,155967,6.688101,2539565913115975.5,0.018227871644954395,1.3893740223232122e-08,6921378953185.577,840830079.53,1.4955121664955557,2.6335607063625644e-15,0.0004466730675715621,3.605232017077534e-10,169608039219.45676
359,163463,13.996028,1.3003231354374332e+16,0.030010486673485635,2.3346908247056655e-08,27881717675379.145,1103335413.71,1.4955121664955557,1.0763499947489352e-15,0.0005132635266947714,4.06774612111195e-10,476855603845.19073
360,100017,0.10098995,672509700661978.9,0.00022670450488465046,1.5741838042310816e-10,1509664859906.3413,46213354.25,1.4955121664955557,1.5016876321723158e-16,5.203731001009291e-05,4.0101505409364065e-11,346525528313.8786
361,61863,0.18946582,135053753625170.89,0.014557782698457875,1.0671481959579662e-08,10376980913424.412,523645723.8,1.4955121664955557,1.4028919220256901e-15,0.0003350367316517947,2.555399332834597e-10,238818633418.33356
362,105470,31.717207,2.280645985751697e+16,0.333156012630991,2.6850369198198345e-07,239557954404973.7,7596407972.38,1.4955121664955557,1.3907115439289042e-15,0.0011656138879339384,9.677636485587769e-10,838142095693.6609
363,9191,127.81243,1.6738359430851302e+16,0.4860926071574473,3.7763778488839504e-07,63658853644210.93,16974653492.79,1.4955121664955557,7.635899475573608e-15,0.0020905331892962717,1.6930905660179352e-09,273776939571.25217
364,113676,0.56258726,577507676610934.9,0.0036028022921187593,2.7293799039620854e-09,3698352467153.371,87830007.5,1.4955121664955557,9.741641241922631e-16,0.000151427175040281,1.1929280665145603e-10,155443185885.99042
365,171483,31.568562,3.2108522028711068e+16,0.14744337275934788,1.1996581004830163e-07,149965297191268.28,4356599468.77,1.4955121664955557,9.831832798710498e-16,0.0010022060024163317,8.369071421196049e-10,1019348094027.5723
366,219508,16.697573,1.758573061368403e+16,0.21399041779085562,1.9855380814106977e-07,225372743762203.38,2580681181.36,1.4955121664955557,9.49495552206803e-16,0.0006638807771330043,5.728214219664363e-10,699193140599.7877
367,219546,9.365667,5737498650425778.0,0.035183780050841024,2.4822388799808988e-08,21553925690351.555,370359451.91,1.4955121664955557,1.6323606454016292e-15,0.00031707627585269324,2.537266834494491e-10,194244008973.07785
368,207757,19.302801,2.117211504971276e+16,0.14144379538232563,1.1022155054163236e-07,155141438224567.97,2624592675.65,1.4955121664955557,9.117086769402322e-16,0.0007613287929180057,6.138249464927901e-10,835057088052.6074
369,84719,27.035387,9233278075085262.0,0.1184968637272723,9.268773709096831e-08,40469718218547.766,5439994844.23,1.4955121664955557,2.928037775982432e-15,0.000980720034284215,8.035220613521282e-10,334941045613.7842
370,121025,9.214104,5165963706993780.0,0.061669527480789146,4.756692234542536e-08,34575531250050.17,1421405575.0,1.4955121664955557,1.783617640891625e-15,0.0006004276054326906,4.887467964380784e-10,336634708957.3181
371,151129,13.919531,1.2100874609172468e+16,0.06828649741726125,5.2966701209938765e-08,59364524763503.74,2258653818.5,1.4955121664955557,1.150291317740702e-15,0.000688377467872944,5.643938316887384e-10,598437506444.0134
372,93163,3.8011441,1939773124084660.2,0.005546391338385136,4.1849847336800136e-09,2830395420645.967,154762126.24,1.4955121664955557,1.9595817948007107e-15,0.00021918988882679263,1.6275314345899652e-10,111855442527.76865
373,7,1.11574,1196502023410034.2,0.015811530354643763,1.2572375266246912e-08,16956036408608.135,590742635.63,1.4955121664955557,9.325015571809379e-16,0.0003383121523998541,2.750532754374259e-10,362800629977.08185
374,212769,20.047281,3.084934238250595e+16,0.08035267654093382,6.410753609501263e-08,123649048963897.97,2958793144.86,1.4955121664955557,6.498446790674026e-16,0.0009186802339539694,7.843735037195884e-10,1413692015255.6685
375,204172,7.5448437,5791310296169047.0,0.1555636159620865,1.2580596293247398e-07,119408327945947.92,1069717678.13,1.4955121664955557,1.3027869884628554e-15,0.0004598351961115973,3.7961775690903086e-10,352962687057.6532
376,173915,17.954174,8850138955117185.0,0.13028347977648694,1.0122914665209676e-07,64220548357062.22,2108924896.81,1.4955121664955557,2.0286883732620745e-15,0.0007572385778628704,5.883537524896937e-10,373265104608.08325
377,46220,127.27107,1.913052774918469e+16,0.28878807197391554,2.3114920003357515e-07,43408672721385.44,9188177355.96,1.4955121664955557,6.652773601889999e-15,0.0015612364226957793,1.3036534736215066e-09,234674515641.45288
378,153216,34.57491,3.482198861988134e+16,0.28477635827080133,2.333037930587984e-07,286811422124225.2,9345891898.48,1.4955121664955557,9.929045229846446e-16,0.0014612797365195355,1.248458137395635e-09,1471722308331.286
379,142050,13.95544,7075223759167779.0,0.049149819414150156,3.86419735683856e-08,24918309281384.246,1671070260.25,1.4955121664955557,1.9724379715789376e-15,0.0006554418030019657,5.392578434292918e-10,332300337169.68256
380,153322,37.71143,1.8746505442090252e+16,0.4196512089103466,3.4176456952903885e-07,208610325082277.84,7814285184.0,1.4955121664955557,2.0116511910176653e-15,0.0013050306351428563,1.0695095254766471e-09,648736043788.317
381,220513,9.176177,6990409290287655.0,0.026959340797317856,2.016604619633966e-08,20537618920123.465,818767188.82,1.4955121664955557,1.312680934541159e-15,0.0004304998608037751,3.358360760473036e-10,327954683789.3659
382,117027,16.057976,2.051634920184501e+16,0.1728472049650775,1.3569752074442105e-07,220836898475026.25,3195704649.02,1.4955121664955557,7.826916885659135e-16,0.0008078796546369465,6.501382546812991e-10,1032181210608.2073
383,105627,0.5177715,1062165890051415.0,0.00018706480945287183,1.2154192291460103e-10,383748158849.6237,7693316.84,1.4955121664955557,4.874676402712733e-16,4.23533225335793e-05,3.174641612199275e-11,86884377617.3735
384,149401,5.1544065,2756376250275072.5,0.015346524268621282,1.206569876713412e-08,8206724676894.949,496653814.23,1.4955121664955557,1.869993800550856e-15,0.0003547572066486414,2.9664536431362356e-10,189710365106.0973
385,99152,0.89996964,730970612640579.9,0.0015572962342388535,1.1008510639949214e-09,1264862426253.0042,35639361.44,1.4955121664955557,1.2311981144480257e-15,0.00011894141008351535,7.818386020628539e-11,96606231513.63379
386,41398,5.7185745,2308835830042344.0,0.05078483866283898,4.011688035788616e-08,20504035599725.48,1933259435.85,1.4955121664955557,2.4768216196190622e-15,0.0006642256199112285,5.285969291449477e-10,268176607733.82104
387,129381,23.331015,6619696650289477.0,0.08568102108402897,6.723093251439033e-08,24310231177826.11,4060982788.05,1.4955121664955557,3.5244840107559525e-15,0.0009086903065299458,7.601365483773474e-10,257822224120.41656
388,31175,12.727223,1.102758675132034e+16,0.06867320413371272,5.3620127026098776e-08,59502353032994.52,1697876231.51,1.4955121664955557,1.1541258560923278e-15,0.0005932592355372781,4.868993301407545e-10,514033398009.0803
389,105842,16.03835,1.2962113229711892e+16,0.047630705125621654,3.6603971510828255e-08,38494894615052.45,1830399399.13,1.4955121664955557,1.2373252505800309e-15,0.0006488690599257513,5.2781361538972e-10,524412687465.6245
390,103349,6.328493,2559823963281146.5,0.029364837692845612,2.309008968220354e-08,11877838089416.809,1180183190.53,1.4955121664955557,2.47223757991867e-15,0.0005123671000649742,4.2213056260986876e-10,207248326061.70062
391,185758,10.117148,5744440497739711.0,0.021326068596081434,1.644680721276418e-08,12108781259392.988,994464692.06,1.4955121664955557,1.761206858001373e-15,0.00044178885679924216,3.5267805470677935e-10,250844388205.81616
392,96950,2.6282601,1371002190399572.0,0.003763125395682975,2.8631882790269904e-09,1962991851616.8223,155965831.17,1.4955121664955557,1.9170356680714028e-15,0.00019604658029134103,1.5559865213212474e-10,102265483922.14839
393,191003,16.139395,1.388675923341797e+16,0.04463787838310922,3.401607606321034e-08,38407602626791.8,2137974792.92,1.4955121664955557,1.1622146484084743e-15,0.0006491301364762732,5.170196454309887e-10,558528613767.8491
394,64255,0.4311281,1434393410211155.2,7.841669725337556e-05,6.15347306019516e-11,260897848669.02692,3175019.7,1.4955121664955557,3.005647522715084e-16,2.0335297735889997e-05,1.599592092321742e-11,67656961044.8552
395,39405,0.51095295,207010567656657.75,0.005336307359551578,4.04349458154747e-09,2161983829805.0195,159311811.43,1.4955121664955557,2.468245731529286e-15,0.00020835299067220562,1.599843067342631e-10,84413390454.08311
396,167580,20.82815,7840095112940827.0,0.06190808051460117,4.697108718832498e-08,23303329364061.23,2975426041.29,1.4955121664955557,2.6566195562629267e-15,0.0007860375240982833,6.249208954308661e-10,295878844317.477
397,61565,46.238823,1.0504978189142492e+16,0.20913960933540468,1.6963765329301812e-07,47514337347086.19,5635238699.21,1.4955121664955557,4.401610566673096e-15,0.0011807276146849214,1.019452627761507e-09,268248995861.83972
398,191423,27.103891,4.685676555551448e+16,0.10091513135712536,7.88145969113261e-08,174460436363353.53,3260052576.73,1.4955121664955557,5.784413558782271e-16,0.0009073025395443482,7.603035644666998e-10,1568529861020.782
399,112132,0.58587533,382175977443785.7,0.03410338124834713,2.665781886181972e-08,22246188558110.367,1453569378.37,1.4955121664955557,1.5329988397456942e-15,0.0005585931230014917,4.4893790356221237e-10,364379351450.8827
400,235125,8.464471,5057139686570901.0,0.021210644185725273,1.5738746846812462e-08,12672403330269.03,821405091.14,1.4955121664955557,1.6737665013440652e-15,0.0004117103768998067,3.3092996525991216e-10,245978382629.35464
401,145878,10.714045,6081568297703983.0,0.1815222863414708,1.4842542469546075e-07,103036731873072.55,1111532922.17,1.4955121664955557,1.7617240283308088e-15,0.0005043190647246544,4.074728518019792e-10,286264509431.9821
402,76075,12.942978,2.838598274259653e+16,0.07594653642178605,6.305227020450254e-08,166562677633292.53,1170290120.98,1.4955121664955557,4.55963709883383e-16,0.0005004221106360223,4.0588224602203394e-10,1097504252616.968
403,163916,17.341722,3.964095077687671e+16,0.056476973565409566,4.459401817217452e-08,129099113060016.05,3838451815.95,1.4955121664955557,4.374698805185002e-16,0.0008230797986709194,6.720632149973664e-10,1881454781973.5264
404,124018,24.489973,1.0093980548344202e+16,0.11381765343401083,9.639987358554688e-08,46911982296635.73,2171087219.31,1.4955121664955557,2.4261957790296406e-15,0.0007561259032588737,6.128717722699084e-10,311650819688.29694
405,161886,49.175087,4.807064100394031e+16,0.18991347809143286,1.50836481063708e-07,185648123553761.12,8220792639.51,1.4955121664955557,1.0229754788576495e-15,0.001397281887902535,1.1658729340469839e-09,1365899688488.0088
406,98716,0.18454267,160507621730555.2,0.00735601470899321,5.5915052991055465e-09,6397958945513.697,158640483.67,1.4955121664955557,1.1497439686060052e-15,0.000253893874045922,2.0584454147423473e-10,220826445694.4731
407,79170,5.878449,1.100986768792994e+16,0.01178840120603414,9.348848607492918e-09,22078738376512.17,495013300.44,1.4955121664955557,5.339254899897219e-16,0.00032169598526858735,2.705690435843694e-10,602511008183.5201
408,87960,28.819809,7997153694989353.0,0.055593823850912875,4.3864029883236784e-08,15426623883174.074,1893603111.65,1.4955121664955557,3.603758299413097e-15,0.0006512306252399183,5.509937580407347e-10,180708741023.4967
409,49428,11.794595,4819791792469102.0,0.0498402450500155,3.940554688871568e-08,20366922647764.805,1231112886.17,1.4955121664955557,2.4471171178865004e-15,0.0005712078337367851,4.745630634360512e-10,233420717611.6359
410,272734,5.8611565,6271219756439892.0,0.09785708598577404,7.579974172230335e-08,104703447338699.03,406724729.91,1.4955121664955557,9.346118821591605e-16,0.0002793857639167306,2.4634100503898836e-10,298932390278.7193
411,202792,12.110256,4334069009871317.5,0.04034618537081626,2.9561293329640133e-08,14439261373349.85,1074089530.98,1.4955121664955557,2.7942000859740727e-15,0.0005003034498024657,3.748322667488009e-10,179050688715.4637
412,228714,6.4822984,3817111913726182.5,0.014012039212149214,1.0330250493295646e-08,8251011988632.487,231410524.08,1.4955121664955557,1.6982206826815617e-15,0.00022079163087380377,1.7678157625616405e-10,130013509507.58916
413,168846,0.27407178,544518276983600.4,0.0005106834630009545,4.799770658045629e-10,1014611863203.4935,12388193.61,1.4955121664955557,5.033288901122678e-16,7.581811523597206e-05,6.930226112103337e-11,150633346754.76465
414,165018,11.79444,5286208234168563.0,0.11247153113178067,8.842417964853018e-08,50409170251267.95,1962514619.97,1.4955121664955557,2.2311720381660447e-15,0.0006886306693433136,5.627080691928345e-10,308640776042.2397
415,179164,25.900757,1.7647918747252304e+16,0.22192002047228465,1.8267236086667862e-07,151208958474976.12,2569041982.24,1.4955121664955557,1.4676380467828606e-15,0.000805268610560011,6.604274173271521e-10,548683384384.31866
416,172949,20.993042,9588966127612206.0,0.11985540866571145,9.245886822849856e-08,54746208477391.016,2367452655.29,1.4955121664955557,2.189291496144598e-15,0.0007108892300458025,5.752174545019606e-10,324712004453.35754
417,146110,23.501204,2.3544954772402524e+16,0.22657269813893652,1.7041316319122826e-07,226994494849815.78,6513071097.32,1.4955121664955557,9.981418196456336e-16,0.0009708276731017117,8.064134896082724e-10,972635004358.7803
418,117636,17.292213,5643786825256543.0,0.051095493853828035,3.947837905333936e-08,16676412385286.447,1690745003.18,1.4955121664955557,3.0639380145641786e-15,0.0006297188208837182,5.071007437382876e-10,205525966220.72684
419,126122,8.5481615,1.6475051316415758e+16,0.02197891009875864,1.693025718968545e-08,42360415366033.63,1285354819.29,1.4955121664955557,5.188549240804248e-16,0.00045483932888900404,3.599623169902741e-10,876621397966.1528
420,147838,1.5621843,627135033932098.9,0.016911411012961917,1.3282125910569889e-08,6789044237260.317,884523230.19,1.4955121664955557,2.490985538162648e-15,0.00037518076399375435,3.0919659283327003e-10,150615392279.83145
421,57121,43.253834,4980682572757508.0,0.16978187923316773,1.3343736375396184e-07,19550397476132.598,10105629864.95,1.4955121664955557,8.684318538302858e-15,0.0013862932952053433,1.1630034470761025e-09,159631787927.97495
422,190542,28.602188,2.839308915915805e+16,0.08692992728720851,6.755145061520998e-08,86294418317397.16,3498497129.86,1.4955121664955557,1.0073644272967216e-15,0.0008991201754257233,7.356824488086796e-10,892547077365.5632
423,208214,8.450549,7949535604974481.0,0.09830695888076185,7.495136242971355e-08,92478567941488.61,1470997196.95,1.4955121664955557,1.063024234360559e-15,0.0005095408546665786,4.026140935884577e-10,479331362537.6403
424,112281,4.9232435,2705088248485578.0,0.10131874497037954,7.739580994278415e-08,55669833590534.56,333956375.62,1.4955121664955557,1.819993674053421e-15,0.00029793389365040043,2.422588990379236e-10,163700510555.54132
425,152286,0.13438004,230997552465693.22,0.0019553367153985783,1.3047891707065144e-09,3361198549303.7456,42966598.86,1.4955121664955557,5.817379386301401e-16,0.00011174883142006271,7.89984809229651e-11,192094797329.5427
426,35984,12.451916,5541630505445265.0,0.023885699818012723,1.839176862236025e-08,10630149027298.91,804215376.28,1.4955121664955557,2.246976947987531e-15,0.0004338833448186702,3.52157864132508e-10,193096482457.1391
427,251995,8.08897,1.0848159459910774e+16,0.050593977270273614,4.36543536931235e-08,67851844318748.79,586656186.63,1.4955121664955557,7.456536779250599e-16,0.0003566157011814973,3.3683481175477965e-10,478259159364.51416
428,204731,21.369148,2.441801357295833e+16,0.12466660848039186,1.1639578029535597e-07,142453547421211.7,2275363534.76,1.4955121664955557,8.751386731828674e-16,0.0007245605517507345,6.17710747803496e-10,827937987376.9236
429,43335,16.080902,3995712453437437.5,0.051024918990325414,4.015393026556352e-08,12678449520137.594,1195027473.11,1.4955121664955557,4.024539349963958e-15,0.0006471803417887004,5.412384938217961e-10,160808551118.89917
430,95683,14.486257,1.338396479051135e+16,0.057526460200195605,4.409967066926953e-08,53149141137159.89,2911783228.12,1.4955121664955557,1.082359168358701e-15,0.0006910505756549879,5.565198494573623e-10,638466967210.9889
431,204129,21.415812,2.5571584700928656e+16,0.192975777667823,1.655676236350937e-07,230423037140049.28,2724298918.56,1.4955121664955557,8.374847413825809e-16,0.0007782357518725387,6.498164696584534e-10,929253648953.3772
432,93708,6.6688814,7275713551037273.0,0.0035985275499303897,2.5297344393156198e-09,3925974100965.3423,132573304.25,1.4955121664955557,9.165948265032014e-16,0.00017546824108834126,1.4041075439997173e-10,191434902330.5647
433,14928,17.656202,6214945526209099.0,0.19934430103133155,1.456552889304374e-07,70168769697466.87,1168908170.2,1.4955121664955557,2.8409262680649223e-15,0.0005128897717450298,4.1787984458845277e-10,180536108068.15527
434,139653,19.087456,1.3837712263297668e+16,0.05512028886075946,4.287506958655656e-08,39960207223269.62,2502956525.24,1.4955121664955557,1.3793794549859548e-15,0.0006773518712130247,5.545421249062227e-10,491055502359.8794
435,107593,35.628128,8470302946561523.0,0.10083041950803341,7.990342888151962e-08,23971627121748.58,3343415996.18,1.4955121664955557,4.206240110274103e-15,0.0009209982702239486,7.515561229747478e-10,218959984708.0368
436,148190,1.4471811,579421605833258.0,0.020447329559731428,1.5757771479441256e-08,8186691028857.015,646481007.19,1.4955121664955557,2.4976305429943876e-15,0.00042212343060997503,3.496317197576023e-10,169009556595.14594
437,172152,3.4860647,3426820180659148.5,0.011883593955539314,9.030483845885283e-09,11681636197286.068,313061455.18,1.4955121664955557,1.0172884820963835e-15,0.00030324905266558073,2.3822674964168693e-10,298095435073.3023
438,116452,7.2386265,3488435590247575.5,0.009648345641303391,7.397835347941353e-09,4649726342716.097,458969616.58,1.4955121664955557,2.0750351590944157e-15,0.00029820951451355103,2.3302830633431726e-10,143712993587.87503
439,159402,15.619866,6819076937277337.0,0.09055976931005094,6.840851179039293e-08,39535168505755.71,3108993481.32,1.4955121664955557,2.290612958861345e-15,0.0008343332630022034,6.564774828613158e-10,364240174130.92224
440,162158,0.38137802,753981208668898.2,0.00048715371922282083,3.4757383821870503e-10,963098896017.0582,26921585.2,1.4955121664955557,5.058189986900291e-16,8.252989536130152e-05,6.31909496987883e-11,163160924312.9214
441,163120,4.8672004,5167590040120694.0,0.021658017511665,1.731438515929367e-08,22994688195300.043,468691937.71,1.4955121664955557,9.41870458417077e-16,0.0003926606864219625,3.2794020759947235e-10,416894577075.78436
442,185503,14.071121,7245524944886965.0,0.2766612351852683,2.296622112473015e-07,142458861722395.88,2737572510.63,1.4955121664955557,1.942042999925041e-15,0.0007224691295599131,5.942775686795527e-10,372015001515.311
443,222273,4.661322,5520049361566162.0,0.03281020925350912,2.5944816009035075e-08,38854637084218.86,1034896180.27,1.4955121664955557,8.44434840103944e-16,0.000578152899118203,4.77272117660408e-10,684662536006.966
444,199965,21.003607,1.7760500220891298e+16,0.08323834702644524,6.526298521294684e-08,70385752349575.34,3168608610.46,1.4955121664955557,1.1826022205891422e-15,0.0008361344249476974,6.830530921009967e-10,707029304013.2772
445,243093,11.808745,8134425646929100.0,0.036861110633993346,2.7739422532117486e-08,25391687576914.098,1340294111.12,1.4955121664955557,1.4516999125141706e-15,0.0005598146272399767,4.430953253861958e-10,385626962166.3369
446,144966,36.145237,3.9989022929162184e+16,0.13903240385422258,1.0996031287826175e-07,153817499816726.72,5041468815.88,1.4955121664955557,9.038789735880472e-16,0.001178306417750374,9.925771749117219e-10,1303610828641.092
447,18694,9.651689,3034834897966672.5,0.05082970123112971,4.062243479332235e-08,15982669059213.574,1686158625.63,1.4955121664955557,3.1803011776576687e-15,0.0006860662011605843,5.596758043388281e-10,215723657237.35657
448,212378,16.450563,1.3081424500469128e+16,0.082369755146908,6.78346863721837e-08,65500112857925.016,1800566915.32,1.4955121664955557,1.257551346904922e-15,0.0006885382707691369,5.726820385700159e-10,547522987799.8725
449,7356,7.44968,1479484071179886.2,0.012405659908969666,9.485595894314397e-09,2463726794680.515,302345568.05,1.4955121664955557,5.035322883915128e-15,0.00032607447233998725,2.771226384202409e-10,64757410767.361496
450,88362,14.743542,7847335537148612.0,0.04963043272458227,3.830194211106277e-08,26416084984441.18,1771294112.77,1.4955121664955557,1.87879592126593e-15,0.000648512046258888,5.158746107824255e-10,345174288978.61426
451,135010,4.736135,3832990541613471.5,0.012591988436545213,1.006744005282478e-08,10190793247528.629,489316179.69,1.4955121664955557,1.2356239726086974e-15,0.0003221665177586742,2.7195451677747344e-10,260731844720.12445
452,175570,21.82736,1.8763897491575988e+16,0.24287392809408143,1.8926796407830753e-07,208786655378100.75,4715314531.93,1.4955121664955557,1.1632636561673473e-15,0.0008968850272385266,7.504615408516707e-10,771007520507.8878
453,221200,10.621405,2.4961661317248508e+16,0.04779357410612051,3.5018732764723094e-08,112321016850199.97,877132192.76,1.4955121664955557,4.2550873778022974e-16,0.0005113252300275451,4.016229666517873e-10,1201679741513.648
454,65224,16.451443,1.264784238475187e+16,0.08835810138519093,6.992281479819268e-08,67929563366315.08,1847597034.16,1.4955121664955557,1.3007311839870585e-15,0.0006650286314531028,5.43668158263645e-10,511272920677.29767
455,182525,23.433113,1.4804668601384232e+16,0.08594530269058971,6.684664204348796e-08,54298877156434.03,2354630311.52,1.4955121664955557,1.5828191519132694e-15,0.0007427564371539095,6.158546725496671e-10,469261719670.3018
456,185385,18.927107,1.1988769457973792e+16,0.06173353675941541,4.8365324933886945e-08,39103130765519.625,1837571885.28,1.4955121664955557,1.5787364221447668e-15,0.0007118465946727463,5.715397467405464e-10,450896416075.3818
457,73545,0.89327353,294353672179734.0,0.003978443933203414,3.0741499599972947e-09,1310986547759.4631,129894543.04,1.4955121664955557,3.034694703773093e-15,0.0001932258750501131,1.6081432201133564e-10,63672261598.46384
458,108176,105.0007,1.6885374663572698e+16,0.3565070926456235,2.8470993337411384e-07,57330625696232.27,7049852667.13,1.4955121664955557,6.218440638247785e-15,0.00160238917425689,1.3282082910242053e-09,257683439864.5006
459,186444,8.066903,3507070521974601.5,0.027277637157217444,2.1148046982041942e-08,11858900148321.65,939478942.89,1.4955121664955557,2.300182716445079e-15,0.00046750702926293315,3.6251924411581367e-10,203247779370.09412
460,67554,20.454123,4109909836310786.5,0.09981320566218688,7.85933852403683e-08,20055774366113.54,2327541764.37,1.4955121664955557,4.976781441599801e-15,0.0006076630215956745,4.964551257440718e-10,122099599656.18651
461,48306,3.0283787,1746554130619684.2,0.005180903472779937,4.270578054466747e-09,2987977811601.193,121083968.13,1.4955121664955557,1.733916313790698e-15,0.00018910053902869198,1.4896535880701889e-10,109059784214.89055
462,74104,2.5792685,1417217470721830.5,0.01247949069787524,9.65722920581677e-09,6857041925933.403,317100080.41,1.4955121664955557,1.819952514899709e-15,0.00032454130689432627,2.688094003997014e-10,178324051994.40634
463,122638,9.8892145,7640097487383522.0,0.055751303856933845,4.3680817422442036e-08,43071711763933.88,1357071628.65,1.4955121664955557,1.294383287167547e-15,0.0005231565318873593,4.2373277058065673e-10,404174356292.99896
464,53488,0.82486945,998609240805472.4,0.00016637268123216654,1.2362249962473703e-10,201415262616.4355,6960632.2,1.4955121664955557,8.260182424655565e-16,1.3811434066271523e-05,1.0259433278354546e-11,16720495209.70166
465,142289,28.123707,1.833021242412806e+16,0.598790450255812,4.915965213913081e-07,390274160896652.8,4262640806.28,1.4955121664955557,1.5342815647341196e-15,0.0009695329556916836,7.945492668363084e-10,631913318895.738
466,176784,25.036901,2.6958832274424108e+16,0.13643828388116622,1.060218698526366e-07,146911824708761.78,4425888764.4,1.4955121664955557,9.287086601207335e-16,0.0009588407554540175,7.794201129528466e-10,1032445153821.8312
467,151246,3.6128976,4586930294795250.0,0.00810149381701352,6.113735814037123e-09,10285646463480.096,246792163.58,1.4955121664955557,7.876504258413353e-16,0.00023765620649693564,1.9932777990647744e-10,301728023879.4783
468,233482,10.253971,6996860696477846.0,0.06965427773202391,5.5164620812841955e-08,47529028334949.47,994420182.59,1.4955121664955557,1.4655102402084056e-15,0.00048573934126680025,3.9196383816750373e-10,331447251571.3877
469,79169,2.750316,1998697130380551.8,0.011741234087007146,9.187430211464687e-09,8532536216502.939,429292686.91,1.4955121664955557,1.3760544097425808e-15,0.0003238037066306164,2.666144487577841e-10,235313156469.7289
470,82353,0.38358337,1557092728190611.5,5.047494652601801e-05,2.9541697045445574e-11,204894628751.69125,1708600.1,1.4955121664955557,2.4634587462606376e-16,3.777293748118551e-05,2.2107535567383798e-11,153332941087.4944
471,78146,0.6655691,444474861507740.94,0.00044712970165983277,4.0284840644130606e-10,298598465916.2387,34300539.94,1.4955121664955557,1.497427993435369e-15,5.604617469927482e-05,5.495296250705206e-11,37428293677.544266
472,55760,0.6332185,559296472115823.0,0.00587441691895606,4.615470320069006e-09,5188636558328.013,305489836.71,1.4955121664955557,1.132169665945736e-15,0.00021532758392134714,1.7862256112188007e-10,190190207703.0808
473,133334,17.505217,3.664269083329757e+16,0.06453900069302837,5.1768885358319406e-08,135095877365280.08,3497117193.36,1.4955121664955557,4.777273885162615e-16,0.0008057029269390967,6.693606416008624e-10,1686532835057.815
474,88183,17.958124,1.4735623331518798e+16,0.1122208793324908,8.707631071370307e-08,92083371724986.8,2882354421.09,1.4955121664955557,1.2186877742449095e-15,0.0007842141277485485,6.375576036046582e-10,643490600563.7433
475,125835,30.806395,1.266412504234317e+16,0.1889876786082869,1.474796280098931e-07,77690479309815.67,3641964023.0,1.4955121664955557,2.4325719224184216e-15,0.0008723748309927877,7.057826111320424e-10,358622420555.3962
476,50987,1.2546601,368519807170662.6,0.006730464868319771,5.347078230040494e-09,1976877734011.085,225884052.26,1.4955121664955557,3.404593391146987e-15,0.0002409578966589155,1.9273049312226268e-10,70774353638.08253
477,138651,0.49605763,555387729341019.94,0.0007768403492350202,4.981644492834118e-10,869752971287.0717,12847689.06,1.4955121664955557,8.931735502845617e-16,8.196031614403961e-05,5.997010079229286e-11,91763035434.63347
478,210376,9.248927,6978469333798968.0,0.009309631489669075,7.575717463183022e-09,7024271881443.636,212730191.46,1.4955121664955557,1.3253518153622138e-15,0.00024445650061966507,2.0625821930197687e-10,184446497742.07764
479,233153,19.935375,3.0217119687945844e+16,0.07950026384942589,6.29332050306125e-08,120502824148598.98,1624253754.49,1.4955121664955557,6.597377647464057e-16,0.000668140756054163,5.316080046877179e-10,1012736865701.4613
480,220606,8.052445,4524774302286224.0,0.05438055271400248,4.0193408191798275e-08,30557144750996.72,1298568916.51,1.4955121664955557,1.779634620876307e-15,0.0005383664122668918,4.1238104582493216e-10,302515137630.7771
481,147658,56.9774,1.2304442655039584e+17,0.27242311490610577,2.178239595167117e-07,588305994178294.8,8360114833.9,1.4955121664955557,4.63063639673785e-16,0.001533012338532418,1.2940776270382833e-09,3310586725428.0234
482,22363,35.83146,8.664132765072602e+16,0.1364319584855009,1.1281565799879523e-07,329895740144904.3,5355485306.68,1.4955121664955557,4.1356083720745883e-16,0.0011295763799099795,9.733748901691018e-10,2731342714985.6997
483,19990,23.16204,6688388126886729.0,0.09120998826306684,7.667515025006633e-08,26338258743710.574,2525361603.44,1.4955121664955557,3.4630227134831857e-15,0.0009038449630267211,8.36972611829028e-10,260998854990.93756
484,60097,4.826174,1897639173964431.8,0.05488681056921512,4.281030225527792e-08,21581352406711.324,1771533399.53,1.4955121664955557,2.543251670926171e-15,0.0006546006138183645,5.252152626112225e-10,257387273662.92456
485,115396,0.52403027,758595124686604.8,0.00019676281495309636,1.5686230861411153e-10,284837194887.67596,2560517.5,1.4955121664955557,6.907904532295676e-16,3.762851611129978e-05,2.983158070966659e-11,54471679415.05244
486,88906,0.12699823,93172316234933.25,0.0024021508788145637,1.8958475150597555e-09,1762339217837.3933,53063187.91,1.4955121664955557,1.3630468269112787e-15,0.00012991024260349985,1.0328923828539736e-10,95308715767.22122
487,229413,8.911796,7531684051477878.0,0.11647117129309885,1.1110788142844124e-07,98434037682772.42,413344240.67,1.4955121664955557,1.1832408182671066e-15,0.0003011423120734401,2.5027612398209376e-10,254506358658.6478
488,148775,7.773757,5251046229062729.0,0.026863167400073426,1.968764158716666e-08,18145632012530.93,752512249.46,1.4955121664955557,1.4804205982752422e-15,0.0004040920272543968,3.1918860185970993e-10,272957582274.37698
489,75037,18.91184,8868362277829857.0,0.15298361639255106,1.1865528240183742e-07,71738875368112.94,6532665092.03,1.4955121664955557,2.1325064772419114e-15,0.000895497085126041,7.356306204254643e-10,419927017658.6928
490,77524,31.65228,8004920080746793.0,0.08401783660669289,6.583893136242144e-08,21248266077319.51,2572974960.39,1.4955121664955557,3.954103186630079e-15,0.0008384577244057276,6.807471754795935e-10,212047507318.67242
491,133984,3.7213135,1495975196274954.0,0.026610568626709786,2.0959033617921665e-08,10697499854374.082,972106281.18,1.4955121664955557,2.4875502677225123e-15,0.00047632190206399103,3.8753615962331595e-10,191482322284.92398
492,123627,5.843126,4454065755802082.0,0.017911710590918884,1.3848918902841588e-08,13653639639270.021,497726027.78,1.4955121664955557,1.3118634345234937e-15,0.0003780250964300897,3.0285428900513207e-10,288158878799.30066
493,179254,0.42097843,336785645342358.7,0.05420922011137894,4.2047022438414e-08,43367749693771.07,2013441549.7,1.4955121664955557,1.2499892314948736e-15,0.00066842119834272,5.587729763917451e-10,534741565368.00635
494,4971,42.99665,3.577831993983893e+16,0.1835796569796837,1.5105835715501195e-07,152760080189154.44,5693188922.76,1.4955121664955557,1.2017515096376426e-15,0.0011905814281715009,1.0113744361515671e-09,990705165438.4775
495,147327,2.0497546,3264627324365561.5,0.0031035237323234024,2.433109361256102e-09,4942956770708.05,63344500.81,1.4955121664955557,6.278678686236701e-16,0.00015437886639107788,1.2190045708205263e-10,245877953158.34055
496,172582,16.184258,9411834455091850.0,0.22766445594576998,1.6809012136805353e-07,132396565271644.73,1341275474.5,1.4955121664955557,1.7195646690581382e-15,0.0005532986868797908,4.4220136839421515e-10,321766722029.04156
497,145879,17.035269,1.2599137126049734e+16,0.09142585936590664,7.243641743596597e-08,67617772224083.82,3598005065.51,1.4955121664955557,1.352098070651061e-15,0.0008993676886588611,7.405649934322114e-10,665164538120.9652
498,30305,1.8324066,650046219097059.9,0.001245661405454174,8.51501478622175e-10,441898368457.42395,78555854.97,1.4955121664955557,2.818886636315316e-15,0.00013162713925925703,1.0014261018523586e-10,46694726053.727486
499,146308,10.200832,5647728912768771.0,0.049707161571993695,3.980320596436636e-08,27520556517528.918,2005554156.52,1.4955121664955557,1.806183008702359e-15,0.0005535585375431165,4.4781695804271026e-10,306479761395.174
500,130991,5.0619864,4757832458610661.0,0.0748692454554022,6.101330525133545e-08,70370660454441.62,193367025.82999998,1.4955121664955557,1.0639269970170734e-15,0.00021466336029367112,1.816075900200425e-10,201765121944.94702
501,173160,20.705984,8641701865674745.0,0.14701740677680544,1.1719407080215304e-07,61358136779675.984,2815872081.18,1.4955121664955557,2.396053962732175e-15,0.0008446985409088324,6.795145301567091e-10,352537361030.7335
502,183358,36.575153,1.51652702809098e+16,0.1815241633773332,1.453933449898034e-07,75265932589079.98,6348338150.37,1.4955121664955557,2.411770599699841e-15,0.0014401885349700002,1.2228966079542318e-09,597149884466.3087
503,65542,8.782858,2195144844605922.5,0.01759268776549941,1.3456303082635023e-08,4397030881200.3696,511897401.76,1.4955121664955557,4.001038027892286e-15,0.00037579952704975075,3.061136172389456e-10,93925507438.30817
504,147213,10.709239,6152976843323781.0,0.059048163261841126,4.532621258606289e-08,33926031643416.535,1321586960.44,1.4955121664955557,1.7404972052868914e-15,0.0005210152725366472,4.2578251608732544e-10,299348525785.63416
505,86852,0.34676415,586967214325595.1,0.0003647990407177514,2.9696566596827874e-10,617494849795.5972,10578905.61,1.4955121664955557,5.907726045626243e-16,4.586410723860631e-05,4.380957879046652e-11,77634113167.04771
506,77197,2.1959598,1678188657295052.8,0.002822143749369861,2.2363932917490564e-09,2156728747697.7644,72427635.11,1.4955121664955557,1.3085297594249646e-15,0.0001461390810502866,1.2809923162834625e-10,111681893359.8481
507,195871,12.474924,9561045668646438.0,0.18912975437399138,1.5020370690900895e-07,144953044913910.1,1683028659.74,1.4955121664955557,1.3047656535005424e-15,0.0005755616617176098,4.54353175491532e-10,441122633917.7778
508,214595,18.354597,2.7018098915779304e+16,0.06821722753783992,5.475093135453887e-08,100416250020503.47,2490084025.22,1.4955121664955557,6.793445037422828e-16,0.0007280736652224698,6.173517728100896e-10,1071729676492.1984
509,90186,26.419626,1.7708219166778996e+16,0.09010830271627261,7.098981887184305e-08,60396675306691.414,4331337975.84,1.4955121664955557,1.4919414398012304e-15,0.0009397487707260308,7.845090987997264e-10,629883147994.8921
510,49429,0.33719754,279516150001629.97,0.006476399874719978,5.10270019873487e-09,5368539636596.301,220981080.38,1.4955121664955557,1.2063615644320863e-15,0.00021993286442438488,1.857432914955696e-10,182310901564.50876
511,141103,24.853113,1.3917908804043002e+16,0.11218756066748779,8.955953969468168e-08,62825781153376.51,3532599916.39,1.4955121664955557,1.785693048425525e-15,0.0008324068484853901,6.905104305772318e-10,466153379058.81244
512,150345,5.6834044,2045785092101383.0,0.04072315594874358,3.072527053359459e-08,14658612950938.24,1606287825.25,1.4955121664955557,2.778104318944928e-15,0.0005931468193088887,4.77598637305428e-10,213507756085.3275
513,182676,9.513243,7066932263004993.0,0.062385709258379426,4.990111799585642e-08,46343353313742.84,1382824611.54,1.4955121664955557,1.3461630373622385e-15,0.0005102375729652372,4.056072385085787e-10,379031037700.3299
514,2586,0.45068336,1063760320544578.1,0.0017261583154319627,1.3553475080193162e-09,4074298911179.2227,62244895.2,1.4955121664955557,4.2367002349672017e-16,0.00010354546005301639,8.658852860245435e-11,244401195058.3943
515,110238,15.5287285,1.0887207129863004e+16,0.04042884774394906,3.1182869647353695e-08,28344705711743.754,1604291177.91,1.4955121664955557,1.4263280118374491e-15,0.000593023653665214,4.753427590434441e-10,415769478509.54614
516,181719,18.461994,1.0328963475513192e+16,0.1280902870992551,1.0854276780432487e-07,71662892806497.73,1927685755.17,1.4955121664955557,1.787400453469289e-15,0.0006978021805401451,5.822015631042792e-10,390400583811.9447
517,197931,12.304439,6913860017234437.0,0.057930001477614304,4.668989389682272e-08,32550847788705.31,1372174318.33,1.4955121664955557,1.7796771946970674e-15,0.0005280378593642124,4.2009818438172365e-10,296704290495.8355
518,44494,1.1833956,1616273917436958.2,0.0028978731438644182,2.0682987115888918e-09,3957896056457.4497,188378569.78,1.4955121664955557,7.321751512742317e-16,0.00016233818648367195,1.1557536027158551e-10,221720426049.89905
519,11148,1.6926229,1013187863974275.4,0.028397175474446177,2.3476156928034455e-08,16998277384677.238,2237406678.06,1.4955121664955557,1.670591368278544e-15,0.00046988758584446246,3.7882017319181637e-10,281270210517.52277
520,156432,20.73875,9001916624785015.0,0.06548135882440437,5.165104823609962e-08,28423011638354.223,1384907086.09,1.4955121664955557,2.303814939020865e-15,0.0005997477681456306,4.760290990946421e-10,260328101006.4667
521,222610,11.909512,9921907596647952.0,0.06847333701952019,5.5479307483408405e-08,57045672630567.3,1341221671.28,1.4955121664955557,1.2003248250390426e-15,0.00047925523621508844,3.890667146875077e-10,399271285753.42084
522,252865,13.786829,1.3047961283060926e+16,0.030746462394632957,2.505387820822244e-08,29098689112359.312,629490468.92,1.4955121664955557,1.056627062336419e-15,0.0005585232067321307,4.665613606319933e-10,528590669916.3292
523,162268,16.439516,1.2579899711374114e+16,0.170873231906209,1.4375375154856855e-07,130756168292210.11,1429678142.98,1.4955121664955557,1.3068081922096895e-15,0.0006090163722627599,5.136748671731876e-10,466033482108.01355
524,169173,25.691044,1.5438007734427038e+16,0.08259509694372638,7.003742460121857e-08,49632227691603.3,2458894498.94,1.4955121664955557,1.6641424490744688e-15,0.0006977148263728108,5.61568877711431e-10,419263883786.4226
525,126123,3.4369137,7437643432652957.0,0.017594838391742616,1.3657104207402814e-08,38076060569380.77,225161662.41,1.4955121664955557,4.620971321253668e-16,0.00019613936926955684,1.3908713035984837e-10,424454850796.05365
526,35985,23.571743,1.3972453221118538e+16,0.2812743867543113,2.1599222926325972e-07,166729003078958.5,3284127584.5,1.4955121664955557,1.6870153456211041e-15,0.0007870404789289586,6.252347078542932e-10,466528346035.4037
527,179003,30.349928,1.7636441748228056e+16,0.1842496007018166,1.53443589755262e-07,107068041476469.66,2822649648.02,1.4955121664955557,1.720864584436329e-15,0.000924105914752791,7.634419572904788e-10,537000948889.5856
528,110793,0.13397364,95094273552217.81,0.0008243075284092512,6.04757538301203e-10,585092153931.9368,24051937.34,1.4955121664955557,1.4088507645671525e-15,9.383475673174927e-05,6.244227906945901e-11,66603758958.51434
529,178881,13.57975,6457620292898700.0,0.09663222354252474,7.683421604785969e-08,45951818530984.09,2529573390.32,1.4955121664955557,2.1029031414147015e-15,0.000777128477165758,6.345485416994037e-10,369550295427.75543
530,50407,2.2283056,856769288182107.4,0.014397108904234547,1.0524287986454133e-08,5535596530279.021,624114446.96,1.4955121664955557,2.600823384703737e-15,0.00035603757773996234,2.7596210889197496e-10,136894177372.41663
531,66419,8.509018,5859633015368074.0,0.019666259113558463,1.5004123207114924e-08,13542933061205.236,499887233.58,1.4955121664955557,1.4521417941504828e-15,0.00038029160159009463,3.034827704398943e-10,261883242478.10037
532,65988,32.44693,1.2627322687619678e+16,0.08750161672680168,6.904634759303802e-08,34052871877177.418,2667389935.34,1.4955121664955557,2.5695811220388185e-15,0.0008196433094988181,6.594013310288237e-10,318979347438.72845
533,144578,1.1045481,405124296023065.5,0.052842552631135485,4.1007420231021426e-08,19381502656833.645,1682971384.55,1.4955121664955557,2.7264425038016313e-15,0.000641765467415016,5.032119401616193e-10,235385659708.63736
534,210438,15.616582,7047921315172153.0,0.04122095933051559,3.283595274081798e-08,18603435623581.734,1984519918.62,1.4955121664955557,2.2157713319503125e-15,0.0006128014945816882,5.205537520851514e-10,276563508943.99506
535,27505,40.670113,6724072420321339.0,0.08078753676567181,6.274372078938178e-08,13356767606516.117,2449762357.56,1.4955121664955557,6.048434707081338e-15,0.0008332298362501057,6.781595624835027e-10,137759581875.71796
536,178419,0.30018425,188241259039001.78,0.016467226175280604,1.24073646059063e-08,10326362519402.09,590476626.09,1.4955121664955557,1.5946782949311058e-15,0.0003598618712960619,2.7512188971217834e-10,225664243653.3626
537,14929,51.94431,1.1771362417758718e+17,0.1996326780318869,1.56135602696051e-07,452397693518516.25,6335004053.6,1.4955121664955557,4.4127695806591486e-16,0.0012257864831498612,1.0015427525802777e-09,2777816654017.91
538,83900,18.909424,2.582591598015529e+16,0.10776533031947497,8.332904224721998e-08,147182609391192.53,3059460260.5,1.4955121664955557,7.321879314766632e-16,0.0007391168279182361,5.975247953602506e-10,1009463275948.2922
539,126892,24.195223,1.095441022908355e+16,0.17771638457854977,1.3705569865423244e-07,80461262171587.02,10347784781.08,1.4955121664955557,2.2087198209687805e-15,0.0011513173186462984,9.593701818279136e-10,521260011213.7862
540,163995,4.3514547,2032067887441751.8,0.035822608433206476,2.8660066319664458e-08,16728652200267.412,1222540945.71,1.4955121664955557,2.1413923850143674e-15,0.0005516606923992464,4.539978545667038e-10,257617752010.2394
541,167669,6.883922,7329428146624118.0,0.1709128368286395,1.3818847387073938e-07,181973787162493.34,2088043107.92,1.4955121664955557,9.392167932188113e-16,0.0006304845210884722,5.178262151656075e-10,671287529823.3588
542,96214,0.2900784,179090243293440.53,0.015326584949650987,1.2064581468364902e-08,9462413704331.584,325536744.78000003,1.4955121664955557,1.619733128201209e-15,0.0003455271112792263,2.8757294896536986e-10,213323482284.3629
543,59270,37.342323,9459135010492050.0,0.06365904058282558,4.977625033407024e-08,16125388329787.08,1967052719.16,1.4955121664955557,3.9477524063859946e-15,0.0007292268762141287,5.891571454790288e-10,184719506480.3231
544,134571,0.4689544,271202115315990.8,0.0034365489476565173,2.5154283557179924e-09,1987398655373.2937,173521368.87,1.4955121664955557,1.7291694036147113e-15,0.00018553323089509865,1.4645934194981252e-10,107296156470.99355
545,200080,21.844048,2.7844069199574364e+16,0.06951004449267269,5.5781201400317945e-08,88602739241347.17,2517443518.98,1.4955121664955557,7.845134934635889e-16,0.0007629983449183465,6.372567867784459e-10,972575170823.0612
546,73838,4.291527,3321887109532990.0,0.005892468236544664,4.513565081457338e-09,4561107102043.237,125561900.48,1.4955121664955557,1.291894293362464e-15,0.00021024431101686482,1.5376154499823413e-10,162741109777.37482
547,175977,4.590642,7492426505454911.0,0.016326250598333824,1.2590041564778283e-08,26646214781648.285,554306350.55,1.4955121664955557,6.127043083649539e-16,0.00037529292353377875,2.9673966171222125e-10,612518825818.7301
548,119907,17.131395,9721416282506454.0,0.09245422567652781,7.121222030024146e-08,52464263119163.6,3033062416.47,1.4955121664955557,1.7622324260332e-15,0.0007316355053614783,5.781995607757178e-10,415175373323.7085
549,63452,5.487183,4414898305130935.5,0.03191547120675415,2.511518260178199e-08,25678669681356.367,1353369818.08,1.4955121664955557,1.242878685024946e-15,0.0005543738836613361,4.549115539548165e-10,446040221254.74713
550,137480,6.081212,1.1732167651037738e+16,0.012790809865844478,9.80128175315628e-09,24676647638437.03,315429548.36,1.4955121664955557,5.183366093018712e-16,0.0003146051287305583,2.477640430696892e-10,606951396225.4924
551,102941,3.264459,1171312034666563.0,0.021998305085728836,1.700857148280718e-08,7893154574519.345,465612549.41,1.4955121664955557,2.78701055174362e-15,0.00041663525042372917,3.3602192743923557e-10,149491809481.33557
552,75385,29.058508,2.0322542436397436e+16,0.08735145012254701,6.782561288920744e-08,61090664117934.6,5410527328.91,1.4955121664955557,1.429865780373845e-15,0.0010477706071927333,8.560039738940795e-10,732775496535.618
553,44491,3.5175605,1022277592405411.0,0.02028144043311614,1.5306991296756272e-08,5894216203667.208,684561701.12,1.4955121664955557,3.4409054117318646e-15,0.00041192280258146147,3.2396650747326575e-10,119713492029.4522
554,13272,7.061887,1571433421561666.2,0.017309027737358196,1.2889391589058964e-08,3851659575014.8057,485962904.95,1.4955121664955557,4.493914220675035e-15,0.00040540067524902194,3.352727736344967e-10,90211039940.17188
555,136457,2.1798995,1566557387380367.2,0.005216321192828797,3.99554312253742e-09,3748643687277.6567,327995456.85,1.4955121664955557,1.3915222752517718e-15,0.0002060100899479422,1.5416778974687596e-10,148046562826.79214
556,72221,0.30947375,87804962815438.61,0.011394801999437203,8.826443532988421e-09,3232972637743.489,279582235.69,1.4955121664955557,3.5245587501756305e-15,0.0002987450912110873,2.422988520724013e-10,84760990633.56532
557,110010,1.7243804,714259000571658.2,0.007750118858265726,5.9663121475725555e-09,3210191991289.4155,174159300.81,1.4955121664955557,2.4142228500024355e-15,0.00022494277502434467,1.7902257183421223e-10,93173989726.80495
558,174844,18.794558,8070463442428729.0,0.07405194759199349,5.73081150258922e-08,31798222436613.387,3145751671.33,1.4955121664955557,2.3288077734410697e-15,0.0007974365193054783,6.414656869781275e-10,342422645784.61884
559,80613,9.731035,4069273331206491.5,0.03406104152299854,2.6923104676853654e-08,14243468233610.8,1317807038.28,1.4955121664955557,2.3913446475503438e-15,0.000542268139004162,4.423627820423891e-10,226762854764.43265
560,206713,6.017846,4503108827522928.0,0.026124901726134978,2.0407183574680505e-08,19549067154780.53,1065756961.76,1.4955121664955557,1.336375875088566e-15,0.00048198999721145224,3.8861678648654235e-10,360669483935.0562
561,48307,0.81968164,690415533820435.1,0.004079086650008945,3.26272502863048e-09,3435803182032.644,158142211.4,1.4955121664955557,1.1872294290139549e-15,0.00016128760832722077,1.3105500415729718e-10,135852097653.25398
562,189388,30.432789,2.2719129214850228e+16,0.29636693226625715,2.7002833109139737e-07,221248161946835.1,3484340375.55,1.4955121664955557,1.3395226864640474e-15,0.0009334178079900888,7.639853166892787e-10,696828666973.9368
563,187647,7.951694,4406691442540244.0,0.043450441518835585,3.596093209854735e-08,24079484046499.79,1090386360.74,1.4955121664955557,1.8044589923491973e-15,0.0004853756636545494,3.9823748238417457e-10,268986807520.98795
564,274408,8.421534,9441027860376234.0,0.04572588227407336,3.8365160325946535e-08,51261365030386.44,811295210.79,1.4955121664955557,8.920145268657636e-16,0.00042353401184792644,3.4685678486371406e-10,474806182065.30927
565,32942,7.312142,2211096539105157.5,0.012007457340403939,8.616382890503185e-09,3630898766574.824,430124128.24,1.4955121664955557,3.30702068891088e-15,0.00027485558099738465,2.258655239824421e-10,83112749163.93233
566,104304,21.252693,2.0359874577683776e+16,0.11146330196548504,9.034538798115677e-08,106780766467184.6,2724372476.83,1.4955121664955557,1.0438518625893125e-15,0.0007887314515436068,6.528404466628929e-10,755597110865.0703
567,176051,12.675602,4.090274740009287e+16,0.2117393340398594,1.6700113560172338e-07,683259106344318.4,1646637703.09,1.4955121664955557,3.098961024796887e-16,0.0006253070448896225,5.074620329132355e-10,2017795770537.6646
568,177463,37.18473,8.233776886848307e+16,0.16995012757706296,1.2986427002226472e-07,376318836350550.9,3352010430.18,1.4955121664955557,4.516120671109589e-16,0.0008266183760853383,6.514558706675165e-10,1830372650078.551
569,161278,6.1605186,2631658961762482.0,0.02279230758997797,1.7337063400093156e-08,9736449871024.262,958155629.56,1.4955121664955557,2.3409258910486485e-15,0.00042478826690601546,3.2913650611389734e-10,181461646663.1184
570,172879,17.4146,2.571265332116682e+16,0.056462058953567,4.5134905346687104e-08,83366218441557.73,2274908538.48,1.4955121664955557,6.772774393401163e-16,0.0007214922323190392,5.95632875449124e-10,1065283132746.9025
571,33646,24.633204,6509185670249151.0,0.09982096798776233,7.835155798837874e-08,26377129601831.0,1606390756.77,1.4955121664955557,3.784375688127685e-15,0.0006610217579202695,5.294489234262816e-10,174671283296.21765
572,50986,18.490355,3045649394300902.5,0.09063263083835016,6.966293527631824e-08,14928605600958.902,2808843903.56,1.4955121664955557,6.071071422271923e-15,0.0008565952983924157,6.734719795982328e-10,141094584268.92624
573,183690,4.9071927,4147803643534695.5,0.023137019379124196,1.7803050822234427e-08,19556560980632.406,876981162.63,1.4955121664955557,1.1830822097012685e-15,0.0004408978256357118,3.5756403558699175e-10,372668798516.5796
574,84720,17.455654,6971544465322508.0,0.05551079123382406,4.2805603766979356e-08,22170234893051.81,2357383615.61,1.4955121664955557,2.5038431708822915e-15,0.0007000021834687229,5.538975966700349e-10,279571097586.7788
575,59659,6.891564,3282443905438632.5,0.0038658138837074306,3.0924002485549004e-09,1841282649647.5266,124627457.45,1.4955121664955557,2.099522245782013e-15,0.0001843361459859359,1.5906652409888987e-10,87799091605.8505
576,180065,12.814973,8835332234130631.0,0.17792768308736087,1.4314592399278e-07,122672922816609.83,1284549202.32,1.4955121664955557,1.4504234431045086e-15,0.0005639470005912074,4.489601446032808e-10,388815420263.84143
577,155494,4.177158,8462214304184541.0,0.012403718165253921,9.236320121054705e-09,25127831239106.914,615414347.93,1.4955121664955557,4.936247003262973e-16,0.0003188709694998697,2.4187275443874723e-10,645978552712.392
578,209190,21.559795,1.2346353815840454e+16,0.10380706191867976,8.057955039368184e-08,59445774648176.3,4022872103.76,1.4955121664955557,1.7462479466884094e-15,0.0009040365332259358,7.380162826537492e-10,517702274147.4679
579,19991,41.682076,3.524445837676299e+16,0.15656295232551257,1.2477573947700463e-07,132382476740833.55,5821468372.07,1.4955121664955557,1.1826561655287457e-15,0.0011726602089404583,9.688844638128575e-10,991547875976.431
580,74783,2.5990877,1539286439237622.8,0.007732944576530557,5.977164592132573e-09,4579767247572.91,238819916.77,1.4955121664955557,1.688501654888401e-15,0.0002614460249522514,2.0589124047901349e-10,154839069417.15805
581,88907,13.428527,2.698271395366343e+16,0.7328336078502277,5.602069571727497e-07,1472524843287268.5,7640066667.79,1.4955121664955557,4.976714730423481e-16,0.0010021833325763456,8.178252496253952e-10,2013744783179.6206
582,58813,6.9247055,2703167202810390.5,0.013154891419019907,1.011090458372458e-08,5135217814017.716,496675176.92,1.4955121664955557,2.5617007681954042e-15,0.0003509483835836977,2.665468680551842e-10,136998195863.02582
583,119305,17.255098,1.3954535761257894e+16,0.13061029281794312,1.0148617989770783e-07,105627102315869.33,4741610918.24,1.4955121664955557,1.2365225397111015e-15,0.0007631537188050318,7.045558546948715e-10,617177361751.3947
584,129023,12.217816,6370480176717015.0,0.07814227189367032,5.833544339061515e-08,40744089947193.34,2313007868.35,1.4955121664955557,1.9178799181659756e-15,0.0006953212980884672,5.296668536163865e-10,362546837006.0347
585,181186,8.072482,1.0176580915377686e+16,0.1404938344146796,1.1411131085191524e-07,177113665169233.1,2046369411.39,1.4955121664955557,7.932410764603452e-16,0.0006120739549350117,5.202549823733183e-10,771611522774.7031
586,130822,4.1575584,4309099185478575.0,0.01426549345266355,1.1353708853005365e-08,14785463077878.219,447657724.62,1.4955121664955557,9.648323747131979e-16,0.0003537622964018344,3.0660358364421975e-10,366656743361.24176
587,156565,1.5744727,1831367816176527.0,0.0037040649645884854,4.184426384450124e-09,4308429968442.3867,66010365.17,1.4955121664955557,8.597250023139182e-16,7.639687885099138e-05,5.827201946931863e-11,88861994993.01752
588,32938,19.385305,4222647088474548.5,0.03413885580437928,2.7297663909774192e-08,7436372038831.198,800619410.77,1.4955121664955557,4.590794493082545e-15,0.0005227046877987013,4.3045259416705697e-10,113859308794.22243
589,26849,0.16645393,97919402588531.23,0.01136702702264425,8.807558684805604e-09,6686850200923.558,308370521.4,1.4955121664955557,1.6999075321104527e-15,0.00030072097274143854,2.5044125886808124e-10,176904312182.25757
590,157550,22.861166,1.1257311714536014e+16,0.07012221493888274,5.704800873622678e-08,34529631239311.977,2022171051.12,1.4955121664955557,2.030783776776875e-15,0.0006503046993981095,5.49465690406508e-10,320223505246.93964
591,30306,22.61923,2.4790850116860496e+16,0.17016496435155937,1.3613437097813285e-07,186502110212435.03,3632942702.65,1.4955121664955557,9.124023538271665e-16,0.0008292270972382087,7.01481909541532e-10,908839278811.5127
592,18693,3.9846413,573450366165955.2,0.018389133463444465,1.5228764115025504e-08,2646475435087.9336,413942747.64,1.4955121664955557,6.9485373714921544e-15,0.00038664381291246737,3.325334798827154e-10,55643913566.43708
593,212182,8.514695,4971018245475822.0,0.02758397810205166,2.1931447727279006e-08,16103977703030.39,1062150205.44,1.4955121664955557,1.712867380390188e-15,0.0005288515354139299,4.3300076640484814e-10,308752178638.28925
594,215245,20.162083,1.7979915303600558e+16,0.053706646951012044,4.314094854193804e-08,47893908750379.305,2539233116.78,1.4955121664955557,1.1213669619435e-15,0.0007570823571884693,6.257517215080063e-10,675142377903.0641
595,143026,15.882643,1.3242357164834186e+16,0.10399777610083706,8.810475184940716e-08,86709478735733.17,1674130525.15,1.4955121664955557,1.1993818624811932e-15,0.0006138357815858691,5.214363666279742e-10,511793450266.13184
596,149522,0.35745075,283433477448987.94,0.013421415003936477,1.0615980248910815e-08,10642244636084.098,474475781.07,1.4955121664955557,1.261145130833508e-15,0.00035647774327407484,2.8417968810689125e-10,282661951078.1236
597,195617,12.998973,1.3872823376828524e+16,0.12378219683661988,9.584495545262185e-08,132103401854150.33,1530996277.81,1.4955121664955557,9.37009911170058e-16,0.0005773912929576196,4.767134992051497e-10,616206174635.4663
598,148889,8.05552,5655552657604385.0,0.04794079203686144,3.6880664241981494e-08,33657873583794.82,874707222.41,1.4955121664955557,1.424355936138027e-15,0.00040538805163285523,3.233058377628879e-10,284611480422.5249
599,199206,7.319018,5339488599676747.0,0.018122157285836014,1.4114685024062049e-08,13220769812189.326,473469580.9,1.4955121664955557,1.370733893961885e-15,0.0003759299345749057,3.0173455652047705e-10,274254496974.8584
600,157755,9.336127,5047216332488431.0,0.08985083993396456,7.047882044173639e-08,48574384945974.89,1898309348.05,1.4955121664955557,1.8497576455964995e-15,0.0006473762980753995,5.052942860075865e-10,349978982174.5201
601,90185,20.436047,5071878437229623.0,0.055627934613698395,4.378550048258983e-08,13805904932340.205,2400991191.93,1.4955121664955557,4.0292856488813326e-15,0.0007646263285909613,6.366135110149143e-10,189767218117.99265
602,62704,0.117758214,134150983976249.5,8.321122330341741e-05,6.125005537059038e-11,94794809676.89326,3476088.5999999996,1.4955121664955557,8.778035800382073e-16,1.72024618026953e-05,9.425073949552589e-12,19597165235.925037
603,136565,6.7884555,2552899721593159.5,0.0614589873305925,4.880051522402878e-08,23112566863797.97,1588959003.36,1.4955121664955557,2.6591156098225455e-15,0.0006795629321898987,5.662311339702329e-10,255559754408.43994
604,101584,39.676056,2.012088623350087e+16,0.1447585078359592,1.1000716029265066e-07,73411265159487.61,5895671238.75,1.4955121664955557,1.971884117804919e-15,0.0009709234381872292,7.518218118511306e-10,492383619007.009
605,65223,15.364928,4562477733021835.0,0.022744320507249824,1.8208308005295847e-08,6753722234626.756,896976280.81,1.4955121664955557,3.36767188775373e-15,0.00048453869837088766,4.048135969823584e-10,143879426060.73767
606,107788,11.627973,6376728874167301.0,0.02252894907538294,1.7551447263575054e-08,12354775855915.652,748098323.17,1.4955121664955557,1.8235012385591553e-15,0.00040311225048361227,3.342465694183171e-10,221064972131.37762
607,165983,17.065586,3.1102649657142812e+16,0.04260793999991333,3.271048606227029e-08,77654516547504.78,1907800973.96,1.4955121664955557,5.486859218787117e-16,0.0006782570628174083,5.520974556926594e-10,1236148105449.9128
608,47906,1.3420464,324289205308649.2,0.01023971346305324,8.080550593885261e-09,2474302335241.0254,309015518.84,1.4955121664955557,4.1384245236367914e-15,0.000299820073575187,2.4678019871532266e-10,72447877655.55507
609,13274,9.396144,2.0358088031860684e+16,0.3621499333977778,2.672448031741238e-07,784649556759075.1,1343820439.71,1.4955121664955557,4.615435391228738e-16,0.0004964981311570821,3.896748978251491e-10,1075734116223.6539
610,175493,10.70192,1.1210644845901368e+16,0.08674046934473585,6.192794801244614e-08,90863751139106.69,1477682219.28,1.4955121664955557,9.54621268188033e-16,0.0004989156278988465,3.874514791161631e-10,522632005513.38904
611,66866,5.7120504,1048434665851339.2,0.024998511506910102,1.919533721618596e-08,4588423459731.404,1021782943.53,1.4955121664955557,5.448170101626465e-15,0.0004451514659623837,3.6443447195168324e-10,81706601970.72238
612,2585,6.232613,3556744975739140.5,0.004058867535246374,3.1163787265052002e-09,2316260726147.805,80752942.47,1.4955121664955557,1.7523362069850895e-15,0.00018160899832333924,1.541604237141557e-10,103638215999.54222
613,248927,13.09856,1.912765611774186e+16,0.04187057672799119,3.2493259130115416e-08,61143056420288.984,1685704343.32,1.4955121664955557,6.847969201961149e-16,0.0005761459205577425,4.686204499473008e-10,841338364069.6624
614,149117,30.069801,4.460066163105209e+16,0.413803270921585,3.413617506229816e-07,613768600204443.9,6763185795.99,1.4955121664955557,6.742007831351241e-16,0.001221257778219455,1.0347387298606064e-09,1811415543809.431
615,148995,3.166518,1316610876075811.2,0.037433123160165185,2.8741581337958733e-08,15564369783515.781,1331036490.81,1.4955121664955557,2.4050522880669795e-15,0.0005475008768358244,4.313546497675582e-10,227646142893.57886
616,194325,18.204554,1.4805463845268934e+16,0.059362298631682055,4.392737733324335e-08,48278379473807.82,1878048951.61,1.4955121664955557,1.2295834963534251e-15,0.0006174656686283362,4.933636806987755e-10,502174655450.0395
617,57123,28.91373,3.4321419187370612e+16,0.12355937170428112,9.731804579693795e-08,146668485553084.0,4531667561.02,1.4955121664955557,8.424398141041761e-16,0.0009821906773924837,8.048988037278959e-10,1165888246197.0464
618,119736,36.569515,2.607042027319712e+16,0.17516710672956592,1.3453463746859682e-07,124876692799446.72,4592098115.67,1.4955121664955557,1.4027205782177955e-15,0.0009411813697495126,7.567252320745709e-10,670968533836.8071
619,47400,2.0105157,475240733433438.06,0.010540805973068786,8.04028803779406e-09,2491609670902.234,199200986.05,1.4955121664955557,4.230520573173031e-15,0.00027312569953028253,2.1680381007734755e-10,64560777995.56218
620,80970,0.50276953,759690883720575.9,0.0013163766126790051,1.0822298385134638e-09,1989061095638.0186,64867230.69,1.4955121664955557,6.618080337330007e-16,0.000124219649577999,1.0867805857265424e-10,187697403546.65155
621,131493,29.211842,1.885706270502039e+16,0.1815606923572861,1.4472331653703167e-07,117202515354843.45,3967218772.69,1.4955121664955557,1.549119417852008e-15,0.0009103907433438374,7.646224654027063e-10,587682739530.9364
622,116151,7.541297,3132918821473253.0,0.01938135729407552,1.5013069875186555e-08,8051694430322.411,892552833.32,1.4955121664955557,2.4071153546371528e-15,0.0004457603128268811,3.5543202648259144e-10,185184441604.82486
623,133333,10.512738,5403246424851304.0,0.04317500754601888,3.34291494795196e-08,22190718076104.87,1063609048.71,1.4955121664955557,1.945633638260226e-15,0.0005188251809192669,4.304131151487996e-10,266661292607.58325
624,200118,1.9856863,944433000993749.1,0.018821353168857358,1.5201379046216864e-08,8951820363582.69,577315658.62,1.4955121664955557,2.102516851815455e-15,0.00038615288650052616,3.29779121041906e-10,183662207590.43887
625,141435,10.047933,4790578441865306.0,0.07929465609659445,6.530079441712863e-08,37805513835678.31,1336250401.44,1.4955121664955557,2.0974362745405e-15,0.000531246572910791,4.2871122617262043e-10,253283772841.76367
626,192757,10.836893,1.2147465771262596e+16,0.03208707574229688,2.429673417248267e-08,35967565083411.06,2598913330.35,1.4955121664955557,8.92111425054349e-16,0.000614345129070179,4.740037001844244e-10,688641700819.7738
627,168922,18.333105,1.7544359902658092e+16,0.2064836167399092,1.641038316634662e-07,197600072987499.06,3367749104.52,1.4955121664955557,1.0449571886189138e-15,0.0008149608996791332,6.843640891659251e-10,779898840407.2712
628,27506,5.6639338,3121977859874351.5,0.011543851080071372,8.929695996066555e-09,6363006483174.193,349216806.79,1.4955121664955557,1.8142133141930585e-15,0.0003077374741734605,2.5158827918298797e-10,169625849268.0827
629,35986,14.402532,8878319913489458.0,0.07217910770820245,5.582593503167389e-08,44494204859509.016,1897832246.33,1.4955121664955557,1.6222136778510558e-15,0.0006288110196012736,5.02216164956822e-10,387625272913.6513
630,180157,16.903076,7895621055072861.0,0.27982595675615046,2.2434959341464582e-07,130709920248821.56,2072841628.1,1.4955121664955557,2.1408165212209537e-15,0.0006746135101814936,5.796380332807573e-10,315119723476.69806
631,166820,25.524359,1.0347822711194204e+16,0.12245630195722071,9.958649140799674e-08,49644972573915.914,2007268023.78,1.4955121664955557,2.4666405399841187e-15,0.0006932749218004286,5.756177314917921e-10,281060377692.8487
632,154070,2.3125646,1783907255115232.8,0.004115218915707702,3.1957061029880182e-09,3174470836455.0815,202544155.3,1.4955121664955557,1.2963479986803564e-15,0.00019133348817299917,1.4583511881674268e-10,147594232696.59918
633,116633,82.205574,5.946032893464e+16,0.4587874354111786,3.712275116431175e-07,331846740959786.8,8652441395.95,1.4955121664955557,1.3825280733034968e-15,0.001583476146089289,1.3171846445311643e-09,1145348276585.5413
634,263613,10.121698,1.0888202320402644e+16,0.02845228781425533,2.3754417188937147e-08,30606946206055.42,851537200.59,1.4955121664955557,9.296023073555177e-16,0.0004212262349750908,3.5149166900901223e-10,453125203801.79816
635,69465,1.0998292,1377705235855304.5,0.0016767041006201132,1.1549597033615384e-09,2100329777027.5503,53627819.11,1.4955121664955557,7.983051609128901e-16,0.00013116595229063798,9.527868075701595e-11,164305529655.65836
636,128740,0.3135461,489177819478137.44,0.0001898549363307844,1.1190099131293403e-10,296201495637.9739,10114733.4,1.4955121664955557,6.40965488448548e-16,1.3588628614340758e-05,8.012928121280755e-12,21200250027.863323
637,237286,7.797373,4910625152077638.0,0.13827942334360302,1.1785752451715348e-07,87085536921972.14,357935227.44,1.4955121664955557,1.5878575045991867e-15,0.00033063816925329916,2.654380883580838e-10,208229118983.04135
638,140155,17.320272,1.6859740840602482e+16,0.19859482581334045,1.6199289454565023e-07,193314359930231.6,2482951590.32,1.4955121664955557,1.0273154352579634e-15,0.0007249503319689744,6.239025171078871e-10,705674525163.672
639,192806,0.46281427,392353498836904.1,0.00661131203278898,5.087776367678489e-09,5604778365989.626,224618440.85,1.4955121664955557,1.1795849186307e-15,0.0002478218740662929,1.994273636786866e-10,210092440274.64548
640,262525,4.5724845,4988783971998386.0,0.0032723054321725674,2.4974688207825734e-09,3570230777492.1396,92298019.5,1.4955121664955557,9.16552916635589e-16,0.00015734642576746712,1.421525404837543e-10,171671949225.84732
641,24788,10.538932,6601932086692061.0,0.12293981966934149,1.0142794199517504e-07,77013528525201.72,525141955.49,1.4955121664955557,1.5963405653996357e-15,0.00035045211389998955,2.7512870963803347e-10,219534679188.11902
642,68753,2.8951323,2273553193571336.0,0.0007638132008691799,5.755058541927522e-10,599824036410.3802,56787636.88,1.4955121664955557,1.273395453506974e-15,0.00012441008427746498,9.548885888478465e-11,97699488352.05545
643,145055,7.813363,4097680473704129.5,0.024037217832641598,1.8208136531630525e-08,12606202752257.66,666087351.48,1.4955121664955557,1.9067770291364497e-15,0.0004599729996978657,3.6044512633561827e-10,241230617250.60767
644,142711,60.28544,3.863032597235026e+16,0.24191233090469294,1.9280449822272405e-07,155015078260677.03,7215890462.82,1.4955121664955557,1.5605729043847428e-15,0.0013546519583699658,1.1439648943132608e-09,868047852531.464
645,54857,57.211765,5.269516267377791e+16,0.16438948085653562,1.2938683809454308e-07,151411697149931.38,5401282210.63,1.4955121664955557,1.085711896444522e-15,0.0011491509262556796,9.549873478946895e-10,1058430813937.7556
646,112752,12.569318,3252662214433179.5,0.057046566999818325,4.445534642811062e-08,14762393070446.607,1607482074.47,1.4955121664955557,3.864317033667258e-15,0.0005779843285443085,4.778296138801138e-10,149569593671.7175
647,96469,9.460538,3089319029516589.0,0.01600555790760346,1.2112809144637888e-08,5226581682985.586,558309841.93,1.4955121664955557,3.062337657461155e-15,0.00038301943769222525,2.9733027729228646e-10,125074201650.82947
648,138950,81.48716,8.382257728727038e+16,0.3072152941948219,2.4829077059532747e-07,316020066737839.06,8190160464.36,1.4955121664955557,9.721385650161219e-16,0.001682920610226644,1.4103727691442168e-09,1731153017470.0298
649,184900,17.969902,1.2108511484193188e+16,0.4273953241931503,4.1428292118414765e-07,287988281254023.0,2280690661.29,1.4955121664955557,1.4840719293579932e-15,0.0006951841481233496,5.975017962626018e-10,468430225227.75226
650,173231,11.673373,1.1727629834858616e+16,0.2622189360848799,2.114270752355581e-07,263437707172890.12,1900094422.32,1.4955121664955557,9.953735890693492e-16,0.0005672744893490846,4.838233399722724e-10,569911132441.7125
651,339704,1.4165311,4735968923090103.0,0.00043512810769944833,2.628161642885516e-10,1454788529265.3232,16719101.040000001,1.4955121664955557,2.9910059018625244e-16,6.334298280758299e-05,4.075375594361316e-11,211778193978.61697
652,77759,0.14347108,130179888068298.9,0.00028338728659438366,2.2072497721100104e-10,257134226973.37894,22168856.36,1.4955121664955557,1.1020986584711755e-15,9.730342392771909e-05,9.0287811059489e-11,88289213655.9696
653,117806,1.716333,972679761784275.8,0.008308242634832128,6.447519113345962e-09,4708444961959.292,971676163.37,1.4955121664955557,1.764540671486341e-15,0.0003089069906680361,2.417146020188139e-10,175063684084.8966
654,63451,6.601657,1824779081155007.5,0.013725452547485341,1.0297367234524083e-08,3793883670120.5405,482904699.76,1.4955121664955557,3.617784239296207e-15,0.0003358493978609641,2.96389318137797e-10,92832898715.45775
655,42018,0.14216708,134099100113006.23,0.00015638490649851584,7.65705096582118e-11,147510065148.0469,4661014.6,1.4955121664955557,1.0601643104256093e-15,2.9579407934443084e-05,1.4449113218595365e-11,27900776930.104595
656,96727,16.779623,5407870930870200.0,0.1398484858678526,1.078768782840382e-07,45071487091871.61,2112961737.31,1.4955121664955557,3.10281499216549e-15,0.0006803853793385028,5.472600408714536e-10,219280034760.83957
657,118505,16.619244,9861224549897576.0,0.08210491615434068,6.459763072769022e-08,48717920914360.875,2584361281.52,1.4955121664955557,1.6853123986688463e-15,0.000887320679374006,7.369067559342462e-10,526502196313.7881
658,188226,19.132303,2.5338668924152052e+16,0.10143667874757838,8.323439487935172e-08,134341925253350.78,3308747618.89,1.4955121664955557,7.550634588292706e-16,0.0008778543976072791,7.54860476819511e-10,1162623336280.1008
659,180662,26.284678,1.4943667310478608e+16,0.1199483005724297,9.411209720628095e-08,68194386791106.22,2551616631.78,1.4955121664955557,1.7589175035748416e-15,0.0007710884938182845,6.291247712089949e-10,438388095093.213
660,182616,21.339867,3.380997939435293e+16,0.10931328122415278,8.780277668078344e-08,173191322406916.22,2038593163.26,1.4955121664955557,6.311706597361686e-16,0.0007497376412056819,6.111107952952638e-10,1187852492254.7488
661,133603,6.140747,1908694934218849.0,0.02071180459108432,1.5627496983642514e-08,6437737379757.437,638938073.01,1.4955121664955557,3.2172490689368113e-15,0.00043630860059522644,3.3442419513463853e-10,135615425242.60057
662,235774,7.377505,5963671289465938.0,0.14754008848081632,1.2634792108122116e-07,119265332889412.94,513303382.07,1.4955121664955557,1.2370743862143137e-15,0.0003530407629978858,3.0185078678916455e-10,285383617130.94604
663,75386,66.37449,2.251054653693685e+16,0.242504784227881,1.964962057983959e-07,82244175899378.58,10043745086.22,1.4955121664955557,2.9485952236249877e-15,0.001519482826938842,1.2965972843031037e-09,515324319446.8713
664,51928,34.695248,2.0543926033710108e+16,0.7050120255551704,6.254687630871592e-07,417455292606110.2,6190067661.11,1.4955121664955557,1.6888324044327885e-15,0.0011236419151471467,9.346374336055315e-10,665336543873.6553
665,152599,17.373943,4.3369825798118104e+16,0.060289609387359167,4.63459656753129e-08,150498355875022.3,2535095923.24,1.4955121664955557,4.0059978753140133e-16,0.0007278481722922642,5.867254788269822e-10,1816896051736.451
666,114875,4.804859,2036658902809855.8,0.028569901330110038,1.962703845776287e-08,12110062729492.736,445067911.99,1.4955121664955557,2.3591868983908036e-15,0.00030659817282951187,2.2721542341725388e-10,129959255470.02734
667,32941,37.13562,2.0909198848541884e+16,0.701084629658322,5.208850444500323e-07,394745474323094.56,6294685945.93,1.4955121664955557,1.776042222803275e-15,0.0010801096176838684,8.478706357234867e-10,608155371429.7634
668,82829,2.1520827,2951112228281246.5,0.002369733671740193,1.857372486811766e-09,3249573083990.825,54736735.5,1.4955121664955557,7.292446147510261e-16,0.00014009530444010105,1.0715031685406539e-10,192110166611.1466
669,164519,7.155474,4306223675390226.5,0.03649983755194203,2.837248139602204e-08,21965905349396.84,1399207799.32,1.4955121664955557,1.6616586920212816e-15,0.0005300485628960971,4.3341914585209483e-10,318987626906.3013
670,115216,4.5798664,1706063711678059.5,0.03573306162869468,2.7401443114157136e-08,13311060722616.646,1459761468.14,1.4955121664955557,2.6844638735650205e-15,0.0005433834559738172,4.380380499114673e-10,202417868731.5294
671,210117,2.5281212,2264809372106122.0,0.022448831956064876,1.803011880849652e-08,20110715027005.484,944416566.43,1.4955121664955557,1.1162622475590586e-15,0.0004275356442615286,3.56695071623207e-10,383006453184.65704
672,151723,94.83565,1.7040272287219658e+17,0.25953008604452676,2.0734267152278652e-07,466329205623020.75,8750458315.39,1.4955121664955557,5.565383486925118e-16,0.001580478359599679,1.3158735750386236e-09,2839837296590.132
673,35983,4.9066577,874065738832029.0,0.010911493282683983,8.23504490871868e-09,1943759483749.9866,1676862039.62,1.4955121664955557,5.613602595333991e-15,0.00029280074608045335,2.398973710781405e-10,52159151116.93664
674,149897,16.46414,1.4677968447971452e+16,0.19741696053222843,1.603170154327511e-07,175999470229630.84,1861841126.34,1.4955121664955557,1.121690652106246e-15,0.0006463437507970809,5.393571845664107e-10,576222820064.885
675,172380,10.492642,7104935440679408.0,0.5552860527068674,4.4913202386774563e-07,376003637176603.9,835689440.98,1.4955121664955557,1.476810322571579e-15,0.0004291037228565573,3.4085909157261684e-10,290561161645.5635
676,19992,7.1857038,5382376786366451.0,0.02086185474225813,1.5067024314321916e-08,15626355581937.432,557466354.38,1.4955121664955557,1.335042878863734e-15,0.00034863420586005037,2.7037191463385105e-10,261140830290.61646
677,165181,0.30982548,1212089721827564.5,6.7888860828542256e-06,3.5222718300752106e-12,26559271508.869453,6813845.3,1.4955121664955557,2.5561266168716565e-16,1.5032354956160087e-05,7.507016576703062e-12,58809117110.78538
678,142443,7.86554,3590069310889161.5,0.011010787510122367,8.724755095631944e-09,5025654987300.553,433451902.79,1.4955121664955557,2.1909159180138286e-15,0.0002978767904191391,2.402674849778194e-10,135959937106.65941
679,22361,0.18749182,78200767465266.6,0.029941594582221873,2.3361799906068708e-08,12488308425741.553,983093171.9,1.4955121664955557,2.397570076064481e-15,0.0005227024040886033,4.2933687769861773e-10,218013400028.16483
680,99591,0.48978382,404458465533930.2,0.025428387334686754,1.989609134629347e-08,20998501997043.984,834394260.21,1.4955121664955557,1.2109619694903179e-15,0.00048353508357819254,3.87961620709429e-10,399298322953.69916
681,216503,1.1841658,845697636781889.9,0.02514906399930963,1.9585523919309313e-08,17960748394770.95,849419931.37,1.4955121664955557,1.400223612432067e-15,0.0004706936022034977,3.7913815686681124e-10,336156023955.30505
682,202191,1.8820919,1042261106325797.0,0.0017207160214089223,1.1357392111899835e-09,952894693477.0758,79923405.9,1.4955121664955557,1.805777735134715e-15,0.00010022680455248495,8.23846165307334e-11,55503400336.81267
683,138486,3.9641283,6510879668265597.0,0.007721846269703643,6.077564014263946e-09,12682740838354.295,184365139.93,1.4955121664955557,6.088468074938307e-16,0.00026232029636921484,2.018617600031513e-10,430847781643.12354
684,102713,5.2140727,3530659927976370.5,0.016016375752465718,1.260875445868034e-08,10845337093332.646,663372455.0,1.4955121664955557,1.4767983341257374e-15,0.0003902957955383818,3.071662912982344e-10,264285100084.052
685,175292,0.115497895,165099492059401.94,0.0036016350084336845,3.1077904955310647e-09,5148389158744.072,108484565.91,1.4955121664955557,6.995654169453438e-16,0.00019124187197785942,1.5515890824089702e-10,273372392839.1402
686,173999,21.206486,1.469829506114262e+16,0.10863445351756608,8.7626228190406e-08,75294947574396.28,2962316301.16,1.4955121664955557,1.44278543271749e-15,0.0008758671963173143,7.432418519372233e-10,607066841995.7749
687,104698,12.776783,1.0884530678796838e+16,0.07511101917516702,5.984765721591748e-08,63987013986838.7,978726656.01,1.4955121664955557,1.1738478559198961e-15,0.0004513810330398176,3.651809372992502e-10,384531121953.69556
688,108323,10.271774,7243289323638743.0,0.06362348229335191,4.930435199161815e-08,44865014556215.36,1645972351.94,1.4955121664955557,1.4181090304480433e-15,0.0006794494927047761,5.517388146040022e-10,479123592133.186
689,233502,7.8395844,4544152388391752.0,0.06420779047099208,5.230097242975401e-08,37217532146489.28,901362206.9,1.4955121664955557,1.7252027947008513e-15,0.00048582434858183277,4.0978705787256464e-10,281604197532.07874
690,191858,18.628416,1.2849431870028454e+16,0.33609319483356265,2.669789014840887e-07,231828976172427.22,1668876854.51,1.4955121664955557,1.4497462758218237e-15,0.0006360964537739787,5.448662301034803e-10,438763985383.161
691,124799,15.178247,6439493379627024.0,0.0744326526906461,5.966594540987012e-08,31578651620934.43,1134700180.43,1.4955121664955557,2.357056076495124e-15,0.0005197266174222007,4.1363599032162525e-10,220498197987.30435
692,112131,31.655025,8947684463070462.0,0.2175773236869678,1.8166061550860068e-07,61500922481354.375,3176936256.03,1.4955121664955557,3.5377895958053654e-15,0.0008642645998680468,7.335934348140411e-10,244295082130.598
693,26848,5.047708,918942789366080.9,0.03176651529353342,2.4431544092870258e-08,5783141610465.556,669578465.53,1.4955121664955557,5.492951311454424e-15,0.0004788345940395176,3.760012459451869e-10,87172553858.43422
694,127317,16.94979,6377612214632603.0,0.054905368102469904,4.327511202194771e-08,20658966645557.93,1628154340.77,1.4955121664955557,2.657701570677331e-15,0.000689571689438581,5.480427793888601e-10,259461670582.84113
695,176881,21.14367,3.05433673158872e+16,0.0977046616472799,7.556348450127325e-08,141140557394593.56,5862087510.94,1.4955121664955557,6.922507849683644e-16,0.0010043356324614613,8.125359026238559e-10,1450826281847.205
696,151824,21.472256,2.0170508560797748e+16,0.13194757731120224,1.0161007692176414e-07,123948305093425.08,2961943266.54,1.4955121664955557,1.064537165003973e-15,0.0007408311174023897,6.040914002218885e-10,695918509711.8003
697,124236,26.930351,1.1670412912553408e+16,0.08786791952550903,6.938735654958684e-08,38078037030772.61,2645707712.2,1.4955121664955557,2.307574822055531e-15,0.0007969247986179203,6.50006842937751e-10,345351661407.0348
698,155708,19.856522,6827917847043706.0,0.06456381310098039,5.005596661349539e-08,22201088979498.94,1919892156.74,1.4955121664955557,2.908137216178913e-15,0.0007403509313856659,5.938723069105139e-10,254579091820.99557
699,90351,28.358557,6557261242074819.0,0.03665006466225721,2.745723350132708e-08,8474480860551.372,1123247117.22,1.4955121664955557,4.3247563202205e-15,0.0005283200786876995,4.120877788522447e-10,122161814347.20992
700,136332,8.171368,4347917383984276.5,0.029742213226542073,2.2817255453432976e-08,15825585865897.775,1285088069.24,1.4955121664955557,1.8793751762854448e-15,0.0005133725381450148,4.118813032005039e-10,273161284996.691
701,201805,27.65159,4.133208218238993e+16,0.12886647753328848,1.0166392705042647e-07,192622552264118.8,4015922279.16,1.4955121664955557,6.690103314413063e-16,0.0009148899869456184,7.41946173245359e-10,1367527441578.6562
702,132531,1.4506445,3435437343910073.5,0.018038103553472327,1.4067183740590085e-08,42718098445839.65,906787715.67,1.4955121664955557,4.2225904732960023e-16,0.00047038342623980127,3.8650691492262687e-10,1113968852093.3855
703,150493,23.037056,1.8310429089479988e+16,0.19196855570441299,1.5048055544800992e-07,152581416073110.34,2615371471.66,1.4955121664955557,1.2581385115237758e-15,0.0007938733043117427,6.505192712100998e-10,630990385430.8179
704,274716,8.006233,5516613084283330.0,0.011271193452826959,8.849899384987801e-09,7766300740604.702,372948675.37,1.4955121664955557,1.4512950025096965e-15,0.00032041130541333546,2.5704859583952386e-10,220776137766.10156
705,161000,20.295494,9422348053046010.0,0.06953122802404023,5.4022732061024635e-08,32280437766048.637,2653106219.98,1.4955121664955557,2.1539741352941187e-15,0.0008092950721122829,6.602402786853409e-10,375721815249.0842
706,163809,20.084436,2.1727919369707668e+16,0.08582695619060916,6.85373258173327e-08,92850064789321.86,2613193568.5,1.4955121664955557,9.243607571556549e-16,0.0007810836458017794,6.474856183995057e-10,844998708302.208
707,183721,15.282947,3.5122000972318416e+16,0.06286360651833243,5.007924397268932e-08,144467925542129.66,1834254421.91,1.4955121664955557,4.3513884678852247e-16,0.0007387778876798227,6.185831929012037e-10,1697798054878.9495
708,47907,119.49718,7.543637576459787e+16,0.7438958731518793,6.059676858941559e-07,469607806785221.25,11396747128.86,1.4955121664955557,1.584079017434448e-15,0.0018732205965186113,1.612071425293184e-09,1182529770233.5916
709,188689,8.748009,8218982345145837.0,0.37514254128246793,3.2830226528243324e-07,352456190170100.1,1672644884.46,1.4955121664955557,1.0643664425397637e-15,0.0005596112564005667,4.784637370049835e-10,525769353518.17065
710,21169,29.215818,2851159706976103.0,0.07847151084523386,5.838130147781262e-08,7658002588442.64,2230394963.02,1.4955121664955557,1.0246994557518441e-14,0.0008247726949531412,6.453274003235737e-10,80489229336.80956
711,158637,28.225588,5.451048964514701e+16,0.07786376108091266,6.002166116415801e-08,150373899815064.62,3581083375.85,1.4955121664955557,5.17801035795922e-16,0.000882506867040658,7.074959114549475e-10,1704335847231.6296
712,226542,9.214633,8521868313411182.0,0.08345599582190392,6.785748818632869e-08,77181696369118.45,1140243985.08,1.4955121664955557,1.0812925829302698e-15,0.00046505541303029895,4.0166196684244137e-10,430092114171.368
713,2584,12.059451,2647889014887325.0,0.00989000857893733,7.418130178682659e-09,2171545377423.032,1176321023.4,1.4955121664955557,4.554364224556883e-15,0.00029362641154045906,2.2251443175437724e-10,64471438177.307274
714,200518,4.702339,2877074508642083.5,0.053371676847410836,4.202269827336508e-08,32654874721105.51,1378623293.09,1.4955121664955557,1.634416830664355e-15,0.0006255106452949525,5.120797432666004e-10,382711823299.5043
715,256304,13.544982,1.0599726570351474e+16,0.13259232705630522,1.1469213743161645e-07,103761113312919.22,1887706160.18,1.4955121664955557,1.2778614533215138e-15,0.0006532429583266975,5.258152530652552e-10,511200143512.22437
716,80971,38.12318,2.1448637144700132e+16,0.20785485327388445,1.6328574287681633e-07,116942063244368.23,4810569900.38,1.4955121664955557,1.7774173595649677e-15,0.0010808156976701198,8.9771760317601e-10,608082109614.7362
717,47401,0.57432383,1680799092391685.0,0.0039705903698146845,3.1235286510037566e-09,11620212049783.285,90371563.18,1.4955121664955557,3.4169689441155555e-16,0.00018925429586375624,1.4871918355394758e-10,553866010955.9252
718,185162,29.642426,1.7406911481793778e+16,0.12699462820496848,9.84157671958983e-08,74575011229755.55,3662132182.72,1.4955121664955557,1.702911285037761e-15,0.0009343160691995018,7.641716049231453e-10,548658099460.9968
719,122223,0.19013591,190949459849695.12,0.0004129851717862711,2.3845155959650865e-10,414752244741.7851,10355786.799999999,1.4955121664955557,9.957394493268768e-16,6.070912030157972e-05,3.735861433089549e-11,60968881309.88411
720,85871,16.172148,1.855091762923643e+16,0.1500303669035759,1.0874927329046876e-07,172098411312607.12,3573484298.4,1.4955121664955557,8.717707837003455e-16,0.0007112251668224311,5.8732220837769e-10,815839645145.6455
721,115558,19.851406,9375996312122052.0,0.17014817529380225,1.3238223906988638e-07,80362502488185.8,1636456446.16,1.4955121664955557,2.117258298655097e-15,0.0006182888381592998,5.073735113410571e-10,292023339123.07385
722,139381,3.0918899,1843628644846147.0,0.016613747941392778,1.2566589879240499e-08,9906427005374.748,482415337.57,1.4955121664955557,1.6770676180603724e-15,0.00036798706701996674,2.8485747841525557e-10,219422915961.82956
723,87361,7.6827607,8182940574347574.0,0.04599805257826478,3.53786959367566e-08,48992718305498.69,1691714293.03,1.4955121664955557,9.38875289414227e-16,0.0004924368717339941,3.743006003156621e-10,524496572959.36505
724,189014,49.23086,3.0900356942758104e+16,0.26918783853910555,2.2012166448443968e-07,168959069484219.8,5240638717.77,1.4955121664955557,1.5932133111341902e-15,0.0011532077438224698,9.586247702499377e-10,723825074623.2559
725,54450,29.992455,2.7138443687254424e+16,0.16688679392136826,1.3252597138801272e-07,151006240035418.47,4322958322.64,1.4955121664955557,1.1051648851214693e-15,0.0008427383621316613,6.627997012748672e-10,762545366286.2583
726,141687,26.507479,4.020867008199635e+16,0.14082947096308046,1.0725304985611933e-07,213621436266217.06,5100091765.53,1.4955121664955557,6.592478424664153e-16,0.001037923226955524,8.389496665395484e-10,1574405193458.6345
727,232762,10.39823,7232092672704206.0,0.030856443763162718,2.2918104661965033e-08,21461023736278.047,825345421.05,1.4955121664955557,1.4377899275607485e-15,0.0004206423577942578,3.3597151970964144e-10,292561764226.49554
728,27507,12.377129,1.1099085218351608e+16,0.11085915001457834,8.587528552585032e-08,99412000411874.98,1690151423.97,1.4955121664955557,1.1151485691393045e-15,0.0005724901263136957,4.687789635803133e-10,513375654291.1191
729,231643,9.630589,4840108789697411.0,0.034063954504145094,2.659507047372027e-08,17119746840755.572,1381391407.18,1.4955121664955557,1.9897463917545697e-15,0.0005445012600398492,4.455812289468605e-10,273653598416.48206
730,185600,1.3166515,997597017617219.9,0.010987824170738526,8.728090463504849e-09,8325225485127.352,385893740.77,1.4955121664955557,1.31982301144489e-15,0.0003363924408384478,2.8145038814369103e-10,254876932680.67715
731,192257,2.0851486,2132551261729438.8,0.021028488617671738,1.6743720230650454e-08,21506539118544.84,928381974.92,1.4955121664955557,9.777718535633247e-16,0.0004248194800728385,3.6096277234789457e-10,434477100690.3661
732,103211,16.77415,1.1034363032299024e+16,0.04662772899011935,3.630475739328725e-08,30672629554918.16,2744279505.58,1.4955121664955557,1.5201738379369855e-15,0.0006942933286669858,5.741379580306171e-10,456719693064.3177
733,150817,5.216584,1810723479220676.2,0.027674745668234673,2.1556242378569222e-08,9606154480198.771,849401749.64,1.4955121664955557,2.880939061023931e-15,0.00047160177798755105,3.7803998207713513e-10,163697241766.69547
734,97827,1.9071187,1482583446996510.0,0.0069975129254016355,5.448806255802527e-09,5439827543689.12,150062044.35,1.4955121664955557,1.2863483022581524e-15,0.0002454180874116016,2.0252078983850195e-10,190786653179.9951
735,54856,4.258369,1143651028226851.5,0.0041509650109258405,3.147894993890638e-09,1114806021478.886,132860393.28,1.4955121664955557,3.723486356325228e-15,0.0001621319869073572,1.2235329440628472e-10,43543059217.052704
736,128876,25.269108,1.6165251753544974e+16,0.10303903814227232,8.061444716882865e-08,65916533025738.586,3454004223.79,1.4955121664955557,1.5631744178966212e-15,0.0008398127151641437,7.417388677471455e-10,537248246612.288
737,150247,43.163662,2.018440207110138e+16,0.2837973475948252,2.3594541641851158e-07,132710699350904.66,5937968944.83,1.4955121664955557,2.1384662200025596e-15,0.0012158513315782345,1.0165472455902418e-09,568562327618.5205
738,132118,47.03457,4.3851689179311144e+16,0.3810437989332311,2.9545156004114516e-07,355258148092434.56,12519907645.04,1.4955121664955557,1.0725828555354834e-15,0.0014250681842264362,1.17702951806933e-09,1328632260782.2925
739,84416,4.0853,1602564284087130.5,0.006428280929144652,5.119531717745372e-09,2521658978563.5454,245604130.61,1.4955121664955557,2.5492269112481262e-15,0.00022208761826010535,1.812587136517242e-10,87119595858.71825
740,183396,26.228508,2.00801993529751e+16,0.11084435977425444,8.643237163764075e-08,84860978040379.69,2683687102.47,1.4955121664955557,1.3061876298610533e-15,0.0007916287471938698,6.418409701430873e-10,606060514658.2806
741,155224,0.5577827,639929540051705.2,0.010256394594513434,7.988554409268871e-09,11766893945358.61,337878423.6,1.4955121664955557,8.716314298523116e-16,0.00028863140399819473,2.4086614384426005e-10,331139279875.55493
742,146571,8.193105,1.1200803000285808e+16,0.023208169044458236,1.7976749287298487e-08,31727913832949.54,1306460136.02,1.4955121664955557,7.314747879943017e-16,0.00047994323073542283,3.944529734712285e-10,656130927015.8491
743,45059,0.55638814,155644819328054.88,0.00638032564140096,4.670556689878678e-09,1784841480823.0962,133315028.79,1.4955121664955557,3.574729582404491e-15,0.00020786322781258013,1.6967090862351417e-10,58147958613.63138
744,82033,8.891366,3362400965104218.5,0.04495420118156762,3.51274157105302e-08,17000093060885.377,1492929527.11,1.4955121664955557,2.6443502997639693e-15,0.0006475367388722154,5.244659092459056e-10,244875551824.5875
745,59272,0.41949576,1428311525277724.0,0.0003986708979345501,2.85010875338857e-10,1357406421253.7861,8571154.4,1.4955121664955557,2.937004656028609e-16,5.800671654955941e-05,5.1577864405792345e-11,197502977839.99963
746,157460,11.732256,4264490701899463.5,0.06669262653155364,5.2271290947043886e-08,24241721773635.348,2208976409.9,1.4955121664955557,2.751150564069536e-15,0.0007862291023085422,6.472808963896181e-10,285781924325.34204
747,121684,21.985512,1.2709470517613668e+16,0.05029580737505554,3.9690805387684805e-08,29075196474516.695,1813179434.62,1.4955121664955557,1.7298527086184233e-15,0.0006524895509721351,5.367730985540316e-10,377193704250.84174
748,76073,1.4358499,1509820538898322.2,0.00023055273279123755,1.3837421933699451e-10,242430111439.4667,5395978.0,1.4955121664955557,9.51006999181309e-16,2.273333265295676e-05,1.774974780396509e-11,23904485111.599754
749,171069,24.257862,1.2583222586354036e+16,0.07838795697973672,6.320541986088932e-08,40661996954454.26,3504314050.49,1.4955121664955557,1.92779407926127e-15,0.0008936923910377538,7.35998496288619e-10,463582910981.97394
750,117807,19.013433,3.4658786745336636e+16,0.1552945315913569,1.231574475856879e-07,283079865332146.06,5083203545.67,1.4955121664955557,5.485891107413987e-16,0.0008679933972011993,7.270014795665153e-10,1582228630145.6787
751,89936,29.232338,4.211583881697053e+16,0.12792776549896248,1.0195661969748682e-07,184309074148277.44,3960385209.67,1.4955121664955557,6.940936906668201e-16,0.0008787416245645736,7.269109026107838e-10,1266027391374.7307
752,75686,1.4961021,620026463066849.5,0.003242157186149366,2.4198625434858914e-09,1343640419216.6836,119275078.38,1.4955121664955557,2.4129649121745542e-15,0.00014516367588905275,1.115421015138026e-10,60159878478.39521
753,167796,11.524851,5422767618920022.0,0.025234094394523916,1.9306025693112177e-08,11873353501524.273,925766051.31,1.4955121664955557,2.1252710442154713e-15,0.0005167785646898723,4.2213786537349113e-10,243158897824.55368
754,69184,20.665691,1.0934528714482894e+16,0.05563308812556109,4.3963887641244324e-08,29436305787418.633,1381377334.7,1.4955121664955557,1.8899480297333787e-15,0.0006877219861301798,5.849169360708832e-10,363884072636.219
755,186515,26.61806,1.8505256373994736e+16,0.21058252008447567,1.6929400709245903e-07,146399982645058.22,3533508437.47,1.4955121664955557,1.4384053623491598e-15,0.0008658313768347194,7.063331303696452e-10,601938368347.4803
756,102269,28.524775,7344518556684114.0,0.09717553885032282,7.505940711508305e-08,25020619736421.195,4596639321.46,1.4955121664955557,3.883818221691348e-15,0.000992500290907855,7.966057738818771e-10,255547565373.8591
757,161187,52.005856,3.4925852289336384e+16,0.26808089972490196,2.1429825127681546e-07,180036530989593.25,11800308960.52,1.4955121664955557,1.4890361320081089e-15,0.0015572006830084665,1.3235324431050505e-09,1045777633957.3649
758,76643,3.6000965,2038161698433088.5,0.002863251041058754,2.1541384676799877e-09,1621003382793.9387,381462510.22,1.4955121664955557,1.766344889499055e-15,0.00016683924372875512,1.309458299995408e-10,94454511528.64696
759,189673,22.607925,2.8821770761157784e+16,0.10706844500249692,8.425137854283623e-08,136496479779351.52,5005574836.56,1.4955121664955557,7.844044416059269e-16,0.0009451999618169423,7.770287203937329e-10,1204990578434.0225
760,232031,12.892609,1.7435203958799924e+16,0.06586005735378596,5.0530501560592895e-08,89065256900408.52,1078318351.56,1.4955121664955557,7.394584560333074e-16,0.0005608754838033772,4.635259393926031e-10,758494921827.1077
761,44493,61.28039,4.062667923403184e+16,2.574905853079828,2.057696846052841e-06,1707069327576167.2,14687427597.61,1.4955121664955557,1.5083780204380358e-15,0.001795330662419644,1.5074007896292992e-09,1190239209331.8071
762,208727,22.672651,1.1917284650997288e+16,0.07535600808919052,5.916602688460214e-08,39608910248816.414,3289554057.84,1.4955121664955557,1.902501422427856e-15,0.0008379035035895633,6.816664232134593e-10,440422011627.3458
763,92715,0.40764672,194814245004097.4,0.00047028559704275576,4.0057508342355965e-10,224749345521.98935,31761163.75,1.4955121664955557,2.0924892837863382e-15,5.5189720308183084e-05,5.21983158085592e-11,26375150752.65659
764,145181,2.1978734,900810654941841.2,0.05103342550955034,3.9705297986187413e-08,20916333696555.82,1611922417.97,1.4955121664955557,2.43988388452388e-15,0.0006463837412774292,5.221949548414538e-10,264923976660.29294
765,51929,21.34742,4.947811103952722e+16,0.10657142025682391,8.356371542420763e-08,247006549976870.9,3855496969.33,1.4955121664955557,4.314517986134497e-16,0.0008939740091177712,7.536049954067013e-10,2072013633946.416
766,51433,11.574386,2589668797195210.0,0.03829757328506615,2.899331083445542e-08,8568750907791.797,1309201857.2,1.4955121664955557,4.469446445250396e-15,0.0005335234839323217,4.13584530845852e-10,119371266770.47174
767,132400,15.211114,9126060632785774.0,0.07401620958300979,5.734889460363566e-08,44406768397339.4,4016755836.17,1.4955121664955557,1.6667776614756869e-15,0.0008560050401219644,6.853806291842369e-10,513568821989.1894
768,55256,2.4396946,1352627040235957.8,0.023953612793682497,1.8398235592274053e-08,13280475505449.299,828796104.67,1.4955121664955557,1.8036713206431316e-15,0.0004569399493048631,3.5943284087567553e-10,253338811830.71252
769,154413,9.219838,8627058772776577.0,0.018350084396357963,1.429184934049913e-08,17170286134397.434,855724039.61,1.4955121664955557,1.0687116249971529e-15,0.00037093976377373586,2.970504180862042e-10,347090604329.04346
770,114874,33.087185,1.7383406809099874e+16,0.04433642522534633,3.578355149768501e-08,23293553566235.17,2197384180.16,1.4955121664955557,1.903377477346932e-15,0.0006940342672259002,5.808185099537099e-10,364633014462.9516
771,133106,15.685475,7279508577009384.0,0.12140582281718541,9.343803767663906e-08,56343510699968.14,2207294773.37,1.4955121664955557,2.1547436662879804e-15,0.0006407749681816973,5.152123195572557e-10,297378745419.6689
772,155968,12.068755,1.4250307679398166e+16,0.03392782564714083,2.7706789975802876e-08,40060632133532.664,1173838135.57,1.4955121664955557,8.469118893094454e-16,0.0005177909368075489,4.250168847403795e-10,611387020708.5474
773,149617,17.072266,8371517020922786.0,0.15817152798034678,1.2725910624230365e-07,77560626030126.17,3164206076.16,1.4955121664955557,2.0393276340872966e-15,0.0007659615137392662,6.279161316297569e-10,375595123086.7683
774,100018,1.0457889,1540306340413964.0,0.00012134074874701894,7.427660707715536e-11,178718596693.47327,10676626.040000001,1.4955121664955557,6.789486432412787e-16,1.498414285503051e-05,8.720577114133254e-12,22069626332.113575
775,33644,25.432556,1.001146561583102e+16,0.26242373837831523,2.083184022560896e-07,103302484954809.03,4140948251.38,1.4955121664955557,2.54034294037666e-15,0.0008972107325619411,7.296633137901967e-10,353184886300.7884
776,83152,1.1479818,1463392434595016.2,0.0003281559369090076,2.346766471244139e-10,418317533814.6312,9634702.85,1.4955121664955557,7.844661301106807e-16,5.6732569611123004e-05,3.264394218245868e-11,72319973334.11778
777,68286,0.105489165,1208913287150138.8,1.1762018388184636e-07,7.481891578632532e-14,1347935620.9882472,1572064.8,1.4955121664955557,8.72594967077229e-17,2.0856529684972487e-07,1.3266965639694043e-13,2390173043.8386292
778,129677,5.6751328,1943531409594644.0,0.010526717785387356,8.036361629518636e-09,3605026944186.9087,531883155.68,1.4955121664955557,2.9200108482855155e-15,0.00029847212305265323,2.3429201536833076e-10,102216100747.67398
779,87107,26.856129,9312914827018870.0,0.20051754122855125,1.537718296437541e-07,69533579570784.1,3129436144.11,1.4955121664955557,2.8837511669369404e-15,0.0008536320559888423,6.643828710590302e-10,296014463999.52466
780,128245,7.525099,2721034470110126.0,0.04107158325766988,3.175921964643128e-08,14851258938403.027,2447438215.81,1.4955121664955557,2.765528729114352e-15,0.0006427185595574875,5.356334973085921e-10,232403501287.55136
781,110794,10.402147,8528064209911882.0,0.04119625306576461,3.280384385329316e-08,33774209435092.566,882063710.48,1.4955121664955557,1.2197547701282472e-15,0.0004311004577111643,3.578780678581214e-10,353432073617.4187
782,146768,27.409227,3.2322343648935144e+16,0.2113965341648686,1.712416822349561e-07,249289460934842.88,5106451274.02,1.4955121664955557,8.479962745802623e-16,0.0009128811819399492,7.560338655312896e-10,1076515557089.9216
783,169909,12.558681,6641801074310093.0,0.0468474374968965,3.6961626129588415e-08,24775799361060.46,1931602479.51,1.4955121664955557,1.890854733451124e-15,0.0006823354683478268,5.846351550740969e-10,360860861639.24994
784,111338,16.867811,5539223824751454.0,0.028068233148640556,2.201700198453211e-08,9217332692169.023,936418059.74,1.4955121664955557,3.0451578657334473e-15,0.00047139911396879345,3.85849114760947e-10,154802849229.37933
785,163290,11.339571,6558128030202740.0,0.05216074718687785,4.1005980313150506e-08,30166649003086.832,1645943347.9,1.4955121664955557,1.7290865545437429e-15,0.0005947332244159929,4.811607765573443e-10,343958041228.8419
786,117028,22.771112,9281024068051740.0,0.07720533331670719,6.057789947743627e-08,31467262411001.992,4421585128.39,1.4955121664955557,2.453512870243001e-15,0.0009163630490422962,7.531057213699637e-10,373490214849.18384
787,99590,15.963598,9231416832156118.0,0.051088796993818415,4.07952734952122e-08,29543589139700.348,1717438690.41,1.4955121664955557,1.7292684633623562e-15,0.0006610561287004933,5.405797522623152e-10,382275015537.5809
788,22360,8.56474,2733541950116265.0,0.04620770087151601,3.6442295987274566e-08,14747755185879.887,1548086000.91,1.4955121664955557,3.1332023273451936e-15,0.0005987866195292993,4.870625203132246e-10,191110103009.74072
789,138353,1.1730479,823606417004676.6,0.0024237482906029114,1.8244574202398588e-09,1701733275635.7805,130224574.56,1.4955121664955557,1.424282127701464e-15,0.0001421774898867129,1.2512440667432862e-10,99823965435.95045
790,117501,1.02416,1312881700569210.2,0.0008319387817067372,6.043377213102107e-10,1066471256929.2084,27333693.86,1.4955121664955557,7.800855168869879e-16,7.287603026336182e-05,5.002609755369849e-11,93420565676.15967
791,41397,2.2706072,987282769197900.5,0.005280736564325359,3.871116324967914e-09,2296117187786.4863,142340724.89000002,1.4955121664955557,2.29985498667693e-15,0.00021162460294300216,1.6535296150411886e-10,92016498504.88156
792,91283,0.13305297,99598443731539.55,0.0006210878473815407,4.3561008480530797e-10,464922977816.83044,16105562.2,1.4955121664955557,1.3358940663634737e-15,5.779535217359257e-05,4.597598988190416e-11,43263424569.97444
793,174671,20.578434,1.2717508389685122e+16,0.1280709814586251,1.029646084278508e-07,79148091695183.05,2558048048.63,1.4955121664955557,1.6181183742477963e-15,0.0007444955221659844,6.060739492481606e-10,460099541550.5821
794,137167,0.3464286,497527261777707.9,0.0038341022952447885,2.7796341522212545e-09,5506388376504.609,109445630.14,1.4955121664955557,6.963007389025893e-16,0.00017842773601321944,1.2287636754876997e-10,256250964625.47488
795,185552,16.05537,6300407286728469.0,0.04016522673018577,3.115097088612264e-08,15761535683323.62,1647544899.91,1.4955121664955557,2.5483066838900924e-15,0.0006199702464176532,5.217405201408921e-10,243287140569.456
796,31855,3.4397688,711139488075922.2,0.012522467181045539,9.629922519765409e-09,2588901004211.7544,371483717.25,1.4955121664955557,4.836981854722664e-15,0.00031997266110659136,2.5788921400320553e-10,66151304825.380104
797,192462,21.011456,2.4270172324610964e+16,0.34661708432048693,2.691903376734487e-07,400374746381803.7,2443544580.75,1.4955121664955557,8.657316363054212e-16,0.0007500709159669923,6.126895264107385e-10,866401185438.9193
798,140065,10.423241,3813319405311204.5,0.07412812089351913,6.025989793119035e-08,27119607220298.504,2167527548.73,1.4955121664955557,2.7333773786382738e-15,0.0007362428799685477,6.094651069563279e-10,269352810820.19217
799,2588,0.66091335,499527324509599.3,0.0037892213261011935,2.8284166882792327e-09,2863945161649.4736,337152373.05,1.4955121664955557,1.3230774725863856e-15,0.0003128852187050333,2.357605127808612e-10,236482915919.8042
800,237092,9.20766,9205842174599006.0,0.6359399509013124,5.154054270906528e-07,635814400240639.0,849295422.25,1.4955121664955557,1.0001974643239062e-15,0.0004220047789313566,3.0303622119431747e-10,421921464494.62866
801,133191,34.23071,2.120410366634712e+16,0.6588939900992358,5.760966927087443e-07,408149771687390.8,4801134407.87,1.4955121664955557,1.6143436449203612e-15,0.0010438200984394348,7.623482277427289e-10,646591016555.7894
802,119470,38.861725,3.242057303978377e+16,4.320725535343684,4.0702958813912085e-06,3604585174833818.0,8241515862.64,1.4955121664955557,1.1986748337949547e-15,0.0010570176044632875,7.740720013704368e-10,881821804097.4579
803,137020,0.29821426,959748244232329.2,0.0003038597400710521,2.6497930077099404e-10,977917192913.8606,4453769.84,1.4955121664955557,3.107213394680724e-16,2.9786834165779446e-05,2.5975453304818146e-11,95863496909.39119
804,216341,13.320032,1.8720076890914108e+16,1.4748964555248802,1.2182491035791837e-06,2072830985208026.5,2869983708.35,1.4955121664955557,7.115372483574012e-16,0.0006363524427646651,4.4040051681167414e-10,894334687655.0709
805,174585,10.229747,1.350162660764228e+16,0.009057895847606849,7.0534392648098555e-09,11954970888850.053,376666668.75,1.4955121664955557,7.576677460632551e-16,0.00040944586710372317,3.166556402773835e-10,540402926257.78467
806,98286,14.865337,5690016460810942.0,0.014631446644339659,1.1322318658123293e-08,5600490069735.363,1091072002.9,1.4955121664955557,2.612529700464415e-15,0.0004910667570331424,3.815355121235173e-10,187965999753.36096
807,201441,2.961854,2420427901379497.5,0.004666916384469444,3.1757478158813595e-09,3813805349748.829,321227433.1,1.4955121664955557,1.2236902401893163e-15,0.00025234061767304177,1.7642234955466343e-10,206212821991.61966
808,122080,36.899982,6403020929808919.0,0.14426776714891468,1.2643569192333166e-07,25033874882413.227,2216199782.58,1.4955121664955557,5.762901980878139e-15,0.000868308301651889,6.760818371192298e-10,150672058024.41534
809,171702,17.090012,1.012529331515056e+16,1.6908306114478082,1.4761083269062184e-06,1001763830659944.8,1848816831.58,1.4955121664955557,1.6878535236532927e-15,0.0006748200776205762,4.69626860609526e-10,399809621014.9531
810,56687,18.911127,2.5498330950867184e+16,0.44481536288130835,3.737326454024488e-07,599755336357144.9,2871938193.96,1.4955121664955557,7.416613674220446e-16,0.0007451076031185063,5.679640632197859e-10,1004646643128.3059
811,34596,26.814112,1.7137574100548548e+16,1.0563685408338628,8.734774150419557e-07,675151731522142.8,3370338612.51,1.4955121664955557,1.5646387197323174e-15,0.0008836034532051525,6.947472275646635e-10,564733214167.3713
812,175167,13.40013,6299667446394227.0,4.802521386739646,3.498057145787376e-06,2257760756101307.0,2387715857.41,1.4955121664955557,2.1271170445147707e-15,0.0008179304791108501,5.897370944310643e-10,384525374952.9486
813,186167,5.2763753,4561120792460946.0,0.04705034231570425,4.146361659436448e-08,40672295359385.02,1771604289.98,1.4955121664955557,1.1568155153271307e-15,0.0005508160641422872,3.8280059504145847e-10,476148579306.11725
814,114331,6.4730964,2152880493700297.2,0.0063772114365379705,4.87272262805177e-09,2120990212029.7554,1391191281.17,1.4955121664955557,3.0067142226154245e-15,0.0005294903368434385,3.9117227612079344e-10,176102648153.52335
815,90790,43.491653,4.7216100338442216e+16,1.8613834483565534,1.5661890064835712e-06,2020784716228619.8,4976796931.49,1.4955121664955557,9.211191243718648e-16,0.0011192146407290975,8.22107528131547e-10,1215059606424.217
816,257626,8.559743,5275869404028913.0,0.5635431161954506,5.615227356576664e-07,347344527118009.1,311231221.85,1.4955121664955557,1.6224326920342947e-15,0.000227221503849718,1.6520261897098214e-10,140049880013.7066
817,118923,14.623912,6271011128097158.0,5.93076546976618,5.894343195457458e-06,2543224840182167.5,1185380515.07,1.4955121664955557,2.331986293961083e-15,0.00039880832371949826,3.0083849451519744e-10,171016581337.6576
818,1,48.18594,9236163951998836.0,16.607217034531327,1.4938263361082118e-05,3183231027917256.5,7197339059.42,1.4955121664955557,5.217094483210412e-15,0.0012189711927576086,9.292807770434695e-10,233649437762.8173
819,156826,4.2355227,2817338362491256.5,0.02304941411584327,1.907894773170807e-08,15331755540234.203,1357803145.18,1.4955121664955557,1.503377356582296e-15,0.0005771633774489754,4.243092984133678e-10,383911181661.7154
820,104116,19.733786,1.4977932807548736e+16,1.9856698030640976,1.6678645609912476e-06,1507122297174631.8,2339671492.19,1.4955121664955557,1.3175240037166115e-15,0.0006711666642726763,4.723985037326776e-10,509415132004.7135
821,23709,8.4327755,1878872129243486.0,0.006274996896411609,4.268180450389901e-09,1398106326885.7502,836563675.89,1.4955121664955557,4.488211501330532e-15,0.0004060535002042,2.714768990284916e-10,90471115294.77283
822,72548,18.154755,5406790282236596.0,0.007992211396050882,6.016002756445021e-09,2380214489798.8696,597375833.34,1.4955121664955557,3.3577694070445857e-15,0.0004720063512022035,3.3894238696713113e-10,140571401422.604
823,134719,25.081194,2.2261197973633268e+16,1.2724942701269635,1.1129689600173083e-06,1129421783811819.5,4803088755.16,1.4955121664955557,1.1266776401569587e-15,0.0009761584130881937,7.428430149426911e-10,866404354090.3181
824,70015,1.5908184,1563268879906885.8,0.003339226073922232,3.190334755225335e-09,3281397929729.9272,95578790.26,1.4955121664955557,1.0176230208681408e-15,0.00010625915551581544,7.088116776781033e-11,104418977692.90346
825,190307,4.5044346,4652186572264326.0,0.02179471316343615,1.7427490637428555e-08,22509611289570.105,573439765.46,1.4955121664955557,9.682403166835135e-16,0.00041830549902462804,3.0780015558198125e-10,432026524631.23846
826,89696,37.440002,1.4441537622134198e+16,0.03417017793905117,2.597164330236316e-08,13180285360610.492,3914424207.37,1.4955121664955557,2.5925218615652537e-15,0.001019601244599694,7.347440854555608e-10,393285495376.34467
827,188384,35.74856,2.212488980517605e+16,0.9616653787351747,7.831479796215815e-07,595177554955182.2,3879783504.69,1.4955121664955557,1.6157621716894037e-15,0.000986844769834651,7.227634958664881e-10,610761154782.3458
828,154598,158.03004,1.782092193994854e+17,8.368628683380496,6.804715579713794e-06,9437236016072522.0,14377997749.77,1.4955121664955557,8.867669166192215e-16,0.003268788104658659,2.535828916687354e-09,3686186351111.111
829,19986,2.3464658,361234742590181.5,0.016215663119866983,1.2395776845958213e-08,2496375993647.233,553345293.11,1.4955121664955557,6.495681404216566e-15,0.0006095175119805125,4.6223615684727736e-10,93834268347.09814
830,42672,0.78892237,407891323544687.9,0.0003329210100563692,2.3362363357062283e-10,172127951483.65076,15935447.19,1.4955121664955557,1.93414844705214e-15,5.831506509530346e-05,4.0008375478518044e-11,30150253039.875088
831,123486,7.315142,4738767932064724.0,0.10159271041934041,8.295337756115981e-08,65812020910422.266,826550173.75,1.4955121664955557,1.5436801516491917e-15,0.00044690067711719887,3.4818869512260155e-10,289503416002.1765
832,211766,9.172139,5091675768253366.0,0.17763928011212668,1.3810673129395284e-07,98611852484669.89,246444068.33,1.4955121664955557,1.8013988748435928e-15,0.0003721699490604606,2.580788293988576e-10,206600522659.24414
833,53960,9.097345,1.6920907712529108e+16,0.44899551262819143,3.5294466262838633e-07,835124053503667.8,1141738426.45,1.4955121664955557,5.376393013043774e-16,0.0005109827632199722,3.7968827822373417e-10,950419290368.5925
834,136896,37.426575,2.370054643895889e+16,4.250312129447162,3.785512220523284e-06,2691529214309156.5,5169935015.86,1.4955121664955557,1.5791439702199568e-15,0.0011573307234494226,8.897485321666529e-10,732884870078.1979
835,94410,2.7272427,1234011857508413.8,0.0034048123441284307,2.4890168889878438e-09,1540595857217.0718,149083439.34,1.4955121664955557,2.2100619887936572e-15,0.0002792557361146648,2.207147274013091e-10,126356517387.5933
836,56304,6.98138,1830447948114647.8,0.005367601925691099,4.4098615505582576e-09,1407331491936.7666,220822594.4,1.4955121664955557,3.814028149334039e-15,0.0003620859685806109,2.529959930609056e-10,94935316259.74866
837,37357,1.2462175,2634121271998873.0,1.6368522505034895e-06,1.2181987566132428e-12,3459803230.311298,4779156.7,1.4955121664955557,4.73105590561638e-16,6.359182845690657e-06,4.731310105993249e-12,13441360602.27375
838,117968,23.161488,9395017484661512.0,0.8441490840352791,7.436952515733931e-07,342413035128505.06,3081550785.37,1.4955121664955557,2.4652948265198965e-15,0.0007704426848275697,5.812841375867119e-10,312515434884.174
839,98948,0.3483813,309203547546092.94,0.0006377781113599992,5.265621797665523e-10,566055797425.8632,8701792.16,1.4955121664955557,1.1267053782688792e-15,0.00013853751477822045,1.0467098713601461e-10,122958066456.62393
840,64752,11.613381,3876118668030638.5,0.013389204949696205,9.884429220657816e-09,4468823269950.902,801424963.37,1.4955121664955557,2.996136598134772e-15,0.0005755803984590927,4.2806721584411724e-10,192107529015.00452
841,140612,71.87937,5.7012050399735384e+16,4.626643869605367,3.849847947263139e-06,3669682322974839.0,9152874888.88,1.4955121664955557,1.260775037838906e-15,0.0014976043347680074,1.118816838943374e-09,1187844214726.0867
842,121212,23.982584,1.7228492352158322e+16,3.8349990500522244,3.2034975604510988e-06,2754968013636861.5,2391444898.95,1.4955121664955557,1.3920303361306917e-15,0.0007097828764682698,5.2080675304416e-10,509890379574.04926
843,71527,25.024347,3.9002598456700424e+16,5.372613817043965,4.574936751885875e-06,8373681014297250.0,6575540182.08,1.4955121664955557,6.416071746548199e-16,0.0008655345873660776,6.904074714870317e-10,1349010144457.5164
844,35345,2.799003,977873510929295.0,0.0011875532692631763,8.334403343068761e-10,414889474870.13934,58396601.55,1.4955121664955557,2.862336456317387e-15,0.00010825218641838255,7.727530267459759e-11,37819518449.50373
845,135455,22.945612,9577962155735574.0,2.1547395548809543,1.917399254848797e-06,899431835250953.2,2288552669.58,1.4955121664955557,2.3956674318513017e-15,0.0007377256693645629,5.604183560044698e-10,307941603060.68445
846,91916,0.8862592,1122685353635322.0,0.001560825541590821,1.2939919781731027e-09,1977204834797.6912,282873651.15,1.4955121664955557,7.894101380500244e-16,7.232342346799235e-05,5.451484307780048e-11,91617044147.22029
847,115779,18.565226,7350424888019206.0,0.022873191633930662,1.672717470089205e-08,9056053346965.809,2206961508.05,1.4955121664955557,2.525735081010121e-15,0.0007401162558492178,5.2942024266769e-10,293030041596.13684
848,25782,6.5565414,2.186541686590835e+16,2.1580882383160414,1.7498161408440373e-06,7197010753900526.0,1597475911.1,1.4955121664955557,2.9985897091322724e-16,0.00041372955539118204,2.871318598458488e-10,1379747132897.7065
849,176239,9.71626,6885377715231265.0,0.02554950181170297,2.0828185799196847e-08,18105523154954.73,701484948.05,1.4955121664955557,1.4111440797948515e-15,0.0005255061911157969,3.864640437072668e-10,372397261654.6665
850,78465,42.97678,4.612635121464742e+16,4.26277122138185,3.6783803187594148e-06,4575170185042965.0,7602018424.48,1.4955121664955557,9.317186135102904e-16,0.001241638612973809,9.041650957627917e-10,1332632615651.9314
851,97367,18.889591,8478218334684154.0,7.454559525480578,6.550339834511491e-06,3345831217093257.5,2476531754.98,1.4955121664955557,2.228014218827464e-15,0.0007158806391133313,5.524067639646755e-10,321308828760.56213
852,174154,26.853128,3.018470161240735e+16,64.89936949571067,6.5568480765224e-05,7.295120713912354e+16,7729116010.02,1.4955121664955557,8.896270814538079e-16,0.0007905364053427055,6.029171447048984e-10,888615490493.8699
853,31173,50.33503,7710705616484645.0,0.21296783858011337,1.8323707700573847e-07,32624045502114.04,5140848178.89,1.4955121664955557,6.527940827151956e-15,0.0012503879799507774,9.548712229406232e-10,191544012585.09924
854,57449,1.3267411,623702506622020.2,0.0009148201646766138,7.91975896749506e-10,430058004396.76843,105269031.62,1.4955121664955557,2.127201808416074e-15,0.00010513189862664321,9.692299818172733e-11,49422625634.62419
855,76833,19.419975,8127159987249280.0,0.11860016562590762,1.0539736652197902e-07,49633561348869.6,2907407121.24,1.4955121664955557,2.3895155294676177e-15,0.0007557313549111346,5.661820624490111e-10,316269698016.7821
856,139943,11.559553,7377357499749544.0,0.013015512857482057,9.652800941639906e-09,8306557476074.713,441067202.49,1.4955121664955557,1.5668961413883546e-15,0.0005407868541988567,4.092158979815082e-10,345132545747.2187
857,111735,151.93858,7.969628158770008e+16,5.365890495597369,4.7256128165067095e-06,2814568359832581.0,16017309461.88,1.4955121664955557,1.9064701259970634e-15,0.0022705383322413676,1.702633237211395e-09,1190964548187.6619
858,128581,55.985283,2.5884231369852796e+16,6.5593195193083265,5.557421862734042e-06,3032635274283928.0,5886958336.26,1.4955121664955557,2.162910777609789e-15,0.0012463550911223419,9.037895968356717e-10,576239715491.0275
859,129530,22.512247,4.327008572475043e+16,0.47690142455376183,4.2065767215468996e-07,916637309580730.8,2816119063.01,1.4955121664955557,5.202727617228413e-16,0.0008899503784469456,6.945829276446012e-10,1710545782754.3125
860,136044,0.12824929,94349064695921.11,0.00782253460688498,5.9347780644624716e-09,5754798515540.109,801484778.14,1.4955121664955557,1.3593064267604175e-15,0.00045527201957842314,3.4419171806348715e-10,334929645454.1566
861,9192,0.50585175,228486707717298.88,0.0008850107593094015,6.839462245879207e-10,399747939369.5721,51213358.89,1.4955121664955557,2.2139220047140698e-15,0.00010545148483151392,9.550139555958063e-11,47631074901.0027
862,211053,0.20008889,148168860989808.84,0.0033751793829382057,2.3417376227297667e-09,2499371578333.209,342026252.64,1.4955121664955557,1.3504112042392109e-15,0.00028396412652119336,2.0606481985971586e-10,210279747109.45316
863,120812,4.358216,2263443499107368.5,0.002992558972065727,2.194015678487305e-09,1554188262127.8066,258212898.44,1.4955121664955557,1.9254803584532787e-15,0.0003311060978065267,2.722206259234942e-10,171960257269.25687
864,34593,0.6723583,174512470418395.06,0.005313271253053188,3.753026897077889e-09,1379074360163.8494,196644040.86,1.4955121664955557,3.852780826424699e-15,0.00036539081797863914,2.703343092269125e-10,94838205036.88353
865,140270,27.415403,2.199040571911236e+16,4.520375647185616,4.207454724750182e-06,3625877558116027.0,4053718308.8,1.4955121664955557,1.2466983715617695e-15,0.00096871769641842,7.254259707278418e-10,777026519417.7511
866,22358,12.194993,2744747427894963.0,0.609452149823834,5.731550830961712e-07,137170412533572.1,897100936.55,1.4955121664955557,4.443029211380933e-15,0.00041533036177804784,2.9765823660775113e-10,93479097709.77164
867,92954,0.8988548,1183931128139148.2,0.0003355331798197203,2.2903660387464804e-10,441949218174.1447,15825026.7,1.4955121664955557,7.592120678613975e-16,0.00015552290474924097,1.1052206537822861e-10,204847777495.59348
868,176410,16.138386,1.233553863451557e+16,3.8175236063355777,3.471388340644762e-06,2917962795915758.0,4917125674.4,1.4955121664955557,1.3082838518979494e-15,0.0007339829040609347,5.330040453223521e-10,561027259486.6423
869,57450,34.0309,2.9717941622985024e+16,2.4882690118772812,2.1575763861113277e-06,2172914417110674.8,4542343825.24,1.4955121664955557,1.1451297815888826e-15,0.0009926442575114165,7.465923044205607e-10,866839963007.6074
870,119591,7.6960807,3041809491333299.0,0.026891946265836495,1.8871975398008428e-08,10628809725429.012,938304895.95,1.4955121664955557,2.5300995088376232e-15,0.00044319145251539365,3.32914691505688e-10,175167597545.99707
871,57904,0.9166256,712507335386984.0,0.001661962335571212,1.275589634603773e-09,1291869172354.9646,257245450.73,1.4955121664955557,1.2864788255157448e-15,0.0002394493466555385,1.9270900478210092e-10,186127701370.8672
872,167182,46.316536,4.934403403043177e+16,4.421501711657466,3.6690329090870417e-06,4710514856414096.0,10680030970.62,1.4955121664955557,9.38645104926674e-16,0.0012892690025095934,9.473909648431486e-10,1373542562298.1433
873,174081,17.402136,7460048115012708.0,4.885751807982375,4.3880412847559324e-06,2094452288245468.8,2001665414.34,1.4955121664955557,2.332710959997656e-15,0.0006906501245604649,5.273626486347576e-10,296071882202.3106
874,36606,1.8991997,1274870351674940.8,0.00040609796950397543,2.9144640197348916e-10,272600222712.7629,28587624.1,1.4955121664955557,1.4897198742639262e-15,0.00013369087788037959,6.964070583458273e-11,89742293292.84912
875,72857,41.584362,1.8380244443043096e+16,3.7970860627836243,3.4757133487373224e-06,1678308062180564.2,3692153912.7,1.4955121664955557,2.262448800877599e-15,0.0010396696388209623,7.807144865201665e-10,459532891271.474
876,176476,10.973423,1.4833572442150524e+16,5.455505756925769,5.26732953574275e-06,7374603152902027.0,1825261423.81,1.4955121664955557,7.397694009851823e-16,0.0004757360883083109,3.652403403574367e-10,643087004781.1561
877,98056,16.252398,5021859535533411.0,3.073594814934213,2.712220072499548e-06,949715939133623.6,2739814272.62,1.4955121664955557,3.2363306629749662e-15,0.0006874626593277391,5.139547710452488e-10,212420401658.15308
878,186587,1.4359548,680979424961247.9,0.004006897841377738,2.9578711526225552e-09,1900209524631.1912,256777839.37,1.4955121664955557,2.1086610657608564e-15,0.00028943285215185033,2.0806032184785343e-10,137259067780.72743
879,4,0.289505,848039883661158.2,0.00033730475622950325,2.675121916334464e-10,988058535193.6003,14843311.14,1.4955121664955557,3.413813496013287e-16,4.84142160917133e-05,4.049806203435341e-11,141818573710.16983
880,152876,21.605616,9524476198913564.0,0.3452374859529124,2.90160837005902e-07,152192199376831.94,1976898523.33,1.4955121664955557,2.2684308878281944e-15,0.0007905110953496554,5.915266186106753e-10,348483658722.5693
881,151957,10.590649,9973082247912186.0,1.7223193895328892,1.5666392068815236e-06,1621886716195146.2,1925099647.54,1.4955121664955557,1.061923358971305e-15,0.0006149140037862835,5.149143786382013e-10,579056858097.5151
882,271049,33.655346,3.611451635511793e+16,0.02495565819021793,1.966870142228737e-08,26779149020288.133,692006225.13,1.4955121664955557,9.319063190287074e-16,0.0008043001938188764,6.327298586740237e-10,863069792956.4098
883,79467,5.750484,2675215393597885.5,0.002544553847309535,1.7730629903623e-09,1183766378997.1753,268693469.44,1.4955121664955557,2.1495405617662056e-15,0.00023342119793329225,1.5361689684608854e-10,108591204132.2439
884,133459,0.37507084,236554130523573.34,0.0009833114937944855,8.254821161592466e-10,620166567596.6454,50502606.64,1.4955121664955557,1.585560307781745e-15,9.001289921762033e-05,7.270456260792887e-11,56770403986.431496
885,283467,11.425158,1.1442096064226148e+16,0.010345622040531553,8.123647361223732e-09,10360959667423.188,902643438.84,1.4955121664955557,9.985196712096217e-16,0.0004377794172695495,3.504538350188779e-10,438428435505.14825
886,58379,1.9844317,1083639666543928.9,0.0014877827403406605,1.2225529064388003e-09,812434306825.7607,265963691.63,1.4955121664955557,1.831265282424538e-15,0.000233216397863559,1.587063418479089e-10,127352601560.15616
887,71189,0.88395804,3074760887648657.0,0.032750607326418636,2.9470792280233273e-08,113919758514795.08,1110446497.05,1.4955121664955557,2.874883843979113e-16,0.00011302538388383249,7.069510654322242e-11,393147654019.2824
888,4966,5.1679807,969978226063665.5,0.008102623850073716,6.336781222511019e-09,1520781358288.6736,381386892.58,1.4955121664955557,5.327934752692886e-15,0.00043986503168164944,3.20087585752232e-10,82558261709.06644
889,165295,11.444931,6125823640975057.0,2.999904655849394,2.609261340442292e-06,1605679130915980.0,1247905163.87,1.4955121664955557,1.868308928034744e-15,0.0004687220445458045,3.223440824592378e-10,250880375034.5767
890,178568,41.43358,3.012796251984107e+16,0.2118195102188304,1.8232016057764836e-07,154022178745935.4,1903543006.18,1.4955121664955557,1.3752533040597585e-15,0.0007993025419480115,6.204557505552686e-10,581203869562.403
891,60549,3.6820977,1873086889929477.2,0.001672661343637356,1.069493266598834e-09,850884547158.7991,57467983.58,1.4955121664955557,1.965791186621691e-15,0.00014033673500740828,9.01788461479748e-11,71389441545.20494
892,85352,2.0785365,523863114076182.2,0.01103242904357895,8.08694012161962e-09,2780553834197.179,373409561.94,1.4955121664955557,3.967709205229004e-15,0.000457129940958235,3.198248275921393e-10,115212561534.44614
893,136712,2.3844001,1389239326937024.5,0.005250012105270477,3.856099271066394e-09,3058850435183.755,225144944.85999998,1.4955121664955557,1.7163350142535139e-15,0.00027576514830499245,1.8892013912228083e-10,160670933130.69247
894,104914,36.431026,3.796403079488023e+16,1.84964891953215,1.622946794963875e-06,1927481497250049.5,6737848829.99,1.4955121664955557,9.59619546112923e-16,0.0010991819134298308,8.648082713428285e-10,1145435102778.2053
895,11143,5.1140823,1266673173494446.2,0.004813957862781215,3.5853720355884663e-09,1192337339412.3171,587699427.71,1.4955121664955557,4.037412654671985e-15,0.0004916205131992012,3.405231766104431e-10,121766228832.29715
896,31176,16.372597,1.3958952959655564e+16,4.245469004883167,3.7548490244959416e-06,3619603055693598.5,2385125894.95,1.4955121664955557,1.172910106318174e-15,0.0006417630140284819,4.670132519529759e-10,547154475497.7084
897,62343,8.699639,3503040156091901.5,0.010222192539859327,7.517798224169286e-09,4116119180397.059,556919886.69,1.4955121664955557,2.483453974934042e-15,0.0004053564679731669,3.2600307647204535e-10,163222863022.42938
898,166161,18.777971,1.3626850627953608e+16,0.20433961727744732,1.8253066873713362e-07,148285746208308.8,3591024938.46,1.4955121664955557,1.3780125366223343e-15,0.0006387222557936965,4.618551027743837e-10,463509756855.53455
899,182785,4.675988,3021923236143159.0,0.008039187417125717,5.877486185404996e-09,5195438323520.486,154845521.42,1.4955121664955557,1.547354990382847e-15,0.00023779957770465787,1.941834030632421e-10,153681333102.38098
900,215983,20.72887,1.594624987835615e+16,0.7968324810709349,6.526899714459783e-07,612985167756256.0,2165547306.0,1.4955121664955557,1.2999213080271182e-15,0.0007980956754713402,5.923728396693145e-10,613956914578.6252
901,122637,65.902245,3.964094591172045e+16,5.079028991540163,4.49756775142748e-06,3055093396859297.5,5685658419.36,1.4955121664955557,1.6624791231461255e-15,0.0012853225356882173,1.0056055965334935e-09,773136045916.6755
902,116810,18.051708,1.4865667853566396e+16,8.47350658389366,6.6070299274323e-06,6977973188529926.0,2365669248.69,1.4955121664955557,1.2143220323377027e-15,0.000740421906793406,5.71680104359579e-10,609740980626.0476
903,110237,0.84258974,804584057016194.2,0.0001690606863761293,9.985848125521402e-11,161435069131.5664,13926244.54,1.4955121664955557,1.0472364355872897e-15,3.0302958914171506e-05,2.1305979781580786e-11,28936119757.118286
904,203884,11.051979,9875478740618424.0,1.3563457231451777,1.1746778208462678e-06,1211960622966160.8,1697100046.43,1.4955121664955557,1.1191334911737048e-15,0.0005763569498226937,3.9349566335807426e-10,515002861024.4095
905,119471,11.338058,8556686059884752.0,21.536788108488064,2.2132273581043515e-05,1.6253536062577164e+16,1236523419.42,1.4955121664955557,1.325052470156035e-15,0.0005730080648599509,4.5639356611277415e-10,432441792129.541
906,131833,37.978703,3.3347375257958412e+16,19.604148530718923,1.5586062859287656e-05,1.7213512996129382e+16,11401173494.54,1.4955121664955557,1.1388813274273008e-15,0.001174819814343035,9.133300550932551e-10,1031555954119.3973
907,108834,1.258658,837356060004801.8,0.0029838421355723403,2.20475460012993e-09,1985081169244.6782,312414183.71,1.4955121664955557,1.5031335654187329e-15,0.00021604249630043397,1.5886410271448285e-10,143728076646.50232
908,113316,25.46239,3.750287218579672e+16,3.117724415153868,2.6773643656455426e-06,4592012778535454.0,5205533556.67,1.4955121664955557,6.789450651633889e-16,0.0008518974040807906,6.631005998077225e-10,1254736867224.715
909,50047,40.511623,7956205765105038.0,0.0391719944305649,2.9458408402341625e-08,7693111873575.712,2259228154.79,1.4955121664955557,5.091826958231662e-15,0.001218489884475255,9.323260474198117e-10,239303082070.6491
910,241409,8.695744,5723445163745096.0,0.43990663899625204,3.817589545048535e-07,289541817866586.06,715081995.42,1.4955121664955557,1.5193198766160626e-15,0.00035519543672085505,2.78722913723444e-10,233785815737.4809
911,153742,58.62643,3.5275523015090132e+16,2.376460007766491,2.1131971022890604e-06,1429915990081745.0,6149122610.28,1.4955121664955557,1.6619577823104376e-15,0.001336669651055156,1.0037593737385809e-09,804274130957.1238
912,56686,0.5180218,773022398914948.0,6.74644801107557e-05,6.720350872532265e-11,100674439293.41617,2780646.9000000004,1.4955121664955557,6.701252133536113e-16,1.651403795981833e-05,1.6449988520034688e-11,24643212388.882633
913,207032,16.73562,1.0422144944405434e+16,1.0746468575572228,9.592653096202394e-07,669238744277845.4,2190362777.22,1.4955121664955557,1.6057750193719592e-15,0.0006928149355698255,5.030771031010334e-10,431452057238.2519
914,120673,2.15911,2794150949650378.5,0.001261140543795109,8.981437232447171e-10,1632069254501.9468,191457209.33,1.4955121664955557,7.7272489529249e-16,0.00015876586253133374,1.1595255945977581e-10,205462336594.2391
915,0,14.557157,3682860503007103.0,0.011929175495195277,9.336676496284082e-09,3017999274493.9746,852771456.45,1.4955121664955557,3.952676727265096e-15,0.00046837991213062894,3.5699871961166713e-10,118496893231.81929
916,131961,45.20156,1.9231702389341932e+16,9.333310086050986,7.754676599527335e-06,3971001042494460.5,6556018058.63,1.4955121664955557,2.3503670702106106e-15,0.0011467053119984646,8.601250183831117e-10,487883499786.9976
917,124626,5.762293,1788366666187548.2,0.014046679100292813,1.2087011254927525e-08,4359482010650.4424,809346967.82,1.4955121664955557,3.222098191018117e-15,0.00046540794852064754,3.697873257907406e-10,144442509485.90372
918,183000,22.070919,1.4945647945337806e+16,0.035637893679119126,2.756116523244557e-08,24132724715336.68,3411054095.72,1.4955121664955557,1.476745543633983e-15,0.0009524982951108272,7.189272292228652e-10,644998252554.001
919,100895,0.40763986,227117024758763.22,0.0004407550071779994,4.256364350561546e-10,245567167739.17676,7628854.2,1.4955121664955557,1.7948450162773252e-15,5.023033200808144e-05,5.816294906903994e-11,27985888225.749874
920,67917,2.7946923,3708698780972743.5,0.22810993958954268,1.6755944898761615e-07,302713488309071.9,1624083772.48,1.4955121664955557,7.535506292228425e-16,0.0002232808669442202,1.1919835704173236e-10,296305063369.79095
921,180496,10.3406,4445871688843863.0,3.9002001906709727,3.4312687881207153e-06,1676864940963533.2,1333657749.86,1.4955121664955557,2.325888087581998e-15,0.0005319055554530174,4.2822418210675313e-10,228689229844.23914
922,203948,14.684397,7297787739938537.0,2.8171127920668395,2.465649593902661e-06,1400036460194409.2,3206483353.35,1.4955121664955557,2.0121710199430485e-15,0.0007371803209933317,5.395564987153155e-10,366360668992.3387
923,125320,5.96988,6937614821237562.0,0.006406436822243041,5.2903010782265315e-09,7444938767498.742,440281650.62,1.4955121664955557,8.605090011231074e-16,0.0003323267213597156,2.4253093972955215e-10,386197844445.5246
924,19987,3.0216725,1474549316367452.0,0.09688418803675566,7.391480278785248e-08,47278622430595.555,1455515403.42,1.4955121664955557,2.04921766024339e-15,0.0005569592626114365,4.383329260555787e-10,271791168608.84622
925,179696,30.415056,2.467699759747342e+16,2.0595730007858504,1.667711459204243e-06,1671017077601749.2,3625999089.32,1.4955121664955557,1.2325266021468543e-15,0.0008479323219100178,6.096744531574928e-10,687962694219.3881
926,82590,0.18145488,153558639234168.3,7.28739204835976e-05,4.6873662422040696e-11,61670537960.292015,1554688.0,1.4955121664955557,1.181665068829449e-15,1.6513789417133986e-05,1.0621931485374548e-11,13975016993.175957
927,73230,3.3773212,1837291217869261.2,0.007005754523167164,5.267403134472412e-09,3811189548676.296,519992920.94,1.4955121664955557,1.8382067944115785e-15,0.0004413696100353009,3.162256061929184e-10,240108790467.49802
928,94945,0.12369762,53731067435020.66,0.002370577358007395,1.705759967328561e-09,1029717886916.7285,127811219.14,1.4955121664955557,2.3021619689501417e-15,0.0002456625049258001,1.6681431207002983e-10,106709479280.3957
929,188957,16.023859,1.4548966228556154e+16,3.133587089707784,2.666257420918554e-06,2845160628435267.0,2222684021.69,1.4955121664955557,1.1013744033956849e-15,0.0006348052330352644,4.894842867058563e-10,576375509616.0531
930,173520,2.128195,1171785714483462.8,0.01882328191400612,1.4942716644695082e-08,10364112708904.639,517502905.25,1.4955121664955557,1.8161981100257174e-15,0.00040527555833738503,2.784361164542559e-10,223145017110.301
931,56305,5.639284,3657496280012636.0,2.8816289768787287,2.3267780150927263e-06,1868951317811014.5,988179131.11,1.4955121664955557,1.5418427165100266e-15,0.000446635669776104,3.3283986160382587e-10,289676544172.461
932,98949,10.454857,6714115122600993.0,0.2864241592523746,2.033566229733909e-07,183941758277004.0,928119307.26,1.4955121664955557,1.5571459245324759e-15,0.0004508427564762692,3.0990600518772074e-10,289531475100.27496
933,37356,10.247365,3360131970896196.0,0.0036126568627745477,2.7742544005136256e-09,1184597584304.4832,398665722.86,1.4955121664955557,3.049691229022436e-15,0.0003612321617874501,2.668728937512155e-10,118448765681.51503
934,159308,13.151667,7028867275876260.0,0.5558646059040749,3.9355386252932413e-07,297080099295169.7,635725791.57,1.4955121664955557,1.871093375903934e-15,0.0004341865866459136,3.1312000226953514e-10,232049662639.71512
935,190450,10.095583,7453929467931332.0,0.6775956228999023,5.691059278228481e-07,500293047055813.25,549327240.35,1.4955121664955557,1.3543974414345778e-15,0.00032091146657892985,2.4088080825810806e-10,236940396342.613
936,184168,0.22741789,578739932678766.1,0.000262199914089408,2.1825171160467116e-10,667254280780.1191,62947154.86,1.4955121664955557,3.929535135883392e-16,0.00014605853401425633,9.235686971399386e-11,371694180007.43024
937,154801,15.290386,2.454601978920209e+16,2.5594696147829588,2.200968823377455e-06,4108777359467835.0,1858957611.82,1.4955121664955557,6.229273068021527e-16,0.000547576158591397,3.912045216129772e-10,879037012203.5958
938,64753,5.194476,2304438973943673.5,0.030368394861260663,2.4595965857229582e-08,13472410440321.576,617016314.34,1.4955121664955557,2.254117405031775e-15,0.0004498674774179213,4.049187631318396e-10,199575885627.652
939,17052,5.0319605,4338495252603457.0,0.0042493011542162635,3.581063730603554e-09,3663695866541.4106,232858055.14,1.4955121664955557,1.1598400383129165e-15,0.0002766291420954743,2.2988479417669493e-10,238506287899.7127
940,145691,59.329357,6.6192674415554984e+16,5.093159236411189,4.3903641394141415e-06,5682344258043156.0,13669877106.85,1.4955121664955557,8.963130365081285e-16,0.001366595049165589,1.0307442441783326e-09,1524685007918.2083
941,165094,0.2413659,205927496411583.9,0.0045672095154150796,3.5302385343154892e-09,3896631715982.211,617915666.98,1.4955121664955557,1.1720916546160787e-15,0.0002997461328270064,2.216859609387938e-10,255736086547.93204
942,151599,9.506229,3678508404275150.0,0.5083488642810703,3.683768405373348e-07,196709501692168.88,949008912.64,1.4955121664955557,2.5842618679223056e-15,0.0003799080170032881,2.8985671593882685e-10,147008328265.40387
943,103950,0.4772772,456104349165988.3,0.0008112947920841397,5.204933964755124e-10,775304337029.4921,21432475.24,1.4955121664955557,1.0464210676191258e-15,0.00012353945126968857,7.479279629461067e-11,118059025274.37856
944,202160,10.72866,5786052013467637.0,3.1657835855531626,2.7714103444554946e-06,1707332368570974.5,1596307412.23,1.4955121664955557,1.8542280600015226e-15,0.00047245262069213424,3.3613093699518077e-10,254797471186.8756
945,172794,14.345008,7073127746753659.0,2.024016620788809,1.774835826493231e-06,997986764482243.8,3994354707.08,1.4955121664955557,2.0280996630640387e-15,0.0009429118180632165,7.071573674408108e-10,464923807856.0064
946,89410,5.6158605,2984315182793726.0,0.004237958116156091,3.3005447636032405e-09,2252086345465.4043,509771129.98,1.4955121664955557,1.8817920212913935e-15,0.00034711488952193016,2.5352603103892205e-10,184459751978.1809
947,174765,9.650736,6792271305718275.0,8.557070380601376,7.218440177090055e-06,6022540001837215.0,2351694096.93,1.4955121664955557,1.4208407711681426e-15,0.0005592875684552845,4.0198166419970603e-10,393631418667.3197
948,76318,2.366538,630248569244437.2,0.009710289024000455,6.94655317778906e-09,2586012041355.875,1223049292.27,1.4955121664955557,3.7549280006094795e-15,0.0005516654996800211,3.8252423694459086e-10,146917730404.01248
949,11147,17.103376,1.1934799752027722e+16,1.5365818089177556,1.3455293576892618e-06,1072232534210903.0,1782331664.67,1.4955121664955557,1.4330676974361583e-15,0.0006194884964472455,4.666207634486429e-10,432281390164.29333
950,9193,0.21171007,423256198694488.3,0.00018417755956164465,8.839177182624661e-11,368212498087.0746,3729957.1,1.4955121664955557,5.00193666750797e-16,7.539710405287596e-05,3.6185116850084654e-11,150735823071.58594
951,61861,28.50663,1.1248380767358446e+16,2.0193163726356236,1.6760452052114606e-06,796798479833167.6,2357033010.2,1.4955121664955557,2.534287431193926e-15,0.0010048528837637042,7.589659045440463e-10,396503124071.5694
952,114487,29.26317,7156204072586322.0,2.726838934406584,2.3197131726119495e-06,666838756282636.0,6673677440.81,1.4955121664955557,4.089202837590964e-15,0.0010464803820776432,8.140239267856095e-10,255913052895.6952
953,192172,7.522065,6505083227542039.0,0.412372512790106,3.4773419842239573e-07,356619826663327.7,2099339056.93,1.4955121664955557,1.1563364736291359e-15,0.0006215431011484517,4.3379978405464936e-10,537510590838.4544
954,254598,13.041386,1.3524611705944136e+16,1.1580284893654085,1.078094188593724e-06,1200937205837493.8,902196905.33,1.4955121664955557,9.6427064107639e-16,0.00044214720599634395,3.502849041733138e-10,458530195944.5604
955,38029,0.8885591,195704600938910.62,0.00837762771830145,5.986695914205829e-09,1845167405775.1943,530135310.82,1.4955121664955557,4.54030766643736e-15,0.00031316975075570426,2.3090547198183633e-10,68975446988.03175
956,203186,19.40202,1.7252132599570178e+16,0.7539940669730447,6.375538779356485e-07,670445944427856.8,3100343856.37,1.4955121664955557,1.124615747532765e-15,0.0007152638318886274,5.151118471572133e-10,636007306013.46
957,83424,13.411097,7131349570729224.0,0.9135067632686392,7.416042289566776e-07,485757135608970.2,1686761260.73,1.4955121664955557,1.8805833127359417e-15,0.0005630015698007564,4.0935947087767677e-10,299376031887.51105
958,81564,106.52358,3.567924046986514e+16,5.7599139996908795,4.9165842890861955e-06,1929238171311118.2,17643026186.58,1.4955121664955557,2.985589900378354e-15,0.0018179939861676854,1.3604118320608408e-09,608922875153.5156
959,140271,19.640072,1.3096809882667924e+16,0.11392151397461328,9.286984937153396e-08,75967563157161.9,2492390845.55,1.4955121664955557,1.4996073223901119e-15,0.0007599164997092519,5.373010963459294e-10,506743657731.7306
960,89409,8.815065,3957901075396150.5,1.1619143541729706,9.489721701451663e-07,521691226542223.3,2917827431.74,1.4955121664955557,2.227207004944582e-15,0.0008007520013371944,5.892848574586308e-10,359531915784.8639
961,113523,9.281043,5195675577414410.0,0.010420304578348798,7.641251960320672e-09,5833452340102.983,514869286.55,1.4955121664955557,1.7863014850936177e-15,0.0004592246959203842,3.1271096270217927e-10,257081293248.9483
962,171798,20.885504,4.102852304691844e+16,1.32883838510872,1.123630649467037e-06,2610436229313067.5,2584348137.63,1.4955121664955557,5.090483997222188e-16,0.000756129570784026,5.410194041453403e-10,1485378543958.956
963,221594,23.87103,2.8627979693897704e+16,0.9053184542848665,6.966745868179545e-07,1085727692763069.5,2986327611.73,1.4955121664955557,8.338356480352091e-16,0.0009060512942903523,6.914542078853127e-10,1086606571001.5001
964,57451,22.380388,3.2003533000496496e+16,8.378296925392842,6.9196832578436445e-06,1.1980806683948828e+16,1830653560.67,1.4955121664955557,6.993099168036478e-16,0.0007904250329965184,5.758345539998692e-10,1130292898761.2998
965,299921,2.4922268,5697419182484212.0,0.0007525144868279404,5.763498496464229e-10,1720305099179.0837,28882688.54,1.4955121664955557,4.3743082967494226e-16,9.764209201510548e-05,9.988338289116356e-11,223217216051.42456
966,38763,5.721817,3891621761480471.0,0.010323693302243295,7.883794146729218e-09,7021529963971.27,1024921366.89,1.4955121664955557,1.4702911409929202e-15,0.0005122047482623237,3.7938215594831793e-10,348369607883.52466
967,159724,23.364775,2.081988989674498e+16,33.0115294192758,3.828215460315993e-05,2.94159223802703e+16,3536701998.72,1.4955121664955557,1.1222333603047964e-15,0.0008916323026015162,7.177842289299365e-10,794515948411.4343
968,22359,79.436844,2.4686087799732964e+16,9.372601561085581,7.145678041246787e-06,2912664368298329.0,21434236061.79,1.4955121664955557,3.21787901932599e-15,0.002260672907303589,1.7293499141788514e-09,702535084049.5876
969,107199,4.8913183,2179690091746261.2,0.003399860584370959,2.600732109979777e-09,1515060352762.574,522328040.9,1.4955121664955557,2.2440430034167447e-15,0.0002551195547681459,2.1564117931333005e-10,113687462486.10426
970,73229,21.61202,4203225724522832.0,0.1381793621324338,1.1792400649528773e-07,26873890062715.184,2706365828.89,1.4955121664955557,5.141770015802206e-15,0.0008474330750380763,6.397145013117772e-10,164813492714.31036
971,72856,0.62428355,493830244270686.44,0.001317084838404358,9.295750232468685e-10,1041860429406.544,27321717.36,1.4955121664955557,1.2641662944763006e-15,0.00019442239484214772,1.2536522278238943e-10,153794952208.1587
972,36607,43.595734,2.9670783961230744e+16,3.8822744108508505,3.2564676802379635e-06,2642233878263638.0,7616206242.87,1.4955121664955557,1.4693152043762732e-15,0.0011672336770312925,8.839148773031248e-10,794406587201.1344
973,161377,21.53056,2.7956882885527256e+16,2.5338332408392628,2.220800926301527e-06,3290117821626527.5,3104878398.59,1.4955121664955557,7.70134499191466e-16,0.0008319857182048734,6.107010035116101e-10,1080312229978.4552
974,154478,27.59639,1.3703936526586714e+16,3.363235586891561,2.967451247322447e-06,1670130296271344.5,2298770000.97,1.4955121664955557,2.0137564083473996e-15,0.0007659668025245397,5.641813212073337e-10,380367158286.6046
975,190867,30.969925,1.4265855611462694e+16,2.2434719224684563,2.0092463809610943e-06,1033423442720821.0,4589804908.21,1.4955121664955557,2.1709125511627565e-15,0.0009056730173171362,6.398594095165174e-10,417185398293.47394
976,85557,2.1631398,1278302587286136.5,0.0016399644111979817,1.2861266350806174e-09,969133270947.8904,61034077.71,1.4955121664955557,1.6921969974201427e-15,0.00022364260806818193,1.9045871935129936e-10,132161094960.65688
977,103762,0.116103955,55609683832554.586,0.0008332884261428934,6.241550781606354e-10,399115653890.80255,23619780.78,1.4955121664955557,2.087836991657761e-15,5.967258390715981e-05,4.509404636752266e-11,28581055008.408127
978,5,0.78401744,306223956607314.4,0.008079791702816287,6.430120741467537e-09,3155830033320.8833,1052103057.0,1.4955121664955557,2.5602746717997085e-15,0.0005230052558430567,4.214277220580188e-10,204277010433.18826
979,125975,9.989036,5062654605156731.0,0.015365196878844497,1.1384464504471363e-08,7787406586363.48,1751289677.38,1.4955121664955557,1.973082657036359e-15,0.0005525371143507517,4.1823366894107975e-10,280037489752.54913
980,212926,0.9872108,767250144454204.5,0.002610585701727819,1.923637627434146e-09,2028920527166.7915,222378937.92,1.4955121664955557,1.2866870174423597e-15,0.0002615765375525413,1.8988977152134077e-10,203294611670.59552
981,198314,13.083439,1.6469074940082084e+16,1.6356759454298944,1.3979862127672551e-06,2058944114232851.2,2131289198.44,1.4955121664955557,7.944246442256332e-16,0.0005055653533840105,3.7565014565651657e-10,636391830312.378
982,92501,0.26782376,520353530799186.3,4.388381387775343,3.276402934193266e-06,8526165675600749.0,1587112298.99,1.4955121664955557,5.14695767680604e-16,0.00016867844396871784,1.1654253595774054e-10,327724559945.0737
983,91693,9.887713,3408176041400270.0,0.015404524973019652,1.1721977303917764e-08,5309754939509.037,956609107.32,1.4955121664955557,2.9011743759390937e-15,0.0005739409111695355,4.3078787812595174e-10,197830546115.917
984,143149,4.9788575,2347513744078844.0,0.02218323407736854,1.6842354738051713e-08,10459316597179.336,1363894328.94,1.4955121664955557,2.120906645406537e-15,0.0007170592795459883,5.854726666609311e-10,338090920267.0454
985,104513,5.0637302,2968699922481874.0,0.0035231607036080624,2.7731836011345076e-09,2065514254233.4578,334887777.05,1.4955121664955557,1.7057063132762345e-15,0.0003225129973314828,2.404654461717458e-10,189078855381.62555
986,176608,2.0774374,4319904209408504.0,0.0007297115433461164,5.323708710951391e-10,1517390592734.5222,77866219.74,1.4955121664955557,4.808989503691911e-16,0.00011842173048846939,9.185615895392128e-11,246250756832.71048
987,71188,1.9526635,760569921780824.6,0.0025014658356608227,1.9160859660885542e-09,974330536196.3066,78474871.89,1.4955121664955557,2.5673688165684578e-15,0.00028664243500086035,1.9771203936321514e-10,111648327716.30618
988,168383,14.39432,4.431780403043379e+16,2.774969006124477,2.1666102874307966e-06,8543684773157203.0,3167969375.08,1.4955121664955557,3.247976815393465e-16,0.0006310693474556449,4.1703663746014e-10,1942961367411.104
989,140371,16.799522,2.529922674167546e+16,4.273691430217262,3.698116193489945e-06,6435962196842375.0,5136388657.66,1.4955121664955557,6.640330224925854e-16,0.0007427115794152653,5.448820553520308e-10,1118485909973.7896
990,126582,22.320015,4.213374575687373e+16,5.738387537245781,4.906725240233867e-06,1.083241931283319e+16,3935029262.78,1.4955121664955557,5.297420060583789e-16,0.0007806484316143804,5.964592914033453e-10,1473638908537.5852
991,235265,6.3039694,7113745736356316.0,3.5594784809897684,2.953336740401144e-06,4016711259384130.5,512996167.44,1.4955121664955557,8.861673770236429e-16,0.00036607408522819877,2.953935010458324e-10,413098128773.0613
992,188161,8.387744,4329389688549250.5,7.164409289087833,5.929815849030748e-06,3697957365022505.5,809378775.56,1.4955121664955557,1.9373964007408806e-15,0.0005081478108268573,3.977141932288528e-10,262283862317.7664
993,195935,9.156038,9160768375222036.0,0.016472198866103845,1.2681263346365431e-08,16480709062475.752,501139088.28,1.4955121664955557,9.994836268063682e-16,0.0004475269139587799,3.556273098813545e-10,447758124251.3742
994,218142,8.935161,6751235783281372.0,1.04852621676779,8.531967762993211e-07,792246240929664.8,805701426.26,1.4955121664955557,1.3234852531927352e-15,0.0003819053426384973,2.9919759561776143e-10,288560330927.14905
995,212826,21.874584,3.237369083157208e+16,3.897274050392425,3.392697216417726e-06,5767842039570354.0,4498898179.03,1.4955121664955557,6.756901495663588e-16,0.0008030536964011598,6.11558616419785e-10,1188494011517.7642
996,99385,1.0268202,7703477605851759.0,0.006426869855831529,6.76352569462234e-09,48216083020300.836,37868296.15,1.4955121664955557,1.3329307262735482e-16,0.00013551788275443922,1.293499148514176e-10,1016691115923.963
997,170105,8.208291,5611067925050416.0,0.26922575941141225,2.54756626938995e-07,184038799700292.75,788490496.32,1.4955121664955557,1.462875001629257e-15,0.00042421152643767044,3.163144590348921e-10,289984807974.1677
998,282461,3.6063473,4373343106226464.5,0.19364792359681968,1.7674906502322073e-07,234832849209287.3,159676994.26,1.4955121664955557,8.246202532944491e-16,0.0002492611532412806,1.7785288557403356e-10,302273867571.7152
999,166237,6.870701,5636720430850034.0,0.0039196327451791356,3.105970667553553e-09,3215665181206.4062,215454065.4,1.4955121664955557,1.2189181784493574e-15,0.0002452050816187238,1.7499145949724564e-10,201166153687.7402
1000,245391,13.74208,9575005217204738.0,1.3333913075575312,1.075933204854053e-06,929060864617205.6,1267169670.14,1.4955121664955557,1.4352033955352527e-15,0.0004942684650727621,3.466953384590792e-10,344389141365.1699
1001,31177,12.275057,1.399413879574584e+16,3.1518170789166158,2.8620353581370423e-06,3593218806329073.5,1530944337.2,1.4955121664955557,8.771570140301571e-16,0.0007598017088127083,5.246514541185402e-10,866209466104.3044
1002,58380,1.4812148,1284344513957174.0,0.010961516520027399,8.888659598410763e-09,9504606359015.67,717043459.24,1.4955121664955557,1.15328463967682e-15,0.0004268760336927537,3.3042680827360067e-10,370139355894.28754
1003,61567,23.715271,2.497241316354603e+16,11.615155270113668,9.913234483333915e-06,1.2230872519399742e+16,3867694536.5,1.4955121664955557,9.496587632395427e-16,0.0007380912498524272,5.305619339568755e-10,777217331554.5455
1004,45060,28.81415,1.5064701388571944e+16,2.384366229034921,2.2621498368523276e-06,1246601591280895.8,2594215161.19,1.4955121664955557,1.9126930734822507e-15,0.0008704892936063568,6.876881116277979e-10,455111855464.37054
1005,39407,7.820547,8484490766405375.0,0.193755032662515,1.3438700642806358e-07,210204322737230.56,849893143.01,1.4955121664955557,9.217461855183717e-16,0.0003573521884834272,2.438568372979556e-10,387690444612.4281
1006,171957,27.97717,2.075667238250098e+17,2.220026103996134,1.9263909486518186e-06,1.647069897393046e+16,2299045098.37,1.4955121664955557,1.3478639294604032e-16,0.0009401159998292312,7.171897267759443e-10,6974858361300.553
1007,181838,11.011015,6259652932896659.0,2.78174010360606,2.4128599828694197e-06,1581391688059087.0,1452954462.44,1.4955121664955557,1.7590456081252167e-15,0.0006266485723512247,4.241303252400706e-10,356243504691.788
1008,212316,12.361196,3.742244521629997e+16,2.413725609027998,2.036017912053786e-06,7307344238456420.0,1854798947.48,1.4955121664955557,3.3031502694580403e-16,0.000626175818676563,4.707067387011402e-10,1895692801100.7563
1009,180843,29.563255,1.2999119071859336e+16,3.5529134233363346,3.006280987465777e-06,1562234762104389.0,3850014532.58,1.4955121664955557,2.274250650107431e-15,0.0010552817575777485,7.96024220377834e-10,464012951926.7804
1010,105294,6.5152392,2697911082844786.0,0.006004432376892429,4.695251872713508e-09,2486389855925.803,715411481.39,1.4955121664955557,2.414919913939517e-15,0.00037609972682832313,2.958812426281255e-10,155740041173.7806
1011,174937,22.566786,4.644528170266123e+16,1.66898445868114,1.474616490135935e-06,3434979768089665.0,5517152773.48,1.4955121664955557,4.858789778576575e-16,0.0008424304454468573,6.47683689623487e-10,1733827730438.7815
1012,46812,0.49804515,293283397400544.2,0.001297151491107603,9.939380237428178e-10,763852426341.7074,83291599.75,1.4955121664955557,1.6981702831265546e-15,0.00014402684930833105,1.194575790486758e-10,84812960596.12979
1013,126264,4.040038,4874377397733740.0,0.008307234079799702,6.465346194791908e-09,10022825041808.793,325277461.17,1.4955121664955557,8.288315963959516e-16,0.000439053302700143,3.289395213460122e-10,529725585522.1973
1014,134254,1.5045266,1145012567846284.5,1.2048877993935028,1.0282945322974954e-06,916973932631176.9,201144778.33,1.4955121664955557,1.3139826079201424e-15,0.00016303606055553167,1.2593655733767984e-10,124077791877.01411
1015,101108,3.3209183,1618139138810027.0,0.01631863354323632,1.2087039629513699e-08,7951360811318.013,1299069769.15,1.4955121664955557,2.052307011399644e-15,0.000559617208635247,4.135483217323436e-10,272677141152.286
1016,186398,0.16090779,75825167119043.62,0.006602125152616584,4.976366177957667e-09,3111143612363.291,499739532.34,1.4955121664955557,2.1220894870878263e-15,0.00042354464747794234,2.9102660986847226e-10,199588495233.1481
1017,159815,14.676385,1.2637016582206582e+16,4.506789757606292,3.6029148710040307e-06,3880545304541240.5,2278669024.31,1.4955121664955557,1.161380528744809e-15,0.0006125987626295751,4.5859184105688194e-10,527474628226.8539
1018,226384,15.032843,9295195973651846.0,0.3620336739881149,2.7530874053752576e-07,223854792388952.03,1236157930.24,1.4955121664955557,1.6172701514429693e-15,0.0005602938948247834,3.9639260534455793e-10,346444219183.0938
1019,192688,20.731113,1.413266244599564e+16,2.989786517108146,2.4962522708057613e-06,2038175356618740.0,2100447274.23,1.4955121664955557,1.4668936641781868e-15,0.0007235459343859479,5.670061633383964e-10,493250432567.1811
1020,154187,7.039873,2394533197326201.0,4.920688250273747,4.444240988142242e-06,1673716467466595.5,1899165777.35,1.4955121664955557,2.939977198002896e-15,0.0005677324301878371,4.2039681365044154e-10,193107766472.98267
1021,3,0.2919307,109854553220213.17,0.006068809752278872,4.2281612666402096e-09,2283714538810.3,422988298.95,1.4955121664955557,2.65742922293625e-15,0.00036821703903205493,2.799901511066288e-10,138561371965.79938
1022,167099,30.98503,7.833848752463669e+16,5.874893345784863,5.005200254765388e-06,1.4853310100953222e+16,3974070052.43,1.4955121664955557,3.9552754947248e-16,0.0008973950130527963,6.817136122635512e-10,2268855897015.6772
1023,144723,44.52269,2.3939215714015696e+16,0.12459920262372254,1.0357514539385298e-07,66995215010675.336,4685436978.29,1.4955121664955557,1.8598224157332477e-15,0.0010166484661666886,7.565466817804877e-10,546637387293.7046
1024,148298,37.784588,2.756956037621816e+16,30.90451474973621,2.7199490804578083e-05,2.2549508421014864e+16,4514924077.46,1.4955121664955557,1.3705183355986136e-15,0.0009826782044606644,7.332483324170081e-10,717012081441.0347
1025,101343,5.197081,2176612195488726.2,0.146363637828992,1.5337409770719666e-07,61299194504507.26,1271023510.61,1.4955121664955557,2.387692677074738e-15,0.0005902855453950825,4.147911485188062e-10,247220067751.04153
1026,196840,19.916603,1.4291407777898144e+16,1.4792635861914438,1.2910627660560944e-06,1061464102149242.1,1840875007.14,1.4955121664955557,1.393606795742075e-15,0.0006330001247813427,4.61852099817585e-10,454217162771.71246
1027,67169,1.1204196,355671942801457.0,0.01416648870424529,1.0890041487275974e-08,4497085342057.402,625856576.49,1.4955121664955557,3.1501489579835653e-15,0.00044718186729830446,3.4314160946992654e-10,141955784714.55807
1028,43974,24.471062,5160592150176989.0,0.009141572597734836,6.940612091686604e-09,1927825109843.7603,757037494.59,1.4955121664955557,4.741909704908715e-15,0.0005133814771134121,3.864928064567576e-10,108264709591.99654
1029,171557,12.6813135,5937477149456157.0,2.251630722041952,1.9739938747716602e-06,1054228803754245.0,1487857567.44,1.4955121664955557,2.1358083881066464e-15,0.0005579051288092429,3.9816144156533695e-10,261214972240.00287
1030,176327,16.508966,9088062766246752.0,0.4605770676374366,3.6212243857226204e-07,253544243739002.12,2375890157.86,1.4955121664955557,1.81655501558755e-15,0.0006305743676754382,4.90376308142627e-10,347126490673.05237
1031,95243,10.549796,3574532400855490.0,0.006248839891527948,4.563126218703177e-09,2117261856061.0037,640081560.75,1.4955121664955557,2.9513779193818823e-15,0.0003608057579114974,2.7313021319964015e-10,122249934697.3031
1032,118140,0.13929865,683537007137446.6,0.0005365205422445262,3.3592391735147346e-10,2632700645078.638,30252045.2,1.4955121664955557,2.0379094115673772e-16,0.0001349198807030674,7.244846100145535e-11,662050432356.0641
1033,210687,17.007215,1.0988843069204402e+16,3.31835838364766,3.069216260589571e-06,2144085291171006.5,3108182282.14,1.4955121664955557,1.5476802146407694e-15,0.0007368421976748798,5.345507199440591e-10,476094603203.22534
1034,236147,15.573009,9805678342697110.0,2.4128964359601133,2.0772884059604466e-06,1519300883038411.2,1239483565.68,1.4955121664955557,1.5881623336745669e-15,0.000503229902205265,3.8216283461941825e-10,316863013015.131
1035,25780,6.597872,2010756833022902.5,0.007368769765883573,5.3310906034773025e-09,2245694393241.1797,550860357.45,1.4955121664955557,3.281287867156461e-15,0.0004231206182043472,3.137349703005992e-10,128949557409.91428
1036,197658,9.724184,7160991586944927.0,1.0150630991635785,8.732382024651117e-07,747503164618093.5,834139455.59,1.4955121664955557,1.3579381963983844e-15,0.0003864797490203611,3.0573351388838665e-10,284607760533.8806
1037,218559,15.7538185,8251474778434784.0,1.3018103451115104,1.0660373588504361e-06,681857241721625.1,1142646785.28,1.4955121664955557,1.909212464803574e-15,0.0004587129584761562,3.4478372327615387e-10,240262918314.51566
1038,17051,43.91999,5792873116368357.0,0.02291975826823657,1.68452090875809e-08,3023025540436.8037,2025065540.63,1.4955121664955557,7.581728292287218e-15,0.0008939189084892667,6.471512283688268e-10,117904371408.11778
1039,161575,19.271324,3.5389035053496464e+16,1.893441859190083,1.581096502953382e-06,3477035637335316.0,2795631802.16,1.4955121664955557,5.445563568169677e-16,0.0007010172747453884,5.353870948078661e-10,1287318136993.1362
1040,153627,0.20935817,368750121929881.56,0.0006477290434500925,4.020214303425589e-10,1140868606893.8562,14920037.36,1.4955121664955557,5.677507817605815e-16,0.00019620082458071336,1.304414613358715e-10,345575613251.1158
1041,178339,12.550981,7520552739209671.0,0.09918496150926599,7.978193073461684e-08,59431667848665.86,912244059.04,1.4955121664955557,1.6688907631168309e-15,0.0005226781367742887,3.824188142430834e-10,313188944612.60706
1042,102466,3.2173448,1997132393583631.5,0.013962529330285025,1.1761869788476553e-08,8667090832749.351,759658318.59,1.4955121664955557,1.6109822314918407e-15,0.0005221882144035358,3.8630925063469274e-10,324142752288.4386
1043,62344,49.960686,5.098615266917752e+16,1.2844708087982548,1.119643723676601e-06,1310835178614035.5,4553455911.83,1.4955121664955557,9.798873494960243e-16,0.001148456493098984,8.32441058651412e-10,1172029104865.6338
1044,160693,7.5381446,5053879172245858.0,2.2128758631509893,2.146134913287479e-06,1483602110198889.0,498639080.49,1.4955121664955557,1.4915561577722044e-15,0.00025927065509153335,1.879921172581475e-10,173825607397.02975
1045,104913,13.207377,4384299891008930.0,2.244660967574057,1.904451135246329e-06,745134089493087.0,1252967441.56,1.4955121664955557,3.0124255475965336e-15,0.0006012865801696081,4.782392873379436e-10,199602138100.75577
1046,11144,19.928051,1.0683860407574274e+16,0.03854030100470986,3.255938158023647e-08,20662291360063.992,1477475634.72,1.4955121664955557,1.8652481630958133e-15,0.0007003870177165955,5.147452289014933e-10,375492672542.9072
1047,98461,10.446863,6606440039155322.0,0.025019179891609112,2.330327233611838e-08,15821755466952.723,424993503.82,1.4955121664955557,1.5813150407909708e-15,0.00046538894114585364,3.472657580042323e-10,294305011424.5843
1048,61862,23.905779,2.6187927647413332e+16,2.1276823824449385,1.7747894560963295e-06,2330800108548819.0,4123423437.6,1.4955121664955557,9.128549353679481e-16,0.000802439884826128,5.890939254783347e-10,879044253074.7618
1049,162660,15.338687,8975041658328975.0,2.6719308550526395,2.288843210801081e-06,1563412222458936.5,1835436088.44,1.4955121664955557,1.7090379726277332e-15,0.0005732131121394579,4.0899424891655166e-10,335401039251.4061
1050,130657,1.5263958,590998261985227.2,0.014314564352336358,1.0794765707279914e-08,5542391202404.041,2028842926.23,1.4955121664955557,2.582741605487419e-15,0.0005906704245943309,4.4362084159570025e-10,228699000836.69373
1051,10,16.094553,7125735255629005.0,0.9332112919436816,7.679301492474644e-07,413171872741926.0,1412243594.0,1.4955121664955557,2.258651552804469e-15,0.0006029735186999279,4.559154980775734e-10,266961726766.2389
1052,260008,8.512157,9610638146751084.0,2.0942982097084974,1.9893516589089758e-06,2364564265543620.0,457882333.08,1.4955121664955557,8.857015392757838e-16,0.00038091291394237123,2.9305136253049107e-10,430069156539.83655
1053,172277,0.5738604,362429613828972.56,0.002086516549304198,1.5418002326455287e-09,1317768898519.7112,249548507.73,1.4955121664955557,1.5833706135029018e-15,0.0002380163112832086,1.518169850873185e-10,150322551936.62048
1054,57452,17.044878,2.180776989233693e+16,3.254950107766303,2.8185296415621585e-06,4164488766725395.5,2006962035.25,1.4955121664955557,7.815965632501208e-16,0.000574622995445298,4.3656293723243803e-10,735191302602.2498
1055,330986,1.9713509,5301270499236949.0,0.0003181472282708303,2.3477596607332884e-10,855547592083.2543,10887889.1,1.4955121664955557,3.7186385797211273e-16,3.601692646101694e-05,2.653884166116565e-11,96855141172.97725
1056,141559,0.21584532,209893341692047.34,0.0037468829047283166,2.748664023758415e-09,3643561851617.7764,156912422.24,1.4955121664955557,1.0283571563536557e-15,0.0002476822272117628,2.0470904620434413e-10,240852339755.18134
1057,170680,33.112476,2.848919077636458e+16,0.5855726077335882,5.152568269272657e-07,503812814696656.75,5287167246.55,1.4955121664955557,1.1622820830513385e-15,0.0011419891219313309,9.302555921687915e-10,982540416465.2246
1058,160477,2.1331918,2251942874757020.0,0.010401355060367058,7.637798693581956e-09,10980380393367.1,816633914.32,1.4955121664955557,9.472672792511075e-16,0.0004683585049938509,3.100881742290686e-10,494431207804.54565
1059,217275,8.005976,8037003009705385.0,0.7590534113107352,9.001222910034707e-07,761995108557847.1,530674781.66,1.4955121664955557,9.961394801435415e-16,0.0003643382100671444,2.8747061683779115e-10,365750195961.15607
1060,96728,3.9041235,3237777807009652.5,0.017203081287648345,1.2537008635863815e-08,14266903904379.78,1017101010.92,1.4955121664955557,1.2058034036639997e-15,0.000508928180218699,4.1354371881883466e-10,422065635801.2016
1061,238694,12.741783,9959276216643426.0,1.3291235256002956,9.888977690956972e-07,1038874097721824.5,1990797867.86,1.4955121664955557,1.279388453822236e-15,0.0007033321869704977,5.358009189456785e-10,549740921038.687
1062,100213,0.852853,1723230311348810.5,0.0010437997490115895,8.318501692505441e-10,2109047358073.4917,94657558.07,1.4955121664955557,4.949152730098237e-16,0.00015467339210185804,1.1293375502510422e-10,312524992735.04517
1063,166729,14.50258,9060549283876654.0,2.7926391559681494,2.227096639625817e-06,1744713334091804.5,1723534352.53,1.4955121664955557,1.6006292273921514e-15,0.0005724138331821402,4.0959792509705137e-10,357618006335.3921
1064,55759,34.021282,1.0234699932053398e+16,3.33430378207465,3.016149277846091e-06,1003066218722880.8,3743847992.35,1.4955121664955557,3.3241113296786493e-15,0.0011168558866133074,8.584566537503118e-10,335986306066.7336
1065,150603,32.496147,3.564761949734428e+16,1.7399273680831726,1.4218213942692203e-06,1908665318705156.8,7276712966.29,1.4955121664955557,9.11593746180469e-16,0.0008942698119753254,6.985599421958347e-10,980995992702.089
1066,106578,6.9314203,1616163129356164.2,0.015259645389199213,1.2431984149601904e-08,3558011948153.478,585161525.2,1.4955121664955557,4.288812295056682e-15,0.0004443536475199406,2.818082678971566e-10,103607623031.69714
1067,125976,7.3920474,4060098568200755.5,2.0061283968907313,1.6743065196565833e-06,1101870509088312.4,380179172.9,1.4955121664955557,1.8206571283504102e-15,0.00042202589250452805,3.097474350948919e-10,231798665401.04712
1068,45629,11.547621,3981135695183341.0,0.004242779418099381,3.095640381499359e-09,1462732504659.1545,281998634.52,1.4955121664955557,2.900584628142951e-15,0.00041348649343335875,3.118869280887593e-10,142552811395.84827
1069,107979,0.15099458,211123519100640.0,0.00022611186690072935,1.7653376192139995e-10,316153951025.9077,23009812.7,1.4955121664955557,7.151954488217048e-16,6.517328529667656e-05,5.283634672936125e-11,91126538072.98485
1070,46221,12.097906,6215453913595756.0,0.7160525994160029,6.028988530618218e-07,367881179716606.25,836059836.02,1.4955121664955557,1.9464235706964056e-15,0.0004878066701041912,3.7819333798873733e-10,250616914760.05923
1071,244174,5.5639486,4336278632252008.5,0.20071404707134283,2.128465110064252e-07,156427044187339.88,304666985.61,1.4955121664955557,1.2831160245600757e-15,0.00022078797229582974,1.7970697265712782e-10,172071712978.19952
1072,183829,9.6504965,6075774812854557.0,1.6264780988234993,1.249023458367641e-06,1024000647685990.4,1275836350.01,1.4955121664955557,1.5883565137375367e-15,0.0005140962073779343,3.7260281196042037e-10,323665501373.0026
1073,217523,13.790088,1.2879264803060154e+16,4.960597996641415,4.286330449996787e-06,4632954857160772.0,2602522545.56,1.4955121664955557,1.0707201234594875e-15,0.0005283041454670457,4.108880773572341e-10,493410120807.38666
1074,162819,1.1077545,824978270306892.4,0.0017104106607366144,1.295122677372859e-09,1273794535169.084,95436794.15,1.4955121664955557,1.3427680944710395e-15,0.00019138849723459295,1.2409421352428455e-10,142532800729.06943
1075,61065,0.34425443,270211620891301.2,0.000498657984587294,3.6724653184950564e-10,391405804961.52856,44255779.61,1.4955121664955557,1.2740178563174537e-15,9.458035635513722e-05,7.306912789182945e-11,74237857724.00519
1076,170983,11.462493,5249756227304325.0,3.5023083250221196,3.0435097389281738e-06,1604037179278945.0,927784500.64,1.4955121664955557,2.1834333831317398e-15,0.0004279515948282159,3.1540670636484936e-10,195999382502.0651
1077,106260,0.3004838,135010179274183.8,0.0034035152319592137,2.373882739896231e-09,1529231198584.5115,128078024.71,1.4955121664955557,2.2256381082923098e-15,0.00020481700182874951,1.5895511019518593e-10,92026192877.28755
1078,156223,49.748848,3.4485024045260588e+16,7.584312905856313,6.658006016665521e-06,5257311946705483.0,4419951806.44,1.4955121664955557,1.4426218156236774e-15,0.0011900199631032365,9.441783460209668e-10,824900850808.751
1079,139111,1.5562819,775442187878572.9,0.06526537488468831,5.857510257298694e-08,32519510182119.293,1100130610.13,1.4955121664955557,2.006960575949086e-15,0.0003042560016725544,2.2182715774301127e-10,151600387829.57785
1080,278968,7.8210635,5411965156488990.0,0.34994009211740884,2.6595666665182776e-07,242149112508543.62,275550875.07,1.4955121664955557,1.4451429885173007e-15,0.0001845096504645896,1.3771286126662052e-10,127675705401.23111
1081,122767,8.977387,7524734647384849.0,1.7342973321158213,1.3043101895779744e-06,1453666553958187.2,762624228.98,1.4955121664955557,1.1930503095042702e-15,0.00036762392689784784,2.583445500818045e-10,308137824506.83154
1082,24782,2.9751916,317374131905734.6,0.009314510586851253,7.0362059355523505e-09,993611541397.4318,473383839.7,1.4955121664955557,9.37439854387276e-15,0.000462963087330898,3.418200062046362e-10,49385897683.376945
1083,164268,7.7244415,2647205731199875.5,0.01553701242648257,1.2378968811058516e-08,5324613868990.832,586564807.63,1.4955121664955557,2.917960402155374e-15,0.0003980882725339708,2.906598686953904e-10,136426893332.72646
1084,99153,15.430475,1.1868942463453286e+16,5.372459188351892,4.272047030868145e-06,4132433317431871.0,1907420033.31,1.4955121664955557,1.3000715984185908e-15,0.0007230179513998691,5.069489172946443e-10,556137025283.3378
1085,105843,27.360075,2.189093393816152e+16,6.243498856087682,5.456184674914052e-06,4995454910178517.0,3929760830.4,1.4955121664955557,1.249835894498058e-15,0.0009006008667895152,6.618287833368803e-10,720575293727.8235
1086,31174,80.80876,4.084257191769639e+16,6.463701633002136,5.731428795886541e-06,3266900751854395.0,5808177507.28,1.4955121664955557,1.978542393530975e-15,0.001453926663956659,1.0945534932938087e-09,734847364762.2639
1087,70371,14.175382,2653332138875619.0,0.010480302710620847,7.771365727283603e-09,1961691332708.745,679358859.71,1.4955121664955557,5.3424830583053156e-15,0.0006401567709904274,4.389595254523361e-10,119823827984.86421
1088,110453,45.299767,1.3800991795965702e+16,0.6802314778827859,5.677326666560012e-07,207238793206551.22,5710296731.66,1.4955121664955557,3.282355911061552e-15,0.0012885976565693831,9.845854862272542e-10,392583160231.5898
1089,181415,22.526457,2.146660283035681e+16,2.2190103413099274,1.9038709340589898e-06,2114607444630760.5,2008179985.92,1.4955121664955557,1.0493722354682228e-15,0.0006676185074755676,4.943188096492799e-10,636207519991.8746
1090,109461,0.10789878,204864182771056.75,0.0012753478395132049,8.847318835407246e-10,2421464755122.3984,24253803.59,1.4955121664955557,5.266844527946637e-16,0.00013309407229968156,8.172014532062848e-11,252701729837.41064
1091,148499,8.447366,3296355585163826.0,0.01366623286712151,1.0161891633797897e-08,5332876903840.255,1561415428.91,1.4955121664955557,2.5626379745012168e-15,0.0006149028725920283,4.3695951820292457e-10,239949176867.91516
1092,197613,20.008446,3.0459202069717676e+16,1.7607760289560366,1.413889429723728e-06,2680459685149310.5,3724515039.46,1.4955121664955557,6.568933077827491e-16,0.000830717081121779,6.147420508238711e-10,1264614924949.9094
1093,133724,57.664993,1.5831610441301446e+16,1.45278141584321,1.2043664641165528e-06,398853242416799.75,7472923013.18,1.4955121664955557,3.6423959024133e-15,0.0013036179825062209,9.497662907273742e-10,357901232439.4769
1094,213077,11.47231,5144050028389506.0,0.48548495544275544,3.6117059215533443e-07,217685792907268.38,844410755.62,1.4955121664955557,2.2302096473956223e-15,0.00040902307463389846,3.285249490495161e-10,183401177154.59818
1095,234983,9.437241,6618357715358316.0,2.788322963788164,2.7912270149582374e-06,1955456981579485.0,1697893405.55,1.4955121664955557,1.4259188466196513e-15,0.0005981539232440406,4.462139781325728e-10,419486652176.6311
1096,105068,1.9988823,1365103847154778.2,0.0028419385153194542,1.8986035987038724e-09,1940855247274.9023,222573084.5,1.4955121664955557,1.4642712378008284e-15,0.00019919551859868143,1.2907760277578411e-10,136037308837.56949
1097,162750,14.028529,2.230924945750898e+16,1.2097249355410926,9.800859973342382e-07,1923797952155582.8,1670001287.24,1.4955121664955557,6.288211993289714e-16,0.000608856921319857,4.5527293440168467e-10,968251264381.0057
1098,214506,5.735771,2653154815523706.0,0.6372727009784637,5.420243156087427e-07,294778702881061.6,985965947.27,1.4955121664955557,2.161868190442485e-15,0.00043543360923350603,3.179217666650611e-10,201415429099.0251
1099,176942,14.113564,7885160580056007.0,0.023645112971739695,1.7973312713489625e-08,13210377812133.973,1794037507.26,1.4955121664955557,1.7898892301188562e-15,0.0007111755739738325,5.604296159814656e-10,397329377710.4896
1100,38764,32.6505,4.060395419276902e+16,6.657879452230595,5.6279638120464045e-06,8279696552865934.0,3945863277.81,1.4955121664955557,8.041211908818127e-16,0.0009416222258419528,6.983554940108406e-10,1170995412780.1982
1101,47908,0.7218605,1231218089071175.5,0.003139979180531155,2.372135046225915e-09,5355604256469.005,389363243.89,1.4955121664955557,5.862978349713557e-16,0.00040855134527236674,2.88963246575257e-10,696832430384.6815
1102,53957,5.8183594,2818153462174599.0,0.005990564535043374,4.282042825314922e-09,2901561939403.889,590308646.95,1.4955121664955557,2.064599915545523e-15,0.00043070492414135954,2.713638554462868e-10,208614231211.74335
1103,157346,0.33385023,194686340756981.06,0.018642433525989363,1.3895130657266116e-08,10871423290557.963,1330140031.42,1.4955121664955557,1.7148107499577052e-15,0.0006604930658708107,4.801397098445208e-10,385169655536.10004
1104,214378,10.06266,7536788532057082.0,0.19327371872361576,1.7313827717924577e-07,144759253201854.53,638373611.27,1.4955121664955557,1.3351389596774993e-15,0.0004411344268651869,3.6481601943661875e-10,330403381361.69904
1105,89169,6.936702,2008941361078107.8,0.04081447906785464,3.098157161248307e-08,11820299492506.646,3485164557.22,1.4955121664955557,3.4529141240227074e-15,0.0009807426712706662,7.644082373105439e-10,284033322591.89905
1106,46813,0.51048124,211067672987769.4,0.005561075163862439,4.096840552552236e-09,2299326796311.895,785921638.87,1.4955121664955557,2.418566674725127e-15,0.0003552657189675971,2.6153991770549984e-10,146891017179.82346
1107,154903,18.613295,9593067067454572.0,0.053482131567611814,4.7049887330123105e-08,27564043606386.16,3056089533.8,1.4955121664955557,1.9402861325912587e-15,0.0008018929991593933,5.874797119580916e-10,413285950814.101
1108,91040,5.2723765,1603159141132437.8,0.03838368792899094,3.065465720891278e-08,11671237851419.873,1659423219.81,1.4955121664955557,3.288741812790778e-15,0.0007531528077213653,5.759533759608547e-10,229009405600.6941
1109,97185,0.43034533,333802627019710.4,0.0009663933548427575,8.13696462392036e-10,749594844170.6189,28540837.35,1.4955121664955557,1.2892209202852948e-15,8.015937537280733e-05,6.467912870911745e-11,62176601474.22109
1110,83423,2.2370622,1518097718223802.5,0.0020653537773475308,1.5099433941127952e-09,1401574286453.0981,179867177.83,1.4955121664955557,1.473595654051438e-15,0.00028626171606970755,2.0731856740488565e-10,194260695111.76447
1111,213376,16.831213,2.8356503410223372e+16,7.656970708883078,7.064326890109571e-06,1.2900134768565014e+16,2949065432.63,1.4955121664955557,5.93557419845066e-16,0.0008222923789080017,6.688531400263839e-10,1385362816494.8918
1112,127153,1.5669527,977603603197292.6,0.0028765838669375403,2.19237985939688e-09,1794667288436.5562,119506329.28,1.4955121664955557,1.602850782132162e-15,0.0002391069322835343,1.8409171161902117e-10,149176039933.96494
1113,101109,43.53757,3.549980792557915e+16,15.129951691279604,1.3586663770539952e-05,1.2336710086569308e+16,5392419365.48,1.4955121664955557,1.226417058122427e-15,0.0010699572644247645,8.185435948435446e-10,872425295570.1763
1114,9194,43.59168,2.58350023913783e+16,12.540689785100044,1.0694140961745956e-05,7432352930366369.0,7317135729.28,1.4955121664955557,1.6873108560093452e-15,0.0011637791974719828,8.975584718600364e-10,689724239802.7557
1115,244925,9.896097,4551245806136795.0,0.10304921451391683,9.039298608954678e-08,47392654435597.68,598282581.96,1.4955121664955557,2.174371023128729e-15,0.00035635981674067346,2.956711540135243e-10,163890988681.36267
1116,99802,4.3960304,2882790294863249.5,0.0027351241569101036,2.2309019061937816e-09,1793615752699.6343,247297090.29,1.4955121664955557,1.5249220201112595e-15,0.0002934150350116366,2.2334572005136628e-10,192413140568.4789
1117,169329,1.1155427,825953235821207.2,0.002497462758256596,1.7405800674270848e-09,1849133562099.4097,115417508.2,1.4955121664955557,1.350612421647416e-15,0.00021307554564175039,1.7570429603629474e-10,157762169388.2028
1118,111956,27.114767,8319562062788599.0,0.04204041159715944,3.156615357089943e-08,12899163523247.148,2455716648.17,1.4955121664955557,3.2591579695375834e-15,0.0007996095951044472,5.967636072574905e-10,245342386769.27267
1119,165891,0.2550074,99803415752576.86,0.006943640285641774,5.327987785739087e-09,2717564346227.786,522128562.01,1.4955121664955557,2.5550969180472752e-15,0.0003625643623510196,2.601679057597328e-10,141898477427.66183
1120,66420,48.85539,3.4870975394357864e+16,2.547150480148372,2.1936356515190354e-06,1818051636042219.8,7253577239.34,1.4955121664955557,1.4010330782976842e-15,0.0011502310528020852,8.783747049874006e-10,820987791522.8567
1121,2,15.57916,5848865319735243.0,0.031064084996246317,2.4317055573313588e-08,11662352105238.855,1026676881.66,1.4955121664955557,2.6636209159121503e-15,0.0005185787982817894,3.2897279116626684e-10,194689415143.07166
1122,213940,14.172581,6077151632487294.0,0.20299879798057405,1.720089654338598e-07,87045152646550.69,738479964.62,1.4955121664955557,2.332109161837609e-15,0.0005887595519087062,4.2786931600468095e-10,252457973041.35934
1123,187753,1.5079668,613856960878296.4,0.007713163648795614,5.83439174717891e-09,3139843129309.364,731927037.54,1.4955121664955557,2.456544270252187e-15,0.0004624638599629001,3.3226676147072353e-10,188257897715.5677
1124,126764,8.212455,7221797181932884.0,3.430814240397022,3.0686226258325812e-06,3016959558747588.0,657373695.29,1.4955121664955557,1.1371760786283908e-15,0.000344606206701073,2.5219228285270115e-10,303036805977.0665
1125,67168,16.844904,4458076731917778.0,0.7507124831300023,6.324322785165797e-07,198679307011905.84,1688113766.84,1.4955121664955557,3.778513698384381e-15,0.0005686145301420788,4.052318405896716e-10,150486295811.2888
1126,131333,31.293066,1.9533121687543068e+16,9.96777212429247,9.149958711592983e-06,6221880139756982.0,4020557726.49,1.4955121664955557,1.6020514539648133e-15,0.0009227349552808886,6.613546510946038e-10,575970860984.0662
1127,153545,0.23849072,204334559100215.1,0.0017265008789484255,1.346118012789116e-09,1479234898054.1482,103161687.74,1.4955121664955557,1.1671580228532616e-15,0.00014788847977364265,1.209126620124081e-10,126708189360.77829
1128,186285,2.4860427,1602680293716536.8,0.010212772178580524,7.577340002462932e-09,6583880765534.521,334773298.08,1.4955121664955557,1.5511781792955033e-15,0.0003543498054200335,2.874023744410806e-10,228439137521.24088
1129,174456,15.398782,1.5056611054608968e+16,4.39295616491488,3.921700133547297e-06,4295341823468245.0,3213058859.75,1.4955121664955557,1.0227256282406453e-15,0.0007508969186326652,5.730704090932836e-10,734211501010.6901
1130,181593,25.537903,2.5481724775155292e+16,2.1523460379736634,1.8606087659186665e-06,2147611311725196.8,3676638595.72,1.4955121664955557,1.0022046476578964e-15,0.0008343801532118423,6.125942307702897e-10,832544685520.8148
1131,150151,26.804377,1.5201809762047202e+16,2.510421475509457,2.0689614287679826e-06,1423758130743072.5,2621195879.28,1.4955121664955557,1.763235918589097e-15,0.0009376301051263132,6.975920665572477e-10,531766676960.9505
1132,117188,21.805346,3.2596855296236956e+16,3.0252712489521203,2.463533330237605e-06,4522484033684139.0,5473809736.38,1.4955121664955557,6.689401723520628e-16,0.0008994631476849683,6.648839976523515e-10,1344609256344.0508
1133,28443,19.751942,6175733664561807.0,0.01569119258734947,1.1641215775978269e-08,4906080946309.827,2430048206.29,1.4955121664955557,3.198315062280374e-15,0.0007806943672895636,5.573835146736989e-10,244095516572.69644
1134,125474,13.999065,8464530312889922.0,0.2918614550683713,3.3979146791844145e-07,176473938337338.16,2375972597.84,1.4955121664955557,1.653850182175141e-15,0.0005393630788708528,3.903930740997482e-10,326125718450.19446
1135,14924,0.22209941,57567547278409.47,0.002371612798220792,1.8572815465156852e-09,614715419044.3658,75176864.57,1.4955121664955557,3.858066228284451e-15,0.00020361376217292062,1.7227289642740627e-10,52776118947.92709
1136,40731,3.5244412,1342264133592695.2,0.012601969756296915,9.466815843406e-09,4799391181926.152,1350242786.43,1.4955121664955557,2.6257434075709854e-15,0.0005899562043781873,4.214469683755086e-10,224681590241.1204
1137,179068,13.475554,5435193626922958.0,1.6776430366263158,1.4709084641109598e-06,676656020295939.5,2101883137.61,1.4955121664955557,2.479314432010209e-15,0.0006011416708261122,4.2857518286811556e-10,242462861130.0065
1138,167237,34.67276,1.4504099889581704e+16,0.5031943473578385,4.2410168426462634e-07,210493225170161.38,3563279908.39,1.4955121664955557,2.3905488974814247e-15,0.0009429091693899126,6.941186835978942e-10,394432078081.8663
1139,38032,12.981855,2.2165354078344376e+16,0.7632480268871,6.417650031126827e-07,1303177609482641.8,1689572463.43,1.4955121664955557,5.856822748743416e-16,0.0005329776352194609,4.115348622707214e-10,910011550774.3708
1140,78848,7.604128,7476881753689147.0,0.00647057934655355,4.682748303321906e-09,6362301719808.515,639933481.13,1.4955121664955557,1.0170186249432217e-15,0.0005178214058463125,3.431801210731564e-10,509156266312.4498
1141,27508,35.660053,2.1574029936204356e+16,18.053340373705833,1.5704918285190913e-05,1.0922117969673696e+16,6514471731.69,1.4955121664955557,1.6529157095567596e-15,0.0011454602883038479,8.933345162278151e-10,692993769543.7662
1142,164069,35.000294,2.279988192521986e+16,3.8223103868464015,3.3993214506629844e-06,2489928384648409.5,5960200407.7,1.4955121664955557,1.5351085639300952e-15,0.001004796758048263,7.491111981742024e-10,654544428750.9158
1143,48839,12.412839,4029727105652408.0,0.04981802532326234,4.069351233690798e-08,16173016261245.982,1409243043.48,1.4955121664955557,3.08031751891804e-15,0.0005214608836465005,3.792689684980141e-10,169288029705.99713
1144,109732,0.35262865,384939803968841.25,0.00015900198943347765,1.490817513267016e-10,173571247382.13602,38717188.41,1.4955121664955557,9.160618007394822e-16,0.0001309934696833899,7.856715494605755e-11,142996323586.07974
1145,111181,28.080643,1.923706065556164e+16,6.76644948499083,5.7355474323258964e-06,4635456501674923.0,4811176492.91,1.4955121664955557,1.4597158839794782e-15,0.0009549857631997672,6.913151153575255e-10,654227150420.7274
1146,180810,0.5040513,656141181973278.1,0.004172788624374422,3.0414871759413604e-09,5431864693378.794,127477406.02,1.4955121664955557,7.682055536951922e-16,0.0003053976632780286,2.1508148468916186e-10,397546804769.917
1147,102467,13.321707,4054019695120531.5,3.3933160072754025,2.8374910625813356e-06,1032643183434543.9,1542115424.0,1.4955121664955557,3.2860489099335586e-15,0.0005256231701679304,3.8109775926730394e-10,159955978920.15494
1148,165638,26.677675,2.236780417946944e+16,0.7083203926743078,6.272545198666692e-07,593888779275698.4,4023256335.87,1.4955121664955557,1.1926818916130546e-15,0.000841078025530772,6.262240999964818e-10,705198956607.9917
1149,63890,18.869938,4056262721567965.0,0.27300804608435264,2.401901400989529e-07,58685532513147.03,2251846691.13,1.4955121664955557,4.652050248043536e-15,0.0007611269582544751,6.036866979524833e-10,163611078486.21677
1150,120141,10.715484,3169367492748385.0,4.756723840892177,4.003979594411694e-06,1406917868880669.0,2547265568.71,1.4955121664955557,3.380953462959841e-15,0.000616687420196875,4.532526695089724e-10,182400446191.5896
1151,11145,7.9859858,1312963661302166.8,0.006626081275289255,4.975913239838378e-09,1089383846799.4159,438754477.44,1.4955121664955557,6.082411901697024e-15,0.0004346708201591794,2.954186714467454e-10,71463562018.5315
1152,130105,15.096677,1.6220259648951882e+16,0.0637878279429475,5.227944757463572e-08,68535289698340.69,1835667579.93,1.4955121664955557,9.307296755249855e-16,0.0006892089859092483,5.090702517442712e-10,740503933669.5636
1153,261976,6.264655,8131108834861928.0,0.010548276180635653,6.905266094051852e-09,13690966484974.86,400222574.49,1.4955121664955557,7.704551897203057e-16,0.000305030537482282,2.1949669692222793e-10,395909511094.36444
1154,78466,13.827441,3944724511401634.5,3.1833314102227894,2.8356541880090176e-06,908148184600503.4,2920814392.27,1.4955121664955557,3.5052995361358836e-15,0.0007327491104557833,5.44727724934836e-10,209040369560.9818
1155,196521,0.16101234,472152901629006.6,2.7420491671870794e-05,1.6693973534393393e-11,80407903561.7258,6779315.6,1.4955121664955557,3.410173684085822e-16,8.363147030542907e-06,4.994872626103745e-12,24524108756.017357
1156,158747,11.500453,1.8217261846029096e+16,12.019414967074297,9.66600496695498e-06,1.903932216333336e+16,2195605796.43,1.4955121664955557,6.312942689851499e-16,0.0005376034957223682,3.78849874412824e-10,851589380950.0342
1157,155967,6.688101,2539565913115975.5,0.2283121670964048,1.6761434135369002e-07,86693337482144.56,840830079.53,1.4955121664955557,2.6335607063625644e-15,0.0004866100308354815,3.229409279925158e-10,184772665258.80856
1158,163463,13.996028,1.3003231354374332e+16,0.026071288355409103,2.0644384981245592e-08,24221943125005.895,1103335413.71,1.4955121664955557,1.0763499947489352e-15,0.0005361192882462342,3.914295279538274e-10,498090110894.9112
1159,100017,0.10098995,672509700661978.9,7.830809377595831e-05,5.2667094238520864e-11,521467261887.7413,46213354.25,1.4955121664955557,1.5016876321723158e-16,4.89700221470314e-05,3.22113936326146e-11,326099923165.72656
1160,61863,0.18946582,135053753625170.89,0.005096040213836005,3.524053691929815e-09,3632525167354.043,523645723.8,1.4955121664955557,1.4028919220256901e-15,0.00038714764942611137,2.8824932370076225e-10,275963987922.2441
1161,105470,31.717207,2.280645985751697e+16,19.059675662905008,1.6761883876603165e-05,1.370498127099704e+16,7596407972.38,1.4955121664955557,1.3907115439289042e-15,0.0011726523294171283,9.347126731933383e-10,843203131904.8837
1162,9191,127.81243,1.6738359430851302e+16,0.2076874700381291,1.6084780571132836e-07,27198821920390.414,16974653492.79,1.4955121664955557,7.635899475573608e-15,0.0019673094064905894,1.4568919073671815e-09,257639510942.20047
1163,113676,0.56258726,577507676610934.9,0.0024985587579357785,1.844798939558185e-09,2564823211907.4194,87830007.5,1.4955121664955557,9.741641241922631e-16,0.0003048237149806709,2.1788264785175696e-10,312907966338.23706
1164,171483,31.568562,3.2108522028711068e+16,1.8908584089232667,1.6588093196515622e-06,1923200330635468.0,4356599468.77,1.4955121664955557,9.831832798710498e-16,0.0009552720741366482,7.609974390452346e-10,971611390972.7367
1165,219508,16.697573,1.758573061368403e+16,1.9871844153380265,1.7981401484915387e-06,2092884385523916.2,2580681181.36,1.4955121664955557,9.49495552206803e-16,0.0005626205126769457,4.4738506419680156e-10,592546759560.1809
1166,219546,9.365667,5737498650425778.0,0.9214684498192959,6.574664437707743e-07,564500530207634.4,370359451.91,1.4955121664955557,1.6323606454016292e-15,0.00028878832378404564,2.0283658882100585e-10,176914534540.85913
1167,207757,19.302801,2.117211504971276e+16,2.8907220319493234,2.42767051192476e-06,3170664166157571.0,2624592675.65,1.4955121664955557,9.117086769402322e-16,0.0008252607225583024,5.963582178209033e-10,905180287773.4409
1168,84719,27.035387,9233278075085262.0,1.901443435343012,1.6891474507385657e-06,649391702163073.6,5439994844.23,1.4955121664955557,2.928037775982432e-15,0.0008214178735544464,6.066998597345684e-10,280535271878.05475
1169,121025,9.214104,5165963706993780.0,1.0019923320696502,7.812008491458537e-07,561775298190455.94,1421405575.0,1.4955121664955557,1.783617640891625e-15,0.0005969873933377051,4.3397396332454193e-10,334705925558.8394
1170,151129,13.919531,1.2100874609172468e+16,0.940556720714531,8.200627631750824e-07,817668277773223.0,2258653818.5,1.4955121664955557,1.150291317740702e-15,0.0006029703275958214,4.435174454868901e-10,524189236497.1694
1171,93163,3.8011441,1939773124084660.2,0.0025672615059948237,1.8544522796900027e-09,1310106836472.1738,154762126.24,1.4955121664955557,1.9595817948007107e-15,0.000274426349472321,1.9747351093732355e-10,140043324652.45737
1172,7,1.11574,1196502023410034.2,0.003967290007531059,3.171007480507836e-09,4254459391493.827,590742635.63,1.4955121664955557,9.325015571809379e-16,0.00029875562700043795,2.370987710825756e-10,320380834433.7906
1173,212769,20.047281,3.084934238250595e+16,1.2713739555628354,1.0514623349551323e-06,1956427430301336.8,2958793144.86,1.4955121664955557,6.498446790674026e-16,0.0008314918808129398,6.334405834662518e-10,1279524027197.1152
1174,204172,7.5448437,5791310296169047.0,3.8563743672380753,3.610694124190618e-06,2960095857104138.5,1069717678.13,1.4955121664955557,1.3027869884628554e-15,0.00041780729446523797,3.1577406798075635e-10,320702692124.8303
1175,173915,17.954174,8850138955117185.0,2.2338062088392885,1.7840783343120996e-06,1101108597200362.6,2108924896.81,1.4955121664955557,2.0286883732620745e-15,0.0007611840197611602,5.436439358233473e-10,375209928638.3731
1176,46220,127.27107,1.913052774918469e+16,6.675385263314498,6.041330077562225e-06,1003398832243152.6,9188177355.96,1.4955121664955557,6.652773601889999e-15,0.0018682263123679249,1.4054469326273081e-09,280819162677.8306
1177,153216,34.57491,3.482198861988134e+16,11.333799769251861,9.91216273526281e-06,1.1414793171837672e+16,9345891898.48,1.4955121664955557,9.929045229846446e-16,0.0011712578964720854,8.870533552813381e-10,1179627919259.8652
1178,142050,13.95544,7075223759167779.0,0.01785584435467901,1.3418847588731316e-08,9052677251181.389,1671070260.25,1.4955121664955557,1.9724379715789376e-15,0.0007644931112304415,5.562282073153871e-10,387587910112.3086
1179,153322,37.71143,1.8746505442090252e+16,9.989627159162561,8.072155937855371e-06,4965884346037621.0,7814285184.0,1.4955121664955557,2.0116511910176653e-15,0.001223772928599502,9.037858696418041e-10,608342506923.585
1180,220513,9.176177,6990409290287655.0,0.6117506909174762,5.206112271079372e-07,466031519785354.9,818767188.82,1.4955121664955557,1.312680934541159e-15,0.0003980062610398229,2.8614313898853025e-10,303201067804.7549
1181,117027,16.057976,2.051634920184501e+16,3.964068245481292,3.4140523624791693e-06,5064661224069537.0,3195704649.02,1.4955121664955557,7.826916885659135e-16,0.0007914334569561585,5.992444246933096e-10,1011168852969.7589
1182,105627,0.5177715,1062165890051415.0,5.035657788043077e-05,2.8785549827459512e-11,103302401473.06512,7693316.84,1.4955121664955557,4.874676402712733e-16,1.666741547402926e-05,9.469304606764439e-12,34191839820.903652
1183,149401,5.1544065,2756376250275072.5,0.005981382997155687,4.5729025708557166e-09,3198611137316.9863,496653814.23,1.4955121664955557,1.869993800550856e-15,0.0003684981733000455,2.474729706469602e-10,197058499975.5051
1184,99152,0.89996964,730970612640579.9,0.0012878923075408178,9.056405218867305e-10,1046047985638.9396,35639361.44,1.4955121664955557,1.2311981144480257e-15,0.00011838810285682347,8.852706119728981e-11,96156825995.38383
1185,41398,5.7185745,2308835830042344.0,0.05844274159393744,4.902162857594753e-08,23595862185233.184,1933259435.85,1.4955121664955557,2.4768216196190622e-15,0.0007055835980709429,5.086078044247096e-10,284874612076.2069
1186,129381,23.331015,6619696650289477.0,0.7099604240697766,6.054606547218874e-07,201436698791406.9,4060982788.05,1.4955121664955557,3.5244840107559525e-15,0.0009039538298446645,6.554573832711199e-10,256478346074.48798
1187,31175,12.727223,1.102758675132034e+16,1.8998182946686382,1.6092743480314333e-06,1646110157432134.0,1697876231.51,1.4955121664955557,1.1541258560923278e-15,0.0005225645419940477,3.9666466273072274e-10,452779512074.4991
1188,105842,16.03835,1.2962113229711892e+16,0.01899753043067697,1.5225738493114844e-08,15353707864420.729,1830399399.13,1.4955121664955557,1.2373252505800309e-15,0.00065368728298119,4.770886387220265e-10,528306750932.9142
1189,103349,6.328493,2559823963281146.5,0.08714838233455136,4.89032254350527e-08,35250812075034.59,1180183190.53,1.4955121664955557,2.47223757991867e-15,0.0005349207123792324,4.0633774252001693e-10,216371078865.66055
1190,185758,10.117148,5744440497739711.0,0.3248443098704349,2.862356987834368e-07,184444154526555.7,994464692.06,1.4955121664955557,1.761206858001373e-15,0.00042921862519380356,3.2593228281251185e-10,243707105297.60437
1191,96950,2.6282601,1371002190399572.0,0.0025975602197353936,1.921852600869783e-09,1354987944668.0403,155965831.17,1.4955121664955557,1.9170356680714028e-15,0.00022953833764291078,1.5286653617550203e-10,119736080796.99083
1192,191003,16.139395,1.388675923341797e+16,0.4351833724466407,3.5313344879993924e-07,374443200352513.75,2137974792.92,1.4955121664955557,1.1622146484084743e-15,0.0006840842098826979,4.947613717771374e-10,588604016323.04
1193,64255,0.4311281,1434393410211155.2,1.3826189993329357e-05,1.0852034279227522e-11,46000703305.48866,3175019.7,1.4955121664955557,3.005647522715084e-16,4.438992586568305e-06,3.4906050194484078e-12,14768839503.03807
1194,39405,0.51095295,207010567656657.75,0.0021523818431221104,1.4840808689461287e-09,872028994369.4255,159311811.43,1.4955121664955557,2.468245731529286e-15,0.00018121940871788223,1.2148052593420255e-10,73420326997.0213
1195,167580,20.82815,7840095112940827.0,0.08445460238653203,6.80977325114629e-08,31790250955366.2,2975426041.29,1.4955121664955557,2.6566195562629267e-15,0.0007106074712742673,5.005812013775035e-10,267485598229.15726
1196,61565,46.238823,1.0504978189142492e+16,2.5340397857193384,2.1633203070562898e-06,575707402400813.0,5635238699.21,1.4955121664955557,4.401610566673096e-15,0.0012174718174370448,9.866752072168864e-10,276596895385.33075
1197,191423,27.103891,4.685676555551448e+16,1.8148099274185328,1.5459339736802869e-06,3137413860499602.5,3260052576.73,1.4955121664955557,5.784413558782271e-16,0.0011463347517549072,8.749658257451368e-10,1981764858452.1895
1198,112132,0.58587533,382175977443785.7,0.011358923465285019,8.556294616399777e-09,7409609955849.233,1453569378.37,1.4955121664955557,1.5329988397456942e-15,0.0005609304668246478,4.061926631855232e-10,365904038725.62573
1199,235125,8.464471,5057139686570901.0,0.054177510912116485,4.6763692494225165e-08,32368619439217.45,821405091.14,1.4955121664955557,1.6737665013440652e-15,0.0003786119870160714,2.684360157325313e-10,226203587365.40555
1200,145878,10.714045,6081568297703983.0,6.4806574271961965,5.666838586916604e-06,3678588316319023.0,1111532922.17,1.4955121664955557,1.7617240283308088e-15,0.0004842929359343414,3.8817531380469544e-10,274897162181.0695
1201,76075,12.942978,2.838598274259653e+16,2.750162683709057,2.230136991349447e-06,6031538528389544.0,1170290120.98,1.4955121664955557,4.55963709883383e-16,0.0006205716827473568,4.5088478115190705e-10,1361011127192.7185
1202,163916,17.341722,3.964095077687671e+16,0.6518084151084031,5.338688398507092e-07,1489950380894482.5,3838451815.95,1.4955121664955557,4.374698805185002e-16,0.0007352158680348426,5.544348749857574e-10,1680609113394.1528
1203,124018,24.489973,1.0093980548344202e+16,2.4989112324632554,2.1006031146212613e-06,1029970975162893.6,2171087219.31,1.4955121664955557,2.4261957790296406e-15,0.0007303262080610847,5.48612375993063e-10,301017013702.48834
1204,161886,49.175087,4.807064100394031e+16,1.7186015168679403,1.501046611899021e-06,1680002651468334.5,8220792639.51,1.4955121664955557,1.0229754788576495e-15,0.0012404648374665418,9.236068030958269e-10,1212604664631.611
1205,98716,0.18454267,160507621730555.2,0.004318240986478536,3.210026831518809e-09,3755828344734.9946,158640483.67,1.4955121664955557,1.1497439686060052e-15,0.0002771384132583685,1.924241942375567e-10,241043589551.8391
1206,79170,5.878449,1.100986768792994e+16,0.0036981524524496113,2.821784753854408e-09,6926345570279.4795,495013300.44,1.4955121664955557,5.339254899897219e-16,0.0002882091867879215,2.144363905788654e-10,539792896558.4122
1207,87960,28.819809,7997153694989353.0,0.019201343519769216,1.5046455356613597e-08,5328144099701.78,1893603111.65,1.4955121664955557,3.603758299413097e-15,0.0008139794680586948,5.985884770632191e-10,225869606236.15027
1208,49428,11.794595,4819791792469102.0,1.3971045983483144,1.3567764066353783e-06,570918567050420.0,1231112886.17,1.4955121664955557,2.4471171178865004e-15,0.0005291871995360061,4.1001555241650463e-10,216249232890.43427
1209,272734,5.8611565,6271219756439892.0,8.48930729746877,8.50893467595081e-06,9083243493391706.0,406724729.91,1.4955121664955557,9.346118821591605e-16,0.00033892439849125486,2.586572229747787e-10,362636517854.0898
1210,202792,12.110256,4334069009871317.5,0.6359282009159574,4.607569315336331e-07,227588641238721.28,1074089530.98,1.4955121664955557,2.7942000859740727e-15,0.0005335627792698897,3.957906661674111e-10,190953676491.59848
1211,228714,6.4822984,3817111913726182.5,0.6656523724708246,5.541318259126339e-07,391970477841390.8,231410524.08,1.4955121664955557,1.6982206826815617e-15,0.00018144968115734882,1.2274675633737097e-10,106846938685.7497
1212,168846,0.27407178,544518276983600.4,6.479625036165527e-05,6.639477176078414e-11,128735408665.3012,12388193.61,1.4955121664955557,5.033288901122678e-16,4.9672589401502276e-05,5.307061154384915e-11,98688134890.1367
1213,165018,11.79444,5286208234168563.0,2.8359659047904766,2.3073731584465807e-06,1271065545945777.5,1962514619.97,1.4955121664955557,2.2311720381660447e-15,0.0007433837695120838,5.459354530037712e-10,333180838050.9836
1214,179164,25.900757,1.7647918747252304e+16,4.083275210516156,3.404414527861424e-06,2782208610267980.5,2569041982.24,1.4955121664955557,1.4676380467828606e-15,0.0008485894987385049,6.514091792061661e-10,578200804073.3595
1215,172949,20.993042,9588966127612206.0,4.325630261672927,3.944132927706162e-06,1975812845978016.2,2367452655.29,1.4955121664955557,2.189291496144598e-15,0.0007751252353522017,5.519162029796638e-10,354053006060.2795
1216,146110,23.501204,2.3544954772402524e+16,6.421290759775575,5.551863194595031e-06,6433244889043223.0,6513071097.32,1.4955121664955557,9.981418196456336e-16,0.0008029951913679275,5.914377228199338e-10,804490079028.0602
1217,117636,17.292213,5643786825256543.0,0.019612529510147473,1.4710964483624038e-08,6401085601902.166,1690745003.18,1.4955121664955557,3.0639380145641786e-15,0.0007359359184625728,5.725596024589603e-10,240192822101.60962
1218,126122,8.5481615,1.6475051316415758e+16,0.13897969644549124,1.0681085601464546e-07,267858489907958.9,1285354819.29,1.4955121664955557,5.188549240804248e-16,0.0005465981920856666,3.720042045647386e-10,1053470183509.2183
1219,147838,1.5621843,627135033932098.9,0.34515546463718716,2.9789966783820067e-07,138561809913908.19,884523230.19,1.4955121664955557,2.490985538162648e-15,0.0004256823668858458,2.996047079705431e-10,170889136192.9902
1220,57121,43.253834,4980682572757508.0,4.730714315805649,4.063806907458082e-06,544742145850646.5,10105629864.95,1.4955121664955557,8.684318538302858e-15,0.0011059201874667958,8.154094834646392e-10,127346801316.53961
1221,190542,28.602188,2.839308915915805e+16,1.1376398619828294,9.707666587761543e-07,1129323044526898.8,3498497129.86,1.4955121664955557,1.0073644272967216e-15,0.0009528977357005222,6.81138172226771e-10,945931492000.0087
1222,208214,8.450549,7949535604974481.0,3.10395321255808,2.6355363311926333e-06,2919927046089595.0,1470997196.95,1.4955121664955557,1.063024234360559e-15,0.00039516637768634283,2.819335040637685e-10,371737882273.2553
1223,112281,4.9232435,2705088248485578.0,1.9231010120649477,1.5357345205014116e-06,1056652580435562.8,333956375.62,1.4955121664955557,1.819993674053421e-15,0.0002482492994464905,1.6200257132234218e-10,136401188084.13168
1224,152286,0.13438004,230997552465693.22,0.00051955129013941,3.4148302411654084e-10,893101954744.1492,42966598.86,1.4955121664955557,5.817379386301401e-16,0.000168973993192364,1.3686342403461885e-10,290464111022.6696
1225,35984,12.451916,5541630505445265.0,0.19331452534603186,1.5526141935598136e-07,86033159138179.38,804215376.28,1.4955121664955557,2.246976947987531e-15,0.0005465996294145112,3.9871096651374556e-10,243260007586.66638
1226,251995,8.08897,1.0848159459910774e+16,0.9211899354306097,9.117706720112084e-07,1235412581875833.8,586656186.63,1.4955121664955557,7.456536779250599e-16,0.00040516262526069064,2.8472923899899605e-10,543365690072.2892
1227,204731,21.369148,2.441801357295833e+16,2.0135471746253084,1.827186152614426e-06,2300832126755483.0,2275363534.76,1.4955121664955557,8.751386731828674e-16,0.000677222911896273,5.549650951977783e-10,773846400174.7546
1228,43335,16.080902,3995712453437437.5,0.023957561328407186,1.8817386909364397e-08,5952870439351.459,1195027473.11,1.4955121664955557,4.024539349963958e-15,0.0008323405788661734,6.457515717858856e-10,206816359957.7247
1229,95683,14.486257,1.338396479051135e+16,1.2020821725260682,9.702031758124893e-07,1110613008756526.0,2911783228.12,1.4955121664955557,1.082359168358701e-15,0.0006291650567881171,4.3079994740463024e-10,581290458085.3586
1230,204129,21.415812,2.5571584700928656e+16,2.9823283857968095,2.5062758758366783e-06,3561053997083414.5,2724298918.56,1.4955121664955557,8.374847413825809e-16,0.0007608830738365414,5.726204944895852e-10,908533655885.3839
1231,93708,6.6688814,7275713551037273.0,0.002669271909968677,1.8579591464229534e-09,2912161221934.7983,132573304.25,1.4955121664955557,9.165948265032014e-16,0.000234865499601713,1.5907623008132283e-10,256236990227.97473
1232,14928,17.656202,6214945526209099.0,2.6747615449000355,2.1137459028365167e-06,941510371095245.4,1168908170.2,1.4955121664955557,2.8409262680649223e-15,0.0005676280107561377,4.283234022396179e-10,199803851700.37292
1233,139653,19.087456,1.3837712263297668e+16,0.7897628300593384,6.666390919495283e-07,572549364284521.8,2502956525.24,1.4955121664955557,1.3793794549859548e-15,0.0007205320739635693,5.510671581504627e-10,522359580867.4024
1234,107593,35.628128,8470302946561523.0,0.03193576368706407,2.4373878220016806e-08,7592472814154.909,3343415996.18,1.4955121664955557,4.206240110274103e-15,0.0009343008698352008,7.249522311507278e-10,222122571546.2821
1235,148190,1.4471811,579421605833258.0,0.006192217181875155,4.692477792203173e-09,2479236650610.206,646481007.19,1.4955121664955557,2.4976305429943876e-15,0.00046179733912558337,3.28371890783481e-10,184894175169.69446
1236,172152,3.4860647,3426820180659148.5,0.0037618424247253487,2.698155855692108e-09,3697911153946.3306,313061455.18,1.4955121664955557,1.0172884820963835e-15,0.00028209350274354983,2.0310676921649263e-10,277299416741.8704
1237,116452,7.2386265,3488435590247575.5,0.011446338039543142,9.226304770501597e-09,5516214021423.3955,458969616.58,1.4955121664955557,2.0750351590944157e-15,0.00029177276018022344,2.2281387023849517e-10,140610995867.4428
1238,159402,15.619866,6819076937277337.0,0.7220645551921054,5.811429098241219e-07,315227656596791.9,3108993481.32,1.4955121664955557,2.290612958861345e-15,0.0008541892167792269,6.147215951392971e-10,372908576053.73944
1239,162158,0.38137802,753981208668898.2,0.0006935264932294291,3.6414508394545365e-10,1371096172792.096,26921585.2,1.4955121664955557,5.058189986900291e-16,3.485000293312332e-05,2.195684683954597e-11,68898169154.13995
1240,163120,4.8672004,5167590040120694.0,0.009588976233659752,7.381825826185875e-09,10180780327026.227,468691937.71,1.4955121664955557,9.41870458417077e-16,0.00045360400486449154,3.45131362665829e-10,481599142228.99176
1241,185503,14.071121,7245524944886965.0,5.773619412071784,4.761561521859396e-06,2972961676077529.5,2737572510.63,1.4955121664955557,1.942042999925041e-15,0.0007443869765023814,5.600763106395667e-10,383300975586.5927
1242,222273,4.661322,5520049361566162.0,0.011630361532455336,8.909828620005793e-09,13772953199116.844,1034896180.27,1.4955121664955557,8.44434840103944e-16,0.000568156644546189,4.1141358758026246e-10,672824731481.0613
1243,199965,21.003607,1.7760500220891298e+16,0.8974523314525678,7.047217293921007e-07,758879288257618.9,3168608610.46,1.4955121664955557,1.1826022205891422e-15,0.0007832422533428633,5.774380953469375e-10,662304061083.7616
1244,243093,11.808745,8134425646929100.0,0.23951989947840233,1.8779686297185016e-07,164992707799770.06,1340294111.12,1.4955121664955557,1.4516999125141706e-15,0.00046466526160664033,3.277135195411778e-10,320083550051.26074
1245,144966,36.145237,3.9989022929162184e+16,2.2964549165600276,1.990765411372657e-06,2540666376433115.5,5041468815.88,1.4955121664955557,9.038789735880472e-16,0.0011240249934097546,8.317874965254101e-10,1243556965317.8384
1246,18694,9.651689,3034834897966672.5,0.030732749135238404,2.4065697324089163e-08,9663471293581.527,1686158625.63,1.4955121664955557,3.1803011776576687e-15,0.0006684210440637988,5.4062634861316e-10,210175391173.5175
1247,212378,16.450563,1.3081424500469128e+16,0.5886819714942141,4.565809630449852e-07,468117642228346.94,1800566915.32,1.4955121664955557,1.257551346904922e-15,0.0006288934981408143,4.830945212467151e-10,500093693739.53864
1248,7356,7.44968,1479484071179886.2,0.007816407365183698,6.037442203627417e-09,1552315024355.7344,302345568.05,1.4955121664955557,5.035322883915128e-15,0.0004368550474179457,3.2168704215988614e-10,86758100223.01422
1249,88362,14.743542,7847335537148612.0,0.02502746433354677,2.0518783096701642e-08,13321012703009.967,1771294112.77,1.4955121664955557,1.87879592126593e-15,0.0006146412153221803,4.5168336617263826e-10,327146343232.4443
1250,135010,4.736135,3832990541613471.5,0.003830684202224241,3.000839707997318e-09,3100202235585.274,489316179.69,1.4955121664955557,1.2356239726086974e-15,0.00034510567580798933,2.4762214025167217e-10,279296682047.52356
1251,175570,21.82736,1.8763897491575988e+16,24.44659137091505,2.4851050094417275e-05,2.1015520635674496e+16,4715314531.93,1.4955121664955557,1.1632636561673473e-15,0.0007053429320675877,6.019642847864936e-10,606348292863.8123
1252,221200,10.621405,2.4961661317248508e+16,0.5098362267410993,4.310254714605236e-07,1198180393194237.2,877132192.76,1.4955121664955557,4.2550873778022974e-16,0.0005747434466903844,4.361291190228633e-10,1350720668366.7039
1253,65224,16.451443,1.264784238475187e+16,1.875275029073524,1.6591564520038618e-06,1441708365386727.0,1847597034.16,1.4955121664955557,1.3007311839870585e-15,0.000732774656371504,5.450649380449633e-10,563355953476.3907
1254,182525,23.433113,1.4804668601384232e+16,1.7230111955396576,1.4863137835002521e-06,1088571106469698.6,2354630311.52,1.4955121664955557,1.5828191519132694e-15,0.000657608761022934,4.765594601366293e-10,415466770305.3972
1255,185385,18.927107,1.1988769457973792e+16,0.4132161037280339,3.2070982472320506e-07,261738500443706.66,1837571885.28,1.4955121664955557,1.5787364221447668e-15,0.000796171736894697,5.77205351786538e-10,504309475430.402
1256,73545,0.89327353,294353672179734.0,0.002239899560713155,1.5883033016247424e-09,738097166060.3112,129894543.04,1.4955121664955557,3.034694703773093e-15,0.00013385373540325248,1.0119007702058842e-10,44107809341.358
1257,108176,105.0007,1.6885374663572698e+16,0.11611220588482245,9.017980927112388e-08,18672238369640.562,7049852667.13,1.4955121664955557,6.218440638247785e-15,0.0018317013667493768,1.4122973958182639e-09,294559596739.27325
1258,186444,8.066903,3507070521974601.5,0.60689154215965,4.4903875487092217e-07,263844927544537.8,939478942.89,1.4955121664955557,2.300182716445079e-15,0.000459248411353591,3.268992806547144e-10,199657361161.01123
1259,67554,20.454123,4109909836310786.5,13.170145265718194,1.3250169848340377e-05,2646317789974038.0,2327541764.37,1.4955121664955557,4.976781441599801e-15,0.0006229321591378439,4.402143571122833e-10,125167674419.23279
1260,48306,3.0283787,1746554130619684.2,0.026816834166147177,2.1077248386718306e-08,15466048708844.58,121083968.13,1.4955121664955557,1.733916313790698e-15,0.00024850021105446305,1.7563113836696673e-10,143317303769.51724
1261,74104,2.5792685,1417217470721830.5,0.0031295829278585484,2.268589046491061e-09,1719595924749.1733,317100080.41,1.4955121664955557,1.819952514899709e-15,0.0002800222623719694,2.002095717573713e-10,153862400298.61462
1262,122638,9.8892145,7640097487383522.0,1.5382791040751296,1.2315625367868265e-06,1188426271665861.2,1357071628.65,1.4955121664955557,1.294383287167547e-15,0.0005765640451339178,4.308106286987991e-10,445435328816.39136
1263,53488,0.82486945,998609240805472.4,5.3098523221936594e-05,3.9574670006281235e-11,64282506719.76013,6960632.2,1.4955121664955557,8.260182424655565e-16,1.651624146229965e-05,1.2282455240450768e-11,19995008116.286667
1264,142289,28.123707,1.833021242412806e+16,19.159162758473933,1.8917123138438464e-05,1.2487383801547588e+16,4262640806.28,1.4955121664955557,1.5342815647341196e-15,0.0009134151911398368,7.128965267261034e-10,595337395778.5417
1265,176784,25.036901,2.6958832274424108e+16,1.8903108477168533,1.7151033085341816e-06,2035418564387146.0,4425888764.4,1.4955121664955557,9.287086601207335e-16,0.0009405094559341422,7.198734313598436e-10,1012706671446.215
1266,151246,3.6128976,4586930294795250.0,0.0021975121919425534,1.5548659570145865e-09,2789958742922.3604,246792163.58,1.4955121664955557,7.876504258413353e-16,0.00027441988492900695,1.9525819165259815e-10,348403144244.96515
1267,233482,10.253971,6996860696477846.0,2.2516230064642677,2.0700271491750904e-06,1536408920721066.8,994420182.59,1.4955121664955557,1.4655102402084056e-15,0.0004261477500548296,3.3870797732631e-10,290784559781.87396
1268,79169,2.750316,1998697130380551.8,0.007108224701991256,5.166687085143943e-09,5165656715072.04,429292686.91,1.4955121664955557,1.3760544097425808e-15,0.0003592512964101499,2.628070274682514e-10,261073467638.0676
1269,82353,0.38358337,1557092728190611.5,0.0001901995036902516,1.1131891171623576e-10,772083169563.7748,1708600.1,1.4955121664955557,2.4634587462606376e-16,2.9786834165779446e-05,1.7433473266084583e-11,120914686357.11407
1270,78146,0.6655691,444474861507740.94,0.0006175797775528754,4.4601175994526574e-10,412427028384.87506,34300539.94,1.4955121664955557,1.497427993435369e-15,1.0535622247834991e-05,9.485815332122825e-12,7035812268.785212
1271,55760,0.6332185,559296472115823.0,0.0016852066057651705,1.259833009835577e-09,1488475319957.8667,305489836.71,1.4955121664955557,1.132169665945736e-15,0.00020884776757394734,1.506618022337225e-10,184466846141.37793
1272,133334,17.505217,3.664269083329757e+16,1.2698061344099731,1.124251770658225e-06,2658014099534404.0,3497117193.36,1.4955121664955557,4.777273885162615e-16,0.0007345358466764882,5.748634482382956e-10,1537562769758.3538
1273,88183,17.958124,1.4735623331518798e+16,2.1847780828496357,1.8763736720806203e-06,1792729958420489.5,2882354421.09,1.4955121664955557,1.2186877742449095e-15,0.0006696809010522225,4.956610295562509e-10,549509821305.2577
1274,125835,30.806395,1.266412504234317e+16,2.9644928804613886,2.3812575735154493e-06,1218666076485064.5,3641964023.0,1.4955121664955557,2.4325719224184216e-15,0.0008816929772428643,6.331970004039252e-10,362452994346.1241
1275,50987,1.2546601,368519807170662.6,0.004115211091357719,3.1719917284110683e-09,1208723221415.6794,225884052.26,1.4955121664955557,3.404593391146987e-15,0.0003042751503423214,2.1882629164917785e-10,89371950005.40518
1276,138651,0.49605763,555387729341019.94,0.00030300365828664767,2.1057950467290728e-10,339243877284.66864,12847689.06,1.4955121664955557,8.931735502845617e-16,8.076378783246016e-05,6.189575186951976e-11,90423398461.28351
1277,210376,9.248927,6978469333798968.0,0.016268524015502477,1.4641122232969111e-08,12274872095796.201,212730191.46,1.4955121664955557,1.3253518153622138e-15,0.0003374779645201874,2.3479120541241635e-10,254632740234.30215
1278,233153,19.935375,3.0217119687945844e+16,0.8162149295840505,6.308872248009354e-07,1237180851543025.5,1624253754.49,1.4955121664955557,6.597377647464057e-16,0.0007267732084661625,5.040720939703031e-10,1101609226122.631
1279,220606,8.052445,4524774302286224.0,0.9119378654749793,7.207147424955983e-07,512429829571383.3,1298568916.51,1.4955121664955557,1.779634620876307e-15,0.0005027817793303193,3.6613330413955597e-10,282519666358.6739
1280,147658,56.9774,1.2304442655039584e+17,5.873287886774618,5.580520944037109e-06,1.268354365052756e+16,8360114833.9,1.4955121664955557,4.63063639673785e-16,0.0012917923855675453,9.64601628851746e-10,2789664907565.569
1281,22363,35.83146,8.664132765072602e+16,1.4126986846040865,1.2778526519012034e-06,3415939222251404.5,5355485306.68,1.4955121664955557,4.1356083720745883e-16,0.001122015373874988,8.856019603502961e-10,2713060021474.2764
1282,19990,23.16204,6688388126886729.0,0.2756902674571643,2.518609484589209e-07,79609719677486.28,2525361603.44,1.4955121664955557,3.4630227134831857e-15,0.0009711184499715598,7.794581007530566e-10,280425088230.1569
1283,60097,4.826174,1897639173964431.8,0.012699750514786874,9.815544016209516e-09,4993509159933.838,1771533399.53,1.4955121664955557,2.543251670926171e-15,0.0005634302866530266,4.2313379350483833e-10,221539336076.73334
1284,115396,0.52403027,758595124686604.8,0.00011491318064029649,8.617307607568062e-11,166350273231.27734,2560517.5,1.4955121664955557,6.907904532295676e-16,5.1003890468602236e-05,4.043546842295463e-11,73834098647.64346
1285,88906,0.12699823,93172316234933.25,0.0014418332507382112,1.101730994415526e-09,1057801700038.0433,53063187.91,1.4955121664955557,1.3630468269112787e-15,0.00012522321400484912,8.399581747167761e-11,91870074844.46457
1286,229413,8.911796,7531684051477878.0,2.184545323828215,1.8869404666988502e-06,1846238982042176.5,413344240.67,1.4955121664955557,1.1832408182671066e-15,0.0003913639181768322,3.11946541260142e-10,330755930774.9347
1287,148775,7.773757,5251046229062729.0,0.6609588151972304,6.316142715626899e-07,446466913502336.94,752512249.46,1.4955121664955557,1.4804205982752422e-15,0.00038898138692709046,2.779206543834914e-10,262750590866.04956
1288,75037,18.91184,8868362277829857.0,5.208622087154849,4.569932505703048e-06,2442488284439561.5,6532665092.03,1.4955121664955557,2.1325064772419114e-15,0.0007877547408355152,5.732488491532677e-10,369403211311.39636
1289,77524,31.65228,8004920080746793.0,0.03943813143580273,2.920538536518323e-08,9973976291047.236,2572974960.39,1.4955121664955557,3.954103186630079e-15,0.000895016151242824,6.784259911929068e-10,226351237941.67087
1290,133984,3.7213135,1495975196274954.0,0.008690061601733223,6.726580744124019e-09,3493421505684.5654,972106281.18,1.4955121664955557,2.4875502677225123e-15,0.00044185026979995173,3.37961856613542e-10,177624659703.65683
1291,123627,5.843126,4454065755802082.0,0.008976099629340388,6.6090893380569274e-09,6842251558448.814,497726027.78,1.4955121664955557,1.3118634345234937e-15,0.0005242117529364157,3.952320029834664e-10,399593234433.60126
1292,179254,0.42097843,336785645342358.7,0.02383631276455692,1.894590299797091e-08,19069214489192.723,2013441549.7,1.4955121664955557,1.2499892314948736e-15,0.0006957605312866109,5.25020646825431e-10,556613220143.1403
1293,4971,42.99665,3.577831993983893e+16,1.9781565650321662,1.8439755460407322e-06,1646061227440129.0,5693188922.76,1.4955121664955557,1.2017515096376426e-15,0.0012296156381233765,9.694824433730384e-10,1023186264599.8552
1294,147327,2.0497546,3264627324365561.5,0.0015875646281178352,1.2697320420106735e-09,2528501150405.876,63344500.81,1.4955121664955557,6.278678686236701e-16,0.0002433144208793319,1.671261078639436e-10,387524880692.9617
1295,172582,16.184258,9411834455091850.0,2.4659015477982416,1.911690603472804e-06,1434026641841214.8,1341275474.5,1.4955121664955557,1.7195646690581382e-15,0.0006137498741910125,4.468877180751947e-10,356921658856.35657
1296,145879,17.035269,1.2599137126049734e+16,0.0540610733180011,4.2936176568661536e-08,39983100702132.984,3598005065.51,1.4955121664955557,1.352098070651061e-15,0.0008471334025915045,6.465195061021548e-10,626532513417.1619
1297,30305,1.8324066,650046219097059.9,0.0007126076685378827,4.280641763123461e-10,252797561759.83075,78555854.97,1.4955121664955557,2.818886636315316e-15,5.9447207608403954e-05,3.5930161338812663e-11,21088896177.148106
1298,146308,10.200832,5647728912768771.0,1.0464917953880977,8.67822292364888e-07,579394109204882.5,2005554156.52,1.4955121664955557,1.806183008702359e-15,0.000536596733299041,3.8342135538035475e-10,297088794830.6831
1299,130991,5.0619864,4757832458610661.0,1.2913536125501168,1.0983809953052232e-06,1213761485675876.5,193367025.82999998,1.4955121664955557,1.0639269970170734e-15,0.0002514645726150871,1.9687385534327768e-10,236355100791.79962
1300,173160,20.705984,8641701865674745.0,7.12197503737843,6.287663882396202e-06,2972376727800144.0,2815872081.18,1.4955121664955557,2.396053962732175e-15,0.0009887967755887544,7.420648187222201e-10,412677172955.3404
1301,183358,36.575153,1.51652702809098e+16,1.2811931048361385,1.102415239418713e-06,531225111126070.9,6348338150.37,1.4955121664955557,2.411770599699841e-15,0.0011525023383939896,8.712152194299813e-10,477865655438.9648
1302,65542,8.782858,2195144844605922.5,0.007769977289661392,5.705276583639679e-09,1941990362374.674,511897401.76,1.4955121664955557,4.001038027892286e-15,0.00044943259917791,3.3039793680285e-10,112328999635.79387
1303,147213,10.709239,6152976843323781.0,2.9411972052236606,2.603146237910657e-06,1689860343521122.8,1321586960.44,1.4955121664955557,1.7404972052868914e-15,0.0004866374175759661,3.846025857121154e-10,279596781941.25696
1304,86852,0.34676415,586967214325595.1,0.0003380512969273107,2.8385868103531694e-10,572218979547.275,10578905.61,1.4955121664955557,5.907726045626243e-16,4.628933730013646e-05,3.884125993995489e-11,78353899525.19304
1305,77197,2.1959598,1678188657295052.8,0.001239669081578146,9.414153746984788e-10,947375535519.2843,72427635.11,1.4955121664955557,1.3085297594249646e-15,0.000162062399893694,1.0023780944241568e-10,123850755954.46341
1306,195871,12.474924,9561045668646438.0,2.6208584041291796,2.0310168748320406e-06,2008681326871002.0,1683028659.74,1.4955121664955557,1.3047656535005424e-15,0.0006458827010172413,4.746760182181192e-10,495018166123.86237
1307,214595,18.354597,2.7018098915779304e+16,0.46555643613508474,4.139857354850298e-07,685302425456435.2,2490084025.22,1.4955121664955557,6.793445037422828e-16,0.000679159777949127,5.029373298020639e-10,999728082302.6636
1308,90186,26.419626,1.7708219166778996e+16,0.7965896823928585,6.593728364534043e-07,533928250226086.1,4331337975.84,1.4955121664955557,1.4919414398012304e-15,0.0009416470489413883,7.021559662856447e-10,631155502368.0037
1309,49429,0.33719754,279516150001629.97,0.0026565250817633993,1.944554443137126e-09,2202096916950.4336,220981080.38,1.4955121664955557,1.2063615644320863e-15,0.0003090579785325345,2.464665514656169e-10,256190173530.62674
1310,141103,24.853113,1.3917908804043002e+16,2.558502811599563,2.363234566366536e-06,1432778614362326.8,3532599916.39,1.4955121664955557,1.785693048425525e-15,0.0007306790860102472,5.487982129153189e-10,409185154556.37744
1311,150345,5.6834044,2045785092101383.0,0.011906325747063571,8.625350124300674e-09,4285773455615.004,1606287825.25,1.4955121664955557,2.778104318944928e-15,0.0005514890911373721,3.996687013359072e-10,198512736680.39124
1312,182676,9.513243,7066932263004993.0,1.2020683345956642,1.03226563133461e-06,892958951652005.6,1382824611.54,1.4955121664955557,1.3461630373622385e-15,0.0005007871174756558,3.577438345053293e-10,372010747269.4625
1313,2586,0.45068336,1063760320544578.1,0.0008194607397333169,5.714084960774444e-10,1934195704878.9426,62244895.2,1.4955121664955557,4.2367002349672017e-16,0.00021129736856569865,1.5692892853097284e-10,498730986020.1483
1314,110238,15.5287285,1.0887207129863004e+16,0.5288495896422686,4.031092029081921e-07,370776977843255.5,1604291177.91,1.4955121664955557,1.4263280118374491e-15,0.0006120889661541445,4.51554248422601e-10,429136188221.9705
1315,181719,18.461994,1.0328963475513192e+16,1.1394948092092103,1.1087390874979686e-06,637515116994340.1,1927685755.17,1.4955121664955557,1.787400453469289e-15,0.000664710728408719,5.15678836052823e-10,371886852282.33887
1316,197931,12.304439,6913860017234437.0,1.3722453040210878,1.1301152049053606e-06,771064161585027.4,1372174318.33,1.4955121664955557,1.7796771946970674e-15,0.0004846377202038425,3.5768444438353367e-10,272317767316.4129
1317,44494,1.1833956,1616273917436958.2,0.0031079201891898727,2.3034324165579193e-09,4244776927735.178,188378569.78,1.4955121664955557,7.321751512742317e-16,0.0001709739119344396,1.1625892034292989e-10,233515043001.5104
1318,11148,1.6926229,1013187863974275.4,1.3910406783253024,1.2740496346989932e-06,832663633213127.6,2237406678.06,1.4955121664955557,1.670591368278544e-15,0.0004788588600324029,3.4957992041069207e-10,286640329361.8365
1319,156432,20.73875,9001916624785015.0,0.7532698656520586,6.816492056620408e-07,326966308314765.44,1384907086.09,1.4955121664955557,2.303814939020865e-15,0.0007080666732549636,5.339973443018092e-10,307345291178.5945
1320,222610,11.909512,9921907596647952.0,1.3481206037730862,1.1345434813282238e-06,1123129819238085.2,1341221671.28,1.4955121664955557,1.2003248250390426e-15,0.0004345818443631478,3.1646055618256475e-10,362053533591.63617
1321,252865,13.786829,1.3047961283060926e+16,0.02389632621318344,1.912145089171916e-08,22615667405246.81,629490468.92,1.4955121664955557,1.056627062336419e-15,0.0006239904973560869,4.84754858331408e-10,590549418615.4158
1322,162268,16.439516,1.2579899711374114e+16,5.011272817123139,4.720918343298668e-06,3834742425856352.0,1429678142.98,1.4955121664955557,1.3068081922096895e-15,0.0006770995484847819,5.112595790856353e-10,518132310863.36426
1323,169173,25.691044,1.5438007734427038e+16,2.035114775781235,1.6646117686102672e-06,1222921016715297.8,2458894498.94,1.4955121664955557,1.6641424490744688e-15,0.0006963571564087052,5.331252754158184e-10,418448046197.0019
1324,126123,3.4369137,7437643432652957.0,0.4596972205823863,3.1382315556396454e-07,994806478170634.1,225161662.41,1.4955121664955557,4.620971321253668e-16,0.00018869170076996135,1.1832427400571412e-10,408337744712.01294
1325,35985,23.571743,1.3972453221118538e+16,4.687496598837357,3.674305828354893e-06,2778573775872544.5,3284127584.5,1.4955121664955557,1.6870153456211041e-15,0.0007723679227943111,5.528533037404227e-10,457831000055.2783
1326,179003,30.349928,1.7636441748228056e+16,5.330458895680776,4.473106450559395e-06,3097546979518306.0,2822649648.02,1.4955121664955557,1.720864584436329e-15,0.0009338158989002639,7.146906103357495e-10,542643452219.18567
1327,110793,0.13397364,95094273552217.81,0.0008536842082900776,6.13246228840667e-10,605943673922.3113,24051937.34,1.4955121664955557,1.4088507645671525e-15,6.610091310583384e-05,4.91384388922027e-11,46918321491.73183
1328,178881,13.57975,6457620292898700.0,2.4752845718338716,2.2370732185294267e-06,1177079687164600.0,2529573390.32,1.4955121664955557,2.1029031414147015e-15,0.0006671399016527597,4.77766103046212e-10,317247089756.09296
1329,50407,2.2283056,856769288182107.4,0.008739778570249865,6.234288207016893e-09,3360389106638.79,624114446.96,1.4955121664955557,2.600823384703737e-15,0.0004033898600647593,2.8938469545601305e-10,155100827852.14188
1330,66419,8.509018,5859633015368074.0,0.010037522040906783,7.568752078350832e-09,6912218959153.938,499887233.58,1.4955121664955557,1.4521417941504828e-15,0.0004811617298319577,3.6849267603074817e-10,331346244402.69763
1331,65988,32.44693,1.2627322687619678e+16,0.11874079413363482,1.1047858619259742e-07,46210175314263.15,2667389935.34,1.4955121664955557,2.5695811220388185e-15,0.0009623592075602279,7.143207499726667e-10,374519877697.6731
1332,144578,1.1045481,405124296023065.5,0.01979696727429127,1.4605632934836079e-08,7261098389820.159,1682971384.55,1.4955121664955557,2.7264425038016313e-15,0.0007593428340709691,5.457231481466596e-10,278510488672.3908
1333,210438,15.616582,7047921315172153.0,0.39708346024475616,3.5680469705144794e-07,179207779484738.16,1984519918.62,1.4955121664955557,2.2157713319503125e-15,0.0005571254060858054,4.205732150139175e-10,251436327409.93448
1334,27505,40.670113,6724072420321339.0,0.02816346210888791,2.109443441485548e-08,4656322416097.989,2449762357.56,1.4955121664955557,6.048434707081338e-15,0.0009689474242110521,7.027192382860017e-10,160198046459.2989
1335,178419,0.30018425,188241259039001.78,0.008098946525631383,5.740198242046099e-09,5078733780584.427,590476626.09,1.4955121664955557,1.5946782949311058e-15,0.00041783623821910583,2.7996001769390257e-10,262019141758.71906
1336,14929,51.94431,1.1771362417758718e+17,3.3607597323705507,2.839971569589461e-06,7615987354292231.0,6335004053.6,1.4955121664955557,4.4127695806591486e-16,0.0012783093967258497,9.594760630779425e-10,2896841480979.6274
1337,83900,18.909424,2.582591598015529e+16,4.535026022935619,3.8258049750699164e-06,6193800564002007.0,3059460260.5,1.4955121664955557,7.321879314766632e-16,0.0007460726883699613,5.372784517281498e-10,1018963378521.2706
1338,126892,24.195223,1.095441022908355e+16,9.160126368598878,7.70517222016631e-06,4147255927001686.0,10347784781.08,1.4955121664955557,2.2087198209687805e-15,0.0009457531917802277,6.98632090698128e-10,428190657231.2123
1339,163995,4.3514547,2032067887441751.8,0.013942649404238722,1.038100568680377e-08,6511020353770.977,1222540945.71,1.4955121664955557,2.1413923850143674e-15,0.0005386812251937205,4.0449493124100383e-10,251556524139.83264
1340,167669,6.883922,7329428146624118.0,4.2372575226180516,3.7294333193955653e-06,4511479727802193.0,2088043107.92,1.4955121664955557,9.392167932188113e-16,0.0005616766078163095,3.9468777999945194e-10,598026581159.5796
1341,96214,0.2900784,179090243293440.53,0.005950592483257751,4.642885443846532e-09,3673810444234.2104,325536744.78000003,1.4955121664955557,1.619733128201209e-15,0.0004942549083231599,3.715045167880946e-10,305145890837.0008
1342,59270,37.342323,9459135010492050.0,0.02199644418432766,1.6730604838622366e-08,5571890513889.776,1967052719.16,1.4955121664955557,3.9477524063859946e-15,0.000839714938186516,6.162357160068829e-10,212707092984.9019
1343,134571,0.4689544,271202115315990.8,0.0011852593961247028,8.973180695439136e-10,685450132096.3687,173521368.87,1.4955121664955557,1.7291694036147113e-15,0.00018000059146696748,1.212924632647986e-10,104096562829.92775
1344,200080,21.844048,2.7844069199574364e+16,1.015296934044662,8.548926509939038e-07,1294173959407856.0,2517443518.98,1.4955121664955557,7.845134934635889e-16,0.0007779984533210917,6.014580045828189e-10,991695439024.594
1345,73838,4.291527,3321887109532990.0,0.0021020253474726995,1.5210451913765118e-09,1627087725576.7385,125561900.48,1.4955121664955557,1.291894293362464e-15,0.00021955916620105943,1.6707127166386666e-10,169951339927.04944
1346,175977,4.590642,7492426505454911.0,0.004731285926387595,3.55731097578762e-09,7721972673920.6,554306350.55,1.4955121664955557,6.127043083649539e-16,0.00037629925232592537,2.649569698828377e-10,614161263742.5503
1347,119907,17.131395,9721416282506454.0,2.2288154981874984,1.8785449913077395e-06,1264768179986666.5,3033062416.47,1.4955121664955557,1.7622324260332e-15,0.0007332462506249407,5.480888380502981e-10,416089410110.0411
1348,63452,5.487183,4414898305130935.5,0.006274727378418698,4.6698318745517496e-09,5048543718724.05,1353369818.08,1.4955121664955557,1.242878685024946e-15,0.0004507517133769938,3.4441053025260926e-10,362667506336.6677
1349,137480,6.081212,1.1732167651037738e+16,0.005480674930766124,4.052114926673828e-09,10573582556994.86,315429548.36,1.4955121664955557,5.183366093018712e-16,0.0003808194466288946,2.5491632029725865e-10,734695253614.8402
1350,102941,3.264459,1171312034666563.0,0.016307055765183872,1.2285137618055243e-08,5851092223164.276,465612549.41,1.4955121664955557,2.78701055174362e-15,0.0005767953754004572,4.2922953158203095e-10,206958446942.22644
1351,75385,29.058508,2.0322542436397436e+16,3.174079820366702,2.696058939798745e-06,2219844592362245.5,5410527328.91,1.4955121664955557,1.429865780373845e-15,0.0008566489725078834,6.201402063366171e-10,599111458058.6078
1352,44491,3.5175605,1022277592405411.0,0.010139654993277143,7.250801538072258e-09,2946798525383.959,684561701.12,1.4955121664955557,3.4409054117318646e-15,0.00045746839155001164,3.2955727210844154e-10,132950004958.07301
1353,13272,7.061887,1571433421561666.2,0.010990409200260417,8.448358913020712e-09,2445620601678.8496,485962904.95,1.4955121664955557,4.493914220675035e-15,0.0005195502682292178,3.840497592200388e-10,115611968256.74516
1354,136457,2.1798995,1566557387380367.2,0.006333624668506513,5.208730666653543e-09,4551579792253.453,327995456.85,1.4955121664955557,1.3915222752517718e-15,0.0002169901493845268,1.6938912982447235e-10,155937244587.23895
1355,72221,0.30947375,87804962815438.61,0.005318063840304131,4.043016569889056e-09,1508859467880.6614,279582235.69,1.4955121664955557,3.5245587501756305e-15,0.00034072348815174133,2.4907205639930174e-10,96671246616.2645
1356,110010,1.7243804,714259000571658.2,0.003412753761254071,2.5775883084989775e-09,1413603454731.0447,174159300.81,1.4955121664955557,2.4142228500024355e-15,0.0002624108727256823,1.8456074079273425e-10,108693724245.63771
1357,174844,18.794558,8070463442428729.0,0.9624978485780523,8.169141801364727e-07,413300685249712.94,3145751671.33,1.4955121664955557,2.3288077734410697e-15,0.0007304540545709199,5.339507687935019e-10,313660089467.83685
1358,80613,9.731035,4069273331206491.5,0.011130344384444794,8.397598511615478e-09,4654429212387.493,1317807038.28,1.4955121664955557,2.3913446475503438e-15,0.0005859743353562942,4.3926330123531154e-10,245039683408.4778
1359,206713,6.017846,4503108827522928.0,0.01352098766228584,1.1031577426879216e-08,10117653209947.209,1065756961.76,1.4955121664955557,1.336375875088566e-15,0.00044202145333277796,3.436922298726434e-10,330761323645.9269
1360,48307,0.81968164,690415533820435.1,0.0016202136968338711,1.2836723476905005e-09,1364701427743.017,158142211.4,1.4955121664955557,1.1872294290139549e-15,0.00022067356967296343,1.750520114901969e-10,185872725422.78735
1361,189388,30.432789,2.2719129214850228e+16,4.998621340608617,4.318034895028222e-06,3731643660178337.0,3484340375.55,1.4955121664955557,1.3395226864640474e-15,0.0009879132575091464,7.287088506919361e-10,737511404242.7693
1362,187647,7.951694,4406691442540244.0,0.5711782562376215,5.263195857016112e-07,316537122017948.06,1090386360.74,1.4955121664955557,1.8044589923491973e-15,0.0005201287473666441,3.873536090987141e-10,288246366125.2265
1363,274408,8.421534,9441027860376234.0,0.9512834515876518,7.591898306374496e-07,1066443900785045.6,811295210.79,1.4955121664955557,8.920145268657636e-16,0.0004993380199217285,3.764778312114145e-10,559786869924.9023
1364,32942,7.312142,2211096539105157.5,0.22862962272794657,1.698504622982559e-07,69134621230096.53,430124128.24,1.4955121664955557,3.30702068891088e-15,0.00031431888371687367,2.427281145621591e-10,95045938107.0247
1365,104304,21.252693,2.0359874577683776e+16,2.3437190066681164,1.9883305915139307e-06,2245260166374983.8,2724372476.83,1.4955121664955557,1.0438518625893125e-15,0.0007470090953720533,5.455955601353932e-10,715627496720.7225
1366,176051,12.675602,4.090274740009287e+16,4.71798936304996,3.983693267349055e-06,1.522442304145851e+16,1646637703.09,1.4955121664955557,3.098961024796887e-16,0.0005621664306804715,3.9205862575075627e-10,1814048083154.9575
1367,177463,37.18473,8.233776886848307e+16,5.309025342036411,4.349619098968939e-06,1.1755720736160066e+16,3352010430.18,1.4955121664955557,4.516120671109589e-16,0.0008465553352584754,6.154409259800133e-10,1874518855694.086
1368,161278,6.1605186,2631658961762482.0,0.12131416410108987,8.415550076657782e-08,51823154489844.016,958155629.56,1.4955121664955557,2.3409258910486485e-15,0.0004522917808110359,3.2770023288718605e-10,193210636244.62964
1369,172879,17.4146,2.571265332116682e+16,0.885584192447188,7.333740838859365e-07,1307564878153964.2,2274908538.48,1.4955121664955557,6.772774393401163e-16,0.0006813460517709684,5.303878174451603e-10,1006007305418.0222
1370,33646,24.633204,6509185670249151.0,1.3643454887277429,1.2054194485145907e-06,360520625108114.2,1606390756.77,1.4955121664955557,3.784375688127685e-15,0.0006678843706777492,4.943329347852716e-10,176484690136.08533
1371,50986,18.490355,3045649394300902.5,0.027809518001970537,2.132270768357864e-08,4580660655704.101,2808843903.56,1.4955121664955557,6.071071422271923e-15,0.0008642335590905635,6.421591999124661e-10,142352724746.42523
1372,183690,4.9071927,4147803643534695.5,0.0073010356967436905,5.4452692277108854e-09,6171198955470.07,876981162.63,1.4955121664955557,1.1830822097012685e-15,0.0004913712162000925,3.5309158016749924e-10,415331421748.08386
1373,84720,17.455654,6971544465322508.0,0.11200158265880901,9.377288702516158e-08,44731868178206.41,2357383615.61,1.4955121664955557,2.5038431708822915e-15,0.0007109592509248634,5.26452277539921e-10,283947197329.5912
1374,59659,6.891564,3282443905438632.5,0.0010383255033474506,8.517359778938063e-10,494553227732.38995,124627457.45,1.4955121664955557,2.099522245782013e-15,0.00028885928235588784,1.9929177723245117e-10,137583339703.21704
1375,180065,12.814973,8835332234130631.0,3.6004457849722655,3.111595192764458e-06,2482341141195164.5,1284549202.32,1.4955121664955557,1.4504234431045086e-15,0.0005213919570460381,3.8354468955594996e-10,359475682446.2536
1376,155494,4.177158,8462214304184541.0,0.012801829620994958,9.849545537293206e-09,25934337589939.59,615414347.93,1.4955121664955557,4.936247003262973e-16,0.00038782424769292313,2.68506040837606e-10,785666210456.1671
1377,209190,21.559795,1.2346353815840454e+16,1.390580878392254,1.1805883534771711e-06,796324989832833.5,4022872103.76,1.4955121664955557,1.7462479466884094e-15,0.0007961476395455898,6.066031835032917e-10,455919012563.71234
1378,19991,41.682076,3.524445837676299e+16,5.232437326061474,4.404028541173541e-06,4424309853170333.0,5821468372.07,1.4955121664955557,1.1826561655287457e-15,0.0013097758204062982,1.0095474838381758e-09,1107486570131.4968
1379,74783,2.5990877,1539286439237622.8,0.0030315531549544947,2.134297523367726e-09,1795410236156.8965,238819916.77,1.4955121664955557,1.688501654888401e-15,0.00031620689187174196,2.2202605153762421e-10,187270702966.91013
1380,88907,13.428527,2.698271395366343e+16,21.974302386929185,1.8839182323878675e-05,4.415423341948181e+16,7640066667.79,1.4955121664955557,4.976714730423481e-16,0.000757722630043597,5.519327765003437e-10,1522535791355.5164
1381,58813,6.9247055,2703167202810390.5,0.0054646305594534695,4.087566404645322e-09,2133204091320.5647,496675176.92,1.4955121664955557,2.5617007681954042e-15,0.00031523994473006884,2.3388626221341423e-10,123058847717.07365
1382,119305,17.255098,1.3954535761257894e+16,16.44729868151574,1.4558696259405787e-05,1.3301252628487024e+16,4741610918.24,1.4955121664955557,1.2365225397111015e-15,0.0006719830950917865,5.031905699618743e-10,543445892420.84265
1383,129023,12.217816,6370480176717015.0,2.3222323877193096,1.853243727518374e-06,1210833048369371.8,2313007868.35,1.4955121664955557,1.9178799181659756e-15,0.0006558016554128639,4.535241000003546e-10,341940936552.47815
1384,181186,8.072482,1.0176580915377686e+16,3.6058320934706103,3.112186928969365e-06,4545695124060900.0,2046369411.39,1.4955121664955557,7.932410764603452e-16,0.0005186152455531985,4.439516889771205e-10,653792725746.628
1385,130822,4.1575584,4309099185478575.0,0.004094000635616657,3.206629618654496e-09,4243224774493.7275,447657724.62,1.4955121664955557,9.648323747131979e-16,0.00034730801215059016,2.776986827461191e-10,359967203892.62384
1386,156565,1.5744727,1831367816176527.0,0.004984830524912544,4.928421043354409e-09,5798168613796.337,66010365.17,1.4955121664955557,8.597250023139182e-16,0.00013906542945456998,1.0211570137796134e-10,161755711512.7285
1387,32938,19.385305,4222647088474548.5,0.023426254983281485,1.739494237485319e-08,5102875987714.196,800619410.77,1.4955121664955557,4.590794493082545e-15,0.0007737459692347685,5.613672826386866e-10,168542933124.24606
1388,26849,0.16645393,97919402588531.23,0.003609638030976986,2.7693912414871142e-09,2123431988383.264,308370521.4,1.4955121664955557,1.6999075321104527e-15,0.000315933756187029,2.2482457462334738e-10,185853495098.52106
1389,157550,22.861166,1.1257311714536014e+16,1.6728149930759852,1.36335162902366e-06,823728755471429.9,2022171051.12,1.4955121664955557,2.030783776776875e-15,0.0006348160706414393,4.799579342068857e-10,312596583595.41223
1390,30306,22.61923,2.4790850116860496e+16,4.969723863278864,4.0513590979872305e-06,5446855592198815.0,3632942702.65,1.4955121664955557,9.124023538271665e-16,0.0008425586339098863,6.305972909318632e-10,923450745579.1696
1391,18693,3.9846413,573450366165955.2,0.010730874159966066,8.600598325437941e-09,1544335676165.7136,413942747.64,1.4955121664955557,6.9485373714921544e-15,0.0004183853885653377,3.405489496799783e-10,60212008110.05958
1392,212182,8.514695,4971018245475822.0,0.30125469239526764,2.6039518860314515e-07,175877418090968.84,1062150205.44,1.4955121664955557,1.712867380390188e-15,0.0005158346941633895,3.6941972532608196e-10,301152733754.4856
1393,215245,20.162083,1.7979915303600558e+16,0.2895936666156735,2.5070220252198975e-07,258250578484819.56,2539233116.78,1.4955121664955557,1.1213669619435e-15,0.0007024773436468696,5.181508779847279e-10,626447333912.3254
1394,143026,15.882643,1.3242357164834186e+16,2.3870619885343283,2.333330834066295e-06,1990243527275082.8,1674130525.15,1.4955121664955557,1.1993818624811932e-15,0.0006014285280410799,4.674921132377731e-10,501448743602.71606
1395,149522,0.35745075,283433477448987.94,0.004514999642178061,3.4576465244674116e-09,3580079351528.7466,474475781.07,1.4955121664955557,1.261145130833508e-15,0.0003637356198776256,2.655328314488415e-10,288416940274.92914
1396,195617,12.998973,1.3872823376828524e+16,2.8406733554412456,2.525734225628679e-06,3031636401683366.5,1530996277.81,1.4955121664955557,9.37009911170058e-16,0.0005709362496360956,4.221392893175803e-10,609317193799.1127
1397,148889,8.05552,5655552657604385.0,1.78330667876382,1.447994996977255e-06,1252009159732254.5,874707222.41,1.4955121664955557,1.424355936138027e-15,0.00042506971605833213,2.953929451592058e-10,298429420114.5105
1398,199206,7.319018,5339488599676747.0,0.01007574448555112,7.137577130497279e-09,7350620372002.918,473469580.9,1.4955121664955557,1.370733893961885e-15,0.000513965838814695,4.097481914719893e-10,374956686398.96234
1399,157755,9.336127,5047216332488431.0,1.2062237592147815,9.624725897267874e-07,652098269244242.1,1898309348.05,1.4955121664955557,1.8497576455964995e-15,0.0006526247349125155,4.4176842975654524e-10,352816346760.96216
1400,90185,20.436047,5071878437229623.0,0.04469097884783146,3.7022737544417125e-08,11091538982906.113,2400991191.93,1.4955121664955557,4.0292856488813326e-15,0.0007299546753493509,5.332786688226023e-10,181162304924.20193
1401,62704,0.117758214,134150983976249.5,0.0001519108820084485,1.1194233975629157e-10,173057943101.38998,3476088.5999999996,1.4955121664955557,8.778035800382073e-16,3.1033395735428936e-05,2.286751210517615e-11,35353462256.41752
1402,136565,6.7884555,2552899721593159.5,0.017041881841490573,1.327052310671416e-08,6408853296388.965,1588959003.36,1.4955121664955557,2.6591156098225455e-15,0.0007171603518027123,5.286029164108898e-10,269698823606.45898
1403,101584,39.676056,2.012088623350087e+16,4.4734290247076505,3.794104412598734e-06,2268606448175781.0,5895671238.75,1.4955121664955557,1.971884117804919e-15,0.0009697089509686116,7.027131734691878e-10,491767717084.7553
1404,65223,15.364928,4562477733021835.0,0.040357502901099275,3.4265757867250786e-08,11983798970397.357,896976280.81,1.4955121664955557,3.36767188775373e-15,0.0004563596356627355,3.392435429876923e-10,135511905813.10812
1405,107788,11.627973,6376728874167301.0,0.029141365886186304,2.3882885507401577e-08,15980995937909.227,748098323.17,1.4955121664955557,1.8235012385591553e-15,0.0004832547280694697,3.590380090073488e-10,265014751759.26657
1406,165983,17.065586,3.1102649657142812e+16,0.23864963996328975,2.0345451485207867e-07,434947627499077.4,1907800973.96,1.4955121664955557,5.486859218787117e-16,0.0006391006201370864,4.633996096473663e-10,1164784067994.2961
1407,47906,1.3420464,324289205308649.2,0.005428215060743278,4.013009859258292e-09,1311662211003.195,309015518.84,1.4955121664955557,4.1384245236367914e-15,0.00038819342169094323,2.75472787348675e-10,93802223400.1755
1408,13274,9.396144,2.0358088031860684e+16,5.638806787123708,4.421069327281547e-06,1.2217280297845366e+16,1343820439.71,1.4955121664955557,4.615435391228738e-16,0.0004184401934932231,2.9263728392436105e-10,906610445221.3433
1409,175493,10.70192,1.1210644845901368e+16,2.6398501890051054,2.376231043849875e-06,2765337707189162.5,1477682219.28,1.4955121664955557,9.54621268188033e-16,0.000563305158015259,3.922786797989234e-10,590082346567.1039
1410,66866,5.7120504,1048434665851339.2,0.011486314438585441,8.282558344575157e-09,2108288512349.5657,1021782943.53,1.4955121664955557,5.448170101626465e-15,0.0005202288338383044,3.75596018171074e-10,95486892687.69312
1411,2585,6.232613,3556744975739140.5,0.0017874683462571032,1.4201361384335186e-09,1020048743575.5602,80752942.47,1.4955121664955557,1.7523362069850895e-15,0.00024572705337647864,1.9727679769292265e-10,140228257794.9207
1412,248927,13.09856,1.912765611774186e+16,0.3394722790888516,2.940883084736556e-07,495726936084397.3,1685704343.32,1.4955121664955557,6.847969201961149e-16,0.0005493999342995647,4.2453511004586375e-10,802281549604.8453
1413,149117,30.069801,4.460066163105209e+16,11.771100690845472,1.0111604963035257e-05,1.74593399849052e+16,6763185795.99,1.4955121664955557,6.742007831351241e-16,0.001054280316146581,8.178431097227517e-10,1563748281697.384
1414,148995,3.166518,1316610876075811.2,0.012267260450264467,9.270647996977546e-09,5100621101308.393,1331036490.81,1.4955121664955557,2.4050522880669795e-15,0.0006240090525557936,4.761202508763634e-10,259457582544.83957
1415,194325,18.204554,1.4805463845268934e+16,1.4533720251103106,1.2004863755363654e-06,1182003523486265.8,1878048951.61,1.4955121664955557,1.2295834963534251e-15,0.0005593636697853768,3.875797891537708e-10,454921257030.75977
1416,57123,28.91373,3.4321419187370612e+16,3.6000084521917746,3.352483831231072e-06,4273312338662329.0,4531667561.02,1.4955121664955557,8.424398141041761e-16,0.00096454288481395,7.269248566001366e-10,1144939814887.09
1417,119736,36.569515,2.607042027319712e+16,2.460196444692882,2.0490267561676772e-06,1753874921988130.8,4592098115.67,1.4955121664955557,1.4027205782177955e-15,0.0009829443214125725,7.12952264771214e-10,700741356957.5181
1418,47400,2.0105157,475240733433438.06,0.005394505856782561,3.780695542402984e-09,1275139965277.725,199200986.05,1.4955121664955557,4.230520573173031e-15,0.0003623091838851072,2.71370826544877e-10,85641749666.13228
1419,80970,0.50276953,759690883720575.9,0.0007819600589487636,7.079492059972278e-10,1181551173590.372,64867230.69,1.4955121664955557,6.618080337330007e-16,6.748880191854298e-05,7.056308962203135e-11,101976401733.69458
1420,131493,29.211842,1.885706270502039e+16,2.953832531627748,2.542273011934991e-06,1906781683573174.5,3967218772.69,1.4955121664955557,1.549119417852008e-15,0.0008497079509621446,6.370372929478668e-10,548510296346.51434
1421,116151,7.541297,3132918821473253.0,0.30841975519276627,2.5138695100974054e-07,128128365181425.75,892552833.32,1.4955121664955557,2.4071153546371528e-15,0.00040877755943513237,2.880501151866762e-10,169820510947.948
1422,133333,10.512738,5403246424851304.0,1.6310977600959278,1.3254457158431942e-06,838337561615374.8,1063609048.71,1.4955121664955557,1.945633638260226e-15,0.000512889273684116,3.667317769421385e-10,263610406192.7808
1423,200118,1.9856863,944433000993749.1,0.007216428243996692,5.397359416555687e-09,3432280810384.7256,577315658.62,1.4955121664955557,2.102516851815455e-15,0.00041168555328433476,3.032020326960065e-10,195806065919.92715
1424,141435,10.047933,4790578441865306.0,2.16411512439761,1.812914216789268e-06,1031790643971635.2,1336250401.44,1.4955121664955557,2.0974362745405e-15,0.0005695876846943013,4.3617527313556326e-10,271563761725.7692
1425,192757,10.836893,1.2147465771262596e+16,0.7459528637049028,6.055684844684859e-07,836165576132441.1,2598913330.35,1.4955121664955557,8.92111425054349e-16,0.0005610896149956528,4.0283358092005487e-10,628945666693.4518
1426,168922,18.333105,1.7544359902658092e+16,6.620299347393605,5.83088909949538e-06,6335474237124911.0,3367749104.52,1.4955121664955557,1.0449571886189138e-15,0.0007375207596630368,5.681839081699841e-10,705790407201.0779
1427,27506,5.6639338,3121977859874351.5,0.005617464916419374,4.010596968948611e-09,3096364067264.0303,349216806.79,1.4955121664955557,1.8142133141930585e-15,0.00036941150844969634,2.67120075755023e-10,203620768053.95203
1428,35986,14.402532,8878319913489458.0,1.3820901015311666,1.1859806743527229e-06,851977837692762.8,1897832246.33,1.4955121664955557,1.6222136778510558e-15,0.0006065260568513131,4.307313751986983e-10,373887894753.0373
1429,180157,16.903076,7895621055072861.0,9.235377576097664,7.737973387905281e-06,4313951001662921.0,2072841628.1,1.4955121664955557,2.1408165212209537e-15,0.0006188117837125454,4.739320179750577e-10,289054095752.03754
1430,166820,25.524359,1.0347822711194204e+16,2.2647036715168434,1.99332475440671e-06,918132834844036.2,2007268023.78,1.4955121664955557,2.4666405399841187e-15,0.0007068158940165307,5.636164856844543e-10,286550019169.42523
1431,154070,2.3125646,1783907255115232.8,0.0022445255199194975,1.612055696374007e-09,1731422058123.5574,202544155.3,1.4955121664955557,1.2963479986803564e-15,0.00024086984583718943,1.715887682481228e-10,185806470239.77185
1432,116633,82.205574,5.946032893464e+16,5.078032693559112,4.538117734789364e-06,3673005121281444.5,8652441395.95,1.4955121664955557,1.3825280733034968e-15,0.0016414715473131807,1.2386030589855817e-09,1187297082070.0579
1433,263613,10.121698,1.0888202320402644e+16,0.6294340754839023,4.935167047575971e-07,677100379918894.9,851537200.59,1.4955121664955557,9.296023073555177e-16,0.00038647133788675134,2.949527586670823e-10,415738359112.0423
1434,69465,1.0998292,1377705235855304.5,0.0010052556356410069,6.618657099899474e-10,1259237300296.871,53627819.11,1.4955121664955557,7.983051609128901e-16,0.00010464183705808649,7.45326255823662e-11,131079995697.9169
1435,128740,0.3135461,489177819478137.44,1.0839774495547828e-05,6.544223298681233e-12,16911635167.418169,10114733.4,1.4955121664955557,6.40965488448548e-16,8.993100530141774e-06,5.298376830054771e-12,14030553426.377922
1436,237286,7.797373,4910625152077638.0,0.6307929809229432,4.7494207215610493e-07,397260446290594.9,357935227.44,1.4955121664955557,1.5878575045991867e-15,0.0003065449135464146,2.406666424554324e-10,193055682048.61926
1437,140155,17.320272,1.6859740840602482e+16,4.378651874319299,3.7377187252053113e-06,4262227280971205.0,2482951590.32,1.4955121664955557,1.0273154352579634e-15,0.0007133008382549992,5.330027028288384e-10,694334781484.0203
1438,192806,0.46281427,392353498836904.1,0.0025186118451097613,1.9437450669501034e-09,2135167892815.5903,224618440.85,1.4955121664955557,1.1795849186307e-15,0.00023934322585349301,1.6438052379646344e-10,202904616762.42038
1439,262525,4.5724845,4988783971998386.0,0.01825663467032789,1.4508492972291423e-08,19918800474000.914,92298019.5,1.4955121664955557,9.16552916635589e-16,0.0001371433468718751,9.386061843426509e-11,149629491524.9304
1440,24788,10.538932,6601932086692061.0,1.5404895599163348,1.3673452909807381e-06,965013101405890.2,525141955.49,1.4955121664955557,1.5963405653996357e-15,0.0003825027034700986,2.774171533263164e-10,239612217944.4466
1441,68753,2.8951323,2273553193571336.0,0.0005560521702514582,4.380224541396483e-10,436668882961.7475,56787636.88,1.4955121664955557,1.273395453506974e-15,0.00016700418843153332,1.4355868328659892e-10,131148723651.86961
1442,145055,7.813363,4097680473704129.5,0.007965398127618064,5.957331786818872e-09,4177414561798.8022,666087351.48,1.4955121664955557,1.9067770291364497e-15,0.00046898865864244553,3.504249069316264e-10,245958836023.3411
1443,142711,60.28544,3.863032597235026e+16,2.257500324137057,1.8915772289988691e-06,1446584339503881.5,7215890462.82,1.4955121664955557,1.5605729043847428e-15,0.0013320416830095714,1.0291086807622094e-09,853559407104.2327
1444,54857,57.211765,5.269516267377791e+16,0.04890587983790062,3.744489034829164e-08,45044988452329.84,5401282210.63,1.4955121664955557,1.085711896444522e-15,0.0013112160573235832,9.758446330489573e-10,1207701657886.9036
1445,112752,12.569318,3252662214433179.5,0.8847002340043638,7.750610296246767e-07,228940903734489.5,1607482074.47,1.4955121664955557,3.864317033667258e-15,0.0006019535928153673,4.414024267974252e-10,155772310493.92188
1446,96469,9.460538,3089319029516589.0,0.007835662740755284,6.023448707692159e-09,2558719389308.4526,558309841.93,1.4955121664955557,3.062337657461155e-15,0.0004128391956921369,2.891405298989522e-10,134811781674.78864
1447,138950,81.48716,8.382257728727038e+16,3.002809099031485,2.6320478685182245e-06,3088869433938861.0,8190160464.36,1.4955121664955557,9.721385650161219e-16,0.001651995462046745,1.2559449694478403e-09,1699341556333.9453
1448,184900,17.969902,1.2108511484193188e+16,8.62577245664704,9.789591196421127e-06,5812233414035756.0,2280690661.29,1.4955121664955557,1.4840719293579932e-15,0.0006254153055119786,4.909691657019125e-10,421418458997.82776
1449,173231,11.673373,1.1727629834858616e+16,8.27447654981915,7.332894193668112e-06,8312935605972417.0,1900094422.32,1.4955121664955557,9.953735890693492e-16,0.0005926838253345964,4.6286373734578747e-10,595438568837.9996
1450,339704,1.4165311,4735968923090103.0,0.0004924490604798899,3.1431919464056737e-10,1646432928043.498,16719101.040000001,1.4955121664955557,2.9910059018625244e-16,6.69326054005359e-05,4.0430211309106514e-11,223779583179.21207
1451,77759,0.14347108,130179888068298.9,0.00045833766636145496,4.6203658937082885e-10,415877165658.8877,22168856.36,1.4955121664955557,1.1020986584711755e-15,8.049599972288238e-05,8.014955566925252e-11,73038832870.50357
1452,117806,1.716333,972679761784275.8,0.0975929462626644,7.86898313883657e-08,55307847441372.99,971676163.37,1.4955121664955557,1.764540671486341e-15,0.00016972531013647376,1.179695163680699e-10,96186680692.09624
1453,63451,6.601657,1824779081155007.5,0.019616712951517852,1.913093461438694e-08,5422300406542.218,482904699.76,1.4955121664955557,3.617784239296207e-15,0.0003942515469030323,2.847225162034727e-10,108975970048.37657
1454,42018,0.14216708,134099100113006.23,0.00017143550052940715,8.387954596674289e-11,161706538169.1479,4661014.6,1.4955121664955557,1.0601643104256093e-15,4.891138779610202e-05,2.3883675997683654e-11,46135667193.38651
1455,96727,16.779623,5407870930870200.0,6.1665161541076,5.32426004762075e-06,1987394082366450.8,2112961737.31,1.4955121664955557,3.10281499216549e-15,0.0007268634779548047,5.116250943163415e-10,234259367635.55417
1456,118505,16.619244,9861224549897576.0,0.05381000703501806,4.592409728436933e-08,31928802682232.805,2584361281.52,1.4955121664955557,1.6853123986688463e-15,0.0008900706294183346,6.66427242025391e-10,528133911624.55225
1457,188226,19.132303,2.5338668924152052e+16,2.4044848334802253,2.1312196935500685e-06,3184480463679689.0,3308747618.89,1.4955121664955557,7.550634588292706e-16,0.0007569767377537399,6.002016101791728e-10,1002533931290.273
1458,180662,26.284678,1.4943667310478608e+16,2.2878924096902344,1.9541759692242954e-06,1300738894826107.0,2551616631.78,1.4955121664955557,1.7589175035748416e-15,0.0007629033582306341,5.884194696346927e-10,433734587710.9652
1459,182616,21.339867,3.380997939435293e+16,3.3211548847638372,2.688484389519939e-06,5261896815913609.0,2038593163.26,1.4955121664955557,6.311706597361686e-16,0.0008162175297902694,6.209106264180074e-10,1293180405647.2637
1460,133603,6.140747,1908694934218849.0,0.009597034538417658,6.895377947406422e-09,2982993959367.014,638938073.01,1.4955121664955557,3.2172490689368113e-15,0.0004372269674405535,2.968339955137969e-10,135900876205.72124
1461,235774,7.377505,5963671289465938.0,1.0603920524614114,8.484796379650647e-07,857177275900453.9,513303382.07,1.4955121664955557,1.2370743862143137e-15,0.0003575239236276129,2.694875645832345e-10,289007619599.7438
1462,75386,66.37449,2.251054653693685e+16,1.666783327316621,1.5512731154784297e-06,565280481349856.6,10043745086.22,1.4955121664955557,2.9485952236249877e-15,0.0013839150919477223,1.0618909989981648e-09,469347260980.21155
1463,51928,34.695248,2.0543926033710108e+16,12.772889164946525,1.127314928152947e-05,7563147847838951.0,6190067661.11,1.4955121664955557,1.6888324044327885e-15,0.0011688744165802988,8.867674865774336e-10,692119841798.5574
1464,152599,17.373943,4.3369825798118104e+16,2.29461638815974,1.8848932703430285e-06,5727952084797036.0,2535095923.24,1.4955121664955557,4.0059978753140133e-16,0.0007094148653949841,5.123962267551725e-10,1770881781457.2007
1465,114875,4.804859,2036658902809855.8,0.600804693864053,4.611045275462766e-07,254666001355747.03,445067911.99,1.4955121664955557,2.3591868983908036e-15,0.0003238122293021617,2.220969119619891e-10,137255861128.69368
1466,32941,37.13562,2.0909198848541884e+16,19.193880155337844,1.5935540280556644e-05,1.0807108023052824e+16,6294685945.93,1.4955121664955557,1.776042222803275e-15,0.0010686786519600066,7.707945432854189e-10,601719169870.4225
1467,82829,2.1520827,2951112228281246.5,0.0015137983428627731,1.0148315902217937e-09,2075844390540.4832,54736735.5,1.4955121664955557,7.292446147510261e-16,0.0002980931033399511,1.847135291951094e-10,408769701291.14233
1468,164519,7.155474,4306223675390226.5,0.03782309148893037,3.003503761683959e-08,22762250557556.71,1399207799.32,1.4955121664955557,1.6616586920212816e-15,0.0005322120367726025,4.314777908673511e-10,320289623451.6169
1469,115216,4.5798664,1706063711678059.5,0.014863893313167235,1.0939868456732143e-08,5537006275084.527,1459761468.14,1.4955121664955557,2.6844638735650205e-15,0.0006206139520176855,4.408968222981763e-10,231187298934.85138
1470,210117,2.5281212,2264809372106122.0,0.0070473856695172366,5.21915895803566e-09,6313378137554.883,944416566.43,1.4955121664955557,1.1162622475590586e-15,0.00048169646378701237,3.5616566654165884e-10,431526251864.50824
1471,151723,94.83565,1.7040272287219658e+17,2.3489216120638274,2.100643089565783e-06,4220592556797213.0,8750458315.39,1.4955121664955557,5.565383486925118e-16,0.0018252899989300959,1.4073391008700405e-09,3279720082575.246
1472,35983,4.9066577,874065738832029.0,0.012016760238288259,8.57279567364215e-09,2140650328236.0159,1676862039.62,1.4955121664955557,5.613602595333991e-15,0.0003789099038255619,2.8595146236272057e-10,67498526550.58102
1473,149897,16.46414,1.4677968447971452e+16,4.587981243171816,3.6707974351996247e-06,4090237566442022.0,1861841126.34,1.4955121664955557,1.121690652106246e-15,0.0006162209120322036,4.900995271132572e-10,549367966003.0147
1474,172380,10.492642,7104935440679408.0,6.669041980568993,5.934565946705392e-06,4515841932196241.0,835689440.98,1.4955121664955557,1.476810322571579e-15,0.0005366663701182481,3.880120192512578e-10,363395597874.5785
1475,19992,7.1857038,5382376786366451.0,0.4379134321710556,3.4102984695227764e-07,328014507327111.0,557466354.38,1.4955121664955557,1.335042878863734e-15,0.0003418370460057948,2.339501261088193e-10,256049488310.61902
1476,165181,0.30982548,1212089721827564.5,5.409128599379258e-07,2.8442747930991814e-13,2116142668.2373343,6813845.3,1.4955121664955557,2.5561266168716565e-16,4.383477528115286e-07,2.283225584710014e-13,1714890607.9934542
1477,142443,7.86554,3590069310889161.5,0.0043571954920803456,3.443506044636019e-09,1988755230748.5876,433451902.79,1.4955121664955557,2.1909159180138286e-15,0.000265737581000895,2.0298128768890993e-10,121290634120.63708
1478,22361,0.18749182,78200767465266.6,0.009502213173207201,7.143585510597581e-09,3963268172250.764,983093171.9,1.4955121664955557,2.397570076064481e-15,0.0004957729800331172,3.64926542247234e-10,206781434662.7605
1479,99591,0.48978382,404458465533930.2,0.010944264731722171,8.197909135729775e-09,9037661799014.635,834394260.21,1.4955121664955557,1.2109619694903179e-15,0.0005440796872366018,4.146052748309367e-10,449295436970.3283
1480,216503,1.1841658,845697636781889.9,0.009185761780210753,7.483566699363488e-09,6560210596831.659,849419931.37,1.4955121664955557,1.400223612432067e-15,0.0004850774462107776,3.5793366148235733e-10,346428557484.64355
1481,202191,1.8820919,1042261106325797.0,0.08872273237069174,6.05748973284156e-08,49132698141320.72,79923405.9,1.4955121664955557,1.805777735134715e-15,0.00026699455753282037,1.6823329046151937e-10,147855714653.00073
1482,138486,3.9641283,6510879668265597.0,0.0037355582012900484,2.8796274722710728e-09,6135464874434.608,184365139.93,1.4955121664955557,6.088468074938307e-16,0.0002626126284477701,2.0169781533085989e-10,431327922254.7801
1483,102713,5.2140727,3530659927976370.5,0.004855901407857888,3.546759758338249e-09,3288127631002.899,663372455.0,1.4955121664955557,1.4767983341257374e-15,0.0003588367435500806,2.604265105750455e-10,242982901089.54614
1484,175292,0.115497895,165099492059401.94,0.0010594038103126499,8.466196444395618e-10,1514374188104.584,108484565.91,1.4955121664955557,6.995654169453438e-16,0.00014429633714188543,1.204048763308065e-10,206265681016.58908
1485,173999,21.206486,1.469829506114262e+16,1.0306110583233783,8.836901835775035e-07,714320393699997.1,2962316301.16,1.4955121664955557,1.44278543271749e-15,0.000855369700330468,6.625385759343198e-10,592859950574.478
1486,104698,12.776783,1.0884530678796838e+16,2.5562085583911056,2.4158644107044285e-06,2177631918395344.8,978726656.01,1.4955121664955557,1.1738478559198961e-15,0.0004665833104503365,3.5132046557461294e-10,397481929278.38544
1487,108323,10.271774,7243289323638743.0,0.023993679786617816,1.8168064862049956e-08,16919488749773.459,1645972351.94,1.4955121664955557,1.4181090304480433e-15,0.0007856678052505834,5.996321794372581e-10,554024964499.6311
1488,233502,7.8395844,4544152388391752.0,1.3925330192441534,1.1490710929197028e-06,807170625691930.6,901362206.9,1.4955121664955557,1.7252027947008513e-15,0.00046647183620927363,3.441110538889838e-10,270386668536.64554
1489,191858,18.628416,1.2849431870028454e+16,7.403202679727414,5.903923854301672e-06,5106550575914210.0,1668876854.51,1.4955121664955557,1.4497462758218237e-15,0.0006741449261598072,4.894647745730247e-10,465008903559.7983
1490,124799,15.178247,6439493379627024.0,0.6622087534903682,5.226122568092117e-07,280947390303523.84,1134700180.43,1.4955121664955557,2.357056076495124e-15,0.0005813839138286682,4.218785063406196e-10,246656801943.0279
1491,112131,31.655025,8947684463070462.0,6.41252330109812,5.662894332774775e-06,1812579048991841.2,3176936256.03,1.4955121664955557,3.5377895958053654e-15,0.0010027941809774264,7.707903983267416e-10,283452182166.6288
1492,26848,5.047708,918942789366080.9,0.01298448505222412,9.509329163672784e-09,2363844919787.954,669578465.53,1.4955121664955557,5.492951311454424e-15,0.000514089459252256,3.900978795897629e-10,93590754787.90935
1493,127317,16.94979,6377612214632603.0,0.0352471268709642,2.7369646090469587e-08,13262259111349.836,1628154340.77,1.4955121664955557,2.657701570677331e-15,0.0006824378648508693,5.105646714885555e-10,256777462293.08435
1494,176881,21.14367,3.05433673158872e+16,1.1284540926250015,9.822414096422236e-07,1630123240201990.5,5862087510.94,1.4955121664955557,6.922507849683644e-16,0.0008545715419776206,6.486069892770931e-10,1234482590029.3838
1495,151824,21.472256,2.0170508560797748e+16,5.670239284176018,4.746623488475774e-06,5326483161491930.0,2961943266.54,1.4955121664955557,1.064537165003973e-15,0.0007259792570494585,5.096457187170432e-10,681967037803.4656
1496,124236,26.930351,1.1670412912553408e+16,2.879771293145907,2.409665174275775e-06,1247964428117948.2,2645707712.2,1.4955121664955557,2.307574822055531e-15,0.0007549380437709359,5.720977065370314e-10,327156474648.33044
1497,155708,19.856522,6827917847043706.0,0.06761343960276858,5.479984939591046e-08,23249741871398.996,1919892156.74,1.4955121664955557,2.908137216178913e-15,0.0008913282059090295,6.499722196596819e-10,306494549483.5253
1498,90351,28.358557,6557261242074819.0,0.01493149445589469,1.0948087508042301e-08,3452563185139.9663,1123247117.22,1.4955121664955557,4.3247563202205e-15,0.0006048208067027887,4.425470843499092e-10,139850840583.76532
1499,136332,8.171368,4347917383984276.5,0.010432447128569734,8.014165602299747e-09,5551018902563.83,1285088069.24,1.4955121664955557,1.8793751762854448e-15,0.0004955685121203117,3.9384438637058037e-10,263687909882.79147
1500,201805,27.65159,4.133208218238993e+16,4.268838806609763,3.6457957259194313e-06,6380826432699533.0,4015922279.16,1.4955121664955557,6.690103314413063e-16,0.0008183383365178811,6.433101344336811e-10,1223207322904.6624
1501,132531,1.4506445,3435437343910073.5,0.008206815119836687,6.554123335748746e-09,19435498592007.06,906787715.67,1.4955121664955557,4.2225904732960023e-16,0.0003604363468233283,2.73625158356029e-10,853590584033.0868
1502,150493,23.037056,1.8310429089479988e+16,5.397727660592339,4.79372815968009e-06,4290249134854763.5,2615371471.66,1.4955121664955557,1.2581385115237758e-15,0.000834232002263363,6.304024752951386e-10,663068489377.2112
1503,274716,8.006233,5516613084283330.0,0.03626699315145508,2.876515559708163e-08,24989401251116.6,372948675.37,1.4955121664955557,1.4512950025096965e-15,0.0003752088704511477,2.775179337432892e-10,258533840330.39886
1504,161000,20.295494,9422348053046010.0,0.04990388428787629,4.033264344448917e-08,23168283903772.16,2653106219.98,1.4955121664955557,2.1539741352941187e-15,0.0009054250393200273,6.457433722190619e-10,420350933878.0404
1505,163809,20.084436,2.1727919369707668e+16,1.8769975322867367,1.6350518920460714e-06,2030589807882406.2,2613193568.5,1.4955121664955557,9.243607571556549e-16,0.0006990001107237507,5.391945707320865e-10,756198383923.8695
1506,183721,15.282947,3.5122000972318416e+16,0.016170923034922485,1.226953725649713e-08,37162673832202.24,1834254421.91,1.4955121664955557,4.3513884678852247e-16,0.0007335316058419282,5.268074371394116e-10,1685741485173.4087
1507,47907,119.49718,7.543637576459787e+16,20.173254304843635,1.744295282946089e-05,1.2735005061499996e+16,11396747128.86,1.4955121664955557,1.584079017434448e-15,0.0019769534145774675,1.529694066018931e-09,1248014393738.586
1508,188689,8.748009,8218982345145837.0,9.048771667881994,1.0813338040546506e-05,8501556706626383.0,1672644884.46,1.4955121664955557,1.0643664425397637e-15,0.0005532789971392138,4.3575850742611103e-10,519820030983.8722
1509,21169,29.215818,2851159706976103.0,0.04023734301838511,2.8540392670126647e-08,3926745817275.964,2230394963.02,1.4955121664955557,1.0246994557518441e-14,0.0010714320096175914,7.388838205005489e-10,104560610782.35458
1510,158637,28.225588,5.451048964514701e+16,0.8010941110633558,6.593461146034873e-07,1547107973300939.0,3581083375.85,1.4955121664955557,5.17801035795922e-16,0.0007926362700752968,5.891108430365234e-10,1530773820984.9663
1511,226542,9.214633,8521868313411182.0,2.4938813076440396,2.1176597473573995e-06,2306388989449736.0,1140243985.08,1.4955121664955557,1.0812925829302698e-15,0.0005142623354368386,4.0322042955211756e-10,475599614346.01117
1512,2584,12.059451,2647889014887325.0,0.008543326449758302,6.22553300298821e-09,1875854900601.3074,1176321023.4,1.4955121664955557,4.554364224556883e-15,0.00035533153660548516,2.345182867201932e-10,78020008740.09087
1513,200518,4.702339,2877074508642083.5,0.015701436390962727,1.1697829283394707e-08,9606751531419.578,1378623293.09,1.4955121664955557,1.634416830664355e-15,0.0005716326142689943,4.2854421067645614e-10,349747141331.528
1514,256304,13.544982,1.0599726570351474e+16,1.6238584544822325,1.5350850999207119e-06,1270762530837265.0,1887706160.18,1.4955121664955557,1.2778614533215138e-15,0.0005318482558634097,4.041228042164556e-10,416201814743.67944
1515,80971,38.12318,2.1448637144700132e+16,8.08668621325595,6.902533648530871e-06,4549683376129065.0,4810569900.38,1.4955121664955557,1.7774173595649677e-15,0.0010947812782370887,8.408787680865495e-10,615939341621.5099
1516,47401,0.57432383,1680799092391685.0,0.001641694576173426,1.2776560468176134e-09,4804534671000.237,90371563.18,1.4955121664955557,3.4169689441155555e-16,0.00024157732864396,1.7550992022660598e-10,706993047332.1572
1517,185162,29.642426,1.7406911481793778e+16,2.702285627754701,2.2888091503081637e-06,1586862246728712.8,3662132182.72,1.4955121664955557,1.702911285037761e-15,0.00089816169228405,6.840359886920024e-10,527427177314.2509
1518,122223,0.19013591,190949459849695.12,0.0003595062383304896,2.114407088408375e-10,361044486661.16125,10355786.799999999,1.4955121664955557,9.957394493268768e-16,3.7591728872817204e-05,2.2197148090578277e-11,37752575634.34826
1519,85871,16.172148,1.855091762923643e+16,2.7913246051439375,2.247732394322105e-06,3201901987694281.5,3573484298.4,1.4955121664955557,8.717707837003455e-16,0.0006728924617627065,4.756775177683109e-10,771868562635.8413
1520,115558,19.851406,9375996312122052.0,3.5706390328396997,2.815431288921945e-06,1686444698366658.5,1636456446.16,1.4955121664955557,2.117258298655097e-15,0.0006039210248348106,4.4254967449579954e-10,285237292596.0083
1521,139381,3.0918899,1843628644846147.0,0.00500589002988486,3.618151723311516e-09,2984906497493.8022,482415337.57,1.4955121664955557,1.6770676180603724e-15,0.0004069017538278575,3.0390166673933985e-10,242626921804.4192
1522,87361,7.6827607,8182940574347574.0,1.2693423350809125,1.001894323584409e-06,1351981833362412.8,1691714293.03,1.4955121664955557,9.38875289414227e-16,0.00042253006921252174,2.915111461701547e-10,450038545029.9178
1523,189014,49.23086,3.0900356942758104e+16,6.9945129988385935,6.105035487142019e-06,4390192418025481.0,5240638717.77,1.4955121664955557,1.5932133111341902e-15,0.0012196684338357318,9.163256242795473e-10,765539947044.1682
1524,54450,29.992455,2.7138443687254424e+16,6.210870814316639,5.1639906303165575e-06,5619858989307282.0,4322958322.64,1.4955121664955557,1.1051648851214693e-15,0.000800737195297199,5.642637221771649e-10,724540931473.0349
1525,141687,26.507479,4.020867008199635e+16,10.13661204038924,8.511114387739234e-06,1.5376026112524802e+16,5100091765.53,1.4955121664955557,6.592478424664153e-16,0.0009623376552278312,6.994597045972306e-10,1459750936199.471
1526,232762,10.39823,7232092672704206.0,1.0373057515221482,8.857316004570414e-07,721458491006378.8,825345421.05,1.4955121664955557,1.4377899275607485e-15,0.0004222701490652368,2.9659725336813764e-10,293693912421.2882
1527,27507,12.377129,1.1099085218351608e+16,2.1885360411318846,1.883524123541935e-06,1962551091125950.8,1690151423.97,1.4955121664955557,1.1151485691393045e-15,0.0005661465454097035,4.2307478283581803e-10,507687102039.38794
1528,231643,9.630589,4840108789697411.0,0.22623623144310484,1.808589025275489e-07,113701038675390.4,1381391407.18,1.4955121664955557,1.9897463917545697e-15,0.000529371790653817,3.9759584349593827e-10,266049880953.4284
1529,185600,1.3166515,997597017617219.9,0.004216442680710855,3.3528071777359934e-09,3194703111059.46,385893740.77,1.4955121664955557,1.31982301144489e-15,0.00028688946610229746,2.1355359301399037e-10,217369650032.25867
1530,192257,2.0851486,2132551261729438.8,0.013338400906418791,1.1263448967713515e-08,13641629034226.377,928381974.92,1.4955121664955557,9.777718535633247e-16,0.0004131851648766638,3.1304942029619096e-10,422578297146.5993
1531,103211,16.77415,1.1034363032299024e+16,0.2574401365073412,2.1189723830813822e-07,169349142895861.8,2744279505.58,1.4955121664955557,1.5201738379369855e-15,0.0006140059976791851,4.4896544750303067e-10,403905120819.8973
1532,150817,5.216584,1810723479220676.2,0.010612830313179972,8.0377858414979e-09,3683809372006.642,849401749.64,1.4955121664955557,2.880939061023931e-15,0.00047310486696892364,3.791001484331722e-10,164218977544.3479
1533,97827,1.9071187,1482583446996510.0,0.008431574951301724,8.581110029257424e-09,6554659369084.021,150062044.35,1.4955121664955557,1.2863483022581524e-15,0.0002035203058858874,1.6154652185325402e-10,158215551362.42072
1534,54856,4.258369,1143651028226851.5,0.0028669415967563605,2.215032827530465e-09,769961622629.8716,132860393.28,1.4955121664955557,3.723486356325228e-15,0.00018678376727962562,1.2792915735868156e-10,50163677103.940216
1535,128876,25.269108,1.6165251753544974e+16,3.7692632186606856,3.257577790343149e-06,2411287681980195.5,3454004223.79,1.4955121664955557,1.5631744178966212e-15,0.0007121916157475114,5.13230817470576e-10,455605982028.4312
1536,150247,43.163662,2.018440207110138e+16,6.696174375465697,5.877538653410256e-06,3131297708998967.5,5937968944.83,1.4955121664955557,2.1384662200025596e-15,0.001209273637128177,9.331402034643495e-10,565486434069.8959
1537,132118,47.03457,4.3851689179311144e+16,13.300886722024417,1.1107903777234335e-05,1.2400801162707374e+16,12519907645.04,1.4955121664955557,1.0725828555354834e-15,0.0011500572077246564,8.491246048472036e-10,1072231577998.2277
1538,84416,4.0853,1602564284087130.5,0.003639988221553288,2.665555691987656e-09,1427879254487.83,245604130.61,1.4955121664955557,2.5492269112481262e-15,0.0003790424561838594,2.788334822283085e-10,148689178868.8503
1539,183396,26.228508,2.00801993529751e+16,2.5317961597389185,2.174625679059785e-06,1938309705174776.8,2683687102.47,1.4955121664955557,1.3061876298610533e-15,0.0008562653739570353,6.322616371890457e-10,655545462521.4305
1540,155224,0.5577827,639929540051705.2,0.004799930317371089,3.779358427381519e-09,5506834830616.863,337878423.6,1.4955121664955557,8.716314298523116e-16,0.00026609730275392455,1.9985177927379775e-10,305286493396.65485
1541,146571,8.193105,1.1200803000285808e+16,0.16529669225259974,1.4592775229909467e-07,225977292677225.44,1306460136.02,1.4955121664955557,7.314747879943017e-16,0.000495111803593507,3.429885862270858e-10,676867899919.148
1542,45059,0.55638814,155644819328054.88,0.003486268224839948,2.5615451213433015e-09,975253692475.0989,133315028.79,1.4955121664955557,3.574729582404491e-15,0.00023168070607621763,1.6665911507219178e-10,64810694273.65772
1543,82033,8.891366,3362400965104218.5,0.02060285530930139,1.5319967778128382e-08,7791273081762.416,1492929527.11,1.4955121664955557,2.6443502997639693e-15,0.0006680383127773297,4.973077183281251e-10,252628523852.13782
1544,59272,0.41949576,1428311525277724.0,0.0003457303486743757,2.796670481476506e-10,1177152879089.6406,8571154.4,1.4955121664955557,2.937004656028609e-16,8.45087608280515e-05,7.763149491469932e-11,287737919157.14386
1545,157460,11.732256,4264490701899463.5,0.019383191460771148,1.4440977804894963e-08,7045485519374.589,2208976409.9,1.4955121664955557,2.751150564069536e-15,0.0007071842544687158,5.38904569921619e-10,257050364202.03775
1546,121684,21.985512,1.2709470517613668e+16,0.02460480329613825,1.9202307107539267e-08,14223640644982.602,1813179434.62,1.4955121664955557,1.7298527086184233e-15,0.0006565166712911678,5.085662509366904e-10,379521717670.11664
1547,76073,1.4358499,1509820538898322.2,0.0002516870218383809,1.5823476512597191e-10,264653175060.80405,5395978.0,1.4955121664955557,9.51006999181309e-16,3.171460439663067e-05,2.034414907610088e-11,33348444778.989796
1548,171069,24.257862,1.2583222586354036e+16,1.3043155384811171,1.1810616643800987e-06,676584471605458.1,3504314050.49,1.4955121664955557,1.92779407926127e-15,0.0008116937069577891,6.260077607657428e-10,421047930217.1266
1549,117807,19.013433,3.4658786745336636e+16,7.079277330568575,6.378325436255893e-06,1.2904516680984032e+16,5083203545.67,1.4955121664955557,5.485891107413987e-16,0.0007527776707185453,5.91325096501235e-10,1372206731739.8865
1550,89936,29.232338,4.211583881697053e+16,5.32606665172486,4.717612950232133e-06,7673411707010439.0,3960385209.67,1.4955121664955557,6.940936906668201e-16,0.0009398970996677039,7.087628497635035e-10,1354135777786.3374
1551,75686,1.4961021,620026463066849.5,0.0013385701439984404,1.0209350881674192e-09,554740824139.0989,119275078.38,1.4955121664955557,2.4129649121745542e-15,0.00014529572116357,1.1497059498629251e-10,60214601725.24021
1552,167796,11.524851,5422767618920022.0,0.010804916849632118,8.080936756762693e-09,5084018285122.158,925766051.31,1.4955121664955557,2.1252710442154713e-15,0.00043092068614250035,3.344082302161127e-10,202760343117.35126
1553,69184,20.665691,1.0934528714482894e+16,0.17595921833114805,1.8184490187877073e-07,93102675609535.8,1381377334.7,1.4955121664955557,1.8899480297333787e-15,0.0006861057376805589,5.19803604520084e-10,363028891211.0192
1554,186515,26.61806,1.8505256373994736e+16,4.511047163078014,3.891443976113735e-06,3136144567558278.0,3533508437.47,1.4955121664955557,1.4384053623491598e-15,0.0007787244982419731,5.789606260617267e-10,541380419334.7722
1555,102269,28.524775,7344518556684114.0,0.8852457149307758,7.442836876921029e-07,227931809472087.94,4596639321.46,1.4955121664955557,3.883818221691348e-15,0.0009522255508523662,7.337541564673604e-10,245177682501.7535
1556,161187,52.005856,3.4925852289336384e+16,13.747604761140499,1.1873679790502816e-05,9232552834430234.0,11800308960.52,1.4955121664955557,1.4890361320081089e-15,0.0012664994386353187,9.663762478825493e-10,850549836508.8845
1557,76643,3.6000965,2038161698433088.5,0.0033269496600748477,2.6026890527680205e-09,1883522113859.8752,381462510.22,1.4955121664955557,1.766344889499055e-15,0.00019895023767571552,1.2924922035339372e-10,112633856988.22324
1558,189673,22.607925,2.8821770761157784e+16,2.957703333689793,2.550207647663508e-06,3770635627246612.5,5005574836.56,1.4955121664955557,7.844044416059269e-16,0.0008379028166509237,6.251894219755649e-10,1068202539668.7817
1559,232031,12.892609,1.7435203958799924e+16,1.3960154245396585,1.1386977654164165e-06,1887888918098703.8,1078318351.56,1.4955121664955557,7.394584560333074e-16,0.0004720938789243407,3.576367414713129e-10,638431916049.4883
1560,44493,61.28039,4.062667923403184e+16,62.852961112022214,5.550695555090145e-05,4.166923692892953e+16,14687427597.61,1.4955121664955557,1.5083780204380358e-15,0.001446076009518289,1.150221926280854e-09,958696023095.2888
1561,208727,22.672651,1.1917284650997288e+16,0.7014175423100028,5.969542147772994e-07,368681743961534.9,3289554057.84,1.4955121664955557,1.902501422427856e-15,0.0007701617890206668,5.712681002505482e-10,404815355164.2728
1562,92715,0.40764672,194814245004097.4,0.0003411850692410474,2.315611876554182e-10,163052242075.84778,31761163.75,1.4955121664955557,2.0924892837863382e-15,3.6072520572792314e-05,2.2941823360981005e-11,17239046743.178276
1563,145181,2.1978734,900810654941841.2,0.02215110229479337,1.6570237368380358e-08,9078752655114.957,1611922417.97,1.4955121664955557,2.43988388452388e-15,0.0008442406639126222,6.161453752266367e-10,346016738447.11163
1564,51929,21.34742,4.947811103952722e+16,1.4107396026264014,1.2098253505650801e-06,3269750194946630.0,3855496969.33,1.4955121664955557,4.314517986134497e-16,0.0008490832618297002,6.133192678507656e-10,1967967834549.2742
1565,51433,11.574386,2589668797195210.0,0.009816427326555601,7.266275324370123e-09,2196340743043.7722,1309201857.2,1.4955121664955557,4.469446445250396e-15,0.0005514063616548759,3.8801384732538456e-10,123372406048.37003
1566,132400,15.211114,9126060632785774.0,0.7850269575225214,6.99612878805579e-07,470984808392197.5,4016755836.17,1.4955121664955557,1.6667776614756869e-15,0.0007032233207631966,5.214792724791356e-10,421905894839.38464
1567,55256,2.4396946,1352627040235957.8,0.02458432881524574,1.8972820526051806e-08,13630160070671.72,828796104.67,1.4955121664955557,1.8036713206431316e-15,0.00046220244353597915,3.418644471734513e-10,256256468817.81793
1568,154413,9.219838,8627058772776577.0,0.004347566592301207,3.3061748761750844e-09,4068044634877.8037,855724039.61,1.4955121664955557,1.0687116249971529e-15,0.00041089341884810183,3.0514433348301395e-10,384475483598.4838
1569,114874,33.087185,1.7383406809099874e+16,0.32252643428338185,2.8471836983730645e-07,169449538056393.84,2197384180.16,1.4955121664955557,1.903377477346932e-15,0.0006459436686758315,4.896747240296338e-10,339367086331.29114
1570,133106,15.685475,7279508577009384.0,5.250635454904118,4.3748455368973925e-06,2436779621192479.0,2207294773.37,1.4955121664955557,2.1547436662879804e-15,0.0006967211056523329,6.020833721631726e-10,323342918488.5774
1571,155968,12.068755,1.4250307679398166e+16,0.08033239386509729,7.365115285701893e-08,94853307503568.84,1173838135.57,1.4955121664955557,8.469118893094454e-16,0.0005152908699413153,4.046791411836116e-10,608435040818.0867
1572,149617,17.072266,8371517020922786.0,3.8825842097054912,3.38159371789098e-06,1903855047520672.8,3164206076.16,1.4955121664955557,2.0393276340872966e-15,0.0007470004292865683,5.703550778419949e-10,366297409401.2555
1573,100018,1.0457889,1540306340413964.0,1.4441490120658346e-05,8.675590925012837e-12,21270371867.473133,10676626.040000001,1.4955121664955557,6.789486432412787e-16,6.547366727481672e-06,3.759007328560531e-12,9643390251.469915
1574,33644,25.432556,1.001146561583102e+16,6.664841211352442,5.6557612318708835e-06,2623599005244637.5,4140948251.38,1.4955121664955557,2.54034294037666e-15,0.0008984931019651969,6.791174561360352e-10,353689687988.3376
1575,83152,1.1479818,1463392434595016.2,0.00019777663554966637,1.4710914233506931e-10,252116220137.84326,9634702.85,1.4955121664955557,7.844661301106807e-16,4.832715509836955e-05,3.7652503817253894e-11,61605151890.434135
1576,68286,0.105489165,1208913287150138.8,0.0,0.0,0.0,1572064.8,1.4955121664955557,8.72594967077229e-17,0.0,0.0,0.0
1577,129677,5.6751328,1943531409594644.0,0.26027156036065535,2.1413950686766542e-07,89133764867166.1,531883155.68,1.4955121664955557,2.9200108482855155e-15,0.00027657142808440373,1.9458020007056293e-10,94715890609.37656
1578,87107,26.856129,9312914827018870.0,4.388645188060353,3.3741289578241503e-06,1521852938761661.5,3129436144.11,1.4955121664955557,2.8837511669369404e-15,0.0008680414395695397,6.161953232021876e-10,301011213977.784
1579,128245,7.525099,2721034470110126.0,0.013283036831677272,1.0155826082039352e-08,4803073167108.665,2447438215.81,1.4955121664955557,2.765528729114352e-15,0.000551964309860896,4.2100857069168493e-10,199587263024.98404
1580,110794,10.402147,8528064209911882.0,0.7498888064829472,6.026135371318867e-07,614786533201343.9,882063710.48,1.4955121664955557,1.2197547701282472e-15,0.0005545022581887778,3.9580008792969535e-10,454601426260.85114
1581,146768,27.409227,3.2322343648935144e+16,6.947402267111652,5.821876756796651e-06,8192727344881850.0,5106451274.02,1.4955121664955557,8.479962745802623e-16,0.0008503701131137186,6.309830811807545e-10,1002799350191.2864
1582,169909,12.558681,6641801074310093.0,0.3397776659222874,2.9601625939175455e-07,179695277437911.25,1931602479.51,1.4955121664955557,1.890854733451124e-15,0.0005528826346343768,4.35275887830948e-10,292398260349.31525
1583,111338,16.867811,5539223824751454.0,0.007582015322575416,6.065094622404474e-09,2489859526789.832,936418059.74,1.4955121664955557,3.0451578657334473e-15,0.0005024497669364661,3.83303288826907e-10,164999579361.85605
1584,163290,11.339571,6558128030202740.0,1.6961096910591291,1.473674451984761e-06,980928159207556.0,1645943347.9,1.4955121664955557,1.7290865545437429e-15,0.0005523417192033107,4.036831384397798e-10,319441336092.662
1585,117028,22.771112,9281024068051740.0,0.9037149809311278,7.597904470563593e-07,368335129557165.1,4421585128.39,1.4955121664955557,2.453512870243001e-15,0.0008255990562123685,6.010392837722043e-10,336496729332.6648
1586,99590,15.963598,9231416832156118.0,0.4507329889279162,3.770484871473416e-07,260649516531123.03,1717438690.41,1.4955121664955557,1.7292684633623562e-15,0.0006716863008494934,4.905540369711055e-10,388422223084.71387
1587,22360,8.56474,2733541950116265.0,0.016148080841855695,1.2419769592137824e-08,5153858306858.271,1548086000.91,1.4955121664955557,3.1332023273451936e-15,0.000732064027499355,5.433941591954806e-10,233647224473.89575
1588,138353,1.1730479,823606417004676.6,0.012472846036859974,8.385560530914182e-09,8757286070133.389,130224574.56,1.4955121664955557,1.424282127701464e-15,0.00020359024240737178,1.3961534681584774e-10,142942355624.3944
1589,117501,1.02416,1312881700569210.2,0.0006234534889716372,4.740317182183895e-10,799211721632.2551,27333693.86,1.4955121664955557,7.800855168869879e-16,0.0001199100092450251,1.4012274729058022e-10,153713928344.08517
1590,41397,2.2706072,987282769197900.5,0.0041653506600443846,2.5700743018588545e-09,1811136216924.2317,142340724.89000002,1.4955121664955557,2.29985498667693e-15,0.0002803396997691433,2.2840352705050078e-10,121894511346.65115
1591,91283,0.13305297,99598443731539.55,0.0005650774116753679,3.9410304956470484e-10,422995674510.0327,16105562.2,1.4955121664955557,1.3358940663634737e-15,9.333101007745685e-05,7.037044044496481e-11,69864080114.91466
1592,174671,20.578434,1.2717508389685122e+16,1.4083876450337873,1.1282294254574143e-06,870386040630985.9,2558048048.63,1.4955121664955557,1.6181183742477963e-15,0.0007602825736658103,5.463933562192103e-10,469855967131.7234
1593,137167,0.3464286,497527261777707.9,0.0008249487011778101,5.794477396383667e-10,1184759192526.4612,109445630.14,1.4955121664955557,6.963007389025893e-16,0.00014479932555399875,9.74399224291482e-11,207955151364.9274
1594,185552,16.05537,6300407286728469.0,0.9493239690139602,9.100107751745184e-07,372531287154487.6,1647544899.91,1.4955121664955557,2.5483066838900924e-15,0.00057624372758839,4.412804407542555e-10,226128091736.8748
1595,31855,3.4397688,711139488075922.2,0.009605552507873866,7.044266717865944e-09,1985856634648.1812,371483717.25,1.4955121664955557,4.836981854722664e-15,0.0004320501379252968,3.4144417134363887e-10,89322257329.42493
1596,192462,21.011456,2.4270172324610964e+16,13.796323013875915,1.1953294679937192e-05,1.593602732684325e+16,2443544580.75,1.4955121664955557,8.657316363054212e-16,0.0007892720161066795,5.863967400253003e-10,911682076763.3729
1597,140065,10.423241,3813319405311204.5,1.4201438029969062,1.2298317255837398e-06,519556433771468.44,2167527548.73,1.4955121664955557,2.7333773786382738e-15,0.0007322342800959237,5.167328939343185e-10,267886273523.16476
1598,2588,0.66091335,499527324509599.3,0.003884637284969021,2.8676443885486075e-09,2936061844795.2505,337152373.05,1.4955121664955557,1.3230774725863856e-15,0.00032535183335837605,2.411425274677264e-10,245905353314.17136
1599,237092,9.20766,9205842174599006.0,0.008512408273065267,6.548318388311601e-09,8510727707972.463,849295422.25,1.4955121664955557,1.0001974643239062e-15,0.0003663947407094498,2.854100455306765e-10,366322405103.39435
1600,133191,34.23071,2.120410366634712e+16,0.05170851819143456,3.8263368965643614e-08,32030675967994.066,4801134407.87,1.4955121664955557,1.6143436449203612e-15,0.0009684042785853078,7.292277725801724e-10,599874928508.8436
1601,119470,38.861725,3.242057303978377e+16,0.07018273826850531,5.41218036025174e-08,58550272592534.27,8241515862.64,1.4955121664955557,1.1986748337949547e-15,0.0010028941586310116,7.652800155089825e-10,836669070173.0095
1602,137020,0.29821426,959748244232329.2,4.006012637684834e-05,3.493422417083875e-11,128926215513.32056,4453769.84,1.4955121664955557,3.107213394680724e-16,3.354665998853078e-05,2.925418979455652e-11,107963811066.08163
1603,216341,13.320032,1.8720076890914108e+16,0.022509846793595495,1.6192553818519255e-08,31635514297473.465,2869983708.35,1.4955121664955557,7.115372483574012e-16,0.0005659178595635711,4.1810014240609887e-10,795345374918.888
1604,174585,10.229747,1.350162660764228e+16,0.0029516875404167293,2.342035279442114e-09,3895754512123.9766,376666668.75,1.4955121664955557,7.576677460632551e-16,0.0003555158506637724,2.9092191636956497e-10,469223947450.5644
1605,98286,14.865337,5690016460810942.0,0.010673598983967915,7.945262686280818e-09,4085541680950.2793,1091072002.9,1.4955121664955557,2.612529700464415e-15,0.0005161489855087294,4.062639995556133e-10,197566743611.36505
1606,201441,2.961854,2420427901379497.5,0.0018362326628135748,1.2891444264178865e-09,1500569835818.4932,321227433.1,1.4955121664955557,1.2236902401893163e-15,0.00022977779342664136,1.6697280541826117e-10,187774475827.38962
1607,122080,36.899982,6403020929808919.0,0.02201235332250314,1.6894885434507844e-08,3819664709818.463,2216199782.58,1.4955121664955557,5.762901980878139e-15,0.0007980686180043967,6.487449333653379e-10,138483809138.6015
1608,171702,17.090012,1.012529331515056e+16,0.026079571248565813,1.9836186759356798e-08,15451323757121.77,1848816831.58,1.4955121664955557,1.6878535236532927e-15,0.0006158168508064983,4.498113167908005e-10,364852069315.58075
1609,56687,18.911127,2.5498330950867184e+16,0.025744643872312338,1.97951248459912e-08,34712127398247.336,2871938193.96,1.4955121664955557,7.416613674220446e-16,0.0006613105664830043,5.208352063505991e-10,891661067343.5327
1610,34596,26.814112,1.7137574100548548e+16,0.04040251635521596,3.220581455015366e-08,25822265450600.72,3370338612.51,1.4955121664955557,1.5646387197323174e-15,0.0008706351081291652,6.886198994433689e-10,556444818314.4258
1611,175167,13.40013,6299667446394227.0,0.07747886733735729,5.256680323053687e-08,36424355461375.87,2387715857.41,1.4955121664955557,2.1271170445147707e-15,0.0007146154099463758,5.461579077775247e-10,335954907506.9308
1612,186167,5.2763753,4561120792460946.0,0.013075800628259648,9.723719911561983e-09,11303272176948.629,1771604289.98,1.4955121664955557,1.1568155153271307e-15,0.00048275890397114486,3.575845759914502e-10,417317106811.64886
1613,114331,6.4730964,2152880493700297.2,0.006671428747368355,4.983769441933238e-09,2218843645727.3735,1391191281.17,1.4955121664955557,3.0067142226154245e-15,0.000440690569716923,3.3133763685189963e-10,146568824666.54355
1614,90790,43.491653,4.7216100338442216e+16,0.06129151595537843,4.510428903594921e-08,66540270778955.67,4976796931.49,1.4955121664955557,9.211191243718648e-16,0.0010215359363956434,7.677990704886743e-10,1109016097230.915
1615,257626,8.559743,5275869404028913.0,0.08610474071851279,6.227497932874693e-08,53071379257373.055,311231221.85,1.4955121664955557,1.6224326920342947e-15,0.00022566394279119383,1.677480791682945e-10,139089864189.2158
1616,118923,14.623912,6271011128097158.0,0.014423048751258015,1.1248888395000197e-08,6184877153269.715,1185380515.07,1.4955121664955557,2.331986293961083e-15,0.0003532207244725018,2.723943204109941e-10,151467753214.1604
1617,1,48.18594,9236163951998836.0,0.08775024815295922,6.892706655118437e-08,16819754450557.867,7197339059.42,1.4955121664955557,5.217094483210412e-15,0.0011775508033064444,9.26976858507346e-10,225710078108.80627
1618,156826,4.2355227,2817338362491256.5,0.01005832979791837,7.593369003596178e-09,6690489087040.981,1357803145.18,1.4955121664955557,1.503377356582296e-15,0.0005159703860304583,3.9362987039269175e-10,343207501277.9492
1619,104116,19.733786,1.4977932807548736e+16,0.02522663643981105,1.8799447473357856e-08,19147003294550.29,2339671492.19,1.4955121664955557,1.3175240037166115e-15,0.0005739207162804696,4.112944525129564e-10,435605510534.5278
1620,23709,8.4327755,1878872129243486.0,0.0057840436323094244,3.9236019908508735e-09,1288719043341.5942,836563675.89,1.4955121664955557,4.488211501330532e-15,0.0004092341625762192,2.8721045720532317e-10,91179785635.08015
1621,72548,18.154755,5406790282236596.0,0.004784080644292519,3.432240509469467e-09,1424779389035.9292,597375833.34,1.4955121664955557,3.3577694070445857e-15,0.00037659622624741206,2.756129566649981e-10,112156667297.43704
1622,134719,25.081194,2.2261197973633268e+16,0.042193035923411275,3.147286868417284e-08,37449075422792.02,4803088755.16,1.4955121664955557,1.1266776401569587e-15,0.0009029157540724119,6.919032057503816e-10,801396710017.8058
1623,70015,1.5908184,1563268879906885.8,0.0006915908444836263,4.57564962938789e-10,679613992904.3917,95578790.26,1.4955121664955557,1.0176230208681408e-15,0.00012044137469402,7.770273040707905e-11,118355591632.81377
1624,190307,4.5044346,4652186572264326.0,0.005069871951271525,4.211059591544588e-09,5236171086778.556,573439765.46,1.4955121664955557,9.682403166835135e-16,0.0003451519939311577,3.062305818020497e-10,356473478726.229
1625,89696,37.440002,1.4441537622134198e+16,0.03278669864326057,2.4298534224315935e-08,12646643073422.48,3914424207.37,1.4955121664955557,2.5925218615652537e-15,0.0008744688223497334,6.623220673858493e-10,337304319517.5861
1626,188384,35.74856,2.212488980517605e+16,0.035765434114725866,2.7008490725751273e-08,22135333244824.24,3879783504.69,1.4955121664955557,1.6157621716894037e-15,0.0009069702207356822,6.926868197468409e-10,561326559457.3087
1627,154598,158.03004,1.782092193994854e+17,0.38119494847641855,2.94034799539266e-07,429870512005246.56,14377997749.77,1.4955121664955557,8.867669166192215e-16,0.002715872395466657,2.155594072535069e-09,3062667702828.674
1628,19986,2.3464658,361234742590181.5,0.006380347732715195,4.807664474911485e-09,982244561528.756,553345293.11,1.4955121664955557,6.495681404216566e-15,0.000540279136265973,4.332473757478105e-10,83175128619.34077
1629,42672,0.78892237,407891323544687.9,0.0001782311028445666,1.23970433792032e-10,92149650207.15492,15935447.19,1.4955121664955557,1.93414844705214e-15,6.990077408288436e-05,4.775246580456213e-11,36140335654.9085
1630,123486,7.315142,4738767932064724.0,0.009979088935274955,7.887207108560361e-09,6464479655719.994,826550173.75,1.4955121664955557,1.5436801516491917e-15,0.0004172566838727219,3.419378449201231e-10,270299960407.56595
1631,211766,9.172139,5091675768253366.0,0.0029201687018789225,2.3391517087489515e-09,1621056137349.074,246444068.33,1.4955121664955557,1.8013988748435928e-15,0.00030954995928762183,2.4657024980624166e-10,171838654731.31186
1632,53960,9.097345,1.6920907712529108e+16,0.011508498623441074,9.096164877630929e-09,21405612639403.55,1141738426.45,1.4955121664955557,5.376393013043774e-16,0.00040984786605627506,3.4262829362966917e-10,762310093517.9683
1633,136896,37.426575,2.370054643895889e+16,0.0671126682211695,5.255300502872308e-08,42499398083267.52,5169935015.86,1.4955121664955557,1.5791439702199568e-15,0.0010694561117074758,8.661121748616791e-10,677237878164.1504
1634,94410,2.7272427,1234011857508413.8,0.0012142776285116157,9.334643753618935e-10,549431479600.4516,149083439.34,1.4955121664955557,2.2100619887936572e-15,0.00025688807102733114,2.1344958729600368e-10,116235685844.9709
1635,56304,6.98138,1830447948114647.8,0.0029027491718171565,2.001905621346211e-09,761071774555.2036,220822594.4,1.4955121664955557,3.814028149334039e-15,0.0003020780809930896,2.2520017082600598e-10,79201848849.97112
1636,37357,1.2462175,2634121271998873.0,3.2597128004543478e-06,2.412248813334957e-12,6890032300.367966,4779156.7,1.4955121664955557,4.73105590561638e-16,1.904596211616349e-06,1.4172845568529125e-12,4025731780.8384914
1637,117968,23.161488,9395017484661512.0,0.028702482363698545,2.2111056137361308e-08,11642616556420.578,3081550785.37,1.4955121664955557,2.4652948265198965e-15,0.0006593802484290711,5.108908895890653e-10,267465068005.62967
1638,98948,0.3483813,309203547546092.94,0.00019520878929029783,1.5530584837210664e-10,173256286031.24747,8701792.16,1.4955121664955557,1.1267053782688792e-15,7.500256860060621e-05,5.369229350884236e-11,66568039921.708305
1639,64752,11.613381,3876118668030638.5,0.00688921240701004,4.913916899635832e-09,2299365259681.044,801424963.37,1.4955121664955557,2.996136598134772e-15,0.0005093081977900069,3.7329014052799426e-10,169988310315.04834
1640,140612,71.87937,5.7012050399735384e+16,0.11868352724490451,8.902128762774273e-08,94135372039360.73,9152874888.88,1.4955121664955557,1.260775037838906e-15,0.0013444803232140823,1.0374263885509116e-09,1066391927872.1251
1641,121212,23.982584,1.7228492352158322e+16,0.04644882493917005,3.388732487920592e-08,33367681532199.863,2391444898.95,1.4955121664955557,1.3920303361306917e-15,0.0006181428102974807,4.723100322795234e-10,444058433392.82367
1642,71527,25.024347,3.9002598456700424e+16,0.0594987711666509,4.599453717287176e-08,92733955474641.97,6575540182.08,1.4955121664955557,6.416071746548199e-16,0.0008231366041857494,6.984353749244621e-10,1282929238795.6714
1643,35345,2.799003,977873510929295.0,0.0004774326348535389,3.183085092554478e-10,166798223108.89062,58396601.55,1.4955121664955557,2.862336456317387e-15,0.00012664058096420886,9.090219225803024e-11,44243778778.94256
1644,135455,22.945612,9577962155735574.0,0.06215458904832766,4.925525417344082e-08,25944581548323.01,2288552669.58,1.4955121664955557,2.3956674318513017e-15,0.0007045410895589895,5.468120405198178e-10,294089688824.02045
1645,91916,0.8862592,1122685353635322.0,0.0005111950534632221,3.60596634871545e-10,647565858130.426,282873651.15,1.4955121664955557,7.894101380500244e-16,8.29285784455197e-05,5.460425791556373e-11,105051321801.32271
1646,115779,18.565226,7350424888019206.0,0.019480495150378616,1.3872366811394894e-08,7712802224130.233,2206961508.05,1.4955121664955557,2.525735081010121e-15,0.0006708621047183018,4.849751064815504e-10,265610637379.27847
1647,25782,6.5565414,2.186541686590835e+16,0.029795842187441333,2.2692316896445157e-08,99366185699555.45,1597475911.1,1.4955121664955557,2.9985897091322724e-16,0.0003804339748054439,2.642197885969983e-10,1268709665903.3535
1648,176239,9.71626,6885377715231265.0,0.007083927092952905,5.376238219540964e-09,5019988528728.228,701484948.05,1.4955121664955557,1.4111440797948515e-15,0.0004776193656666701,3.7609154747418525e-10,338462508899.9453
1649,78465,42.97678,4.612635121464742e+16,0.0647781177387258,4.747798896702742e-08,69525409066017.72,7602018424.48,1.4955121664955557,9.317186135102904e-16,0.0010520586400678382,7.810371909782634e-10,1129159195504.4897
1650,97367,18.889591,8478218334684154.0,0.11461056751688622,9.297084206436723e-08,51440680471600.52,2476531754.98,1.4955121664955557,2.228014218827464e-15,0.000613830408412951,4.936954926244142e-10,275505606394.19586
1651,174154,26.853128,3.018470161240735e+16,0.10226287268700007,7.922210064066384e-08,114950269409384.95,7729116010.02,1.4955121664955557,8.896270814538079e-16,0.0006873604195899914,5.443314458561558e-10,772638821276.352
1652,31173,50.33503,7710705616484645.0,0.06899502587753191,5.2814320978648846e-08,10569186777943.486,5140848178.89,1.4955121664955557,6.527940827151956e-15,0.001162380355695693,9.102814890734956e-10,178062330292.72452
1653,57449,1.3267411,623702506622020.2,0.0006940156238969313,5.887749820319376e-10,326257537555.26324,105269031.62,1.4955121664955557,2.127201808416074e-15,8.042982263505462e-05,6.509187213206736e-11,37810151494.25014
1654,76833,19.419975,8127159987249280.0,0.06527018760250816,5.337727555930761e-08,27315238925042.812,2907407121.24,1.4955121664955557,2.3895155294676177e-15,0.0006752795430736309,5.332448569326872e-10,282601027173.10345
1655,139943,11.559553,7377357499749544.0,0.006378095840535106,5.0328389786033855e-09,4070528781112.301,441067202.49,1.4955121664955557,1.5668961413883546e-15,0.0004994072244956863,3.8878723589597376e-10,318723884311.3013
1656,111735,151.93858,7.969628158770008e+16,0.25552553420359736,1.94072461611182e-07,134030704556652.97,16017309461.88,1.4955121664955557,1.9064701259970634e-15,0.0020606376559420434,1.5936519084173876e-09,1080865431796.0278
1657,128581,55.985283,2.5884231369852796e+16,0.10141967580589709,7.591435369242679e-08,46890364991372.85,5886958336.26,1.4955121664955557,2.162910777609789e-15,0.0011810809024742372,8.926328392806404e-10,546060852209.27966
1658,129530,22.512247,4.327008572475043e+16,0.031323539743109856,2.4128006401312237e-08,60205995869136.945,2816119063.01,1.4955121664955557,5.202727617228413e-16,0.0007650355709285926,6.120619592430349e-10,1470450938840.6936
1659,136044,0.12824929,94349064695921.11,0.008463055497936356,6.38206943809626e-09,6226010067579.854,801484778.14,1.4955121664955557,1.3593064267604175e-15,0.0004517053304647828,3.47291915824888e-10,332305741790.18243
1660,9192,0.50585175,228486707717298.88,0.00036091531119265396,2.2454068687035582e-10,163020788638.51688,51213358.89,1.4955121664955557,2.2139220047140698e-15,8.492952455863763e-05,5.4120295543026836e-11,38361570271.12902
1661,211053,0.20008889,148168860989808.84,0.001896500813395073,1.2795183047722668e-09,1404387646845.3296,342026252.64,1.4955121664955557,1.3504112042392109e-15,0.00025587512667491673,1.940861965849139e-10,189479416248.6756
1662,120812,4.358216,2263443499107368.5,0.0031952201851316413,2.3943492942150296e-09,1659440550044.5269,258212898.44,1.4955121664955557,1.9254803584532787e-15,0.00034834221182707733,2.8513168164102843e-10,180911848982.40018
1663,34593,0.6723583,174512470418395.06,0.0018494786194466794,1.4191126588914882e-09,480037329598.88025,196644040.86,1.4955121664955557,3.852780826424699e-15,0.0002838129959874703,2.1503118889054215e-10,73664454007.06662
1664,140270,27.415403,2.199040571911236e+16,0.06125470824782871,4.650080516688409e-08,49133543160959.97,4053718308.8,1.4955121664955557,1.2466983715617695e-15,0.0008720690996914754,6.762614839844279e-10,699502878630.549
1665,22358,12.194993,2744747427894963.0,0.006689514166804365,4.973779387143599e-09,1505620118289.793,897100936.55,1.4955121664955557,4.443029211380933e-15,0.0003813830526894144,2.771134424534001e-10,85838520195.2965
1666,92954,0.8988548,1183931128139148.2,6.862440948684721e-05,3.9575662140205147e-11,90388986676.87584,15825026.7,1.4955121664955557,7.592120678613975e-16,9.17042420097088e-05,5.3976234559551354e-11,120788704357.70052
1667,176410,16.138386,1.233553863451557e+16,0.03227946749922092,2.4437611223547134e-08,24673137601134.918,4917125674.4,1.4955121664955557,1.3082838518979494e-15,0.0006074316140696754,4.4597202596070063e-10,464296500479.2073
1668,57450,34.0309,2.9717941622985024e+16,0.05164748475383907,4.025258515174175e-08,45101861452050.88,4542343825.24,1.4955121664955557,1.1451297815888826e-15,0.0008518860240392086,6.780037210837837e-10,743920940434.5468
1669,119591,7.6960807,3041809491333299.0,0.007578034182204614,5.433929215099088e-09,2995152623734.5938,938304895.95,1.4955121664955557,2.5300995088376232e-15,0.0003873103107287872,2.7929688769168825e-10,153081058423.1626
1670,57904,0.9166256,712507335386984.0,0.0014454169111253762,1.0623662109549029e-09,1123545045948.124,257245450.73,1.4955121664955557,1.2864788255157448e-15,0.00022481535755608704,1.7568312999762635e-10,174752474037.77466
1671,167182,46.316536,4.934403403043177e+16,0.08906922996297707,6.432374680670558e-08,94891274130636.48,10680030970.62,1.4955121664955557,9.38645104926674e-16,0.001148748972893317,8.7298863928256e-10,1223837387383.0151
1672,174081,17.402136,7460048115012708.0,0.030813246229386825,2.4050881560096946e-08,13209200264321.555,2001665414.34,1.4955121664955557,2.332710959997656e-15,0.0006341959375870161,4.923098145707496e-10,271870775446.4588
1673,36606,1.8991997,1274870351674940.8,0.00021274773650473895,1.377197209137876e-10,142810564710.93808,28587624.1,1.4955121664955557,1.4897198742639262e-15,7.961305854870246e-05,7.435436757341799e-11,53441630150.79559
1674,72857,41.584362,1.8380244443043096e+16,0.056902383724711965,4.393686441637139e-08,25150793999245.27,3692153912.7,1.4955121664955557,2.262448800877599e-15,0.0009438516782653828,7.428577986811168e-10,417181453078.30383
1675,176476,10.973423,1.4833572442150524e+16,0.033476824669660385,2.5811059129620844e-08,45253054026130.14,1825261423.81,1.4955121664955557,7.397694009851823e-16,0.0004714688218504077,3.696199209292882e-10,637318630944.3628
1676,98056,16.252398,5021859535533411.0,0.020981405347573354,1.544206263982243e-08,6483084558574.245,2739814272.62,1.4955121664955557,3.2363306629749662e-15,0.0006274071414019959,4.765357442358282e-10,193863732337.3063
1677,186587,1.4359548,680979424961247.9,0.0023857156493378856,1.8241785697658171e-09,1131388864751.9849,256777839.37,1.4955121664955557,2.1086610657608564e-15,0.00026879922886228,2.0646739716155285e-10,127473890056.0535
1678,4,0.289505,848039883661158.2,0.00016067970317492654,1.3826792116166486e-10,470675106775.9595,14843311.14,1.4955121664955557,3.413813496013287e-16,6.598260460728148e-05,5.788522820801114e-11,193281222551.663
1679,152876,21.605616,9524476198913564.0,0.021224807417067705,1.6101165216247375e-08,9356603073496.512,1976898523.33,1.4955121664955557,2.2684308878281944e-15,0.0007315791587263848,5.696930989973454e-10,322504495354.84937
1680,151957,10.590649,9973082247912186.0,0.02220519098500409,1.703309854770705e-08,20910351766359.547,1925099647.54,1.4955121664955557,1.061923358971305e-15,0.0005517024857413364,4.3084066511961683e-10,519531358906.8949
1681,271049,33.655346,3.611451635511793e+16,0.015424326915061955,1.2090956806701347e-08,16551370669036.969,692006225.13,1.4955121664955557,9.319063190287074e-16,0.0007295417231569593,5.902754056750889e-10,782848778101.7888
1682,79467,5.750484,2675215393597885.5,0.002178193389860539,1.5890132013807279e-09,1013329745250.6736,268693469.44,1.4955121664955557,2.1495405617662056e-15,0.0001913769638020654,1.469351578003036e-10,89031566654.79128
1683,133459,0.37507084,236554130523573.34,0.0005264335163802278,4.4266719427066746e-10,332017340366.4014,50502606.64,1.4955121664955557,1.585560307781745e-15,0.00012994931935817914,1.084010513256516e-10,81957979599.01181
1684,283467,11.425158,1.1442096064226148e+16,0.006926574533842986,5.398004526516349e-09,6936843342757.614,902643438.84,1.4955121664955557,9.985196712096217e-16,0.00042485892321570757,3.4163110835037813e-10,425488786516.37085
1685,58379,1.9844317,1083639666543928.9,0.0018441515282979252,1.3670183538204716e-09,1007036799090.2587,265963691.63,1.4955121664955557,1.831265282424538e-15,0.00022908581682756627,1.6919368797362004e-10,125097012992.16672
1686,71189,0.88395804,3074760887648657.0,0.00043483504076282503,2.8646955785866886e-10,1512530816413.6885,1110446497.05,1.4955121664955557,2.874883843979113e-16,0.00010626751849012151,6.961176637354318e-11,369641085543.9542
1687,4966,5.1679807,969978226063665.5,0.004156633374652991,3.1050995482412877e-09,780158460565.2524,381386892.58,1.4955121664955557,5.327934752692886e-15,0.0004213656521497113,3.220582225295265e-10,79086113420.72862
1688,165295,11.444931,6125823640975057.0,0.029864229605471835,2.3522608049908037e-08,15984631426498.469,1247905163.87,1.4955121664955557,1.868308928034744e-15,0.0004308323682168678,3.080361891335766e-10,230600176315.62473
1689,178568,41.43358,3.012796251984107e+16,0.023942188733937962,1.821986891651716e-08,17409293737568.516,1903543006.18,1.4955121664955557,1.3752533040597585e-15,0.0007435631359077023,5.846185894555949e-10,540673586249.6735
1690,60549,3.6820977,1873086889929477.2,0.0004442990840977044,2.789856052196023e-10,226015401392.2782,57467983.58,1.4955121664955557,1.965791186621691e-15,0.00014800933253955112,8.445744369374363e-11,75292499807.11961
1691,85352,2.0785365,523863114076182.2,0.004552033088444524,3.2507316956361786e-09,1147269835814.9446,373409561.94,1.4955121664955557,3.967709205229004e-15,0.0004631468658774121,3.587764029363113e-10,116729034795.95619
1692,136712,2.3844001,1389239326937024.5,0.0017996486889877356,1.3170031455531487e-09,1048541615734.8846,225144944.85999998,1.4955121664955557,1.7163350142535139e-15,0.0002543778157665089,1.7178327665316823e-10,148209885397.6626
1693,104914,36.431026,3.796403079488023e+16,0.05215278355264782,4.025236840646689e-08,54347354390497.945,6737848829.99,1.4955121664955557,9.59619546112923e-16,0.0009893959599490971,8.418455232127764e-10,1031029394885.4916
1694,11143,5.1140823,1266673173494446.2,0.005433398808682293,3.87565900019283e-09,1345762564645.1843,587699427.71,1.4955121664955557,4.037412654671985e-15,0.0003681178436345325,2.672505278790332e-10,91176670585.93985
1695,31176,16.372597,1.3958952959655564e+16,0.01816801655721575,1.343503962541658e-08,15489692227349.035,2385125894.95,1.4955121664955557,1.172910106318174e-15,0.0005553563668364912,4.0709188439864203e-10,473485874019.6073
1696,62343,8.699639,3503040156091901.5,0.007632434092597468,5.496849907269606e-09,3073314089825.312,556919886.69,1.4955121664955557,2.483453974934042e-15,0.00042296602099489586,3.3567733283265087e-10,170313613726.67654
1697,166161,18.777971,1.3626850627953608e+16,0.021171474536140985,1.602508218662632e-08,15363774982798.547,3591024938.46,1.4955121664955557,1.3780125366223343e-15,0.0005778349982239408,4.3842234454381964e-10,419324921121.7485
1698,182785,4.675988,3021923236143159.0,0.0009764743835428893,7.745462413343953e-10,631060351122.9764,154845521.42,1.4955121664955557,1.547354990382847e-15,0.00018563974870540174,1.2151120296979393e-10,119972307491.94191
1699,215983,20.72887,1.594624987835615e+16,0.027320527978830066,2.1255962249818838e-08,21017062963829.902,2165547306.0,1.4955121664955557,1.2999213080271182e-15,0.0007123000248870986,5.5894184934463e-10,547956265112.8102
1700,122637,65.902245,3.964094591172045e+16,0.08251372347131623,6.641295836197411e-08,49632938135887.555,5685658419.36,1.4955121664955557,1.6624791231461255e-15,0.0011448441419694842,9.329964755706067e-10,688636702879.5807
1701,116810,18.051708,1.4865667853566396e+16,0.19101524899871322,1.465434106493478e-07,157301970903869.7,2365669248.69,1.4955121664955557,1.2143220323377027e-15,0.0006328847833740146,4.853045918117222e-10,521183645293.5324
1702,110237,0.84258974,804584057016194.2,3.0314526356959857e-05,2.3131902281356698e-11,28947165441.16371,13926244.54,1.4955121664955557,1.0472364355872897e-15,2.3146897606609698e-05,1.6511196159396527e-11,22102838308.551525
1703,203884,11.051979,9875478740618424.0,0.016382036512371436,1.1702805671984845e-08,14638143386443.182,1697100046.43,1.4955121664955557,1.1191334911737048e-15,0.0005161620224590079,3.7795820742897763e-10,461215776786.0889
1704,119471,11.338058,8556686059884752.0,0.3690757778968686,3.216117050356751e-07,278536726816114.0,1236523419.42,1.4955121664955557,1.325052470156035e-15,0.0005571057597236139,4.67331286857714e-10,420440527655.4901
1705,131833,37.978703,3.3347375257958412e+16,0.41165271240046464,3.2630796653607434e-07,361453561917970.8,11401173494.54,1.4955121664955557,1.1388813274273008e-15,0.0011392241240427783,9.094261861059796e-10,1000300994148.5756
1706,108834,1.258658,837356060004801.8,0.0019309201047433833,1.4651589596901245e-09,1284596491733.2417,312414183.71,1.4955121664955557,1.5031335654187329e-15,0.00022031696369320574,1.644591079933946e-10,146571780952.7002
1707,113316,25.46239,3.750287218579672e+16,0.036151166484756476,2.6388713856551874e-08,53246084756587.27,5205533556.67,1.4955121664955557,6.789450651633889e-16,0.0007026591505176891,5.465094234156582e-10,1034927841103.8947
1708,50047,40.511623,7956205765105038.0,0.04169346882906054,3.119067963420405e-08,8188312205240.424,2259228154.79,1.4955121664955557,5.091826958231662e-15,0.0010145854938902142,7.815626184955132e-10,199257653925.17758
1709,241409,8.695744,5723445163745096.0,0.0070254319633943985,5.431448032885245e-09,4624063748209.456,715081995.42,1.4955121664955557,1.5193198766160626e-15,0.00035879455476227313,2.897288938912569e-10,236154716517.8974
1710,153742,58.62643,3.5275523015090132e+16,0.07360638050848786,5.688330464656372e-08,44288959257533.59,6149122610.28,1.4955121664955557,1.6619577823104376e-15,0.001175467005966591,9.218690147773743e-10,707278499176.1152
1711,56686,0.5180218,773022398914948.0,2.398613464428593e-05,2.389334959978508e-11,35793511669.630226,2780646.9000000004,1.4955121664955557,6.701252133536113e-16,7.878804201210712e-06,7.848326793772455e-12,11757212001.8908
1712,207032,16.73562,1.0422144944405434e+16,0.02244688495298887,1.6514561689249336e-08,13978848021790.846,2190362777.22,1.4955121664955557,1.6057750193719592e-15,0.0006279551911888209,4.6539181887288925e-10,391060505745.3334
1713,120673,2.15911,2794150949650378.5,0.001065462555832384,6.970121296409238e-10,1378838138027.231,191457209.33,1.4955121664955557,7.7272489529249e-16,0.00015139984849488213,1.2134514186938735e-10,195929818512.67343
1714,0,14.557157,3682860503007103.0,0.007223629323848729,4.890527411640024e-09,1827528488232.0352,852771456.45,1.4955121664955557,3.952676727265096e-15,0.00040787725848002776,3.008144394817105e-10,103190138385.60051
1715,131961,45.20156,1.9231702389341932e+16,0.17628628127136522,1.360377617480035e-07,75003723250585.12,6556018058.63,1.4955121664955557,2.3503670702106106e-15,0.0010743284407433744,8.153636513609618e-10,457089641171.2858
1716,124626,5.762293,1788366666187548.2,0.006689987408803171,4.862523997051045e-09,2076282910139.7659,809346967.82,1.4955121664955557,3.222098191018117e-15,0.00044031365792022797,3.6436586751279674e-10,136654326409.9279
1717,183000,22.070919,1.4945647945337806e+16,0.033660104561101974,2.5913678791573157e-08,22793435677666.59,3411054095.72,1.4955121664955557,1.476745543633983e-15,0.0008868250241594087,6.823953153684442e-10,600526629643.3881
1718,100895,0.40763986,227117024758763.22,9.746206807626297e-05,8.658292679430115e-11,54301105216.54305,7628854.2,1.4955121664955557,1.7948450162773252e-15,7.204617382849898e-05,9.402739433378665e-11,40140610010.95761
1719,67917,2.7946923,3708698780972743.5,0.0009915315967684948,6.381137224656202e-10,1315812844308.9333,1624083772.48,1.4955121664955557,7.535506292228425e-16,0.0001738815169567929,1.0802568721934795e-10,230749614178.0436
1720,180496,10.3406,4445871688843863.0,0.07954871498707952,6.26200485912606e-08,34201437038949.996,1333657749.86,1.4955121664955557,2.325888087581998e-15,0.0005652464901384817,4.706038604599101e-10,243023941330.77747
1721,203948,14.684397,7297787739938537.0,0.02295477752837051,1.7041569612064446e-08,11407965476523.068,3206483353.35,1.4955121664955557,2.0121710199430485e-15,0.0006952150942953596,5.236892451327502e-10,345504973188.1322
1722,125320,5.96988,6937614821237562.0,0.005084513856121581,3.7021235128911958e-09,5908728263720.013,440281650.62,1.4955121664955557,8.605090011231074e-16,0.00035278422651625386,2.574757233974383e-10,409971570379.6378
1723,19987,3.0216725,1474549316367452.0,0.0068120171522331645,5.171035689444962e-09,3324203809284.0205,1455515403.42,1.4955121664955557,2.04921766024339e-15,0.000460715247164015,3.7351042619224206e-10,224824944710.50717
1724,179696,30.415056,2.467699759747342e+16,0.0562635694048508,4.079520068083873e-08,45648969609945.22,3625999089.32,1.4955121664955557,1.2325266021468543e-15,0.000807365284539471,6.150842396130791e-10,655048972681.9496
1725,82590,0.18145488,153558639234168.3,2.093569358011912e-05,1.3466170434273063e-11,17717113023.284935,1554688.0,1.4955121664955557,1.181665068829449e-15,7.878804201210712e-06,5.067771926721447e-12,6667544305.947381
1726,73230,3.3773212,1837291217869261.2,0.0041656203507930995,3.144381712162354e-09,2266132604588.996,519992920.94,1.4955121664955557,1.8382067944115785e-15,0.0003732051739327873,2.827339556829559e-10,203026762313.8955
1727,94945,0.12369762,53731067435020.66,0.0008778079763303029,6.042839180865832e-10,381297227636.2514,127811219.14,1.4955121664955557,2.3021619689501417e-15,0.0001851390411218507,1.3123829699802963e-10,80419641892.65099
1728,188957,16.023859,1.4548966228556154e+16,0.030220142779961094,2.214300984006694e-08,27438573737312.527,2222684021.69,1.4955121664955557,1.1013744033956849e-15,0.0006241149330564686,4.799308930588785e-10,566669182734.0808
1729,173520,2.128195,1171785714483462.8,0.004288201079589628,3.0892710211361744e-09,2361086632519.9,517502905.25,1.4955121664955557,1.8161981100257174e-15,0.0003294153176682015,2.521340373829006e-10,181376313437.26978
1730,56305,5.639284,3657496280012636.0,0.023246215851865298,1.730807294920013e-08,15076904799007.836,988179131.11,1.4955121664955557,1.5418427165100266e-15,0.00033351443184545374,2.6604153075004177e-10,216308984226.5924
1731,98949,10.454857,6714115122600993.0,0.010475038268985385,7.57699543047899e-09,6727075545042.739,928119307.26,1.4955121664955557,1.5571459245324759e-15,0.00039267446060822867,2.8919222631005045e-10,252175762349.39377
1732,37356,10.247365,3360131970896196.0,0.00552758732780903,3.95351923887351e-09,1812507205715.0103,398665722.86,1.4955121664955557,3.049691229022436e-15,0.00031981470847453823,2.539466598378811e-10,104867897914.06303
1733,159308,13.151667,7028867275876260.0,0.007223905537557488,5.33286090079302e-09,3860793710558.451,635725791.57,1.4955121664955557,1.871093375903934e-15,0.0003630822032630391,2.76097858180508e-10,194048147430.17963
1734,190450,10.095583,7453929467931332.0,0.009730649000629437,7.431093994046601e-09,7184485663471.671,549327240.35,1.4955121664955557,1.3543974414345778e-15,0.00031664556736276013,2.519668249094874e-10,233790730605.16797
1735,184168,0.22741789,578739932678766.1,6.94974803173785e-05,5.551467181499466e-11,176859292293.247,62947154.86,1.4955121664955557,3.929535135883392e-16,3.4680346407914106e-05,2.3058913149935913e-11,88255595658.69025
1736,154801,15.290386,2.454601978920209e+16,0.03844003550727277,3.102628794963824e-08,61708701942459.03,1858957611.82,1.4955121664955557,6.229273068021527e-16,0.0005122267319194627,4.036816970031018e-10,822289738025.8055
1737,64753,5.194476,2304438973943673.5,0.007337801032351826,5.355420541449635e-09,3255287863876.1006,617016314.34,1.4955121664955557,2.254117405031775e-15,0.00042433977955765804,3.1555556735468106e-10,188250966258.64365
1738,17052,5.0319605,4338495252603457.0,0.0014322971932664629,1.1434102451481088e-09,1234909251235.9358,232858055.14,1.4955121664955557,1.1598400383129165e-15,0.0002042199593681617,1.5516274213235187e-10,176075969635.62024
1739,145691,59.329357,6.6192674415554984e+16,0.12045302703328713,9.443083926375765e-08,134387230941714.38,13669877106.85,1.4955121664955557,8.963130365081285e-16,0.0012486239444357884,9.858484017564921e-10,1393066812126.485
1740,165094,0.2413659,205927496411583.9,0.003352289221004478,2.518253454919583e-09,2860091365553.258,617915666.98,1.4955121664955557,1.1720916546160787e-15,0.0002943006589841398,2.2340356976925234e-10,251090141137.9289
1741,151599,9.506229,3678508404275150.0,0.011137140755677667,8.770994875832384e-09,4309602248100.2295,949008912.64,1.4955121664955557,2.5842618679223056e-15,0.0004094666170968736,2.9359873589022077e-10,158446255845.61075
1742,103950,0.4772772,456104349165988.3,0.00047542818589525147,3.000516534373286e-10,454337360558.85376,21432475.24,1.4955121664955557,1.0464210676191258e-15,0.00010653424609884206,6.497140043860472e-11,101808200728.63649
1743,202160,10.72866,5786052013467637.0,0.030303924976640174,2.388085831231729e-08,16343148736847.014,1596307412.23,1.4955121664955557,1.8542280600015226e-15,0.00046002502931085645,3.2409332096795137e-10,248095171912.3907
1744,172794,14.345008,7073127746753659.0,0.03261363829321853,2.5201915624897775e-08,16080885415633.902,3994354707.08,1.4955121664955557,2.0280996630640387e-15,0.0008520689578854863,6.624860311801893e-10,420131699345.6754
1745,89410,5.6158605,2984315182793726.0,0.004474567640684068,3.2837177686627927e-09,2377822623359.495,509771129.98,1.4955121664955557,1.8817920212913935e-15,0.00035838525098078744,2.598754739856714e-10,190448916206.39508
1746,174765,9.650736,6792271305718275.0,0.06062500536603811,4.6568378969699404e-08,42668402115316.086,2351694096.93,1.4955121664955557,1.4208407711681426e-15,0.0005034386405788836,3.6775413991020053e-10,354324461118.1745
1747,76318,2.366538,630248569244437.2,0.007826908972960905,5.641929866106443e-09,2084436498300.4956,1223049292.27,1.4955121664955557,3.7549280006094795e-15,0.00048140713958811016,3.445866580494672e-10,128206756430.47504
1748,11147,17.103376,1.1934799752027722e+16,0.03428769564339942,2.7851645533648776e-08,23926082281208.42,1782331664.67,1.4955121664955557,1.4330676974361583e-15,0.0005780979222533927,4.5600919991929614e-10,403398892660.57947
1749,9193,0.21171007,423256198694488.3,1.4263452495009238e-05,6.845415051616976e-12,28515859842.174843,3729957.1,1.4955121664955557,5.00193666750797e-16,7.598368268826374e-05,3.6466616012744814e-11,151908526115.1853
1750,61861,28.50663,1.1248380767358446e+16,0.04280098896009718,3.2324896136976107e-08,16888766614737.635,2357033010.2,1.4955121664955557,2.534287431193926e-15,0.0009166987410653088,7.045623374990367e-10,361718536651.32355
1751,114487,29.26317,7156204072586322.0,0.07386987655073148,5.782804138888153e-08,18064615399281.535,6673677440.81,1.4955121664955557,4.089202837590964e-15,0.0009671706395012826,7.617939802981759e-10,236518137620.94116
1752,192172,7.522065,6505083227542039.0,0.01520930593538405,1.1088088327941754e-08,13153010635087.889,2099339056.93,1.4955121664955557,1.1563364736291359e-15,0.0005317611232603902,3.8014075711356206e-10,459867119465.21063
1753,254598,13.041386,1.3524611705944136e+16,0.02100894010717075,1.7617003620002775e-08,21787389569093.41,902196905.33,1.4955121664955557,9.6427064107639e-16,0.00041636610395050585,3.368604891656622e-10,431793820338.3724
1754,38029,0.8885591,195704600938910.62,0.00427096681343998,3.1090083487339323e-09,940677841066.0607,530135310.82,1.4955121664955557,4.54030766643736e-15,0.0003286933475123828,2.244075099393564e-10,72394509724.99808
1755,203186,19.40202,1.7252132599570178e+16,0.02127277487995835,1.532175639394186e-08,18915593994328.79,3100343856.37,1.4955121664955557,1.124615747532765e-15,0.0006627293148311813,4.841121709611775e-10,589294002227.079
1756,83424,13.411097,7131349570729224.0,0.01612411450093971,1.2159409371324578e-08,8573996372158.463,1686761260.73,1.4955121664955557,1.8805833127359417e-15,0.0005369709338443317,4.034067618886298e-10,285534243661.4131
1757,81564,106.52358,3.567924046986514e+16,0.20267534615030142,1.540099419466508e-07,67884522962988.664,17643026186.58,1.4955121664955557,2.985589900378354e-15,0.001735734934929017,1.3380614440935428e-09,581370848926.389
1758,140271,19.640072,1.3096809882667924e+16,0.02357439651756724,1.7263766560904817e-08,15720379705797.764,2492390845.55,1.4955121664955557,1.4996073223901119e-15,0.0007052932375975487,5.208749596829617e-10,470318614124.5527
1759,89409,8.815065,3957901075396150.5,0.022544517885879346,1.7722483958668988e-08,10122327128025.67,2917827431.74,1.4955121664955557,2.227207004944582e-15,0.0006980788667434595,5.553204993797018e-10,313432413418.98944
1760,113523,9.281043,5195675577414410.0,0.007927120427287198,6.001197582695346e-09,4437728173792.426,514869286.55,1.4955121664955557,1.7863014850936177e-15,0.00036026262186778944,2.8006637184095984e-10,201680749231.92966
1761,171798,20.885504,4.102852304691844e+16,0.0306493094477718,2.3401460600703067e-08,60209028187686.55,2584348137.63,1.4955121664955557,5.090483997222188e-16,0.0006782389074829426,5.07776557344661e-10,1332366250150.3765
1762,221594,23.87103,2.8627979693897704e+16,0.03203751674840898,2.4606751194467558e-08,38421860259752.51,2986327611.73,1.4955121664955557,8.338356480352091e-16,0.000753970327352312,5.985320572896458e-10,904219349615.1357
1763,57451,22.380388,3.2003533000496496e+16,0.03098743084531338,2.4177345845099998e-08,44311442038386.01,1830653560.67,1.4955121664955557,6.993099168036478e-16,0.0007043954620750601,5.441526775892016e-10,1007272233882.5924
1764,299921,2.4922268,5697419182484212.0,0.0004218037326820881,2.4890118345059294e-10,964275272951.2303,28882688.54,1.4955121664955557,4.3743082967494226e-16,6.667573850391485e-05,4.719435999180876e-11,152425787074.63766
1765,38763,5.721817,3891621761480471.0,0.008029208065177654,6.001022788763432e-09,5460964730941.215,1024921366.89,1.4955121664955557,1.4702911409929202e-15,0.0004248222417186369,3.395823203309052e-10,288937496713.5727
1766,159724,23.364775,2.081988989674498e+16,1.5901874496859734,1.6778634111502054e-06,1416984653935150.8,3536701998.72,1.4955121664955557,1.1222333603047964e-15,0.0007676602392521335,6.389123157008397e-10,684046889359.659
1767,22359,79.436844,2.4686087799732964e+16,0.5967362797928661,4.618471716899656e-07,185443976050366.62,21434236061.79,1.4955121664955557,3.21787901932599e-15,0.0021536316932037327,1.6920406849014908e-09,669270559977.3691
1768,107199,4.8913183,2179690091746261.2,0.0033477171852471016,2.291605093042134e-09,1491823989179.3162,522328040.9,1.4955121664955557,2.2440430034167447e-15,0.0002447117065793407,1.9515316157976534e-10,109049472851.78871
1769,73229,21.61202,4203225724522832.0,0.020915522023964125,1.59008783302336e-08,4067766928447.681,2706365828.89,1.4955121664955557,5.141770015802206e-15,0.0007254565385983647,5.768911292310558e-10,141090818214.1205
1770,72856,0.62428355,493830244270686.44,0.0005314807614131067,3.8697108513352885e-10,420419974599.37054,27321717.36,1.4955121664955557,1.2641662944763006e-15,0.00012442142130540893,8.69719137892897e-11,98421720187.49506
1771,36607,43.595734,2.9670783961230744e+16,0.10051529377085046,7.57157286149064e-08,68409619305286.76,7616206242.87,1.4955121664955557,1.4693152043762732e-15,0.0010870438277869347,8.46363459079036e-10,739830245102.7767
1772,161377,21.53056,2.7956882885527256e+16,0.03527605462737508,2.6512800135954274e-08,45805056992525.36,3104878398.59,1.4955121664955557,7.70134499191466e-16,0.0007456074988534104,5.607150651244292e-10,968152315778.86
1773,154478,27.59639,1.3703936526586714e+16,0.06370467337532518,4.987461539792206e-08,31634746442646.84,2298770000.97,1.4955121664955557,2.0137564083473996e-15,0.0007210181722205138,5.453207751762741e-10,358046370073.2411
1774,190867,30.969925,1.4265855611462694e+16,0.05861813583249683,4.350637188092966e-08,27001610820804.613,4589804908.21,1.4955121664955557,2.1709125511627565e-15,0.0008506765212007574,6.184824247571748e-10,391852044314.32715
1775,85557,2.1631398,1278302587286136.5,0.0008335536019397804,7.233805217855971e-10,492586621540.2719,61034077.71,1.4955121664955557,1.6921969974201427e-15,0.00020329175217643716,1.7521567735799759e-10,120134802559.25746
1776,103762,0.116103955,55609683832554.586,0.00036785683459528715,2.604820743913171e-10,176190399952.25183,23619780.78,1.4955121664955557,2.087836991657761e-15,6.187769749147348e-05,4.532460607472872e-11,29637226344.16111
1777,5,0.78401744,306223956607314.4,0.007810818464019716,6.1702631380889684e-09,3050773633802.819,1052103057.0,1.4955121664955557,2.5602746717997085e-15,0.00044392423129539717,3.6416902189032005e-10,173389299275.2012
1778,125975,9.989036,5062654605156731.0,0.015480472160199963,1.1678460048340743e-08,7845830535783.123,1751289677.38,1.4955121664955557,1.973082657036359e-15,0.0005609408153396185,4.214262830505061e-10,284296663061.3295
1779,212926,0.9872108,767250144454204.5,0.0029610216802532863,2.1109926028287492e-09,2301275788217.0303,222378937.92,1.4955121664955557,1.2866870174423597e-15,0.00026101831253104376,1.9914372598268842e-10,202860764888.95383
1780,198314,13.083439,1.6469074940082084e+16,0.015760608809837547,1.2116505673281591e-08,19839023026784.66,2131289198.44,1.4955121664955557,7.944246442256332e-16,0.0005002646818933861,3.788564534925025e-10,629719490111.0098
1781,92501,0.26782376,520353530799186.3,0.00033938282187730905,2.2319436479783736e-10,659385297467.4431,1587112298.99,1.4955121664955557,5.14695767680604e-16,9.388143122119058e-05,5.881055748812765e-11,182401793673.6736
1782,91693,9.887713,3408176041400270.0,0.006463505221262577,4.914278632433231e-09,2227892702647.485,956609107.32,1.4955121664955557,2.9011743759390937e-15,0.000526029952149586,3.909437667459873e-10,181316213362.49844
1783,143149,4.9788575,2347513744078844.0,0.012117176161214788,9.07791805330415e-09,5713205806327.303,1363894328.94,1.4955121664955557,2.120906645406537e-15,0.0006234167688492295,4.870377561825112e-10,293938806877.4392
1784,104513,5.0637302,2968699922481874.0,0.004226165331289122,2.998067724303303e-09,2477662947246.5967,334887777.05,1.4955121664955557,1.7057063132762345e-15,0.00031188828243547254,2.2013550907143016e-10,182849931437.73578
1785,176608,2.0774374,4319904209408504.0,0.00023859049699911225,1.3704117681106802e-10,496134368386.42267,77866219.74,1.4955121664955557,4.808989503691911e-16,0.00010964662127724619,9.719499304789561e-11,228003453101.88208
1786,71188,1.9526635,760569921780824.6,0.0012635067465478168,1.0930904914486525e-09,492140723371.6496,78474871.89,1.4955121664955557,2.5673688165684578e-15,0.00017564789233500216,1.4926949350463203e-10,68415527680.11451
1787,168383,14.39432,4.431780403043379e+16,0.032806499154932445,2.3315643997360276e-08,101005952380722.94,3167969375.08,1.4955121664955557,3.247976815393465e-16,0.0005983527951355113,4.2026666910604243e-10,1842232346917.2483
1788,140371,16.799522,2.529922674167546e+16,0.05739580691753656,4.59759040662665e-08,86435169597574.4,5136388657.66,1.4955121664955557,6.640330224925854e-16,0.000700402807014498,5.256566613295406e-10,1054771047959.9209
1789,126582,22.320015,4.213374575687373e+16,0.05252856800671594,4.166697174952243e-08,99158774282527.17,3935029262.78,1.4955121664955557,5.297420060583789e-16,0.0007378544364092126,5.809507368543374e-10,1392856197867.5696
1790,235265,6.3039694,7113745736356316.0,0.05254717024738157,3.811734349372952e-08,59297116560384.97,512996167.44,1.4955121664955557,8.861673770236429e-16,0.00030625318404181514,2.483347790049892e-10,345592934226.9664
1791,188161,8.387744,4329389688549250.5,0.13877035276578434,1.0916142260090204e-07,71627237829448.38,809378775.56,1.4955121664955557,1.9373964007408806e-15,0.000390963849463149,3.3377189693120156e-10,201798583559.68884
1792,195935,9.156038,9160768375222036.0,0.0076668718329344215,5.996190536605693e-09,7670832845388.61,501139088.28,1.4955121664955557,9.994836268063682e-16,0.0004317839713597428,3.4772959588498844e-10,432007048218.903
1793,218142,8.935161,6751235783281372.0,0.016858650466740153,1.2838838945655264e-08,12738072015589.793,805701426.26,1.4955121664955557,1.3234852531927352e-15,0.00040268744700664675,3.0850065589936876e-10,304262889242.78973
1794,212826,21.874584,3.237369083157208e+16,0.04749689429563047,3.678414086558426e-08,70293897766768.98,4498898179.03,1.4955121664955557,6.756901495663588e-16,0.0006746095287597557,5.363131576064626e-10,998400715465.0742
1795,99385,1.0268202,7703477605851759.0,0.0008986373145680106,6.518082581781892e-10,6741815586173.151,37868296.15,1.4955121664955557,1.3329307262735482e-16,6.631535424496064e-05,5.2549540373812355e-11,497515384241.74036
1796,170105,8.208291,5611067925050416.0,0.010085559424312579,7.4464607849506645e-09,6894341220596.377,788490496.32,1.4955121664955557,1.462875001629257e-15,0.0004376164649197722,3.4598316409970723e-10,299148228271.30334
1797,282461,3.6063473,4373343106226464.5,0.002181333866769114,1.7290075810602609e-09,2645258660643.4224,159676994.26,1.4955121664955557,8.246202532944491e-16,0.00015635914131028784,1.1645460168763967e-10,189613510807.6909
1798,166237,6.870701,5636720430850034.0,0.005364202538460695,3.871229194259984e-09,4400789678339.81,215454065.4,1.4955121664955557,1.2189181784493574e-15,0.0002579032741293573,1.8611104893539417e-10,211583745889.69382
1799,245391,13.74208,9575005217204738.0,0.0805144127055695,6.29909071412727e-08,56099653161384.84,1267169670.14,1.4955121664955557,1.4352033955352527e-15,0.0004638757194185684,3.5254562594061524e-10,323212529221.7331
1800,31177,12.275057,1.399413879574584e+16,0.02489639907847223,1.7812988787580973e-08,28383058768559.625,1530944337.2,1.4955121664955557,8.771570140301571e-16,0.0006429275618349465,4.782889384082826e-10,732967475094.3076
1801,58380,1.4812148,1284344513957174.0,0.00992238409712887,6.778200955410229e-09,8603586448449.861,717043459.24,1.4955121664955557,1.15328463967682e-15,0.0004068307564208847,2.9470679938297095e-10,352758323855.66943
1802,61567,23.715271,2.497241316354603e+16,0.11781533764941636,8.737748141713879e-08,124060707077051.98,3867694536.5,1.4955121664955557,9.496587632395427e-16,0.0006079949326818073,4.547916463655077e-10,640224632485.6438
1803,45060,28.81415,1.5064701388571944e+16,0.03695076879060795,3.017133228531741e-08,19318713129093.6,2594215161.19,1.4955121664955557,1.9126930734822507e-15,0.0007956499576440213,6.297442482323861e-10,415984126609.2214
1804,39407,7.820547,8484490766405375.0,0.0049602717138588345,3.545575846245418e-09,5381385669710.449,849893143.01,1.4955121664955557,9.217461855183717e-16,0.00035074348975476765,2.514395012384062e-10,380520684832.03595
1805,171957,27.97717,2.075667238250098e+17,0.04564899344531483,3.48981459436431e-08,338676571481438.1,2299045098.37,1.4955121664955557,1.3478639294604032e-16,0.0008685003391494475,6.711640283146436e-10,6443531280617.758
1806,181838,11.011015,6259652932896659.0,0.05917826877042425,4.2984035417801116e-08,33642259471314.22,1452954462.44,1.4955121664955557,1.7590456081252167e-15,0.0005735666031915014,3.937447500600722e-10,326066931148.4233
1807,212316,12.361196,3.742244521629997e+16,0.027880805181321647,2.1727814075087216e-08,84406711493316.8,1854798947.48,1.4955121664955557,3.3031502694580403e-16,0.0005931676826019274,4.6354091023425843e-10,1795763541509.2712
1808,180843,29.563255,1.2999119071859336e+16,0.09663543587671933,7.224446812712487e-08,42491110587196.914,3850014532.58,1.4955121664955557,2.274250650107431e-15,0.0009375055159791368,7.21059424810603e-10,412226117615.8621
1809,105294,6.5152392,2697911082844786.0,0.00785920499329058,6.107655075466846e-09,3254437113183.4634,715411481.39,1.4955121664955557,2.414919913939517e-15,0.00037982670026562803,3.055128400177755e-10,157283352575.45148
1810,174937,22.566786,4.644528170266123e+16,0.04036229787968415,2.9748852466189464e-08,83070681628684.58,5517152773.48,1.4955121664955557,4.858789778576575e-16,0.0007587908307709996,5.756854227686615e-10,1561686891901.9048
1811,46812,0.49804515,293283397400544.2,0.0007220142266482804,5.726164203356551e-10,425171865167.1123,83291599.75,1.4955121664955557,1.6981702831265546e-15,0.0001529650013510933,1.342828357162226e-10,90076362112.20505
1812,126264,4.040038,4874377397733740.0,0.006616688349713958,5.325666329403396e-09,7983151678200.521,325277461.17,1.4955121664955557,8.288315963959516e-16,0.0004393132530896438,3.584330282038733e-10,530039220270.9583
1813,134254,1.5045266,1145012567846284.5,0.016532772761568455,1.1895235717218493e-08,12582185381994.979,201144778.33,1.4955121664955557,1.3139826079201424e-15,0.00018822025506468098,1.4186038422076856e-10,143244099221.83698
1814,101108,3.3209183,1618139138810027.0,0.010371831048963366,7.642311814633283e-09,5053742442701.068,1299069769.15,1.4955121664955557,2.052307011399644e-15,0.0005551443943438421,4.2018965832234605e-10,270497733165.78085
1815,186398,0.16090779,75825167119043.62,0.0029393851540748185,2.2487671316408105e-09,1385137230055.5425,499739532.34,1.4955121664955557,2.1220894870878263e-15,0.00032425968991277527,2.3988283094557554e-10,152802081102.50876
1816,159815,14.676385,1.2637016582206582e+16,0.04332028423532427,3.246202314142898e-08,37300680666778.31,2278669024.31,1.4955121664955557,1.161380528744809e-15,0.0005757510932170762,4.3938279724815063e-10,495747155188.9488
1817,226384,15.032843,9295195973651846.0,0.009799711095381114,7.641024027652593e-09,6059415049883.635,1236157930.24,1.4955121664955557,1.6172701514429693e-15,0.0004926309215520137,3.781872625540011e-10,304606451255.2068
1818,192688,20.731113,1.413266244599564e+16,0.05286973583809287,4.313350587813556e-08,36041968909663.695,2100447274.23,1.4955121664955557,1.4668936641781868e-15,0.0006702873457364446,5.255766388050511e-10,456943377768.2629
1819,154187,7.039873,2394533197326201.0,0.03203390083992936,2.565732437172032e-08,10895969146185.809,1899165777.35,1.4955121664955557,2.939977198002896e-15,0.0005334619056474352,4.101573845323737e-10,181451035065.78616
1820,3,0.2919307,109854553220213.17,0.0029572320090693444,2.136499550899561e-09,1112816847028.5112,422988298.95,1.4955121664955557,2.65742922293625e-15,0.0003229551025611155,2.385838346491754e-10,121529145451.43579
1821,167099,30.98503,7.833848752463669e+16,0.04863883921760619,3.7985682119420526e-08,122972064227830.44,3974070052.43,1.4955121664955557,3.9552754947248e-16,0.0007419032632604466,5.755539806231443e-10,1875730942762.2224
1822,144723,44.52269,2.3939215714015696e+16,0.045505286615623274,3.4315871754746176e-08,24467543906702.78,4685436978.29,1.4955121664955557,1.8598224157332477e-15,0.0009453662727184128,7.286519708703904e-10,508309968049.1246
1823,148298,37.784588,2.756956037621816e+16,0.4218693436960554,3.1892055894562124e-07,307817365691639.4,4514924077.46,1.4955121664955557,1.3705183355986136e-15,0.0009414475853485476,7.262739445387121e-10,686928121204.1158
1824,101343,5.197081,2176612195488726.2,0.011132474547877774,8.030875835729484e-09,4662440294249.523,1271023510.61,1.4955121664955557,2.387692677074738e-15,0.000526098261872739,3.933220990659013e-10,220337511156.28665
1825,196840,19.916603,1.4291407777898144e+16,0.0220009214455758,1.6280268986140146e-08,15787036567843.828,1840875007.14,1.4955121664955557,1.393606795742075e-15,0.0005951120768698105,4.5766446102685303e-10,427030119749.75494
1826,67169,1.1204196,355671942801457.0,0.005335034279443862,4.167963078673712e-09,1693581589506.44,625856576.49,1.4955121664955557,3.1501489579835653e-15,0.00040394881966998716,3.2542384042046526e-10,128231656679.67584
1827,43974,24.471062,5160592150176989.0,0.007714814387841325,5.745367432106419e-09,1626942491092.8035,757037494.59,1.4955121664955557,4.741909704908715e-15,0.00046225685511213293,3.557352758709568e-10,97483268108.96785
1828,171557,12.6813135,5937477149456157.0,0.025651169786952175,1.971154840555735e-08,12010051992394.06,1487857567.44,1.4955121664955557,2.1358083881066464e-15,0.00046761837196998747,3.405638066888911e-10,218942099194.8263
1829,176327,16.508966,9088062766246752.0,0.01946801387526459,1.4796701937054232e-08,10716996572200.053,2375890157.86,1.4955121664955557,1.81655501558755e-15,0.0006095565227836374,4.710962743459959e-10,335556323674.83307
1830,95243,10.549796,3574532400855490.0,0.005860452357236841,4.514486176392049e-09,1985666531809.053,640081560.75,1.4955121664955557,2.9513779193818823e-15,0.0003491903493352261,2.7220348241638295e-10,118314346340.42336
1831,118140,0.13929865,683537007137446.6,0.0004161593156557896,2.5181038031498414e-10,2042089374991.9785,30252045.2,1.4955121664955557,2.0379094115673772e-16,6.035052006188538e-05,3.645604131025446e-11,296139365760.46906
1832,210687,17.007215,1.0988843069204402e+16,0.041098202837534285,3.129466652794322e-08,26554712303454.465,3108182282.14,1.4955121664955557,1.5476802146407694e-15,0.00072435107079123,5.522995963940006e-10,468023732512.05414
1833,236147,15.573009,9805678342697110.0,0.025395083569323983,1.894869907480254e-08,15990231622334.73,1239483565.68,1.4955121664955557,1.5881623336745669e-15,0.00042314939153558157,3.2631720592708384e-10,266439634389.5975
1834,25780,6.597872,2010756833022902.5,0.006438452794798536,4.504229815138387e-09,1962172493076.0342,550860357.45,1.4955121664955557,3.281287867156461e-15,0.000378750200821996,2.884676355144925e-10,115427300546.54364
1835,197658,9.724184,7160991586944927.0,0.011733072652841467,8.195408328034985e-09,8640358363849.486,834139455.59,1.4955121664955557,1.3579381963983844e-15,0.00037559392035404403,2.737261529850843e-10,276591321571.3496
1836,218559,15.7538185,8251474778434784.0,0.03536988037971956,2.7845583392586572e-08,18525900617016.203,1142646785.28,1.4955121664955557,1.909212464803574e-15,0.00044708630849991157,3.3279279342472927e-10,234173156074.54367
1837,17051,43.91999,5792873116368357.0,0.023905680889635836,1.751375956714416e-08,3153064837994.094,2025065540.63,1.4955121664955557,7.581728292287218e-15,0.0007923974054798116,5.831090001769922e-10,104514086357.57971
1838,161575,19.271324,3.5389035053496464e+16,0.03011243906477797,2.2432004489596128e-08,55297195024571.42,2795631802.16,1.4955121664955557,5.445563568169677e-16,0.000700547557378268,5.442514614449987e-10,1286455568112.5415
1839,153627,0.20935817,368750121929881.56,0.00015072964119431452,1.0281041066200092e-10,265485572255.67447,14920037.36,1.4955121664955557,5.677507817605815e-16,9.123615420455192e-05,5.806788686458794e-11,160697540427.2114
1840,178339,12.550981,7520552739209671.0,0.007995437013426804,6.010994324862491e-09,4790868995220.799,912244059.04,1.4955121664955557,1.6688907631168309e-15,0.0004703183657889581,3.746919702993478e-10,281814949296.3749
1841,102466,3.2173448,1997132393583631.5,0.00714683740706135,5.332244576877568e-09,4436322926071.67,759658318.59,1.4955121664955557,1.6109822314918407e-15,0.0004294112915521009,3.4695017282344336e-10,266552469144.5213
1842,62344,49.960686,5.098615266917752e+16,0.06310423538156558,4.733803074338179e-08,64399479607550.15,4553455911.83,1.4955121664955557,9.798873494960243e-16,0.0010323204778864316,7.841111200592031e-10,1053509343107.016
1843,160693,7.5381446,5053879172245858.0,0.039854369328039076,4.044909590257754e-08,26719992485945.523,498639080.49,1.4955121664955557,1.4915561577722044e-15,0.0002085279226112572,1.6399158601432536e-10,139805612765.33868
1844,104913,13.207377,4384299891008930.0,0.014371592341332718,1.1434497996733419e-08,4770770966538.61,1252967441.56,1.4955121664955557,3.0124255475965336e-15,0.0005544123179312033,4.4495922358096617e-10,184041832460.7364
1845,11144,19.928051,1.0683860407574274e+16,0.02204441695354753,1.6688652268467565e-08,11818490102121.152,1477475634.72,1.4955121664955557,1.8652481630958133e-15,0.0006090164285806073,4.864317998031333e-10,326506917755.0095
1846,98461,10.446863,6606440039155322.0,0.007914571537357137,5.985777065178467e-09,5005056761743.24,424993503.82,1.4955121664955557,1.5813150407909708e-15,0.0004405618807366371,3.382466541816621e-10,278604749447.18726
1847,61862,23.905779,2.6187927647413332e+16,0.03852420534240163,2.9492801654985453e-08,42201891943404.48,4123423437.6,1.4955121664955557,9.128549353679481e-16,0.0007569172253706147,5.622711813334785e-10,829175804439.8599
1848,162660,15.338687,8975041658328975.0,0.055889464633167026,4.2654804574889504e-08,32702295401449.81,1835436088.44,1.4955121664955557,1.7090379726277332e-15,0.0005396283308425816,3.9846382037718463e-10,315749760675.5194
1849,130657,1.5263958,590998261985227.2,0.015353298311848451,1.145504634716428e-08,5944573889710.099,2028842926.23,1.4955121664955557,2.582741605487419e-15,0.0005699022239777518,4.5317016833270206e-10,220657855500.1049
1850,10,16.094553,7125735255629005.0,0.020689286011866665,1.651266971789212e-08,9160016730414.96,1412243594.0,1.4955121664955557,2.258651552804469e-15,0.0005537041925299712,4.3495059519557625e-10,245148124704.0788
1851,260008,8.512157,9610638146751084.0,0.07150677983114317,5.3234221537299455e-08,80734622962959.39,457882333.08,1.4955121664955557,8.857015392757838e-16,0.0003507601406217106,2.642371794514527e-10,396025212859.5356
1852,172277,0.5738604,362429613828972.56,0.0011646247164351338,7.846182630560463e-10,735535134038.2821,249548507.73,1.4955121664955557,1.5833706135029018e-15,0.000177103864311443,1.1182546463157477e-10,111852438589.62045
1853,57452,17.044878,2.180776989233693e+16,0.030580694317017276,2.347950001872615e-08,39125932424591.62,2006962035.25,1.4955121664955557,7.815965632501208e-16,0.0005285192743773223,4.1040508508183423e-10,676204706146.0651
1854,330986,1.9713509,5301270499236949.0,0.0001030638139984637,7.335825496767677e-11,277154694625.34534,10887889.1,1.4955121664955557,3.7186385797211273e-16,3.4781350304243205e-05,2.2377995709486674e-11,93532483887.83072
1855,141559,0.21584532,209893341692047.34,0.0014178717379894122,9.922744792562927e-10,1378773638350.411,156912422.24,1.4955121664955557,1.0283571563536557e-15,0.00021322400950033778,1.483851933471274e-10,207344314359.01758
1856,170680,33.112476,2.848919077636458e+16,0.06339629758848044,5.0038618878846154e-08,54544674234370.17,5287167246.55,1.4955121664955557,1.1622820830513385e-15,0.0010658828636929242,9.127735637288772e-10,917060392856.3215
1857,160477,2.1331918,2251942874757020.0,0.005410930327171478,3.950219311522136e-09,5712147400941.856,816633914.32,1.4955121664955557,9.472672792511075e-16,0.0004100541984778966,2.8654549365465567e-10,432881202021.5435
1858,217275,8.005976,8037003009705385.0,0.016043080493485157,1.6747809466844466e-08,16105255150788.105,530674781.66,1.4955121664955557,9.961394801435415e-16,0.0003422005009290069,2.83108966437371e-10,343526692546.8074
1859,96728,3.9041235,3237777807009652.5,0.00868594297855732,6.234665921176662e-09,7203448714909.815,1017101010.92,1.4955121664955557,1.2058034036639997e-15,0.000488884232417037,3.6501835275199364e-10,405442737125.71625
1860,238694,12.741783,9959276216643426.0,0.024650008932977047,1.9097389698278888e-08,19267024693973.07,1990797867.86,1.4955121664955557,1.279388453822236e-15,0.0006797214323149796,5.222346150544794e-10,531286201844.54407
1861,100213,0.852853,1723230311348810.5,0.0011099145494048006,9.182041643156273e-10,2242635477088.5596,94657558.07,1.4955121664955557,4.949152730098237e-16,0.0001786430633654503,1.3729249891725087e-10,360956860916.8874
1862,166729,14.50258,9060549283876654.0,0.045631470988877945,3.451031818888144e-08,28508457928900.68,1723534352.53,1.4955121664955557,1.6006292273921514e-15,0.000551920702453987,4.106554160870995e-10,344814834696.7348
1863,55759,34.021282,1.0234699932053398e+16,0.045917566104730266,3.640679082408976e-08,13813486237589.172,3743847992.35,1.4955121664955557,3.3241113296786493e-15,0.0010033232234891412,8.00185473447697e-10,301832015832.67523
1864,150603,32.496147,3.564761949734428e+16,0.04143069468512399,3.155880969390845e-08,45448638561548.36,7276712966.29,1.4955121664955557,9.11593746180469e-16,0.0008174369705148547,6.370112626434587e-10,896711911352.9175
1865,106578,6.9314203,1616163129356164.2,0.0035402957684370884,2.4136816033659216e-09,825472304422.7561,585161525.2,1.4955121664955557,4.288812295056682e-15,0.00034198920212925274,2.3655289517620756e-10,79739839051.34578
1866,125976,7.3920474,4060098568200755.5,0.014916711366429754,1.1340066976477347e-08,8193037082135.78,380179172.9,1.4955121664955557,1.8206571283504102e-15,0.0003161156184097588,2.4551205117711606e-10,173627210465.582
1867,45629,11.547621,3981135695183341.0,0.004007270198010701,2.853784048591624e-09,1381538797085.9812,281998634.52,1.4955121664955557,2.900584628142951e-15,0.0003610902263863748,2.6932950475336965e-10,124488774739.7174
1868,107979,0.15099458,211123519100640.0,0.00013895090270859395,1.008635947808952e-10,194283818412.87952,23009812.7,1.4955121664955557,7.151954488217048e-16,8.742894140840866e-05,7.108752055370281e-11,122244823498.87593
1869,46221,12.097906,6215453913595756.0,0.010698511478346861,8.15850597197191e-09,5496497082862.118,836059836.02,1.4955121664955557,1.9464235706964056e-15,0.00044272256616098186,3.4434406527950643e-10,227454379830.8923
1870,244174,5.5639486,4336278632252008.5,0.006110908525059238,4.972355283982749e-09,4762553353002.041,304666985.61,1.4955121664955557,1.2831160245600757e-15,0.0002135552879109532,1.7983300427024028e-10,166434900525.98474
1871,183829,9.6504965,6075774812854557.0,0.028458143291777985,2.296832889316489e-08,17916722754398.242,1275836350.01,1.4955121664955557,1.5883565137375367e-15,0.0005113369381461283,3.7004254779451137e-10,321928316296.51544
1872,217523,13.790088,1.2879264803060154e+16,0.024353557622114604,1.8904316290895354e-08,22745026537306.938,2602522545.56,1.4955121664955557,1.0707201234594875e-15,0.0004919032392307086,3.8630193250403744e-10,459413462447.4727
1873,162819,1.1077545,824978270306892.4,0.0014604450987343014,1.1752795572079385e-09,1087637623166.5073,95436794.15,1.4955121664955557,1.3427680944710395e-15,0.00017658638556177446,1.1973162338942146e-10,131509220608.4459
1874,61065,0.34425443,270211620891301.2,0.0005695987355888667,4.3567871059587417e-10,447088502538.9603,44255779.61,1.4955121664955557,1.2740178563174537e-15,0.00012846038717894036,9.627063417544533e-11,100830915785.00703
1875,170983,11.462493,5249756227304325.0,0.024753123110777,2.0913871061412572e-08,11336788794203.158,927784500.64,1.4955121664955557,2.1834333831317398e-15,0.0004273469075755907,3.317773286720151e-10,195722439199.239
1876,106260,0.3004838,135010179274183.8,0.0011581060550661575,8.403343182348183e-10,520347872707.27966,128078024.71,1.4955121664955557,2.2256381082923098e-15,0.00023959230036412401,1.7958031421207854e-10,107651059474.33595
1877,156223,49.748848,3.4485024045260588e+16,0.0846373643903702,6.439782510484061e-08,58669128300808.06,4419951806.44,1.4955121664955557,1.4426218156236774e-15,0.0010934077901550135,8.665538296787683e-10,757930996407.6129
1878,139111,1.5562819,775442187878572.9,0.002881601036049834,2.068346184138473e-09,1435803508341.0308,1100130610.13,1.4955121664955557,2.006960575949086e-15,0.000323133500061462,2.3233743061453008e-10,161006401388.15533
1879,278968,7.8210635,5411965156488990.0,0.004855533545528073,3.803142492358979e-09,3359898352003.072,275550875.07,1.4955121664955557,1.4451429885173007e-15,0.00016971423948981566,1.1733441476557073e-10,117437679757.86287
1880,122767,8.977387,7524734647384849.0,0.017802836776145678,1.3403023753472181e-08,14922117394649.531,762624228.98,1.4955121664955557,1.1930503095042702e-15,0.0003394676637410555,2.506811906524148e-10,284537593290.688
1881,24782,2.9751916,317374131905734.6,0.005083763264380755,3.7719702234024485e-09,542302873148.44055,473383839.7,1.4955121664955557,9.37439854387276e-15,0.00041759377861753184,3.1430073791850585e-10,44546194261.22832
1882,164268,7.7244415,2647205731199875.5,0.0056364683091922685,4.32052171272477e-09,1931646606660.2026,586564807.63,1.4955121664955557,2.917960402155374e-15,0.0003765819477732551,2.925092154576118e-10,129056565502.08492
1883,99153,15.430475,1.1868942463453286e+16,0.06908369793260433,4.7134269464857955e-08,53138379468206.09,1907420033.31,1.4955121664955557,1.3000715984185908e-15,0.0006366712665373102,4.6440264121704437e-10,489720156421.96796
1884,105843,27.360075,2.189093393816152e+16,0.061016166707248375,4.819483142221647e-08,48819342583974.08,3929760830.4,1.4955121664955557,1.249835894498058e-15,0.000833725812997628,6.487730759275466e-10,667068226050.955
1885,31174,80.80876,4.084257191769639e+16,0.11808814605393018,8.95542746078175e-08,59684415375697.87,5808177507.28,1.4955121664955557,1.978542393530975e-15,0.0013773915674999927,1.0596721871992892e-09,696164798896.1471
1886,70371,14.175382,2653332138875619.0,0.008782697206901129,6.551405319308358e-09,1643935434338.4817,679358859.71,1.4955121664955557,5.3424830583053156e-15,0.0005512802591862891,3.899487341371427e-10,103188021968.41411
1887,110453,45.299767,1.3800991795965702e+16,0.08049267239619608,6.211244100921112e-08,24522834993284.996,5710296731.66,1.4955121664955557,3.282355911061552e-15,0.001188574851552408,9.417409921492303e-10,362110290217.73846
1888,181415,22.526457,2.146660283035681e+16,0.036043595337964945,2.8676367950261232e-08,34347769189721.832,2008179985.92,1.4955121664955557,1.0493722354682228e-15,0.0006616544444890736,4.961061271839334e-10,630524062030.1411
1889,109461,0.10789878,204864182771056.75,0.00038935684074550126,2.44055518973736e-10,739260175005.2003,24253803.59,1.4955121664955557,5.266844527946637e-16,0.00014332961752421884,9.030586025685277e-11,272135653072.14062
1890,148499,8.447366,3296355585163826.0,0.009806058076777424,7.293981158366342e-09,3826548335874.8877,1561415428.91,1.4955121664955557,2.5626379745012168e-15,0.0005208460808171807,3.966571937050272e-10,203246063626.5083
1891,197613,20.008446,3.0459202069717676e+16,0.029075222554983862,2.048145961603178e-08,44261712230138.54,3724515039.46,1.4955121664955557,6.568933077827491e-16,0.0007386935510923726,5.335119086226194e-10,1124525919720.097
1892,133724,57.664993,1.5831610441301446e+16,0.07097898372007108,5.333275973908857e-08,19486894237126.547,7472923013.18,1.4955121664955557,3.6423959024133e-15,0.0011453452975725357,8.521852668245252e-10,314448326941.52704
1893,213077,11.47231,5144050028389506.0,0.02189585014316665,1.6182003240946188e-08,9817843882406.312,844410755.62,1.4955121664955557,2.2302096473956223e-15,0.00043096116749694686,3.2752886023335095e-10,193237962180.01813
1894,234983,9.437241,6618357715358316.0,0.06921776174829451,6.17347796490724e-08,48542567420569.07,1697893405.55,1.4955121664955557,1.4259188466196513e-15,0.0004857715245026962,3.572384951463406e-10,340672630601.86664
1895,105068,1.9988823,1365103847154778.2,0.0015302837168386524,9.798137037956844e-10,1045082138700.5917,222573084.5,1.4955121664955557,1.4642712378008284e-15,0.00022205002631333373,1.3857018028140454e-10,151645419633.3379
1896,162750,14.028529,2.230924945750898e+16,0.02424595393404873,2.0654573282017828e-08,38557787110107.15,1670001287.24,1.4955121664955557,6.288211993289714e-16,0.0005315308488639235,4.1589883284401935e-10,845281376377.1506
1897,214506,5.735771,2653154815523706.0,0.007432780762086045,5.190097255397242e-09,3438128557025.8213,985965947.27,1.4955121664955557,2.161868190442485e-15,0.00040058293306874507,2.9545687726898425e-10,185294799581.07663
1898,176942,14.113564,7885160580056007.0,0.02032484515912123,1.5218710866145993e-08,11355364799737.678,1794037507.26,1.4955121664955557,1.7898892301188562e-15,0.000664895515697766,5.469830404084172e-10,371472996490.1874
1899,38764,32.6505,4.060395419276902e+16,0.09097944181828851,7.094887628710686e-08,113141455355154.8,3945863277.81,1.4955121664955557,8.041211908818127e-16,0.000872114534105518,6.688619414838602e-10,1084556089299.3538
1900,47908,0.7218605,1231218089071175.5,0.004359080991525115,3.1119077384883755e-09,7434925956596.928,389363243.89,1.4955121664955557,5.862978349713557e-16,0.00029468586271709285,2.2004103717292931e-10,502621441082.9098
1901,53957,5.8183594,2818153462174599.0,0.0040133389404704775,2.7730504605691268e-09,1943882158597.3208,590308646.95,1.4955121664955557,2.064599915545523e-15,0.0003599469497865059,2.47164776617587e-10,174342228281.74347
1902,157346,0.33385023,194686340756981.06,0.009458114886858745,6.927783934175051e-09,5515544433747.003,1330140031.42,1.4955121664955557,1.7148107499577052e-15,0.000594446746608609,4.576064013732341e-10,346654432055.12366
1903,214378,10.06266,7536788532057082.0,0.005408356319447755,4.045326307689196e-09,4050781591119.276,638373611.27,1.4955121664955557,1.3351389596774993e-15,0.0003517649932024894,2.822568414837606e-10,263466952748.84174
1904,89169,6.936702,2008941361078107.8,0.022967094930720293,1.7603965163621972e-08,6651510609815.923,3485164557.22,1.4955121664955557,3.4529141240227074e-15,0.0008625959018592454,6.801484224746812e-10,249816783990.6501
1905,46813,0.51048124,211067672987769.4,0.005067053599859783,3.699561880438316e-09,2095064673143.9229,785921638.87,1.4955121664955557,2.418566674725127e-15,0.00034569662648774275,2.422049763008917e-10,142934503357.04788
1906,154903,18.613295,9593067067454572.0,0.019946571541842303,1.4679162256644077e-08,10280221667720.518,3056089533.8,1.4955121664955557,1.9402861325912587e-15,0.0007148358556648603,5.378914959335649e-10,368417752236.4676
1907,91040,5.2723765,1603159141132437.8,0.01946015030873814,1.5035859043796028e-08,5917202205734.887,1659423219.81,1.4955121664955557,3.288741812790778e-15,0.0007450618563515741,5.907270892064628e-10,226549209017.8175
1908,97185,0.43034533,333802627019710.4,0.0003007388553966819,2.2535405577658003e-10,233271777291.7699,28540837.35,1.4955121664955557,1.2892209202852948e-15,0.00010934075523313949,7.998559004151324e-11,84811496239.87114
1909,83423,2.2370622,1518097718223802.5,0.0019046652393716749,1.4057750107821553e-09,1292529082950.9937,179867177.83,1.4955121664955557,1.473595654051438e-15,0.0002375251825345912,1.5331588567909315e-10,161187488495.60602
1910,213376,16.831213,2.8356503410223372e+16,0.07815390131094711,6.732478227121149e-08,131670329942716.11,2949065432.63,1.4955121664955557,5.93557419845066e-16,0.0007277971545096891,6.223025759148533e-10,1226161328586.6482
1911,127153,1.5669527,977603603197292.6,0.0010675114547988166,7.707678611746345e-10,666008006920.5068,119506329.28,1.4955121664955557,1.602850782132162e-15,0.00016130156181085243,1.2386319801031106e-10,100634172319.0752
1912,101109,43.53757,3.549980792557915e+16,0.1727152244861915,1.359814077391406e-07,140829111387775.72,5392419365.48,1.4955121664955557,1.226417058122427e-15,0.0009850959395882662,7.767296966160628e-10,803230787654.2345
1913,9194,43.59168,2.58350023913783e+16,0.16052459327164953,1.2454721431824396e-07,95136348290501.64,7317135729.28,1.4955121664955557,1.6873108560093452e-15,0.0010624733199330503,8.54277538140535e-10,629684397601.6982
1914,244925,9.896097,4551245806136795.0,0.004444185011669006,3.332885857771832e-09,2043894516803.3992,598282581.96,1.4955121664955557,2.174371023128729e-15,0.00035255951549025114,2.591653348366437e-10,162143218310.0697
1915,99802,4.3960304,2882790294863249.5,0.002806080518890361,2.2471608261106883e-09,1840146893993.7185,247297090.29,1.4955121664955557,1.5249220201112595e-15,0.00024411332057663188,1.910854348309955e-10,160082494289.6563
1916,169329,1.1155427,825953235821207.2,0.0012461330720019241,9.022837267208606e-10,922642981827.4197,115417508.2,1.4955121664955557,1.350612421647416e-15,0.0002196625680799017,1.849924381876545e-10,162639232809.637
1917,111956,27.114767,8319562062788599.0,0.01848045883811106,1.3765399533286728e-08,5670316999311.669,2455716648.17,1.4955121664955557,3.2591579695375834e-15,0.0006828772253745142,5.205536194299774e-10,209525660234.07645
1918,165891,0.2550074,99803415752576.86,0.0031994216034136385,2.4927008864444513e-09,1252172307365.4624,522128562.01,1.4955121664955557,2.5550969180472752e-15,0.00032471377834159465,2.5255594288120063e-10,127084720758.75546
1919,66420,48.85539,3.4870975394357864e+16,0.05666885648327934,4.4581689950572434e-08,40447907591257.195,7253577239.34,1.4955121664955557,1.4010330782976842e-15,0.0009892391455078244,7.793714549555488e-10,706078365194.484
1920,2,15.57916,5848865319735243.0,0.009378880471628272,6.524208559571862e-09,3521101826314.687,1026676881.66,1.4955121664955557,2.6636209159121503e-15,0.00044878924508003613,3.0061927143501614e-10,168488407039.83936
1921,213940,14.172581,6077151632487294.0,0.008536207972311608,6.126806355926696e-09,3660295200583.757,738479964.62,1.4955121664955557,2.332109161837609e-15,0.00043507489518903464,3.186492554541029e-10,186558546361.61755
1922,187753,1.5079668,613856960878296.4,0.006210730189343215,4.465623572704523e-09,2528238658082.733,731927037.54,1.4955121664955557,2.456544270252187e-15,0.0003937628883699695,3.0952337396178765e-10,160291387026.19275
1923,126764,8.212455,7221797181932884.0,0.03571230712155527,2.4826346505612215e-08,31404377732452.66,657373695.29,1.4955121664955557,1.1371760786283908e-15,0.00030936050424405954,2.348843487279865e-10,272042746992.3531
1924,67168,16.844904,4458076731917778.0,0.011276883361163746,8.245800110447677e-09,2984475976886.235,1688113766.84,1.4955121664955557,3.778513698384381e-15,0.00046845587653572356,3.546825382985015e-10,123978874745.38629
1925,131333,31.293066,1.9533121687543068e+16,0.1552519086758835,1.2632585427363803e-07,96908191239214.33,4020557726.49,1.4955121664955557,1.6020514539648133e-15,0.0008635198025188073,6.419967454914116e-10,539008781760.2475
1926,153545,0.23849072,204334559100215.1,0.0004269066131998984,3.403654370819165e-10,365765907307.28357,103161687.74,1.4955121664955557,1.1671580228532616e-15,0.00015011866782684618,1.0794653283064999e-10,128618974369.77951
1927,186285,2.4860427,1602680293716536.8,0.0025470995120749863,1.8219313003591467e-09,1642041866029.7295,334773298.08,1.4955121664955557,1.5511781792955033e-15,0.0002785312040159737,2.2768217039893759e-10,179561063798.92084
1928,174456,15.398782,1.5056611054608968e+16,0.09531606411349616,7.643861226999969e-08,93198079212569.11,3213058859.75,1.4955121664955557,1.0227256282406453e-15,0.0007088246483009837,5.553294692110483e-10,693074103873.1443
1929,181593,25.537903,2.5481724775155292e+16,0.036941670791324384,2.821671577627898e-08,36860406582283.64,3676638595.72,1.4955121664955557,1.0022046476578964e-15,0.0007247720635962898,5.661008103081776e-10,723177711548.2821
1930,150151,26.804377,1.5201809762047202e+16,0.04499619154326822,3.465468700304228e-08,25519098759780.934,2621195879.28,1.4955121664955557,1.763235918589097e-15,0.0008913891149699448,6.771989070450291e-10,505541604258.61505
1931,117188,21.805346,3.2596855296236956e+16,0.037050009964424806,2.7493161848820645e-08,55386133911128.62,5473809736.38,1.4955121664955557,6.689401723520628e-16,0.000729337961209031,5.341875777591281e-10,1090288775219.768
1932,28443,19.751942,6175733664561807.0,0.02179003432358359,1.5775821617526254e-08,6812973049643.04,2430048206.29,1.4955121664955557,3.198315062280374e-15,0.0007081377671753124,5.186787968251966e-10,221409633943.4476
1933,125474,13.999065,8464530312889922.0,0.015547200232445222,1.1724149202763947e-08,9400609801304.717,2375972597.84,1.4955121664955557,1.653850182175141e-15,0.0005417347360300096,4.1722236549927637e-10,327559740216.32416
1934,14924,0.22209941,57567547278409.47,0.0008716340193336563,7.234050858780143e-10,225925105417.70612,75176864.57,1.4955121664955557,3.858066228284451e-15,0.00019630399360353167,1.4719434790028099e-10,50881447333.47963
1935,40731,3.5244412,1342264133592695.2,0.010198539202242578,7.555797007769807e-09,3884057814954.9697,1350242786.43,1.4955121664955557,2.6257434075709854e-15,0.0005340670914487584,4.109223424648653e-10,203396527592.47012
1936,179068,13.475554,5435193626922958.0,0.036578980501661876,2.7400374102499802e-08,14753667396677.848,2101883137.61,1.4955121664955557,2.479314432010209e-15,0.0004994531397153095,3.804849849518621e-10,201448083093.82394
1937,167237,34.67276,1.4504099889581704e+16,0.03611810781784741,2.7175315104634074e-08,15108709073426.54,3563279908.39,1.4955121664955557,2.3905488974814247e-15,0.0008412284087978506,6.344870209032432e-10,351897595436.81836
1938,38032,12.981855,2.2165354078344376e+16,0.02281047498024766,1.6817582754290517e-08,38946841929169.97,1689572463.43,1.4955121664955557,5.856822748743416e-16,0.0005590515528382147,4.1848192691933843e-10,954530428564.1212
1939,78848,7.604128,7476881753689147.0,0.005910017068182235,4.240494667268962e-09,5811119799809.153,639933481.13,1.4955121664955557,1.0170186249432217e-15,0.0004310114625518402,3.134854393903898e-10,423798986548.4546
1940,27508,35.660053,2.1574029936204356e+16,0.11087899379238958,8.93154802400421e-08,67080851825240.695,6514471731.69,1.4955121664955557,1.6529157095567596e-15,0.00104468177413265,8.317143896345123e-10,632023622313.317
1941,164069,35.000294,2.279988192521986e+16,0.04210540136517924,3.100865928679682e-08,27428289017803.05,5960200407.7,1.4955121664955557,1.5351085639300952e-15,0.0009391687544345744,7.152401651726485e-10,611793052623.0466
1942,48839,12.412839,4029727105652408.0,0.015386750290730066,1.1100130638147425e-08,4995183190119.521,1409243043.48,1.4955121664955557,3.08031751891804e-15,0.00048570772631505903,3.530406158164801e-10,157681058310.399
1943,109732,0.35262865,384939803968841.25,0.00039416614644342514,4.0841058040134254e-10,430283356565.2866,38717188.41,1.4955121664955557,9.160618007394822e-16,7.200366847020082e-05,7.327284462485509e-11,78601321889.06528
1944,111181,28.080643,1.923706065556164e+16,0.08168762536301563,6.220753358372509e-08,55961318404180.67,4811176492.91,1.4955121664955557,1.4597158839794782e-15,0.0008357084735641228,6.364990462389092e-10,572514475409.9777
1945,180810,0.5040513,656141181973278.1,0.0015936903978389617,1.2063939403759033e-09,2074562452943.8176,127477406.02,1.4955121664955557,7.682055536951922e-16,0.0002944258212058294,2.2189795629367033e-10,383264374736.1548
1946,102467,13.321707,4054019695120531.5,0.017120034115684114,1.2058649560208177e-08,5209914576721.948,1542115424.0,1.4955121664955557,3.2860489099335586e-15,0.0004653590218367047,3.4507809610294506e-10,141616584108.02957
1947,165638,26.677675,2.236780417946944e+16,0.03619393939658318,2.7300733622161613e-08,30346683093873.69,4023256335.87,1.4955121664955557,1.1926818916130546e-15,0.0007709937451961458,6.001576210207884e-10,646437034567.0358
1948,63890,18.869938,4056262721567965.0,0.025661503807777833,1.9417342292927655e-08,5516170814915.429,2251846691.13,1.4955121664955557,4.652050248043536e-15,0.0007164634289078833,5.59873793290566e-10,154010251546.4442
1949,120141,10.715484,3169367492748385.0,0.02866599421577805,2.102830092905945e-08,8478671632079.352,2547265568.71,1.4955121664955557,3.380953462959841e-15,0.0005750756658081735,4.338610338987554e-10,170092748128.13486
1950,11145,7.9859858,1312963661302166.8,0.005005989420744646,3.597481147726448e-09,823027032968.2786,438754477.44,1.4955121664955557,6.082411901697024e-15,0.0003713873348878746,2.7363356686489024e-10,61059221389.50432
1951,130105,15.096677,1.6220259648951882e+16,0.019848186062716433,1.511503511736291e-08,21325403696321.28,1835667579.93,1.4955121664955557,9.307296755249855e-16,0.000565621377814969,4.3752574527497625e-10,607718215813.7654
1952,261976,6.264655,8131108834861928.0,0.004199993705255679,2.978338959298625e-09,5451314704986.776,400222574.49,1.4955121664955557,7.704551897203057e-16,0.00029786448744199384,2.2074395134945973e-10,386608450973.15265
1953,78466,13.827441,3944724511401634.5,0.02444972454352201,1.7919085076630598e-08,6975074252990.805,2920814392.27,1.4955121664955557,3.5052995361358836e-15,0.0006413455362022833,4.973523518292777e-10,182964545423.49313
1954,196521,0.16101234,472152901629006.6,5.449684380630383e-06,3.1295596985999945e-12,15980665166.886656,6779315.6,1.4955121664955557,3.410173684085822e-16,2.2484892966420072e-06,1.3508775590134725e-12,6593474423.707449
1955,158747,11.500453,1.8217261846029096e+16,0.22930229865214122,1.7442405526451488e-07,363225693495936.25,2195605796.43,1.4955121664955557,6.312942689851499e-16,0.00045770473576608805,3.4981748105004285e-10,725025963726.6796
1956,155967,6.688101,2539565913115975.5,0.006313177476182638,4.3199195172784e-09,2397202183693.843,840830079.53,1.4955121664955557,2.6335607063625644e-15,0.0004023660894454543,2.7730009362892443e-10,152784057141.10022
1957,163463,13.996028,1.3003231354374332e+16,0.01346183140830568,1.0134057478493711e-08,12506927555145.043,1103335413.71,1.4955121664955557,1.0763499947489352e-15,0.00047521768947821855,3.63560022754895e-10,441508516557.44727
1958,100017,0.10098995,672509700661978.9,1.3620565100632563e-05,9.393440794812678e-12,90701719910.48022,46213354.25,1.4955121664955557,1.5016876321723158e-16,5.837991059803794e-05,3.83999224464241e-11,388762012467.17706
1959,61863,0.18946582,135053753625170.89,0.002978711053023974,2.0805114226206993e-09,2123264811962.7756,523645723.8,1.4955121664955557,1.4028919220256901e-15,0.0002713626520130416,2.0320048141851567e-10,193430903516.22418
1960,105470,31.717207,2.280645985751697e+16,0.12302350869780652,9.936521193694973e-08,88460838075919.3,7596407972.38,1.4955121664955557,1.3907115439289042e-15,0.001022821066811193,8.087365808554083e-10,735466007509.8086
1961,9191,127.81243,1.6738359430851302e+16,0.1659451342606203,1.2268534460160255e-07,21732231388254.953,16974653492.79,1.4955121664955557,7.635899475573608e-15,0.0018139770672376653,1.381219886885447e-09,237559055490.49933
1962,113676,0.56258726,577507676610934.9,0.0008344523186019123,6.381107125149121e-10,856582887707.7627,87830007.5,1.4955121664955557,9.741641241922631e-16,0.00020434706183423667,1.6369852671564317e-10,209766564749.7262
1963,171483,31.568562,3.2108522028711068e+16,0.06093502278439132,4.933988253143509e-08,61977277311289.62,4356599468.77,1.4955121664955557,9.831832798710498e-16,0.0008993375056724716,7.35661397286245e-10,914720097549.2839
1964,219508,16.697573,1.758573061368403e+16,0.08396030564721073,7.212225838562259e-08,88426223221447.92,2580681181.36,1.4955121664955557,9.49495552206803e-16,0.0005946204879352713,4.689787200330583e-10,626248839768.9315
1965,219546,9.365667,5737498650425778.0,0.010331276586792013,7.679214770549661e-09,6329040470251.036,370359451.91,1.4955121664955557,1.6323606454016292e-15,0.00031570613808589213,2.350872815650607e-10,193404649257.6493
1966,207757,19.302801,2.117211504971276e+16,0.0682986548665035,5.652946265442464e-08,74912805585792.25,2624592675.65,1.4955121664955557,9.117086769402322e-16,0.0007485408190061012,5.600588735093034e-10,821030706341.7062
1967,84719,27.035387,9233278075085262.0,0.04438811833105829,3.2734387044842984e-08,15159680894542.057,5439994844.23,1.4955121664955557,2.928037775982432e-15,0.0008022243008711397,6.010299219272804e-10,273980174522.15854
1968,121025,9.214104,5165963706993780.0,0.02983722343611052,2.1577329711029172e-08,16728486393078.61,1421405575.0,1.4955121664955557,1.783617640891625e-15,0.0005468033820134033,4.0025238841175546e-10,306569844050.2405
1969,151129,13.919531,1.2100874609172468e+16,0.026159551148847986,1.990033607948056e-08,22741674865657.69,2258653818.5,1.4955121664955557,1.150291317740702e-15,0.0005563867947969798,4.2262962298931873e-10,483692075403.80676
1970,93163,3.8011441,1939773124084660.2,0.0015285111028273516,1.1012428763203206e-09,780019036144.802,154762126.24,1.4955121664955557,1.9595817948007107e-15,0.0002573347044736266,1.948028969417081e-10,131321236580.37837
1971,7,1.11574,1196502023410034.2,0.003215386891849862,2.5023284114788274e-09,3448130319020.9736,590742635.63,1.4955121664955557,9.325015571809379e-16,0.00026321533720064405,2.130771413619814e-10,282267986764.9498
1972,212769,20.047281,3.084934238250595e+16,0.03327347077783953,2.5481173620095603e-08,51202190076543.45,2958793144.86,1.4955121664955557,6.498446790674026e-16,0.0007306596622231911,5.715686883278594e-10,1124360459905.2297
1973,204172,7.5448437,5791310296169047.0,0.05385145488431565,4.384134194313817e-08,41335579308981.59,1069717678.13,1.4955121664955557,1.3027869884628554e-15,0.00045058501296664147,3.3997681585667723e-10,345862383457.0853
1974,173915,17.954174,8850138955117185.0,0.053562987971077385,4.110025676482366e-08,26402767757252.727,2108924896.81,1.4955121664955557,2.0286883732620745e-15,0.0007477286578238385,5.432610327395875e-10,368577386097.75323
1975,46220,127.27107,1.913052774918469e+16,0.10688824806158095,8.351568385678863e-08,16066719605671.666,9188177355.96,1.4955121664955557,6.652773601889999e-15,0.0015889266888559083,1.265504043115903e-09,238836729451.38358
1976,153216,34.57491,3.482198861988134e+16,0.10352683216515092,8.223642826687119e-08,104266653810733.0,9345891898.48,1.4955121664955557,9.929045229846446e-16,0.0010901710822578431,8.592457029691394e-10,1097961643865.6335
1977,142050,13.95544,7075223759167779.0,0.016914411771396295,1.2811463030270292e-08,8575383365721.914,1671070260.25,1.4955121664955557,1.9724379715789376e-15,0.0006653135725995479,4.967372266188385e-10,337305193971.17676
1978,153322,37.71143,1.8746505442090252e+16,0.22585791296794483,1.873877906905676e-07,112274888398364.22,7814285184.0,1.4955121664955557,2.0116511910176653e-15,0.0011856094016730286,8.96671933136808e-10,589371262258.0687
1979,220513,9.176177,6990409290287655.0,0.006221362340256789,4.462744367883727e-09,4739432238673.775,818767188.82,1.4955121664955557,1.312680934541159e-15,0.00036091531851471884,2.7068351890391114e-10,274945197281.2228
1980,117027,16.057976,2.051634920184501e+16,0.05350879447290977,4.180676460722419e-08,68365098613671.55,3195704649.02,1.4955121664955557,7.826916885659135e-16,0.0007119928598037688,5.488214577543968e-10,909672186641.3549
1981,105627,0.5177715,1062165890051415.0,3.315348824245666e-05,1.919768524765823e-11,68011669911.06715,7693316.84,1.4955121664955557,4.874676402712733e-16,7.896414982705217e-06,4.474951967134563e-12,16198849585.812304
1982,149401,5.1544065,2756376250275072.5,0.00349251311894551,2.6070284982679535e-09,1867660265994.8381,496653814.23,1.4955121664955557,1.869993800550856e-15,0.0003905500843191188,2.657605814143708e-10,208851004855.7765
1983,99152,0.89996964,730970612640579.9,0.00048087263350392865,3.2022129572875624e-10,390572912564.53467,35639361.44,1.4955121664955557,1.2311981144480257e-15,0.00013476562443147117,9.746436198964855e-11,109458926918.42668
1984,41398,5.7185745,2308835830042344.0,0.013786575158344704,1.0070939296092531e-08,5566236603048.182,1933259435.85,1.4955121664955557,2.4768216196190622e-15,0.0006043201340012237,4.5284384095745567e-10,243990172410.62714
1985,129381,23.331015,6619696650289477.0,0.032669537097857054,2.4272520628799846e-08,9269310627642.738,4060982788.05,1.4955121664955557,3.5244840107559525e-15,0.0007876498020628604,5.985629036486837e-10,223479465266.15695
1986,31175,12.727223,1.102758675132034e+16,0.025730771467731235,1.9874168621348116e-08,22294597536226.434,1697876231.51,1.4955121664955557,1.1541258560923278e-15,0.0005147870946362382,3.924274506392002e-10,446040691245.94354
1987,105842,16.03835,1.2962113229711892e+16,0.01826006985425516,1.3778677878513999e-08,14757695962072.414,1830399399.13,1.4955121664955557,1.2373252505800309e-15,0.0006162211230892354,4.804186923679253e-10,498026790288.45856
1988,103349,6.328493,2559823963281146.5,0.008059289868274117,6.469279707971352e-09,3259917223869.4165,1180183190.53,1.4955121664955557,2.47223757991867e-15,0.0004401890355322521,3.550997917943253e-10,178052885818.00992
1989,185758,10.117148,5744440497739711.0,0.012215643206876068,8.980585170647203e-09,6935950283965.193,994464692.06,1.4955121664955557,1.761206858001373e-15,0.00042357291372837686,3.31825020364251e-10,240501512814.3719
1990,96950,2.6282601,1371002190399572.0,0.0017693516339171034,1.2998141483582084e-09,922962291931.2325,155965831.17,1.4955121664955557,1.9170356680714028e-15,0.0002092816434818815,1.6165395924796297e-10,109169405122.45415
1991,191003,16.139395,1.388675923341797e+16,0.01859755584101931,1.347394648982017e-08,16001825365466.377,2137974792.92,1.4955121664955557,1.1622146484084743e-15,0.0005811730345926362,4.41882380326253e-10,500056538943.54974
1992,64255,0.4311281,1434393410211155.2,1.3443362843335526e-06,1.0575697025539053e-12,4472701054.178092,3175019.7,1.4955121664955557,3.005647522715084e-16,1.0489940265456586e-06,8.252282658462104e-13,3490076659.415052
1993,39405,0.51095295,207010567656657.75,0.001060244792900227,7.527991120196454e-10,429553986200.2784,159311811.43,1.4955121664955557,2.468245731529286e-15,0.0001713010771329481,1.1500522918431311e-10,69401954167.18605
1994,167580,20.82815,7840095112940827.0,0.025447125497505677,1.8243805060211637e-08,9578761639962.559,2975426041.29,1.4955121664955557,2.6566195562629267e-15,0.0006728195963652598,4.965028520910778e-10,253261553683.55292
1995,61565,46.238823,1.0504978189142492e+16,0.07938316804965559,6.263659395858143e-08,18035027598921.91,5635238699.21,1.4955121664955557,4.401610566673096e-15,0.0011320657167708267,9.858390398559004e-10,257193520331.4647
1996,191423,27.103891,4.685676555551448e+16,0.06851057539311678,5.2707069074750164e-08,118439967503878.75,3260052576.73,1.4955121664955557,5.784413558782271e-16,0.0010247198612980818,8.110254882960427e-10,1771519015514.1758
1997,112132,0.58587533,382175977443785.7,0.008935198497003775,6.850734572776603e-09,5828574859512.624,1453569378.37,1.4955121664955557,1.5329988397456942e-15,0.00045502291230985334,3.58488982508338e-10,296818823675.911
1998,235125,8.464471,5057139686570901.0,0.006569096829692054,4.579218110517792e-09,3924739098564.1953,821405091.14,1.4955121664955557,1.6737665013440652e-15,0.00037597665650034295,2.7966502700829867e-10,224629096232.0173
1999,145878,10.714045,6081568297703983.0,0.05347596614342172,3.972045566484838e-08,30354337730234.008,1111532922.17,1.4955121664955557,1.7617240283308088e-15,0.0004630521064603871,3.647042340474791e-10,262840319490.40158
2000,76075,12.942978,2.838598274259653e+16,0.04284740562362153,3.2666788494758796e-08,93971087380134.16,1170290120.98,1.4955121664955557,4.55963709883383e-16,0.0004656358823241784,3.46427878821796e-10,1021212592649.685
2001,163916,17.341722,3.964095077687671e+16,0.027924683753653565,2.0993861702767025e-08,63832243080498.56,3838451815.95,1.4955121664955557,4.374698805185002e-16,0.0006738671625001827,5.169141905990989e-10,1540373846312.5703
2002,124018,24.489973,1.0093980548344202e+16,0.03737395246662503,3.0191479509673925e-08,15404343206619.863,2171087219.31,1.4955121664955557,2.4261957790296406e-15,0.0007020519896545716,5.362946964925555e-10,289363288701.8532
2003,161886,49.175087,4.807064100394031e+16,0.08159417598941619,6.18424224619593e-08,79761614697286.7,8220792639.51,1.4955121664955557,1.0229754788576495e-15,0.0011667759396830862,8.884910605709234e-10,1140570779845.1023
2004,98716,0.18454267,160507621730555.2,0.0026299563119705125,1.9346579756556463e-09,2287427795911.0977,158640483.67,1.4955121664955557,1.1497439686060052e-15,0.0003061373386601526,2.3020382915545368e-10,266265661764.09305
2005,79170,5.878449,1.100986768792994e+16,0.004294984130439782,3.078753851419828e-09,8044163859872.021,495013300.44,1.4955121664955557,5.339254899897219e-16,0.000306010803514517,2.2679433465617687e-10,573133909603.019
2006,87960,28.819809,7997153694989353.0,0.017065139692366067,1.2865460035194152e-08,4735372984127.507,1893603111.65,1.4955121664955557,3.603758299413097e-15,0.000664401368383723,5.074297837444447e-10,184363465355.5779
2007,49428,11.794595,4819791792469102.0,0.02055268938538566,1.5430395828925563e-08,8398735489675.453,1231112886.17,1.4955121664955557,2.4471171178865004e-15,0.0004949099114132621,3.829151670254094e-10,202242020946.1411
2008,272734,5.8611565,6271219756439892.0,0.06009098944261856,4.96540034690965e-08,64295126768338.38,406724729.91,1.4955121664955557,9.346118821591605e-16,0.0003008038238189552,2.2323162547464788e-10,321848918851.78235
2009,202792,12.110256,4334069009871317.5,0.02631405503761929,2.0042005496332988e-08,9417383948167.074,1074089530.98,1.4955121664955557,2.7942000859740727e-15,0.0004425628349339561,3.293699368842652e-10,158386236245.38196
2010,228714,6.4822984,3817111913726182.5,0.0036084561974442735,2.24574709719353e-09,2124845277320.713,231410524.08,1.4955121664955557,1.6982206826815617e-15,0.00016689671926166665,1.2338348222013388e-10,98277403498.66057
2011,168846,0.27407178,544518276983600.4,2.9643640109440907e-05,3.0700308652061615e-11,58895169126.55039,12388193.61,1.4955121664955557,5.033288901122678e-16,5.8422256601727114e-05,6.27307951248927e-11,116071733114.09961
2012,165018,11.79444,5286208234168563.0,0.0457911372653611,3.3454570411605396e-08,20523355654367.207,1962514619.97,1.4955121664955557,2.2311720381660447e-15,0.0006828579962011739,5.352662737413485e-10,306053493195.649
2013,179164,25.900757,1.7647918747252304e+16,0.08796484576302672,6.806380369589647e-08,59936335090147.24,2569041982.24,1.4955121664955557,1.4676380467828606e-15,0.0007613232966571444,6.044187252508515e-10,518740501669.33527
2014,172949,20.993042,9588966127612206.0,0.042138502109119895,2.998288406486111e-08,19247552088576.12,2367452655.29,1.4955121664955557,2.189291496144598e-15,0.0007153258544785563,5.232771949019967e-10,326738515971.15533
2015,146110,23.501204,2.3544954772402524e+16,0.06806912213056868,4.9472420609889136e-08,68195842304989.28,6513071097.32,1.4955121664955557,9.981418196456336e-16,0.0007890344303767828,5.947825503701488e-10,790503328131.1775
2016,117636,17.292213,5643786825256543.0,0.014483739855883231,1.0697915804886651e-08,4727164775212.801,1690745003.18,1.4955121664955557,3.0639380145641786e-15,0.0006970741430842423,5.42752346527505e-10,227509218453.75375
2017,126122,8.5481615,1.6475051316415758e+16,0.01232518886679677,8.815088170521758e-09,23754595542561.164,1285354819.29,1.4955121664955557,5.188549240804248e-16,0.0004970906413403948,3.7023593198769353e-10,958053240453.2863
2018,147838,1.5621843,627135033932098.9,0.0035977503536451134,2.649871097793204e-09,1444308005215.8052,884523230.19,1.4955121664955557,2.490985538162648e-15,0.0003287680900606047,2.301754359255415e-10,131983138811.43773
2019,57121,43.253834,4980682572757508.0,0.05164051004629822,3.765015801263169e-08,5946409015115.437,10105629864.95,1.4955121664955557,8.684318538302858e-15,0.0010145636215368834,7.649212810885416e-10,116827085172.20691
2020,190542,28.602188,2.839308915915805e+16,0.04279216354331892,3.1986529756067736e-08,42479327623422.6,3498497129.86,1.4955121664955557,1.0073644272967216e-15,0.0008495563004604065,6.387562182312841e-10,843345543519.1455
2021,208214,8.450549,7949535604974481.0,0.020498698367878168,1.5693887730441273e-08,19283378219696.707,1470997196.95,1.4955121664955557,1.063024234360559e-15,0.0003897296122849834,2.804485056004628e-10,366623450047.13605
2022,112281,4.9232435,2705088248485578.0,0.03988470326514196,2.804838068868958e-08,21914748294873.06,333956375.62,1.4955121664955557,1.819993674053421e-15,0.00025742621608943817,1.760833003737536e-10,141443467501.78986
2023,152286,0.13438004,230997552465693.22,0.0010246502295472412,7.591340894325844e-10,1761360505316.2913,42966598.86,1.4955121664955557,5.817379386301401e-16,0.000171897089504679,1.4078356062449858e-10,295488875814.86835
2024,35984,12.451916,5541630505445265.0,0.00909755612610421,6.87110439535039e-09,4048798157120.522,804215376.28,1.4955121664955557,2.246976947987531e-15,0.00044568962922619,3.4179392759365084e-10,198350779533.08102
2025,251995,8.08897,1.0848159459910774e+16,0.013268702424128415,1.0894349637020444e-08,17794725375795.645,586656186.63,1.4955121664955557,7.456536779250599e-16,0.0003312592060478562,2.5508092092900125e-10,444253432732.54614
2026,204731,21.369148,2.441801357295833e+16,0.04055921950285571,3.485488866337328e-08,46346048627176.29,2275363534.76,1.4955121664955557,8.751386731828674e-16,0.0006492532459750146,5.839025721986977e-10,741886132872.736
2027,43335,16.080902,3995712453437437.5,0.01636716836246418,1.28392972254586e-08,4066842671723.599,1195027473.11,1.4955121664955557,4.024539349963958e-15,0.0007218113471472961,5.834002777561308e-10,179352538111.91092
2028,95683,14.486257,1.338396479051135e+16,0.021383404789333794,1.5550376663088544e-08,19756292933481.387,2911783228.12,1.4955121664955557,1.082359168358701e-15,0.0005839606116953112,4.1971747170187414e-10,539525721929.10254
2029,204129,21.415812,2.5571584700928656e+16,0.05520410654913839,4.771768087690228e-08,65916552053239.12,2724298918.56,1.4955121664955557,8.374847413825809e-16,0.0007164573284468453,5.773832688641834e-10,855487023278.8544
2030,93708,6.6688814,7275713551037273.0,0.0019225533703197638,1.3976774921098545e-09,2097495332429.7964,132573304.25,1.4955121664955557,9.165948265032014e-16,0.00025522009079289774,1.729248352578769e-10,278443739167.23865
2031,14928,17.656202,6214945526209099.0,0.0794775299692532,6.516766187055653e-08,27975921396717.13,1168908170.2,1.4955121664955557,2.8409262680649223e-15,0.00047111874223342725,3.701458075284831e-10,165832794581.5808
2032,139653,19.087456,1.3837712263297668e+16,0.02069397701280258,1.5675936317997027e-08,15002381641977.764,2502956525.24,1.4955121664955557,1.3793794549859548e-15,0.0006504743672633693,5.030841096717098e-10,471570288300.3956
2033,107593,35.628128,8470302946561523.0,0.027946177062245694,2.0437333271437045e-08,6643980450375.326,3343415996.18,1.4955121664955557,4.206240110274103e-15,0.0008251843279382294,6.374467768029949e-10,196180984990.04987
2034,148190,1.4471811,579421605833258.0,0.005425048912064841,4.133818093084831e-09,2172078223211.0266,646481007.19,1.4955121664955557,2.4976305429943876e-15,0.0003873108923709348,3.082974698723361e-10,155071330888.91168
2035,172152,3.4860647,3426820180659148.5,0.0038802324048883953,2.712641426848315e-09,3814289135459.5723,313061455.18,1.4955121664955557,1.0172884820963835e-15,0.0002930426538503252,2.1968439337642744e-10,288062490638.2856
2036,116452,7.2386265,3488435590247575.5,0.004464292337230752,3.419710622208804e-09,2151429732486.5825,458969616.58,1.4955121664955557,2.0750351590944157e-15,0.00026436543596091507,1.9389771640139596e-10,127402870646.4372
2037,159402,15.619866,6819076937277337.0,0.03293655832766129,2.3420873305784702e-08,14378927788845.625,3108993481.32,1.4955121664955557,2.290612958861345e-15,0.000747361449841004,5.652831237225928e-10,326271379435.70984
2038,162158,0.38137802,753981208668898.2,8.298163050063313e-05,5.2755841239736565e-11,164054000967.81476,26921585.2,1.4955121664955557,5.058189986900291e-16,3.450022510444824e-05,2.082204902509675e-11,68206661263.80579
2039,163120,4.8672004,5167590040120694.0,0.005096631824061609,3.82374269287575e-09,5411181313221.238,468691937.71,1.4955121664955557,9.41870458417077e-16,0.0004375940127688885,3.386957052053093e-10,464601059368.94574
2040,185503,14.071121,7245524944886965.0,0.08604353643695821,6.959189436459942e-08,44305680379002.586,2737572510.63,1.4955121664955557,1.942042999925041e-15,0.000699246142945978,5.352360687366263e-10,360056982761.43604
2041,222273,4.661322,5520049361566162.0,0.012016227082885906,9.0115623301328e-09,14229904442842.26,1034896180.27,1.4955121664955557,8.44434840103944e-16,0.0005453008357103246,4.1770587213994505e-10,645758334228.8458
2042,199965,21.003607,1.7760500220891298e+16,0.03529188564899827,2.6329291821279828e-08,29842566701267.273,3168608610.46,1.4955121664955557,1.1826022205891422e-15,0.000748106847962276,5.661905785729867e-10,632593812980.994
2043,243093,11.808745,8134425646929100.0,0.01106532232537529,8.18449551184952e-09,7622320722064.021,1340294111.12,1.4955121664955557,1.4516999125141706e-15,0.0004655279571359385,3.557710675010197e-10,320677815795.7589
2044,144966,36.145237,3.9989022929162184e+16,0.05422986096864133,4.059536563592402e-08,59996816557608.28,5041468815.88,1.4955121664955557,9.038789735880472e-16,0.0009925677337807863,7.547855480203355e-10,1098120171819.7728
2045,18694,9.651689,3034834897966672.5,0.015302974885644487,1.2053256543496632e-08,4811800527934.69,1686158625.63,1.4955121664955557,3.1803011776576687e-15,0.0006681374282041905,5.213827985855241e-10,210086212242.41473
2046,212378,16.450563,1.3081424500469128e+16,0.023499393426068098,1.9004916218278617e-08,18686627376213.836,1800566915.32,1.4955121664955557,1.257551346904922e-15,0.0006050285710670408,4.847372984222472e-10,481116395410.9179
2047,7356,7.44968,1479484071179886.2,0.003685416131522007,2.8055592137591276e-09,731912573728.8323,302345568.05,1.4955121664955557,5.035322883915128e-15,0.00039068687263550867,2.926408003737587e-10,77589239387.9093
2048,88362,14.743542,7847335537148612.0,0.02081689044648151,1.5688217027335832e-08,11079910388806.42,1771294112.77,1.4955121664955557,1.87879592126593e-15,0.0005943485446686241,4.5050270670036984e-10,316345451861.6119
2049,135010,4.736135,3832990541613471.5,0.002616990501021398,2.078744906101073e-09,2117950573179.8857,489316179.69,1.4955121664955557,1.2356239726086974e-15,0.0002961087393527559,2.3780594344005907e-10,239643083912.9801
2050,175570,21.82736,1.8763897491575988e+16,0.046604587276233504,3.587917172450263e-08,40063649396374.64,4715314531.93,1.4955121664955557,1.1632636561673473e-15,0.0006703057350584383,5.155611994326557e-10,576228554467.9718
2051,221200,10.621405,2.4961661317248508e+16,0.025410107830182972,1.8646459168090457e-08,59717005960302.97,877132192.76,1.4955121664955557,4.2550873778022974e-16,0.0005501987096921679,4.3018161894714e-10,1293037394631.2214
2052,65224,16.451443,1.264784238475187e+16,0.03094088080391657,2.2037867779518217e-08,23787298394027.285,1847597034.16,1.4955121664955557,1.3007311839870585e-15,0.0006662415622345636,5.086219768738131e-10,512205419871.899
2053,182525,23.433113,1.4804668601384232e+16,0.028166252798543415,2.3119524319287685e-08,17794991148860.438,2354630311.52,1.4955121664955557,1.5828191519132694e-15,0.0006474289093653714,4.730808577487901e-10,409035301716.41956
2054,185385,18.927107,1.1988769457973792e+16,0.019492787948854867,1.4545376040602087e-08,12347081929213.525,1837571885.28,1.4955121664955557,1.5787364221447668e-15,0.0006843818269928862,5.203340208603156e-10,433499739027.4498
2055,73545,0.89327353,294353672179734.0,0.0005186058079625652,3.8002160065055257e-10,170892250649.7187,129894543.04,1.4955121664955557,3.034694703773093e-15,0.0001447331525644783,1.180490371042119e-10,47692821417.76201
2056,108176,105.0007,1.6885374663572698e+16,0.10072063649541227,7.829974406797662e-08,16197089005869.01,7049852667.13,1.4955121664955557,6.218440638247785e-15,0.0016531702362216638,1.3201067586690467e-09,265849645014.4597
2057,186444,8.066903,3507070521974601.5,0.010521006548380316,7.708288340182367e-09,4573987306817.295,939478942.89,1.4955121664955557,2.300182716445079e-15,0.0003901253466063518,2.9054521340346095e-10,169606242068.1469
2058,67554,20.454123,4109909836310786.5,0.047072351619631386,3.5452502463447665e-08,9458392371054.14,2327541764.37,1.4955121664955557,4.976781441599801e-15,0.0005395229333167714,4.075250258347051e-10,108408002169.23734
2059,48306,3.0283787,1746554130619684.2,0.0025161072380123495,1.6440956374521013e-09,1451112269952.4185,121083968.13,1.4955121664955557,1.733916313790698e-15,0.0002100353423624248,1.546480550525304e-10,121133494559.05649
2060,74104,2.5792685,1417217470721830.5,0.0022618400067832877,1.6681813758243442e-09,1242801660079.5376,317100080.41,1.4955121664955557,1.819952514899709e-15,0.0002920533092952654,2.1315236976845306e-10,160473038117.3486
2061,122638,9.8892145,7640097487383522.0,0.01683464593633917,1.1850150985530037e-08,13005920350824.238,1357071628.65,1.4955121664955557,1.294383287167547e-15,0.0004923924685409218,3.7947209604970606e-10,380407004186.8408
2062,53488,0.82486945,998609240805472.4,2.9867245353779666e-05,2.221011333317147e-11,36158094117.42511,6960632.2,1.4955121664955557,8.260182424655565e-16,7.878913363316149e-06,5.8589569113599195e-12,9538425373.994915
2063,142289,28.123707,1.833021242412806e+16,0.3161137103742782,2.9095840552097904e-07,206033701792577.12,4262640806.28,1.4955121664955557,1.5342815647341196e-15,0.0008329109924082221,6.635413696732525e-10,542867105720.95013
2064,176784,25.036901,2.6958832274424108e+16,0.05740071522409016,4.393118671833113e-08,61807020531743.49,4425888764.4,1.4955121664955557,9.287086601207335e-16,0.0008530450909886717,6.587691533787091e-10,918528196859.6853
2065,151246,3.6128976,4586930294795250.0,0.001898954773987454,1.4400772457138232e-09,2410910616799.413,246792163.58,1.4955121664955557,7.876504258413353e-16,0.00019728528504989827,1.4372933275148891e-10,250473152273.31512
2066,233482,10.253971,6996860696477846.0,0.03689877442865341,2.8696094335714492e-08,25178107539805.49,994420182.59,1.4955121664955557,1.4655102402084056e-15,0.00041404802808569434,3.201551729351512e-10,282528239466.14923
2067,79169,2.750316,1998697130380551.8,0.005438674034718563,3.935482450903937e-09,3952368450122.5347,429292686.91,1.4955121664955557,1.3760544097425808e-15,0.00032954217703691854,2.4641264857368533e-10,239483391575.02222
2068,82353,0.38358337,1557092728190611.5,0.00015159742168940248,8.87260990382726e-11,615384454558.1168,1708600.1,1.4955121664955557,2.4634587462606376e-16,3.354665998853078e-05,1.9634003292245377e-11,136177072335.60263
2069,78146,0.6655691,444474861507740.94,1.5159723262485125e-05,1.559834309057102e-11,10123841232.396086,34300539.94,1.4955121664955557,1.497427993435369e-15,5.801804980603059e-06,5.299502059028538e-12,3874513503.178657
2070,55760,0.6332185,559296472115823.0,0.001106255043511516,7.78372015377869e-10,977110654689.222,305489836.71,1.4955121664955557,1.132169665945736e-15,0.00019445799294212315,1.331924061432087e-10,171756936076.96725
2071,133334,17.505217,3.664269083329757e+16,0.030662199601940776,2.3870982836394382e-08,64183466008034.95,3497117193.36,1.4955121664955557,4.777273885162615e-16,0.0006835359789358382,5.398141632577862e-10,1430807601504.2441
2072,88183,17.958124,1.4735623331518798e+16,0.04373213480998225,3.394503401886619e-08,35884609441559.695,2882354421.09,1.4955121664955557,1.2186877742449095e-15,0.0006243536193840989,4.700400857644627e-10,512316306587.1766
2073,125835,30.806395,1.266412504234317e+16,0.09195052215111593,7.496153271541719e-08,37799713670829.63,3641964023.0,1.4955121664955557,2.4325719224184216e-15,0.0007829480169763834,5.728017699033142e-10,321860171845.6036
2074,50987,1.2546601,368519807170662.6,0.0018529211140300367,1.2995405134441466e-09,544241529355.08075,225884052.26,1.4955121664955557,3.404593391146987e-15,0.0002099207343937306,1.5885442232956334e-10,61658092546.26133
2075,138651,0.49605763,555387729341019.94,0.00032030712810321264,2.019869211962182e-10,358616898139.4086,12847689.06,1.4955121664955557,8.931735502845617e-16,0.00010507257959049151,7.681144735563594e-11,117639600452.80762
2076,210376,9.248927,6978469333798968.0,0.0024311572016480027,1.871397340205517e-09,1834348565768.2344,212730191.46,1.4955121664955557,1.3253518153622138e-15,0.00028214487792828206,2.2977158980451003e-10,212883005597.40277
2077,233153,19.935375,3.0217119687945844e+16,0.032131727339519786,2.3425337590806706e-08,48703786650550.14,1624253754.49,1.4955121664955557,6.597377647464057e-16,0.0006729233498791879,4.877252001396172e-10,1019986100292.2131
2078,220606,8.052445,4524774302286224.0,0.02016905689500648,1.3276782872499417e-08,11333257208198.764,1298568916.51,1.4955121664955557,1.779634620876307e-15,0.0004709421196928799,3.3177356727936514e-10,264628544628.43845
2079,147658,56.9774,1.2304442655039584e+17,0.11478128774820923,8.452325237478913e-08,247873678505765.06,8360114833.9,1.4955121664955557,4.63063639673785e-16,0.0012006605441963378,9.274300448120924e-10,2592862927096.087
2080,22363,35.83146,8.664132765072602e+16,0.05604369826794203,4.4594414880656266e-08,135515003418537.55,5355485306.68,1.4955121664955557,4.1356083720745883e-16,0.0009670647092604345,7.9460961371019e-10,2338385606796.022
2081,19990,23.16204,6688388126886729.0,0.029006218329789744,2.250487519545297e-08,8375982697674.727,2525361603.44,1.4955121664955557,3.4630227134831857e-15,0.0008563321151255008,7.024408463265362e-10,247278804089.67426
2082,60097,4.826174,1897639173964431.8,0.014223950477584459,1.064866993584611e-08,5592820655615.475,1771533399.53,1.4955121664955557,2.543251670926171e-15,0.0005154914499468919,3.9869400905820025e-10,202689909079.728
2083,115396,0.52403027,758595124686604.8,0.00016505601846874852,1.232907056426326e-10,238937897443.54807,2560517.5,1.4955121664955557,6.907904532295676e-16,8.928748616513017e-05,7.078639088556693e-11,129254082403.27493
2084,88906,0.12699823,93172316234933.25,0.0004466545518865642,3.6471598666457707e-10,327688339878.02325,53063187.91,1.4955121664955557,1.3630468269112787e-15,0.0001487264851759029,9.852747368607312e-11,109113261730.65042
2085,229413,8.911796,7531684051477878.0,0.05241865107985415,4.481495656907547e-08,44300915139677.914,413344240.67,1.4955121664955557,1.1832408182671066e-15,0.00028473053074374016,2.017908347567738e-10,240636163279.70917
2086,148775,7.773757,5251046229062729.0,0.009301108432945421,6.673589282283586e-09,6282747243439.897,752512249.46,1.4955121664955557,1.4804205982752422e-15,0.00040134392817015426,2.8464221438188867e-10,271101286105.9474
2087,75037,18.91184,8868362277829857.0,0.049888596870846326,3.5765817592231396e-08,23394347169988.438,6532665092.03,1.4955121664955557,2.1325064772419114e-15,0.0007327853114596932,5.524516541299989e-10,343626300449.7154
2088,77524,31.65228,8004920080746793.0,0.028200249040777597,2.0937674378184895e-08,7131895074496.404,2572974960.39,1.4955121664955557,3.954103186630079e-15,0.0008018470838121691,6.19508291171678e-10,202788608684.62836
2089,133984,3.7213135,1495975196274954.0,0.007666239297261279,5.801313593310813e-09,3081842966847.9175,972106281.18,1.4955121664955557,2.4875502677225123e-15,0.00043155037588395504,3.3838181275251294e-10,173484082506.22525
2090,123627,5.843126,4454065755802082.0,0.006369819562827732,4.409150964971138e-09,4855550810547.161,497726027.78,1.4955121664955557,1.3118634345234937e-15,0.00046990687537170776,3.493043068764265e-10,358198012846.0486
2091,179254,0.42097843,336785645342358.7,0.018784122907168486,1.4015083605806995e-08,15027427784081.293,2013441549.7,1.4955121664955557,1.2499892314948736e-15,0.0006638946879274105,5.005431778172104e-10,531120325839.4896
2092,4971,42.99665,3.577831993983893e+16,0.06198279218287363,4.9355795626321386e-08,51577045408965.58,5693188922.76,1.4955121664955557,1.2017515096376426e-15,0.0010800883489038079,8.967838605384109e-10,898761799125.5786
2093,147327,2.0497546,3264627324365561.5,0.0011602570302592882,9.588256737255028e-10,1847931847193.665,63344500.81,1.4955121664955557,6.278678686236701e-16,0.00021046278670172613,1.5946006558866475e-10,335202352627.27356
2094,172582,16.184258,9411834455091850.0,0.07893518596694371,6.215192406676085e-08,45904168297537.24,1341275474.5,1.4955121664955557,1.7195646690581382e-15,0.0005126606086959686,3.924516487354758e-10,298133950947.4625
2095,145879,17.035269,1.2599137126049734e+16,0.03270735826727279,2.5386848083198003e-08,24190078350990.9,3598005065.51,1.4955121664955557,1.352098070651061e-15,0.0008206977643265984,6.496004933981034e-10,606980944756.0388
2096,30305,1.8324066,650046219097059.9,0.00015626484012026698,9.323313597674098e-11,55434950134.96791,78555854.97,1.4955121664955557,2.818886636315316e-15,6.074397029521066e-05,3.4084816191086924e-11,21548922724.54476
2097,146308,10.200832,5647728912768771.0,0.019653801599869583,1.388102519234023e-08,10881401001546.203,2005554156.52,1.4955121664955557,1.806183008702359e-15,0.0004550695200727508,3.3543726312635283e-10,251950947318.28574
2098,130991,5.0619864,4757832458610661.0,0.013321359582466432,8.486925850017601e-09,12520933879688.605,193367025.82999998,1.4955121664955557,1.0639269970170734e-15,0.00024536400007111426,2.140353956669097e-10,230621086558.6079
2099,173160,20.705984,8641701865674745.0,0.03550774657297397,2.7470384878773516e-08,14819259968788.498,2815872081.18,1.4955121664955557,2.396053962732175e-15,0.0008440764721106545,6.485018223660749e-10,352277738831.96277
2100,183358,36.575153,1.51652702809098e+16,0.06959564607416391,5.365680387471744e-08,28856660779771.3,6348338150.37,1.4955121664955557,2.411770599699841e-15,0.0010906060444933385,8.318256885140499e-10,452201401173.5075
2101,65542,8.782858,2195144844605922.5,0.0045757400613236476,3.3343799133236407e-09,1143638233234.7163,511897401.76,1.4955121664955557,4.001038027892286e-15,0.0004251836445321236,3.196744389750088e-10,106268333759.40364
2102,147213,10.709239,6152976843323781.0,0.015102983993367005,1.073989050900836e-08,8677396290836.0625,1321586960.44,1.4955121664955557,1.7404972052868914e-15,0.0004624239840175054,3.545191138347527e-10,265684990824.95374
2103,86852,0.34676415,586967214325595.1,0.00026411426347729215,2.396829646397255e-10,447065861614.9405,10578905.61,1.4955121664955557,5.907726045626243e-16,5.1604850826436495e-05,4.3713383838971973e-11,87351462183.39272
2104,77197,2.1959598,1678188657295052.8,0.0005733158030285709,4.547042111288722e-10,438137381973.2731,72427635.11,1.4955121664955557,1.3085297594249646e-15,0.00017243180872233472,1.1179327777130917e-10,131775229015.89195
2105,195871,12.474924,9561045668646438.0,0.07761831064989205,5.4425104228978945e-08,59488315347396.44,1683028659.74,1.4955121664955557,1.3047656535005424e-15,0.0005597004177606985,4.2970750116020946e-10,428966240994.3763
2106,214595,18.354597,2.7018098915779304e+16,0.024233700526000886,1.8696571141024683e-08,35672181628769.34,2490084025.22,1.4955121664955557,6.793445037422828e-16,0.0006145909298205077,4.730766957017875e-10,904682273036.6271
2107,90186,26.419626,1.7708219166778996e+16,0.03841870154925178,2.9239737764582202e-08,25750810671476.664,4331337975.84,1.4955121664955557,1.4919414398012304e-15,0.0007948711024152026,6.035208005424062e-10,532776341758.4958
2108,49429,0.33719754,279516150001629.97,0.0013878804948201408,1.0504236964461413e-09,1150468098238.4475,220981080.38,1.4955121664955557,1.2063615644320863e-15,0.0002618976362708764,1.9459570028964704e-10,217097132395.9321
2109,141103,24.853113,1.3917908804043002e+16,0.04238257683323146,3.230534392134245e-08,23734525298511.34,3532599916.39,1.4955121664955557,1.785693048425525e-15,0.0006876732684818015,5.305620640879007e-10,385101610317.70514
2110,150345,5.6834044,2045785092101383.0,0.01025372992336806,7.569737066559475e-09,3690908888281.861,1606287825.25,1.4955121664955557,2.778104318944928e-15,0.0005326251130960868,4.0296976070980086e-10,191722502810.25003
2111,182676,9.513243,7066932263004993.0,0.01873163524285296,1.1944433071062684e-08,13914834030472.99,1382824611.54,1.4955121664955557,1.3461630373622385e-15,0.0004766371212146048,3.384588222526628e-10,354070872536.03345
2112,2586,0.45068336,1063760320544578.1,0.000924379904975236,6.58849669333745e-10,2181839294047.6519,62244895.2,1.4955121664955557,4.2367002349672017e-16,0.00019002420175137636,1.4941884740872685e-10,448519345747.0267
2113,110238,15.5287285,1.0887207129863004e+16,0.01486262900700803,1.100219624894761e-08,10420204107091.352,1604291177.91,1.4955121664955557,1.4263280118374491e-15,0.0005482070300645518,4.1284545096044605e-10,384348498742.8179
2114,181719,18.461994,1.0328963475513192e+16,0.06138608496862302,4.5088053192444245e-08,34343778334325.996,1927685755.17,1.4955121664955557,1.787400453469289e-15,0.0006112317271436768,4.760455553526261e-10,341966863641.15826
2115,197931,12.304439,6913860017234437.0,0.021446886387397827,1.724708734996887e-08,12050998041275.945,1372174318.33,1.4955121664955557,1.7796771946970674e-15,0.00043723535009469326,3.268699773714432e-10,245682391951.49008
2116,44494,1.1833956,1616273917436958.2,0.0009904870514183667,6.60838625925605e-10,1352800692149.3923,188378569.78,1.4955121664955557,7.321751512742317e-16,0.00020001203695215798,1.3273232168042378e-10,273175122925.25848
2117,11148,1.6926229,1013187863974275.4,0.00876374793202962,6.71938263435496e-09,5245895614234.018,2237406678.06,1.4955121664955557,1.670591368278544e-15,0.00046603087013369446,3.601330006261195e-10,278961617414.5055
2118,156432,20.73875,9001916624785015.0,0.020453915008390423,1.7461290358643762e-08,8878280395682.936,1384907086.09,1.4955121664955557,2.303814939020865e-15,0.0006605480052645403,5.126501427768766e-10,286719212588.00287
2119,222610,11.909512,9921907596647952.0,0.031045556700782524,2.3755114283810793e-08,25864296108157.82,1341221671.28,1.4955121664955557,1.2003248250390426e-15,0.0004329909681819638,3.216365386643723e-10,360728162202.16064
2120,252865,13.786829,1.3047961283060926e+16,0.007712443254344348,6.345989255984589e-09,7299115770601.744,629490468.92,1.4955121664955557,1.056627062336419e-15,0.000563910365021762,4.751054201495286e-10,533689118064.83606
2121,162268,16.439516,1.2579899711374114e+16,0.0456432461763594,3.93110880831623e-08,34927272761567.992,1429678142.98,1.4955121664955557,1.3068081922096895e-15,0.0005256627549208145,4.07222032586934e-10,402249356909.8066
2122,169173,25.691044,1.5438007734427038e+16,0.02246810369606914,1.874363853430465e-08,13501310364725.703,2458894498.94,1.4955121664955557,1.6641424490744688e-15,0.0006221175603421106,4.920509713261008e-10,373836723345.4733
2123,126123,3.4369137,7437643432652957.0,0.005724814443193059,2.9731207576515356e-09,12388768605557.844,225161662.41,1.4955121664955557,4.620971321253668e-16,0.0001761145143352764,1.2201218633744294e-10,381120119757.62836
2124,35985,23.571743,1.3972453221118538e+16,0.09211821282524348,6.83012985259963e-08,54604253046274.78,3284127584.5,1.4955121664955557,1.6870153456211041e-15,0.0006758242008602047,5.138489542746874e-10,400603469680.5844
2125,179003,30.349928,1.7636441748228056e+16,0.04488475119029712,3.6142409979569405e-08,26082674718417.293,2822649648.02,1.4955121664955557,1.720864584436329e-15,0.0008033576005333024,6.423636941981961e-10,466833711262.9017
2126,110793,0.13397364,95094273552217.81,0.00033654863967905093,2.489586912789461e-10,238881681540.2377,24051937.34,1.4955121664955557,1.4088507645671525e-15,8.156653411715613e-05,6.337977092721283e-11,57895794337.1782
2127,178881,13.57975,6457620292898700.0,0.028611742388331588,2.0620894687921185e-08,13605829876255.451,2529573390.32,1.4955121664955557,2.1029031414147015e-15,0.0006847683566353882,5.014660920281342e-10,325630003184.41626
2128,50407,2.2283056,856769288182107.4,0.00564841239648152,3.9752781254424355e-09,2171778533560.416,624114446.96,1.4955121664955557,2.600823384703737e-15,0.0003547634872651728,2.741259614647442e-10,136404297712.65852
2129,66419,8.509018,5859633015368074.0,0.005746092289479525,4.381673680221737e-09,3956977419578.3994,499887233.58,1.4955121664955557,1.4521417941504828e-15,0.0004208881331324311,3.149496492109482e-10,289839556183.7367
2130,65988,32.44693,1.2627322687619678e+16,0.04005550097877398,2.976909508038872e-08,15588338751100.484,2667389935.34,1.4955121664955557,2.5695811220388185e-15,0.0009048189087341165,7.080905490467983e-10,352127006605.72784
2131,144578,1.1045481,405124296023065.5,0.012778822448683301,9.411271949743821e-09,4686995024052.433,1682971384.55,1.4955121664955557,2.7264425038016313e-15,0.0005913069522302058,4.434200399541807e-10,216878570300.20383
2132,210438,15.616582,7047921315172153.0,0.013019984043425427,9.554072035042354e-09,5876050409933.453,1984519918.62,1.4955121664955557,2.2157713319503125e-15,0.0005216722495276398,3.8908115073279384e-10,235435959480.74033
2133,27505,40.670113,6724072420321339.0,0.03559134284457724,2.6437486066205524e-08,5884389030918.676,2449762357.56,1.4955121664955557,6.048434707081338e-15,0.0008969669880463245,6.758516230764632e-10,148297374690.37744
2134,178419,0.30018425,188241259039001.78,0.0037219158657666148,2.642962370749389e-09,2333960321399.7534,590476626.09,1.4955121664955557,1.5946782949311058e-15,0.0003707371562594393,2.5907671678521623e-10,232483979645.22122
2135,14929,51.94431,1.1771362417758718e+17,0.09543465211630367,7.077400038825383e-08,216269284792450.72,6335004053.6,1.4955121664955557,4.4127695806591486e-16,0.00117427107627266,9.006903610212416e-10,2661074988867.322
2136,83900,18.909424,2.582591598015529e+16,0.047890673766366666,3.49341523935274e-08,65407625156811.36,3059460260.5,1.4955121664955557,7.321879314766632e-16,0.0006723989342353106,5.134406000744634e-10,918342006647.431
2137,126892,24.195223,1.095441022908355e+16,0.06795332402866974,5.0578560509931964e-08,30765932094938.28,10347784781.08,1.4955121664955557,2.2087198209687805e-15,0.0008350930226682214,6.318773985862127e-10,378089160399.68164
2138,163995,4.3514547,2032067887441751.8,0.008498687183657223,6.206866848530141e-09,3968766884169.2466,1222540945.71,1.4955121664955557,2.1413923850143674e-15,0.0004964690789319927,3.763224596129309e-10,231844048015.82486
2139,167669,6.883922,7329428146624118.0,0.05900153565934255,4.5476677202054644e-08,62819932613360.8,2088043107.92,1.4955121664955557,9.392167932188113e-16,0.0005571654730149414,4.139070092349608e-10,593223499662.3802
2140,96214,0.2900784,179090243293440.53,0.005121811411077167,3.9491942384342045e-09,3162132898254.1606,325536744.78000003,1.4955121664955557,1.619733128201209e-15,0.00040470403752959833,3.253078468438653e-10,249858467721.18658
2141,59270,37.342323,9459135010492050.0,0.02003200440108988,1.4856616689914442e-08,5074280841089.616,1967052719.16,1.4955121664955557,3.9477524063859946e-15,0.0007652240504921565,5.725816545658505e-10,193837903626.9622
2142,134571,0.4689544,271202115315990.8,0.0005384011294844595,3.820167334197476e-10,311364015786.405,173521368.87,1.4955121664955557,1.7291694036147113e-15,0.00012562804716690246,9.338635377589718e-11,72652249631.69344
2143,200080,21.844048,2.7844069199574364e+16,0.025015602794866254,1.9921996865917557e-08,31886771869816.52,2517443518.98,1.4955121664955557,7.845134934635889e-16,0.0006780954139456736,5.477062333059885e-10,864351498853.0221
2144,73838,4.291527,3321887109532990.0,0.0014184780224858907,1.0088135526491773e-09,1097983039149.4045,125561900.48,1.4955121664955557,1.291894293362464e-15,0.00025386955811980015,1.9174299929824556e-10,196509543717.4228
2145,175977,4.590642,7492426505454911.0,0.003731947381976581,2.740571161007947e-09,6090943593877.37,554306350.55,1.4955121664955557,6.127043083649539e-16,0.0003336690524745439,2.3063764344850457e-10,544584145923.4456
2146,119907,17.131395,9721416282506454.0,0.037749877190189254,3.078071857177591e-08,21421622160911.285,3033062416.47,1.4955121664955557,1.7622324260332e-15,0.0006744290103297736,4.962014055757267e-10,382712859192.9948
2147,63452,5.487183,4414898305130935.5,0.007164620005629451,5.175325801874857e-09,5764536870696.796,1353369818.08,1.4955121664955557,1.242878685024946e-15,0.0003779489920624877,2.8964245993170207e-10,304091619412.4786
2148,137480,6.081212,1.1732167651037738e+16,0.0024288122054440396,1.7623571466781895e-09,4685781713769.589,315429548.36,1.4955121664955557,5.183366093018712e-16,0.00033682761475308475,2.404125873756569e-10,649824088649.1611
2149,102941,3.264459,1171312034666563.0,0.006741928394231541,5.081558063060335e-09,2419053774307.9697,465612549.41,1.4955121664955557,2.78701055174362e-15,0.0005073737634288992,4.02954704092717e-10,182049459092.09927
2150,75385,29.058508,2.0322542436397436e+16,0.03866023791115578,2.8474615692760522e-08,27037669158742.918,5410527328.91,1.4955121664955557,1.429865780373845e-15,0.00079773803195137,5.981922793120582e-10,557911129073.1062
2151,44491,3.5175605,1022277592405411.0,0.006094719196367287,4.168356024987324e-09,1771254500512.3271,684561701.12,1.4955121664955557,3.4409054117318646e-15,0.00041628662047809266,2.9611522002595094e-10,120981709947.25737
2152,13272,7.061887,1571433421561666.2,0.006529491412579375,5.274144998434256e-09,1452963072267.671,485962904.95,1.4955121664955557,4.493914220675035e-15,0.0004882999733177196,3.808270912441477e-10,108658053834.497
2153,136457,2.1798995,1566557387380367.2,0.002074524289022329,1.553777026054112e-09,1490830815947.2185,327995456.85,1.4955121664955557,1.3915222752517718e-15,0.00018309582174338258,1.4993917221198487e-10,131579511876.84334
2154,72221,0.30947375,87804962815438.61,0.0032422934513087,2.4240091681740034e-09,919914713053.6936,279582235.69,1.4955121664955557,3.5245587501756305e-15,0.00027884224773158244,2.1606994540400907e-10,79114087037.89874
2155,110010,1.7243804,714259000571658.2,0.001507092316821099,1.0912314108045227e-09,624255675825.278,174159300.81,1.4955121664955557,2.4142228500024355e-15,0.00021842983794065018,1.7170211094436577e-10,90476253234.21565
2156,174844,18.794558,8070463442428729.0,0.020908699220412334,1.5758206436584955e-08,8978284708109.434,3145751671.33,1.4955121664955557,2.3288077734410697e-15,0.0006844591987371418,5.320882474675833e-10,293909702012.79346
2157,80613,9.731035,4069273331206491.5,0.009667111859975604,7.168096401562748e-09,4042542286775.117,1317807038.28,1.4955121664955557,2.3913446475503438e-15,0.0005212417475615543,4.0628254443215037e-10,217970148341.2298
2158,206713,6.017846,4503108827522928.0,0.0092116621629674,6.5978604321811275e-09,6893017402276.073,1065756961.76,1.4955121664955557,1.336375875088566e-15,0.0004215409820426167,3.2904856305135354e-10,315435941265.16223
2159,48307,0.81968164,690415533820435.1,0.0007697406749115936,6.816586418942808e-10,648350399762.998,158142211.4,1.4955121664955557,1.1872294290139549e-15,0.00016571452823301461,1.4476198879399432e-10,139580879805.72354
2160,189388,30.432789,2.2719129214850228e+16,0.09743910625310084,8.284176321889597e-08,72741661815606.81,3484340375.55,1.4955121664955557,1.3395226864640474e-15,0.000898159547396699,6.85683773276832e-10,670507156371.9316
2161,187647,7.951694,4406691442540244.0,0.0168562887224344,1.3394060402549508e-08,9341464003285.25,1090386360.74,1.4955121664955557,1.8044589923491973e-15,0.0004830298962935776,3.8158268527102734e-10,267686823774.6586
2162,274408,8.421534,9441027860376234.0,0.009959073526142094,8.769063329901492e-09,11164698809485.648,811295210.79,1.4955121664955557,8.920145268657636e-16,0.0003711981498476003,2.7862937318156187e-10,416134646541.9848
2163,32942,7.312142,2211096539105157.5,0.00437999630705033,3.2007718157313147e-09,1324453857134.1143,430124128.24,1.4955121664955557,3.30702068891088e-15,0.0002652082971084126,2.0065471195901708e-10,80195536120.38489
2164,104304,21.252693,2.0359874577683776e+16,0.032641878833499706,2.536157520163668e-08,31270604578441.176,2724372476.83,1.4955121664955557,1.0438518625893125e-15,0.0006708826209725218,5.064108286515524e-10,642699069682.5248
2165,176051,12.675602,4.090274740009287e+16,0.0901369886303073,6.580308346371304e-08,290861962796757.3,1646637703.09,1.4955121664955557,3.098961024796887e-16,0.0005287236207917796,3.7239087979919005e-10,1706131882786.2102
2166,177463,37.18473,8.233776886848307e+16,0.060158645647232084,4.579365754705943e-08,133208676269607.72,3352010430.18,1.4955121664955557,4.516120671109589e-16,0.0007866231976749541,6.085440274472223e-10,1741811733922.7
2167,161278,6.1605186,2631658961762482.0,0.007097797499028952,5.3057305943337464e-09,3032047074266.5845,958155629.56,1.4955121664955557,2.3409258910486485e-15,0.0004350943024155365,3.4639022078367316e-10,185864193343.01535
2168,172879,17.4146,2.571265332116682e+16,0.02475717559786352,2.0050673566922355e-08,36553964682456.99,2274908538.48,1.4955121664955557,6.772774393401163e-16,0.0005946183830219894,4.689681023776925e-10,877953920333.3525
2169,33646,24.633204,6509185670249151.0,0.036664051226889746,2.8707063872495857e-08,9688269413079.66,1606390756.77,1.4955121664955557,3.784375688127685e-15,0.0006322314509980141,4.68384903532071e-10,167063606549.8058
2170,50986,18.490355,3045649394300902.5,0.02828380397783878,2.1028693133213908e-08,4658782941356.73,2808843903.56,1.4955121664955557,6.071071422271923e-15,0.0007932029841091156,6.069121141134925e-10,130652882981.94362
2171,183690,4.9071927,4147803643534695.5,0.007841016698363755,5.5477068764450844e-09,6627617788575.854,876981162.63,1.4955121664955557,1.1830822097012685e-15,0.00039977844114677015,2.944854533707825e-10,337912647040.5766
2172,84720,17.455654,6971544465322508.0,0.025351935214687,1.8961512332496892e-08,10125208922631.37,2357383615.61,1.4955121664955557,2.5038431708822915e-15,0.0006509202763451265,5.117927631537238e-10,259968469237.53555
2173,59659,6.891564,3282443905438632.5,0.0009641650024775088,7.29710013044398e-10,459230667555.2201,124627457.45,1.4955121664955557,2.099522245782013e-15,0.00022989227476602158,1.7012553185647624e-10,109497422676.93533
2174,180065,12.814973,8835332234130631.0,0.06577596889823846,5.537308910422542e-08,45349493770902.22,1284549202.32,1.4955121664955557,1.4504234431045086e-15,0.0005074191139056948,3.91774020136392e-10,349842052207.6003
2175,155494,4.177158,8462214304184541.0,0.007347251821729129,5.400844780501118e-09,14884287226454.484,615414347.93,1.4955121664955557,4.936247003262973e-16,0.0003528000812813023,2.58702634736926e-10,714713184020.3566
2176,209190,21.559795,1.2346353815840454e+16,0.041340592724985394,3.01873056709092e-08,23673953520394.305,4022872103.76,1.4955121664955557,1.7462479466884094e-15,0.0008252178161824524,6.218627886776428e-10,472566234220.86096
2177,19991,41.682076,3.524445837676299e+16,0.06223979463618506,4.8128343596760016e-08,52627125660279.03,5821468372.07,1.4955121664955557,1.1826561655287457e-15,0.0011048830985081312,8.708277678243115e-10,934238649163.2219
2178,74783,2.5990877,1539286439237622.8,0.0018544837879384192,1.2799059219047383e-09,1098301433445.1384,238819916.77,1.4955121664955557,1.688501654888401e-15,0.0002698497650051188,2.107427069613707e-10,159816109284.74576
2179,88907,13.428527,2.698271395366343e+16,0.26034849468611965,1.9790532247293854e-07,523133249118271.2,7640066667.79,1.4955121664955557,4.976714730423481e-16,0.0007294988683028261,5.460440486490086e-10,1465824158743.2744
2180,58813,6.9247055,2703167202810390.5,0.005161193331137812,3.76777503586127e-09,2014752618735.2578,496675176.92,1.4955121664955557,2.5617007681954042e-15,0.0003387315649708133,2.5157783679970373e-10,132229169455.03885
2181,119305,17.255098,1.3954535761257894e+16,0.03343846162180155,2.501163268182869e-08,27042338936752.453,4741610918.24,1.4955121664955557,1.2365225397111015e-15,0.0006263544578260624,4.875657316098795e-10,506545119648.5286
2182,129023,12.217816,6370480176717015.0,0.021625742754525,1.4802715230394334e-08,11275858592442.639,2313007868.35,1.4955121664955557,1.9178799181659756e-15,0.0005958156907796118,4.2042013711872663e-10,310663710035.2855
2183,181186,8.072482,1.0176580915377686e+16,0.05294427840770355,4.1279893677198314e-08,66744247088104.85,2046369411.39,1.4955121664955557,7.932410764603452e-16,0.0005269833153664917,4.897845454865269e-10,664341939676.1863
2184,130822,4.1575584,4309099185478575.0,0.005332191024491203,4.1171292339069965e-09,5526546542425.288,447657724.62,1.4955121664955557,9.648323747131979e-16,0.0003183206964082088,2.496352216836623e-10,329923315957.16974
2185,156565,1.5744727,1831367816176527.0,0.0011058438204901218,6.362443170176134e-10,1286276213340.0608,66010365.17,1.4955121664955557,8.597250023139182e-16,0.0001375203246536765,1.0949068013933713e-10,159958503339.49298
2186,32938,19.385305,4222647088474548.5,0.008207037431351021,6.211012922705486e-09,1787716144496.877,800619410.77,1.4955121664955557,4.590794493082545e-15,0.000598946904484579,4.5398941891129114e-10,130466938868.006
2187,26849,0.16645393,97919402588531.23,0.0026978378050207265,1.9524250455619776e-09,1587049738918.0535,308370521.4,1.4955121664955557,1.6999075321104527e-15,0.0002907189295946268,2.1856151856094005e-10,171020437349.13995
2188,157550,22.861166,1.1257311714536014e+16,0.020713473301129517,1.6489559573197746e-08,10199743339492.58,2022171051.12,1.4955121664955557,2.030783776776875e-15,0.0006008276262516825,4.630002832813296e-10,295859969496.7409
2189,30306,22.61923,2.4790850116860496e+16,0.06752553116605128,5.56328295149333e-08,74008501712877.47,3632942702.65,1.4955121664955557,9.124023538271665e-16,0.0008027695428330562,6.289269363057236e-10,879841595613.7727
2190,18693,3.9846413,573450366165955.2,0.0048625353296184205,3.8574553414676285e-09,699792642631.2394,413942747.64,1.4955121664955557,6.9485373714921544e-15,0.0003942546486828199,3.386226474208841e-10,56739228359.09799
2191,212182,8.514695,4971018245475822.0,0.015222716182460032,1.139236152121242e-08,8887270758225.5,1062150205.44,1.4955121664955557,1.712867380390188e-15,0.0004657844218180271,3.548538469717606e-10,271932565912.9093
2192,215245,20.162083,1.7979915303600558e+16,0.019125180148627133,1.4377078412199536e-08,17055237756853.725,2539233116.78,1.4955121664955557,1.1213669619435e-15,0.0006274876874627132,4.841302404165523e-10,559573902886.5104
2193,143026,15.882643,1.3242357164834186e+16,0.027012682185401808,2.1995191864588424e-08,22522169986396.12,1674130525.15,1.4955121664955557,1.1993818624811932e-15,0.0005748138840853363,4.674058103080638e-10,479258443091.8469
2194,149522,0.35745075,283433477448987.94,0.0031570469652747036,2.3919301699248082e-09,2503317729330.778,474475781.07,1.4955121664955557,1.261145130833508e-15,0.00033612613003568303,2.4815612560678207e-10,266524543304.17365
2195,195617,12.998973,1.3872823376828524e+16,0.020909140076071992,1.6309597495232512e-08,22314748037149.832,1530996277.81,1.4955121664955557,9.37009911170058e-16,0.000530742052904728,4.1058788288331157e-10,566420959456.0026
2196,148889,8.05552,5655552657604385.0,0.019680704335239208,1.546383691058266e-08,13817265639795.848,874707222.41,1.4955121664955557,1.424355936138027e-15,0.0003961277529529307,2.949007311398176e-10,278110086743.47534
2197,199206,7.319018,5339488599676747.0,0.006023100435245122,4.6093890779620184e-09,4394069820391.121,473469580.9,1.4955121664955557,1.370733893961885e-15,0.00040012386711099347,3.243794317353993e-10,291904846647.149
2198,157755,9.336127,5047216332488431.0,0.024074656576090012,1.6709234618406962e-08,13015032879254.057,1898309348.05,1.4955121664955557,1.8497576455964995e-15,0.0006060177823662712,4.2888690932280485e-10,327620098670.19415
2199,90185,20.436047,5071878437229623.0,0.018727136586614266,1.4098603487227242e-08,4647756009012.059,2400991191.93,1.4955121664955557,4.0292856488813326e-15,0.000660428323572783,5.059065130691747e-10,163907049815.67648
2200,62704,0.117758214,134150983976249.5,2.7715900055206545e-05,2.0423702763168747e-11,31574147890.807396,3476088.5999999996,1.4955121664955557,8.778035800382073e-16,3.840072769411925e-05,2.829665695421701e-11,43746378537.72232
2201,136565,6.7884555,2552899721593159.5,0.016992456117985447,1.3296141468555597e-08,6390266017474.671,1588959003.36,1.4955121664955557,2.6591156098225455e-15,0.0006724012771525403,5.27443527630569e-10,252866507446.59146
2202,101584,39.676056,2.012088623350087e+16,0.06761282857777068,4.908214537768807e-08,34288439146736.77,5895671238.75,1.4955121664955557,1.971884117804919e-15,0.0008724273272457202,6.454376022531957e-10,442433365819.1321
2203,65223,15.364928,4562477733021835.0,0.011174677241289732,8.45552089500655e-09,3318220305821.8213,896976280.81,1.4955121664955557,3.36767188775373e-15,0.0004159790602442596,3.192654383186507e-10,123521255665.35571
2204,107788,11.627973,6376728874167301.0,0.00899033440828734,6.389660108143108e-09,4930259556824.364,748098323.17,1.4955121664955557,1.8235012385591553e-15,0.0004284806225781513,3.057122884573136e-10,234976874990.61777
2205,165983,17.065586,3.1102649657142812e+16,0.020908402183804,1.4977433304941567e-08,38106321576856.23,1907800973.96,1.4955121664955557,5.486859218787117e-16,0.0005588083862294089,4.0884645306211814e-10,1018448558541.5381
2206,47906,1.3420464,324289205308649.2,0.002996661963802118,2.172306546614518e-09,724106951011.5632,309015518.84,1.4955121664955557,4.1384245236367914e-15,0.0002840410326876592,2.2008897378772656e-10,68635064156.74528
2207,13274,9.396144,2.0358088031860684e+16,0.11732331573876707,8.87800836065034e-08,254197720894827.28,1343820439.71,1.4955121664955557,4.615435391228738e-16,0.00040611376047337887,2.996061476786715e-10,879903467493.3707
2208,175493,10.70192,1.1210644845901368e+16,0.02109110396066435,1.5428095773065615e-08,22093687479535.61,1477682219.28,1.4955121664955557,9.54621268188033e-16,0.0004580593550548796,3.271086573596155e-10,479833595080.40533
2209,66866,5.7120504,1048434665851339.2,0.004608537857987329,3.174227150671613e-09,845887292801.5818,1021782943.53,1.4955121664955557,5.448170101626465e-15,0.0004364079997004232,3.2142755406880547e-10,80101757390.08965
2210,2585,6.232613,3556744975739140.5,0.001416172543973925,1.0550290828970442e-09,808162576524.3206,80752942.47,1.4955121664955557,1.7523362069850895e-15,0.00023591715070047872,1.9521772703322685e-10,134630072562.60278
2211,248927,13.09856,1.912765611774186e+16,0.016612345726696582,1.2715700645410303e-08,24258791528938.348,1685704343.32,1.4955121664955557,6.847969201961149e-16,0.0005059782131639697,3.9296502831302705e-10,738873377262.073
2212,149117,30.069801,4.460066163105209e+16,0.1458628845591223,1.1635351333093649e-07,216349325316473.72,6763185795.99,1.4955121664955557,6.742007831351241e-16,0.0009663502631150805,7.614271594900843e-10,1433327114545.0503
2213,148995,3.166518,1316610876075811.2,0.012404985973130429,9.423219017402793e-09,5157886185959.278,1331036490.81,1.4955121664955557,2.4050522880669795e-15,0.0005875808415693015,4.61455235839521e-10,244311046576.68787
2214,194325,18.204554,1.4805463845268934e+16,0.01623699745945242,1.2334657567637785e-08,13205282526649.45,1878048951.61,1.4955121664955557,1.2295834963534251e-15,0.0005435256365055866,3.8765959251114794e-10,442040445498.43115
2215,57123,28.91373,3.4321419187370612e+16,0.049009597202291616,3.892446058303509e-08,58175784645704.18,4531667561.02,1.4955121664955557,8.424398141041761e-16,0.0008816075093133017,6.758664935434202e-10,1046493167290.2654
2216,119736,36.569515,2.607042027319712e+16,0.05525355771895964,4.2256085385784705e-08,39390280984657.09,4592098115.67,1.4955121664955557,1.4027205782177955e-15,0.0008323525641215665,6.328686905972118e-10,593384439529.0037
2217,47400,2.0105157,475240733433438.06,0.0023495695156876715,1.623290438241181e-09,555385436626.1636,199200986.05,1.4955121664955557,4.230520573173031e-15,0.0002926416915827782,2.2093598451376007e-10,69173919975.3583
2218,80970,0.50276953,759690883720575.9,0.00022773628150049889,1.893851167416246e-10,344112295246.5951,64867230.69,1.4955121664955557,6.618080337330007e-16,9.805139475244726e-05,1.1254840260960317e-10,148156851767.69104
2219,131493,29.211842,1.885706270502039e+16,0.06576164921414138,5.073438546993418e-08,42450987610319.77,3967218772.69,1.4955121664955557,1.549119417852008e-15,0.0007750664940767535,5.862526879639535e-10,500327144018.0204
2220,116151,7.541297,3132918821473253.0,0.009372300303870115,6.9647488370491715e-09,3893581703849.3735,892552833.32,1.4955121664955557,2.4071153546371528e-15,0.0003972293715880438,2.9065641287774774e-10,165022989373.07138
2221,133333,10.512738,5403246424851304.0,0.017413046987525833,1.3555471470723424e-08,8949807736206.945,1063609048.71,1.4955121664955557,1.945633638260226e-15,0.0004727626554945787,3.608588493217495e-10,242986472991.55472
2222,200118,1.9856863,944433000993749.1,0.0038659943379230743,3.07099541462866e-09,1838745946119.249,577315658.62,1.4955121664955557,2.102516851815455e-15,0.00034094723671979993,2.588742229482201e-10,162161476339.84625
2223,141435,10.047933,4790578441865306.0,0.023171359402677262,1.840764709859683e-08,11047467655604.256,1336250401.44,1.4955121664955557,2.0974362745405e-15,0.0004943604842527269,3.9219713480194335e-10,235697499015.0916
2224,192757,10.836893,1.2147465771262596e+16,0.013688754318654866,9.846733942554568e-09,15344220390206.217,2598913330.35,1.4955121664955557,8.92111425054349e-16,0.00048559363966876624,3.622634784080295e-10,544319494214.73114
2225,168922,18.333105,1.7544359902658092e+16,0.056094534195820146,4.294291754877415e-08,53681179293056.48,3367749104.52,1.4955121664955557,1.0449571886189138e-15,0.0006820035360025193,5.371225274460221e-10,652661700814.6538
2226,27506,5.6639338,3121977859874351.5,0.005677743818545526,4.038111210310681e-09,3129589984886.051,349216806.79,1.4955121664955557,1.8142133141930585e-15,0.00034419474186559194,2.647036966168029e-10,189721208180.35437
2227,35986,14.402532,8878319913489458.0,0.0212410284343445,1.6364903376221344e-08,13093853617658.1,1897832246.33,1.4955121664955557,1.6222136778510558e-15,0.0005579917737403855,4.1697733212889234e-10,343969343471.1736
2228,180157,16.903076,7895621055072861.0,0.0764504231522268,5.985894887905405e-08,35710871246745.37,2072841628.1,1.4955121664955557,2.1408165212209537e-15,0.0005365996426767188,4.2092558165888205e-10,250651859866.38617
2229,166820,25.524359,1.0347822711194204e+16,0.03199642987236552,2.6445470794149852e-08,12971663018467.834,2007268023.78,1.4955121664955557,2.4666405399841187e-15,0.0006491672807219982,5.351346242108934e-10,263178712179.18842
2230,154070,2.3125646,1783907255115232.8,0.0012775920118360806,9.157170100443423e-10,985531672927.8181,202544155.3,1.4955121664955557,1.2963479986803564e-15,0.00017364564273354179,1.3009413796907137e-10,133949867558.94858
2231,116633,82.205574,5.946032893464e+16,0.16287635881693038,1.2633931260479603e-07,117810525487373.06,8652441395.95,1.4955121664955557,1.3825280733034968e-15,0.0015062140544520916,1.1603889758052488e-09,1089463630820.206
2232,263613,10.121698,1.0888202320402644e+16,0.00814948315653292,6.343928313036063e-09,8766633959543.547,851537200.59,1.4955121664955557,9.296023073555177e-16,0.00038942302489759057,3.1713576874652103e-10,418913573918.93756
2233,69465,1.0998292,1377705235855304.5,0.00028680205600455154,1.8248631856152563e-10,359263687681.26624,53627819.11,1.4955121664955557,7.983051609128901e-16,0.00010099649305815505,6.058926720664086e-11,126513641653.85327
2234,128740,0.3135461,489177819478137.44,6.135936244417429e-06,3.5772372012678742e-12,9572958848.79764,10114733.4,1.4955121664955557,6.40965488448548e-16,2.6928670905475957e-06,1.5854662255007187e-12,4201266899.822734
2235,237286,7.797373,4910625152077638.0,0.0769599179062643,6.300644173420328e-08,48467773514532.61,357935227.44,1.4955121664955557,1.5878575045991867e-15,0.00033955716575953727,2.6797606483695607e-10,213846119551.67203
2236,140155,17.320272,1.6859740840602482e+16,0.06879390468347503,5.437785656947693e-08,66964733831922.41,2482951590.32,1.4955121664955557,1.0273154352579634e-15,0.0006065062429413571,4.880777128606588e-10,590379762754.232
2237,192806,0.46281427,392353498836904.1,0.0027650866021066336,2.166488312613366e-09,2344118306731.5195,224618440.85,1.4955121664955557,1.1795849186307e-15,0.00022980023740622313,1.650799206534285e-10,194814492603.87512
2238,262525,4.5724845,4988783971998386.0,0.0010399350623351566,7.357838278746815e-10,1134615408952.5667,92298019.5,1.4955121664955557,9.16552916635589e-16,0.0001466940225873826,1.0341074094895744e-10,160049703541.2375
2239,24788,10.538932,6601932086692061.0,0.02720964874677505,2.3737660384961252e-08,17045014915074.375,525141955.49,1.4955121664955557,1.5963405653996357e-15,0.00034356650173415163,2.4500123641014055e-10,215221306268.15308
2240,68753,2.8951323,2273553193571336.0,0.00034143567760249377,2.622268339064012e-10,268130121449.83588,56787636.88,1.4955121664955557,1.273395453506974e-15,0.00017668736021973352,1.5097259557810195e-10,138752937850.63437
2241,145055,7.813363,4097680473704129.5,0.007479342761912736,5.592990594854052e-09,3922505173717.1475,666087351.48,1.4955121664955557,1.9067770291364497e-15,0.00046391623161320445,3.46877249900989e-10,243298626176.18436
2242,142711,60.28544,3.863032597235026e+16,0.10488033686690261,8.31536292525678e-08,67206303897895.61,7215890462.82,1.4955121664955557,1.5605729043847428e-15,0.001222266513835233,9.750346696734996e-10,783216542079.5337
2243,54857,57.211765,5.269516267377791e+16,0.055979631469955125,4.2926924510988593e-08,51560300346046.35,5401282210.63,1.4955121664955557,1.085711896444522e-15,0.0011362344292366636,8.772663336947501e-10,1046534014186.9978
2244,112752,12.569318,3252662214433179.5,0.01760836565558642,1.3035913622499274e-08,4556656584378.633,1607482074.47,1.4955121664955557,3.864317033667258e-15,0.0005576962653066485,4.275347687957155e-10,144319490468.25272
2245,96469,9.460538,3089319029516589.0,0.006682937263875124,4.657469166102715e-09,2182299279634.5142,558309841.93,1.4955121664955557,3.062337657461155e-15,0.0003345915270007591,2.4764168567089026e-10,109260168024.108
2246,138950,81.48716,8.382257728727038e+16,0.12864063500680156,9.87012729247891e-08,132327468157451.61,8190160464.36,1.4955121664955557,9.721385650161219e-16,0.0015059667659208897,1.1738282817073544e-09,1549127686232.5845
2247,184900,17.969902,1.2108511484193188e+16,0.1598915813623296,1.52181814509114e-07,107738431136217.5,2280690661.29,1.4955121664955557,1.4840719293579932e-15,0.0005561231555133619,4.583000700800912e-10,374727898636.2472
2248,173231,11.673373,1.1727629834858616e+16,0.11653040008124482,9.232552650598055e-08,117072023369836.44,1900094422.32,1.4955121664955557,9.953735890693492e-16,0.000570058985720232,4.5178964642796145e-10,572708570912.7803
2249,339704,1.4165311,4735968923090103.0,0.00024843153914003955,1.6811459413070199e-10,830595282293.9572,16719101.040000001,1.4955121664955557,2.9910059018625244e-16,7.5658991159241e-05,4.5492407393956176e-11,252955004575.9773
2250,77759,0.14347108,130179888068298.9,0.00014981850807636963,1.6133313565308668e-10,135939289032.61432,22168856.36,1.4955121664955557,1.1020986584711755e-15,7.885874267132815e-05,7.841820313377655e-11,71553251666.88843
2251,117806,1.716333,972679761784275.8,0.0014228777888146014,9.47103809225693e-10,806372905882.6716,971676163.37,1.4955121664955557,1.764540671486341e-15,0.00014085577080286729,8.825429476653914e-11,79825743367.09338
2252,63451,6.601657,1824779081155007.5,0.005549291559859583,4.048107637234133e-09,1533892347582.1006,482904699.76,1.4955121664955557,3.617784239296207e-15,0.0003301748817075219,2.5800800471302455e-10,91264392752.10983
2253,42018,0.14216708,134099100113006.23,1.5753869905168593e-05,7.692459767169865e-12,14859837998.926891,4661014.6,1.4955121664955557,1.0601643104256093e-15,5.8376563003414354e-05,2.8504701698856392e-11,55063693834.3819
2254,96727,16.779623,5407870930870200.0,0.032944583890686066,2.235471435609785e-08,10617643647420.197,2112961737.31,1.4955121664955557,3.10281499216549e-15,0.0006009141217581097,4.375663993864712e-10,193667403076.0451
2255,118505,16.619244,9861224549897576.0,0.03086817726781879,2.3159303777546477e-08,18315997254989.758,2584361281.52,1.4955121664955557,1.6853123986688463e-15,0.0007739469961731983,6.011875063901012e-10,459230583471.9455
2256,188226,19.132303,2.5338668924152052e+16,0.03845874533044177,3.089639609062584e-08,50934454423304.01,3308747618.89,1.4955121664955557,7.550634588292706e-16,0.0006444297630234132,5.242976585749161e-10,853477618983.9785
2257,180662,26.284678,1.4943667310478608e+16,0.04901786261070086,4.06538266806408e-08,27868198770594.11,2551616631.78,1.4955121664955557,1.7589175035748416e-15,0.0007271401547359805,5.768881037595307e-10,413402080119.2401
2258,182616,21.339867,3.380997939435293e+16,0.04181106351580668,3.442033701337916e-08,66243674148737.91,2038593163.26,1.4955121664955557,6.311706597361686e-16,0.0007197707758744138,5.608523024387423e-10,1140374262921.6643
2259,133603,6.140747,1908694934218849.0,0.005618656009374985,3.953593719845845e-09,1746416236039.7402,638938073.01,1.4955121664955557,3.2172490689368113e-15,0.00041180688219936095,2.847229475658591e-10,127999689602.97151
2260,235774,7.377505,5963671289465938.0,0.023620619586681966,2.0964482137529077e-08,19093936346839.754,513303382.07,1.4955121664955557,1.2370743862143137e-15,0.0003391496102968183,2.6918347681039144e-10,274154581225.04788
2261,75386,66.37449,2.251054653693685e+16,0.09317269539966026,7.36658512330553e-08,31599011845754.207,10043745086.22,1.4955121664955557,2.9485952236249877e-15,0.0013245572936297317,1.0560847578045548e-09,449216387185.6673
2262,51928,34.695248,2.0543926033710108e+16,0.3818851542710431,3.4936034080357895e-07,226123772417372.03,6190067661.11,1.4955121664955557,1.6888324044327885e-15,0.0009764688196840299,7.670389904363474e-10,578191664916.5592
2263,152599,17.373943,4.3369825798118104e+16,0.024548412085568953,1.8514467948166464e-08,61279144047585.664,2535095923.24,1.4955121664955557,4.0059978753140133e-16,0.0006188046378306067,4.758185190031067e-10,1544695372016.6445
2264,114875,4.804859,2036658902809855.8,0.00515020813949975,3.3752040486213866e-09,2183043718584.8635,445067911.99,1.4955121664955557,2.3591868983908036e-15,0.00034089910988916524,2.390249367601896e-10,144498560127.51334
2265,32941,37.13562,2.0909198848541884e+16,0.22168180623515968,1.6211008898932648e-07,124817869411494.55,6294685945.93,1.4955121664955557,1.776042222803275e-15,0.0009796332852098513,7.114719274037261e-10,551582204877.773
2266,82829,2.1520827,2951112228281246.5,0.0005386013131559791,4.051950660279574e-10,738574275711.1272,54736735.5,1.4955121664955557,7.292446147510261e-16,0.0001780741783029405,1.3762125079379374e-10,244189912000.56708
2267,164519,7.155474,4306223675390226.5,0.008729386797621846,6.6062224267582145e-09,5253417467460.306,1399207799.32,1.4955121664955557,1.6616586920212816e-15,0.0005136218186329258,3.974584505551114e-10,309101875793.8454
2268,115216,4.5798664,1706063711678059.5,0.010912074735863956,7.797514671469436e-09,4064899082203.8916,1459761468.14,1.4955121664955557,2.6844638735650205e-15,0.0005876698663243107,4.2739624160657044e-10,218915170403.79224
2269,210117,2.5281212,2264809372106122.0,0.005673486127242134,4.249160152742769e-09,5082574582853.089,944416566.43,1.4955121664955557,1.1162622475590586e-15,0.0004221785046164761,3.2120143670131553e-10,378207276596.21014
2270,151723,94.83565,1.7040272287219658e+17,0.17200108931815583,1.347420353824933e-07,309055233520281.0,8750458315.39,1.4955121664955557,5.565383486925118e-16,0.0016619771300351255,1.328645296560358e-09,2986276029207.414
2271,35983,4.9066577,874065738832029.0,0.0040196411858253065,3.0265357613435513e-09,716053749363.4515,1676862039.62,1.4955121664955557,5.613602595333991e-15,0.00032566804948221307,2.3586500401174355e-10,58014090586.48137
2272,149897,16.46414,1.4677968447971452e+16,0.026243601139262863,2.1107927677178177e-08,23396469507866.668,1861841126.34,1.4955121664955557,1.121690652106246e-15,0.0005415137373046462,4.0855750796725685e-10,482765668313.11554
2273,172380,10.492642,7104935440679408.0,0.3128665416068354,2.7881149767949933e-07,211852894596537.6,835689440.98,1.4955121664955557,1.476810322571579e-15,0.0004934322779573281,3.5925841701110916e-10,334120279643.0292
2274,19992,7.1857038,5382376786366451.0,0.0060839618661686435,4.212657525676888e-09,4557128435714.929,557466354.38,1.4955121664955557,1.335042878863734e-15,0.0003302796847472727,2.3522613346428684e-10,247392566917.6832
2275,165181,0.30982548,1212089721827564.5,9.206317082833868e-07,4.591688503535104e-13,3601667077.8621755,6813845.3,1.4955121664955557,2.5561266168716565e-16,3.38761790714452e-07,1.69376448636433e-13,1325293467.3832757
2276,142443,7.86554,3590069310889161.5,0.0029411561642132098,2.46282919304196e-09,1342432240338.7852,433451902.79,1.4955121664955557,2.1909159180138286e-15,0.0002799411601991406,2.1103934039225192e-10,127773575378.88576
2277,22361,0.18749182,78200767465266.6,0.011473859222156211,8.180203294580974e-09,4785619964439.208,983093171.9,1.4955121664955557,2.397570076064481e-15,0.0004925159403190122,3.621016516729255e-10,205422959368.70306
2278,99591,0.48978382,404458465533930.2,0.00699265845175528,5.188841773821034e-09,5774465778391.391,834394260.21,1.4955121664955557,1.2109619694903179e-15,0.0004907115182013829,3.8958297830616205e-10,405224549213.4807
2279,216503,1.1841658,845697636781889.9,0.008211597029450093,6.045443182978189e-09,5864489754738.002,849419931.37,1.4955121664955557,1.400223612432067e-15,0.0004492413149463866,3.3630702577962826e-10,320835408685.96936
2280,202191,1.8820919,1042261106325797.0,0.0009257323720130151,5.977075586900316e-10,512650230424.92737,79923405.9,1.4955121664955557,1.805777735134715e-15,0.00014509541205770423,1.0020511495800249e-10,80350648495.99544
2281,138486,3.9641283,6510879668265597.0,0.0013934211307511542,1.0616585497359493e-09,2288623531569.1846,184365139.93,1.4955121664955557,6.088468074938307e-16,0.0002443228288052911,1.9450546579158049e-10,401287854018.62646
2282,102713,5.2140727,3530659927976370.5,0.0038539058626143497,2.8235956106126957e-09,2609635840966.6387,663372455.0,1.4955121664955557,1.4767983341257374e-15,0.00032179233187061784,2.363934440905938e-10,217898628698.7644
2283,175292,0.115497895,165099492059401.94,0.0009727720388714675,7.142820196417313e-10,1390537632805.0662,108484565.91,1.4955121664955557,6.995654169453438e-16,0.0001432798994456487,1.247999077707709e-10,204812725121.9495
2284,173999,21.206486,1.469829506114262e+16,0.04079342047002005,3.2532215825516354e-08,28274072876647.73,2962316301.16,1.4955121664955557,1.44278543271749e-15,0.0007598004290595215,5.997564925176122e-10,526620529865.23114
2285,104698,12.776783,1.0884530678796838e+16,0.03515054936509849,2.653695826191416e-08,29944723405021.22,978726656.01,1.4955121664955557,1.1738478559198961e-15,0.0004440783170885638,3.4678596205060824e-10,378309944384.1961
2286,108323,10.271774,7243289323638743.0,0.01824732437640905,1.3606959904794888e-08,12867363499295.898,1645972351.94,1.4955121664955557,1.4181090304480433e-15,0.0007609255658348016,5.942397697640044e-10,536577618149.98926
2287,233502,7.8395844,4544152388391752.0,0.030383180127551986,2.1347356863634826e-08,17611367324976.08,901362206.9,1.4955121664955557,1.7252027947008513e-15,0.00039777517453325943,3.2322606465664335e-10,230567198102.77917
2288,191858,18.628416,1.2849431870028454e+16,0.13295903847293344,9.597526439741464e-08,91711936557700.34,1668876854.51,1.4955121664955557,1.4497462758218237e-15,0.0006182748805379064,4.5350665395452824e-10,426471094183.3062
2289,124799,15.178247,6439493379627024.0,0.020927087048855715,1.6052566746414643e-08,8878485012530.42,1134700180.43,1.4955121664955557,2.357056076495124e-15,0.0005037940529025091,3.893733946590795e-10,213738679332.41394
2290,112131,31.655025,8947684463070462.0,0.08214127577256033,6.341463830351786e-08,23218247877135.598,3176936256.03,1.4955121664955557,3.5377895958053654e-15,0.000866180437870415,6.995568887074332e-10,244836617445.37186
2291,26848,5.047708,918942789366080.9,0.008052653464623182,5.7658908995443865e-09,1465997604572.0676,669578465.53,1.4955121664955557,5.492951311454424e-15,0.000534683070616652,3.938972150127976e-10,97339852530.94817
2292,127317,16.94979,6377612214632603.0,0.014251841865823976,1.0452643029759627e-08,5362468842651.814,1628154340.77,1.4955121664955557,2.657701570677331e-15,0.0006003532281940388,4.4986086129668563e-10,225891888998.29535
2293,176881,21.14367,3.05433673158872e+16,0.03753795096810179,2.6984290994899692e-08,54225942076493.65,5862087510.94,1.4955121664955557,6.922507849683644e-16,0.0007840969192369133,5.85863473494869e-10,1132677544414.408
2294,151824,21.472256,2.0170508560797748e+16,0.048109327366791445,3.7050980458582684e-08,45192717500484.73,2961943266.54,1.4955121664955557,1.064537165003973e-15,0.0006502105326655381,4.925015364644715e-10,610791763820.7694
2295,124236,26.930351,1.1670412912553408e+16,0.02804088111984893,2.1008353482406177e-08,12151667132019.928,2645707712.2,1.4955121664955557,2.307574822055531e-15,0.0007414196524460847,5.826589251524245e-10,321298206827.2206
2296,155708,19.856522,6827917847043706.0,0.01919165773025362,1.4474958174012555e-08,6599295804711.066,1919892156.74,1.4955121664955557,2.908137216178913e-15,0.000816008024112465,6.234943210175515e-10,280594746208.2418
2297,90351,28.358557,6557261242074819.0,0.009305491229176194,6.939017573577999e-09,2151679895967.352,1123247117.22,1.4955121664955557,4.3247563202205e-15,0.0005558465946038667,4.048826123215863e-10,128526685308.2549
2298,136332,8.171368,4347917383984276.5,0.008599848185846862,6.25732854399943e-09,4575908149880.071,1285088069.24,1.4955121664955557,1.8793751762854448e-15,0.00046289250572890543,3.4747838577476757e-10,246301276918.9626
2299,201805,27.65159,4.133208218238993e+16,0.05944752222353614,4.460337697563187e-08,88858900124103.08,4015922279.16,1.4955121664955557,6.690103314413063e-16,0.0007829590297634584,6.008863497822874e-10,1170324272984.9368
2300,132531,1.4506445,3435437343910073.5,0.005697644598242264,4.412576863809589e-09,13493244571725.865,906787715.67,1.4955121664955557,4.2225904732960023e-16,0.0003114866121381218,2.450658933138873e-10,737667112423.0206
2301,150493,23.037056,1.8310429089479988e+16,0.06838670070057144,5.215238869148847e-08,54355462514016.766,2615371471.66,1.4955121664955557,1.2581385115237758e-15,0.000786355664501759,6.225652859141494e-10,625015177024.8063
2302,274716,8.006233,5516613084283330.0,0.003708763633365318,2.77800341339416e-09,2555485705491.8706,372948675.37,1.4955121664955557,1.4512950025096965e-15,0.0002791870430847484,2.0531893610535916e-10,192370980815.0346
2303,161000,20.295494,9422348053046010.0,0.022993399446437652,1.7142435763819046e-08,10674872585365.549,2653106219.98,1.4955121664955557,2.1539741352941187e-15,0.0007505858801718297,5.667184464839578e-10,348465595697.29443
2304,163809,20.084436,2.1727919369707668e+16,0.03555951446544921,2.7882711085939416e-08,38469303451251.2,2613193568.5,1.4955121664955557,9.243607571556549e-16,0.0006877992418852156,5.429006169363699e-10,744080962503.9023
2305,183721,15.282947,3.5122000972318416e+16,0.018479110193831475,1.3670707353218241e-08,42467158081182.13,1834254421.91,1.4955121664955557,4.3513884678852247e-16,0.0006191115285580769,4.674468582076378e-10,1422790755473.425
2306,47907,119.49718,7.543637576459787e+16,0.23668643265245096,1.8961898013317698e-07,149415799368256.88,11396747128.86,1.4955121664955557,1.584079017434448e-15,0.0018248856399916396,1.461419859697815e-09,1152016799608.3926
2307,188689,8.748009,8218982345145837.0,0.05928991541030426,4.711569298800272e-08,55704420057464.6,1672644884.46,1.4955121664955557,1.0643664425397637e-15,0.000490978529370839,3.995242981952354e-10,461287118559.73096
2308,21169,29.215818,2851159706976103.0,0.021167430110414436,1.494241058407442e-08,2065720830785.7874,2230394963.02,1.4955121664955557,1.0246994557518441e-14,0.0009309157827569175,6.713382559186525e-10,90847689781.76967
2309,158637,28.225588,5.451048964514701e+16,0.035769226319409285,2.6293548136815e-08,69079093795993.89,3581083375.85,1.4955121664955557,5.17801035795922e-16,0.000755178928413164,5.725675848714939e-10,1458434565030.1062
2310,226542,9.214633,8521868313411182.0,0.02622244533949885,2.00973385591608e-08,24251017489121.055,1140243985.08,1.4955121664955557,1.0812925829302698e-15,0.0004466475512473119,3.621741573751723e-10,413068172572.59894
2311,2584,12.059451,2647889014887325.0,0.003874158100229266,2.986675741954986e-09,850647403064.5194,1176321023.4,1.4955121664955557,4.554364224556883e-15,0.00028486511487929746,1.9213590967361286e-10,62547723641.27584
2312,200518,4.702339,2877074508642083.5,0.01201416041146768,8.77550744545773e-09,7350732191483.971,1378623293.09,1.4955121664955557,1.634416830664355e-15,0.0005489506960662365,4.10209908965686e-10,335869458614.8504
2313,256304,13.544982,1.0599726570351474e+16,0.02767342617950745,2.212205274959473e-08,21656045815903.277,1887706160.18,1.4955121664955557,1.2778614533215138e-15,0.0004915011558336376,3.9051225636812834e-10,384627891040.9973
2314,80971,38.12318,2.1448637144700132e+16,0.07100894353239091,5.50601556276635e-08,39950630137747.01,4810569900.38,1.4955121664955557,1.7774173595649677e-15,0.0009732926919212002,7.827390662021754e-10,547588154624.20074
2315,47401,0.57432383,1680799092391685.0,0.001118555088091433,8.773176890801058e-10,3273530156069.2373,90371563.18,1.4955121664955557,3.4169689441155555e-16,0.000202433677871186,1.4900432003036664e-10,592436399575.132
2316,185162,29.642426,1.7406911481793778e+16,0.04602786618505649,3.4447932406877474e-08,27028927807026.57,3662132182.72,1.4955121664955557,1.702911285037761e-15,0.0007818695669704402,5.937315821581408e-10,459136993124.74915
2317,122223,0.19013591,190949459849695.12,3.1665143917877896e-05,1.871087052750857e-11,31800632122.47304,10355786.799999999,1.4955121664955557,9.957394493268768e-16,4.125282984587607e-05,2.432147833873449e-11,41429341655.35283
2318,85871,16.172148,1.855091762923643e+16,0.060933005487523284,4.348393104631235e-08,69895672838317.83,3573484298.4,1.4955121664955557,8.717707837003455e-16,0.0006206669512454521,4.635291104638837e-10,711961174714.9288
2319,115558,19.851406,9375996312122052.0,0.06706679849402149,5.040378446854516e-08,31676247785460.55,1636456446.16,1.4955121664955557,2.117258298655097e-15,0.0005585531247434956,4.2548926149508223e-10,263809628281.20404
2320,139381,3.0918899,1843628644846147.0,0.004983700021606533,3.5938123128535475e-09,2971675064223.395,482415337.57,1.4955121664955557,1.6770676180603724e-15,0.0003752379991551848,2.830688436610661e-10,223746493650.1306
2321,87361,7.6827607,8182940574347574.0,0.015459896973355619,1.1639413065356836e-08,16466400966843.201,1691714293.03,1.4955121664955557,9.38875289414227e-16,0.00035972032486028706,2.559428250198326e-10,383139623458.10583
2322,189014,49.23086,3.0900356942758104e+16,0.08738810063000604,7.080324210641367e-08,54850220004624.16,5240638717.77,1.4955121664955557,1.5932133111341902e-15,0.0011258311426575439,8.697794456858538e-10,706641812988.6686
2323,54450,29.992455,2.7138443687254424e+16,0.0742300952674068,5.488079147762168e-08,67166534393868.414,4322958322.64,1.4955121664955557,1.1051648851214693e-15,0.0007573259257501436,5.446453522326998e-10,685260575997.1332
2324,141687,26.507479,4.020867008199635e+16,0.0517965119924468,3.8211469568843674e-08,78569103538758.3,5100091765.53,1.4955121664955557,6.592478424664153e-16,0.0008165310025091374,6.129684201309652e-10,1238579711469.7947
2325,232762,10.39823,7232092672704206.0,0.011372562244753864,9.028975115872368e-09,7909752340557.664,825345421.05,1.4955121664955557,1.4377899275607485e-15,0.0003756827985176048,2.626660733311907e-10,261291855865.87143
2326,27507,12.377129,1.1099085218351608e+16,0.03551733020310463,2.5247770645494892e-08,31849863942808.684,1690151423.97,1.4955121664955557,1.1151485691393045e-15,0.0004579597832179894,3.6719372725052823e-10,410671542690.9013
2327,231643,9.630589,4840108789697411.0,0.00882246017760615,6.875627843251103e-09,4433962144203.942,1381391407.18,1.4955121664955557,1.9897463917545697e-15,0.00043030550096661457,3.3408182158353486e-10,216261480734.32047
2328,185600,1.3166515,997597017617219.9,0.005156185849244213,3.9171651131925705e-09,3906725223406.603,385893740.77,1.4955121664955557,1.31982301144489e-15,0.00027916647537035486,2.1947630255713357e-10,211518114890.82498
2329,192257,2.0851486,2132551261729438.8,0.009702691178920442,7.783313111607973e-09,9923267011175.07,928381974.92,1.4955121664955557,9.777718535633247e-16,0.00041942304431225426,3.317200812974102e-10,428957985222.9717
2330,103211,16.77415,1.1034363032299024e+16,0.02511678608356904,1.912709775905254e-08,16522311762485.54,2744279505.58,1.4955121664955557,1.5201738379369855e-15,0.0006093721651911685,4.699957160483963e-10,400856895431.21075
2331,150817,5.216584,1810723479220676.2,0.009544510631458884,7.4181824311818405e-09,3312985949819.645,849401749.64,1.4955121664955557,2.880939061023931e-15,0.0004325960256882698,3.4987845609133147e-10,150157992420.19318
2332,97827,1.9071187,1482583446996510.0,0.0020986426038128005,1.5392920405717129e-09,1631473062255.9114,150062044.35,1.4955121664955557,1.2863483022581524e-15,0.00024740015548495515,2.0276793042890744e-10,192327501852.06476
2333,54856,4.258369,1143651028226851.5,0.0009816559575010692,7.191408031316185e-10,263638929637.4063,132860393.28,1.4955121664955557,3.723486356325228e-15,0.0001886183645194843,1.3848239900527846e-10,50656386641.26461
2334,128876,25.269108,1.6165251753544974e+16,0.03003638994953473,2.1647446878938533e-08,19214995847968.867,3454004223.79,1.4955121664955557,1.5631744178966212e-15,0.0006843999007086404,4.970642528648106e-10,437826958318.2895
2335,150247,43.163662,2.018440207110138e+16,0.12209581649096862,9.205945783925597e-08,57095040991960.34,5937968944.83,1.4955121664955557,2.1384662200025596e-15,0.0011429405614180525,9.043822328015734e-10,534467437795.994
2336,132118,47.03457,4.3851689179311144e+16,0.13322120680718724,1.0156286207190506e-07,124205981961810.31,12519907645.04,1.4955121664955557,1.0725828555354834e-15,0.0011099558872139173,8.411136260419264e-10,1034843957728.3524
2337,84416,4.0853,1602564284087130.5,0.0024662982350112106,1.9662462852073363e-09,967469088031.7465,245604130.61,1.4955121664955557,2.5492269112481262e-15,0.0002704220266104859,2.1161841285827338e-10,106080014069.08286
2338,183396,26.228508,2.00801993529751e+16,0.04038495208811054,3.009996031997415e-08,30918185997831.355,2683687102.47,1.4955121664955557,1.3061876298610533e-15,0.0007389012429836079,5.677732864389612e-10,565693033750.6022
2339,155224,0.5577827,639929540051705.2,0.004204807583505874,3.2699760876767256e-09,4824066043853.344,337878423.6,1.4955121664955557,8.716314298523116e-16,0.0002772114622181817,2.1845470328708313e-10,318037478599.35724
2340,146571,8.193105,1.1200803000285808e+16,0.008200588705508223,5.92379066993654e-09,11211033982448.219,1306460136.02,1.4955121664955557,7.314747879943017e-16,0.00045534483237073445,3.4651270414613204e-10,622502429125.8029
2341,45059,0.55638814,155644819328054.88,0.0016391006050906517,1.1322893536358284e-09,458524363117.87646,133315028.79,1.4955121664955557,3.574729582404491e-15,0.00022204704095826273,1.635101226103792e-10,62115758923.75779
2342,82033,8.891366,3362400965104218.5,0.012836604556204115,9.126904902539654e-09,4854351012931.188,1492929527.11,1.4955121664955557,2.6443502997639693e-15,0.0006160981682299402,4.701536515620583e-10,232986593449.79074
2343,59272,0.41949576,1428311525277724.0,9.200127318325902e-05,6.072558867015788e-11,313248646012.23444,8571154.4,1.4955121664955557,2.937004656028609e-16,4.53151386737184e-05,3.198800981133356e-11,154290319495.0774
2344,157460,11.732256,4264490701899463.5,0.01612923525433589,1.1986230167255165e-08,5862723569180.935,2208976409.9,1.4955121664955557,2.751150564069536e-15,0.0006383913966657298,4.894134369028375e-10,232045241363.09476
2345,121684,21.985512,1.2709470517613668e+16,0.020026309825349618,1.5235930474733812e-08,11576887283856.656,1813179434.62,1.4955121664955557,1.7298527086184233e-15,0.0006385039716151123,4.832373016932383e-10,369108865994.1831
2346,76073,1.4358499,1509820538898322.2,3.52134570355426e-05,2.2515609327716084e-11,37027547710.85462,5395978.0,1.4955121664955557,9.51006999181309e-16,3.860809652683227e-05,2.48642637448999e-11,40597068749.303345
2347,171069,24.257862,1.2583222586354036e+16,0.03426119226286825,2.6313696146529853e-08,17772226106222.47,3504314050.49,1.4955121664955557,1.92779407926127e-15,0.0007498818505677223,6.013134250594114e-10,388984414173.05145
2348,117807,19.013433,3.4658786745336636e+16,0.05749634257536203,4.606274902837139e-08,104807662874783.95,5083203545.67,1.4955121664955557,5.485891107413987e-16,0.000745482284672004,5.940498420848498e-10,1358908279576.5144
2349,89936,29.232338,4.211583881697053e+16,0.04378007071055899,3.323631929863091e-08,63075160168217.65,3960385209.67,1.4955121664955557,6.940936906668201e-16,0.0008174832887969859,6.257861992537363e-10,1177770810755.569
2350,75686,1.4961021,620026463066849.5,0.00035179916853359476,2.435348493055054e-10,145795393359.67996,119275078.38,1.4955121664955557,2.4129649121745542e-15,0.0001386336613593531,1.0922467904224774e-10,57453658219.34683
2351,167796,11.524851,5422767618920022.0,0.009911920091900629,7.217920652523167e-09,4663838110851.194,925766051.31,1.4955121664955557,2.1252710442154713e-15,0.0004202728234818322,3.2088312470797696e-10,197750223260.09854
2352,69184,20.665691,1.0934528714482894e+16,0.018051662388770172,1.3573697305600778e-08,9551406760807.482,1381377334.7,1.4955121664955557,1.8899480297333787e-15,0.0006156543618357792,4.749044928473854e-10,325752005954.699
2353,186515,26.61806,1.8505256373994736e+16,0.07553210870946714,5.540658077282105e-08,52511003286382.63,3533508437.47,1.4955121664955557,1.4384053623491598e-15,0.0007729142905166815,5.910876948353412e-10,537341079745.6855
2354,102269,28.524775,7344518556684114.0,0.04226799911687633,3.113185178024707e-08,10883104384444.957,4596639321.46,1.4955121664955557,3.883818221691348e-15,0.0008969154157645331,6.861690257303083e-10,230936507469.68768
2355,161187,52.005856,3.4925852289336384e+16,0.0977842436319904,7.424290703005377e-08,65669490168864.414,11800308960.52,1.4955121664955557,1.4890361320081089e-15,0.001187837028267308,9.266385345131661e-10,797722098701.121
2356,76643,3.6000965,2038161698433088.5,0.011230578832754483,7.035472083854635e-09,6358089464588.955,381462510.22,1.4955121664955557,1.766344889499055e-15,0.0001683732147655804,1.244012956958773e-10,95322955197.79944
2357,189673,22.607925,2.8821770761157784e+16,0.04648012785448447,3.49210476204424e-08,59255309364802.65,5005574836.56,1.4955121664955557,7.844044416059269e-16,0.0007715745645350021,5.915119122561037e-10,983643798542.6779
2358,232031,12.892609,1.7435203958799924e+16,0.017844156125791676,1.5019974219557266e-08,24131384231527.297,1078318351.56,1.4955121664955557,7.394584560333074e-16,0.0004764634230221603,3.917526930262427e-10,644341029755.834
2359,44493,61.28039,4.062667923403184e+16,1.0246543983836558,8.082001138261048e-07,679308757154983.1,14687427597.61,1.4955121664955557,1.5083780204380358e-15,0.0014061834364496313,1.1338904521004e-09,932248691903.6868
2360,208727,22.672651,1.1917284650997288e+16,0.03327635004811834,2.4770934133135447e-08,17490841087337.057,3289554057.84,1.4955121664955557,1.902501422427856e-15,0.0007209054215862213,5.511006880862748e-10,378925036842.4145
2361,92715,0.40764672,194814245004097.4,5.9737285130352584e-05,3.417450298455193e-11,28548430614.783638,31761163.75,1.4955121664955557,2.0924892837863382e-15,3.926733007252293e-05,1.9259326562604992e-11,18765845243.168507
2362,145181,2.1978734,900810654941841.2,0.01311844047042466,9.849791301977485e-09,5376665895305.341,1611922417.97,1.4955121664955557,2.43988388452388e-15,0.0007074984818075232,5.420664949802939e-10,289972193470.0121
2363,51929,21.34742,4.947811103952722e+16,0.0447212001373882,3.2958658973954344e-08,103652830469378.19,3855496969.33,1.4955121664955557,4.314517986134497e-16,0.000776824063578704,5.860172706672455e-10,1800488643401.5852
2364,51433,11.574386,2589668797195210.0,0.01137743868641686,8.332024158139381e-09,2545603538556.2046,1309201857.2,1.4955121664955557,4.469446445250396e-15,0.00047180341556949523,3.536172210060957e-10,105561935096.20695
2365,132400,15.211114,9126060632785774.0,0.022502114465199015,1.667360562567018e-08,13500369596552.365,4016755836.17,1.4955121664955557,1.6667776614756869e-15,0.000671875556794955,5.137314744019782e-10,403098488973.0931
2366,55256,2.4396946,1352627040235957.8,0.008169211584139496,6.382236547786265e-09,4529212994985.481,828796104.67,1.4955121664955557,1.8036713206431316e-15,0.00039314511647680684,3.005974084501381e-10,217969378332.53558
2367,154413,9.219838,8627058772776577.0,0.004140251744513731,3.019495893639815e-09,3874058864592.9263,855724039.61,1.4955121664955557,1.0687116249971529e-15,0.00031422431249978613,2.3743490289028516e-10,294021609899.3246
2368,114874,33.087185,1.7383406809099874e+16,0.015262792542580913,1.1553675557035817e-08,8018794340182.758,2197384180.16,1.4955121664955557,1.903377477346932e-15,0.0004993172459017856,3.9153726349380263e-10,262332223557.55243
2369,133106,15.685475,7279508577009384.0,0.0365631399010801,2.6417278985465107e-08,16968672642193.281,2207294773.37,1.4955121664955557,2.1547436662879804e-15,0.0006192588522481342,4.754447610950177e-10,287393281129.7892
2370,155968,12.068755,1.4250307679398166e+16,0.010464856148726736,7.632127735246632e-09,12356487470331.258,1173838135.57,1.4955121664955557,8.469118893094454e-16,0.0004420887388382315,3.5245489261796375e-10,522000865047.13214
2371,149617,17.072266,8371517020922786.0,0.05101452504803467,3.981168190482586e-08,25015364964083.508,3164206076.16,1.4955121664955557,2.0393276340872966e-15,0.0006677466149350185,5.01741287151357e-10,327434691598.17926
2372,100018,1.0457889,1540306340413964.0,1.3187802248724948e-05,7.632956303305339e-12,19423858313.887794,10676626.040000001,1.4955121664955557,6.789486432412787e-16,3.996582324756164e-06,2.287609761598788e-12,5886428030.368557
2373,33644,25.432556,1.001146561583102e+16,0.10892403958915256,8.151211075975883e-08,42877690983329.305,4140948251.38,1.4955121664955557,2.54034294037666e-15,0.0008407707141282957,6.470612563976577e-10,330967406315.47705
2374,83152,1.1479818,1463392434595016.2,0.00020658077436997972,1.6954774131699418e-10,263339316307.80942,9634702.85,1.4955121664955557,7.844661301106807e-16,5.632449461004496e-05,4.533727137419116e-11,71799778789.80971
2375,68286,0.105489165,1208913287150138.8,0.0,0.0,0.0,1572064.8,1.4955121664955557,8.72594967077229e-17,0.0,0.0,0.0
2376,129677,5.6751328,1943531409594644.0,0.0042384500553676475,2.9663178387119533e-09,1451518598931.3203,531883155.68,1.4955121664955557,2.9200108482855155e-15,0.0002698163311897788,1.9657025545508096e-10,92402509856.49641
2377,87107,26.856129,9312914827018870.0,0.0655491197183498,4.798004446032994e-08,22730504791776.016,3129436144.11,1.4955121664955557,2.8837511669369404e-15,0.000766491579786701,5.848756759904184e-10,265796712481.55997
2378,128245,7.525099,2721034470110126.0,0.010930780135576702,8.058335955687127e-09,3952510064531.9404,2447438215.81,1.4955121664955557,2.765528729114352e-15,0.0005219820230618497,3.9529476519752077e-10,188745832782.94565
2379,110794,10.402147,8528064209911882.0,0.015105679387322475,1.1870537916506957e-08,12384193738987.582,882063710.48,1.4955121664955557,1.2197547701282472e-15,0.0003788435877458574,3.0395362366709655e-10,310589962034.76636
2380,146768,27.409227,3.2322343648935144e+16,0.07647394499681794,6.823259280029366e-08,90181935097144.97,5106451274.02,1.4955121664955557,8.479962745802623e-16,0.0007946916777375203,6.138263068725523e-10,937140529456.7758
2381,169909,12.558681,6641801074310093.0,0.020821268477272947,1.5697041480964086e-08,11011564298898.137,1931602479.51,1.4955121664955557,1.890854733451124e-15,0.0005925729197003078,4.5159712682646684e-10,313388918364.3229
2382,111338,16.867811,5539223824751454.0,0.009182223439805378,7.0458190414756425e-09,3015352190154.4424,936418059.74,1.4955121664955557,3.0451578657334473e-15,0.0004042266440038812,3.0493531595924015e-10,132744068395.45589
2383,163290,11.339571,6558128030202740.0,0.01527771340123392,1.1338438262397029e-08,8835713493397.256,1645943347.9,1.4955121664955557,1.7290865545437429e-15,0.0005061032231944388,3.741935760190237e-10,292699762116.87396
2384,117028,22.771112,9281024068051740.0,0.026456171322131,2.0163077346307334e-08,10782976377666.496,4421585128.39,1.4955121664955557,2.453512870243001e-15,0.0007548304624840297,5.949912171518772e-10,307652945961.22076
2385,99590,15.963598,9231416832156118.0,0.01758421239847528,1.3537183228867796e-08,10168584445404.664,1717438690.41,1.4955121664955557,1.7292684633623562e-15,0.0005922046402477736,4.49736535004812e-10,342459631222.50104
2386,22360,8.56474,2733541950116265.0,0.011672245430237118,8.870438432550676e-09,3725340469833.9976,1548086000.91,1.4955121664955557,3.1332023273451936e-15,0.0006181626151858416,5.078468452105908e-10,197294189970.0488
2387,138353,1.1730479,823606417004676.6,0.0008069905116788473,5.876740873780347e-10,566594564365.6888,130224574.56,1.4955121664955557,1.424282127701464e-15,0.00017626627628208858,1.3247640681635742e-10,123757978039.47084
2388,117501,1.02416,1312881700569210.2,0.0002683446794075203,2.2407252437888276e-10,343993925792.1075,27333693.86,1.4955121664955557,7.800855168869879e-16,9.890449727691897e-05,1.0629114865328382e-10,126786737012.63884
2389,41397,2.2706072,987282769197900.5,0.001759918521454844,1.2250890098097717e-09,765230213056.936,142340724.89000002,1.4955121664955557,2.29985498667693e-15,0.00022789498246771907,1.551395459095513e-10,99091022602.69264
2390,91283,0.13305297,99598443731539.55,0.0002769789118815272,2.0469327844754112e-10,207335984832.62222,16105562.2,1.4955121664955557,1.3358940663634737e-15,0.00010522578637813544,7.845931596550741e-11,78768061800.42223
2391,174671,20.578434,1.2717508389685122e+16,0.05581385299566593,3.958977547008385e-08,34493059274239.895,2558048048.63,1.4955121664955557,1.6181183742477963e-15,0.0007231883324704264,5.396124238306254e-10,446931660859.86145
2392,137167,0.3464286,497527261777707.9,0.0007437555997892027,5.493998973444298e-10,1068152822818.205,109445630.14,1.4955121664955557,6.963007389025893e-16,0.0001627148756847714,1.17537087675168e-10,233684766644.395
2393,185552,16.05537,6300407286728469.0,0.017656091534697077,1.3203192394128448e-08,6928558342806.818,1647544899.91,1.4955121664955557,2.5483066838900924e-15,0.0005279177363625938,4.0592927923686887e-10,207164129694.4315
2394,31855,3.4397688,711139488075922.2,0.003922020536632296,2.9383569133278947e-09,810840448533.6179,371483717.25,1.4955121664955557,4.836981854722664e-15,0.00038966749296776227,3.0334818484408216e-10,80560048532.59978
2395,192462,21.011456,2.4270172324610964e+16,0.09568018334634826,7.166598841554997e-08,110519448907598.05,2443544580.75,1.4955121664955557,8.657316363054212e-16,0.0007458312703479847,5.72736987318619e-10,861504003169.9421
2396,140065,10.423241,3813319405311204.5,0.019377115257133915,1.493401869786159e-08,7089074274400.886,2167527548.73,1.4955121664955557,2.7333773786382738e-15,0.0006303809501984526,4.731193253361987e-10,230623460604.0746
2397,2588,0.66091335,499527324509599.3,0.001979410764117398,1.4562171706369973e-09,1496065653848.671,337152373.05,1.4955121664955557,1.3230774725863856e-15,0.0001938973997627275,1.4334428253051487e-10,146550299419.49802
2398,237092,9.20766,9205842174599006.0,0.004705291294742094,2.8164154889721243e-09,4704362351011.042,849295422.25,1.4955121664955557,1.0001974643239062e-15,0.0002648928144641814,1.758016959306692e-10,264840517910.36926
2399,133191,34.23071,2.120410366634712e+16,0.027724170429868356,1.8904682155781102e-08,17173648570491.35,4801134407.87,1.4955121664955557,1.6143436449203612e-15,0.0006951180021999424,4.619707700224091e-10,430588619955.34656
2400,119470,38.861725,3.242057303978377e+16,0.025333764646450874,1.707853556570428e-08,21134809818476.98,8241515862.64,1.4955121664955557,1.1986748337949547e-15,0.0006297490033545173,4.397552534072026e-10,525371006047.3682
2401,137020,0.29821426,959748244232329.2,5.076103038140621e-06,4.426589167006796e-12,16336512473.943577,4453769.84,1.4955121664955557,3.107213394680724e-16,2.7848026486063526e-06,2.4284726184534204e-12,8962379775.311506
2402,216341,13.320032,1.8720076890914108e+16,0.011857977284818308,7.418016844212468e-09,16665293787771.055,2869983708.35,1.4955121664955557,7.115372483574012e-16,0.00037944865545907846,2.501208106191933e-10,533280100704.5572
2403,174585,10.229747,1.350162660764228e+16,0.0032220605076180918,2.290139761838928e-09,4252603498511.725,376666668.75,1.4955121664955557,7.576677460632551e-16,0.00026127219645722457,1.98194872710707e-10,344837427506.66315
2404,98286,14.865337,5690016460810942.0,0.004205590442055325,2.9643755604772883e-09,1609777083608.9329,1091072002.9,1.4955121664955557,2.612529700464415e-15,0.00024843428224261173,1.7508772771108375e-10,95093381023.9359
2405,201441,2.961854,2420427901379497.5,0.001213963478290067,7.763062222554311e-10,992051287507.4133,321227433.1,1.4955121664955557,1.2236902401893163e-15,0.0001395816380083423,8.881201240362976e-11,114066152874.39713
2406,122080,36.899982,6403020929808919.0,0.011271165636908676,7.735050776554883e-09,1955814219000.6848,2216199782.58,1.4955121664955557,5.762901980878139e-15,0.0005244539374363303,3.6992335111077497e-10,91005180927.33812
2407,171702,17.090012,1.012529331515056e+16,0.018659120215166372,1.2880653188444586e-08,11054940463541.787,1848816831.58,1.4955121664955557,1.6878535236532927e-15,0.00042360426403125097,2.864688998013028e-10,250972171515.43823
2408,56687,18.911127,2.5498330950867184e+16,0.012649806543993444,9.164577399582731e-09,17056040801967.555,2871938193.96,1.4955121664955557,7.416613674220446e-16,0.0004731136739811766,3.361019696636408e-10,637910635180.6913
2409,34596,26.814112,1.7137574100548548e+16,0.044041808426762426,3.3223597923456284e-08,28148228643029.63,3370338612.51,1.4955121664955557,1.5646387197323174e-15,0.000537292974714383,4.0518201259995145e-10,343397468015.0473
2410,175167,13.40013,6299667446394227.0,0.12600623979236833,9.807402858784479e-08,59238037755046.23,2387715857.41,1.4955121664955557,2.1271170445147707e-15,0.0005480182461103003,3.7591685255238713e-10,257634269596.72168
2411,186167,5.2763753,4561120792460946.0,0.006344752783967466,4.185852544070707e-09,5484671237464.568,1771604289.98,1.4955121664955557,1.1568155153271307e-15,0.00030596843987485615,1.9585728387536486e-10,264491991869.88144
2412,114331,6.4730964,2152880493700297.2,0.006102668980413876,4.2418769073307365e-09,2029680418082.9,1391191281.17,1.4955121664955557,3.0067142226154245e-15,0.0003203484612413545,2.3509979542608814e-10,106544366216.05353
2413,90790,43.491653,4.7216100338442216e+16,0.03312145380556543,2.3755406093076014e-08,35957839685666.945,4976796931.49,1.4955121664955557,9.211191243718648e-16,0.0007130190934020334,5.032236875723479e-10,774079133237.2561
2414,257626,8.559743,5275869404028913.0,0.00450173568842233,3.09520907632188e-09,2774682555723.041,311231221.85,1.4955121664955557,1.6224326920342947e-15,0.0001442599513136287,9.168947012568879e-11,88915831160.14981
2415,118923,14.623912,6271011128097158.0,0.04344672303297925,2.887904178316327e-08,18630779754361.758,1185380515.07,1.4955121664955557,2.331986293961083e-15,0.00026388689828084127,1.9406623328001258e-10,113159712372.32542
2416,1,48.18594,9236163951998836.0,0.061318052890999314,4.2315289317756385e-08,11753295457525.697,7197339059.42,1.4955121664955557,5.217094483210412e-15,0.0006745462370465388,4.830493981843822e-10,129295384474.51068
2417,156826,4.2355227,2817338362491256.5,0.008276505429736321,5.644207574775344e-09,5505274769171.541,1357803145.18,1.4955121664955557,1.503377356582296e-15,0.00035742319201654166,2.3798634834092126e-10,237746824143.40063
2418,104116,19.733786,1.4977932807548736e+16,0.019148528217287315,1.13114482364057e-08,14533722469777.488,2339671492.19,1.4955121664955557,1.3175240037166115e-15,0.0004115428920673576,2.889122611129405e-10,312360830547.62854
2419,23709,8.4327755,1878872129243486.0,0.0039689469473450515,2.571032117801837e-09,884304794051.8077,836563675.89,1.4955121664955557,4.488211501330532e-15,0.00021853338543230795,1.300628064704569e-10,48690527477.93272
2420,72548,18.154755,5406790282236596.0,0.00596079668068927,4.264981533751685e-09,1775225144461.5417,597375833.34,1.4955121664955557,3.3577694070445857e-15,0.00031351746273571934,2.454416262395262e-10,93370754429.40218
2421,134719,25.081194,2.2261197973633268e+16,0.028390353677748614,2.1370413181760934e-08,25198293341291.06,4803088755.16,1.4955121664955557,1.1266776401569587e-15,0.0006210034953423671,4.621257750882185e-10,551181165941.8877
2422,70015,1.5908184,1563268879906885.8,0.00031751652441759263,2.2210660933258246e-10,312017827728.30475,95578790.26,1.4955121664955557,1.0176230208681408e-15,4.433161647709126e-05,3.127471646162853e-11,43563889149.51203
2423,190307,4.5044346,4652186572264326.0,0.004034330583666735,2.8405304947192745e-09,4166662464010.3965,573439765.46,1.4955121664955557,9.682403166835135e-16,0.00028438493277441835,2.057802784585069e-10,293713170040.79535
2424,89696,37.440002,1.4441537622134198e+16,0.026725097453725016,1.85965558292673e-08,10308533112075.494,3914424207.37,1.4955121664955557,2.5925218615652537e-15,0.0006585561876228167,4.697312917923948e-10,254021459716.9139
2425,188384,35.74856,2.212488980517605e+16,0.030978004375294334,2.139620017208615e-08,19172378780785.816,3879783504.69,1.4955121664955557,1.6157621716894037e-15,0.0006091769556073569,4.284508155702973e-10,377021424489.9765
2426,154598,158.03004,1.782092193994854e+17,0.5490440798215817,4.0412232950475956e-07,619152642629925.4,14377997749.77,1.4955121664955557,8.867669166192215e-16,0.0022673211914778406,1.7213217154291497e-09,2556840077121.901
2427,19986,2.3464658,361234742590181.5,0.0065398794257793495,4.654756281156489e-09,1006804216341.9673,553345293.11,1.4955121664955557,6.495681404216566e-15,0.0003859495228518811,2.6991055282693273e-10,59416325837.86333
2428,42672,0.78892237,407891323544687.9,5.4240774037975855e-06,3.861587358025981e-12,2804374923.788549,15935447.19,1.4955121664955557,1.93414844705214e-15,1.4450129830907036e-06,1.0189245479913147e-12,747105520.9299297
2429,123486,7.315142,4738767932064724.0,0.0044340608548115255,3.159621977967274e-09,2872396104901.908,826550173.75,1.4955121664955557,1.5436801516491917e-15,0.00027779836920255335,2.069833397089216e-10,179958503000.6166
2430,211766,9.172139,5091675768253366.0,0.0032532121664643116,2.0584834966986556e-09,1805936603988.8157,246444068.33,1.4955121664955557,1.8013988748435928e-15,0.00023740826771941675,1.540951611086267e-10,131791060289.20432
2431,53960,9.097345,1.6920907712529108e+16,0.007453381176722153,5.148505787826957e-09,13863162828013.795,1141738426.45,1.4955121664955557,5.376393013043774e-16,0.000385244902737513,2.6983424750985926e-10,716548998190.5391
2432,136896,37.426575,2.370054643895889e+16,0.036865750150446845,2.7094939693482658e-08,23345401588249.02,5169935015.86,1.4955121664955557,1.5791439702199568e-15,0.0006830205695194996,4.986807593240031e-10,432525838302.3573
2433,94410,2.7272427,1234011857508413.8,0.0009483113034246075,6.838595159986145e-10,429088101706.2489,149083439.34,1.4955121664955557,2.2100619887936572e-15,0.00019069864251952486,1.2873509093233583e-10,86286558244.28528
2434,56304,6.98138,1830447948114647.8,0.0029934150884755708,1.952357475486548e-09,784843470281.7402,220822594.4,1.4955121664955557,3.814028149334039e-15,0.00021962797576705658,1.5642377045738335e-10,57584256635.7056
2435,37357,1.2462175,2634121271998873.0,0.0,0.0,0.0,4779156.7,1.4955121664955557,4.73105590561638e-16,0.0,0.0,0.0
2436,117968,23.161488,9395017484661512.0,0.01763164647883311,1.2465470760623686e-08,7151942351545.275,3081550785.37,1.4955121664955557,2.4652948265198965e-15,0.0005306365197892125,3.9335078690775433e-10,215242620915.3568
2437,98948,0.3483813,309203547546092.94,0.0002792115348767541,2.1373638293944065e-10,247812374256.83298,8701792.16,1.4955121664955557,1.1267053782688792e-15,7.506835731049961e-05,5.717727587928975e-11,66626430261.509895
2438,64752,11.613381,3876118668030638.5,0.007204983017225147,5.096565984184251e-09,2404757854401.755,801424963.37,1.4955121664955557,2.996136598134772e-15,0.00036303646875150735,2.567175449785697e-10,121168196729.58626
2439,140612,71.87937,5.7012050399735384e+16,0.1449556153466998,1.0526328911615746e-07,114973417934390.7,9152874888.88,1.4955121664955557,1.260775037838906e-15,0.0009339739698259208,6.727466396864741e-10,740793513350.9982
2440,121212,23.982584,1.7228492352158322e+16,0.03346718969555116,2.3563671081428724e-08,24041997381017.613,2391444898.95,1.4955121664955557,1.3920303361306917e-15,0.00043926502247037505,3.054075069056112e-10,315557075926.4936
2441,71527,25.024347,3.9002598456700424e+16,0.10093997292385806,7.576881577092845e-08,157323634945577.2,6575540182.08,1.4955121664955557,6.416071746548199e-16,0.00051883036042953,3.830266554235792e-10,808641768553.5657
2442,35345,2.799003,977873510929295.0,2.8374866106740644e-05,1.810722230053865e-11,9913183352.053259,58396601.55,1.4955121664955557,2.862336456317387e-15,3.501224623989997e-06,2.1771581520932627e-12,1223205125.4011514
2443,135455,22.945612,9577962155735574.0,0.06245381758979243,4.77562822678661e-08,26069485588627.777,2288552669.58,1.4955121664955557,2.3956674318513017e-15,0.00044180671097251046,3.3819263487481805e-10,184419049613.69998
2444,91916,0.8862592,1122685353635322.0,7.263268500324636e-05,5.372378494298506e-11,92008806958.90388,282873651.15,1.4955121664955557,7.894101380500244e-16,8.418425198048767e-05,6.288315049091012e-11,106641969646.39561
2445,115779,18.565226,7350424888019206.0,0.012692045869925719,8.456469320983796e-09,5025089909607.531,2206961508.05,1.4955121664955557,2.525735081010121e-15,0.0004480835441668371,3.1133011894062076e-10,177407182382.57767
2446,25782,6.5565414,2.186541686590835e+16,0.01244415212143034,7.697056637164083e-09,41500016102674.516,1597475911.1,1.4955121664955557,2.9985897091322724e-16,0.0002823296797694387,1.8354356552696084e-10,941541548380.5514
2447,176239,9.71626,6885377715231265.0,0.005698555616356798,3.822563264670837e-09,4038252151534.5474,701484948.05,1.4955121664955557,1.4111440797948515e-15,0.000351579175031506,2.2668851309700994e-10,249144775551.63443
2448,78465,42.97678,4.612635121464742e+16,0.047109533031593896,3.365878140896144e-08,50561974772733.89,7602018424.48,1.4955121664955557,9.317186135102904e-16,0.0008526767619693301,6.142470401677403e-10,915165533461.689
2449,97367,18.889591,8478218334684154.0,0.09866850615582588,7.653678930761577e-08,44285402365049.586,2476531754.98,1.4955121664955557,2.228014218827464e-15,0.0004581687636928682,3.3220487710089835e-10,205639963973.83334
2450,174154,26.853128,3.018470161240735e+16,0.126585994982034,9.193670137918365e-08,142291076363334.28,7729116010.02,1.4955121664955557,8.896270814538079e-16,0.0005118467656893829,3.8916199122980974e-10,575349802585.7473
2451,31173,50.33503,7710705616484645.0,0.039310334643085254,2.7869657386060634e-08,6021858298650.629,5140848178.89,1.4955121664955557,6.527940827151956e-15,0.0007772787870431143,5.636930757968373e-10,119069520944.51346
2452,57449,1.3267411,623702506622020.2,0.0003096355744829842,2.797240224306146e-10,145560037255.48752,105269031.62,1.4955121664955557,2.127201808416074e-15,8.328527088572706e-05,7.635395293664926e-11,39152500978.6174
2453,76833,19.419975,8127159987249280.0,0.03211338632944484,2.5691986171167672e-08,13439287559934.66,2907407121.24,1.4955121664955557,2.3895155294676177e-15,0.00044099490614585133,3.2198301684927806e-10,184554107603.60477
2454,139943,11.559553,7377357499749544.0,0.005855168022421359,4.133391625934083e-09,3736793950640.126,441067202.49,1.4955121664955557,1.5668961413883546e-15,0.0003144043915008654,2.2634191387621092e-10,200654263672.0556
2455,111735,151.93858,7.969628158770008e+16,0.13786864285986764,9.891367704329982e-08,72316183180559.31,16017309461.88,1.4955121664955557,1.9064701259970634e-15,0.0014256579351277106,1.0236120402830055e-09,747799777026.1975
2456,128581,55.985283,2.5884231369852796e+16,0.09137189474428976,6.556188332409901e-08,42244874680066.055,5886958336.26,1.4955121664955557,2.162910777609789e-15,0.0008005758186018434,5.573986294575087e-10,370138161448.5974
2457,129530,22.512247,4.327008572475043e+16,0.01965557771110536,1.4516984237728019e-08,37779371047635.664,2816119063.01,1.4955121664955557,5.202727617228413e-16,0.0005547070826281121,4.1126961080554336e-10,1066185131028.6633
2458,136044,0.12824929,94349064695921.11,0.006479218967983075,4.548911265389803e-09,4766562447162.666,801484778.14,1.4955121664955557,1.3593064267604175e-15,0.00029130164828586335,2.162426632534107e-10,214301678084.54443
2459,9192,0.50585175,228486707717298.88,0.0004313859495833496,4.722955666864914e-10,194851466612.10568,51213358.89,1.4955121664955557,2.2139220047140698e-15,8.323190282478477e-05,9.172359739611395e-11,37594776440.88652
2460,211053,0.20008889,148168860989808.84,0.0021846048238600185,1.4169201348703688e-09,1617733040870.8896,342026252.64,1.4955121664955557,1.3504112042392109e-15,0.000198481546999469,1.3019762815278098e-10,146978599093.6655
2461,120812,4.358216,2263443499107368.5,0.0029829662779382966,2.516111284945555e-09,1549206287585.5493,258212898.44,1.4955121664955557,1.9254803584532787e-15,0.00020129237470514264,1.6422974681272972e-10,104541380451.59755
2462,34593,0.6723583,174512470418395.06,0.002609607060551319,1.8575646493075007e-09,677330784729.0604,196644040.86,1.4955121664955557,3.852780826424699e-15,0.00027282451674583776,1.935880452615116e-10,70812363598.42802
2463,140270,27.415403,2.199040571911236e+16,0.068630536909561,5.113929808095809e-08,55049832802449.125,4053718308.8,1.4955121664955557,1.2466983715617695e-15,0.0006239900466235298,4.315353295202426e-10,500514046426.35596
2464,22358,12.194993,2744747427894963.0,0.004930170667551039,3.160620949836185e-09,1109641740576.965,897100936.55,1.4955121664955557,4.443029211380933e-15,0.0002595897889621306,1.791735810691851e-10,58426307055.82235
2465,92954,0.8988548,1183931128139148.2,0.0007461809586032384,5.667685008423225e-10,982836008791.5013,15825026.7,1.4955121664955557,7.592120678613975e-16,0.00011203236255372279,8.722063700807138e-11,147563990742.80197
2466,176410,16.138386,1.233553863451557e+16,0.033419852340871255,2.257777980919391e-08,25544802293774.79,4917125674.4,1.4955121664955557,1.3082838518979494e-15,0.000445205464059593,3.158048125263535e-10,340297301242.1777
2467,57450,34.0309,2.9717941622985024e+16,0.03915935672603537,2.7826200017921058e-08,34196435509433.043,4542343825.24,1.4955121664955557,1.1451297815888826e-15,0.0006372213322661448,4.662994273928257e-10,556462108060.7927
2468,119591,7.6960807,3041809491333299.0,0.006328399592214127,4.356552673358435e-09,2501245334465.7246,938304895.95,1.4955121664955557,2.5300995088376232e-15,0.0003244585018793446,2.314831764545678e-10,128239423289.87965
2469,57904,0.9166256,712507335386984.0,0.0013729939223235232,1.0250607986065421e-09,1067249530339.6034,257245450.73,1.4955121664955557,1.2864788255157448e-15,0.00012837048253050472,1.11329343494934e-10,99784372649.15063
2470,167182,46.316536,4.934403403043177e+16,0.06994127696290985,5.3650980175905756e-08,74513015191586.8,10680030970.62,1.4955121664955557,9.38645104926674e-16,0.0008501142284761074,5.963311125547e-10,905682269064.3206
2471,174081,17.402136,7460048115012708.0,0.030705690472992587,2.3277503874554006e-08,13163092641800.525,2001665414.34,1.4955121664955557,2.332710959997656e-15,0.0004262816108068873,3.24044691716156e-10,182740861648.50687
2472,36606,1.8991997,1274870351674940.8,0.00033017835052446897,1.4164151402804726e-10,221637877179.83612,28587624.1,1.4955121664955557,1.4897198742639262e-15,7.502435261970948e-05,3.19182412866311e-11,50361382643.686066
2473,72857,41.584362,1.8380244443043096e+16,0.0588632981252155,4.8774152214479356e-08,26017516110146.914,3692153912.7,1.4955121664955557,2.262448800877599e-15,0.0006643810045048579,4.784227172926779e-10,293655708030.6728
2474,176476,10.973423,1.4833572442150524e+16,0.02323706472725614,1.819218751433962e-08,31411227196353.832,1825261423.81,1.4955121664955557,7.397694009851823e-16,0.0003074738469836871,2.3669284435486405e-10,415634718838.34503
2475,98056,16.252398,5021859535533411.0,0.01713126378367162,1.2172005565109723e-08,5293421954579.842,2739814272.62,1.4955121664955557,3.2363306629749662e-15,0.00044147336094572443,3.074122411147548e-10,136411697975.23232
2476,186587,1.4359548,680979424961247.9,0.0019888469161630615,1.2603619789623792e-09,943179986796.7102,256777839.37,1.4955121664955557,2.1086610657608564e-15,0.0002063108067451211,1.4752325581321258e-10,97839719286.83528
2477,4,0.289505,848039883661158.2,1.3221170246177733e-06,1.1749284222523926e-12,3872844917.163065,14843311.14,1.4955121664955557,3.413813496013287e-16,3.7708219853216615e-07,2.832029866936798e-13,1104577619.6401167
2478,152876,21.605616,9524476198913564.0,0.012039901268546958,8.484952994331637e-09,5307590076096.174,1976898523.33,1.4955121664955557,2.2684308878281944e-15,0.0004606754070331271,3.2332626651063205e-10,203081085478.5088
2479,151957,10.590649,9973082247912186.0,0.007236588390340678,5.456638247661822e-09,6814605149425.123,1925099647.54,1.4955121664955557,1.061923358971305e-15,0.00031555487563234545,2.7071819040659414e-10,297154095883.17786
2480,271049,33.655346,3.611451635511793e+16,0.015272454220476645,1.1402945038047073e-08,16388400752979.74,692006225.13,1.4955121664955557,9.319063190287074e-16,0.0005118705942373565,3.877650842082176e-10,549272586509.4046
2481,79467,5.750484,2675215393597885.5,0.0006704375716567919,3.8728591044233514e-10,311898078864.7764,268693469.44,1.4955121664955557,2.1495405617662056e-15,0.00010615038420232,5.907730873353061e-11,49382824446.49464
2482,133459,0.37507084,236554130523573.34,5.458516376019478e-05,3.83333672659259e-11,34426419160.65707,50502606.64,1.4955121664955557,1.585560307781745e-15,8.422307256502934e-05,5.4254360609008175e-11,53118807371.547035
2483,283467,11.425158,1.1442096064226148e+16,0.004468082388950262,3.1799511535488483e-09,4474706425700.717,902643438.84,1.4955121664955557,9.985196712096217e-16,0.0002946372386710085,2.088287490613014e-10,295074045275.52325
2484,58379,1.9844317,1083639666543928.9,0.0015299452506517246,9.26532304422468e-10,835458011100.459,265963691.63,1.4955121664955557,1.831265282424538e-15,0.00012836607496626335,6.902974295953216e-11,70096930356.4313
2485,71189,0.88395804,3074760887648657.0,0.0002849077997119959,1.462673681785932e-10,991023690604.6832,1110446497.05,1.4955121664955557,2.874883843979113e-16,8.321517479513616e-05,4.2596839489214626e-11,289455780863.6833
2486,4966,5.1679807,969978226063665.5,0.004376920521966714,3.0083949506807276e-09,821504152196.0262,381386892.58,1.4955121664955557,5.327934752692886e-15,0.00027997380583319676,1.9396311951165168e-10,52548279742.29418
2487,165295,11.444931,6125823640975057.0,0.01260562324362056,8.867672142450568e-09,6747076489582.637,1247905163.87,1.4955121664955557,1.868308928034744e-15,0.00032891442143844315,2.2300844698683547e-10,176049269209.68314
2488,178568,41.43358,3.012796251984107e+16,0.016497123515293716,1.2507645614102794e-08,11995698150001.951,1903543006.18,1.4955121664955557,1.3752533040597585e-15,0.0005429385947688429,4.4070308341304886e-10,394791703583.6845
2489,60549,3.6820977,1873086889929477.2,0.00042199194706820677,3.0402679570793304e-10,214667737824.90128,57467983.58,1.4955121664955557,1.965791186621691e-15,9.429009307778659e-05,6.608012754802955e-11,47965467400.34416
2490,85352,2.0785365,523863114076182.2,0.003016098038542296,1.9074088401387735e-09,760161060837.677,373409561.94,1.4955121664955557,3.967709205229004e-15,0.0002459311634551209,1.5602958960413368e-10,61983162256.70236
2491,136712,2.3844001,1389239326937024.5,0.0016301939509614561,1.1399516972376946e-09,949811043545.2935,225144944.85999998,1.4955121664955557,1.7163350142535139e-15,0.0002137131398381946,1.4792075192700523e-10,124517147330.43825
2492,104914,36.431026,3.796403079488023e+16,0.034512840752049044,2.4848595593444954e-08,35965128984552.54,6737848829.99,1.4955121664955557,9.59619546112923e-16,0.0007204177123047598,5.15203675576719e-10,750732636931.9125
2493,11143,5.1140823,1266673173494446.2,0.0068202916491188975,4.46875694684598e-09,1689272866677.7817,587699427.71,1.4955121664955557,4.037412654671985e-15,0.0003312873831438219,2.3153781401902976e-10,82054377761.08049
2494,31176,16.372597,1.3958952959655564e+16,0.01161766161552987,7.965360707637995e-09,9904988927069.879,2385125894.95,1.4955121664955557,1.172910106318174e-15,0.0004046835515281443,2.900590675311422e-10,345025206406.028
2495,62343,8.699639,3503040156091901.5,0.003046060978919535,2.5715950076150547e-09,1226542150434.028,556919886.69,1.4955121664955557,2.483453974934042e-15,0.00021685149277211272,1.7436352754724747e-10,87318506789.67065
2496,166161,18.777971,1.3626850627953608e+16,0.011569346974782924,7.806116298966868e-09,8395676140320.69,3591024938.46,1.4955121664955557,1.3780125366223343e-15,0.00043495088706941437,2.811414472999772e-10,315636378850.0274
2497,182785,4.675988,3021923236143159.0,0.0009919277372701146,6.890209624905369e-10,641047299058.8226,154845521.42,1.4955121664955557,1.547354990382847e-15,0.00012317247618679044,1.0523344912486842e-10,79601951040.53987
2498,215983,20.72887,1.594624987835615e+16,0.021627900426428655,1.6978936105335524e-08,16637853609195.139,2165547306.0,1.4955121664955557,1.2999213080271182e-15,0.0005264750311087993,3.694486370612312e-10,405005309058.1513
2499,122637,65.902245,3.964094591172045e+16,0.05303781221024186,3.925668676608588e-08,31902844054890.453,5685658419.36,1.4955121664955557,1.6624791231461255e-15,0.0008129978397389204,5.993047651132161e-10,489027397950.34467
2500,116810,18.051708,1.4865667853566396e+16,0.13966008735737367,1.0891935685525762e-07,115010749733752.86,2365669248.69,1.4955121664955557,1.2143220323377027e-15,0.0004767411723735986,3.7358088613873403e-10,392598635022.55634
2501,110237,0.84258974,804584057016194.2,8.008325695325328e-05,6.475673742928884e-11,76471037706.34435,13926244.54,1.4955121664955557,1.0472364355872897e-15,8.417311240213108e-05,6.817768315889644e-11,80376416959.67812
2502,203884,11.051979,9875478740618424.0,0.018003497653656733,1.2106585133767753e-08,16086997481216.783,1697100046.43,1.4955121664955557,1.1191334911737048e-15,0.00037272537715713736,2.5554902957650284e-10,333048184239.60944
2503,119471,11.338058,8556686059884752.0,0.3277046553664752,2.7928749476922643e-07,247314474518798.1,1236523419.42,1.4955121664955557,1.325052470156035e-15,0.0003306372996739179,2.423014957471603e-10,249527703333.12375
2504,131833,37.978703,3.3347375257958412e+16,0.9175333642376702,7.255651321661456e-07,805644400466509.5,11401173494.54,1.4955121664955557,1.1388813274273008e-15,0.0006852589596396452,4.973800978769789e-10,601694788681.473
2505,108834,1.258658,837356060004801.8,0.0014691296430082998,1.0705103965143746e-09,977377976786.1411,312414183.71,1.4955121664955557,1.5031335654187329e-15,0.0001131789715553661,7.169801421741477e-11,75295352428.53648
2506,113316,25.46239,3.750287218579672e+16,0.024648683228847126,1.968666916368895e-08,36304385278822.805,5205533556.67,1.4955121664955557,6.789450651633889e-16,0.0005837744869611171,4.3767073669291825e-10,859825804640.9558
2507,50047,40.511623,7956205765105038.0,0.04534590787312084,3.384325521448926e-08,8905626260494.326,2259228154.79,1.4955121664955557,5.091826958231662e-15,0.0008718220873460335,7.441911268398577e-10,171219897003.10007
2508,241409,8.695744,5723445163745096.0,0.009153141948848385,5.040568253703529e-09,6024499573608.498,715081995.42,1.4955121664955557,1.5193198766160626e-15,0.00020815616760539167,1.4504644254388866e-10,137006150455.30234
2509,153742,58.62643,3.5275523015090132e+16,0.04961711107497476,3.498970291627256e-08,29854615804980.035,6149122610.28,1.4955121664955557,1.6619577823104376e-15,0.0008482238216208753,6.056191371530781e-10,510376274685.9206
2510,56686,0.5180218,773022398914948.0,0.0,0.0,0.0,2780646.9000000004,1.4955121664955557,6.701252133536113e-16,0.0,0.0,0.0
2511,207032,16.73562,1.0422144944405434e+16,0.007169860959179923,4.759248065328033e-09,4465047016352.362,2190362777.22,1.4955121664955557,1.6057750193719592e-15,0.00038901642949463436,2.6262916766334373e-10,242260855226.6457
2512,120673,2.15911,2794150949650378.5,0.0006816592540059943,3.7329983281236715e-10,882149983983.594,191457209.33,1.4955121664955557,7.7272489529249e-16,9.433088082761564e-05,5.129834010161094e-11,122075633129.31667
2513,0,14.557157,3682860503007103.0,0.006209776419234122,4.667924089596184e-09,1571030683182.3154,852771456.45,1.4955121664955557,3.952676727265096e-15,0.00032995170428682725,2.4706132308151104e-10,83475509649.1599
2514,131961,45.20156,1.9231702389341932e+16,0.27196768718947406,2.3259595766432204e-07,115712856360391.28,6556018058.63,1.4955121664955557,2.3503670702106106e-15,0.0007055143858514737,5.072576483164082e-10,300172000702.9601
2515,124626,5.762293,1788366666187548.2,0.005922740148313807,4.31521836642077e-09,1838162525531.9553,809346967.82,1.4955121664955557,3.222098191018117e-15,0.00029667144461812187,2.1822568979733122e-10,92073992482.63747
2516,183000,22.070919,1.4945647945337806e+16,0.021300428077504468,1.5230790067650445e-08,14423898666447.48,3411054095.72,1.4955121664955557,1.476745543633983e-15,0.0005835935368432693,4.2291126370313165e-10,395188960859.9456
2517,100895,0.40763986,227117024758763.22,5.707983435238818e-06,4.850577345608048e-12,3180209646.7792544,7628854.2,1.4955121664955557,1.7948450162773252e-15,2.799215263813934e-06,2.1876518082172285e-12,1559586058.087492
2518,67917,2.7946923,3708698780972743.5,0.0009597350484227238,4.5428011236804493e-10,1273617207927.389,1624083772.48,1.4955121664955557,7.535506292228425e-16,0.00011498625084200235,5.484406221192663e-11,152592601456.1103
2519,180496,10.3406,4445871688843863.0,0.08134999390662788,6.052371181250054e-08,34975884841991.53,1333657749.86,1.4955121664955557,2.325888087581998e-15,0.00029472172796020374,2.3211947013080963e-10,126713632325.53357
2520,203948,14.684397,7297787739938537.0,0.018043571701690797,1.2065586384900634e-08,8967215769861.1,3206483353.35,1.4955121664955557,2.0121710199430485e-15,0.00046347917139884557,3.2328473063790196e-10,230337862341.32507
2521,125320,5.96988,6937614821237562.0,0.0031846561186509147,2.1691182780916933e-09,3700898089961.184,440281650.62,1.4955121664955557,8.605090011231074e-16,0.0002040445728399048,1.4588326463672e-10,237120788479.36826
2522,19987,3.0216725,1474549316367452.0,0.00786899548270497,6.013293351209935e-09,3839999837679.6895,1455515403.42,1.4955121664955557,2.04921766024339e-15,0.0003613351135637485,2.8727849204534774e-10,176328323034.6707
2523,179696,30.415056,2.467699759747342e+16,0.049130307293126736,3.7311123299198684e-08,39861457925167.695,3625999089.32,1.4955121664955557,1.2325266021468543e-15,0.0005228806936158404,3.4988926371941724e-10,424234813840.9914
2524,82590,0.18145488,153558639234168.3,0.0,0.0,0.0,1554688.0,1.4955121664955557,1.181665068829449e-15,0.0,0.0,0.0
2525,73230,3.3773212,1837291217869261.2,0.004675681228540133,3.186653656343456e-09,2543610024048.9253,519992920.94,1.4955121664955557,1.8382067944115785e-15,0.00031096217017591326,2.1015715987332325e-10,169166043298.9827
2526,94945,0.12369762,53731067435020.66,0.0008947862717230223,5.615137821369912e-10,388672162858.7553,127811219.14,1.4955121664955557,2.3021619689501417e-15,0.00014867263618104513,9.781669699404573e-11,64579572673.961136
2527,188957,16.023859,1.4548966228556154e+16,0.028562480211248707,2.6649160551622442e-08,25933488306235.15,2222684021.69,1.4955121664955557,1.1013744033956849e-15,0.0003903147191983635,2.872011172213914e-10,354388769155.13104
2528,173520,2.128195,1171785714483462.8,0.0033621247391729613,2.146063520188994e-09,1851188326104.6636,517502905.25,1.4955121664955557,1.8161981100257174e-15,0.0002549764250786952,1.684726727556363e-10,140390205050.4197
2529,56305,5.639284,3657496280012636.0,0.018978575796457408,1.597933589381733e-08,12309021921130.559,988179131.11,1.4955121664955557,1.5418427165100266e-15,0.000278085573398171,2.03445465101014e-10,180359235361.96994
2530,98949,10.454857,6714115122600993.0,0.00566502297574669,3.438545812168096e-09,3638080982967.335,928119307.26,1.4955121664955557,1.5571459245324759e-15,0.0003082610796505813,1.9147799759101664e-10,197965440999.45862
2531,37356,10.247365,3360131970896196.0,0.004231621127216817,3.0987506493662544e-09,1387557234301.7961,398665722.86,1.4955121664955557,3.049691229022436e-15,0.0002318633386452591,1.652893601326526e-10,76028463615.83359
2532,159308,13.151667,7028867275876260.0,0.045912443701793114,2.45791344422626e-08,24537761873916.418,635725791.57,1.4955121664955557,1.871093375903934e-15,0.00027021672189185244,1.948926700122846e-10,144416481492.43726
2533,190450,10.095583,7453929467931332.0,0.0038779930656406007,2.4242288121828737e-09,2863260773390.882,549327240.35,1.4955121664955557,1.3543974414345778e-15,0.00022686421736585298,1.4685306299953878e-10,167501953581.3346
2534,184168,0.22741789,578739932678766.1,0.0006391216104081709,4.178561036745267e-10,1626456026749.564,62947154.86,1.4955121664955557,3.929535135883392e-16,0.00011202986893792241,7.98152337277257e-11,285097002734.2361
2535,154801,15.290386,2.454601978920209e+16,0.061914089605814834,4.5725796222054356e-08,99392158490620.33,1858957611.82,1.4955121664955557,6.229273068021527e-16,0.0003157114906855722,1.9894911844277615e-10,506819154078.02954
2536,64753,5.194476,2304438973943673.5,0.006716978206833043,5.127637946171136e-09,2979870610039.6567,617016314.34,1.4955121664955557,2.254117405031775e-15,0.00030730421676420966,2.639430611971704e-10,136330173432.06122
2537,17052,5.0319605,4338495252603457.0,0.0025714998598666103,1.8558270071614955e-09,2217115959893.1157,232858055.14,1.4955121664955557,1.1598400383129165e-15,0.0001946963561681097,1.5420058578608842e-10,167864834577.80237
2538,145691,59.329357,6.6192674415554984e+16,0.11078623612515152,8.271025101030731e-08,123602169791878.1,13669877106.85,1.4955121664955557,8.963130365081285e-16,0.0008376555243264856,5.86911752372485e-10,934556890514.3209
2539,165094,0.2413659,205927496411583.9,0.001979668737622581,1.3785755605680498e-09,1689005061870.3757,617915666.98,1.4955121664955557,1.1720916546160787e-15,0.00019351551212046618,1.4784593434342453e-10,165102713050.0751
2540,151599,9.506229,3678508404275150.0,0.00356360116166545,2.7362939775383475e-09,1378962869784.7534,949008912.64,1.4955121664955557,2.5842618679223056e-15,0.0002499458517631396,1.955342370772878e-10,96718469155.79457
2541,103950,0.4772772,456104349165988.3,0.00034145874790175875,2.0357793151509275e-10,326311041002.51373,21432475.24,1.4955121664955557,1.0464210676191258e-15,9.433682526877893e-05,5.6820575326310376e-11,90151878806.7018
2542,202160,10.72866,5786052013467637.0,0.023354602664910407,1.633816990860956e-08,12595323719182.219,1596307412.23,1.4955121664955557,1.8542280600015226e-15,0.00031401610208627435,2.005098342939277e-10,169351391482.02542
2543,172794,14.345008,7073127746753659.0,0.02112972683417887,1.4921332935419606e-08,10418485451674.611,3994354707.08,1.4955121664955557,2.0280996630640387e-15,0.0005645335430450539,3.9774445084772027e-10,278355917771.89124
2544,89410,5.6158605,2984315182793726.0,0.003608025478405765,2.579346130788195e-09,1917334879510.0806,509771129.98,1.4955121664955557,1.8817920212913935e-15,0.00018752313191283662,1.3749324361400438e-10,99651358806.457
2545,174765,9.650736,6792271305718275.0,0.07135582106377238,4.639543711989924e-08,50220842835969.07,2351694096.93,1.4955121664955557,1.4208407711681426e-15,0.00032546119652383874,2.292535768497271e-10,229062399621.501
2546,76318,2.366538,630248569244437.2,0.00801526158520748,5.325087609796829e-09,2134597942731.9211,1223049292.27,1.4955121664955557,3.7549280006094795e-15,0.0003446170909154618,2.418851519060593e-10,91777283308.6348
2547,11147,17.103376,1.1934799752027722e+16,0.04375453199189574,3.629701324336719e-08,30532076098132.1,1782331664.67,1.4955121664955557,1.4330676974361583e-15,0.0004151630740694603,3.0224766554018327e-10,289702346101.4516
2548,9193,0.21171007,423256198694488.3,0.0,0.0,0.0,3729957.1,1.4955121664955557,5.00193666750797e-16,4.423774823111487e-05,2.1230886960704238e-11,88441240206.97505
2549,61861,28.50663,1.1248380767358446e+16,0.02890769870210953,2.057936491153473e-08,11406637757932.156,2357033010.2,1.4955121664955557,2.534287431193926e-15,0.0006574415077042346,4.821828405353042e-10,259418682984.3953
2550,114487,29.26317,7156204072586322.0,0.0330096696822546,2.5262801875440648e-08,8072397235667.893,6673677440.81,1.4955121664955557,4.089202837590964e-15,0.0006303158871721285,4.829913165644079e-10,154141506842.80093
2551,192172,7.522065,6505083227542039.0,0.009610279151544554,6.4463137421118884e-09,8310971218768.972,2099339056.93,1.4955121664955557,1.1563364736291359e-15,0.00038618517390685484,2.6623186401544885e-10,333973011069.0199
2552,254598,13.041386,1.3524611705944136e+16,0.027389401297010767,2.0024178970120587e-08,28404267567906.766,902196905.33,1.4955121664955557,9.6427064107639e-16,0.00026167350406206577,2.044819093243847e-10,271369357227.30966
2553,38029,0.8885591,195704600938910.62,0.0017730709852485434,1.245380071190383e-09,390517805292.2166,530135310.82,1.4955121664955557,4.54030766643736e-15,0.00023468241240573166,1.8111111534160097e-10,51688658489.0578
2554,203186,19.40202,1.7252132599570178e+16,0.017916805050145958,1.1048039616000927e-08,15931490457476.42,3100343856.37,1.4955121664955557,1.124615747532765e-15,0.00043900830680898827,2.8711389803014806e-10,390362937538.53735
2555,83424,13.411097,7131349570729224.0,0.014104769918381234,9.60864132112356e-09,7500210079957.1045,1686761260.73,1.4955121664955557,1.8805833127359417e-15,0.00037015462965728837,2.504025109215625e-10,196829689570.50555
2556,81564,106.52358,3.567924046986514e+16,0.18840014726444215,1.365324871650919e-07,63103156679544.914,17643026186.58,1.4955121664955557,2.985589900378354e-15,0.001078424515475898,7.703221166214748e-10,361209861856.52386
2557,140271,19.640072,1.3096809882667924e+16,0.01161599437931232,7.451098751419206e-09,7746024046347.317,2492390845.55,1.4955121664955557,1.4996073223901119e-15,0.0004580475976781915,3.117305009541472e-10,305445026067.3199
2558,89409,8.815065,3957901075396150.5,0.011046934571550426,7.3007166578626935e-09,4959994534421.51,2917827431.74,1.4955121664955557,2.227207004944582e-15,0.00048560020662857925,3.2991633623381417e-10,218031016223.686
2559,113523,9.281043,5195675577414410.0,0.004483638176751564,2.8190225143379257e-09,2510012007584.813,514869286.55,1.4955121664955557,1.7863014850936177e-15,0.0003137095011578995,1.9804311771460333e-10,175619571374.57028
2560,171798,20.885504,4.102852304691844e+16,0.02790222881093656,1.9608644611340636e-08,54812526325910.17,2584348137.63,1.4955121664955557,5.090483997222188e-16,0.00048323143115519616,3.305946904295758e-10,949283862632.4912
2561,221594,23.87103,2.8627979693897704e+16,0.019963515166559344,1.4481685016066247e-08,23941786626177.41,2986327611.73,1.4955121664955557,8.338356480352091e-16,0.0005812282539746914,4.154657175702085e-10,697053736361.9032
2562,57451,22.380388,3.2003533000496496e+16,0.01828484354344056,1.2096159905113982e-08,26146981622991.31,1830653560.67,1.4955121664955557,6.993099168036478e-16,0.0004775843710675343,3.1488446640663256e-10,682936648818.6531
2563,299921,2.4922268,5697419182484212.0,0.00043639768604332067,5.065248841642824e-10,997638155425.8777,28882688.54,1.4955121664955557,4.3743082967494226e-16,8.33121247251174e-05,9.898198730752366e-11,190457825725.3317
2564,38763,5.721817,3891621761480471.0,0.007346241500421037,5.111310504768088e-09,4996453624456.961,1024921366.89,1.4955121664955557,1.4702911409929202e-15,0.0003496211162380894,2.446799462534677e-10,237790398439.03467
2565,159724,23.364775,2.081988989674498e+16,1.09651487652767,1.10007127679252e-06,977082766662593.9,3536701998.72,1.4955121664955557,1.1222333603047964e-15,0.0005505585126239451,4.008853122038747e-10,490591825281.6994
2566,22359,79.436844,2.4686087799732964e+16,0.8605458203503001,5.204122232837752e-07,267426405772877.12,21434236061.79,1.4955121664955557,3.21787901932599e-15,0.00133621381173389,9.712099376609143e-10,415246752195.7275
2567,107199,4.8913183,2179690091746261.2,0.0013980662868417657,1.2532000732766447e-09,623012252756.784,522328040.9,1.4955121664955557,2.2440430034167447e-15,0.0001535517408282644,1.2007736945999401e-10,68426380686.31882
2568,73229,21.61202,4203225724522832.0,0.016779226873024456,1.1763702056508665e-08,3263317266516.5586,2706365828.89,1.4955121664955557,5.141770015802206e-15,0.0005029014995151231,3.541483826809629e-10,97807077712.45222
2569,72856,0.62428355,493830244270686.44,0.0005706494781731712,3.584455881618123e-10,451403807130.9053,27321717.36,1.4955121664955557,1.2641662944763006e-15,0.00010616090402636203,6.584632505004741e-11,83977008792.45538
2570,36607,43.595734,2.9670783961230744e+16,0.06258039799994132,4.751668587847479e-08,42591540476508.445,7616206242.87,1.4955121664955557,1.4693152043762732e-15,0.0006656239620345794,4.79893874156662e-10,453016452870.0552
2571,161377,21.53056,2.7956882885527256e+16,0.0256603800503689,1.8277217368196423e-08,33319348863489.074,3104878398.59,1.4955121664955557,7.70134499191466e-16,0.0005500242039995897,3.9264031062069083e-10,714192397012.5199
2572,154478,27.59639,1.3703936526586714e+16,0.15226198435578422,1.2428513302511343e-07,75610924799359.86,2298770000.97,1.4955121664955557,2.0137564083473996e-15,0.00043912560851300654,3.1412840087723526e-10,218062922949.74118
2573,190867,30.969925,1.4265855611462694e+16,0.059850554963087596,4.1653932758804475e-08,27569307170402.24,4589804908.21,1.4955121664955557,2.1709125511627565e-15,0.0005755717760636669,4.703735249897755e-10,265128954989.63626
2574,85557,2.1631398,1278302587286136.5,0.0013095219215399376,1.1033710982280205e-09,773859026777.8417,61034077.71,1.4955121664955557,1.6921969974201427e-15,0.00014648079800355678,1.108774441734894e-10,86562497290.13565
2575,103762,0.116103955,55609683832554.586,4.054435561078004e-05,2.9277860367777606e-11,19419310881.443604,23619780.78,1.4955121664955557,2.087836991657761e-15,4.836196722734371e-06,3.4302850518413253e-12,2316367006.6475773
2576,5,0.78401744,306223956607314.4,0.009322964665776916,6.984308354274484e-09,3641392374210.9556,1052103057.0,1.4955121664955557,2.5602746717997085e-15,0.00037055680808873554,2.801052240386354e-10,144733224200.612
2577,125975,9.989036,5062654605156731.0,0.008982837998145808,6.33093025072519e-09,4552692187583.44,1751289677.38,1.4955121664955557,1.973082657036359e-15,0.00035017997151438505,2.537311401485868e-10,177478612092.39352
2578,212926,0.9872108,767250144454204.5,0.001629378760639928,9.862141078548036e-10,1266336520499.5706,222378937.92,1.4955121664955557,1.2866870174423597e-15,0.00015357521574082194,1.0546414092607623e-10,119357088133.28548
2579,198314,13.083439,1.6469074940082084e+16,0.024367750812622716,1.7073036031241316e-08,30673457815970.984,2131289198.44,1.4955121664955557,7.944246442256332e-16,0.0003309285249320734,2.450443780643588e-10,416563770192.0068
2580,92501,0.26782376,520353530799186.3,0.0011849576275156236,7.087464249249096e-10,2302248632926.301,1587112298.99,1.4955121664955557,5.14695767680604e-16,0.00012045498388143007,7.37802691574478e-11,234031424863.35495
2581,91693,9.887713,3408176041400270.0,0.007980898505139403,5.81456125404837e-09,2750919962388.0005,956609107.32,1.4955121664955557,2.9011743759390937e-15,0.000422577639689146,3.155004848723983e-10,145657442445.9957
2582,143149,4.9788575,2347513744078844.0,0.01186709202228906,9.53367866596383e-09,5595292017209.163,1363894328.94,1.4955121664955557,2.120906645406537e-15,0.0004479404849905209,3.649131091867898e-10,211202358180.48434
2583,104513,5.0637302,2968699922481874.0,0.002963804806440961,1.9186130934009967e-09,1737582128513.2224,334887777.05,1.4955121664955557,1.7057063132762345e-15,0.0002397314566936963,1.6705111739650094e-10,140546737048.32117
2584,176608,2.0774374,4319904209408504.0,0.0003459554635059717,1.927244815074666e-10,719393259728.2197,77866219.74,1.4955121664955557,4.808989503691911e-16,8.322723651789047e-05,4.625137642169157e-11,173065955860.3654
2585,71188,1.9526635,760569921780824.6,0.002343571813461056,1.5051904409185751e-09,912830209020.5612,78474871.89,1.4955121664955557,2.5673688165684578e-15,0.0002232257230721482,1.3465537498175824e-10,86947275214.82927
2586,168383,14.39432,4.431780403043379e+16,0.03427044181061449,2.300008072598032e-08,105513197163825.56,3167969375.08,1.4955121664955557,3.247976815393465e-16,0.0003226568481471814,2.0062283693714276e-10,993408717137.3304
2587,140371,16.799522,2.529922674167546e+16,0.03606463921357914,2.452526700798274e-08,54311514626491.09,5136388657.66,1.4955121664955557,6.640330224925854e-16,0.00042328341804427904,2.946431467443057e-10,637443325416.8552
2588,126582,22.320015,4.213374575687373e+16,0.06466236023236109,4.789377108006188e-08,122063871644785.39,3935029262.78,1.4955121664955557,5.297420060583789e-16,0.00047861327706905056,3.57089370169245e-10,903483717725.6171
2589,235265,6.3039694,7113745736356316.0,0.27823094996149056,2.6971388046133124e-07,313971104303095.3,512996167.44,1.4955121664955557,8.861673770236429e-16,0.00022227903846828517,1.838660809995247e-10,250831890488.7364
2590,188161,8.387744,4329389688549250.5,0.09044214874561293,6.853949448951991e-08,46682314838113.1,809378775.56,1.4955121664955557,1.9373964007408806e-15,0.0002873790306149578,2.072379953824148e-10,148332592393.10092
2591,195935,9.156038,9160768375222036.0,0.0053693622733998626,3.9322445355544316e-09,5372136300578.018,501139088.28,1.4955121664955557,9.994836268063682e-16,0.0003158321154976636,2.325864264869569e-10,315995286993.1809
2592,218142,8.935161,6751235783281372.0,0.025346906095159775,1.518822402900618e-08,19151634696354.7,805701426.26,1.4955121664955557,1.3234852531927352e-15,0.00023493704863992464,1.841422409107522e-10,177513914925.134
2593,212826,21.874584,3.237369083157208e+16,0.029681953457801964,2.2179037924881652e-08,43928350112623.52,4498898179.03,1.4955121664955557,6.756901495663588e-16,0.0004881190775237878,3.507184492414228e-10,722400759929.7555
2594,99385,1.0268202,7703477605851759.0,0.00032827062460512275,3.157463642826052e-10,2462773331986.0015,37868296.15,1.4955121664955557,1.3329307262735482e-16,7.516841275470022e-05,7.494237805453601e-11,563933378329.7747
2595,170105,8.208291,5611067925050416.0,0.004005253906061699,2.731701976337377e-09,2737933112262.43,788490496.32,1.4955121664955557,1.462875001629257e-15,0.0002606846320606437,1.785391951392903e-10,178200209703.70657
2596,282461,3.6063473,4373343106226464.5,0.002703112879052308,1.7201108254182966e-09,3278009323992.5566,159676994.26,1.4955121664955557,8.246202532944491e-16,0.00018437431730576706,1.2732374761713713e-10,223586937828.86276
2597,166237,6.870701,5636720430850034.0,0.0007339335556756277,4.749896875909828e-10,602118803912.908,215454065.4,1.4955121664955557,1.2189181784493574e-15,8.7337758819141e-05,5.343104660008316e-11,71651863400.9113
2598,245391,13.74208,9575005217204738.0,0.04816184706938144,2.603136857431951e-08,33557506357083.062,1267169670.14,1.4955121664955557,1.4352033955352527e-15,0.00032101853711971243,2.013435992915428e-10,223674594220.1384
2599,31177,12.275057,1.399413879574584e+16,0.027094937404117624,1.849614569219246e-08,30889495233730.28,1530944337.2,1.4955121664955557,8.771570140301571e-16,0.0004922049167860776,3.379602897589824e-10,561136613985.0024
2600,58380,1.4812148,1284344513957174.0,0.005498632937142092,4.07418935813873e-09,4767802108838.413,717043459.24,1.4955121664955557,1.15328463967682e-15,0.00029821317535715607,2.2443937702666685e-10,258577254129.32147
2601,61567,23.715271,2.497241316354603e+16,0.12799442319229662,8.907909078469529e-08,134779384076521.39,3867694536.5,1.4955121664955557,9.496587632395427e-16,0.000490059796903425,3.271532163736863e-10,516037776802.79456
2602,45060,28.81415,1.5064701388571944e+16,0.027399491924792442,1.892216003136885e-08,14325085558504.639,2594215161.19,1.4955121664955557,1.9126930734822507e-15,0.0005404289781965094,4.2797277945223314e-10,282548719232.09503
2603,39407,7.820547,8484490766405375.0,0.003532551849164641,2.186472812682562e-09,3832456162732.048,849893143.01,1.4955121664955557,9.217461855183717e-16,0.00017911933065654228,1.0341198124302424e-10,194326088320.95047
2604,171957,27.97717,2.075667238250098e+17,0.020325497941517785,1.460929583599144e-08,150797847596194.6,2299045098.37,1.4955121664955557,1.3478639294604032e-16,0.0006084113067764882,4.454033017911321e-10,4513892637664.519
2605,181838,11.011015,6259652932896659.0,0.04208484164833228,3.1716730330168935e-08,23924815510148.215,1452954462.44,1.4955121664955557,1.7590456081252167e-15,0.00040450610000126324,2.824482348221748e-10,229957710097.34314
2606,212316,12.361196,3.742244521629997e+16,0.032244976482824254,2.079057121540897e-08,97618860337573.45,1854798947.48,1.4955121664955557,3.3031502694580403e-16,0.0004313669868430669,3.047007485096624e-10,1305926015027.596
2607,180843,29.563255,1.2999119071859336e+16,0.12366406879823512,8.850769702002222e-08,54375742969401.14,3850014532.58,1.4955121664955557,2.274250650107431e-15,0.0007133512387431384,5.188522290211547e-10,313664300243.0014
2608,105294,6.5152392,2697911082844786.0,0.002669333002296725,2.0619657362223217e-09,1105350528143.2617,715411481.39,1.4955121664955557,2.414919913939517e-15,0.0002712498646681374,1.8755593980912066e-10,112322509372.8433
2609,174937,22.566786,4.644528170266123e+16,0.03784414573752956,2.822049489221924e-08,77888008047584.92,5517152773.48,1.4955121664955557,4.858789778576575e-16,0.0005286190372391894,3.890501883307463e-10,1087964413628.2285
2610,46812,0.49804515,293283397400544.2,0.00042537713171994794,3.469626017258259e-10,250491447145.55524,83291599.75,1.4955121664955557,1.6981702831265546e-15,9.429862920700239e-05,6.03879441810882e-11,55529548564.10879
2611,126264,4.040038,4874377397733740.0,0.005388158000605277,3.6550529430134653e-09,6500908054223.3955,325277461.17,1.4955121664955557,8.288315963959516e-16,0.0003114006880727155,2.1279732426199505e-10,375710445193.92615
2612,134254,1.5045266,1145012567846284.5,0.0005085658213772401,3.46550269508831e-10,387041516616.5946,201144778.33,1.4955121664955557,1.3139826079201424e-15,7.276481436999062e-06,5.7451414458460665e-12,5537730403.081021
2613,101108,3.3209183,1618139138810027.0,0.0061251241384317045,4.2817558029016e-09,2984506754793.2104,1299069769.15,1.4955121664955557,2.052307011399644e-15,0.00032277145559310964,2.202889157856717e-10,157272500556.81683
2614,186398,0.16090779,75825167119043.62,0.003581965547211072,2.2469715907323506e-09,1687942741814.651,499739532.34,1.4955121664955557,2.1220894870878263e-15,0.00029440878222799187,1.8916218486439176e-10,138735328561.47986
2615,159815,14.676385,1.2637016582206582e+16,0.07418151989474867,5.811142923265139e-08,63873569479352.47,2278669024.31,1.4955121664955557,1.161380528744809e-15,0.00036293912689709093,2.701965950138662e-10,312506640084.0614
2616,226384,15.032843,9295195973651846.0,0.005538127914681809,3.463404652941782e-09,3424367852050.2905,1236157930.24,1.4955121664955557,1.6172701514429693e-15,0.0003059527698546681,1.9662444714709027e-10,189178517628.41806
2617,192688,20.731113,1.413266244599564e+16,0.037825747110362726,3.30455696693425e-08,25786291149845.71,2100447274.23,1.4955121664955557,1.4668936641781868e-15,0.00044899945331119506,3.457021563863399e-10,306088617243.25653
2618,154187,7.039873,2394533197326201.0,0.038869163422616475,2.913675442095733e-08,13220906423702.879,1899165777.35,1.4955121664955557,2.939977198002896e-15,0.00035292836515774125,2.405847754520885e-10,120044592657.88959
2619,3,0.2919307,109854553220213.17,0.0032637012914572957,2.4466177354209463e-09,1228142320137.19,422988298.95,1.4955121664955557,2.65742922293625e-15,0.00022960298274876448,1.706582077703955e-10,86400413138.78203
2620,167099,30.98503,7.833848752463669e+16,0.03659198519794096,2.5705706263977892e-08,92514377940914.97,3974070052.43,1.4955121664955557,3.9552754947248e-16,0.0006048178097506818,4.4042160985209747e-10,1529142054851.3872
2621,144723,44.52269,2.3939215714015696e+16,0.02728108154807937,1.902027083973412e-08,14668648639404.434,4685436978.29,1.4955121664955557,1.8598224157332477e-15,0.0006798317008076728,4.926768720643731e-10,365535814095.2638
2622,148298,37.784588,2.756956037621816e+16,0.3012127420191295,2.3150821964000177e-07,219780162143957.1,4514924077.46,1.4955121664955557,1.3705183355986136e-15,0.0005942237725448732,4.2687054484368757e-10,433575937738.42413
2623,101343,5.197081,2176612195488726.2,0.010304254164949051,6.959929344081953e-09,4315569697844.5415,1271023510.61,1.4955121664955557,2.387692677074738e-15,0.00037743410377336366,2.60053886805418e-10,158074825708.21213
2624,196840,19.916603,1.4291407777898144e+16,0.010121768990360065,6.761657691154819e-09,7263002032772.359,1840875007.14,1.4955121664955557,1.393606795742075e-15,0.00044274785306342996,3.1656106856049527e-10,317699263821.1651
2625,67169,1.1204196,355671942801457.0,0.0039771288730605005,2.4427554650407315e-09,1262520892220.3767,625856576.49,1.4955121664955557,3.1501489579835653e-15,0.000363445288438145,2.357039727080379e-10,115374000812.58035
2626,43974,24.471062,5160592150176989.0,0.008230595295910276,5.76404240843412e-09,1735713205882.0425,757037494.59,1.4955121664955557,4.741909704908715e-15,0.00034306243850416645,2.45519842835962e-10,72346893942.1255
2627,171557,12.6813135,5937477149456157.0,0.048827529345394236,2.9389356595362594e-08,22861381019614.27,1487857567.44,1.4955121664955557,2.1358083881066464e-15,0.0003919017768347386,2.711902040966514e-10,183491074862.83078
2628,176327,16.508966,9088062766246752.0,0.013773138576483967,1.0347640172986992e-08,7582010155651.221,2375890157.86,1.4955121664955557,1.81655501558755e-15,0.00038912655295020787,2.8013458792901444e-10,214211267818.02863
2629,95243,10.549796,3574532400855490.0,0.00361192892842796,2.52486101714828e-09,1223811056086.1074,640081560.75,1.4955121664955557,2.9513779193818823e-15,0.00023047088598417706,1.592976844072068e-10,78089249252.24263
2630,118140,0.13929865,683537007137446.6,0.00047628055512954047,2.772684246697377e-10,2337103663323.4263,30252045.2,1.4955121664955557,2.0379094115673772e-16,0.00011281660467789358,7.731823722441824e-11,553589889901.5593
2631,210687,17.007215,1.0988843069204402e+16,0.0589700846941111,4.305767496420864e-08,38102241106570.32,3108182282.14,1.4955121664955557,1.5476802146407694e-15,0.00046234944934330825,3.3406532751551376e-10,298737067883.6414
2632,236147,15.573009,9805678342697110.0,0.08320008724179198,6.267344991011617e-08,52387646701889.766,1239483565.68,1.4955121664955557,1.5881623336745669e-15,0.0003817052750286287,2.708295021487471e-10,240343991879.8909
2633,25780,6.597872,2010756833022902.5,0.004965219712582114,3.549970190059245e-09,1513192354221.8608,550860357.45,1.4955121664955557,3.281287867156461e-15,0.00028377605421309887,2.003522261975194e-10,86483132752.08525
2634,197658,9.724184,7160991586944927.0,0.010161828065526176,6.953005959966943e-09,7483277289406.885,834139455.59,1.4955121664955557,1.3579381963983844e-15,0.00020139254763156138,1.5973730427869868e-10,148307594679.71985
2635,218559,15.7538185,8251474778434784.0,0.03248477637469858,2.2014163644484e-08,17014751879927.998,1142646785.28,1.4955121664955557,1.909212464803574e-15,0.00030969502958681083,2.2107988194787335e-10,162210877676.5572
2636,17051,43.91999,5792873116368357.0,0.02445992920757446,1.7009036070195832e-08,3226168000831.3135,2025065540.63,1.4955121664955557,7.581728292287218e-15,0.0006094645441259986,4.289962742373137e-10,80385964865.82063
2637,161575,19.271324,3.5389035053496464e+16,0.02440659278322701,1.816524139402746e-08,44819222983435.62,2795631802.16,1.4955121664955557,5.445563568169677e-16,0.0004364862363722338,3.020191068968662e-10,801544653566.3936
2638,153627,0.20935817,368750121929881.56,0.0009761728539677529,6.926273978478056e-10,1719368577425.2295,14920037.36,1.4955121664955557,5.677507817605815e-16,0.00013485955711793756,1.0313457985971808e-10,237533018800.5049
2639,178339,12.550981,7520552739209671.0,0.00567968237229678,4.0257955666391865e-09,3403267905737.2036,912244059.04,1.4955121664955557,1.6688907631168309e-15,0.00032762778070840183,2.244987282968075e-10,196314694735.63513
2640,102466,3.2173448,1997132393583631.5,0.00819257777590096,5.752448098061098e-09,5085455081844.242,759658318.59,1.4955121664955557,1.6109822314918407e-15,0.0003605210810321936,2.513725576990793e-10,223789607349.25992
2641,62344,49.960686,5.098615266917752e+16,0.037364396234650814,2.5656158635209554e-08,38131318109033.73,4553455911.83,1.4955121664955557,9.798873494960243e-16,0.0007567224977118364,5.324077176185639e-10,772254584265.2566
2642,160693,7.5381446,5053879172245858.0,0.03575670375729636,1.768997842939151e-08,23972750587348.15,498639080.49,1.4955121664955557,1.4915561577722044e-15,0.00014205658020614978,9.511950456365312e-11,95240517405.87909
2643,104913,13.207377,4384299891008930.0,0.018530341321052867,1.4604086022538568e-08,6151302672305.815,1252967441.56,1.4955121664955557,3.0124255475965336e-15,0.0003685468007668151,2.8235002096180994e-10,122342210601.97171
2644,11144,19.928051,1.0683860407574274e+16,0.012301453805556178,8.455769005349414e-09,6595076220388.312,1477475634.72,1.4955121664955557,1.8652481630958133e-15,0.0004561569413576452,3.085677757981378e-10,244555630925.0275
2645,98461,10.446863,6606440039155322.0,0.0040533983586365325,2.8946586831687047e-09,2563308546416.551,424993503.82,1.4955121664955557,1.5813150407909708e-15,0.00023836387296560297,1.7426814370015103e-10,150737751059.63312
2646,61862,23.905779,2.6187927647413332e+16,0.019245253665467966,1.3145106560599102e-08,21082488487298.043,4123423437.6,1.4955121664955557,9.128549353679481e-16,0.00047811797936052103,3.341338076350017e-10,523761181362.0793
2647,162660,15.338687,8975041658328975.0,0.08981600844578294,5.991240912601425e-08,52553547600634.195,1835436088.44,1.4955121664955557,1.7090379726277332e-15,0.0003814247743497595,2.6917957927459966e-10,223180982786.0638
2648,130657,1.5263958,590998261985227.2,0.007848691305154422,5.441746158951542e-09,3038899163771.8267,2028842926.23,1.4955121664955557,2.582741605487419e-15,0.0003512742687393266,2.4753679410107077e-10,136008289792.90538
2649,10,16.094553,7125735255629005.0,0.021441842607819762,1.515081880684547e-08,9493205174209.525,1412243594.0,1.4955121664955557,2.258651552804469e-15,0.00036053448279257537,2.649796216487866e-10,159623773018.42572
2650,260008,8.512157,9610638146751084.0,0.007313674324464239,5.347739165263181e-09,8257493072039.199,457882333.08,1.4955121664955557,8.857015392757838e-16,0.00024012445774924075,1.8483131460077489e-10,271112160362.26443
2651,172277,0.5738604,362429613828972.56,0.0011787579064768147,6.965820427644228e-10,744461149161.4338,249548507.73,1.4955121664955557,1.5833706135029018e-15,0.00012327014446819633,7.614449483852594e-11,77852995007.58382
2652,57452,17.044878,2.180776989233693e+16,0.023329301495373916,1.605985470717129e-08,29848265194979.17,2006962035.25,1.4955121664955557,7.815965632501208e-16,0.00035103736827785635,2.604469964249626e-10,449128597518.564
2653,330986,1.9713509,5301270499236949.0,1.4371558233338275e-05,8.841139206661323e-12,38647364956.92476,10887889.1,1.4955121664955557,3.7186385797211273e-16,2.7848026486063526e-06,1.7131634217849813e-12,7488769314.105255
2654,141559,0.21584532,209893341692047.34,0.001410627088851748,1.0821630174302895e-09,1371728761876.412,156912422.24,1.4955121664955557,1.0283571563536557e-15,0.00015305198475803865,1.266541903577046e-10,148831545356.02173
2655,170680,33.112476,2.848919077636458e+16,0.02668039953564449,1.9282417538439622e-08,22955184395168.902,5287167246.55,1.4955121664955557,1.1622820830513385e-15,0.0006732950560712499,4.878895878369577e-10,579287133381.2948
2656,160477,2.1331918,2251942874757020.0,0.005306936961410314,3.4994056982218403e-09,5602364905505.744,816633914.32,1.4955121664955557,9.472672792511075e-16,0.0002928491220123566,1.9205863878852598e-10,309151522940.68243
2657,217275,8.005976,8037003009705385.0,0.0038629657569686487,3.0421121940515104e-09,3877936608246.873,530674781.66,1.4955121664955557,9.961394801435415e-16,0.00024262390145981077,1.8438374922295658e-10,243564185835.55106
2658,96728,3.9041235,3237777807009652.5,0.007059701115456818,5.620077742070115e-09,5854769603407.109,1017101010.92,1.4955121664955557,1.2058034036639997e-15,0.000301492195645919,2.691577312443129e-10,250034288118.43906
2659,238694,12.741783,9959276216643426.0,0.06736015766681504,4.555538411340644e-08,52650277924248.305,1990797867.86,1.4955121664955557,1.279388453822236e-15,0.00048419388729084155,3.5862640293443607e-10,378457290156.3153
2660,100213,0.852853,1723230311348810.5,0.0003000742999789389,1.3178483246129858e-10,606314487233.4192,94657558.07,1.4955121664955557,4.949152730098237e-16,4.430102140197641e-05,1.786083911952477e-11,89512334368.99223
2661,166729,14.50258,9060549283876654.0,0.027233538986226855,1.7063376691973193e-08,17014270713147.914,1723534352.53,1.4955121664955557,1.6006292273921514e-15,0.0004314256493774449,2.9357488767323184e-10,269535031595.263
2662,55759,34.021282,1.0234699932053398e+16,0.025980561458830476,1.8828332748944413e-08,7815791615301.311,3743847992.35,1.4955121664955557,3.3241113296786493e-15,0.000643341442935902,4.685870413595223e-10,193537874977.88034
2663,150603,32.496147,3.564761949734428e+16,0.02643693774861269,2.0188647133993918e-08,29000788848521.727,7276712966.29,1.4955121664955557,9.11593746180469e-16,0.0005292469393033707,3.8982067839332986e-10,580573244957.9521
2664,106578,6.9314203,1616163129356164.2,0.005188299751637153,3.17403845838797e-09,1209728800119.6106,585161525.2,1.4955121664955557,4.288812295056682e-15,0.00031044496460517004,1.9637807036176585e-10,72384833666.65202
2665,125976,7.3920474,4060098568200755.5,0.010493682510666225,7.524338754993644e-09,5763678590143.95,380179172.9,1.4955121664955557,1.8206571283504102e-15,0.00026687988690074016,1.8195480845335537e-10,146584374808.97034
2666,45629,11.547621,3981135695183341.0,0.004234419086892365,2.909291203165503e-09,1459850212887.3857,281998634.52,1.4955121664955557,2.900584628142951e-15,0.0002703441699757203,2.0750008822312598e-10,93203338165.935
2667,107979,0.15099458,211123519100640.0,2.7471308846314852e-06,2.108985256716413e-12,3841091115.9423966,23009812.7,1.4955121664955557,7.151954488217048e-16,7.876774744038125e-07,6.571491975775381e-13,1101345758.9831185
2668,46221,12.097906,6215453913595756.0,0.010482524047954803,7.601541196797367e-09,5385530778485.327,836059836.02,1.4955121664955557,1.9464235706964056e-15,0.0002797396100944162,2.070834769058911e-10,143719801951.60138
2669,244174,5.5639486,4336278632252008.5,0.001918795561557047,1.3514149706291736e-09,1495418594132.918,304666985.61,1.4955121664955557,1.2831160245600757e-15,0.00013335431871075085,9.868661226108687e-11,103930054771.52559
2670,183829,9.6504965,6075774812854557.0,0.03369456305228643,1.8273871430899177e-08,21213476169150.64,1275836350.01,1.4955121664955557,1.5883565137375367e-15,0.0003383487068721818,2.2925161324539983e-10,213018112713.25906
2671,217523,13.790088,1.2879264803060154e+16,0.018683064514886782,1.2353193069351074e-08,17449064517926.459,2602522545.56,1.4955121664955557,1.0707201234594875e-15,0.0003349618848610539,2.4998636845572963e-10,312837946651.07715
2672,162819,1.1077545,824978270306892.4,0.001466634042443042,8.382938339034922e-10,1092246716675.8214,95436794.15,1.4955121664955557,1.3427680944710395e-15,0.0001334281930063566,7.534360098299606e-11,99368009677.7384
2673,61065,0.34425443,270211620891301.2,1.239265296274877e-05,8.366968287121569e-12,9727220777.399237,44255779.61,1.4955121664955557,1.2740178563174537e-15,1.6700235406927103e-06,1.3116321261685196e-12,1310832130.343848
2674,170983,11.462493,5249756227304325.0,0.03457652194916253,2.6521870090467125e-08,15835849271283.365,927784500.64,1.4955121664955557,2.1834333831317398e-15,0.0002867116095630163,1.9841324624016493e-10,131312277158.54579
2675,106260,0.3004838,135010179274183.8,0.0004923387828171879,4.6318647244489817e-10,221212415883.25882,128078024.71,1.4955121664955557,2.2256381082923098e-15,6.286301400592417e-05,5.812209080998883e-11,28244939629.54192
2676,156223,49.748848,3.4485024045260588e+16,0.045738781222501454,3.7608862200517956e-08,31705316478059.473,4419951806.44,1.4955121664955557,1.4426218156236774e-15,0.0007595293150914663,5.813383778257809e-10,526492325892.84314
2677,139111,1.5562819,775442187878572.9,0.0010911741218887076,7.625534835507665e-10,543694846308.92377,1100130610.13,1.4955121664955557,2.006960575949086e-15,0.00017215913810255006,1.357190155776461e-10,85781026376.73213
2678,278968,7.8210635,5411965156488990.0,0.0037311399747345726,3.0688583314530316e-09,2581848304549.211,275550875.07,1.4955121664955557,1.4451429885173007e-15,0.00012577164765672293,9.755165497741203e-11,87030590506.31601
2679,122767,8.977387,7524734647384849.0,0.0065755954886795595,3.9026378501483745e-09,5511582735695.207,762624228.98,1.4955121664955557,1.1930503095042702e-15,0.0002302940903820656,1.6457916447088207e-10,193029655620.94037
2680,24782,2.9751916,317374131905734.6,0.004065442910909694,3.0154675635202284e-09,433675066393.1314,473383839.7,1.4955121664955557,9.37439854387276e-15,0.0002735521068794922,2.0891383006173805e-10,29180763501.70644
2681,164268,7.7244415,2647205731199875.5,0.004785170644338295,3.3439195796168706e-09,1639902529453.0012,586564807.63,1.4955121664955557,2.917960402155374e-15,0.0002680614108715444,1.9445045197167593e-10,91866020756.6692
2682,99153,15.430475,1.1868942463453286e+16,0.16784140753424281,1.0732464984219394e-07,129101664660935.11,1907420033.31,1.4955121664955557,1.3000715984185908e-15,0.00042302188351705063,2.871035397366008e-10,325383528131.5392
2683,105843,27.360075,2.189093393816152e+16,0.03630043932586729,2.6773213908918246e-08,29044164506449.684,3929760830.4,1.4955121664955557,1.249835894498058e-15,0.0005795028351159126,4.025291862508595e-10,463663139830.5652
2684,31174,80.80876,4.084257191769639e+16,0.06444053789032178,4.5570885467342486e-08,32569702878753.574,5808177507.28,1.4955121664955557,1.978542393530975e-15,0.0008797698981843753,6.238893288643803e-10,444655571222.9686
2685,70371,14.175382,2653332138875619.0,0.010717607068184361,7.016808815717154e-09,2006109696786.5884,679358859.71,1.4955121664955557,5.3424830583053156e-15,0.0003913746361057542,2.5662645371923273e-10,73257066393.00075
2686,110453,45.299767,1.3800991795965702e+16,0.03835265054112498,2.784159473593074e-08,11684488696632.928,5710296731.66,1.4955121664955557,3.282355911061552e-15,0.0008337816226014587,5.917435979001306e-10,254019260919.15002
2687,181415,22.526457,2.146660283035681e+16,0.07043368924368293,4.690929734153352e-08,67119833042138.66,2008179985.92,1.4955121664955557,1.0493722354682228e-15,0.0004039758558444171,2.8726513149445067e-10,384969072165.47974
2688,109461,0.10789878,204864182771056.75,0.0003055659277801459,1.689717673281092e-10,580168877510.5645,24253803.59,1.4955121664955557,5.266844527946637e-16,6.266593620808783e-05,3.399450910815188e-11,118981936671.13835
2689,148499,8.447366,3296355585163826.0,0.010695157799404218,7.318992735927812e-09,4173495400373.862,1561415428.91,1.4955121664955557,2.5626379745012168e-15,0.0004197821733598775,2.889359998166841e-10,163808613443.1776
2690,197613,20.008446,3.0459202069717676e+16,0.023933802628632657,1.6900840133512383e-08,36434840095140.93,3724515039.46,1.4955121664955557,6.568933077827491e-16,0.000484569402591728,3.4843764122116505e-10,737668350172.913
2691,133724,57.664993,1.5831610441301446e+16,0.04796935061424444,3.3721157418610315e-08,13169724516344.295,7472923013.18,1.4955121664955557,3.6423959024133e-15,0.0008319260239699982,5.841027265834631e-10,228400768686.01752
2692,213077,11.47231,5144050028389506.0,0.0036407142522480195,2.626648985488981e-09,1632453817290.023,844410755.62,1.4955121664955557,2.2302096473956223e-15,0.00027662091725564393,2.0256377354939428e-10,124033593693.16434
2693,234983,9.437241,6618357715358316.0,0.04127531449986293,3.276687778842326e-08,28946468165219.98,1697893405.55,1.4955121664955557,1.4259188466196513e-15,0.0004197287314595336,3.197111969551159e-10,294356675665.35205
2694,105068,1.9988823,1365103847154778.2,0.0009337473000213754,5.700434593646933e-10,637687387361.2101,222573084.5,1.4955121664955557,1.4642712378008284e-15,0.00010428423890597173,7.349263124735958e-11,71219208718.86754
2695,162750,14.028529,2.230924945750898e+16,0.012738732041452932,9.098179283415546e-09,20258114794868.094,1670001287.24,1.4955121664955557,6.288211993289714e-16,0.000423689102827765,3.203573641880732e-10,673783109220.7018
2696,214506,5.735771,2653154815523706.0,0.008527118004801713,5.585303484261558e-09,3944328355678.5234,985965947.27,1.4955121664955557,2.161868190442485e-15,0.0002993319928444628,2.0199210719825118e-10,138459871960.6473
2697,176942,14.113564,7885160580056007.0,0.012633914983698051,9.051323614426106e-09,7058489861330.193,1794037507.26,1.4955121664955557,1.7898892301188562e-15,0.00041849937087609494,3.229931811350727e-10,233813000175.60574
2698,38764,32.6505,4.060395419276902e+16,0.07282486787740473,4.498597772218609e-08,90564542637588.95,3945863277.81,1.4955121664955557,8.041211908818127e-16,0.000591274962132333,4.4143003441835973e-10,735305783303.5479
2699,47908,0.7218605,1231218089071175.5,0.0054052375034127,3.893173451540345e-09,9219269083053.63,389363243.89,1.4955121664955557,5.862978349713557e-16,0.0002694374746062627,1.967615546052306e-10,459557341908.70135
2700,53957,5.8183594,2818153462174599.0,0.004091897723814073,2.4446848643914585e-09,1981932525039.7886,590308646.95,1.4955121664955557,2.064599915545523e-15,0.0002524151259606055,1.5387593922791435e-10,122258614882.24976
2701,157346,0.33385023,194686340756981.06,0.007725311310550428,5.301105400020823e-09,4505051831953.449,1330140031.42,1.4955121664955557,1.7148107499577052e-15,0.0003831594904476847,2.558251641896603e-10,223441269222.93616
2702,214378,10.06266,7536788532057082.0,0.005771899675024023,4.387152920660347e-09,4323070368958.6113,638373611.27,1.4955121664955557,1.3351389596774993e-15,0.000280661875614914,2.3608998509255613e-10,210211733827.84622
2703,89169,6.936702,2008941361078107.8,0.021561841325696756,1.6427513490902296e-08,6244534486301.333,3485164557.22,1.4955121664955557,3.4529141240227074e-15,0.0006128711751911622,4.693841445104585e-10,177493894483.8733
2704,46813,0.51048124,211067672987769.4,0.003093947055853754,2.1948718925833233e-09,1279248196126.4868,785921638.87,1.4955121664955557,2.418566674725127e-15,0.00019974755474583367,1.4941240117344335e-10,82589228088.38223
2705,154903,18.613295,9593067067454572.0,0.01708956969055447,1.1864205047461311e-08,8807757476332.262,3056089533.8,1.4955121664955557,1.9402861325912587e-15,0.0005165490829242099,3.6616055860819466e-10,266223148353.0508
2706,91040,5.2723765,1603159141132437.8,0.016738438805715735,1.1456005789181237e-08,5089617780458.035,1659423219.81,1.4955121664955557,3.288741812790778e-15,0.000515459978455377,3.51882916478809e-10,156734705184.40155
2707,97185,0.43034533,333802627019710.4,1.8386416314170074e-06,1.4098145953862752e-12,1426164905.0886717,28540837.35,1.4955121664955557,1.2892209202852948e-15,8.732850554847602e-07,7.125141919338733e-13,677374251.1807122
2708,83423,2.2370622,1518097718223802.5,0.0030197955522393255,2.0570276813226323e-09,2049270126399.2158,179867177.83,1.4955121664955557,1.473595654051438e-15,0.0001872637462388455,1.3926192011639733e-10,127079464250.58388
2709,213376,16.831213,2.8356503410223372e+16,0.059363237013627675,4.628173695225592e-08,100012627302549.81,2949065432.63,1.4955121664955557,5.93557419845066e-16,0.0005149845246832917,4.2352498207866994e-10,867623767246.8422
2710,127153,1.5669527,977603603197292.6,0.0018123385017622864,1.3914952564157257e-09,1130696956925.371,119506329.28,1.4955121664955557,1.602850782132162e-15,0.00020355443939038296,1.5892028255739535e-10,126995252246.50577
2711,101109,43.53757,3.549980792557915e+16,0.1821817208604491,1.6182228037729904e-07,148547934533264.47,5392419365.48,1.4955121664955557,1.226417058122427e-15,0.0006467473499653148,4.759594448293999e-10,527346994794.289
2712,9194,43.59168,2.58350023913783e+16,0.21108270415031374,1.6796147899317836e-07,125100068786106.75,7317135729.28,1.4955121664955557,1.6873108560093452e-15,0.0007567558371758293,5.550685015650089e-10,448498173576.4035
2713,244925,9.896097,4551245806136795.0,0.012121501524591136,7.289768026703503e-09,5574716272271.399,598282581.96,1.4955121664955557,2.174371023128729e-15,0.00021982642816341104,1.8093772603968e-10,101098858394.04727
2714,99802,4.3960304,2882790294863249.5,0.0018925981180544862,1.4006896745676463e-09,1241111409694.5107,247297090.29,1.4955121664955557,1.5249220201112595e-15,0.00017047508311749055,1.410512090517176e-10,111792656194.34924
2715,169329,1.1155427,825953235821207.2,0.0014228556689461131,1.1398877629608283e-09,1053489251350.5674,115417508.2,1.4955121664955557,1.350612421647416e-15,0.00013338161240873865,9.393296710082921e-11,98756393966.85379
2716,111956,27.114767,8319562062788599.0,0.016379684282694075,1.1272164286072599e-08,5025741137984.195,2455716648.17,1.4955121664955557,3.2591579695375834e-15,0.0005009748874180987,3.6034503007356633e-10,153712981113.70102
2717,165891,0.2550074,99803415752576.86,0.0018471170080796822,1.1607172990038052e-09,722914655421.8912,522128562.01,1.4955121664955557,2.5550969180472752e-15,0.00018622309899438513,1.240022196310218e-10,72882988382.57202
2718,66420,48.85539,3.4870975394357864e+16,0.04162632255399942,3.088009300958473e-08,29711163282866.387,7253577239.34,1.4955121664955557,1.4010330782976842e-15,0.000709968480075012,5.07813290453458e-10,506746408113.115
2719,2,15.57916,5848865319735243.0,0.005401639323422504,3.032100959008398e-09,2027930960878.7654,1026676881.66,1.4955121664955557,2.6636209159121503e-15,0.00029846156154547963,1.6995203917684373e-10,112051065435.96585
2720,213940,14.172581,6077151632487294.0,0.007339591066340744,5.019869521111942e-09,3147190185796.208,738479964.62,1.4955121664955557,2.332109161837609e-15,0.0004004269399277565,2.758355820945964e-10,171701628071.4047
2721,187753,1.5079668,613856960878296.4,0.0042084686548993526,2.832219973660475e-09,1713166217219.1648,731927037.54,1.4955121664955557,2.456544270252187e-15,0.0002745595215950619,1.9143488405663344e-10,111766567743.09866
2722,126764,8.212455,7221797181932884.0,0.06179093936272184,3.641279249561116e-08,54337178317408.17,657373695.29,1.4955121664955557,1.1371760786283908e-15,0.00020443730004285934,1.5498874414107263e-10,179776293122.031
2723,67168,16.844904,4458076731917778.0,0.008049611812782194,5.443995815687652e-09,2130364597122.951,1688113766.84,1.4955121664955557,3.778513698384381e-15,0.0003381323962517887,2.2888956466420502e-10,89488201775.3085
2724,131333,31.293066,1.9533121687543068e+16,0.1575463988399698,1.2549585677452222e-07,98340411258370.27,4020557726.49,1.4955121664955557,1.6020514539648133e-15,0.0004988662062032219,3.5611134410599557e-10,311392124746.43695
2725,153545,0.23849072,204334559100215.1,0.0002701507214066991,2.2498126163363902e-10,231460278828.63916,103161687.74,1.4955121664955557,1.1671580228532616e-15,9.430008384657747e-05,9.250739462832389e-11,80794615639.14824
2726,186285,2.4860427,1602680293716536.8,0.0029742975135299433,2.181449225718532e-09,1917444142284.6577,334773298.08,1.4955121664955557,1.5511781792955033e-15,0.0002538046060954973,1.8036160376031636e-10,163620536623.8245
2727,174456,15.398782,1.5056611054608968e+16,0.15696070215935573,1.0892448961373153e-07,153472933331463.56,3213058859.75,1.4955121664955557,1.0227256282406453e-15,0.00047025884495732165,3.6527052679963713e-10,459809387749.76184
2728,181593,25.537903,2.5481724775155292e+16,0.018469732999224425,1.2680508952063267e-08,18429103319753.4,3676638595.72,1.4955121664955557,1.0022046476578964e-15,0.0005213912728564322,3.7746798086793165e-10,520244317440.4532
2729,150151,26.804377,1.5201809762047202e+16,0.0595522699458619,4.333903047596974e-08,33774419700747.89,2621195879.28,1.4955121664955557,1.763235918589097e-15,0.0006259699184768996,4.800051567554165e-10,355012004847.1943
2730,117188,21.805346,3.2596855296236956e+16,0.04613450322521633,3.0910864408289654e-08,68966561034901.9,5473809736.38,1.4955121664955557,6.689401723520628e-16,0.0006066109753661522,4.4476195583095726e-10,906823958909.8757
2731,28443,19.751942,6175733664561807.0,0.018092060707085262,1.2608408901131142e-08,5656747491970.275,2430048206.29,1.4955121664955557,3.198315062280374e-15,0.0005022749494499584,3.619696259854927e-10,157043611923.53583
2732,125474,13.999065,8464530312889922.0,0.00803314418479513,5.2392468909815566e-09,4857238141262.561,2375972597.84,1.4955121664955557,1.653850182175141e-15,0.0003381648001097757,2.1723883201325271e-10,204471241563.74426
2733,14924,0.22209941,57567547278409.47,0.00048732456233135176,5.412289653995812e-10,126313166621.8307,75176864.57,1.4955121664955557,3.858066228284451e-15,0.00011207630857860732,1.2961149785755948e-10,29049866421.92604
2734,40731,3.5244412,1342264133592695.2,0.008120773871157711,5.277102658865659e-09,3092752265031.8877,1350242786.43,1.4955121664955557,2.6257434075709854e-15,0.0003589787531351215,2.3627288381570963e-10,136715092609.60289
2735,179068,13.475554,5435193626922958.0,0.041042182344959106,2.957907163938577e-08,16553843197565.879,2101883137.61,1.4955121664955557,2.479314432010209e-15,0.00038644814193023857,2.5992874206840423e-10,155868951892.8462
2736,167237,34.67276,1.4504099889581704e+16,0.023879408529308258,1.6755034951672626e-08,9989090185298.672,3563279908.39,1.4955121664955557,2.3905488974814247e-15,0.0005746124233606744,4.16916239705183e-10,240368404079.10513
2737,38032,12.981855,2.2165354078344376e+16,0.008215081418255327,5.811165627825111e-09,14026515349159.023,1689572463.43,1.4955121664955557,5.856822748743416e-16,0.00029579253795112165,2.2751947144688421e-10,505039251895.7212
2738,78848,7.604128,7476881753689147.0,0.006472670533546664,3.991537668996801e-09,6364357913217.195,639933481.13,1.4955121664955557,1.0170186249432217e-15,0.0003110114229997492,1.9526505382472148e-10,305807008221.8134
2739,27508,35.660053,2.1574029936204356e+16,0.0845840838288439,6.104863324344579e-08,51172654080180.34,6514471731.69,1.4955121664955557,1.6529157095567596e-15,0.0006863335114829181,5.036040582923272e-10,415225959505.80145
2740,164069,35.000294,2.279988192521986e+16,0.031326791116707914,2.1431500147612447e-08,20406889683754.285,5960200407.7,1.4955121664955557,1.5351085639300952e-15,0.0006169839598906515,4.278416736945574e-10,401915522059.94165
2741,48839,12.412839,4029727105652408.0,0.007170003455299156,4.908155126580121e-09,2327683237609.094,1409243043.48,1.4955121664955557,3.08031751891804e-15,0.000370490252020009,2.486273293477089e-10,120276643477.37225
2742,109732,0.35262865,384939803968841.25,0.0002385813217158052,1.198410325567133e-10,260442386663.44638,38717188.41,1.4955121664955557,9.160618007394822e-16,7.501444587324746e-05,3.743660513784737e-11,81887975039.12155
2743,111181,28.080643,1.923706065556164e+16,0.08059447467974236,5.325584028261723e-08,55212439327594.12,4811176492.91,1.4955121664955557,1.4597158839794782e-15,0.0005884110294478121,4.0435130164280345e-10,403099696253.0035
2744,180810,0.5040513,656141181973278.1,0.0019892660379170844,1.3502784683222265e-09,2589497079718.3057,127477406.02,1.4955121664955557,7.682055536951922e-16,0.00022448625324762928,1.6033228074545734e-10,292221596378.4879
2745,102467,13.321707,4054019695120531.5,0.00737095727984147,4.47363504705599e-09,2243106381514.7246,1542115424.0,1.4955121664955557,3.2860489099335586e-15,0.0003103518144668419,2.1288010808774712e-10,94445281544.2473
2746,165638,26.677675,2.236780417946944e+16,0.020939243542144992,1.4757668820893352e-08,17556436204313.877,4023256335.87,1.4955121664955557,1.1926818916130546e-15,0.0004937767102852467,3.4386476061866844e-10,414005372058.9598
2747,63890,18.869938,4056262721567965.0,0.014424651651472614,1.0408136127134315e-08,3100708479565.3354,2251846691.13,1.4955121664955557,4.652050248043536e-15,0.00046381522269187006,3.589446705586989e-10,99701249548.39685
2748,120141,10.715484,3169367492748385.0,0.061851840274816994,4.7237549847393354e-08,18294200423767.168,2547265568.71,1.4955121664955557,3.380953462959841e-15,0.0003726136165183427,2.5291277467789304e-10,110209625953.30719
2749,11145,7.9859858,1312963661302166.8,0.005666941927835744,3.6846942237900715e-09,931693219634.5726,438754477.44,1.4955121664955557,6.082411901697024e-15,0.00029138452908939935,1.9009274204184728e-10,47906082948.46023
2750,130105,15.096677,1.6220259648951882e+16,0.011604743289672655,8.26642106312398e-09,12468435889429.342,1835667579.93,1.4955121664955557,9.307296755249855e-16,0.00046863198982815586,3.4020385195592544e-10,503510312555.38324
2751,261976,6.264655,8131108834861928.0,0.0022765086532261897,1.5356271572384842e-09,2954758023049.4893,400222574.49,1.4955121664955557,7.704551897203057e-16,0.00022267856560081225,1.4576071802873404e-10,289022085348.8573
2752,78466,13.827441,3944724511401634.5,0.033878516133405055,2.5674493432195627e-08,9664941835684.467,2920814392.27,1.4955121664955557,3.5052995361358836e-15,0.00047623336100781235,3.3414307604830465e-10,135860960268.40402
2753,196521,0.16101234,472152901629006.6,0.0,0.0,0.0,6779315.6,1.4955121664955557,3.410173684085822e-16,0.0,0.0,0.0
2754,158747,11.500453,1.8217261846029096e+16,0.24903864026015327,1.6339517887076204e-07,394488992685614.6,2195605796.43,1.4955121664955557,6.312942689851499e-16,0.00032676140508200376,2.1629327254743546e-10,517605530630.4234
2755,155967,6.688101,2539565913115975.5,0.006102973790332747,3.714254943782988e-09,2317384890953.2393,840830079.53,1.4955121664955557,2.6335607063625644e-15,0.0002936221740704879,1.896844122836548e-10,111492464692.80542
2756,163463,13.996028,1.3003231354374332e+16,0.0075807784125408945,5.116688095041946e-09,7043042179146.528,1103335413.71,1.4955121664955557,1.0763499947489352e-15,0.0003666045635615315,2.429212527661913e-10,340599772704.086
2757,100017,0.10098995,672509700661978.9,1.1458681227564744e-07,7.536402168947794e-14,763053579.324537,46213354.25,1.4955121664955557,1.5016876321723158e-16,6.915524703399712e-07,4.548357209618446e-13,4605168581.828054
2758,61863,0.18946582,135053753625170.89,0.005149527582130692,3.887099492875952e-09,3670651674075.569,523645723.8,1.4955121664955557,1.4028919220256901e-15,0.0002831105245473183,2.3111285794296874e-10,201804943133.84027
2759,105470,31.717207,2.280645985751697e+16,0.20529296090773708,1.5207822129791364e-07,147617212069559.16,7596407972.38,1.4955121664955557,1.3907115439289042e-15,0.0007300922671673994,6.002936489656122e-10,524977498284.6645
2760,9191,127.81243,1.6738359430851302e+16,0.10009333358674902,6.940221938893201e-08,13108257109321.102,16974653492.79,1.4955121664955557,7.635899475573608e-15,0.0012047173647556312,8.487179543674088e-10,157770197029.0976
2761,113676,0.56258726,577507676610934.9,0.0019962229248242564,1.4073421677586683e-09,2049164894549.4092,87830007.5,1.4955121664955557,9.741641241922631e-16,0.00020388912731882268,1.4190843961336137e-10,209296485320.56052
2762,171483,31.568562,3.2108522028711068e+16,0.03189450929614951,2.4496687729335344e-08,32440044444544.113,4356599468.77,1.4955121664955557,9.831832798710498e-16,0.0005955407943175473,4.330935117381837e-10,605727138073.0314
2763,219508,16.697573,1.758573061368403e+16,0.1308850032098793,1.1622211701042944e-07,137846883964520.3,2580681181.36,1.4955121664955557,9.49495552206803e-16,0.00027093859602359775,2.01621567179532e-10,285350042339.73126
2764,219546,9.365667,5737498650425778.0,0.013997630045918575,8.471355715506276e-09,8575084240942.706,370359451.91,1.4955121664955557,1.6323606454016292e-15,0.0001073967544827819,6.059714791359129e-11,65792295829.55168
2765,207757,19.302801,2.117211504971276e+16,0.08445070367193608,6.151792026402273e-08,92629044570859.45,2624592675.65,1.4955121664955557,9.117086769402322e-16,0.0004960954481462816,3.286510909255052e-10,544138122948.6791
2766,84719,27.035387,9233278075085262.0,0.04174894991705995,3.0672556712234136e-08,14258337190698.334,5439994844.23,1.4955121664955557,2.928037775982432e-15,0.0005056988371461491,3.482250929418333e-10,172709123254.5571
2767,121025,9.214104,5165963706993780.0,0.025721030239027262,1.6829647597642935e-08,14420708592100.152,1421405575.0,1.4955121664955557,1.783617640891625e-15,0.00039764701705206624,2.6865634689560756e-10,222944092912.92035
2768,151129,13.919531,1.2100874609172468e+16,0.008844614976384528,6.454479440173683e-09,7689021763422.782,2258653818.5,1.4955121664955557,1.150291317740702e-15,0.0004041538642026936,2.8971163264514953e-10,351349139100.25507
2769,93163,3.8011441,1939773124084660.2,0.0019414569619904951,1.3884409247054748e-09,990750662790.2415,154762126.24,1.4955121664955557,1.9595817948007107e-15,0.00019842892792454239,1.4231446284746145e-10,101260854969.68121
2770,7,1.11574,1196502023410034.2,0.0025924732767096037,1.8800120753511914e-09,2780127557692.1885,590742635.63,1.4955121664955557,9.325015571809379e-16,0.00018552619629411262,1.4207568329621145e-10,198955374246.21594
2771,212769,20.047281,3.084934238250595e+16,0.017930836301675385,1.235439381188072e-08,27592495375061.12,2958793144.86,1.4955121664955557,6.498446790674026e-16,0.0005354345890961426,3.7303289108222377e-10,823942407075.7172
2772,204172,7.5448437,5791310296169047.0,0.11161954187138699,7.510065852746659e-08,85677507420522.92,1069717678.13,1.4955121664955557,1.3027869884628554e-15,0.00020614866441781392,1.40434736257753e-10,158236662050.98236
2773,173915,17.954174,8850138955117185.0,0.03547608242982362,2.4133533358798557e-08,17487201532475.422,2108924896.81,1.4955121664955557,2.0286883732620745e-15,0.0004473289240859608,3.219060423410348e-10,220501546704.617
2774,46220,127.27107,1.913052774918469e+16,0.09956517038857056,7.276715698827179e-08,14965964024431.088,9188177355.96,1.4955121664955557,6.652773601889999e-15,0.001246585024648026,9.139262905060078e-10,187378242406.12686
2775,153216,34.57491,3.482198861988134e+16,0.05351520649261569,3.5892296738088724e-08,53897635929535.7,9345891898.48,1.4955121664955557,9.929045229846446e-16,0.0006522897197289979,4.705632317865921e-10,656951101167.5447
2776,142050,13.95544,7075223759167779.0,0.01637767003360942,1.1307804471163971e-08,8303262393848.101,1671070260.25,1.4955121664955557,1.9724379715789376e-15,0.0004890863250476919,3.3823187311832893e-10,247960307038.79526
2777,153322,37.71143,1.8746505442090252e+16,0.18177658759175128,1.2899842230425918e-07,90361882021799.78,7814285184.0,1.4955121664955557,2.0116511910176653e-15,0.0007116664168691711,4.854274950003534e-10,353772274262.4925
2778,220513,9.176177,6990409290287655.0,0.008666032011461225,6.481918970454126e-09,6601780968572.072,818767188.82,1.4955121664955557,1.312680934541159e-15,0.00021788143313412477,1.4418567672645016e-10,165982020002.6628
2779,117027,16.057976,2.051634920184501e+16,0.08469014070751361,6.734498786144691e-08,108203705168617.66,3195704649.02,1.4955121664955557,7.826916885659135e-16,0.0005093981148704095,3.7409476239223286e-10,650828573130.4417
2780,105627,0.5177715,1062165890051415.0,0.0,0.0,0.0,7693316.84,1.4955121664955557,4.874676402712733e-16,0.0,0.0,0.0
2781,149401,5.1544065,2756376250275072.5,0.003494647875377826,2.190167457582095e-09,1868801850759.2832,496653814.23,1.4955121664955557,1.869993800550856e-15,0.00021236112452599948,1.3498221440284108e-10,113562475160.84969
2782,99152,0.89996964,730970612640579.9,0.00021612790993905709,1.53047884983256e-10,175542755794.38504,35639361.44,1.4955121664955557,1.2311981144480257e-15,0.00012703808817483308,9.254531059214644e-11,103182490846.96426
2783,41398,5.7185745,2308835830042344.0,0.013516691712685306,9.137983705059331e-09,5457272984706.984,1933259435.85,1.4955121664955557,2.4768216196190622e-15,0.00047339006092260986,3.1781838849700275e-10,191128039731.58865
2784,129381,23.331015,6619696650289477.0,0.022469112447676468,1.493062010070581e-08,6375149491132.791,4060982788.05,1.4955121664955557,3.5244840107559525e-15,0.0005849282537480273,4.258534406099694e-10,165961386677.58304
2785,31175,12.727223,1.102758675132034e+16,0.024691372785375674,1.679644559951007e-08,21394003656565.176,1697876231.51,1.4955121664955557,1.1541258560923278e-15,0.0002919029949717595,2.0641147134670982e-10,252921285344.12442
2786,105842,16.03835,1.2962113229711892e+16,0.009955698903472037,7.00847526438229e-09,8046145424418.539,1830399399.13,1.4955121664955557,1.2373252505800309e-15,0.00040222044249248564,2.7091303753080734e-10,325072524224.2761
2787,103349,6.328493,2559823963281146.5,0.0070859258920256095,4.863404237140685e-09,2866199409629.036,1180183190.53,1.4955121664955557,2.47223757991867e-15,0.000334186279101935,2.252151695421657e-10,135175632720.91707
2788,185758,10.117148,5744440497739711.0,0.003946334293867305,2.7391587526005585e-09,2240698913894.5474,994464692.06,1.4955121664955557,1.761206858001373e-15,0.00026045448458284095,1.816919862690438e-10,147884096294.2911
2789,96950,2.6282601,1371002190399572.0,0.000797052599249451,5.127123735933475e-10,415773484304.18646,155965831.17,1.4955121664955557,1.9170356680714028e-15,0.0001359228576746322,7.93727360308008e-11,70902623221.07695
2790,191003,16.139395,1.388675923341797e+16,0.011895617750390525,8.095781252126158e-09,10235301858120.848,2137974792.92,1.4955121664955557,1.1622146484084743e-15,0.00040739948121014044,2.765610958834614e-10,350537210805.27545
2791,64255,0.4311281,1434393410211155.2,0.0,0.0,0.0,3175019.7,1.4955121664955557,3.005647522715084e-16,0.0,0.0,0.0
2792,39405,0.51095295,207010567656657.75,0.0005916812438869372,3.838913403413511e-10,239717316768.27042,159311811.43,1.4955121664955557,2.468245731529286e-15,0.00012580222879343423,8.032109534333744e-11,50968275640.646675
2793,167580,20.82815,7840095112940827.0,0.011228272373180621,7.3604397577582186e-09,4226526281006.325,2975426041.29,1.4955121664955557,2.6566195562629267e-15,0.00041678030505403065,2.7379562857517297e-10,156883699840.07666
2794,61565,46.238823,1.0504978189142492e+16,0.07507510875106481,5.6921653946746014e-08,17056281471036.504,5635238699.21,1.4955121664955557,4.401610566673096e-15,0.0007883761691815347,5.54231587680147e-10,179110840734.24045
2795,191423,27.103891,4.685676555551448e+16,0.0331232538447154,2.4219250363420115e-08,57262942056460.56,3260052576.73,1.4955121664955557,5.784413558782271e-16,0.0007261284799868915,5.298125070856515e-10,1255319096063.656
2796,112132,0.58587533,382175977443785.7,0.006425056687400278,4.331539907548442e-09,4191168656374.2715,1453569378.37,1.4955121664955557,1.5329988397456942e-15,0.0003112444363439311,2.1378148081618398e-10,203029792504.972
2797,235125,8.464471,5057139686570901.0,0.00303769873141391,2.2223304020117147e-09,1814887996010.544,821405091.14,1.4955121664955557,1.6737665013440652e-15,0.00023856620526848424,1.7322701905870493e-10,142532548642.18588
2798,145878,10.714045,6081568297703983.0,0.05130034186215408,4.8426013083909804e-08,29119397270615.6,1111532922.17,1.4955121664955557,1.7617240283308088e-15,0.00032143681164203025,2.620783053365899e-10,182455825357.95
2799,76075,12.942978,2.838598274259653e+16,0.03791035629359785,2.7472596026263568e-08,83143363105133.47,1170290120.98,1.4955121664955557,4.55963709883383e-16,0.0004415205198542733,3.048932951625287e-10,968323816751.11
2800,163916,17.341722,3.964095077687671e+16,0.008807772817877826,6.345015279239571e-09,20133438232224.434,3838451815.95,1.4955121664955557,4.374698805185002e-16,0.0004325525670752517,3.1803427571941517e-10,988759652579.0065
2801,124018,24.489973,1.0093980548344202e+16,0.08267835056829997,7.280644024686862e-08,34077361473840.855,2171087219.31,1.4955121664955557,2.4261957790296406e-15,0.0004510190957338472,3.329741992161881e-10,185895589973.46567
2802,161886,49.175087,4.807064100394031e+16,0.0404655603438718,2.8477566695596452e-08,39556725630471.07,8220792639.51,1.4955121664955557,1.0229754788576495e-15,0.000784405243256255,5.723762456156615e-10,766787923530.8706
2803,98716,0.18454267,160507621730555.2,0.0009109908648809725,5.578436553349661e-10,792342373394.2207,158640483.67,1.4955121664955557,1.1497439686060052e-15,0.00015365242203966623,9.282153845325504e-11,133640554971.52159
2804,79170,5.878449,1.100986768792994e+16,0.0027131066485432307,1.9731948438434004e-09,5081433082723.692,495013300.44,1.4955121664955557,5.339254899897219e-16,0.00018905749520662664,1.3940579789687948e-10,354089659982.8302
2805,87960,28.819809,7997153694989353.0,0.01903366452653595,1.332107861178028e-08,5281615176477.219,1893603111.65,1.4955121664955557,3.603758299413097e-15,0.0005302850068595742,3.860092847356606e-10,147147772631.1267
2806,49428,11.794595,4819791792469102.0,0.01282166457470313,8.722999584231601e-09,5239497726114.886,1231112886.17,1.4955121664955557,2.4471171178865004e-15,0.0002923673200526317,2.18565115406968e-10,119474183689.72073
2807,272734,5.8611565,6271219756439892.0,0.17622992604511167,1.0939662104061994e-07,188559475231559.75,406724729.91,1.4955121664955557,9.346118821591605e-16,0.0002465834191935054,1.8410812154170716e-10,263835099789.06226
2808,202792,12.110256,4334069009871317.5,0.020774310118928056,1.5336370891835688e-08,7434796893468.0,1074089530.98,1.4955121664955557,2.7942000859740727e-15,0.0003343549796000181,2.395808856885259e-10,119660356922.31404
2809,228714,6.4822984,3817111913726182.5,0.002618937560968669,1.634059050461958e-09,1542165625278.6045,231410524.08,1.4955121664955557,1.6982206826815617e-15,0.00016694307768977732,1.1458802570167144e-10,98304701734.15106
2810,168846,0.27407178,544518276983600.4,1.584121914687544e-06,1.7014465206781204e-12,3147289865.150011,12388193.61,1.4955121664955557,5.033288901122678e-16,6.915524703399712e-07,7.427708269274126e-13,1373957434.046196
2811,165018,11.79444,5286208234168563.0,0.07943572277520708,5.283932435831867e-08,35602688370234.695,1962514619.97,1.4955121664955557,2.2311720381660447e-15,0.00045724407872172764,3.1646533054323497e-10,204934478785.2255
2812,179164,25.900757,1.7647918747252304e+16,0.14975343406765604,1.067418513162628e-07,102037034537175.84,2569041982.24,1.4955121664955557,1.4676380467828606e-15,0.000531104665336154,4.013956931576942e-10,361877144368.3701
2813,172949,20.993042,9588966127612206.0,0.0752804539251881,5.0567929955135944e-08,34385760899249.387,2367452655.29,1.4955121664955557,2.189291496144598e-15,0.00046633333870101936,3.281901748059174e-10,213006508965.22693
2814,146110,23.501204,2.3544954772402524e+16,0.06087636929187621,3.898282573242045e-08,60989699152660.41,6513071097.32,1.4955121664955557,9.981418196456336e-16,0.00041229018297571314,2.9191712284240336e-10,413057718713.8466
2815,117636,17.292213,5643786825256543.0,0.014555255443920957,1.0824167271221836e-08,4750505844026.133,1690745003.18,1.4955121664955557,3.0639380145641786e-15,0.0004727972604068751,3.5623482499287157e-10,154310321605.55206
2816,126122,8.5481615,1.6475051316415758e+16,0.005677344425187291,3.729725041802526e-09,10942065231913.03,1285354819.29,1.4955121664955557,5.188549240804248e-16,0.00034016670475713544,2.1306119050292828e-10,655610439392.126
2817,147838,1.5621843,627135033932098.9,0.004948306424615486,3.185894925323755e-09,1986485408608.7385,884523230.19,1.4955121664955557,2.490985538162648e-15,0.0002694174615535877,1.8156547142502347e-10,108156975392.28194
2818,57121,43.253834,4980682572757508.0,0.026148134960803378,1.7415080647438487e-08,3010959909574.3677,10105629864.95,1.4955121664955557,8.684318538302858e-15,0.0006810576558256904,4.5871326860042317e-10,78423845558.15553
2819,190542,28.602188,2.839308915915805e+16,0.024643727405425527,1.674666162217263e-08,24463567243045.656,3498497129.86,1.4955121664955557,1.0073644272967216e-15,0.0006084573890388889,4.312544150377594e-10,604009207146.3093
2820,208214,8.450549,7949535604974481.0,0.015633960109170914,1.1866168973205168e-08,14707058977423.23,1470997196.95,1.4955121664955557,1.063024234360559e-15,0.00025906401087823954,1.8246868135546133e-10,243704708231.86298
2821,112281,4.9232435,2705088248485578.0,0.03519010830125206,2.572089388609669e-08,19335291546853.56,333956375.62,1.4955121664955557,1.819993674053421e-15,0.000129066596281617,8.532865295876185e-11,70915958731.96898
2822,152286,0.13438004,230997552465693.22,0.0010560056354784045,9.17342911836251e-10,1815260042975.8054,42966598.86,1.4955121664955557,5.817379386301401e-16,0.0001041275340862991,8.133798224159274e-11,178993885685.8737
2823,35984,12.451916,5541630505445265.0,0.00863432633439293,5.981342008395862e-09,3842641261685.451,804215376.28,1.4955121664955557,2.246976947987531e-15,0.0003512754155493914,2.5023541229793817e-10,156332451858.93234
2824,251995,8.08897,1.0848159459910774e+16,0.007122462985779924,4.4081890788487704e-09,9551971909532.713,586656186.63,1.4955121664955557,7.456536779250599e-16,0.00027759268653044285,1.726838118575429e-10,372280986131.39496
2825,204731,21.369148,2.441801357295833e+16,0.026885174264164754,2.9135609095296184e-08,30721044661851.98,2275363534.76,1.4955121664955557,8.751386731828674e-16,0.000486110677269434,3.593767390256036e-10,555467027301.4631
2826,43335,16.080902,3995712453437437.5,0.016120795330442955,1.1932425516465797e-08,4005624974343.293,1195027473.11,1.4955121664955557,4.024539349963958e-15,0.0005646107582842965,4.21999838872961e-10,140292020822.0483
2827,95683,14.486257,1.338396479051135e+16,0.012070071165035444,8.784063828664462e-09,11151632025567.451,2911783228.12,1.4955121664955557,1.082359168358701e-15,0.00038044977870547113,2.4251620678553403e-10,351500490620.30725
2828,204129,21.415812,2.5571584700928656e+16,0.03428343519941402,2.5191100494549572e-08,40936190840702.875,2724298918.56,1.4955121664955557,8.374847413825809e-16,0.00039811216511225086,2.905056973481603e-10,475366469907.2825
2829,93708,6.6688814,7275713551037273.0,0.0018344971231251332,1.3211384313808174e-09,2001426442830.4907,132573304.25,1.4955121664955557,9.165948265032014e-16,0.00019494661660204206,1.4804344902843018e-10,212685704703.09238
2830,14928,17.656202,6214945526209099.0,0.05424846499503925,3.243992963080265e-08,19095344220950.242,1168908170.2,1.4955121664955557,2.8409262680649223e-15,0.00035283978747363125,2.690784895233415e-10,124198854239.87637
2831,139653,19.087456,1.3837712263297668e+16,0.020799719329117845,1.5515982182883908e-08,15079040980300.547,2502956525.24,1.4955121664955557,1.3793794549859548e-15,0.0004452410303141057,3.19074105484381e-10,322783573950.3886
2832,107593,35.628128,8470302946561523.0,0.022015673883202126,1.6024165023631665e-08,5234050673766.092,3343415996.18,1.4955121664955557,4.206240110274103e-15,0.0005868025996257457,4.408208825368e-10,139507632527.30865
2833,148190,1.4471811,579421605833258.0,0.006084897459699464,4.142751103988328e-09,2436268036826.749,646481007.19,1.4955121664955557,2.4976305429943876e-15,0.0003267061676287114,2.1474573676584096e-10,130806443148.72374
2834,172152,3.4860647,3426820180659148.5,0.0016531244376570256,1.1499642446289282e-09,1625030133291.5312,313061455.18,1.4955121664955557,1.0172884820963835e-15,0.00012843451842414462,8.740762713257931e-11,126251816160.8125
2835,116452,7.2386265,3488435590247575.5,0.0031957944109967814,2.413977303919733e-09,1540115788877.2766,458969616.58,1.4955121664955557,2.0750351590944157e-15,0.0002482718514317753,1.8104924699164757e-10,119647057710.63936
2836,159402,15.619866,6819076937277337.0,0.019261843643792836,1.3045381148051174e-08,8409034607648.35,3108993481.32,1.4955121664955557,2.290612958861345e-15,0.0005468080103715847,3.65122745549476e-10,238716893771.26416
2837,162158,0.38137802,753981208668898.2,8.847742857086034e-07,5.281232526202511e-13,1749191485.4918327,26921585.2,1.4955121664955557,5.058189986900291e-16,2.7848026486063526e-06,1.6622533638730231e-12,5505531931.023625
2838,163120,4.8672004,5167590040120694.0,0.0048822175097766205,3.505610092824554e-09,5183533962814.542,468691937.71,1.4955121664955557,9.41870458417077e-16,0.0002837290787504884,2.086761275636233e-10,301240023205.875
2839,185503,14.071121,7245524944886965.0,0.19280638441303954,1.47373624423644e-07,99280182993106.48,2737572510.63,1.4955121664955557,1.942042999925041e-15,0.0004149765120401954,2.91120706943915e-10,213680393305.51007
2840,222273,4.661322,5520049361566162.0,0.00801746866740005,5.562922723693108e-09,9494478776376.82,1034896180.27,1.4955121664955557,8.44434840103944e-16,0.00036241111688704424,2.4704163146439514e-10,429175940730.2925
2841,199965,21.003607,1.7760500220891298e+16,0.018043172715065163,1.2731175001020866e-08,15257178111906.906,3168608610.46,1.4955121664955557,1.1826022205891422e-15,0.0004603547746007098,3.2963839065082335e-10,389272712824.2435
2842,243093,11.808745,8134425646929100.0,0.012132959507812935,6.482744527525606e-09,8357760032374.804,1340294111.12,1.4955121664955557,1.4516999125141706e-15,0.000316315053724315,1.9719243549547168e-10,217892865459.01566
2843,144966,36.145237,3.9989022929162184e+16,0.033600735786167894,2.434752415367135e-08,37173932316166.26,5041468815.88,1.4955121664955557,9.038789735880472e-16,0.0007281731802684476,5.247824353006927e-10,805609159573.5255
2844,18694,9.651689,3034834897966672.5,0.011413044446030168,8.537939145980757e-09,3588667804863.6943,1686158625.63,1.4955121664955557,3.1803011776576687e-15,0.0004197620802252306,3.293150884409627e-10,131988153566.7608
2845,212378,16.450563,1.3081424500469128e+16,0.01002080576225568,7.221471343587064e-09,7968506245823.542,1800566915.32,1.4955121664955557,1.257551346904922e-15,0.00043219987955541887,3.0705341230060387e-10,343683683866.3858
2846,7356,7.44968,1479484071179886.2,0.004291363089665488,2.932523892602298e-09,852251819515.656,302345568.05,1.4955121664955557,5.035322883915128e-15,0.0003168169667226847,2.2773257480912142e-10,62918897958.80362
2847,88362,14.743542,7847335537148612.0,0.009472306238137669,6.074295016224787e-09,5041689802985.756,1771294112.77,1.4955121664955557,1.87879592126593e-15,0.00035962852296606777,2.456501238853098e-10,191414362196.268
2848,135010,4.736135,3832990541613471.5,0.004967632332953395,3.1763674187296433e-09,4020343116575.779,489316179.69,1.4955121664955557,1.2356239726086974e-15,0.000275602689872661,1.7555609508703658e-10,223047380094.76938
2849,175570,21.82736,1.8763897491575988e+16,0.0548564510918687,4.594706899325081e-08,47157366948612.93,4715314531.93,1.4955121664955557,1.1632636561673473e-15,0.00041961668550957574,4.2532049845783175e-10,360723627257.55927
2850,221200,10.621405,2.4961661317248508e+16,0.014350354008976966,1.0137239021558489e-08,33725168803440.07,877132192.76,1.4955121664955557,4.2550873778022974e-16,0.00037783375134042797,2.7559125879540676e-10,887957679345.1764
2851,65224,16.451443,1.264784238475187e+16,0.04432599084529339,3.037597149158979e-08,34077749031451.227,1847597034.16,1.4955121664955557,1.3007311839870585e-15,0.0004779357355437255,3.3731080397364393e-10,367436209285.5618
2852,182525,23.433113,1.4804668601384232e+16,0.03547877693328173,2.608953293901533e-08,22414927751155.863,2354630311.52,1.4955121664955557,1.5828191519132694e-15,0.0003877058879283291,2.701157130901032e-10,244946421996.272
2853,185385,18.927107,1.1988769457973792e+16,0.01584086157969552,1.1212629020575367e-08,10033886187394.836,1837571885.28,1.4955121664955557,1.5787364221447668e-15,0.0005008913392769962,3.4584826150972916e-10,317273569071.472
2854,73545,0.89327353,294353672179734.0,2.539119961289868e-05,1.499046116816813e-11,8366970022.167082,129894543.04,1.4955121664955557,3.034694703773093e-15,8.328066784012051e-05,4.985436396634976e-11,27442848777.037144
2855,108176,105.0007,1.6885374663572698e+16,0.08211937996818523,6.022857409970646e-08,13205783370045.1,7049852667.13,1.4955121664955557,6.218440638247785e-15,0.001139851348151178,8.410152318039758e-10,183301797743.3587
2856,186444,8.066903,3507070521974601.5,0.009336268997234715,6.7446939651105196e-09,4058924941260.263,939478942.89,1.4955121664955557,2.300182716445079e-15,0.0003691259157957279,2.6168568216476867e-10,160476780021.289
2857,67554,20.454123,4109909836310786.5,0.03585411704019852,2.791469610638505e-08,7204277997924.922,2327541764.37,1.4955121664955557,4.976781441599801e-15,0.0003940717926901065,2.7029595958041256e-10,79182057181.80603
2858,48306,3.0283787,1746554130619684.2,0.00559126408365293,5.1621885686206875e-09,3224644718538.507,121083968.13,1.4955121664955557,1.733916313790698e-15,0.000123404690199358,8.930060062747369e-11,71171076261.21237
2859,74104,2.5792685,1417217470721830.5,0.00137806883635712,9.543884125264956e-10,757200435217.4323,317100080.41,1.4955121664955557,1.819952514899709e-15,0.00011607754738119413,8.125391419683157e-11,63780536267.22824
2860,122638,9.8892145,7640097487383522.0,0.04474391387908844,3.715857091350113e-08,34567746912894.68,1357071628.65,1.4955121664955557,1.294383287167547e-15,0.00039451754841343103,2.827933737678589e-10,304791905399.78296
2861,53488,0.82486945,998609240805472.4,0.0,0.0,0.0,6960632.2,1.4955121664955557,8.260182424655565e-16,0.0,0.0,0.0
2862,142289,28.123707,1.833021242412806e+16,0.29342033425398917,2.598958927394427e-07,191242820743164.5,4262640806.28,1.4955121664955557,1.5342815647341196e-15,0.0006053651565907917,4.489999373452201e-10,394559362834.8766
2863,176784,25.036901,2.6958832274424108e+16,0.04860561728443616,3.7323471857254515e-08,52336776183520.63,4425888764.4,1.4955121664955557,9.287086601207335e-16,0.0006265190515804034,4.462099123112772e-10,674613125174.2124
2864,151246,3.6128976,4586930294795250.0,0.004486174958910201,2.9008493004498967e-09,5695642142411.409,246792163.58,1.4955121664955557,7.876504258413353e-16,0.0001896050931569244,1.4124413051444383e-10,240722390208.06238
2865,233482,10.253971,6996860696477846.0,0.03293080900699175,2.4684583558304557e-08,22470541729076.4,994420182.59,1.4955121664955557,1.4655102402084056e-15,0.0002333493609688295,1.7651598511816904e-10,159227383450.86255
2866,79169,2.750316,1998697130380551.8,0.003505561100544444,2.478378581045993e-09,2547545413702.232,429292686.91,1.4955121664955557,1.3760544097425808e-15,0.00021378744878342482,1.50873458440954e-10,155362642109.05594
2867,82353,0.38358337,1557092728190611.5,8.58871969866316e-06,5.026758279285574e-12,34864475452.248795,1708600.1,1.4955121664955557,2.4634587462606376e-16,2.7848026486063526e-06,1.6298738649297471e-12,11304441987.646406
2868,78146,0.6655691,444474861507740.94,0.0,0.0,0.0,34300539.94,1.4955121664955557,1.497427993435369e-15,0.0,0.0,0.0
2869,55760,0.6332185,559296472115823.0,0.0014098489934724686,1.019160237279911e-09,1245262998894.0557,305489836.71,1.4955121664955557,1.132169665945736e-15,0.00014046775547270124,1.0552938847534931e-10,124069527472.6021
2870,133334,17.505217,3.664269083329757e+16,0.01878255695530741,1.387297779083439e-08,39316475058385.87,3497117193.36,1.4955121664955557,4.777273885162615e-16,0.00047004504238288967,3.45356942692107e-10,983918974883.9148
2871,88183,17.958124,1.4735623331518798e+16,0.04656071945769356,3.122565349398357e-08,38205617912711.28,2882354421.09,1.4955121664955557,1.2186877742449095e-15,0.0004685510104336856,3.1851308623827667e-10,384471741110.22534
2872,125835,30.806395,1.266412504234317e+16,0.03327745066588931,2.512052447696834e-08,13679945229658.588,3641964023.0,1.4955121664955557,2.4325719224184216e-15,0.000547131127369987,3.68185097560074e-10,224918787530.04703
2873,50987,1.2546601,368519807170662.6,0.0036116701869249195,2.244723703409097e-09,1060822768532.7703,225884052.26,1.4955121664955557,3.404593391146987e-15,0.00023405946386786754,1.5002196204295107e-10,68748140226.22958
2874,138651,0.49605763,555387729341019.94,5.741089665465837e-06,3.487626077436573e-12,6427742585.566654,12847689.06,1.4955121664955557,8.931735502845617e-16,1.0481796711043797e-06,8.435262378530241e-13,1173545354.9541783
2875,210376,9.248927,6978469333798968.0,0.0019536065622771767,1.1931782661332377e-09,1474028661396.041,212730191.46,1.4955121664955557,1.3253518153622138e-15,0.00025264198703811857,1.5397904874827651e-10,190622583460.28104
2876,233153,19.935375,3.0217119687945844e+16,0.028073365625142514,1.834151683272256e-08,42552309607338.51,1624253754.49,1.4955121664955557,6.597377647464057e-16,0.00043376683219107726,2.8608537281365356e-10,657483708481.9774
2877,220606,8.052445,4524774302286224.0,0.03632252647741732,2.375026685003135e-08,20410103316337.938,1298568916.51,1.4955121664955557,1.779634620876307e-15,0.0003481416446862977,2.4040491089873315e-10,195625349497.22986
2878,147658,56.9774,1.2304442655039584e+17,0.05851644023814037,4.2119444279404e-08,126368030708184.12,8360114833.9,1.4955121664955557,4.63063639673785e-16,0.0007679951573831953,5.418690286023833e-10,1658508877795.3408
2879,22363,35.83146,8.664132765072602e+16,0.031381372022001204,2.3636484722840738e-08,75880908438772.31,5355485306.68,1.4955121664955557,4.1356083720745883e-16,0.0007171559665095713,5.471065177053495e-10,1734100287039.0671
2880,19990,23.16204,6688388126886729.0,0.022211265109305326,1.6615782085047423e-08,6413837547997.119,2525361603.44,1.4955121664955557,3.4630227134831857e-15,0.0006193021082875169,5.111769131843587e-10,178832817317.7383
2881,60097,4.826174,1897639173964431.8,0.009235753677150477,6.185013419863759e-09,3631474534247.376,1771533399.53,1.4955121664955557,2.543251670926171e-15,0.0003695243348377407,2.727508495534115e-10,145296015751.03723
2882,115396,0.52403027,758595124686604.8,2.9027218611591102e-06,2.5085569865595367e-12,4202029497.6405244,2560517.5,1.4955121664955557,6.907904532295676e-16,4.0119895683801055e-07,3.180672611735827e-13,580782428.2491665
2883,88906,0.12699823,93172316234933.25,0.00013269144633572553,7.433222363274493e-11,97349147304.35925,53063187.91,1.4955121664955557,1.3630468269112787e-15,4.43709078927446e-05,2.2731000867429002e-11,32552739213.876415
2884,229413,8.911796,7531684051477878.0,0.01613894784019009,1.3655822778754134e-08,13639613839409.365,413344240.67,1.4955121664955557,1.1832408182671066e-15,0.0002159084516814324,1.7878992904876872e-10,182472112479.72083
2885,148775,7.773757,5251046229062729.0,0.0031529028893554716,2.0728705643314412e-09,2129734545053.4448,752512249.46,1.4955121664955557,1.4804205982752422e-15,0.00022838859351591648,1.4981274613161955e-10,154272774765.49545
2886,75037,18.91184,8868362277829857.0,0.06189555885713688,4.234684223882158e-08,29024792898725.367,6532665092.03,1.4955121664955557,2.1325064772419114e-15,0.000518930619906265,3.5160922976084406e-10,243343045118.1685
2887,77524,31.65228,8004920080746793.0,0.021521206958704655,1.494632214408213e-08,5442752994275.373,2572974960.39,1.4955121664955557,3.954103186630079e-15,0.0005817759277220246,4.058746748583324e-10,147132206789.436
2888,133984,3.7213135,1495975196274954.0,0.0037395133832536145,2.492159427923273e-09,1503291584405.7866,972106281.18,1.4955121664955557,2.4875502677225123e-15,0.00024755408985173546,1.6526907217527641e-10,99517221044.2946
2889,123627,5.843126,4454065755802082.0,0.008407135660282224,6.1407151084370706e-09,6408544852335.134,497726027.78,1.4955121664955557,1.3118634345234937e-15,0.00038662560037509944,2.7376882215091717e-10,294714823357.7628
2890,179254,0.42097843,336785645342358.7,0.015563946498051021,1.1220456364537211e-08,12451264463644.982,2013441549.7,1.4955121664955557,1.2499892314948736e-15,0.0004645596912391148,3.5019567102705044e-10,371650954691.4605
2891,4971,42.99665,3.577831993983893e+16,0.04180693620067448,3.1342043717339624e-08,34788336744657.21,5693188922.76,1.4955121664955557,1.2017515096376426e-15,0.0007624774219710459,5.767338365336409e-10,634471782108.2258
2892,147327,2.0497546,3264627324365561.5,0.001086525390055153,7.463998695175871e-10,1730500069125.837,63344500.81,1.4955121664955557,6.278678686236701e-16,0.0001232103878008396,7.706795690438815e-11,196236173179.12018
2893,172582,16.184258,9411834455091850.0,0.02634791195270587,1.9074534863217167e-08,15322431558876.75,1341275474.5,1.4955121664955557,1.7195646690581382e-15,0.0003556467427826598,2.430928784599689e-10,206823709036.46164
2894,145879,17.035269,1.2599137126049734e+16,0.018310959003209306,1.3301418310720155e-08,13542626382413.393,3598005065.51,1.4955121664955557,1.352098070651061e-15,0.0005025797305932204,3.5535914982942185e-10,371703607528.42334
2895,30305,1.8324066,650046219097059.9,7.788266652641154e-06,4.366523310999247e-12,2762887500.442913,78555854.97,1.4955121664955557,2.818886636315316e-15,1.845201195813738e-06,9.789392748320113e-13,654585101.8066044
2896,146308,10.200832,5647728912768771.0,0.013634935958458471,9.543269531906938e-09,7549033454951.172,2005554156.52,1.4955121664955557,1.806183008702359e-15,0.0003189694993843888,2.059558779053687e-10,176598660184.24707
2897,130991,5.0619864,4757832458610661.0,0.09295892526438876,7.607688542978407e-08,87373405811693.11,193367025.82999998,1.4955121664955557,1.0639269970170734e-15,0.00016573383712783964,1.422516070060188e-10,155775572565.13535
2898,173160,20.705984,8641701865674745.0,0.05113689058616921,3.7088104516141155e-08,21342128091246.652,2815872081.18,1.4955121664955557,2.396053962732175e-15,0.0006539967997781204,4.77540628218399e-10,272947441898.33698
2899,183358,36.575153,1.51652702809098e+16,0.02994940089278082,2.139776733712762e-08,12418013925747.416,6348338150.37,1.4955121664955557,2.411770599699841e-15,0.0006929213942616358,5.118720880521756e-10,287308168674.0331
2900,65542,8.782858,2195144844605922.5,0.004291210174075453,2.997956375810855e-09,1072524216006.0216,511897401.76,1.4955121664955557,4.001038027892286e-15,0.0003057024265291057,2.2176976862481795e-10,76405778799.89488
2901,147213,10.709239,6152976843323781.0,0.03282711164287962,2.3865843896632056e-08,18860766649417.645,1321586960.44,1.4955121664955557,1.7404972052868914e-15,0.0002969586208469792,2.2378636560826243e-10,170617120179.7653
2902,86852,0.34676415,586967214325595.1,1.9396697271702957e-05,1.7868156641397686e-11,32832763608.02683,10578905.61,1.4955121664955557,5.907726045626243e-16,3.0602195172491034e-06,2.876803255332196e-12,5180029496.314783
2903,77197,2.1959598,1678188657295052.8,0.0007781448798698917,4.272689163213259e-10,594671137026.2214,72427635.11,1.4955121664955557,1.3085297594249646e-15,0.00010418212428565269,5.6705351316023295e-11,79617695765.23479
2904,195871,12.474924,9561045668646438.0,0.20190944097077884,1.3991653807090686e-07,154747667084183.34,1683028659.74,1.4955121664955557,1.3047656535005424e-15,0.000374806953865691,2.707302253801161e-10,287259978725.0111
2905,214595,18.354597,2.7018098915779304e+16,0.011012256701998468,7.541192437559057e-09,16210121140799.125,2490084025.22,1.4955121664955557,6.793445037422828e-16,0.0004074691980753222,2.8439163505086487e-10,599797592871.8198
2906,90186,26.419626,1.7708219166778996e+16,0.023429518500228456,1.7089124977980355e-08,15704047005591.549,4331337975.84,1.4955121664955557,1.4919414398012304e-15,0.0006074008360560429,4.402214645133829e-10,407121097284.46594
2907,49429,0.33719754,279516150001629.97,0.001284936019785986,9.966089944523683e-10,1065133420750.9254,220981080.38,1.4955121664955557,1.2063615644320863e-15,0.00016652173768302568,1.311959130136385e-10,138036342165.30963
2908,141103,24.853113,1.3917908804043002e+16,0.018610971296749212,1.2226407174984553e-08,10422267876978.527,3532599916.39,1.4955121664955557,1.785693048425525e-15,0.00046177217110186287,3.107922297476304e-10,258595491262.6305
2909,150345,5.6834044,2045785092101383.0,0.005820540810041356,3.93190869810131e-09,2095148396821.8618,1606287825.25,1.4955121664955557,2.778104318944928e-15,0.00030570248672604297,2.0623629727190438e-10,110039959493.72522
2910,182676,9.513243,7066932263004993.0,0.024265726256394782,1.92014863163039e-08,18025845000129.152,1382824611.54,1.4955121664955557,1.3461630373622385e-15,0.00032559214294165497,2.2182283002600036e-10,241866797635.18237
2911,2586,0.45068336,1063760320544578.1,0.0016913967326566217,1.1776615150088424e-09,3992250192016.9854,62244895.2,1.4955121664955557,4.2367002349672017e-16,0.00013573363654421686,9.238321801836079e-11,320375832644.35895
2912,110238,15.5287285,1.0887207129863004e+16,0.008526775651719764,5.905088444515516e-09,5978130963532.892,1604291177.91,1.4955121664955557,1.4263280118374491e-15,0.00038388598177761655,2.7724587936114106e-10,269142846940.99237
2913,181719,18.461994,1.0328963475513192e+16,0.0287253263341345,2.5994248308499114e-08,16071007634791.371,1927685755.17,1.4955121664955557,1.787400453469289e-15,0.0004016633102825464,3.0675533780513736e-10,224719261709.33347
2914,197931,12.304439,6913860017234437.0,0.021435067567600743,1.6143085756646768e-08,12044357050520.822,1372174318.33,1.4955121664955557,1.7796771946970674e-15,0.0003470776980890784,2.6121574255682696e-10,195022838480.63647
2915,44494,1.1833956,1616273917436958.2,0.0007316236025417408,5.064940533105981e-10,999246698373.2909,188378569.78,1.4955121664955557,7.321751512742317e-16,0.00010490366865844641,6.341705280195141e-11,143276739829.09506
2916,11148,1.6926229,1013187863974275.4,0.006412407664652952,4.15196696031093e-09,3838405840238.8364,2237406678.06,1.4955121664955557,1.670591368278544e-15,0.0002975878012460592,2.0586505773645047e-10,178133208932.30023
2917,156432,20.73875,9001916624785015.0,0.01241346870335943,9.068386591639351e-09,5388223026557.519,1384907086.09,1.4955121664955557,2.303814939020865e-15,0.00045478033425754336,3.2432944496341227e-10,197403153593.0693
2918,222610,11.909512,9921907596647952.0,0.03481846792129574,2.293945084553444e-08,29007537955539.004,1341221671.28,1.4955121664955557,1.2003248250390426e-15,0.00026855138393307523,1.9680350452983057e-10,223732258411.25143
2919,252865,13.786829,1.3047961283060926e+16,0.004835611193346348,3.626188285288982e-09,4576459723314.128,629490468.92,1.4955121664955557,1.056627062336419e-15,0.000367827915515623,2.726847543794732e-10,348115175757.7362
2920,162268,16.439516,1.2579899711374114e+16,0.07463245777899741,5.981285033962843e-08,57110491213558.25,1429678142.98,1.4955121664955557,1.3068081922096895e-15,0.00044646405206953785,3.3285601071671445e-10,341644668843.5655
2921,169173,25.691044,1.5438007734427038e+16,0.03047628748062638,2.320320247570883e-08,18313508857115.03,2458894498.94,1.4955121664955557,1.6641424490744688e-15,0.000422136479133591,3.211197000158457e-10,253666072497.80023
2922,126123,3.4369137,7437643432652957.0,0.0005125563149477646,3.1609296414047395e-10,1109196052765.6084,225161662.41,1.4955121664955557,4.620971321253668e-16,0.00011280808790172215,8.61585572108871e-11,244122025563.91837
2923,35985,23.571743,1.3972453221118538e+16,0.06235168646087307,4.1121993149955103e-08,36959762472058.14,3284127584.5,1.4955121664955557,1.6870153456211041e-15,0.0004734262041613633,3.315311850896878e-10,280629459234.15015
2924,179003,30.349928,1.7636441748228056e+16,0.024962767137276017,1.7048155026708313e-08,14505945071472.662,2822649648.02,1.4955121664955557,1.720864584436329e-15,0.0006143152955238488,4.305510063803161e-10,356980613744.8453
2925,110793,0.13397364,95094273552217.81,2.2431420466751303e-05,1.6345227090492087e-11,15921786062.019854,24051937.34,1.4955121664955557,1.4088507645671525e-15,3.956316793157465e-06,2.8865714421778246e-12,2808187277.6446853
2926,178881,13.57975,6457620292898700.0,0.026553626112875196,1.94055480278856e-08,12627127512402.488,2529573390.32,1.4955121664955557,2.1029031414147015e-15,0.0003691607687261205,2.493106990334289e-10,175548156001.97937
2927,50407,2.2283056,856769288182107.4,0.004295177402427004,2.87636955358181e-09,1651468311031.1516,624114446.96,1.4955121664955557,2.600823384703737e-15,0.00029797251313213224,2.1079629097277523e-10,114568530444.85934
2928,66419,8.509018,5859633015368074.0,0.00554020691646996,4.059250062680765e-09,3815196931034.5723,499887233.58,1.4955121664955557,1.4521417941504828e-15,0.0003477810370182735,2.5677715514713166e-10,239495232779.06125
2929,65988,32.44693,1.2627322687619678e+16,0.025947350068613668,1.8207628869167547e-08,10097890993231.574,2667389935.34,1.4955121664955557,2.5695811220388185e-15,0.0005875180738705668,4.1325932859526616e-10,228643520467.80453
2930,144578,1.1045481,405124296023065.5,0.013830708971667629,9.365044689749109e-09,5072804195350.791,1682971384.55,1.4955121664955557,2.7264425038016313e-15,0.00047725064429756015,3.2667610644581056e-10,175045189338.15875
2931,210438,15.616582,7047921315172153.0,0.00709677510941738,5.1667469395657366e-09,3202846343882.8,1984519918.62,1.4955121664955557,2.2157713319503125e-15,0.0003416493628537636,2.4453515393526014e-10,154189810982.45605
2932,27505,40.670113,6724072420321339.0,0.027580903082297756,1.8664731930300858e-08,4560006748524.012,2449762357.56,1.4955121664955557,6.048434707081338e-15,0.0005969277209520217,4.1618662942657355e-10,98691273008.72662
2933,178419,0.30018425,188241259039001.78,0.004345048260841682,2.6585369195121067e-09,2724717753200.1206,590476626.09,1.4955121664955557,1.5946782949311058e-15,0.0002973069102950565,1.8331911627257646e-10,186436920374.52664
2934,14929,51.94431,1.1771362417758718e+17,0.09098940114677977,6.708867705064254e-08,206195677076772.28,6335004053.6,1.4955121664955557,4.4127695806591486e-16,0.000777864945800915,5.70657358644728e-10,1762759037340.7236
2935,83900,18.909424,2.582591598015529e+16,0.036447340870516376,2.7171546365315054e-08,49778669250953.164,3059460260.5,1.4955121664955557,7.321879314766632e-16,0.00048546090801317236,3.3661790312884306e-10,663027738020.8982
2936,126892,24.195223,1.095441022908355e+16,0.05653798655305492,3.913254381216025e-08,25597627193953.66,10347784781.08,1.4955121664955557,2.2087198209687805e-15,0.0005762217404961977,4.176590064374377e-10,260884941143.62476
2937,163995,4.3514547,2032067887441751.8,0.005708399772670982,4.205105890699797e-09,2665742071662.7246,1222540945.71,1.4955121664955557,2.1413923850143674e-15,0.0003489548301936664,2.536546521486891e-10,162956977261.93472
2938,167669,6.883922,7329428146624118.0,0.026894934146044,1.9210887182039175e-08,28635491124335.367,2088043107.92,1.4955121664955557,9.392167932188113e-16,0.00034310159113070505,2.2359961286893983e-10,365306065232.13214
2939,96214,0.2900784,179090243293440.53,0.006225655074717365,4.4201510032310115e-09,3843630142720.642,325536744.78000003,1.4955121664955557,1.619733128201209e-15,0.00030480505573025077,2.2579634171149652e-10,188182269303.0619
2940,59270,37.342323,9459135010492050.0,0.02352029559173927,1.593873463749669e-08,5957895321320.603,1967052719.16,1.4955121664955557,3.9477524063859946e-15,0.0005575132075957747,3.9733009504289363e-10,141222941614.5566
2941,134571,0.4689544,271202115315990.8,0.0008428491469983554,5.387727979751572e-10,487430060488.2532,173521368.87,1.4955121664955557,1.7291694036147113e-15,0.00014698265103899044,8.84719436931287e-11,85001880516.58397
2942,200080,21.844048,2.7844069199574364e+16,0.01615666178812547,1.1898394698341399e-08,20594498275351.0,2517443518.98,1.4955121664955557,7.845134934635889e-16,0.0004887999462716082,3.6358258876370067e-10,623061235203.9736
2943,73838,4.291527,3321887109532990.0,0.0007782094065260479,5.427834615081364e-10,602378546390.643,125561900.48,1.4955121664955557,1.291894293362464e-15,0.0001138515521137063,8.049326981206308e-11,88127606646.03633
2944,175977,4.590642,7492426505454911.0,0.003367774677414931,2.202470573371059e-09,5496574173604.365,554306350.55,1.4955121664955557,6.127043083649539e-16,0.00023807339275480423,1.6041834839710886e-10,388561643038.0919
2945,119907,17.131395,9721416282506454.0,0.04808510424707373,3.983965386598445e-08,27286471146892.758,3033062416.47,1.4955121664955557,1.7622324260332e-15,0.00047709069773262683,3.5062868316722764e-10,270730858588.59265
2946,63452,5.487183,4414898305130935.5,0.005865368608692045,4.013404456354188e-09,4719180302439.832,1353369818.08,1.4955121664955557,1.242878685024946e-15,0.00030154248280283956,2.176852277722949e-10,242616183249.44342
2947,137480,6.081212,1.1732167651037738e+16,0.0029964111411731344,1.9141113235579365e-09,5780820971161.756,315429548.36,1.4955121664955557,5.183366093018712e-16,0.000263832524675465,1.6525708509012058e-10,508998438352.27356
2948,102941,3.264459,1171312034666563.0,0.006294315561649554,4.3208451286514764e-09,2258446979223.5557,465612549.41,1.4955121664955557,2.78701055174362e-15,0.00035250574833409567,2.439467925483484e-10,126481669799.76439
2949,75385,29.058508,2.0322542436397436e+16,0.013699610324622491,9.311604030563879e-09,9581046356001.795,5410527328.91,1.4955121664955557,1.429865780373845e-15,0.0005212043021379583,3.5492558987990716e-10,364512746085.641
2950,44491,3.5175605,1022277592405411.0,0.004477727555123413,2.9667957299353016e-09,1301322477466.679,684561701.12,1.4955121664955557,3.4409054117318646e-15,0.0002568283679855457,1.8137632703127071e-10,74639764031.2582
2951,13272,7.061887,1571433421561666.2,0.006863433791470616,4.607326343560631e-09,1527272986185.2266,485962904.95,1.4955121664955557,4.493914220675035e-15,0.00032533670549825326,2.175832465794202e-10,72394952267.10939
2952,136457,2.1798995,1566557387380367.2,0.0013917966987595026,1.0933628268790408e-09,1000197211005.969,327995456.85,1.4955121664955557,1.3915222752517718e-15,0.00013970826701964608,1.1063281455070294e-10,100399590796.61035
2953,72221,0.30947375,87804962815438.61,0.002071257554601009,1.4325262278736127e-09,587664357842.7505,279582235.69,1.4955121664955557,3.5245587501756305e-15,0.00020120838801864857,1.4193255929590415e-10,57087539825.69372
2954,110010,1.7243804,714259000571658.2,0.0013146192976606983,8.363172266135161e-10,544531047603.7339,174159300.81,1.4955121664955557,2.4142228500024355e-15,0.0001650581025211386,9.982437964039423e-11,68369041623.87995
2955,174844,18.794558,8070463442428729.0,0.02852846157384585,1.9464103324997768e-08,12250243192761.209,3145751671.33,1.4955121664955557,2.3288077734410697e-15,0.0004980091192483317,3.49194242632569e-10,213847241892.56223
2956,80613,9.731035,4069273331206491.5,0.008915832875945573,6.397211320980432e-09,3728376369787.941,1317807038.28,1.4955121664955557,2.3913446475503438e-15,0.0003750715328237747,2.740854051433093e-10,156845452288.9422
2957,206713,6.017846,4503108827522928.0,0.005719892872070738,4.293367779742953e-09,4280152746465.6323,1065756961.76,1.4955121664955557,1.336375875088566e-15,0.000337806452247856,2.4435340898256307e-10,252778023417.60205
2958,48307,0.81968164,690415533820435.1,0.0018447874145999456,1.3066992270031217e-09,1553859236905.9795,158142211.4,1.4955121664955557,1.1872294290139549e-15,0.00016842470944876314,1.1258019164644862e-10,141863657800.87433
2959,189388,30.432789,2.2719129214850228e+16,0.15317242971040732,1.4729606753255958e-07,114348514779348.94,3484340375.55,1.4955121664955557,1.3395226864640474e-15,0.0006269257509845583,4.4257141707810765e-10,468021749328.8307
2960,187647,7.951694,4406691442540244.0,0.012740267957111183,9.310576591155359e-09,7060436402893.715,1090386360.74,1.4955121664955557,1.8044589923491973e-15,0.0003444622692725599,2.5038605691412526e-10,190895038752.9227
2961,274408,8.421534,9441027860376234.0,0.03285550876243441,2.333818904025171e-08,36832930151796.43,811295210.79,1.4955121664955557,8.920145268657636e-16,0.0003506640297876873,2.7131697654224715e-10,393114707469.8455
2962,32942,7.312142,2211096539105157.5,0.002627665880482746,1.8269045403274993e-09,794571950908.5171,430124128.24,1.4955121664955557,3.30702068891088e-15,0.00021915796729355327,1.6015576281325902e-10,66270515944.58873
2963,104304,21.252693,2.0359874577683776e+16,0.026514288190419195,1.6491372131585345e-08,25400431939307.496,2724372476.83,1.4955121664955557,1.0438518625893125e-15,0.0004527860367745622,3.156974789311374e-10,433764648990.9114
2964,176051,12.675602,4.090274740009287e+16,0.04075623579992084,2.4269237072993987e-08,131515806342198.5,1646637703.09,1.4955121664955557,3.098961024796887e-16,0.0003217564608325117,2.0791643032425207e-10,1038272047495.6615
2965,177463,37.18473,8.233776886848307e+16,0.03930763733259514,2.6362669054089856e-08,87038500950722.9,3352010430.18,1.4955121664955557,4.516120671109589e-16,0.0005850418260445198,3.903449240249285e-10,1295452156066.4539
2966,161278,6.1605186,2631658961762482.0,0.005308097697940021,3.497691294534161e-09,2267520607225.284,958155629.56,1.4955121664955557,2.3409258910486485e-15,0.00027303837650299477,1.6432816361970706e-10,116636915994.24518
2967,172879,17.4146,2.571265332116682e+16,0.01927088419300276,1.340406441816971e-08,28453456550654.832,2274908538.48,1.4955121664955557,6.772774393401163e-16,0.00046491120966522434,3.4135036979974754e-10,686441305527.9027
2968,33646,24.633204,6509185670249151.0,0.04388954756406227,3.029362904419899e-08,11597566198766.213,1606390756.77,1.4955121664955557,3.784375688127685e-15,0.0003938049697440259,2.9086477446599374e-10,104060749301.2567
2969,50986,18.490355,3045649394300902.5,0.019095500729595337,1.3724523613357164e-08,3145326319097.955,2808843903.56,1.4955121664955557,6.071071422271923e-15,0.000524129819899891,3.821800255608259e-10,86332342916.7879
2970,183690,4.9071927,4147803643534695.5,0.007112911848559839,4.847761148368954e-09,6012187310597.6875,876981162.63,1.4955121664955557,1.1830822097012685e-15,0.0003882519554432051,2.7449714393129416e-10,328169887315.9793
2971,84720,17.455654,6971544465322508.0,0.010157464223735497,7.013786406115589e-09,4056749377061.1284,2357383615.61,1.4955121664955557,2.5038431708822915e-15,0.0004467264608536037,3.032581480956043e-10,178416310593.5219
2972,59659,6.891564,3282443905438632.5,0.002881282383674817,1.8674164002509176e-09,1372351443031.0884,124627457.45,1.4955121664955557,2.099522245782013e-15,0.00022149747360327424,1.4333814374904913e-10,105498988661.95279
2973,180065,12.814973,8835332234130631.0,0.023674070266222067,1.7252295762115435e-08,16322178449866.836,1284549202.32,1.4955121664955557,1.4504234431045086e-15,0.0002812307637645504,2.0687962202766507e-10,193895627584.86566
2974,155494,4.177158,8462214304184541.0,0.0037062485605126243,2.4806325971816566e-09,7508231573628.12,615414347.93,1.4955121664955557,4.936247003262973e-16,0.0002715506341528571,1.7392768290776525e-10,550115571553.36
2975,209190,21.559795,1.2346353815840454e+16,0.021651056995564227,1.5040497993666067e-08,12398615578402.463,4022872103.76,1.4955121664955557,1.7462479466884094e-15,0.00045753733454873013,3.57592454593753e-10,262011666451.1506
2976,19991,41.682076,3.524445837676299e+16,0.04892838231372064,3.764185531673871e-08,41371603801554.26,5821468372.07,1.4955121664955557,1.1826561655287457e-15,0.0008506278159243117,6.630242249560983e-10,719252003006.3093
2977,74783,2.5990877,1539286439237622.8,0.003412935445279019,2.385898959335578e-09,2021280485807.159,238819916.77,1.4955121664955557,1.688501654888401e-15,0.00023665135684595865,1.458080698462643e-10,140154649040.95682
2978,88907,13.428527,2.698271395366343e+16,0.2939275423630878,2.0037141369224234e-07,590605566692943.2,7640066667.79,1.4955121664955557,4.976714730423481e-16,0.00040434252255632365,2.682893170351317e-10,812468755913.436
2979,58813,6.9247055,2703167202810390.5,0.002444637958228297,1.5824498343406149e-09,954302699432.9348,496675176.92,1.4955121664955557,2.5617007681954042e-15,0.00018612873693537034,1.3081551705034168e-10,72658266432.30042
2980,119305,17.255098,1.3954535761257894e+16,0.03308876286123619,2.0612286814552537e-08,26759530698863.746,4741610918.24,1.4955121664955557,1.2365225397111015e-15,0.0004012499257737781,2.6977229134289294e-10,324498675024.1733
2981,129023,12.217816,6370480176717015.0,0.01949762074559248,1.4994129331504545e-08,10166236457722.34,2313007868.35,1.4955121664955557,1.9178799181659756e-15,0.0004387281069771157,2.943314893387988e-10,228756817786.93488
2982,181186,8.072482,1.0176580915377686e+16,0.0813999005546198,5.816455163960215e-08,102616849997037.52,2046369411.39,1.4955121664955557,7.932410764603452e-16,0.00033886654262516795,2.1651052681176128e-10,427192379064.9893
2983,130822,4.1575584,4309099185478575.0,0.0034947909271704045,2.796001334026438e-09,3622174191873.7456,447657724.62,1.4955121664955557,9.648323747131979e-16,0.0002194103325057029,1.7902926260768578e-10,227407722062.52295
2984,156565,1.5744727,1831367816176527.0,0.0009998295214368566,8.152639089121401e-10,1162964341790.517,66010365.17,1.4955121664955557,8.597250023139182e-16,0.00011769195390347655,8.525419419172742e-11,136894883348.41139
2985,32938,19.385305,4222647088474548.5,0.011120877115042524,7.661300874096123e-09,2422429741039.2847,800619410.77,1.4955121664955557,4.590794493082545e-15,0.0004999190064412937,3.721683123303566e-10,108895967178.35588
2986,26849,0.16645393,97919402588531.23,0.002098695204177139,1.433369110607457e-09,1234593743797.1038,308370521.4,1.4955121664955557,1.6999075321104527e-15,0.0001896321624316086,1.309262392998485e-10,111554398606.71617
2987,157550,22.861166,1.1257311714536014e+16,0.018525024650726217,1.3211218960050027e-08,9122105889642.229,2022171051.12,1.4955121664955557,2.030783776776875e-15,0.00038030232116647753,2.8873254400790373e-10,187268741022.77304
2988,30306,22.61923,2.4790850116860496e+16,0.053506505688262644,4.266620164807092e-08,58643541924047.04,3632942702.65,1.4955121664955557,9.124023538271665e-16,0.0004989706677737474,3.541036954578101e-10,546875691059.7206
2989,18693,3.9846413,573450366165955.2,0.003713067713828707,2.6351510084213528e-09,534366804885.06165,413942747.64,1.4955121664955557,6.9485373714921544e-15,0.0002694862058110193,2.0140395276223264e-10,38783155562.58552
2990,212182,8.514695,4971018245475822.0,0.0035959940935978976,2.5071636263386683e-09,2099400184022.8499,1062150205.44,1.4955121664955557,1.712867380390188e-15,0.00027274676512235423,1.864220776425724e-10,159234023745.73975
2991,215245,20.162083,1.7979915303600558e+16,0.012563254075253239,9.125191465179407e-09,11203517226403.035,2539233116.78,1.4955121664955557,1.1213669619435e-15,0.0004896731042834066,3.5709621892470817e-10,436675166026.58636
2992,143026,15.882643,1.3242357164834186e+16,0.021736499423097345,1.53005626040445e-08,18123084984902.53,1674130525.15,1.4955121664955557,1.1993818624811932e-15,0.00039038061853979513,2.890035424202839e-10,325484844111.4528
2993,149522,0.35745075,283433477448987.94,0.002612970795663566,1.790562255640633e-09,2071903329584.7703,474475781.07,1.4955121664955557,1.261145130833508e-15,0.00022505476435194437,1.8130126878301585e-10,178452708454.89655
2994,195617,12.998973,1.3872823376828524e+16,0.06466132185035163,3.772615781857846e-08,69008151439516.88,1530996277.81,1.4955121664955557,9.37009911170058e-16,0.00035930261740100124,2.633985892950939e-10,383456581534.2708
2995,148889,8.05552,5655552657604385.0,0.028195914881061098,1.927347457106445e-08,19795554022480.5,874707222.41,1.4955121664955557,1.424355936138027e-15,0.00025196661912092283,1.5962886234962347e-10,176898633781.1745
2996,199206,7.319018,5339488599676747.0,0.008442466594308041,6.54322607500865e-09,6159085021168.08,473469580.9,1.4955121664955557,1.370733893961885e-15,0.0003546885800043189,2.769107270124254e-10,258758159819.8822
2997,157755,9.336127,5047216332488431.0,0.039779556679139835,2.3847430716087765e-08,21505280312714.668,1898309348.05,1.4955121664955557,1.8497576455964995e-15,0.00040899046898274687,2.7793520147664643e-10,221104894447.32526
2998,90185,20.436047,5071878437229623.0,0.015548157131974766,1.1075910771675085e-08,3858787508969.8506,2400991191.93,1.4955121664955557,4.0292856488813326e-15,0.0004766203980269181,3.3931102523852906e-10,118289056562.4813
2999,62704,0.117758214,134150983976249.5,6.380399357104517e-06,4.701683139290153e-12,7268595733.941759,3476088.5999999996,1.4955121664955557,8.778035800382073e-16,1.2687859165625133e-06,9.349617504158762e-13,1445409822.2147694
3000,136565,6.7884555,2552899721593159.5,0.011686561579920571,7.763456038456788e-09,4394905410186.5347,1588959003.36,1.4955121664955557,2.6591156098225455e-15,0.0004187733622282618,2.743118217340425e-10,157485955361.0038
3001,101584,39.676056,2.012088623350087e+16,0.05323618213191847,3.89978239111847e-08,26997622046462.062,5895671238.75,1.4955121664955557,1.971884117804919e-15,0.0005684141156767083,3.947356808665628e-10,288259391383.23254
3002,65223,15.364928,4562477733021835.0,0.005349251608518251,3.4925273546562072e-09,1588412347405.4517,896976280.81,1.4955121664955557,3.36767188775373e-15,0.00031705390870197914,2.1686498628508783e-10,94146318070.62927
3003,107788,11.627973,6376728874167301.0,0.006291778947955815,4.466006855372163e-09,3450383698629.8306,748098323.17,1.4955121664955557,1.8235012385591553e-15,0.00032242156243739937,2.3476054132067005e-10,176814556315.9374
3004,165983,17.065586,3.1102649657142812e+16,0.009010865151268102,6.061767923922541e-09,16422628669630.738,1907800973.96,1.4955121664955557,5.486859218787117e-16,0.00039355656444475465,2.7256626235835573e-10,717271117686.4335
3005,47906,1.3420464,324289205308649.2,0.003243970321334405,2.192701471488154e-09,783866010556.9952,309015518.84,1.4955121664955557,4.1384245236367914e-15,0.00024050076447315087,1.67104587060262e-10,58114087401.98602
3006,13274,9.396144,2.0358088031860684e+16,0.028724528316502806,1.79720772606574e-08,62235793336185.47,1343820439.71,1.4955121664955557,4.615435391228738e-16,0.00027393007260087895,1.598175457372811e-10,593508627856.5635
3007,175493,10.70192,1.1210644845901368e+16,0.06779008896744512,4.350077655220896e-08,71012548354508.72,1477682219.28,1.4955121664955557,9.54621268188033e-16,0.00040439689564719596,2.8659657633030564e-10,423620245141.5962
3008,66866,5.7120504,1048434665851339.2,0.006590103713044212,4.430110442854168e-09,1209599478378.4084,1021782943.53,1.4955121664955557,5.448170101626465e-15,0.0003510345237819385,2.3891769582342615e-10,64431638005.785225
3009,2585,6.232613,3556744975739140.5,0.002000508786973504,1.5044621078276362e-09,1141623838507.2222,80752942.47,1.4955121664955557,1.7523362069850895e-15,0.00016915277020826863,1.2113552981108795e-10,96529860841.77164
3010,248927,13.09856,1.912765611774186e+16,0.012249539576371243,8.673823612660572e-09,17887842680225.797,1685704343.32,1.4955121664955557,6.847969201961149e-16,0.00035029870820296554,2.440353965785497e-10,511536629140.5714
3011,149117,30.069801,4.460066163105209e+16,0.14053221718250838,9.936521568160867e-08,208442678646878.34,6763185795.99,1.4955121664955557,6.742007831351241e-16,0.0006036959234212317,4.5652273032599137e-10,895424536017.2451
3012,148995,3.166518,1316610876075811.2,0.010009776966965901,7.147742989817084e-09,4161978937685.0063,1331036490.81,1.4955121664955557,2.4050522880669795e-15,0.0003744443175574898,2.857687061180729e-10,155690718000.33218
3013,194325,18.204554,1.4805463845268934e+16,0.03195051475376717,1.9446546532062273e-08,25984827259411.656,1878048951.61,1.4955121664955557,1.2295834963534251e-15,0.0003758843112887563,2.668559810847217e-10,305700517617.1575
3014,57123,28.91373,3.4321419187370612e+16,0.0348450572676516,2.3872576933695554e-08,41362073211965.57,4531667561.02,1.4955121664955557,8.424398141041761e-16,0.0006395880802591505,4.566898816943121e-10,759209227236.3318
3015,119736,36.569515,2.607042027319712e+16,0.05443705944532542,4.475081145671746e-08,38808199074465.4,4592098115.67,1.4955121664955557,1.4027205782177955e-15,0.0006592859081650105,4.724019566105688e-10,470005158834.02515
3016,47400,2.0105157,475240733433438.06,0.0025090234199436185,1.903471799335128e-09,593076756523.5518,199200986.05,1.4955121664955557,4.230520573173031e-15,0.00024117085147443582,1.759452441688539e-10,57007369968.549675
3017,80970,0.50276953,759690883720575.9,1.2207440444553857e-05,8.770239351457155e-12,18445591202.174522,64867230.69,1.4955121664955557,6.618080337330007e-16,2.8354025746945816e-06,1.931325851742871e-12,4284327826.456235
3018,131493,29.211842,1.885706270502039e+16,0.11594420822772775,8.245242044139287e-08,74845235875033.27,3967218772.69,1.4955121664955557,1.549119417852008e-15,0.0005066535495380791,3.6375890790090796e-10,327059065750.14044
3019,116151,7.541297,3132918821473253.0,0.004797567055136189,3.0755951019705792e-09,1993077334617.132,892552833.32,1.4955121664955557,2.4071153546371528e-15,0.0002834265268518935,1.9428272792423752e-10,117745303026.66658
3020,133333,10.512738,5403246424851304.0,0.021752866372407625,1.3852863224405803e-08,11180350680952.922,1063609048.71,1.4955121664955557,1.945633638260226e-15,0.00031768872117628324,2.0691884391177907e-10,163282909448.64554
3021,200118,1.9856863,944433000993749.1,0.004005979658039624,2.885896625109779e-09,1905325826321.2449,577315658.62,1.4955121664955557,2.102516851815455e-15,0.00024898862779327386,1.8630586452317718e-10,118424081870.39275
3022,141435,10.047933,4790578441865306.0,0.034929080792986206,2.7486930588969997e-08,16653226234793.887,1336250401.44,1.4955121664955557,2.0974362745405e-15,0.00036820283275521194,2.8282654184928e-10,175548996279.2203
3023,192757,10.836893,1.2147465771262596e+16,0.0066810934351578906,5.033991163280455e-09,7489079556122.563,2598913330.35,1.4955121664955557,8.92111425054349e-16,0.0003939434930833437,2.7087402725175996e-10,441585526224.30994
3024,168922,18.333105,1.7544359902658092e+16,0.023646299893921453,1.6446425469684604e-08,22628965235574.87,3367749104.52,1.4955121664955557,1.0449571886189138e-15,0.0004000372057849123,2.9493368438919883e-10,382826406805.84106
3025,27506,5.6639338,3121977859874351.5,0.003603080791198386,2.411581718411776e-09,1986029296009.7668,349216806.79,1.4955121664955557,1.8142133141930585e-15,0.00021834181873486066,1.4150205393689412e-10,120350687003.9572
3026,35986,14.402532,8878319913489458.0,0.029969166854396715,2.0989346017352315e-08,18474241256612.277,1897832246.33,1.4955121664955557,1.6222136778510558e-15,0.0004002444686525014,2.6375393535646195e-10,246727341852.21808
3027,180157,16.903076,7895621055072861.0,0.09110176713211077,6.935656470972979e-08,42554682397608.49,2072841628.1,1.4955121664955557,2.1408165212209537e-15,0.0004055663571689922,3.1979930078056367e-10,189444706329.94226
3028,166820,25.524359,1.0347822711194204e+16,0.03514874836662,2.3722362925951224e-08,14249643511837.48,2007268023.78,1.4955121664955557,2.4666405399841187e-15,0.00044477498057052413,3.392161686309771e-10,180316091202.07996
3029,154070,2.3125646,1783907255115232.8,0.0013287901287524914,9.985765124717658e-10,1025025787909.6971,202544155.3,1.4955121664955557,1.2963479986803564e-15,0.00018531960375969158,1.393274873061152e-10,142955135463.88885
3030,116633,82.205574,5.946032893464e+16,0.15328398662620357,1.094112205657038e-07,110872241646375.73,8652441395.95,1.4955121664955557,1.3825280733034968e-15,0.0010410162020893425,7.536783637994845e-10,752980154393.4475
3031,263613,10.121698,1.0888202320402644e+16,0.006814922962846328,6.144205364713837e-09,7331009087351.613,851537200.59,1.4955121664955557,9.296023073555177e-16,0.000194841693531583,1.3485508573487164e-10,209596826503.0001
3032,69465,1.0998292,1377705235855304.5,0.0001842828282274051,1.4401086080862065e-10,230842586582.64368,53627819.11,1.4955121664955557,7.983051609128901e-16,8.325760965034166e-05,6.524390594056838e-11,104292961798.1345
3033,128740,0.3135461,489177819478137.44,0.0,0.0,0.0,10114733.4,1.4955121664955557,6.40965488448548e-16,0.0,0.0,0.0
3034,237286,7.797373,4910625152077638.0,0.06404326581009845,5.43405295177175e-08,40333131672457.29,357935227.44,1.4955121664955557,1.5878575045991867e-15,0.00015989110502443495,1.2288097222723953e-10,100696129571.649
3035,140155,17.320272,1.6859740840602482e+16,0.08995961074143256,6.78142568944746e-08,87567661940992.17,2482951590.32,1.4955121664955557,1.0273154352579634e-15,0.0003911631078855351,2.7062762460021724e-10,380762416742.34393
3036,192806,0.46281427,392353498836904.1,0.0012226625563439759,7.2192551666916e-10,1036519318815.3693,224618440.85,1.4955121664955557,1.1795849186307e-15,0.00016947016792908144,1.1297630013855948e-10,143669324058.33728
3037,262525,4.5724845,4988783971998386.0,0.0005657167857539129,3.6757865484625643e-10,617222176140.688,92298019.5,1.4955121664955557,9.16552916635589e-16,0.00012636937497626565,7.651785312141351e-11,137874608964.34927
3038,24788,10.538932,6601932086692061.0,0.09830518692160026,6.800872187004999e-08,61581587947049.414,525141955.49,1.4955121664955557,1.5963405653996357e-15,0.00025823808593150425,1.831940838879459e-10,161768792655.37906
3039,68753,2.8951323,2273553193571336.0,0.0013125730913132432,1.1523662327686628e-09,1030766277434.3765,56787636.88,1.4955121664955557,1.273395453506974e-15,8.847970010916426e-05,7.905694058503954e-11,69483285703.18684
3040,145055,7.813363,4097680473704129.5,0.0039796797361453164,2.8557503505362884e-09,2087123809094.5813,666087351.48,1.4955121664955557,1.9067770291364497e-15,0.0002454749478405312,1.7504910058224962e-10,128738150339.32051
3041,142711,60.28544,3.863032597235026e+16,0.07593836590342093,5.278661914029135e-08,48660569262773.21,7215890462.82,1.4955121664955557,1.5605729043847428e-15,0.0008339926389542623,6.296826354704274e-10,534414404230.0059
3042,54857,57.211765,5.269516267377791e+16,0.04603428106778295,3.224815027559449e-08,42400089027794.15,5401282210.63,1.4955121664955557,1.085711896444522e-15,0.0008409243446529697,5.999140397177571e-10,774537285081.6317
3043,112752,12.569318,3252662214433179.5,0.031003532606318673,2.048443933068765e-08,8023030288717.317,1607482074.47,1.4955121664955557,3.864317033667258e-15,0.0003842509759347185,2.6164769731085647e-10,99435675848.27847
3044,96469,9.460538,3089319029516589.0,0.0035618917689865656,2.4141567870871098e-09,1163128357288.846,558309841.93,1.4955121664955557,3.062337657461155e-15,0.00026085089211968306,1.7481065813567093e-10,85180316900.76355
3045,138950,81.48716,8.382257728727038e+16,0.07004255550552438,5.057170671193039e-08,72049971090657.02,8190160464.36,1.4955121664955557,9.721385650161219e-16,0.0010235664397702413,7.588123913355274e-10,1052901794666.7578
3046,184900,17.969902,1.2108511484193188e+16,0.40544887661204543,4.378691629597398e-07,273200286718880.2,2280690661.29,1.4955121664955557,1.4840719293579932e-15,0.00036790952583818894,2.6371523362176585e-10,247905454284.37955
3047,173231,11.673373,1.1727629834858616e+16,0.13418098404676654,9.098841973411334e-08,134804645733289.53,1900094422.32,1.4955121664955557,9.953735890693492e-16,0.00037466562630797585,2.7861657817544764e-10,376407039951.98364
3048,339704,1.4165311,4735968923090103.0,2.0010396176063272e-05,1.3725972092190692e-11,66901894655.582695,16719101.040000001,1.4955121664955557,2.9910059018625244e-16,3.9985617917700395e-06,2.6759313705773422e-12,13368618862.570955
3049,77759,0.14347108,130179888068298.9,3.6368026314632106e-07,1.732071824855132e-13,329988844.7834753,22168856.36,1.4955121664955557,1.1020986584711755e-15,4.4239143187062726e-05,4.388256119668574e-11,40140819378.57632
3050,117806,1.716333,972679761784275.8,0.0006118231933225477,3.9765677988497146e-10,346732270448.1418,971676163.37,1.4955121664955557,1.764540671486341e-15,0.00014472566805894435,9.165454507349831e-11,82018890466.85239
3051,63451,6.601657,1824779081155007.5,0.0032739422587753936,2.279328954181505e-09,904957853266.6439,482904699.76,1.4955121664955557,3.617784239296207e-15,0.00027462908085322394,2.061430633824961e-10,75910851142.03755
3052,42018,0.14216708,134099100113006.23,0.0,0.0,0.0,4661014.6,1.4955121664955557,1.0601643104256093e-15,6.915524703399712e-07,3.376782712438065e-13,652306876.9050934
3053,96727,16.779623,5407870930870200.0,0.043157936752702616,2.9004822734539296e-08,13909284588889.457,2112961737.31,1.4955121664955557,3.10281499216549e-15,0.0004677727300821061,3.3158637680866435e-10,150757531874.51312
3054,118505,16.619244,9861224549897576.0,0.019130869960016037,1.3673302920645535e-08,11351527452789.562,2584361281.52,1.4955121664955557,1.6853123986688463e-15,0.0005302709884508022,3.753790700309462e-10,314642548686.9021
3055,188226,19.132303,2.5338668924152052e+16,0.02546430629534213,1.801353749790338e-08,33724723395864.836,3308747618.89,1.4955121664955557,7.550634588292706e-16,0.00045910984346205413,3.4250137611543675e-10,608041401147.8003
3056,180662,26.284678,1.4943667310478608e+16,0.05509214521629262,3.7505827898300695e-08,31321619748693.61,2551616631.78,1.4955121664955557,1.7589175035748416e-15,0.0004557673482118874,3.36991767298561e-10,259118092398.06943
3057,182616,21.339867,3.380997939435293e+16,0.04149791741942895,3.097216791764022e-08,65747538766734.21,2038593163.26,1.4955121664955557,6.311706597361686e-16,0.00048765689794278284,3.606208926586936e-10,772622887994.5482
3058,133603,6.140747,1908694934218849.0,0.0030989766051969393,1.9981057636109176e-09,963238014463.4071,638938073.01,1.4955121664955557,3.2172490689368113e-15,0.00030459912120888686,1.922350192498423e-10,94676885339.66885
3059,235774,7.377505,5963671289465938.0,0.018586159849981968,1.259890482616216e-08,15024286378492.73,513303382.07,1.4955121664955557,1.2370743862143137e-15,0.00028875607885040086,2.1219188959099192e-10,233418525246.52957
3060,75386,66.37449,2.251054653693685e+16,0.06695384787059573,5.298977702006649e-08,22707032601200.18,10043745086.22,1.4955121664955557,2.9485952236249877e-15,0.0008648400505575095,6.326304384958021e-10,293305789695.4332
3061,51928,34.695248,2.0543926033710108e+16,0.40113383317142604,3.30516436052016e-07,237521397693781.75,6190067661.11,1.4955121664955557,1.6888324044327885e-15,0.0007264068015552885,5.331653316098881e-10,430123675770.69293
3062,152599,17.373943,4.3369825798118104e+16,0.02163077651406628,1.6365363993893536e-08,53995976002285.66,2535095923.24,1.4955121664955557,4.0059978753140133e-16,0.00048417661380303147,3.242328793565732e-10,1208629232648.0051
3063,114875,4.804859,2036658902809855.8,0.02157932206745408,1.2637908762899847e-08,9146931971423.412,445067911.99,1.4955121664955557,2.3591868983908036e-15,0.00015935117661534806,8.965272510603972e-11,67544956579.76109
3064,32941,37.13562,2.0909198848541884e+16,0.484869514249233,3.213334154386661e-07,273005623415823.53,6294685945.93,1.4955121664955557,1.776042222803275e-15,0.0006470809856263021,4.572357278144582e-10,364338739990.6295
3065,82829,2.1520827,2951112228281246.5,0.0026408730035129033,1.5991728625397916e-09,3621381564009.9487,54736735.5,1.4955121664955557,7.292446147510261e-16,0.00022022447047090468,1.3197532584215928e-10,301989848147.3082
3066,164519,7.155474,4306223675390226.5,0.006073128007352869,4.932110618708463e-09,3654858868739.988,1399207799.32,1.4955121664955557,1.6616586920212816e-15,0.00035365180873752147,2.766233559736697e-10,212830595377.7613
3067,115216,4.5798664,1706063711678059.5,0.009176965420865022,6.555416203616332e-09,3418546813475.211,1459761468.14,1.4955121664955557,2.6844638735650205e-15,0.00037926538048323205,2.629079660497134e-10,141281610908.60956
3068,210117,2.5281212,2264809372106122.0,0.006922438479244259,4.916594115244768e-09,6201444592775.239,944416566.43,1.4955121664955557,1.1162622475590586e-15,0.0002975770604903114,2.0811282651570744e-10,266583467407.43588
3069,151723,94.83565,1.7040272287219658e+17,0.07008524603339217,5.178728342255344e-08,125930668026821.56,8750458315.39,1.4955121664955557,5.565383486925118e-16,0.001132586041718802,8.641564601846533e-10,2035054806878.2898
3070,35983,4.9066577,874065738832029.0,0.0038439949386834442,2.7761459510863414e-09,684764351127.841,1676862039.62,1.4955121664955557,5.613602595333991e-15,0.00024371983750947135,1.807952201966251e-10,43415940720.85732
3071,149897,16.46414,1.4677968447971452e+16,0.035494313280594145,2.7477330764717195e-08,31643584810076.62,1861841126.34,1.4955121664955557,1.121690652106246e-15,0.0003980778874803877,3.1685786415800394e-10,354890973489.7942
3072,172380,10.492642,7104935440679408.0,0.4361955081398998,2.992368931520717e-07,295363257876170.5,835689440.98,1.4955121664955557,1.476810322571579e-15,0.0002795155976169684,1.9612887728528988e-10,189269802184.37677
3073,19992,7.1857038,5382376786366451.0,0.011199903019604284,7.85228343431075e-09,8389171012347.27,557466354.38,1.4955121664955557,1.335042878863734e-15,0.0002196974999021379,1.3872401217648263e-10,164562130086.13196
3074,165181,0.30982548,1212089721827564.5,0.0,0.0,0.0,6813845.3,1.4955121664955557,2.5561266168716565e-16,0.0,0.0,0.0
3075,142443,7.86554,3590069310889161.5,0.001339082484818731,9.913715458649303e-10,611197569842.2394,433451902.79,1.4955121664955557,2.1909159180138286e-15,0.00012839654020122357,9.263027405727038e-11,58604047350.94592
3076,22361,0.18749182,78200767465266.6,0.005937112419788274,4.354652226208949e-09,2476304020916.801,983093171.9,1.4955121664955557,2.397570076064481e-15,0.0002395163784071828,1.758220002106642e-10,99899636218.49156
3077,99591,0.48978382,404458465533930.2,0.007903487523269801,5.740996790812813e-09,6526619103155.075,834394260.21,1.4955121664955557,1.2109619694903179e-15,0.00033014567747046336,2.3519198821961105e-10,272630921357.02533
3078,216503,1.1841658,845697636781889.9,0.006811557093953015,4.86523094451262e-09,4864620931596.726,849419931.37,1.4955121664955557,1.400223612432067e-15,0.00030520550638123064,2.1768964496089353e-10,217969118411.81934
3079,202191,1.8820919,1042261106325797.0,0.0014721212404902667,8.926387596885938e-10,815228370495.1337,79923405.9,1.4955121664955557,1.805777735134715e-15,0.00019405275931836877,1.1927707581631815e-10,107462150818.85037
3080,138486,3.9641283,6510879668265597.0,0.0012976255249180157,9.103683694330902e-10,2131284107835.5564,184365139.93,1.4955121664955557,6.088468074938307e-16,0.0001529715526290967,1.0246589485011402e-10,251248016325.7598
3081,102713,5.2140727,3530659927976370.5,0.0034671819389564926,2.372221489986652e-09,2347769400084.7173,663372455.0,1.4955121664955557,1.4767983341257374e-15,0.00024263878117831224,1.6924812758805089e-10,164300551789.25568
3082,175292,0.115497895,165099492059401.94,0.00044982478147553953,2.940742219426255e-10,643006030000.3135,108484565.91,1.4955121664955557,6.995654169453438e-16,0.00011840090757728975,7.779248365248198e-11,169249229177.57706
3083,173999,21.206486,1.469829506114262e+16,0.06074623111418175,4.2817726149521e-08,42103440842042.65,2962316301.16,1.4955121664955557,1.44278543271749e-15,0.0005716242807301463,4.329590356700897e-10,396194934997.01514
3084,104698,12.776783,1.0884530678796838e+16,0.011818089116808633,9.317992267034667e-09,10067820166990.281,978726656.01,1.4955121664955557,1.1738478559198961e-15,0.00027435033475240063,2.0163117294313072e-10,233718819154.29626
3085,108323,10.271774,7243289323638743.0,0.013944730269643962,9.859924489966542e-09,9833327318448.996,1645972351.94,1.4955121664955557,1.4181090304480433e-15,0.00047283241446732875,3.325433438412036e-10,333424584651.2522
3086,233502,7.8395844,4544152388391752.0,0.030354766255966514,2.258779576241872e-08,17594897451594.96,901362206.9,1.4955121664955557,1.7252027947008513e-15,0.0003028295528966021,2.0074761555354126e-10,175532727993.93564
3087,191858,18.628416,1.2849431870028454e+16,0.1937384692905125,1.3368036974300566e-07,133636121383162.14,1668876854.51,1.4955121664955557,1.4497462758218237e-15,0.0004459868731101172,3.269489314979121e-10,307630983812.8736
3088,124799,15.178247,6439493379627024.0,0.05265469309524226,3.771786770613753e-08,22339177086333.18,1134700180.43,1.4955121664955557,2.357056076495124e-15,0.0004144814804833076,2.888935552020539e-10,175847102076.42996
3089,112131,31.655025,8947684463070462.0,0.09780541078655418,8.458595802366864e-08,27645909440888.93,3176936256.03,1.4955121664955557,3.5377895958053654e-15,0.0006522446054562679,4.680180804203517e-10,184365007526.05856
3090,26848,5.047708,918942789366080.9,0.004558410602725846,3.260904186784917e-09,829865466533.4855,669578465.53,1.4955121664955557,5.492951311454424e-15,0.0003091850840711778,2.380554794770826e-10,56287606887.47336
3091,127317,16.94979,6377612214632603.0,0.010573244354412453,7.42370624359928e-09,3978341462814.352,1628154340.77,1.4955121664955557,2.657701570677331e-15,0.0004263301017809338,3.0637219474950935e-10,160413082674.39563
3092,176881,21.14367,3.05433673158872e+16,0.018599959091768006,1.3147771263229922e-08,26868816179988.9,5862087510.94,1.4955121664955557,6.922507849683644e-16,0.0005477283957389277,3.9746674678604636e-10,791228276850.5039
3093,151824,21.472256,2.0170508560797748e+16,0.04193614858939367,2.4798584180727928e-08,39393785363273.02,2961943266.54,1.4955121664955557,1.064537165003973e-15,0.00045839182644274236,2.970336359380199e-10,430601994474.3137
3094,124236,26.930351,1.1670412912553408e+16,0.018148355634760742,1.2400477858227709e-08,7864687836468.346,2645707712.2,1.4955121664955557,2.307574822055531e-15,0.00045625312799232995,3.312494068116888e-10,197719754796.90442
3095,155708,19.856522,6827917847043706.0,0.019968092665910545,1.4167141075047404e-08,6866282840720.704,1919892156.74,1.4955121664955557,2.908137216178913e-15,0.0005426130930117905,3.749095232314807e-10,186584419054.5953
3096,90351,28.358557,6557261242074819.0,0.009053722495648365,6.260137531216636e-09,2093464192032.6172,1123247117.22,1.4955121664955557,4.3247563202205e-15,0.00038964284408583616,2.772801496965981e-10,90095907199.22226
3097,136332,8.171368,4347917383984276.5,0.007474220583382799,5.308478933946423e-09,3976971004882.3125,1285088069.24,1.4955121664955557,1.8793751762854448e-15,0.0003303199034660762,2.5234703723434133e-10,175760490845.12665
3098,201805,27.65159,4.133208218238993e+16,0.057083424281707915,4.3886425543416866e-08,85325176008460.44,4015922279.16,1.4955121664955557,6.690103314413063e-16,0.0005343018048678435,4.143893435779756e-10,798645072814.8717
3099,132531,1.4506445,3435437343910073.5,0.0036214157480552738,2.5765625070447267e-09,8576289296718.198,906787715.67,1.4955121664955557,4.2225904732960023e-16,0.0002143948623630217,1.7099096052322532e-10,507733022463.0398
3100,150493,23.037056,1.8310429089479988e+16,0.04940155418818015,3.501655317064485e-08,39265592568459.09,2615371471.66,1.4955121664955557,1.2581385115237758e-15,0.0005956480943676068,4.229494152907853e-10,473436023865.28687
3101,274716,8.006233,5516613084283330.0,0.003366156595275758,2.402965930716137e-09,2319415824801.111,372948675.37,1.4955121664955557,1.4512950025096965e-15,0.0002472124575494128,1.867877973104955e-10,170339219195.21054
3102,161000,20.295494,9422348053046010.0,0.02472634267484837,1.6445146405289333e-08,11479405564668.984,2653106219.98,1.4955121664955557,2.1539741352941187e-15,0.0006485882232074719,4.4440302729927995e-10,301112354405.7362
3103,163809,20.084436,2.1727919369707668e+16,0.01669545599340834,1.2187969799834708e-08,18061623521082.645,2613193568.5,1.4955121664955557,9.243607571556549e-16,0.0004219303782640552,3.099395423357671e-10,456456394322.0337
3104,183721,15.282947,3.5122000972318416e+16,0.016075358972973283,1.1032611604080486e-08,36943056432711.26,1834254421.91,1.4955121664955557,4.3513884678852247e-16,0.000544147843469161,3.75018702472293e-10,1250515433143.1523
3105,47907,119.49718,7.543637576459787e+16,0.16371972891769937,1.229835596097038e-07,103353258969907.66,11396747128.86,1.4955121664955557,1.584079017434448e-15,0.0012199276440688278,8.979322524450594e-10,770117923817.0868
3106,188689,8.748009,8218982345145837.0,0.06031191718821143,4.281074945993966e-08,56664617351423.34,1672644884.46,1.4955121664955557,1.0643664425397637e-15,0.0003607053139931714,2.6230264820111055e-10,338892039035.41504
3107,21169,29.215818,2851159706976103.0,0.026138282912857268,1.7223330579948977e-08,2550824318890.5615,2230394963.02,1.4955121664955557,1.0246994557518441e-14,0.000697007638078371,4.729660758915472e-10,68020689790.15524
3108,158637,28.225588,5.451048964514701e+16,0.013838302219622066,1.0267018815611341e-08,26725134294779.74,3581083375.85,1.4955121664955557,5.17801035795922e-16,0.0004820962510615843,3.4782795182305674e-10,931045358610.658
3109,226542,9.214633,8521868313411182.0,0.0720483913487401,5.913408355189256e-08,66631726219272.83,1140243985.08,1.4955121664955557,1.0812925829302698e-15,0.00033027830212524505,2.5541978315925596e-10,305447671924.46747
3110,2584,12.059451,2647889014887325.0,0.004286496757121298,2.692100266554356e-09,941184443266.2504,1176321023.4,1.4955121664955557,4.554364224556883e-15,0.0002804935411391028,1.761162497008858e-10,61587858877.57878
3111,200518,4.702339,2877074508642083.5,0.006211709288282822,4.3750327329187005e-09,3800566154080.717,1378623293.09,1.4955121664955557,1.634416830664355e-15,0.00032041349420046557,2.243567942082113e-10,196041479865.4664
3112,256304,13.544982,1.0599726570351474e+16,0.018461502243721166,1.2852565892422124e-08,14447186113748.59,1887706160.18,1.4955121664955557,1.2778614533215138e-15,0.0003422578332998884,2.449933852006635e-10,267836417172.0385
3113,80971,38.12318,2.1448637144700132e+16,0.05540254834206202,4.178826661948432e-08,31170252751228.945,4810569900.38,1.4955121664955557,1.7774173595649677e-15,0.0007071715553298026,5.14926793750821e-10,397864661062.43414
3114,47401,0.57432383,1680799092391685.0,0.0016929396328963498,1.218314226282835e-09,4954506934608.82,90371563.18,1.4955121664955557,3.4169689441155555e-16,0.00018011555626385196,1.2611064001508948e-10,527120846603.0495
3115,185162,29.642426,1.7406911481793778e+16,0.04785195082258524,3.385936811151253e-08,28100084392549.05,3662132182.72,1.4955121664955557,1.702911285037761e-15,0.0005681591824343681,4.3273908020109767e-10,333639918547.941
3116,122223,0.19013591,190949459849695.12,5.899959939846612e-06,3.467579696305317e-12,5925204574.183542,10355786.799999999,1.4955121664955557,9.957394493268768e-16,1.2928760130164359e-06,7.605538989112709e-13,1298407945.864176
3117,85871,16.172148,1.855091762923643e+16,0.09638714427032712,6.59899138542313e-08,110564779265943.33,3573484298.4,1.4955121664955557,8.717707837003455e-16,0.0003798874762283099,2.5115864377901033e-10,435765321952.8965
3118,115558,19.851406,9375996312122052.0,0.17125195155202724,1.280641399633041e-07,80883825870848.23,1636456446.16,1.4955121664955557,2.117258298655097e-15,0.0004002194483713093,2.851784508324524e-10,189027219128.4042
3119,139381,3.0918899,1843628644846147.0,0.003700849637969579,2.8035186433689333e-09,2206738475011.419,482415337.57,1.4955121664955557,1.6770676180603724e-15,0.00023572686958030643,1.7080276685301527e-10,140558953641.31976
3120,87361,7.6827607,8182940574347574.0,0.024105004863231843,1.5536365374058966e-08,25674341560604.047,1691714293.03,1.4955121664955557,9.38875289414227e-16,0.0002813946391340995,1.8416967763932907e-10,299714607793.82556
3121,189014,49.23086,3.0900356942758104e+16,0.06988669811689155,4.9750138018850344e-08,43865248694878.164,5240638717.77,1.4955121664955557,1.5932133111341902e-15,0.0007422426802296494,5.365051264113941e-10,465877779856.8952
3122,54450,29.992455,2.7138443687254424e+16,0.102798334815262,6.994231536185864e-08,93016287613918.69,4322958322.64,1.4955121664955557,1.1051648851214693e-15,0.000547218404592537,3.6099818965935446e-10,495146391239.5225
3123,141687,26.507479,4.020867008199635e+16,0.04245175063858368,2.9365835791725987e-08,64394220055026.33,5100091765.53,1.4955121664955557,6.592478424664153e-16,0.0006007488044306717,4.2147133894694874e-10,911263967407.3354
3124,232762,10.39823,7232092672704206.0,0.007094161989760423,4.816448487208907e-09,4934074063097.57,825345421.05,1.4955121664955557,1.4377899275607485e-15,0.00026880933290587643,2.0146668406271373e-10,186960089059.6856
3125,27507,12.377129,1.1099085218351608e+16,0.05170748632328058,4.21049745443786e-08,46368248818352.09,1690151423.97,1.4955121664955557,1.1151485691393045e-15,0.0003786089914005414,2.7334435583283607e-10,339514394653.9428
3126,231643,9.630589,4840108789697411.0,0.006508247428813506,4.58995426480843e-09,3270892941825.8657,1381391407.18,1.4955121664955557,1.9897463917545697e-15,0.00035371249703109933,2.49703843708079e-10,177767628325.33328
3127,185600,1.3166515,997597017617219.9,0.0018389191759133415,1.24301976865738e-09,1393307405589.3037,385893740.77,1.4955121664955557,1.31982301144489e-15,0.00015938899186524787,1.0003026897075977e-10,120765428760.59958
3128,192257,2.0851486,2132551261729438.8,0.004575618581603244,3.2584337536225364e-09,4679638266256.257,928381974.92,1.4955121664955557,9.777718535633247e-16,0.0002683931820169532,1.840712497753921e-10,274494690186.5087
3129,103211,16.77415,1.1034363032299024e+16,0.008468738999390739,5.596232398009382e-09,5570901687719.866,2744279505.58,1.4955121664955557,1.5201738379369855e-15,0.0003652336631507292,2.4403068104034755e-10,240257827122.1827
3130,150817,5.216584,1810723479220676.2,0.005160623649908818,4.022317752497089e-09,1791299135662.6099,849401749.64,1.4955121664955557,2.880939061023931e-15,0.0003216493483815032,2.362308084189015e-10,111647397452.12936
3131,97827,1.9071187,1482583446996510.0,0.0007399924537295367,5.43299203080944e-10,575266008771.1068,150062044.35,1.4955121664955557,1.2863483022581524e-15,9.440195247489578e-05,6.910951309343979e-11,73387551652.36002
3132,54856,4.258369,1143651028226851.5,0.001046652174040074,6.28168003181231e-10,281094671466.1882,132860393.28,1.4955121664955557,3.723486356325228e-15,0.0001441486464692042,8.790623175205855e-11,38713354280.01057
3133,128876,25.269108,1.6165251753544974e+16,0.013956970801261622,9.607539046644939e-09,8928607480694.23,3454004223.79,1.4955121664955557,1.5631744178966212e-15,0.0004353319226868266,3.041679661656561e-10,278492225629.30707
3134,150247,43.163662,2.018440207110138e+16,0.11288109021667102,9.006999296700334e-08,52786005764699.85,5937968944.83,1.4955121664955557,2.1384662200025596e-15,0.0007162254355856981,5.149460077358416e-10,334924830182.65344
3135,132118,47.03457,4.3851689179311144e+16,0.14971263408325736,1.0291395098011349e-07,139581416307939.98,12519907645.04,1.4955121664955557,1.0725828555354834e-15,0.0007137814015177746,5.046603761960057e-10,665479033003.3959
3136,84416,4.0853,1602564284087130.5,0.003189530921411809,2.1444995820868654e-09,1251175761301.7603,245604130.61,1.4955121664955557,2.5492269112481262e-15,0.0002640391334170944,1.957674850061235e-10,103576159600.40932
3137,183396,26.228508,2.00801993529751e+16,0.07162767110740006,5.4986169156510246e-08,54837199089857.8,2683687102.47,1.4955121664955557,1.3061876298610533e-15,0.0005379549449501231,3.7748468542224976e-10,411851201658.7912
3138,155224,0.5577827,639929540051705.2,0.002035168331711473,1.170935037644191e-09,2334895532686.6885,337878423.6,1.4955121664955557,8.716314298523116e-16,0.000178380785391777,1.1195176667063854e-10,204651621410.67087
3139,146571,8.193105,1.1200803000285808e+16,0.005702824505206535,3.4199746897412374e-09,7796337753271.902,1306460136.02,1.4955121664955557,7.314747879943017e-16,0.0003188709962278862,1.9759794019823546e-10,435928895242.2107
3140,45059,0.55638814,155644819328054.88,0.0011808460065359592,8.752375542619471e-10,330331561958.78735,133315028.79,1.4955121664955557,3.574729582404491e-15,0.0002256689643612842,1.6377562382394366e-10,63128960991.08318
3141,82033,8.891366,3362400965104218.5,0.011001049696511164,7.81668456353742e-09,4160208916909.7983,1492929527.11,1.4955121664955557,2.6443502997639693e-15,0.0004272538468188668,3.1866789825900344e-10,161572332855.0695
3142,59272,0.41949576,1428311525277724.0,0.0002618089944892509,2.5110153139609986e-10,891414979379.9329,8571154.4,1.4955121664955557,2.937004656028609e-16,8.321898746458135e-05,8.079257017970816e-11,283346460802.37854
3143,157460,11.732256,4264490701899463.5,0.014758630694760086,1.0794422388941923e-08,5364530348687.619,2208976409.9,1.4955121664955557,2.751150564069536e-15,0.00048808824479297573,3.643527891549741e-10,177412407436.9051
3144,121684,21.985512,1.2709470517613668e+16,0.011335061089069788,8.084927542054853e-09,6552616319641.879,1813179434.62,1.4955121664955557,1.7298527086184233e-15,0.00043010502542012224,3.251079655326002e-10,248636790448.84293
3145,76073,1.4358499,1509820538898322.2,4.891008418047465e-07,3.1539731565474333e-13,514297836.11035204,5395978.0,1.4955121664955557,9.51006999181309e-16,1.2687859165625133e-06,8.181782528685811e-13,1334149924.926704
3146,171069,24.257862,1.2583222586354036e+16,0.02443474197788261,1.8383751999037398e-08,12674975113133.45,3504314050.49,1.4955121664955557,1.92779407926127e-15,0.000515741132717146,3.813049156681708e-10,267529161057.89563
3147,117807,19.013433,3.4658786745336636e+16,0.08801680673609971,7.001816732033495e-08,160442132395132.9,5083203545.67,1.4955121664955557,5.485891107413987e-16,0.00045761847089361644,3.191896411434394e-10,834173449551.635
3148,89936,29.232338,4.211583881697053e+16,0.05745642333459469,4.383575637396092e-08,82779060099791.36,3960385209.67,1.4955121664955557,6.940936906668201e-16,0.0005194275696362853,3.796946259381678e-10,748353682825.251
3149,75686,1.4961021,620026463066849.5,0.00030562094546497453,2.225920393333335e-10,126657848990.24916,119275078.38,1.4955121664955557,2.4129649121745542e-15,9.42521985091731e-05,7.364055556189683e-11,39060741427.9528
3150,167796,11.524851,5422767618920022.0,0.005594777331193091,4.182774435141286e-09,2632500615119.594,925766051.31,1.4955121664955557,2.1252710442154713e-15,0.00022737129901383027,1.7502298721072853e-10,106984612448.69724
3151,69184,20.665691,1.0934528714482894e+16,0.013527370451325134,9.692879750729769e-09,7157535677440.552,1381377334.7,1.4955121664955557,1.8899480297333787e-15,0.0004446776337984121,3.2267680088848765e-10,235285641087.78394
3152,186515,26.61806,1.8505256373994736e+16,0.03418211956853546,2.4182473651274024e-08,23763898872505.773,3533508437.47,1.4955121664955557,1.4384053623491598e-15,0.00046160419253022625,3.412009927296151e-10,320913842935.31024
3153,102269,28.524775,7344518556684114.0,0.019899076686475566,1.4421650764587908e-08,5123586004962.354,4596639321.46,1.4955121664955557,3.883818221691348e-15,0.000619723917636158,4.510170802222427e-10,159565634193.42447
3154,161187,52.005856,3.4925852289336384e+16,0.0667910414814806,5.0368630244033435e-08,44855218785998.45,11800308960.52,1.4955121664955557,1.4890361320081089e-15,0.0007704272283156735,5.568920118789056e-10,517399955417.25244
3155,76643,3.6000965,2038161698433088.5,0.001290744021502061,8.1473541393733e-10,730742919559.7938,381462510.22,1.4955121664955557,1.766344889499055e-15,0.00014702693491024804,1.0593954699133896e-10,83237954141.5299
3156,189673,22.607925,2.8821770761157784e+16,0.0329173070038917,2.2680799881031326e-08,41964712663405.42,5005574836.56,1.4955121664955557,7.844044416059269e-16,0.0005078686372787848,3.7411286247338117e-10,647457625608.309
3157,232031,12.892609,1.7435203958799924e+16,0.0444111595045481,3.00688064784409e-08,60059032582822.6,1078318351.56,1.4955121664955557,7.394584560333074e-16,0.00029278332918046714,2.0682665131930232e-10,395942904961.8973
3158,44493,61.28039,4.062667923403184e+16,1.0735687976546515,7.785845883765938e-07,711737232383487.8,14687427597.61,1.4955121664955557,1.5083780204380358e-15,0.0008023740853375508,6.083996892521331e-10,531944959728.6892
3159,208727,22.672651,1.1917284650997288e+16,0.010620935534351176,7.637965625762316e-09,5582616343486.033,3289554057.84,1.4955121664955557,1.902501422427856e-15,0.0004851233082239634,3.6349863359306587e-10,254992349811.16528
3160,92715,0.40764672,194814245004097.4,6.829804765448501e-06,3.1019176509739216e-12,3263961645.2850065,31761163.75,1.4955121664955557,2.0924892837863382e-15,1.2687859165625133e-06,5.762491850137003e-13,606352408.2984349
3161,145181,2.1978734,900810654941841.2,0.019389447295151813,1.3504957447932809e-08,7946872971348.585,1611922417.97,1.4955121664955557,2.43988388452388e-15,0.0005899835501293113,4.081310848158542e-10,241808044174.38126
3162,51929,21.34742,4.947811103952722e+16,0.02500008880516325,1.7243531731018654e-08,57944106121484.87,3855496969.33,1.4955121664955557,4.314517986134497e-16,0.0005268185622242208,3.5631047928540736e-10,1221036889676.3203
3163,51433,11.574386,2589668797195210.0,0.008348847003758026,5.583836389431262e-09,1867982334284.4172,1309201857.2,1.4955121664955557,4.469446445250396e-15,0.000344871397729568,2.3045020780329889e-10,77161993538.60854
3164,132400,15.211114,9126060632785774.0,0.013600876431019721,9.507408239837711e-09,8159982429197.03,4016755836.17,1.4955121664955557,1.6667776614756869e-15,0.0004921315378896658,3.454366456195995e-10,295259259386.7352
3165,55256,2.4396946,1352627040235957.8,0.005246647100144831,3.742607565116123e-09,2908870945663.2285,828796104.67,1.4955121664955557,1.8036713206431316e-15,0.00027851356593976075,2.154962935590886e-10,154414810920.45734
3166,154413,9.219838,8627058772776577.0,0.005055310165481216,3.4036584144879383e-09,4730284622378.543,855724039.61,1.4955121664955557,1.0687116249971529e-15,0.0002934164848041954,2.0949788816363142e-10,274551598336.90128
3167,114874,33.087185,1.7383406809099874e+16,0.008628220444433087,6.5370461761056405e-09,4533110508620.569,2197384180.16,1.4955121664955557,1.903377477346932e-15,0.0004739509076024248,3.625059862217612e-10,249005209551.52444
3168,133106,15.685475,7279508577009384.0,0.039576504202966975,3.8116148580945226e-08,18367151890111.46,2207294773.37,1.4955121664955557,2.1547436662879804e-15,0.00043333551046877307,4.830319096365735e-10,201107684987.55527
3169,155968,12.068755,1.4250307679398166e+16,0.00807846752176034,5.718312620783603e-09,9538734340295.254,1173838135.57,1.4955121664955557,8.469118893094454e-16,0.0003615658089340292,2.664398925363943e-10,426922580138.58154
3170,149617,17.072266,8371517020922786.0,0.09935336635989309,8.150828600052299e-08,48718687816123.67,3164206076.16,1.4955121664955557,2.0393276340872966e-15,0.0004867147863964742,3.708912118397882e-10,238664341256.9182
3171,100018,1.0457889,1540306340413964.0,0.0,0.0,0.0,10676626.040000001,1.4955121664955557,6.789486432412787e-16,0.0,0.0,0.0
3172,33644,25.432556,1.001146561583102e+16,0.11801647377518955,8.099608072971303e-08,46456906230814.29,4140948251.38,1.4955121664955557,2.54034294037666e-15,0.0005595794478755088,4.170468202742521e-10,220277128328.4056
3173,83152,1.1479818,1463392434595016.2,1.3551164887225294e-05,1.1091036013035497e-11,17274378544.95178,9634702.85,1.4955121664955557,7.844661301106807e-16,1.8114486156390559e-06,1.4824188695484403e-12,2309148280.733902
3174,68286,0.105489165,1208913287150138.8,0.0,0.0,0.0,1572064.8,1.4955121664955557,8.72594967077229e-17,0.0,0.0,0.0
3175,129677,5.6751328,1943531409594644.0,0.0014669644261079398,1.0191907198007088e-09,502383210997.06464,531883155.68,1.4955121664955557,2.9200108482855155e-15,0.00013587853175227527,8.957024806385357e-11,46533570870.826164
3176,87107,26.856129,9312914827018870.0,0.0778547659274714,5.3412790101236176e-08,26997740588750.965,3129436144.11,1.4955121664955557,2.8837511669369404e-15,0.0005359501844111332,3.525742442941674e-10,185851744268.35452
3177,128245,7.525099,2721034470110126.0,0.008797481021671875,6.284706711028056e-09,3181120821149.173,2447438215.81,1.4955121664955557,2.765528729114352e-15,0.00035856606577868734,2.4837638706460884e-10,129655520119.48056
3178,110794,10.402147,8528064209911882.0,0.009522556635518242,6.35201826845281e-09,7806943550232.661,882063710.48,1.4955121664955557,1.2197547701282472e-15,0.0003651342199412392,2.4840437266045534e-10,299350516090.0894
3179,146768,27.409227,3.2322343648935144e+16,0.08617070466387346,7.101852485680056e-08,101616843430740.17,5106451274.02,1.4955121664955557,8.479962745802623e-16,0.0005015246758658811,3.4953073098544676e-10,591423206563.17
3180,169909,12.558681,6641801074310093.0,0.005391017194163282,3.951989911567112e-09,2851100668280.2017,1931602479.51,1.4955121664955557,1.890854733451124e-15,0.0003235375545846212,2.2369351706894818e-10,171106510119.95587
3181,111338,16.867811,5539223824751454.0,0.007115561308906899,4.847487985258477e-09,2336680600036.1714,936418059.74,1.4955121664955557,3.0451578657334473e-15,0.0003350330945647402,2.4056297304846236e-10,110021584869.14607
3182,163290,11.339571,6558128030202740.0,0.008876603882952963,5.9571778077293035e-09,5133695510861.946,1645943347.9,1.4955121664955557,1.7290865545437429e-15,0.00034975959702673664,2.5205742173630917e-10,202279981940.53873
3183,117028,22.771112,9281024068051740.0,0.016900423824923298,1.1665730616769413e-08,6888255623150.428,4421585128.39,1.4955121664955557,2.453512870243001e-15,0.0005330846938071912,3.632069323180086e-10,217274056424.4089
3184,99590,15.963598,9231416832156118.0,0.01329200294185217,9.64222095878683e-09,7686488953836.27,1717438690.41,1.4955121664955557,1.7292684633623562e-15,0.00039147083740239075,2.834374506113205e-10,226379446393.89444
3185,22360,8.56474,2733541950116265.0,0.014196043245160538,9.791015884389133e-09,4530841535914.805,1548086000.91,1.4955121664955557,3.1332023273451936e-15,0.0004841846305590275,3.372364903258956e-10,154533470862.47186
3186,138353,1.1730479,823606417004676.6,0.0015019411505045926,8.95224871391943e-10,1054525027937.0256,130224574.56,1.4955121664955557,1.424282127701464e-15,0.00014701418314911152,8.855374291741942e-11,103219846889.72125
3187,117501,1.02416,1312881700569210.2,0.0005452611368816528,6.968293777911188e-10,698976105924.3529,27333693.86,1.4955121664955557,7.800855168869879e-16,9.4240366458895e-05,1.214559987625695e-10,120807737637.49768
3188,41397,2.2706072,987282769197900.5,0.0013426928514706326,1.1718455919910186e-09,583816309832.08,142340724.89000002,1.4955121664955557,2.29985498667693e-15,0.00013735985391488226,1.2141213217911956e-10,59725441260.691864
3189,91283,0.13305297,99598443731539.55,0.00018700572324590106,1.4589014909553507e-10,139985443422.8919,16105562.2,1.4955121664955557,1.3358940663634737e-15,4.432622220145403e-05,3.467193576923583e-11,33180941002.393547
3190,174671,20.578434,1.2717508389685122e+16,0.05083779341729969,3.8834506433187636e-08,31417845706703.816,2558048048.63,1.4955121664955557,1.6181183742477963e-15,0.000479442725232407,3.2871771140915445e-10,296296447072.53406
3191,137167,0.3464286,497527261777707.9,0.0006389930451740958,3.443976616923859e-10,917696922426.3445,109445630.14,1.4955121664955557,6.963007389025893e-16,8.323984021935208e-05,4.382262170328559e-11,119545816295.61809
3192,185552,16.05537,6300407286728469.0,0.014337116217124562,1.1069298358000775e-08,5626134526021.169,1647544899.91,1.4955121664955557,2.5483066838900924e-15,0.0003968608656691618,2.8625294122155855e-10,155735127242.74527
3193,31855,3.4397688,711139488075922.2,0.003112670837643744,2.4729095008425903e-09,643515094976.9718,371483717.25,1.4955121664955557,4.836981854722664e-15,0.00027781373990419105,2.154701575164266e-10,57435348787.3731
3194,192462,21.011456,2.4270172324610964e+16,0.17725984899420233,1.1526169115880074e-07,204751497531813.53,2443544580.75,1.4955121664955557,8.657316363054212e-16,0.0005032867866994376,3.5723288921773516e-10,581342722841.0575
3195,140065,10.423241,3813319405311204.5,0.02226548172749007,1.4529880129600139e-08,8145776686928.75,2167527548.73,1.4955121664955557,2.7333773786382738e-15,0.0004873484606465135,3.353580591882564e-10,178295344234.28314
