,id,sfr,sfrd,snr,snr_solar,snrd,mass,z,halo_volume,snr_err,snr_solar_err,snrd_err
0,146633.0,1.0818537,2692153639124040.0,2.6031808708136368e-05,1.9574600074451476e-11,64779210485.29039,5427562.3,0.524565820433923,4.018543682937829e-16,7.896414982705217e-06,5.915821432753558e-12,19649941883.75327
1,263184.0,1.8754878,1240851382125036.8,8.310790886923167e-05,4.212530013177957e-11,54985462227.964226,6463510.460000001,0.524565820433923,1.5114524003576544e-15,1.543724062907467e-05,7.660387875380045e-12,10213514249.884258
2,248057.0,3.633767,4207247324573146.5,0.0007922039236821894,5.730449788380232e-10,917229376134.5294,64002586.839999996,0.524565820433923,8.636922718510897e-16,9.526490829296665e-05,6.975721614012403e-11,110299595582.5704
3,103463.0,6.659909,2679221820783276.5,0.0016765849445178611,1.2950785420345108e-09,674475126874.7024,109504988.63,0.524565820433923,2.48576245099891e-15,0.00021032438426581593,1.6454376970775404e-10,84611618532.29239
4,332088.0,5.2940235,5111063690295909.0,0.0016125159772686216,1.2598156251925343e-09,1556787925372.7673,140453464.9,0.524565820433923,1.0357968166296706e-15,0.00015361518037242713,1.2714872615007938e-10,148306287397.43396
5,348830.0,9.982719,5089971302963784.0,0.006653502564091008,4.491913208485629e-09,3392476249749.1104,593919131.29,0.524565820433923,1.9612525112248217e-15,0.0002957007193264619,1.8292379776396505e-10,150771365560.56918
6,341896.0,0.73962396,4700985951618896.0,0.0,0.0,0.0,2254809.35,0.524565820433923,1.5733379499789674e-16,0.0,0.0,0.0
7,226053.0,5.309916,2883776499556729.5,0.0005401609573145105,3.840686034951822e-10,293357460773.70166,89400160.17,0.524565820433923,1.8413063567222346e-15,0.00011601777373319368,8.048186923461775e-11,63008403414.041565
8,317123.0,0.85720664,598349244011578.2,0.0002802186584463716,2.415113360578428e-10,195598837684.37103,10221744.1,0.524565820433923,1.4326192413195609e-15,7.312797958246842e-05,6.565863845907721e-11,51044951424.15615
9,230036.0,5.4240723,2985843296446468.5,0.01065696714085859,8.39425155914581e-09,5866447226004.512,152644806.84,0.524565820433923,1.8165964390881906e-15,0.00013391923642314734,9.389725174252398e-11,73719860691.99046
10,126753.0,5.6229696,3948992645936331.5,0.0018306451636884158,1.3746033098540246e-09,1285655943920.5337,84995026.98,0.524565820433923,1.4238997395414896e-15,0.00013576530047815593,1.0658967406406893e-10,95347514089.6323
11,48224.0,0.45950085,667696789623264.4,0.0008089624597311505,5.338793246103538e-10,1175496492091.861,50669569.2,0.524565820433923,6.881878977720785e-16,0.00014575475740596404,9.714796256835977e-11,211795002321.06186
12,213213.0,5.670811,2759975459966298.0,0.0012987615132354444,9.724097828415722e-10,632105338174.4729,136689783.94,0.524565820433923,2.0546599352985718e-15,0.00015475779880585585,1.1262358264439918e-10,75320395432.42824
13,280176.0,21.1454,1.1459077691348172e+16,0.025012021309938532,1.9578632316471303e-08,13554470258696.535,4305554731.28,0.524565820433923,1.845296852814358e-15,0.000593384836679695,4.3497338387534614e-10,321566059019.0099
14,237443.0,3.918128,5572551548532096.0,0.001529378434427493,1.1435499664440903e-09,2175156136568.4119,78234873.29,0.524565820433923,7.031120243350824e-16,0.00016772887460404873,1.1586864239730078e-10,238552135077.85797
15,41586.0,1.098728,923953167334770.8,0.002489174614489803,1.904741303919404e-09,2093221224094.7356,115451968.09,0.524565820433923,1.189159839312401e-15,0.00018945810468964103,1.688179867493772e-10,159320974713.70206
16,106201.0,0.23431167,401165650861167.5,0.0004683200054418543,3.477357970757331e-10,801811961795.9574,60793635.93,0.524565820433923,5.840771000633075e-16,0.0001208558308315821,9.302028771195865e-11,206917598410.3514
17,323665.0,0.24459855,587530699796233.1,0.00017971454086103948,1.3597476385928136e-10,431677988097.8251,6859652.8,0.524565820433923,4.1631620285515536e-16,4.212940543033624e-05,3.302430232735323e-11,101195690058.19812
18,53998.0,2.5695834,6567267906518230.0,0.0013917402236207966,1.1536659216966908e-09,3556969937148.3184,65863501.89,0.524565820433923,3.9127129219893765e-16,0.0001812399064434472,1.4002575564062095e-10,463207779504.80896
19,220239.0,0.20940791,270591015974914.97,8.729051111607329e-05,5.6184256790865466e-11,112794345198.65024,7029197.5,0.524565820433923,7.738908449917386e-16,3.451604746417035e-05,2.2445550969284688e-11,44600666473.23992
20,56932.0,3.4630268,7305006002109524.0,0.0037384648089313455,2.842463159916127e-09,7886022674707.199,327113403.54,0.524565820433923,4.740621430016559e-16,0.0002398306450004832,1.7713687987862565e-10,505905498975.15326
21,145213.0,0.66549534,487099086153659.56,0.00041833084775202436,2.1495963284770965e-10,306190834709.5214,13277499.45,0.524565820433923,1.3662422265150049e-15,6.736536524106403e-05,3.6934590296594626e-11,49307043753.79967
22,329887.0,0.36937386,1549709663464230.2,0.00010559695814325713,7.174326938108252e-11,443032504972.1532,6192304.35,0.524565820433923,2.3835036246357233e-16,5.9041224357005806e-05,4.0807294205062734e-11,247707717944.12195
23,170330.0,8.288353,6394171754031961.0,0.00401399587621093,3.1366668917642634e-09,3096656121242.507,604833543.48,0.524565820433923,1.2962355906022745e-15,0.00035064287313085204,2.596911975579099e-10,270508598647.5125
24,172344.0,17.76547,6187388877130377.0,0.008881481417136482,6.443339696406332e-09,3093257838539.0537,581640134.5,0.524565820433923,2.8712386360043e-15,0.00041678638601226414,3.076072565739391e-10,145159089455.6491
25,111429.0,11.817071,2592749992969429.5,0.004112417178690314,2.880131727593502e-09,902293775770.381,325949685.79,0.524565820433923,4.557736392650077e-15,0.0002342585864752279,1.705247253770002e-10,51398011270.02416
26,137114.0,4.492078,2639558338056162.5,0.0028309213056728964,2.0484174934798306e-09,1663457744226.5542,231584275.6,0.524565820433923,1.7018294065468848e-15,0.00021611438950844768,1.5627600224907322e-10,126989455392.56892
27,179621.0,12.936194,5135708298105979.0,0.0042284073648534825,2.956972938903633e-09,1678690563194.28,480454299.29,0.524565820433923,2.518872422090405e-15,0.0003332170471622405,2.289059354793511e-10,132288179520.30481
28,292509.0,0.25311852,685729383665390.0,0.00011660663442394872,8.201022338898865e-11,315901797919.92224,27830447.34,0.524565820433923,3.691230477058167e-16,8.787537933071133e-05,6.351409103303921e-11,238065273563.59
29,211086.0,0.9292623,1258056070787795.5,0.0003824955506141028,2.994056344270467e-10,517831025211.49585,32521243.05,0.524565820433923,7.386493508338585e-16,0.00013058872011165016,1.0981594104026142e-10,176793927950.01993
30,25419.0,3.0200963,1.1632759576943782e+16,0.0028034012361904115,2.2561369488823502e-09,10798096927674.143,172318225.35,0.524565820433923,2.5961993626910796e-16,0.0001909239528408386,1.6164402452071926e-10,735397888099.5378
31,325245.0,1.5628353,1642993577155708.5,8.631073732689814e-06,5.511660481487132e-12,9073764015.163155,7050076.8,0.524565820433923,9.512120569001397e-16,4.164818393097002e-06,2.8003019853090486e-12,4378433139.997755
32,199527.0,0.15530248,310093901093512.8,5.279536798217708e-05,4.25814425262827e-11,105417000535.09018,8054683.35,0.524565820433923,5.008240389518868e-16,7.878804201210712e-06,6.354550807997877e-12,15731681365.972956
33,115651.0,2.9257681,1423698131199724.2,0.0034122362361500764,2.177448636189745e-09,1660416747526.5195,428608611.71999997,0.524565820433923,2.0550480722584844e-15,0.00018831937032522336,1.1937087172545284e-10,91637452606.28459
34,305914.0,5.497591,2690705772443593.5,0.0025481140833544754,1.990733346730073e-09,1247132657363.3257,261432275.66,0.524565820433923,2.043178059936038e-15,0.00021046571909870502,1.705653638598484e-10,103008995263.63046
35,110085.0,24.41087,4460253580682221.5,0.007643682814787279,5.100422800341176e-09,1396622227894.9553,541455129.39,0.524565820433923,5.4729780624415115e-15,0.0003250316147791468,2.286514152776522e-10,59388437349.98441
36,175053.0,7.761603,7214430277997143.0,0.006470290312878002,4.585280523577256e-09,6014151759714.928,423517581.41,0.524565820433923,1.0758442040352994e-15,0.0003921598006555041,2.805155674110946e-10,364513559848.7055
37,329180.0,2.4811642,3609643372302970.0,0.0005086109251965119,3.873126554521489e-10,739936540764.4004,31909514.4,0.524565820433923,6.873710070745867e-16,8.639859011347479e-05,6.570126809903811e-11,125694260049.14354
38,44802.0,21.660727,1.2435096946220648e+16,0.03318388437485411,2.654344183670097e-08,19050367942566.63,2013947996.88,0.524565820433923,1.7419025435570297e-15,0.0005057865855784496,4.357160057101872e-10,290364456639.24146
39,337589.0,4.376069,4302781499977976.0,0.0003750413832632873,3.1155309612950924e-10,368760439022.19604,31564352.5,0.524565820433923,1.0170325869492558e-15,0.00011418923568316634,7.72367790417994e-11,112276870130.28201
40,129257.0,0.41638327,514498023523568.06,0.0003736764490223215,3.415546266614783e-10,461727951892.2308,15162660.76,0.524565820433923,8.093000380222576e-16,4.761185857689986e-05,3.8641799718865654e-11,58830911083.672066
41,130381.0,16.061941,1.0077935593160734e+16,0.013709965642248644,1.0736882897331505e-08,8602207586681.358,1881274392.47,0.524565820433923,1.5937729360862594e-15,0.0004381767534601333,3.556206338548584e-10,274930476944.94037
42,269348.0,3.9901507,2995775173587719.0,0.0004867681324960415,3.330439461232413e-10,365461857524.654,78159278.27,0.524565820433923,1.3319259519803764e-15,0.00015965588528998848,1.0979630123193761e-10,119868439422.32964
43,189186.0,28.906994,7385171536069789.0,0.011466169594667239,8.650016827894661e-09,2929382049143.0327,1176767963.86,0.524565820433923,3.914193984366626e-15,0.0005038035234938164,3.8779398659484923e-10,128711945679.24287
44,172896.0,6.5242624,3683900541777003.0,0.0006633130054085857,4.802572835282321e-10,374537225846.77484,76619934.12,0.524565820433923,1.7710202341274097e-15,0.00017365387775876906,1.3660623742438395e-10,98053017358.28511
45,1.0,11.985009,4226499642240498.5,0.006264307160588232,4.566496403370763e-09,2209100716829.729,389702180.64,0.524565820433923,2.8356820098171495e-15,0.00036452598957185055,2.8295790280551946e-10,128549671052.62833
46,70238.0,11.185356,3852341146221313.0,0.0010717401842311738,7.841257713578434e-10,369117336075.1827,91233210.16,0.524565820433923,2.903521670444867e-15,0.00016053925767299748,1.2759880360822789e-10,55291220763.783806
47,301610.0,1.8937236,1206179494282154.0,0.0012055659743387213,9.181994416027546e-10,767867579646.6027,57434577.76,0.524565820433923,1.5700180686018304e-15,0.00012659212037513878,9.873373189376694e-11,80630995850.815
48,275629.0,0.4041227,226349812334003.6,0.0009366176799002563,7.651320626767367e-10,524601157208.2757,134444299.96,0.524565820433923,1.7853900378042873e-15,0.00015290980868508977,1.1109180125552677e-10,85645044190.53535
49,100193.0,1.2467599,1826659175188678.8,2.8908756251864667e-05,1.931239958433505e-11,42354943281.99172,3014926.4000000004,0.524565820433923,6.825355911680788e-16,6.025084228863431e-05,4.054169361544208e-11,88275019014.79178
50,268204.0,4.777518,2468399142853847.0,0.001691887361393199,1.233941378500417e-09,874147059763.7161,207023567.47,0.524565820433923,1.935472232613263e-15,0.00020715374197542003,1.5621525219354897e-10,107030076941.85428
51,280472.0,0.73275685,2025748951387180.2,0.0,0.0,0.0,2890665.2,0.524565820433923,3.617214509716158e-16,0.0,0.0,0.0
52,14372.0,1.2631861,1838823869965498.0,1.616898424277233e-06,1.0700473889880064e-12,2353723982.452449,1511053.1,0.524565820433923,6.869532860826422e-16,1.9041445805602935e-06,1.2601440548715948e-12,2771869090.864528
53,182284.0,6.2495756,5871543709552340.0,0.0010067460990863069,7.958309021427304e-10,945848822951.5236,149615558.86,0.524565820433923,1.0643837309484122e-15,0.00012428908448630419,1.0130518443798687e-10,116770935962.68819
54,225410.0,10.704687,4768937068401329.0,0.004186812055055875,3.1582489695974576e-09,1865224383280.4739,307333725.42,0.524565820433923,2.244669377360538e-15,0.00023936938267235845,1.786994196823854e-10,106639037840.76572
55,157290.0,1.2373956,1620388466454931.8,0.0002304224646001237,1.5345524575961502e-10,301741742131.74854,14475537.25,0.524565820433923,7.636413277534371e-16,5.652050378064835e-05,3.7082993596725604e-11,74014464286.42946
56,183666.0,5.2155375,7815957556462960.0,0.0015785980038744796,1.193277538452746e-09,2365672760861.193,176637539.29,0.524565820433923,6.672934777757729e-16,0.00019902388261343977,1.7360352897782889e-10,298255399223.7831
57,317491.0,3.7131133,6326557788691133.0,0.0015026168372727037,1.0884443252692053e-09,2560221433390.158,96667718.69,0.524565820433923,5.86908935952071e-16,0.0001874458624224157,1.4026250187814668e-10,319378102700.6261
58,297208.0,2.482734,2423017843361880.5,0.0005981271153561429,4.1495257776793497e-10,583740615429.0004,65419048.62,0.524565820433923,1.0246453639628444e-15,0.00012595842676912984,8.410259141986023e-11,122928801709.4833
59,91913.0,9.072971,7664496184698749.0,0.004090384758467883,3.3144051192442015e-09,3455399380779.1294,308255142.98,0.524565820433923,1.1837661317012726e-15,0.0002874818359298926,2.4637175987215425e-10,242853574055.82507
60,263003.0,1.234578,4867422597462658.0,0.00025343790533002017,2.1592185701059085e-10,999199230390.4186,14356176.4,0.524565820433923,2.536410133452505e-16,6.550251828578602e-05,5.772150099396404e-11,258248922056.72372
61,214605.0,4.9579124,5552370324628833.0,0.0008248026021083979,6.097507607831063e-10,923697137453.1167,65905007.45,0.524565820433923,8.929361894339114e-16,0.00011653421005346376,6.668928698497689e-11,130506761213.63403
62,142218.0,0.48934114,1800911805623173.5,2.6573141465108333e-05,1.881983716646868e-11,97796568212.12349,1411975.1,0.524565820433923,2.717185475002604e-16,7.878804201210712e-06,5.579988061553431e-12,28996195783.076466
63,294086.0,0.30200353,711897177424975.6,0.0,0.0,0.0,3971853.0,0.524565820433923,4.242235249371067e-16,0.0,0.0,0.0
64,368278.0,10.026704,6681976467745530.0,0.00870960428256279,6.5920317543833076e-09,5804237450258.854,473193336.27,0.524565820433923,1.5005596096304373e-15,0.0003204706560721625,2.577407971429092e-10,213567427788.54956
65,190378.0,6.9395075,3670892136904249.5,0.003860804588536091,2.7294939009413574e-09,2042305913810.3076,310092789.75,0.524565820433923,1.8904144391047816e-15,0.00023222356238107984,1.5558327147720973e-10,122842672790.33844
66,353688.0,12.667763,1.1988241673702222e+16,0.014283978535649477,1.0270054228571643e-08,13517760534937.47,1199117091.9,0.524565820433923,1.0566823179573029e-15,0.00042874604213724625,3.2139213848273076e-10,405747342272.24054
67,304816.0,1.9216484,873234073809654.0,0.001050773770141066,8.188297669656672e-10,477491855405.2927,131160246.33,0.524565820433923,2.2006108758633683e-15,0.0002054939230248805,1.6828980916913557e-10,93380399633.015
68,360042.0,3.0462081,1814350546395095.5,0.0024037755945098657,2.0176984791749196e-09,1431711629717.6711,205526570.16,0.524565820433923,1.6789523425076058e-15,0.00019470246481605543,1.7291398889514927e-10,115966641748.30408
69,41583.0,4.6652064,3448415187611321.5,0.0004064710016739145,3.772684951453982e-10,300454182583.62885,67745562.15,0.524565820433923,1.3528551946877185e-15,9.499754914582645e-05,9.123283051227058e-11,70220042410.19666
70,136269.0,0.7813232,2504780447619740.0,4.490841777018654e-06,3.2050174231042722e-12,14396824100.999704,3924314.4,0.524565820433923,3.119328086190074e-16,4.131331299884241e-06,3.299628553286077e-12,13244298726.30109
71,376808.0,1.2702712,1884953136686540.8,0.0,0.0,0.0,2094340.0999999999,0.524565820433923,6.739006796916672e-16,0.0,0.0,0.0
72,198859.0,14.20614,1.2254257489142786e+16,0.011684334765619362,9.11247325182969e-09,10078940993629.691,1002918451.54,0.524565820433923,1.15928198934832e-15,0.0004318784029134736,3.31895096354209e-10,372539560591.50903
73,257288.0,3.1551335,1810700628969117.0,0.0009054707482373804,6.664468017769933e-10,519640913243.94415,188271999.69,0.524565820433923,1.742493181656598e-15,0.0001671901388925215,1.3163269727772927e-10,95948805224.92084
74,205796.0,1.2508925,3072348886722688.5,0.00036957706365332117,2.689878358879388e-10,907727626533.4723,4979626.6,0.524565820433923,4.071453295573935e-16,3.754723479066583e-05,2.693934962154489e-11,92220718413.94649
75,286861.0,2.2139938,1091774590076071.5,0.0015267347411307569,1.1769723887055341e-09,752870308919.984,108986399.83,0.524565820433923,2.0278854446005523e-15,0.00014348248404534748,1.0470029942865744e-10,70754728491.88002
76,4.0,2.3923104,3690806186414470.0,0.00011353837450303146,1.1208987494556195e-10,175164617020.9482,24497225.12,0.524565820433923,6.481809878844038e-16,0.00010058427622580904,1.065277615798357e-10,155179306560.82
77,20167.0,14.706241,3695871527939673.5,0.007382006855251763,5.323184518583379e-09,1855195284463.275,631237922.55,0.524565820433923,3.979099622058087e-15,0.0004694051293930188,3.606735366562215e-10,117967674594.24176
78,334967.0,3.7285495,2499445144972624.0,0.0026005753706911895,1.894383679883839e-09,1743304060844.4316,253473098.60999998,0.524565820433923,1.4917508821906305e-15,0.00023120776653985436,1.6953571144154803e-10,154990869655.34528
79,274149.0,12.180361,5117983891481579.0,0.018840445857353037,1.5298365856361096e-08,7916440112593.024,750117140.99,0.524565820433923,2.379913899352655e-15,0.0003662628537899432,2.6023975089225113e-10,153897522884.99512
80,304308.0,2.6798031,4360898760488353.5,0.0004319886617806643,3.231600964501311e-10,702984043754.6779,54360902.99,0.524565820433923,6.145070654426069e-16,7.150670921192495e-05,5.264182720277403e-11,116364340189.3537
81,151784.0,10.598454,3728013126277309.5,0.004409971865725137,3.3329636234812947e-09,1551210488052.026,469741237.28,0.524565820433923,2.842922929990679e-15,0.0003311817323388628,2.5922817095417983e-10,116493390955.1845
82,147286.0,3.710951,3945342862110659.0,0.00020697037373336628,1.2792268793929315e-10,220043079705.79834,41379892.71,0.524565820433923,9.405902426474374e-16,9.099579517119192e-05,5.173627461331698e-11,96743290590.6722
83,206153.0,0.8077102,960533678234904.6,6.019042302070018e-07,6.247769650213324e-13,715788019.2498252,963390.56,0.524565820433923,8.408973243751995e-16,3.362133329031579e-07,3.4898964850056026e-13,399826855.38091105
84,290378.0,23.816515,5392278680592627.0,0.008443009458469299,6.286247478575403e-09,1911575220091.8523,683566058.44,0.524565820433923,4.416781181157813e-15,0.0004213457183254322,3.310168517454508e-10,95396557140.50583
85,347302.0,0.61599344,657388432428464.6,0.0004025285509290301,2.975997344725567e-10,429578621978.4036,48520893.14,0.524565820433923,9.370311517719486e-16,7.923316492937275e-05,5.60093044349995e-11,84557663616.13583
86,146632.0,16.63179,6160582856224615.0,0.010655019812178182,7.928241288045946e-09,3946726863893.6963,1104050187.23,0.524565820433923,2.699710463790831e-15,0.000468670070454442,3.4743982124255434e-10,173600123694.87698
87,261826.0,0.3500581,1668462190218804.2,0.00012114797334312178,9.005451662980776e-11,577420756567.6505,3220427.2,0.524565820433923,2.098088299825919e-16,5.0989030628349536e-05,3.335245379226345e-11,243026142572.64655
88,277589.0,15.04915,1.6315407099522748e+16,0.011429508789731549,8.953338595499618e-09,12391204078106.986,1246598799.79,0.524565820433923,9.22388875018645e-16,0.0004728203466681129,3.6350481317180266e-10,512604129856.3531
89,251760.0,20.049053,1.220476245201071e+16,0.02677242940998598,2.129461612185144e-08,16297584789271.797,1162590064.07,0.524565820433923,1.6427237382811134e-15,0.00047553393218881896,3.5768361976244474e-10,289478943481.0265
90,273476.0,4.1135693,4277367919998847.0,0.0010844052657707798,8.115805281294325e-10,1127585305560.7346,226672772.5,0.524565820433923,9.617057444993202e-16,0.00011356898638688177,8.426140922657327e-11,118091201010.77034
91,308157.0,4.8066974,3901017201859799.0,0.003212891321783885,2.400366230150277e-09,2607516818925.4023,210562752.02,0.524565820433923,1.23216513828968e-15,0.0002432163534596588,1.826059873079517e-10,197389413075.9598
92,242053.0,1.2009021,820212678983670.8,0.0006532199649512363,4.3789949672867087e-10,446147356573.25696,95553626.2,0.524565820433923,1.4641350112851744e-15,0.0001423145031987596,1.0148564210687344e-10,97200396207.88805
93,126752.0,20.079876,6317556349793227.0,0.006386900661731987,4.755825654478741e-09,2009454880648.8389,503219670.29,0.524565820433923,3.178424518628506e-15,0.0003909049376804804,3.1828709810718814e-10,122987013027.81177
94,270531.0,0.5847544,363128034669916.9,0.00012023015568673056,9.012364785076052e-11,74662012192.77802,9969909.0,0.524565820433923,1.6103256817710078e-15,6.0270978523961136e-05,4.5527029765569364e-11,37427819233.23497
95,297677.0,1.1550031,1059219209002069.8,2.7540392942717177e-05,1.5607593056042735e-11,25256480461.73302,18893130.0,0.524565820433923,1.0904287707245905e-15,7.599608917777498e-05,3.978670349751042e-11,69693767459.26791
96,97105.0,0.64040154,235172827952421.12,0.00042719259890479843,3.8036538645071057e-10,156876717636.85297,55182081.6,0.524565820433923,2.7231102571491065e-15,0.00012501616530111582,1.1779173237846628e-10,45909329221.21135
97,145212.0,6.2095265,4455196011916161.5,0.0014245673508293084,1.049237213905754e-09,1022095127562.5776,227341750.2,0.524565820433923,1.3937717854369572e-15,0.00016598731067180096,1.2244457253562604e-10,119092173055.98045
98,272768.0,3.88899,3182163334632091.5,0.0026890823659631666,1.819383965200884e-09,2200339756279.5747,88782281.01,0.524565820433923,1.2221214284242984e-15,0.00013950454536530574,1.1476052289440459e-10,114149496212.64009
99,186718.0,4.7630157,2567353646537672.5,0.0009357923703926284,8.484521128236908e-10,504409413248.34326,95487075.13,0.524565820433923,1.8552238435960673e-15,0.00017242888503933768,1.470018987897166e-10,92942361448.4766
100,295928.0,10.332214,6645858260732158.0,0.01290423883418942,1.2802760023989801e-08,8300228997837.103,457026024.16,0.524565820433923,1.5546846764772448e-15,0.00025883853416147233,2.0778525668830817e-10,166489409767.6281
101,237673.0,0.24526532,2367565847289277.0,3.3450748864811646e-05,2.2497976538941913e-11,322902767413.58545,10812155.6,0.524565820433923,1.0359387481485016e-16,1.5598473233923736e-05,9.859824516968818e-12,150573315862.56775
102,111428.0,17.417774,4804162347915961.0,0.003238884266948527,2.369231976209726e-09,893347556612.6592,467486377.87,0.524565820433923,3.625558992101049e-15,0.0002273236148702982,1.7151679744706775e-10,62700294041.70909
103,115650.0,6.7807894,2599849259187917.5,0.002071730988189393,1.5427233800054226e-09,794330564945.8522,142235014.18,0.524565820433923,2.6081471362374412e-15,0.00026613746931100076,2.006059280826873e-10,102040818791.74016
104,353213.0,0.7580676,617001162430480.8,0.0004246503696387705,3.287252554206072e-10,345628505549.70917,13200543.84,0.524565820433923,1.2286323692062957e-15,7.155397228854979e-05,4.5512217801013335e-11,58238716545.27066
105,271478.0,0.17015423,225308937347231.8,0.0004692802738973129,4.0804581320016875e-10,621395306069.2141,11878333.7,0.524565820433923,7.552040855697132e-16,7.089594571175787e-05,6.548565109903874e-11,93876538893.82121
106,7313.0,98.4084,1.5852836736457132e+16,0.09038822260339412,6.797484535487902e-08,14560847812078.555,7662002092.99,0.524565820433923,6.2076208590282105e-15,0.0013127874519666151,9.912973252373548e-10,211479966605.45554
107,258722.0,9.193267,6080684456165414.0,0.007386776978593823,5.718022633840838e-09,4885821324986.643,859783784.71,0.524565820433923,1.5118802934558842e-15,0.0002575359284950391,2.031472122913045e-10,170341481140.9167
108,245745.0,7.497089,4381523042725627.5,0.0021197305694412557,1.5416119580315902e-09,1238833943998.3677,212717941.3,0.524565820433923,1.711069170900962e-15,0.0001847610385403822,1.3608508485730953e-10,107979876957.92358
109,244813.0,5.5988793,5192952654914846.0,0.002861713556805923,2.233619254233839e-09,2654235288197.966,126567780.88,0.524565820433923,1.0781687552458169e-15,0.00021314919173985207,1.566223400574021e-10,197695574744.47046
110,242356.0,0.4449752,2234124518815524.8,3.889178396017307e-06,3.25851033841903e-12,19526726012.1236,4326838.4,0.524565820433923,1.9917206773949843e-16,1.9041445805602935e-06,1.5953690393719529e-12,9560299303.87009
111,130380.0,0.55577195,304862818529148.0,6.836536939536732e-05,5.57577151533933e-11,37501099513.313034,5909087.5,0.524565820433923,1.823023065526315e-15,3.8415052725534886e-05,3.161056997762996e-11,21072170425.032055
112,128054.0,5.861415,7147026321408417.0,0.005307226580468985,3.722361052227495e-09,6471285186988.163,241609181.17,0.524565820433923,8.201194086053023e-16,0.00027890882658536354,2.1094252571918487e-10,340083192348.38837
113,240574.0,5.0351377,3595732526177938.5,0.0009157055498770001,6.375674085336517e-10,653930920319.0974,71114368.33,0.524565820433923,1.4003093009123425e-15,0.00010931985325644219,9.520777235544554e-11,78068361886.3469
114,281495.0,0.35802868,373558839050250.44,0.0001362621094676228,9.995046730772912e-11,142172731579.11066,13803174.85,0.524565820433923,9.58426471477064e-16,8.981456794059621e-05,8.06008531316481e-11,93710441659.83842
115,280697.0,1.2296096,2404157353242206.0,0.00044410673905074654,3.9050041093100327e-10,868326404017.3969,7422372.9,0.524565820433923,5.11451381641792e-16,7.392916454594282e-05,6.386159628709436e-11,144547785380.1576
116,359468.0,16.411123,6535083600260656.0,0.019215705541754245,1.3147337775102203e-08,7651898176215.971,533797506.34,0.524565820433923,2.5112338271151468e-15,0.0003589323725897997,2.7136142451459886e-10,142930685591.36676
117,0.0,46.10936,6546056983873843.0,0.03877028889331995,2.8727854017056994e-08,5504143201660.651,3269386113.75,0.524565820433923,7.043837246389701e-15,0.0007971354734009545,6.337921538319354e-10,113167787033.91026
118,336124.0,6.185656,8605702663497413.0,0.016232818039999486,1.3181821053481451e-08,22583668642888.07,612143217.74,0.524565820433923,7.187856984924121e-16,0.000217252543156904,1.797145278138414e-10,302249395908.36536
119,231004.0,4.0538745,1780963443102537.8,0.00016685647664441876,1.0507903961724707e-10,73304016971.56688,30206569.44,0.524565820433923,2.2762255540394048e-15,6.0941034774191445e-05,3.311595820278233e-11,26772845365.014503
120,348900.0,2.7657795,3081804365451209.0,3.336808253437198e-06,2.2032461182780546e-12,3718080288.7997327,9036846.46,0.524565820433923,8.9745459867796e-16,1.4835015791892329e-06,1.2202025254339615e-12,1653010170.5140052
121,311778.0,10.338844,8058109548554267.0,0.007788103201700289,5.9614597542108445e-09,6070058584378.21,765532725.57,0.524565820433923,1.2830359202370148e-15,0.00037235393040202085,2.8060344304898124e-10,290213176832.3649
122,302850.0,5.4197283,5010572935444818.0,0.004569023210454854,3.532643638074517e-09,4224090724201.854,623551805.84,0.524565820433923,1.0816583991145634e-15,0.000307988638637163,2.5829377659910784e-10,284737435487.28503
123,157291.0,4.455884,7178177458681398.0,0.003478253351263112,2.5485319795234896e-09,5603269699484.974,169510412.22,0.524565820433923,6.207542270511835e-16,0.0002064326724645349,1.6717812559217253e-10,332551376162.4595
124,319858.0,18.28342,9168861958671696.0,0.02318384387225878,1.732792687314016e-08,11626351313711.41,1957848611.35,0.524565820433923,1.9940773546828203e-15,0.0004639367595909705,3.510345172910825e-10,232657353287.46295
125,182285.0,1.553609,3237499647018158.0,0.0004339722033725592,2.8090163746168333e-10,904336197353.6151,74286075.76,0.524565820433923,4.798792801200532e-16,7.706963835849346e-05,4.261201788588795e-11,160602137977.72775
126,14373.0,10.114199,4790721612552237.0,0.003522324942457735,2.7815785616430057e-09,1668394919683.1194,429522037.82,0.524565820433923,2.1112057468544288e-15,0.00029455019638160047,2.2559812941142578e-10,139517523017.5755
127,133876.0,1.0799903,986326600206358.9,0.00023975210260102328,1.8930644620440777e-10,218959259403.34225,29888831.95,0.524565820433923,1.0949621553084392e-15,0.00012232538849996213,8.832866305616228e-11,111716544637.56728
128,282983.0,3.9066248,3009273136871383.0,0.0017017522595863391,1.304895359066874e-09,1310859788834.43,216574488.71,0.524565820433923,1.2981954851933302e-15,0.00024704321994344536,1.974521725961633e-10,190297395701.27615
129,210264.0,0.47630602,1236418753016078.0,4.959662510923484e-07,2.879516662837781e-13,1287453754.4448009,1722394.1,0.524565820433923,3.852303427444102e-16,4.05924294486089e-07,2.356744571327137e-13,1053718384.6792896
130,325825.0,0.8484218,745311013923763.9,0.0004834816455409496,3.3869368796302183e-10,424722933158.548,50300282.65,0.524565820433923,1.138345984629154e-15,7.571973403720214e-05,4.3784321498199725e-11,66517328702.89856
131,322951.0,9.628197,4489005606028627.5,0.004733262124340735,3.5020367419383733e-09,2206814028729.214,527950386.34,0.524565820433923,2.1448396025769183e-15,0.00028227586321116055,2.1616289648373762e-10,131606980247.85635
132,219938.0,1.6438661,1890575711630027.2,0.0001833986831520301,1.5573494923075932e-10,210922955289.4601,8781143.2,0.524565820433923,8.695055637749002e-16,6.383090233148395e-05,5.0748112232863874e-11,73410573768.34526
133,272946.0,1.1661748,803506905362639.2,0.00017465713925837988,1.018233000434939e-10,120340636296.54178,20902302.29,0.524565820433923,1.451356288560683e-15,6.107509811708749e-05,3.3851648697379204e-11,42081395587.33435
134,340425.0,2.6516259,2798729358887773.5,0.00023651064076790526,1.8851209796662172e-10,249631471018.02557,39560572.839999996,0.524565820433923,9.47439198284527e-16,4.203129370946193e-05,3.491739798131614e-11,44363051249.69027
135,91912.0,2.799541,2237802071534770.0,0.001087269544711793,7.318092614127904e-10,869104628034.6372,57439312.54,0.524565820433923,1.2510226152753394e-15,0.00018190928690162698,1.3625108324212014e-10,145408471981.61185
136,147999.0,3.8920653,1738757279414510.8,0.0008788299350229716,5.452799396527121e-10,392612104141.3599,101973517.52,0.524565820433923,2.2384178321373123e-15,0.00012258728790465623,7.945620672310521e-11,54765149805.65804
137,116925.0,8.521305,1980992237850508.5,0.0034186755708500065,2.2933075760816543e-09,794757348737.4315,359870876.34,0.524565820433923,4.301533765344841e-15,0.0002642573644977676,1.7191866877224172e-10,61433288429.98932
138,289937.0,2.2490819,2031425703541230.0,0.0010550176709828722,7.659817407531961e-10,952917728129.3363,115158142.35,0.524565820433923,1.1071445517694034e-15,0.00013796644366059047,1.0500306961646115e-10,124614661599.60492
139,41582.0,1.9178603,2642494278844680.5,0.0009100265032058252,7.420823988527806e-10,1253866002814.92,114387176.74,0.524565820433923,7.257765193113318e-16,0.00011577799001768396,8.056454015882612e-11,159522920536.94754
140,319797.0,2.5377376,1826150987614088.0,0.004699687832536241,3.5132195050432398e-09,3381886124421.992,293261862.96,0.524565820433923,1.389664719517863e-15,0.00023027949685876684,1.749314752326615e-10,165708673196.12253
141,256625.0,2.5173562,2600354410882508.5,0.0002985121212169626,2.0508657784151043e-10,308354181703.9729,18906392.8,0.524565820433923,9.680819620067326e-16,8.949318074483825e-05,6.424314434407044e-11,92443805645.67928
142,136268.0,1.991806,1475866163522649.0,4.310703900054707e-06,2.6119132024556623e-12,3194097229.8787436,5948811.1,0.524565820433923,1.3495844333512516e-15,3.995936666374323e-06,2.4211915216323035e-12,2960864520.681912
143,310657.0,0.58855414,1073341409649404.0,0.00023103833484718585,1.5995792807525413e-10,421342736639.19775,23698257.8,0.524565820433923,5.483382404786238e-16,2.8325441043549556e-05,1.8790981567864154e-11,51656877001.3657
144,265976.0,0.13490175,156676442928010.56,3.6472891280150867e-08,3.125519845790564e-14,42360035.12981924,12859155.3,0.524565820433923,8.610212708363849e-16,4.1474638349387475e-08,3.5541411911192126e-14,48169121.663045034
145,315719.0,0.9661673,912246652235334.4,0.0006289993971437656,4.4793536579497706e-10,593895688978.9623,49803793.17,0.524565820433923,1.0591075315349642e-15,0.00014222208585104324,9.64415147178194e-11,134284840411.73875
146,166381.0,9.564777,6474797707773586.0,0.0029811759402011274,2.0822016467174316e-09,2018082715789.822,252108259.42,0.524565820433923,1.4772317888042449e-15,0.00020347547341959777,1.392553874682758e-10,137741060652.5753
147,293942.0,15.157077,5245291928572566.0,0.012206385939541325,9.32502429151851e-09,4224169188143.451,1073076709.65,0.524565820433923,2.8896536563456418e-15,0.0004992681879109124,3.913994503200911e-10,172777864507.92328
148,195561.0,18.949268,7029516287065146.0,0.014651974856622264,1.0817537902003616e-08,5435370690429.583,859121051.06,0.524565820433923,2.6956716829674498e-15,0.0005096549147295607,3.755176905983316e-10,189064164582.72925
149,208379.0,1.9317847,1521149489876441.5,0.0011478919596763074,9.048616110109949e-10,903887099268.818,32722124.8,0.524565820433923,1.269950595162684e-15,0.00016840863060290596,1.1379073099191217e-10,132610379682.78787
150,291978.0,2.8120978,1862495317052275.8,0.004275649995239454,3.494244259153304e-09,2831828286159.915,418810021.59,0.524565820433923,1.5098549640654325e-15,0.0002407650502543749,2.0517145959644377e-10,159462369555.08057
151,248500.0,0.35327515,1691517844859576.5,3.261262356352341e-05,1.8760806940414677e-11,156152604352.12546,7221791.4,0.524565820433923,2.0885097433265775e-16,7.955437355291405e-06,4.48963865867307e-12,38091454352.61407
152,241039.0,7.161403,5157284748565403.0,0.0012423978181484024,8.415585764894455e-10,894712854337.0188,148278305.44,0.524565820433923,1.3885994954984946e-15,0.00015277731172233741,1.0902501066293174e-10,110022589103.34094
153,274148.0,1.6478909,6055840219550707.0,0.0006966560922613026,5.080100917351017e-10,2560143989332.6826,79553604.9,0.524565820433923,2.7211598064954556e-16,0.00011525878617932332,8.402626845344584e-11,423564929572.3044
154,194528.0,5.5957956,6441019476155720.0,0.0029469647092409653,2.0917073904241246e-09,3392092643227.4683,262819042.79,0.524565820433923,8.687748299341913e-16,0.00019851279688248765,1.3965690993379944e-10,228497408123.02856
155,331406.0,3.6826818,3432049330480448.5,0.00034684808699750417,2.35048114572307e-10,323242628444.90356,71841662.06,0.524565820433923,1.0730270591665609e-15,7.162323428973295e-05,5.252184795668716e-11,66748768055.63876
156,316547.0,5.72773,3572924715993886.5,0.0016191197269677395,1.3184054904041716e-09,1009997484280.2139,187846911.19,0.524565820433923,1.6030928315842525e-15,0.00015884213175144176,1.21751015462824e-10,99084799471.32346
157,284324.0,14.69118,7326421179133106.0,0.012206639875482435,9.376721551883227e-09,6087392905796.895,1280716837.4,0.524565820433923,2.005232792491234e-15,0.0005495838063566486,4.4021096383254973e-10,274074814861.70197
158,340391.0,0.109433696,139588555421334.69,0.0009033248672565927,5.927036483569499e-10,1152239373296.107,52878666.06,0.524565820433923,7.839732682216308e-16,0.00010285490018103928,6.036061627348572e-11,131196948097.93181
159,345022.0,0.2655592,1380881757687702.8,2.835230927302092e-05,2.3418681574509958e-11,147429223553.29614,2187830.9000000004,0.524565820433923,1.9231132464569663e-16,7.878804201210712e-06,6.507801710234569e-12,40969008017.21464
160,236121.0,1.8587004,3940870291553693.0,0.0002532540254649707,2.1060523271012698e-10,536956502065.2524,14187005.0,0.524565820433923,4.716471902116842e-16,6.25859992032969e-05,4.6162067170469927e-11,132696643809.55415
161,161323.0,8.45316,5421262040782588.0,0.0018156862664968918,1.460899008258268e-09,1164453415590.1294,162786264.92,0.524565820433923,1.559260544207109e-15,0.00016522835481327675,1.3557318556790051e-10,105965840941.15979
162,275264.0,13.288054,1.154811199366685e+16,0.012972212430523572,9.59741396447107e-09,11273626819496.93,903070174.02,0.524565820433923,1.1506689584658825e-15,0.00044755859674900554,3.428444971031759e-10,388955132104.81354
163,188757.0,2.3491807,974339355737389.8,0.0008559592549015083,6.711038017064136e-10,355015171441.7677,126424225.53,0.524565820433923,2.4110497909859306e-15,0.00017536773926849267,1.3580665802482278e-10,72735013571.32114
164,248952.0,6.125763,4843620167565382.0,0.0005544365039869709,4.0575909934966024e-10,438391075910.9904,53863415.14,0.524565820433923,1.2647075509802165e-15,9.178644073035956e-05,6.326295194022365e-11,72575229474.37146
165,217590.0,12.644454,7108324496274650.0,0.004153526328825444,3.093217110118498e-09,2334985199765.179,481195270.14,0.524565820433923,1.778823407207527e-15,0.0002911098073466704,2.261951177376023e-10,163653011404.69418
166,344858.0,0.38618517,1819965776567881.2,8.193056831608485e-05,5.0665823665793995e-11,386112264202.2509,9960863.3,0.524565820433923,2.1219364395317028e-16,1.6976660011787528e-05,1.1031476750205844e-11,80005506741.44681
167,272338.0,14.232421,8375730413749961.0,0.00743447687069722,5.467147921754252e-09,4375163862579.623,730869889.97,0.524565820433923,1.6992453549645585e-15,0.00031506575828491463,2.1874541833500158e-10,185415106396.73694
168,349678.0,2.2076318,3274953137801613.0,0.0017300368025377451,1.1773562642837211e-09,2566455807976.338,198154631.46,0.524565820433923,6.740956914827561e-16,0.0001399385967014372,8.796684753109518e-11,207594557374.52512
169,91914.0,4.8198895,4189090428580946.5,0.0015383569281678974,1.1588962036499674e-09,1337025731301.3762,59855195.75,0.524565820433923,1.1505813928282129e-15,0.0001356758506506632,9.596114520090059e-11,117919385361.48413
170,202163.0,1.8187084,1436364001766401.0,0.001446805528820194,1.0004546829390703e-09,1142645725479.647,105907530.61,0.524565820433923,1.2661890702937433e-15,0.00011180272231048585,7.724190979032604e-11,88298600053.8993
171,349098.0,6.5161433,4493316797475608.5,0.003343403879597293,2.1549354290604024e-09,2305500680585.0376,307025680.95,0.524565820433923,1.4501855964531226e-15,0.00021944656918700744,1.4152464890266225e-10,151323092522.5929
172,84850.0,1.3558623,1878053745316728.8,0.000457911515598569,3.957946777209681e-10,634269746192.9225,608687402.32,0.524565820433923,7.219507446903962e-16,7.350429742103093e-05,4.994534333824128e-11,101813451903.22195
173,56930.0,5.4592853,3884536437890333.5,0.0010409507246695153,7.899760567614516e-10,740685052680.2621,74999879.3,0.524565820433923,1.405389133887209e-15,0.00019489747871354502,1.5079936936333898e-10,138678657756.8535
174,222728.0,0.7654425,783044928088490.9,0.000297993106972201,2.0673950574457458e-10,304845878063.88214,16720566.5,0.524565820433923,9.775205387876522e-16,6.784159348101762e-05,5.872018312678311e-11,69401706449.21346
175,70240.0,0.40229374,1179833550863995.5,8.702434721737987e-05,6.64709019842607e-11,255222078745.50217,51084944.72,0.524565820433923,3.40974995757155e-16,2.1655492153960813e-05,1.636664369495662e-11,63510499078.894394
176,97106.0,1.0887064,763447694598994.2,0.0007552307575541751,5.554349587974078e-10,529600249199.40485,56018706.05,0.524565820433923,1.4260392790521818e-15,0.00013034616937446903,1.1488915779824606e-10,91404333168.93187
177,299841.0,0.7398863,1397096480339284.8,0.0,0.0,0.0,1364703.9,0.524565820433923,5.295885505490062e-16,0.0,0.0,0.0
178,330750.0,2.9861252,1562808034237631.8,0.008577411828800752,6.4538923001780116e-09,4489044236663.188,1059698692.99,0.524565820433923,1.91074344038466e-15,0.0003706421962134541,2.7929088981863166e-10,193978002687.18362
179,355985.0,0.34391692,642083101715369.6,1.3920297823652256e-06,1.4368204777346573e-12,2598879986.3095856,3314823.86,0.524565820433923,5.356268045073949e-16,5.270805802492431e-07,5.481064426672534e-13,984044442.5367929
180,351049.0,7.2384243,4144931991954319.5,0.006861156081429136,6.3566585678969325e-09,3928897252362.9985,473008383.95,0.524565820433923,1.746331258040041e-15,0.0002157453208701472,2.0179939943666256e-10,123542036985.74606
181,266766.0,1.9529784,2229739130044779.5,0.0001899344171445505,1.3511139451557845e-10,216850428068.97012,242733836.69,0.524565820433923,8.758775292070954e-16,6.453957236478e-05,4.421033177913452e-11,73685612671.44925
182,245995.0,2.806925,2121804365866827.5,0.0030227645000011484,2.344011235926289e-09,2284961270105.077,256228530.10999998,0.524565820433923,1.3228952891013956e-15,0.00032488320070933336,2.475526178685454e-10,245584970621.53503
183,311387.0,3.7161458,3660096246098725.0,3.9762741588109494e-05,3.292394915537996e-11,39163011639.97204,22968881.12,0.524565820433923,1.0153136830653068e-15,8.160641415753422e-06,7.00093662489754e-12,8037556818.022824
184,350066.0,0.6495319,958196393235036.0,0.00017396772265004717,1.4070209712412885e-10,256639041720.0268,6537606.3100000005,0.524565820433923,6.778692808549075e-16,8.293271255198065e-05,6.623598807965321e-11,122343222940.2526
185,164217.0,0.29532272,834434600985866.6,3.4302272049246044e-05,2.3933949526574286e-11,96921099366.5549,4139915.4000000004,0.524565820433923,3.539195518151842e-16,5.890584575178105e-05,4.7482200544399954e-11,166438518159.46442
186,159475.0,12.452124,3630243284183830.5,0.003959571769870612,2.9872000809227528e-09,1154357989513.811,412976889.54,0.524565820433923,3.430107302794597e-15,0.00034239981289518797,2.6497623251576556e-10,99821895547.18185
187,218925.0,7.830444,8180950650515109.0,0.002606284132453406,1.8055512122584447e-09,2722946728029.9683,188516585.68,0.524565820433923,9.571557554264138e-16,0.00021405591028998924,1.592691437588152e-10,223637489589.79736
188,228757.0,6.9357157,3632699651845038.5,0.00046108613605641585,4.1073656197192636e-10,241501745223.31067,64264471.18,0.524565820433923,1.909245565203104e-15,7.246576597103685e-05,5.681141033618559e-11,37955183603.282585
189,86942.0,13.181685,4780134100657589.0,0.004043447082085127,3.0793669032239316e-09,1466293518717.7922,219178586.14,0.524565820433923,2.7575973230932236e-15,0.0002759604312469009,2.134430120137247e-10,100072780364.23149
190,118068.0,5.9814525,4189833172776469.0,0.0011935432626076336,9.839849039662893e-10,836042274818.252,102840206.06,0.524565820433923,1.4276111370888502e-15,0.0001796942256034075,1.41170584922543e-10,125870568626.85703
191,367936.0,5.3318577,5309073820056229.0,0.010198957903097522,7.169247447247058e-09,10155376126259.076,300409810.86,0.524565820433923,1.0042914980495656e-15,0.00023404008327253175,1.920670556782706e-10,233039992598.82312
192,121812.0,16.966488,5317382629376222.0,0.008427461259929497,6.316591091954188e-09,2641208723531.3613,435289401.82,0.524565820433923,3.1907592856431933e-15,0.0003614187887449633,2.7102185982886773e-10,113270465237.27611
193,151783.0,0.8821847,812378939114994.9,0.00016332975108713705,1.6456269594583725e-10,150405748268.00394,992507.75,0.524565820433923,1.085927585667166e-15,3.839925582654793e-05,3.8689124418976004e-11,35360788632.10424
194,343755.0,6.072527,2755815288384620.5,0.005751286277509432,4.324329117075792e-09,2610030824307.1074,494922874.28,0.524565820433923,2.2035319368445554e-15,0.00035059410633944465,2.6997387867687355e-10,159105525305.65695
195,239577.0,0.147598,331899887007298.06,4.730314642094979e-05,3.4302375957434154e-11,106369388150.26567,7480172.92,0.524565820433923,4.447063882150538e-16,6.051527919602812e-05,8.109222031928022e-11,136079176732.59007
196,259726.0,1.2080188,1884451123200507.5,0.00015196553240552803,9.543002761910096e-11,237058908544.60248,8075757.9,0.524565820433923,6.410454403021763e-16,7.895747184981422e-05,4.583025974502376e-11,123169851754.33931
197,176291.0,2.559583,3933622717846242.0,0.0002588329334391666,1.6885809097306999e-10,397780070856.4989,28680227.75,0.524565820433923,6.506935676336129e-16,0.00011323117644665941,7.422367705172163e-11,174016129986.42194
198,231679.0,10.2702465,1.0261025431799908e+16,0.014755197892004548,1.1067609493241218e-08,14741950041909.807,982579845.74,0.524565820433923,1.000898649775442e-15,0.000436617714360592,3.169300199910104e-10,436225700233.0355
199,181647.0,1.9414101,2440510326321086.0,0.0006287004268975924,3.790513390416746e-10,790327548005.4675,38649236.88,0.524565820433923,7.954934994790831e-16,9.823369417264505e-05,6.068096586586427e-11,123487739669.74199
200,348663.0,0.32545444,561469479168180.56,2.4209191241492153e-06,1.787420392729213e-12,4176536045.2429156,4407438.0,0.524565820433923,5.796476069939939e-16,1.94693120487889e-06,1.444974002239006e-12,3358818670.8395452
201,148801.0,0.37924686,243962888363166.94,0.0005702852271157491,4.3177092609258646e-10,366854536905.0723,42133870.38,0.524565820433923,1.5545268485075781e-15,0.00012114917908629996,1.0224945737209997e-10,77933153230.90695
202,189607.0,4.2825336,1379674187662266.0,9.862874755913851e-05,8.799937199109185e-11,31774540465.672268,43978046.75,0.524565820433923,3.1040180633199845e-15,8.639662756948651e-05,7.878767706317635e-11,27833803092.330822
203,303452.0,0.3888829,311924513735233.6,4.37710263928199e-07,3.434055395876806e-13,351089135.65683717,2041521.7999999998,0.524565820433923,1.246721186941049e-15,4.05924294486089e-07,3.1846786074591634e-13,325593483.7219407
204,197226.0,3.6797683,4681694907913548.0,0.0003711211435197447,2.8774591859043837e-10,472169937394.00433,75743232.82,0.524565820433923,7.859906235624252e-16,7.49518593618174e-05,5.6830538642573105e-11,95359737272.82582
205,271783.0,1.0878298,664298458161362.1,0.0009063057764575862,6.877248241430052e-10,553448278327.6489,124449805.28,0.524565820433923,1.637561831787e-15,0.00015554734600140642,1.0942773077482708e-10,94987158946.94759
206,287964.0,3.2355075,5424532007990761.0,0.0007471623563835523,4.610733769228831e-10,1252664726435.769,29553806.48,0.524565820433923,5.964583664054049e-16,0.00012816285031215727,8.450262689821087e-11,214873086757.9895
207,268856.0,5.712796,4242902637698093.0,0.0004194837568532646,2.6918446777410325e-10,311551250635.2794,48632358.44,0.524565820433923,1.3464357982768537e-15,4.711782784268418e-05,3.080584183077713e-11,34994485368.69325
208,263657.0,1.7979001,3045970773960674.0,0.0002740678148020318,3.1567183385039463e-10,464320878546.1748,5493462.3100000005,0.524565820433923,5.902552038154297e-16,9.879259677111749e-05,9.454431926862528e-11,167372682413.50314
209,81219.0,0.1328728,212920797899219.53,0.00018963264857449068,1.627323189583032e-10,303875095897.9027,10256383.65,0.524565820433923,6.240480089826258e-16,4.119952772123404e-05,3.700270926298087e-11,66019804771.75287
210,271629.0,2.1161222,4874125234994075.0,0.0012475786306221492,9.232534437149393e-10,2873583806339.147,125908098.2,0.524565820433923,4.3415425291233255e-16,0.00013086245233128878,1.0457839052169463e-10,301419256988.6294
211,311300.0,1.5470332,1199134048701053.0,0.00018458509927901656,1.3660688013869329e-10,143075324710.7644,14650947.6,0.524565820433923,1.290125321414903e-15,2.8696683597647924e-05,2.0939312160408917e-11,22243330257.38598
212,83722.0,24.011091,7121539018424166.0,0.010317773582861496,7.441046591346853e-09,3060186942509.786,1318597426.46,0.524565820433923,3.371615452485874e-15,0.00041276054086059315,2.956939150089617e-10,122422188021.55122
213,386030.0,7.328632,4456563786298489.0,0.005512025824436666,4.291407818442412e-09,3351879952264.8315,462349279.73,0.524565820433923,1.6444580065321985e-15,0.00034316303113961726,2.5406483801478876e-10,208678500622.38614
214,249530.0,5.284996,2958311140131229.5,0.006115912555229306,4.379313021663191e-09,3423422126374.9893,561113283.58,0.524565820433923,1.7864909232520954e-15,0.0003497193921048276,2.8097241826920304e-10,195757721213.72147
215,372070.0,1.7664566,2085831698973160.8,1.6699910378128982e-05,1.0993365001322553e-11,19719251770.302364,19553648.21,0.524565820433923,8.468835720876297e-16,1.5487135796479997e-05,8.504723433932271e-12,18287207718.887592
216,352312.0,12.381469,1.1873064416064852e+16,0.031947492557933804,2.3544401875089095e-08,30635673123447.676,759770152.8,0.524565820433923,1.0428199971059914e-15,0.0003790544156203138,2.86461296002749e-10,363489784116.39246
217,243467.0,0.35241428,3602406231799861.5,1.477958741542441e-07,1.2244494600113643e-13,1510780942.4963057,1207039.4,0.524565820433923,9.782746789884497e-17,4.05924294486089e-07,3.3629746840582753e-13,4149389769.6076593
218,312995.0,0.18544546,156620062478569.78,0.0001203610268760582,9.618841268842671e-11,101652267730.43164,24373417.28,0.524565820433923,1.1840466480810809e-15,1.3947465766787657e-05,1.1540933166781191e-11,11779490098.123707
219,48223.0,5.9464164,4119627938492606.0,0.000315383035928883,2.094113919309025e-10,218494750239.6979,21337319.6,0.524565820433923,1.4434353026006096e-15,7.199218488515335e-05,4.5220693420839794e-11,49875588296.507935
220,240021.0,3.5946722,2441520999019595.5,0.0011402476227423087,7.822833549559092e-10,774462415518.0326,48200701.11,0.524565820433923,1.4723085328545026e-15,0.00010602265582523899,7.972391845118781e-11,72011167129.2721
221,126754.0,0.66028696,2400980192745562.0,6.686737019945282e-05,5.0294258207813765e-11,243147663237.01303,5324647.600000001,0.524565820433923,2.7500724995359102e-16,2.1547042795286546e-05,1.575526429992703e-11,78350817292.71765
222,88614.0,16.06649,7528557162694871.0,0.006632086539402713,4.771300983017976e-09,3107713173184.219,824404777.53,0.524565820433923,2.134072924306382e-15,0.0003827029348498502,2.7009479779679826e-10,179329830059.2219
223,194805.0,0.22901176,220901713355193.47,0.00019460711777904004,1.3707930710671894e-10,187715450719.6743,13222259.3,0.524565820433923,1.036713371397741e-15,0.00010107671533453446,6.39180568542057e-11,97497262139.34961
224,327703.0,5.3142953,3021797001416988.5,0.00808855636479661,6.385974472838835e-09,4599288144363.128,492585316.24,0.524565820433923,1.7586539722913246e-15,0.0002537323588684841,2.1868779663369055e-10,144276453962.0605
225,376609.0,3.9924068,3605743401781132.5,0.027817728901266037,2.091211119813007e-08,25123590220885.387,120413803.08,0.524565820433923,1.107235417258995e-15,0.00010818786080041757,7.663621852610243e-11,97709899009.77057
226,185175.0,4.445601,5236107578070879.0,0.0012182893079147707,8.817644664788501e-10,1434922719662.7087,140819483.87,0.524565820433923,8.4902781956169765e-16,0.00011575203272954774,7.79334334647315e-11,136334793822.54352
227,108832.0,12.400912,1729875674318419.0,0.0031691111549602717,2.4361002529472887e-09,442077832354.34,233577917.82,0.524565820433923,7.168672398891343e-15,0.000258328841461933,2.0698806309638725e-10,36035799529.894035
228,297574.0,6.542631,3548256887720390.5,0.0009996867003130225,6.542467572772861e-10,542158837927.45636,165117681.38,0.524565820433923,1.8439000351531402e-15,0.0001584021865520222,1.1437449423472697e-10,85906059727.83472
229,7315.0,57.20197,1.8176247137153812e+16,0.06514050405362788,4.99729209404126e-08,20698760904869.36,4051256127.06,0.524565820433923,3.1470726365221047e-15,0.0009997769404680528,7.678390182945001e-10,317684736242.0357
230,212523.0,0.42915633,978691772312583.8,4.1029672195534975e-05,3.7922672229785295e-11,93568240269.117,6621874.95,0.524565820433923,4.384999875762029e-16,9.103969460587934e-06,8.838117519102645e-12,20761618514.312588
231,233577.0,0.35501343,2126471164618559.2,1.49858336470261e-08,1.3746155828271586e-14,89762641.17155111,2361511.0,0.524565820433923,1.6694956221693295e-16,4.1474638349387475e-08,3.804371882808315e-14,248426158.16803193
232,162784.0,2.5723622,1420439535984970.0,0.00043643152418256165,3.527033410023605e-10,240994285990.9429,28729967.8,0.524565820433923,1.810962124632962e-15,0.00014266432970106444,1.2782838734480268e-10,78778196275.07617
233,318840.0,3.7104166,4981049061054266.0,0.001281414762751886,9.65314942118076e-10,1720235350614.3643,106608095.96,0.524565820433923,7.4490665611205e-16,0.00014645210151493045,9.772511435519186e-11,196604635377.1618
234,137113.0,0.66403705,2136285438453264.8,0.00046258188222121583,2.887838065832995e-10,1488180424693.903,7548149.4,0.524565820433923,3.1083723085281287e-16,4.744333285275609e-05,2.958737640909141e-11,152630792400.86713
235,354102.0,4.24726,3873964507881473.0,0.008821017795673654,7.54925397290403e-09,8045730627235.113,167326824.31,0.524565820433923,1.0963600702482089e-15,0.0001023954097067693,7.526858804820396e-11,93395785276.62689
236,153090.0,6.7912316,1241787678738861.2,0.00212077887630758,1.547392595244497e-09,387787846600.37225,174065235.72,0.524565820433923,5.468915271326464e-15,0.0002720791008492203,2.1370250231199152e-10,49750103512.43357
237,302750.0,9.51144,4987179109513807.0,0.009454338683233995,6.842757721892761e-09,4957238901290.746,633034265.12,0.524565820433923,1.907178344939622e-15,0.0003896698450572817,2.9693296912597467e-10,204317465165.85892
238,100194.0,0.18415853,7909547482321610.0,4.373402504728091e-05,5.1467137435184696e-11,1878361798959.3586,849746.6,0.524565820433923,2.328306776229704e-17,7.878804201210712e-06,9.271945543778242e-12,338392014387.77295
239,265343.0,30.718624,6657172256324075.0,0.029072122025318715,2.1561466702311078e-08,6300351349703.028,2353709529.64,0.524565820433923,4.614365201504048e-15,0.0006636452981001425,5.007370770909491e-10,143821580893.47327
240,316117.0,5.9490666,4233531890760710.0,0.014022195302675169,1.0446935951023677e-08,9978609248104.627,482421872.53000003,0.524565820433923,1.4052254130843529e-15,0.00016306859964658243,1.2800710670139273e-10,116044442498.84467
241,196772.0,1.1610761,1208971138282244.2,8.564160333882431e-06,7.563807119886892e-12,8917436735.87415,6637539.3,0.524565820433923,9.603836379830412e-16,7.886192702279717e-06,6.820358826512297e-12,8211502560.416355
242,227854.0,15.3612175,5000326153323079.0,0.010132355553456126,8.215073042935119e-09,3298246539944.832,622053271.63,0.524565820433923,3.0720431085862985e-15,0.0003125435413123343,2.3298327177086847e-10,101738006357.65215
243,216039.0,0.49255443,1876008787149259.0,2.343278436627655e-06,1.8006072085720544e-12,8924924171.021788,11114034.2,0.524565820433923,2.6255443651118217e-16,1.933599231717624e-06,1.5276839527483274e-12,7364565068.529216
244,190057.0,11.96465,4296385209566207.0,0.006481397952630059,4.422078990640242e-09,2327404671343.7065,580548411.02,0.524565820433923,2.784817798310975e-15,0.0002759989118533334,1.824477828995831e-10,99108427136.85974
245,128052.0,4.4448247,1965964451262621.8,0.0009642765697373404,6.84078238158534e-10,426503537313.6479,67911224.86,0.524565820433923,2.2608876254834384e-15,0.00018822909253026596,1.3614761665243378e-10,83254510489.00209
246,179213.0,10.415443,9900806345570656.0,0.007965504372730923,5.968566649647339e-09,7571921447719.999,611552961.96,0.524565820433923,1.0519792667856369e-15,0.00032992405278011626,2.342795213055059e-10,313622200738.0544
247,303757.0,0.3622989,368116737958488.9,4.879023561846954e-05,2.8580010647369215e-11,49573714908.041626,14146156.04,0.524565820433923,9.841956712135569e-16,1.5594849400498017e-05,8.756404754669085e-12,15845273309.593891
248,351760.0,5.603874,4578286128845716.0,0.004554282362405085,3.4504068133433606e-09,3720784544164.608,438905717.46,0.524565820433923,1.2240113095362296e-15,0.00020967745688022082,1.4113925816204483e-10,171303529016.9552
249,329757.0,23.77869,1.43034415241287e+16,0.0292357564184418,2.1114594259437745e-08,17585995374213.322,2532292096.7,0.524565820433923,1.6624453604321278e-15,0.0006022251819175647,4.3618149648292316e-10,362252616688.121
250,317710.0,3.286398,3342106328281066.5,0.002284241166889609,1.9157822950018725e-09,2322961753014.057,78551912.59,0.524565820433923,9.833313716533612e-16,5.713495341036799e-05,4.2020355579747484e-11,58103458363.48329
251,316288.0,19.157537,1.171836030920154e+16,0.01605817130082285,1.2020516776400688e-08,9822527666783.143,1493753422.68,0.524565820433923,1.6348308547021753e-15,0.0005809627373210246,4.5804070728441786e-10,355365654893.3078
252,207267.0,30.113665,1.0355371699938314e+16,0.011693786392125542,8.926421167969127e-09,4021214444344.14,809774542.83,0.524565820433923,2.908023571976599e-15,0.00048152094743127594,3.752239285785107e-10,165583577819.48224
253,267465.0,0.3749506,464551548798511.94,0.0007736851719144178,5.37674679696221e-10,958570662095.982,33079304.84,0.524565820433923,8.071237755417017e-16,0.00012590365744471712,8.026337311497143e-11,155990519992.07532
254,14374.0,1.02982,1301757511116875.0,0.0012555285254268879,8.045614488810171e-10,1587067340307.9624,41644821.74,0.524565820433923,7.910997180392225e-16,0.0001854330046791181,1.3762627574841748e-10,234399027645.62024
255,230035.0,13.738543,9315014583568266.0,0.014891329588951722,1.1043674223283501e-08,10096627589243.41,1291520703.15,0.524565820433923,1.474881534188348e-15,0.0004802125190855107,3.577635546632946e-10,325593959890.3309
256,293511.0,3.4950566,6528583018762374.0,0.0013459113917988865,9.260688717294567e-10,2514092120069.5415,135614635.78,0.524565820433923,5.353468876715853e-16,0.0001969700347952361,1.5313407662201174e-10,367929728053.39185
257,278888.0,2.2453413,1404278122461532.0,0.0005448895590361385,3.8885001082905257e-10,340784043348.8488,81195687.59,0.524565820433923,1.598929203614014e-15,0.00013031749063701915,8.84148857413103e-11,81502977331.62059
258,258443.0,2.5172582,2120699392601830.2,0.0008348550596457351,6.276229876231636e-10,703335326468.01,35922174.79,0.524565820433923,1.1869943513831266e-15,9.016920805973349e-05,8.019466101883625e-11,75964310996.649
259,260823.0,7.9553123,2439930576693575.5,0.003586315640843823,2.515930817989451e-09,1099939368787.478,546338007.14,0.524565820433923,3.2604666608098688e-15,0.0002600506937146015,1.9528582645444896e-10,79758734183.77705
260,248736.0,2.0873656,2902199214122692.0,0.0002869155194586562,2.927212772032276e-10,398917178232.944,3294992.0,0.524565820433923,7.192358091210466e-16,3.3548344754865536e-05,3.423257048912365e-11,46644430560.07433
261,242536.0,20.213785,1.0811346209789196e+16,0.01996570223284074,1.4884165066334038e-08,10678659101242.168,1840070284.23,0.524565820433923,1.869682517584842e-15,0.0005161965858433438,3.7877828170437903e-10,276087828274.79156
262,114402.0,41.401905,5911460355981069.0,0.0235112749644559,1.711238789142075e-08,3356994560297.4375,1536560015.85,0.524565820433923,7.0036678767727125e-15,0.0006676765814652603,4.895924444816658e-10,95332416272.84666
263,244327.0,0.7661128,448412767311226.75,0.002342772436345551,1.8912328395719846e-09,1371245946239.4746,258255265.53,0.524565820433923,1.7084990790823522e-15,0.0001738003661900723,1.2673094291782627e-10,101726929980.80032
264,252408.0,4.1576858,1252200732977259.2,0.005349246677655915,4.2229819668304454e-09,1611071863736.53,497657196.64,0.524565820433923,3.3203029598254564e-15,0.00036259552197273577,3.1299524566368797e-10,109205553336.55363
265,56931.0,10.744529,5729989648148985.0,0.003637978485183149,2.7005423756089147e-09,1940111014665.0605,412215663.83,0.524565820433923,1.875139338771914e-15,0.00022170895656311188,1.6736694115935877e-10,118235990242.89888
266,321545.0,2.1585064,1041642542651333.6,0.0051427654239638845,3.676887377311338e-09,2481773161514.418,508770741.06,0.524565820433923,2.072214134520532e-15,0.0003223865339876449,2.3193148506013525e-10,155575878292.24924
267,91915.0,9.958928,1.0794267225966766e+16,0.03047497991889484,2.6173240052484156e-08,33031173330153.8,1025861484.94,0.524565820433923,9.226126972327248e-16,0.00034634392120270585,2.531943232704557e-10,375394704887.0304
268,317325.0,15.7938595,7249267871144984.0,0.011032912574679744,8.122429142525717e-09,5064027488200.547,1169146526.44,0.524565820433923,2.1786833899276842e-15,0.0004774423643665471,3.649607919569843e-10,219142609969.7738
269,160020.0,9.968419,4959266542119795.0,0.0010837717069068708,8.615308976367885e-10,539174042078.21765,109224570.57000001,0.524565820433923,2.01005913179635e-15,9.992211836186771e-05,8.072144119302322e-11,49711034258.26548
270,273623.0,0.5739933,5758862160403019.0,0.0001660751221659204,1.354101882937652e-10,1666228049744.8796,8042586.0,0.524565820433923,9.967130381183331e-17,7.745635345052533e-05,5.7579043332981155e-11,777117891391.8196
271,106199.0,0.6037936,603651826917368.2,1.1444633648069439e-05,8.96047996491216e-12,11441946403.633795,6978698.9,0.524565820433923,1.0002348590301726e-15,4.131331299884241e-06,3.0820090141392235e-12,4130361247.2474504
272,86943.0,15.562849,5537161646502565.0,0.0054566168149644415,4.029888791419134e-09,1941429191241.4038,601161314.87,0.524565820433923,2.810618507016127e-15,0.00031120833972112086,2.3785636316591697e-10,110725927031.45364
273,104940.0,9.73146,6355606240232308.0,0.005224766576580177,4.027215984812146e-09,3412289528793.2305,339423846.9,0.524565820433923,1.5311615654220105e-15,0.0002828934299794517,2.1365084260770836e-10,184757400112.43173
274,115652.0,5.5597477,2895818529450432.0,0.002276432020746752,1.6454988131441853e-09,1185689420171.483,186125852.99,0.524565820433923,1.9199226897187953e-15,0.0002089083460258335,1.6444742825864524e-10,108810811573.05954
275,315449.0,0.8805725,1243100080504017.5,6.981424810591692e-05,5.0129931957309614e-11,98556447584.7165,15255862.95,0.524565820433923,7.083681465477583e-16,1.499021146837462e-05,1.0706661016955985e-11,21161611432.4587
276,121813.0,2.4728422,1883212484710257.8,0.0011579733665155042,9.656427098575041e-10,881863752076.0381,87628501.86,0.524565820433923,1.313097815608662e-15,0.00015959624732591379,1.384313190392768e-10,121541781144.41225
277,223732.0,2.5930994,4102541898008448.0,0.0002513487384958838,1.7808222588139572e-10,397658774935.8671,20923224.6,0.524565820433923,6.320713997482398e-16,0.0001296870049408682,8.547500847534764e-11,205177777372.18268
278,352645.0,6.052124,6717460495515355.0,0.00417933407983567,3.2728048497627716e-09,4638786577878.631,410194791.61,0.524565820433923,9.009541632645938e-16,0.00026519409897356487,2.0316609849207973e-10,294348047643.88684
279,342601.0,6.084438,3961945863873804.5,0.006216210774326467,5.276142964312918e-09,4047751093249.7837,211846853.5,0.524565820433923,1.5357196208761222e-15,0.00018585313584965887,1.5061501042481897e-10,121020226168.38766
280,118069.0,0.2891022,197055366250794.7,0.0002099407740570849,1.8714308809830086e-10,143098032885.23645,26027564.3,0.524565820433923,1.467111530634777e-15,0.00011225579946972564,8.548294825989186e-11,76514836892.56793
281,44801.0,12.806196,4744240917509148.0,0.0029636437503513364,1.9843448884760664e-09,1097924781514.9071,170281400.48,0.524565820433923,2.69931401517518e-15,0.0003455510745295846,2.5208563142248764e-10,128014403877.038
282,336012.0,2.266438,1306681468285124.0,0.007025687125339983,4.719102452994258e-09,4050556498192.8213,96684211.94,0.524565820433923,1.7344992295440228e-15,9.398827381169938e-05,7.226637984002488e-11,54187555814.83173
283,338889.0,14.530105,1.9934271783328788e+16,0.015351834472084176,1.1339880113921666e-08,21061626240085.793,1646138243.55,0.524565820433923,7.28900717213641e-16,0.0005057008024849295,3.758168385991771e-10,693785574005.2845
284,253359.0,6.276193,2418084854550240.5,0.001649636823932978,1.2483148107743148e-09,635570292287.1708,235920476.58,0.524565820433923,2.595522232476561e-15,0.0001962661500583724,1.5392559461884376e-10,75617210133.12291
285,2.0,7.508417,9476375579559772.0,0.005745728826731726,4.381968775561697e-09,7251686252962.928,275487993.12,0.524565820433923,7.92330035567122e-16,0.00027570363472031187,2.0925113113591556e-10,347965648586.03766
286,231678.0,0.23516776,145700499764388.1,0.0007120616172281577,5.463062410426255e-10,441164781657.0647,60252484.37,0.524565820433923,1.6140490964704253e-15,0.00015011052308175202,1.1873625669368357e-10,93002451666.4401
287,221711.0,0.13655485,274686146548697.75,0.00025342023400683607,1.811392857098877e-10,509766057645.0199,64166538.83,0.524565820433923,4.971304585824494e-16,8.578514595465573e-05,6.637591255030459e-11,172560631668.53458
288,351699.0,5.0398664,3502757429683868.0,0.0034541205780846446,2.641292177513031e-09,2400648262801.158,261331140.77,0.524565820433923,1.4388282663509644e-15,0.00014643488631046027,1.2002723957780795e-10,101773706935.73886
289,14371.0,16.818258,4213351617785712.5,0.004107684146347697,3.142505857234875e-09,1029067198479.5806,188174741.71,0.524565820433923,3.991657835772719e-15,0.000351878619303055,2.911357566967721e-10,88153502574.68578
290,148800.0,1.4551126,1543172265825609.8,0.0004946234869381555,3.465510784178887e-10,524556826096.4253,58782648.86,0.524565820433923,9.42935945794427e-16,0.00015783019758140425,1.1186701750831126e-10,167381674529.79187
291,169687.0,1.8345792,1888817606589282.5,0.0001224427427682118,5.977394011829656e-11,126062700558.07947,15795441.4,0.524565820433923,9.712844657948614e-16,3.8657133085578175e-05,1.8291538105623957e-11,39800011682.40932
292,140247.0,7.9810143,5378197409193005.0,0.0009660579077751915,7.304701843320875e-10,651001231350.6255,184268538.0,0.524565820433923,1.4839571129088669e-15,0.00011557732963651532,1.0957103025612194e-10,77884548435.47299
293,234151.0,0.7600695,1457645547319776.5,0.00012943318642910016,8.643323377655628e-11,248224284586.85474,9893650.41,0.524565820433923,5.214364365860865e-16,1.6979988944668003e-05,1.1472825929351673e-11,32563871170.642086
294,334105.0,0.6918722,1897719936700756.0,0.0006785833889961479,5.030872832728801e-10,1861270370470.087,93835477.71,0.524565820433923,3.6458077223072283e-16,0.00018999905632065644,1.3237086269037967e-10,521143929665.1021
295,183665.0,3.908216,1804076691982685.8,0.0010052179884148982,7.272113729900941e-10,464019988470.7087,67237228.92,0.524565820433923,2.1663247562412987e-15,0.000128398182043286,8.931482640901002e-11,59270052504.06888
296,271628.0,8.201607,3900067289789036.5,0.0046774731447839285,3.1448903038559007e-09,2224254345622.5664,584412890.51,0.524565820433923,2.102939870158918e-15,0.0002945518896703245,2.2044610270167434e-10,140066719857.31357
297,309683.0,14.251042,1.5687661366508354e+16,0.01935755169061581,1.5293987014838294e-08,21308948202318.27,1329854792.76,0.524565820433923,9.084236118472446e-16,0.00044411952693049916,3.365458007798938e-10,488890338316.28296
298,308481.0,5.887982,4442706371941114.5,0.0022186268666136853,1.6477168405678431e-09,1674038357668.955,253420743.56,0.524565820433923,1.3253142357520722e-15,0.00026642294464124895,2.106445265744237e-10,201026245288.96176
299,81218.0,3.5038266,4319324024999714.5,0.00040256157838862493,2.050343509876457e-10,496255692868.98883,26428431.8,0.524565820433923,8.111979049777892e-16,0.00013436423363812706,9.873454007752235e-11,165636810467.1153
300,376477.0,5.4028,3926764402861338.0,0.005535503569360434,4.269819680937803e-09,4023213587043.0938,127657658.76,0.524565820433923,1.3758910506734529e-15,0.00012133109650971657,8.980919908756661e-11,88183651205.76155
301,300739.0,12.972716,7628602069216916.0,0.008334080077040782,6.0050105603378435e-09,4900853492879.424,622462237.94,0.524565820433923,1.7005364655665757e-15,0.0003152715189201154,2.4479442630215827e-10,185395329829.09305
302,184210.0,2.295886,3478221812408188.0,0.0002570508613602166,1.909507600748004e-10,389426963220.91705,8494005.04,0.524565820433923,6.600746369336394e-16,9.230707437931321e-05,7.428714032299843e-11,139843389238.71317
303,249981.0,5.2670975,5058416270515693.0,0.09400175990181955,8.708156106800724e-08,90277431117322.9,154024537.76,0.524565820433923,1.0412542618725668e-15,0.00028457056138250845,2.1624241068300932e-10,273295939140.4973
304,214606.0,1.4842151,4257120839609221.5,0.0009553979712773112,6.817961304430716e-10,2740333671073.023,22088990.9,0.524565820433923,3.4864293402022435e-16,0.0001103028819508085,7.724363761053735e-11,316377792829.1814
305,48222.0,17.524004,4787959103716220.0,0.00448621197161549,3.131440870285789e-09,1225735822172.6653,937083457.28,0.524565820433923,3.660015388685877e-15,0.00028035638277573043,2.0462570450226644e-10,76599782515.22926
306,108833.0,0.3445725,878486663095569.8,8.111474545495706e-05,4.218606821052871e-11,206801825631.96936,10063904.2,0.524565820433923,3.922341846213256e-16,6.206859145594527e-05,3.447077516530809e-11,158243707176.79315
307,185174.0,7.9481654,3619820932017227.0,0.007275246649821949,5.744927143272747e-09,3313354564641.2563,529535781.49,0.524565820433923,2.1957344159482233e-15,0.00035774192596005637,2.882255193608847e-10,162925863602.4823
308,306999.0,0.40768993,643061341060480.9,0.00034756501296898915,2.612147379748992e-10,548224537568.3957,12557108.7,0.524565820433923,6.33982956163518e-16,8.6453191453053e-05,6.524607562150082e-11,136365166622.48384
309,7314.0,15.738102,4254842806359608.0,0.001237471432067949,9.982031361801333e-10,334554091771.03033,135421497.27,0.524565820433923,3.6988680231562605e-15,0.00016872293915222593,1.4623275395906314e-10,45614749727.74343
310,276158.0,6.836503,9735037743204488.0,0.010555424856941479,7.304063570586998e-09,15030704934655.06,1135632584.56,0.524565820433923,7.02257472475872e-16,0.00028904257417917517,2.056606228575012e-10,411590599613.17255
311,162785.0,0.7904812,729227795643794.0,0.00019090360761741772,1.6703901759612843e-10,176110724661.5066,5868389.0,0.524565820433923,1.0839976269721437e-15,3.844643825657134e-05,3.3801167662754107e-11,35467271606.45281
312,221376.0,1.178176,573577637801906.8,0.0004001384629935162,3.0379344204439525e-10,194801518956.00214,43256432.7,0.524565820433923,2.0540828692608475e-15,0.00010734219699096,7.971252858770115e-11,52257968068.04908
313,120375.0,4.740829,2373026378917846.5,0.0015240690639126025,1.2719360199495485e-09,762874191825.3612,92568059.0,0.524565820433923,1.997798693734675e-15,0.00023835050675601613,1.9496102241154037e-10,119306568526.40385
314,369904.0,0.6653306,2479723065212614.0,6.663433746709836e-07,8.145832756279463e-13,2483497731.087746,46808611.86,0.524565820433923,2.683084290071536e-16,4.05924294486089e-07,4.962293526557672e-13,1512901760.0683215
315,227855.0,1.5242546,986822461653750.9,0.0005976704818917708,4.412084814531661e-10,386939725291.44464,131565890.95,0.524565820433923,1.544608740913337e-15,0.00015702151463465116,1.2001892969273485e-10,101657792342.80608
316,372416.0,2.5122252,3490299343158428.5,0.0012343334236826426,1.00634255045315e-09,1714891299521.2458,87803774.19,0.524565820433923,7.197735646727213e-16,0.00015755574610061093,1.2638088352192112e-10,218896266594.96866
317,346681.0,0.50637245,697009462375217.6,6.44999267709891e-07,3.606913267840797e-13,887825932.9054734,1788230.6,0.524565820433923,7.264929349372406e-16,4.05924294486089e-07,2.269977342329837e-13,558744999.3868909
318,339317.0,4.4790287,4369503926791595.0,0.0005650290132880259,3.576756725118127e-10,551212474328.0189,25217737.0,0.524565820433923,1.0250657225724994e-15,8.957693168269842e-05,6.579914201296743e-11,87386525283.37074
319,325415.0,1.6039952,810224600209938.1,0.0004907301328858167,3.3983213725069734e-10,247882054589.92688,62250883.19,0.524565820433923,1.9796920503085034e-15,0.00012647063012117076,8.2479548147602e-11,63883991503.35646
320,216038.0,0.3263854,514765659971174.5,5.405887796156411e-07,4.671269477231591e-13,852601065.8315517,7904234.36,0.524565820433923,6.340465679437061e-16,3.362133329031579e-07,2.9052454269315066e-13,530265992.9120674
321,60019.0,6.980253,2638312830140520.0,0.0006137269221166404,4.1541574634077444e-10,231969186908.12268,33466159.25,0.524565820433923,2.6457260565375116e-15,0.0001058954128715202,8.761974900382392e-11,40025085972.092896
322,192375.0,9.2335005,1.5399667509080476e+16,0.07013754446212936,5.358689782379626e-08,116975665363330.06,1061066037.97,0.524565820433923,5.995908999045226e-16,0.0002505733456823268,1.7142689505071348e-10,417907185919.97894
323,217180.0,1.7348017,3521322686153504.0,0.0003441291596553265,1.9450016262029421e-10,698517771144.2422,12504606.85,0.524565820433923,4.926562699923989e-16,4.123874728392565e-05,2.4417627906390916e-11,83706936855.91765
324,281156.0,0.1265545,735910089892072.5,0.0,0.0,0.0,1189260.4,0.524565820433923,1.7197005685648403e-16,0.0,0.0,0.0
325,248327.0,0.45782462,359502958483127.75,0.0001407712085889598,1.2745018787448735e-10,110539415632.51128,7117965.0600000005,0.524565820433923,1.2734933307134013e-15,3.360481657520944e-05,3.044411873117387e-11,26387901502.699097
326,53997.0,1.1623169,1518559168890199.5,9.084567413708551e-05,7.988851194402447e-11,118689258854.34726,17969367.8,0.524565820433923,7.654077126605807e-16,1.2039842838689106e-05,1.1042545584780196e-11,15729973241.10864
327,308023.0,1.3917613,1202717474424631.0,0.00019800711970421991,1.4417507282455068e-10,171111686270.30725,48907800.56,0.524565820433923,1.1571805761496945e-15,2.2199841565913577e-05,1.5342291583795706e-11,19184422918.48647
328,65010.0,25.597206,2.7796040774746336e+16,0.2931884842302949,2.925489792827137e-07,318373773385710.56,3597546452.45,0.524565820433923,9.208939577918574e-16,0.0007011743514282606,5.579505143698146e-10,761406180913.114
329,334397.0,4.967638,2467566993161212.0,0.0014200028000557641,1.0263615392165574e-09,705355752495.2711,83353543.02,0.524565820433923,2.013172494918136e-15,0.00013086857589945393,8.732621993829012e-11,65006141416.002014
330,253732.0,16.729858,9855340917509866.0,0.009358012731215717,7.52588392674812e-09,5512683118800.441,728052823.31,0.524565820433923,1.6975422910308725e-15,0.00046920519740780374,3.6929912607848314e-10,276402655702.2434
331,359318.0,9.371347,9224257042609738.0,0.007087908329834027,5.369711304431865e-09,6976658566676.033,580554363.12,0.524565820433923,1.015945995076981e-15,0.0003298596929240578,2.6127378835497785e-10,324682310400.8235
332,308240.0,5.9665055,5368758190105363.0,0.0021706786944233874,1.6022863905132866e-09,1953211811968.124,153684760.78,0.524565820433923,1.1113380950917638e-15,0.00016100787667840195,1.301865059104892e-10,144877492627.5765
333,306868.0,2.977145,965438034432473.6,0.004431557989301093,3.2098444325398546e-09,1437079697046.7922,484770497.04,0.524565820433923,3.0837245828522752e-15,0.000310957395383189,2.369167729747054e-10,100838251610.51529
334,134921.0,0.46506387,1788865406919201.8,0.0,0.0,0.0,2797050.1,0.524565820433923,2.599770045310098e-16,0.0,0.0,0.0
335,119301.0,6.231313,3281966288511567.0,0.0037606388855895064,2.8501364480816775e-09,1980688507505.636,336709151.9,0.524565820433923,1.8986523480794244e-15,0.00028164605357564255,2.282799699221844e-10,148339981176.93356
336,209423.0,1.360525,2937384653780046.5,0.00022951556466343815,1.3663840683092415e-10,495525989927.4509,13694467.84,0.524565820433923,4.631756342327092e-16,6.744961281244467e-05,3.972282652614815e-11,145624268263.11975
337,361998.0,5.9618163,3273114097628424.5,0.007413850993888562,5.2583592025193715e-09,4070299885927.9106,187781256.01,0.524565820433923,1.8214508025613003e-15,0.00019687224263151287,1.4140973434572533e-10,108085402226.99054
338,339161.0,0.37081704,365792864558326.9,0.00031575957838159775,1.6327801956818553e-10,311481372829.9384,39210146.64,0.524565820433923,1.013735028559782e-15,3.453444140904351e-05,1.6802873807505705e-11,34066536556.507027
339,340161.0,0.94373566,553113042794651.06,0.0002066836608330906,1.389622867947104e-10,121135009923.5716,13586773.24,0.524565820433923,1.7062256482539168e-15,6.378967700332629e-05,4.1625791743489395e-11,37386424866.25735
340,79241.0,2.130202,905980354714462.0,0.000508135885677165,3.2408962057999074e-10,216111490811.17435,55379425.24,0.524565820433923,2.3512673193353915e-15,0.00012473321477789225,8.556950115437542e-11,53049355023.20906
341,214226.0,4.2318573,2883970928277378.0,0.0012925589528193862,8.623527323790501e-10,880866763398.6055,65472872.699999996,0.524565820433923,1.4673716917554805e-15,0.00013620708627486145,8.514960812795454e-11,92823847591.00197
342,163346.0,20.520285,6432414952479492.0,0.011561860172339436,8.34189651705398e-09,3624251917116.809,1256367892.95,0.524565820433923,3.1901370094430993e-15,0.00044218176007044635,3.1965769491020684e-10,138609018597.4921
343,164755.0,4.7009716,5194462050773279.0,0.0016333466733884415,1.1423245968573401e-09,1804809310201.5415,75170425.39,0.524565820433923,9.049968127691269e-16,0.00016446641002247105,1.3439539717913118e-10,181731479826.1372
344,101629.0,18.792255,4161446497738487.5,0.0030012668634079574,2.149844270452418e-09,664614836139.0167,157090703.16,0.524565820433923,4.515798775789269e-15,0.0002593764720434703,1.939807210407202e-10,57437561973.326996
345,287647.0,7.2690554,5483055316556119.0,0.002094824511902711,1.468638056330912e-09,1580128097144.5393,176549948.98,0.524565820433923,1.3257308161840065e-15,0.000182936753152302,1.4005619497978912e-10,137989364748.1685
346,298333.0,30.762798,7.668190735957405e+16,0.06191917725932543,4.811694679700469e-08,154344888081397.44,5331222605.85,0.524565820433923,4.0117413688926893e-16,0.0007097779975161694,5.436762465240074e-10,1769251634763.4856
347,230296.0,13.413485,1.0158598573790744e+16,0.027377519071276005,2.24068958725818e-08,20734151206147.645,2334989351.09,0.524565820433923,1.320407032777817e-15,0.0004816871768387836,3.7070606022006595e-10,364802038221.0706
348,173364.0,6.237929,4717865880445960.0,6.465335775004144e-05,7.075371147682835e-11,48898580055.20532,21048595.41,0.524565820433923,1.322192948691953e-15,1.55209544976689e-05,1.7689183392598956e-11,11738796907.836937
349,81225.0,14.087618,6405799597313714.0,0.06180292732235929,4.6919627251012056e-08,28102491631614.22,1471626468.61,0.524565820433923,2.199197428203604e-15,0.00044224826110477074,2.980735493841516e-10,201095297508.60864
350,275070.0,4.217871,1.1474032610718376e+16,0.003955430890901179,3.065587358490221e-09,10760106942967.9,176157252.82,0.524565820433923,3.6760144781703943e-16,0.0002726175547730215,2.3900016897222073e-10,741611754773.9017
351,72742.0,5.1486654,2596018194475005.5,0.001232768840632617,9.120439806461627e-10,621576678854.3168,122230303.77,0.524565820433923,1.9832932646457117e-15,0.00017582263786584924,1.31846029016476e-10,88651860519.10359
352,145964.0,5.24019,3169385869366841.5,0.0010964165259878399,8.215583688311132e-10,663137604630.0118,136772912.84,0.524565820433923,1.6533770944863997e-15,0.00014420043130927566,1.1651849703945704e-10,87215694344.71309
353,227009.0,10.076677,4831306531767545.0,0.009727927244443295,7.47473961353153e-09,4664096947499.492,1109290301.89,0.524565820433923,2.085704339756191e-15,0.0004253351292440277,3.2752924415039215e-10,203928774149.143
354,149696.0,3.1296237,2016536280642395.5,0.002074503213808365,1.6654870857754636e-09,1336681785402.4485,238331276.13,0.524565820433923,1.551979862719363e-15,0.00015746213866016563,1.3313792376805195e-10,101458880003.93388
355,190377.0,0.5687853,2467288498912943.5,0.0,0.0,0.0,2133884.0,0.524565820433923,2.305305197388144e-16,0.0,0.0,0.0
356,328394.0,11.964223,6110492893350312.0,0.009599845142634516,7.3146233409055184e-09,4902933146710.131,1042871778.04,0.524565820433923,1.9579800204039117e-15,0.00037088558074748515,2.7565105770809655e-10,189422556350.1793
357,316867.0,0.472665,561448690039542.06,0.0008013120036863419,6.419491315739859e-10,951827562401.8224,27616198.85,0.524565820433923,8.418667785416168e-16,0.00013921729894548755,1.1085686813791278e-10,165367374617.93726
358,33424.0,0.62512213,1074753196964528.4,0.00027853320467897724,2.6393514600341967e-10,478873547780.9849,13937602.28,0.524565820433923,5.816424940773001e-16,8.4856050275063e-05,8.648929913151963e-11,145890389954.5305
359,376331.0,4.959043,6863081559866375.0,0.014789981360510405,1.1072571254140452e-08,20468636457898.5,280367957.37,0.524565820433923,7.225679830179016e-16,0.00016977453464587258,1.382347235652139e-10,234959946518.50833
360,122991.0,0.14563243,154845800149861.75,2.955268930314445e-05,2.148039707738859e-11,31422326893.30023,18370737.02,0.524565820433923,9.404997091238836e-16,1.5058019556218963e-05,1.0838354676235017e-11,16010658387.386599
361,95453.0,6.454662,3173386827332730.5,0.000569864605873766,3.7641712848538656e-10,280169718204.13947,52806174.34,0.524565820433923,2.0339978550378053e-15,0.00011097315635166174,7.192396784759211e-11,54559131454.73751
362,279685.0,5.34508,7894662636387695.0,0.004336083230442422,3.159136055011478e-09,6404378282016.555,485037596.27,0.524565820433923,6.770498305226771e-16,0.0002778436530426209,2.0337405262679694e-10,410374008702.0298
363,285461.0,10.407091,4853877710550153.0,0.0057382733320404155,4.15993666650761e-09,2676336454003.8457,975922516.3,0.524565820433923,2.1440777087110478e-15,0.00033559051406040707,2.4998709154770254e-10,156519753317.22168
364,301349.0,3.900527,2788803092754498.5,0.0005926227704996436,4.589008618115796e-10,423714081509.02313,56529530.23,0.524565820433923,1.398638365732538e-15,0.00014476408166819155,9.958675411939065e-11,103503582637.94032
365,398763.0,6.9171476,4725661868382467.0,0.003364124948875894,2.8818759185777523e-09,2298305300204.513,85234968.34,0.524565820433923,1.4637415440744706e-15,8.558719353235207e-05,5.6662131431808355e-11,58471520384.74741
366,220465.0,1.6199223,1132101168771582.2,0.0008403220938395194,5.946580491146913e-10,587268676145.9503,187584282.48,0.524565820433923,1.4308988849095013e-15,0.0001354045521069227,8.839863446470008e-11,94629015044.26465
367,20174.0,7.18898,8130859061777069.0,0.0060888578480433175,4.4694379515407356e-09,6886602134048.9795,399483428.07,0.524565820433923,8.841599571926151e-16,0.00029880332962086705,2.248715706257681e-10,337951664956.2229
368,67834.0,8.6655245,2608069600714453.0,0.0011227152063711947,7.970929155678025e-10,337904462678.1179,84203724.6,0.524565820433923,3.322581766079468e-15,0.00016773469422756877,1.376993840420813e-10,50483240454.753334
369,320335.0,26.65922,2.682593847067122e+16,0.038171272204647035,2.847049991272156e-08,38409983469475.24,4559112741.32,0.524565820433923,9.937851765799922e-16,0.0006180645227381506,4.676818924831345e-10,621929706040.8519
370,256852.0,2.6821744,2723301252567910.0,0.0011611549932919229,8.374333442993782e-10,1178959447102.8342,132535150.52,0.524565820433923,9.848981626512566e-16,0.0001461884925770813,1.0562223784389696e-10,148430059188.61206
371,133878.0,1.8314314,2227689860967411.8,0.00035725297194636434,2.911719118107424e-10,434550168466.802,44752099.79,0.524565820433923,8.22121351849521e-16,0.000123462269357923,9.406509574890435e-11,150175237609.59467
372,101630.0,4.32611,2295255788730007.5,0.00111553854423802,8.041036878530337e-10,591858806459.7897,50536681.69,0.524565820433923,1.884805179989847e-15,0.00011919633730903995,1.023133294912836e-10,63240667297.87003
373,201253.0,1.609412,4197372447338087.5,0.00040089234759968235,3.5267289999085456e-10,1045533706821.8641,14225132.9,0.524565820433923,3.834332121326678e-16,8.115492515348742e-05,6.719267261435634e-11,211653353401.75964
374,315141.0,0.27250814,2042261924824629.5,0.0,0.0,0.0,2475117.6,0.524565820433923,1.3343447120447123e-16,0.0,0.0,0.0
375,330809.0,0.128427,211200184384148.0,2.3632711789245968e-06,2.879859671531171e-12,3886435942.1197844,4015718.1999999997,0.524565820433923,6.080818554893238e-16,1.1247946481836152e-06,1.4619844424048471e-12,1849742165.515681
376,249293.0,2.013915,2064507556940695.2,3.4493699023937734e-07,2.725862270599527e-13,353602323.34411997,4477940.1,0.524565820433923,9.754941284808537e-16,4.05924294486089e-07,3.2078140366780716e-13,416121719.8900405
377,175775.0,0.8899722,2454340235390588.0,1.1886440984875616e-05,1.0240979518567407e-11,32780091743.063385,8727266.9,0.524565820433923,3.626115838248352e-16,8.027521853556461e-06,7.079675623154503e-12,22138073386.63034
378,336751.0,14.235988,1.5653947758821028e+16,0.02286685679679475,1.837754718896385e-08,25144484647322.44,1934563119.16,0.524565820433923,9.094183920460573e-16,0.0004695691004311518,3.65785085035813e-10,516340008667.1775
379,327327.0,6.13554,5895795394362269.0,0.01329369524344752,8.84510933948888e-09,12774247611518.055,289539389.38,0.524565820433923,1.0406636576749224e-15,0.00015335484667764555,1.0722908897954462e-10,147362546531.38837
380,196466.0,4.0807824,2013116688268017.5,0.0005733164341971645,4.1603975514963293e-10,282826372055.66864,35605329.69,0.524565820433923,2.027096801582275e-15,0.00017553123029020667,1.37807705528261e-10,86592426248.80748
381,297080.0,15.5151205,8935450811287620.0,0.009941881617846838,7.600764172693144e-09,5725717319947.016,1181053348.12,0.524565820433923,1.7363556498347769e-15,0.00040917947083729663,3.116623455558794e-10,235654182296.25488
382,89983.0,21.013084,4138506402196858.5,0.007788228928022638,5.679056682364336e-09,1533884092425.294,481163389.74,0.524565820433923,5.077455960644533e-15,0.00035898941574917954,2.7825515298103644e-10,70702615351.41103
383,81220.0,0.38204548,1156888551043830.8,0.0,0.0,0.0,4658578.6,0.524565820433923,3.3023533654584983e-16,0.0,0.0,0.0
384,340479.0,2.380754,2135119205783882.0,0.00027509206618953216,1.3909256332856402e-10,246709384455.53006,18524397.6,0.524565820433923,1.1150450024292374e-15,3.3839125762381804e-05,1.7012512897992792e-11,30347766851.25701
385,65009.0,11.367663,1844241361893215.5,0.003216647547877281,2.9442673008534934e-09,521855235717.98956,351330666.08,0.524565820433923,6.16386945596452e-15,0.0002330471860997118,2.1349093848304635e-10,37808585623.79217
386,25413.0,1.8215543,3653393819144964.5,0.00010696062718911497,8.275942450718438e-11,214525196566.78995,12605574.2,0.524565820433923,4.9859237469951e-16,6.259557657784499e-05,6.504484315271141e-11,125544592645.58525
387,333380.0,0.6118218,772159590663942.9,0.00010026956784089052,5.1833828642702304e-11,126546828602.82597,12331590.4,0.524565820433923,7.923514871762764e-16,6.0413221010928037e-05,2.904052679141984e-11,76245481946.6853
388,356356.0,3.9689722,3173622705815559.0,0.0026496942545524336,1.8875024422554474e-09,2118717246171.8516,253306865.19,0.524565820433923,1.2506124917517729e-15,0.00016786830114913853,1.1619425753597347e-10,134228869658.89813
389,132233.0,4.0239024,4822583976405768.0,0.000598488486808407,4.690434056651003e-10,717279073802.9727,25323576.5,0.524565820433923,8.343872122676816e-16,0.000127971651774936,9.662747646265223e-11,153372019481.38333
390,256055.0,6.503721,3177235820742001.0,0.006551820539734316,4.930297956830965e-09,3200733689209.156,672918476.36,0.524565820433923,2.046974592676329e-15,0.0003406890287873636,2.644624778336432e-10,166435396905.4045
391,281035.0,43.34617,1.9500360813104548e+16,0.07457133059406082,5.682348261437827e-08,33547781797041.992,5733323636.94,0.524565820433923,2.222839383098527e-15,0.0010409031990048648,8.123336467848011e-10,468276388712.30444
392,153751.0,8.867359,4072673992292392.0,0.007774805980075455,6.307812689187893e-09,3570877203705.485,988828872.13,0.524565820433923,2.1772818096370185e-15,0.0003684614424694495,2.938456028975709e-10,169230019209.53763
393,53996.0,3.0070894,4920281050058737.0,0.0009937660883283651,7.21628903310859e-10,1626026965674.2004,68605991.04,0.524565820433923,6.111621204979951e-16,0.00011837685650819127,8.818855115709365e-11,193691415972.79276
394,355525.0,3.1940677,4192975427239176.0,0.002940444750340955,1.8773982694382994e-09,3860034833743.21,121889665.06,0.524565820433923,7.61766376986164e-16,9.56966705855153e-05,6.198723172921264e-11,125624697383.11046
395,207968.0,1.3699821,995460754737433.0,6.619553067202588e-05,4.839946837043404e-11,48099207225.42271,6849737.7,0.524565820433923,1.3762291416112656e-15,2.3824452790991083e-05,1.6781813359266966e-11,17311399730.35146
396,193735.0,6.6309447,2544516486624323.5,0.001854019277064076,1.3154677639241295e-09,711449549113.0927,123905638.3,0.524565820433923,2.6059743510630288e-15,0.00021050864149224494,1.6948924498182777e-10,80779245354.57315
397,267896.0,10.015029,5476121800123122.0,0.0041337555515555255,3.1432980806715997e-09,2260297887530.1504,330408312.73,0.524565820433923,1.828854317991033e-15,0.0002786600079208175,2.290029087130718e-10,152368619621.33817
398,320501.0,1.6052262,1621788777121267.2,0.0007756331567502301,5.797514205641508e-10,783636068723.9368,67130247.01,0.524565820433923,9.897874634755665e-16,8.253207203467098e-05,6.223403191884035e-11,83383630405.72935
399,51230.0,2.2309332,1420249750971798.2,0.0009496936372980374,6.295872366945966e-10,604591007867.0392,62976581.55,0.524565820433923,1.5708034438826665e-15,0.00014630037991662632,9.069510630410304e-11,93137292566.02931
400,289012.0,1.9914167,2198757599495000.0,0.0008071274095278491,6.555114197522747e-10,891163323808.659,71204259.8,0.524565820433923,9.057008832885349e-16,8.83399019822952e-05,7.772159216065465e-11,97537612706.68011
401,234769.0,0.67930007,385188124266604.56,0.002515681360427239,1.836140506248382e-09,1426483857826.5244,138585305.25,0.524565820433923,1.7635540329634578e-15,0.00024683014171001673,1.8972677719698003e-10,139961768733.1337
402,112781.0,3.7105856,1369001155912275.2,0.00038992550002639204,3.1232295059692054e-10,143860974466.0796,79947204.19,0.524565820433923,2.7104327735408953e-15,7.663631746454234e-05,5.125506141536087e-11,28274568627.07023
403,119300.0,42.543243,3.637766267213667e+16,0.06266521094888784,4.871806175350072e-08,53583454020581.55,5353741881.58,0.524565820433923,1.169488083482225e-15,0.0009633616838076969,7.703011551121266e-10,823746472849.2369
404,171738.0,17.016968,6869601929588674.0,0.012759297382751491,1.0184624059089831e-08,5150817344238.138,1226608958.78,0.524565820433923,2.477140331334877e-15,0.0003902297048405858,3.0902346101331444e-10,157532336745.04807
405,20170.0,0.4554115,1279283825670184.8,7.444043146070665e-06,8.85865053515991e-12,20910855334.920612,5599276.2,0.524565820433923,3.559894144377393e-16,4.016501509339785e-06,4.82265034541951e-12,11282643096.799862
406,265787.0,0.17163028,2772909216286377.0,0.0,0.0,0.0,2879623.3,0.524565820433923,6.189538373342641e-17,0.0,0.0,0.0
407,220680.0,0.22421403,1837031164806618.2,4.137372196425086e-06,3.1390166772390666e-12,33898332166.08832,7398066.199999999,0.524565820433923,1.2205238228693998e-16,1.9761833587446354e-06,1.5037184356243816e-12,16191272318.623917
408,271042.0,0.86710113,2045276529805750.2,9.764833550837564e-05,8.566408141219096e-11,230328207264.44925,35764403.45,0.524565820433923,4.239530045760378e-16,1.5329293652951285e-05,1.3601192519492843e-11,36158002154.69852
409,164754.0,4.05464,3868822637439198.5,0.000799562869093729,5.489168625735587e-10,762920241502.4893,90317646.19,0.524565820433923,1.048029434268353e-15,0.00012055036143718864,9.40932067946886e-11,115025740208.66779
410,342841.0,1.4046785,2599596481826886.0,2.872140957899062e-06,2.3243329497679114e-12,5315385356.482145,7080748.9,0.524565820433923,5.403448226752683e-16,1.4835015791892329e-06,1.2196354080979795e-12,2745471996.6490264
411,268423.0,1.9122576,2402848631994273.0,0.0010495945195273474,8.87184519028876e-10,1318868731595.0388,99817711.72,0.524565820433923,7.958294062047923e-16,0.00017486908950265905,1.2266547207596516e-10,219731877383.85687
412,230297.0,1.1571401,1295884556696792.5,6.320244240603668e-06,5.553011023231661e-12,7078059870.148949,8438422.7,0.524565820433923,8.929345550266823e-16,4.144989470990857e-06,3.6078792547515025e-12,4641985739.780222
413,356504.0,10.890882,1.0363975067881908e+16,0.03015147109724571,2.0740080391239143e-08,28692726145762.71,783477656.47,0.524565820433923,1.0508402353987693e-15,0.00037610092035609167,2.8466759596673027e-10,357904948522.80774
414,160683.0,0.5292776,4456512456413021.5,2.07109825722041e-06,1.5699073662247283e-12,17438628012.517548,14697413.5,0.524565820433923,1.187649771377521e-16,8.487652260818575e-07,6.697303076492324e-13,7146595288.755867
415,330668.0,7.9073124,4747602163308535.0,0.011329068001757923,9.891999185748805e-09,6802046641462.58,393353865.39,0.524565820433923,1.665538123878836e-15,0.00024838225095563714,1.9053191614773901e-10,149130330548.77487
416,275775.0,9.902291,4435031926339533.0,0.005629335350583098,4.294385060446276e-09,2521263211100.1167,426733179.19,0.524565820433923,2.2327440172844226e-15,0.0003734965876685072,2.9186559971238867e-10,167281419086.62366
417,369374.0,8.366062,9785353367505292.0,0.01978093417406143,1.6078559950024715e-08,23136743527905.07,553083055.11,0.524565820433923,8.549575764715453e-16,0.00020186549127121717,1.7219905326629045e-10,236111705219.72168
418,93647.0,2.0285218,1057594310190569.5,0.00011670652491502657,8.236172210593239e-11,60846354578.11991,26688321.34,0.524565820433923,1.918052868149865e-15,4.204167519205645e-05,2.9729884632966807e-11,21918934503.932335
419,291808.0,0.13529179,416675932556619.25,1.6255780239469534e-06,1.0551975373546363e-12,5006506596.384327,4048795.4000000004,0.524565820433923,3.2469307543126724e-16,3.995936666374323e-06,2.5938481375046416e-12,12306812090.361946
420,371893.0,1.7621323,2171809438408200.8,0.0002673137335022013,2.240750296125236e-10,329461351702.26166,60432799.24,0.524565820433923,8.113659830539883e-16,0.00011692102141377989,9.70455709644722e-11,144103923329.0114
421,357180.0,1.3036182,1169822604339883.8,0.0001090854649838375,7.273103028578382e-11,97889583578.24397,17645974.21,0.524565820433923,1.1143725511575454e-15,6.343810407629753e-05,3.9768744059145314e-11,56927195497.055016
422,145965.0,1.8082633,2744762359952923.0,5.688582910811585e-05,4.3176436405821824e-11,86346984175.73964,30409906.4,0.524565820433923,6.588050486203164e-16,1.3341410110307354e-05,1.0900919481569287e-11,20250922694.42564
423,81224.0,6.6335607,2488355016289374.5,0.004698874976223498,3.6833717427678966e-09,1762623370281.7188,479593691.28,0.524565820433923,2.6658417535179288e-15,0.00026659197663437694,2.1432760662071837e-10,100002926386.22446
424,147996.0,4.217517,4284072922599032.5,0.0004045973098191277,2.9012353618058485e-10,410982191548.3771,66606212.45,0.524565820433923,9.844643348044004e-16,0.00011062859562903192,9.070433615310851e-11,112374406789.4672
425,272656.0,7.5499377,5732947591313551.0,0.0043436129918118585,3.397684702633767e-09,3298266373642.5327,249125298.66,0.524565820433923,1.3169382032097269e-15,0.00028435402507837114,2.190917804588686e-10,215920552980.6373
426,409177.0,3.6993933,5701344975043571.0,0.005120874835021906,3.887378756634701e-09,7892070845367.866,119199176.62,0.524565820433923,6.488632622992136e-16,0.00014547614739922357,1.1612678155537152e-10,224201547308.65225
427,229814.0,2.849232,1798251640635651.0,0.0003738460245882439,2.416250507301916e-10,235947520967.37836,45201244.3,0.524565820433923,1.584445655777545e-15,9.021653489680331e-05,7.074966822117897e-11,56938863486.94666
428,60020.0,0.3295472,1022007760213507.5,0.0,0.0,0.0,1868577.9,0.524565820433923,3.224507805411911e-16,0.0,0.0,0.0
429,324537.0,2.5756755,3936695820755627.5,0.001296428100825744,9.029447116274645e-10,1981477513930.1755,138407281.12,0.524565820433923,6.542734357122906e-16,9.38046245484414e-05,7.095818692752643e-11,143372204079.04645
430,149697.0,1.23314,1554877292477360.0,0.0012149188192877689,8.125891220688842e-10,1531902042196.3098,86464370.71,0.524565820433923,7.930786602685917e-16,9.422855891781694e-05,6.257908864052872e-11,118813635567.88249
431,290093.0,2.073343,5767218754645702.0,0.000134850490846828,1.1638164857509201e-10,375100636935.1357,20289528.8,0.524565820433923,3.59504830353426e-16,9.900965662383732e-05,8.466711067309512e-11,275405636487.5593
432,267122.0,3.849802,2499599084753509.5,0.0006106029393782537,5.693576941296068e-10,396452219729.1408,50245360.91,0.524565820433923,1.540167790699778e-15,9.323757037290494e-05,9.374969483657779e-11,60537281026.077225
433,313928.0,0.984655,864712655431550.5,0.001879960137819872,1.4555734706863094e-09,1650959293234.3667,92313997.55,0.524565820433923,1.1387077473829616e-15,0.00016748825976451814,1.4178420202749322e-10,147086256459.96396
434,342314.0,0.54803056,499733908559533.6,0.0002040830873124582,1.8411477365025824e-10,186097722166.35382,17770704.36,0.524565820433923,1.0966447355547273e-15,8.25590324090434e-05,7.422387076771908e-11,75283297983.71913
435,168374.0,1.3476021,717626080211260.5,0.0015744086562399892,1.051962335874236e-09,838405277513.4303,103386856.66,0.524565820433923,1.8778610994785502e-15,0.00017436647839380256,1.1673423331114637e-10,92853767747.90273
436,285779.0,1.4454978,2766686263709863.5,0.0018448965229363164,1.2488940010249873e-09,3531136379435.5103,185351273.7,0.524565820433923,5.224653835746901e-16,0.00018180991779605441,1.2388649417879194e-10,347984619673.972
437,53993.0,21.054728,4944096954274406.0,0.014605165441469848,1.0847721329257474e-08,3429602794006.4053,1576708752.26,0.524565820433923,4.258558882385425e-15,0.0005172256206950245,3.9633037807258594e-10,121455552213.78116
438,294571.0,7.245109,3590997119727943.0,0.005872071677501573,4.4707199357081024e-09,2910458970423.2437,779774795.57,0.524565820433923,2.0175758315698386e-15,0.0003273632619865307,2.6867332807103566e-10,162255741203.94543
439,300979.0,0.23459083,142319415881872.2,0.0006543208313881327,5.00433792046822e-10,396957368378.38043,22085156.49,0.524565820433923,1.6483403093413118e-15,7.949884272497368e-05,7.928884999625105e-11,48229629691.42092
440,173904.0,7.265915,5965444039770723.0,0.003781840498963118,2.8585116333015457e-09,3104957581241.051,212010606.21,0.524565820433923,1.2180006972757152e-15,0.00022154289710007264,1.712206404291771e-10,181890615986.99777
441,303524.0,3.633546,4391478507509987.0,0.0015854534569859355,1.3176522333422827e-09,1916168057597.4944,133501285.57000001,0.524565820433923,8.274083531972601e-16,0.00013165726684487183,1.1134655220431101e-10,159120060047.8876
442,205036.0,1.4549481,2690032494538440.0,0.0014054361376024328,9.175253457268577e-10,2598490543510.894,38489366.46,0.524565820433923,5.408663660955673e-16,8.221269381397579e-05,7.33427079672081e-11,152001860288.44208
443,62935.0,4.231064,5474005804120965.0,0.001841386721389917,1.049531600504063e-09,2382323122628.18,481808296.49,0.524565820433923,7.729374340112596e-16,0.00015959948116636743,9.363992771301841e-11,206484346783.54898
444,308946.0,4.0422125,4126338327648617.5,0.00030651860731243887,3.080855218865421e-10,312897819570.5427,45454201.8,0.524565820433923,9.796124745552417e-16,0.00010562238156179946,9.847906631008066e-11,107820576304.67963
445,125548.0,28.553213,6480527299539407.0,0.006934029932067443,5.064469186637714e-09,1573769308224.1372,499632022.37,0.524565820433923,4.406001499604727e-15,0.0005039785356390699,3.877046855079271e-10,114384558353.93678
446,316199.0,4.2546697,4728249841336806.0,0.001254134624037422,9.328934137044533e-10,1393730243529.8176,96312288.99,0.524565820433923,8.9984028821901e-16,0.00016815078357875293,1.3193183405365617e-10,186867364998.2508
447,279002.0,23.47615,2.0903350340845424e+16,0.031836189261473045,2.4177563734472595e-08,28347195670926.96,2625191247.5,0.524565820433923,1.1230807319019714e-15,0.0005818900978125062,4.468679246887642e-10,518119562809.2182
448,254573.0,0.16548231,232346956576152.38,1.9925295294315142e-07,1.7771052739167749e-13,279762937.8339748,2807939.6,0.524565820433923,7.122206911531578e-16,3.362133329031579e-07,2.998633035234395e-13,472063416.6901193
449,208711.0,6.8246,4525719156790779.0,0.00028228982606532315,2.5914537949191473e-10,187199905282.503,27542799.330000002,0.524565820433923,1.5079592355526045e-15,0.00011316928859913974,8.403882990892622e-11,75047976053.32341
450,261179.0,5.823847,5706947216435809.0,0.0028721665434094136,2.1423884471170394e-09,2814514677334.486,240084083.36,0.524565820433923,1.0204837681392117e-15,0.00021244238776439828,1.5415079598957584e-10,208178115514.5404
451,194527.0,2.2813811,2161189166938099.5,6.326134656462677e-05,4.4850603020131435e-11,59928495454.52451,3830109.54,0.524565820433923,1.0556137958215774e-15,5.851457418853985e-05,4.289045545338059e-11,55431801308.54422
452,260335.0,0.15230075,166647149034181.25,0.00011339452312008872,8.414753008856398e-11,124076040295.62122,14133536.5,0.524565820433923,9.139115243355372e-16,8.737605298742911e-05,6.363805687752722e-11,95606686928.42691
453,273107.0,0.2667909,176455993247866.06,0.0007184581881406458,4.558611523035379e-10,475189570541.64844,39986953.05,0.524565820433923,1.511940144901972e-15,0.0001509689623208123,9.613215932298648e-11,99851150080.15117
454,335946.0,1.9351168,1892861904031860.0,0.001787859050666615,1.4377523371698634e-09,1748819650981.9988,109286241.34,0.524565820433923,1.022323285115589e-15,0.00013206340344864222,1.0325781324977913e-10,129179688432.61794
455,218260.0,14.484527,5543566636239009.0,0.007598641615155536,5.6111571110749965e-09,2908177542733.258,768393585.86,0.524565820433923,2.6128534119735805e-15,0.00040312431928201097,2.864713623231502e-10,154285088261.99973
456,278556.0,3.2369971,1571443447829885.5,0.0028493053139532,2.129598743881122e-09,1383233295599.3784,339256108.24,0.524565820433923,2.0598877449075195e-15,0.00021994864538474104,1.6295320937640246e-10,106777005654.07065
457,175774.0,2.228022,2183738397272749.0,1.2491464714819079e-05,8.196827816425265e-12,12243187516.069458,6089261.2,0.524565820433923,1.020278803900026e-15,6.921165329987734e-06,5.185730199630904e-12,6783601995.387446
458,20169.0,0.2562875,580619308164570.8,0.00032155557018235495,3.054810835643456e-10,728484115283.5897,15944354.0,0.524565820433923,4.414036812006222e-16,0.00010416928738831089,1.0304913578855591e-10,235995511195.03452
459,266139.0,1.2871845,2286722038630643.5,0.001857678311383898,1.497380692515786e-09,3300221479770.5522,66996472.58,0.524565820433923,5.628950428845318e-16,0.0001528995154175259,1.299096702174168e-10,271630594993.33804
460,366390.0,12.802881,7828742813244610.0,0.014026924877422948,1.0018305175260587e-08,8577224714191.044,1103644850.14,0.524565820433923,1.6353687054759518e-15,0.0004867703342040226,3.7247469360475195e-10,297651736011.63824
461,81221.0,2.183833,3556624574683866.0,0.0004265291694258307,3.589913414690492e-10,694652075410.257,36584902.3,0.524565820433923,6.140184194712516e-16,0.00011473717160442488,1.0641580309390633e-10,186862751940.28912
462,261181.0,7.42498,4887022022122429.0,0.01750209164872743,1.2076762180209586e-08,11519641442877.424,333377427.15,0.524565820433923,1.5193260775967073e-15,0.00018244331851099063,1.1533531595984913e-10,120081739661.56244
463,72746.0,3.9840345,4830267036896414.0,0.0010918414495771382,8.73334624341155e-10,1323755043639.7197,61641547.18,0.524565820433923,8.248062621730034e-16,0.00012073024713569742,9.906774340708397e-11,146374067065.91446
464,350725.0,1.8162326,1781395966223450.2,0.0001493201276020275,1.3132411833741266e-10,146456061292.05185,40927693.24,0.524565820433923,1.0195558059168638e-15,1.957301043329949e-05,1.6663284429757803e-11,19197586164.200123
465,152334.0,0.62197787,1514260585478934.5,8.324145625653689e-05,7.175092802964355e-11,202658747789.76083,5043663.54,0.524565820433923,4.107469189678996e-16,5.891614457519748e-05,7.020391662127336e-11,143436607444.892
466,212835.0,0.15385124,677723598588096.9,0.00017799347074741456,1.1856488913118725e-10,784071519476.3654,13792135.3,0.524565820433923,2.2701177931610857e-16,3.382138083193661e-05,2.247164618831918e-11,148985136074.55203
467,79239.0,4.520757,2555879545647190.5,0.0015700031626710918,1.0823465991545526e-09,887625450797.8293,174254181.95,0.524565820433923,1.7687676274490745e-15,0.00012733517258445794,8.257397933631281e-11,71990899544.05225
468,141152.0,0.1673248,104938042389376.2,0.0002957714028231558,1.7784735162316408e-10,185493555091.7831,27829140.54,0.524565820433923,1.5945104005193425e-15,8.804182508137312e-05,7.031400683636444e-11,55215585331.20719
469,287412.0,4.8418217,3827068773810057.5,0.0020772469862227676,2.498290609557822e-09,1641895874948.1016,73946453.07,0.524565820433923,1.2651514739254868e-15,0.00011541027609168233,8.317612566508179e-11,91222496649.81982
470,227570.0,3.7169664,5452023238543484.0,0.0032112340837933224,2.417654475719694e-09,4710218216996.551,257756725.68,0.524565820433923,6.817590896756692e-16,0.0002336709240510494,1.9134899962619582e-10,342747060640.1637
471,270409.0,3.1653404,1803876980382278.2,0.0001614982434253954,9.700792503135667e-11,92035271684.28532,36753352.38,0.524565820433923,1.7547429422427685e-15,2.295229213758463e-05,1.3406998282840367e-11,13080145008.732101
472,328014.0,3.6866093,5181004622781101.0,0.002325334848183609,1.7741918963444015e-09,3267927143229.7603,153117694.69,0.524565820433923,7.115626347426559e-16,0.0001792924614946427,1.4022126348761782e-10,251970034316.77618
473,53995.0,25.814365,5674642254262171.0,0.024616374794476578,1.928832961474289e-08,5411294082015.617,1777951791.13,0.524565820433923,4.549073552717983e-15,0.0006803447300297725,5.572251398069768e-10,149556766261.40277
474,259163.0,6.59372,1709319281950644.5,0.002847696518412337,2.001963744142596e-09,738220999385.1614,133474396.13,0.524565820433923,3.8575122094658436e-15,0.00025186724801845594,1.9219958779028626e-10,65292663857.39643
475,95454.0,32.22681,1.2259178558994812e+16,0.0314503660011425,2.36268587368505e-08,11963816851675.533,1959193147.45,0.524565820433923,2.6287903259516946e-15,0.000744381530555748,5.71184591061495e-10,283165044852.4309
476,320564.0,15.53936,4.2611127954762424e+16,0.014855809668536252,1.1368937749467631e-08,40736736046889.64,2154635792.72,0.524565820433923,3.646784477636257e-16,0.0004099960359188217,3.1788294501702713e-10,1124267250870.1956
477,296963.0,0.10488544,75493509397498.44,0.0002561082293668054,1.825638268534346e-10,184339304106.2669,41158265.63,0.524565820433923,1.389330564138213e-15,5.409216978622967e-05,4.12808208955338e-11,38933980999.534454
478,309794.0,11.653091,1.1607290794596306e+16,0.012785750790486348,1.0216349286014314e-08,12735498886296.746,1041038388.29,0.524565820433923,1.0039458135592689e-15,0.0003837196859767796,3.211919892940745e-10,382211550458.4714
479,33423.0,22.200157,3010334673060222.0,0.009806513204668755,7.108741616504022e-09,1329760267994.378,640060074.28,0.524565820433923,7.374647476465446e-15,0.0004246472666761452,3.219681598821024e-10,57582042806.96981
480,37438.0,61.936623,9825720061269022.0,0.042439444796955036,3.1355598489786674e-08,6732658061298.568,3410452808.93,0.524565820433923,6.303520008079764e-15,0.0008291522444873149,6.332134731819886e-10,131537972977.72026
481,205405.0,5.5271754,2316809484032188.0,0.002758556493464353,2.2216558088664918e-09,1156295826308.821,246520946.0,0.524565820433923,2.3856840357803067e-15,0.0002612697979365111,2.2746644841478153e-10,109515675176.59784
482,161984.0,1.7338637,1139872198371649.5,0.00016383843975471121,1.311773906480936e-10,107710244179.50714,10788681.96,0.524565820433923,1.5211035960670765e-15,8.773802152659021e-05,6.960076404329985e-11,57680503651.06178
483,107541.0,11.905597,4387128119375039.5,0.0018800564435036097,1.1360661106839886e-09,692787475445.9534,157276421.86,0.524565820433923,2.713756397361833e-15,0.00012680222709726232,8.683541830563902e-11,46725722036.264046
484,193279.0,0.27677667,480981898914799.8,0.00041576391469235824,2.631813242186259e-10,722513632341.1265,15407105.75,0.524565820433923,5.754409274537537e-16,9.931049687151326e-05,6.742584600834842e-11,172581566818.59326
485,210670.0,8.292011,7722251739717699.0,0.0033853054153084976,2.3199239640336274e-09,3152694880993.5,186314185.79,0.524565820433923,1.0737814926897384e-15,0.00026668928384705667,1.785837429449924e-10,248364574787.9496
486,255420.0,5.8007417,2403693458769566.0,0.0004420457815537511,3.538871069742036e-10,183173567890.02206,41849425.95,0.524565820433923,2.4132618403718416e-15,0.00011113698469256867,9.36269098519817e-11,46052601020.46962
487,158736.0,3.0100822,2848230143950926.0,0.0010350221233252357,7.97763987232128e-10,979369005707.2292,67964308.38,0.524565820433923,1.0568254838510208e-15,0.00017412153765873666,1.2813502822660117e-10,164759026272.00684
488,76888.0,4.476817,2168874074140311.5,0.00031413433742618095,2.0324362010349e-10,152187998803.8127,28228916.4,0.524565820433923,2.0641202978898165e-15,0.00010893334622113826,7.455153186175179e-11,52774708108.09941
489,377331.0,3.2092614,4956190973464508.0,0.00027181052350659093,1.7956256936615545e-10,419767882758.3283,67433558.05,0.524565820433923,6.475257747698615e-16,6.269006703711929e-05,3.956545115721803e-11,96814782483.98698
490,350914.0,20.93072,3.0130920385088844e+16,0.03487766844273494,2.652092111289235e-08,50208318254965.52,3510097660.41,0.524565820433923,6.946591651530888e-16,0.0005677375935534749,4.532327787626515e-10,817289430606.3854
491,298730.0,1.6581461,1373228035321773.5,0.0008119764885715622,6.096166443305588e-10,672455146219.3824,80627672.07,0.524565820433923,1.207480518420573e-15,0.00013967074689816647,1.0828536795367771e-10,115671221827.13202
492,340234.0,8.835087,7625686413144650.0,0.005621015838165308,4.2306493839765014e-09,4851576912051.695,493800158.55,0.524565820433923,1.1585956360296518e-15,0.00019483873065806389,1.5645469230191315e-10,168168017036.3402
493,363647.0,0.9027598,4500541516050049.5,0.0,0.0,0.0,6326188.04,0.524565820433923,2.0058915061232836e-16,0.0,0.0,0.0
494,112782.0,5.2713957,2091304713875633.8,0.0021897407790329917,1.544899366155246e-09,868729170408.7777,152420563.59,0.524565820433923,2.520625361299444e-15,0.00018352310048933582,1.4134747759766097e-10,72808559061.20264
495,119303.0,7.87109,7535420604955604.0,0.005186127580132289,4.114592184549013e-09,4964960714114.232,273650897.6,0.524565820433923,1.044545541999825e-15,0.0002648762632668204,2.1797845713685663e-10,253580387466.5953
496,156531.0,1.990062,2273041772918435.5,3.1818940285477677e-06,2.2013500581605957e-12,3634348097.6415815,2610694.4,0.524565820433923,8.755061273884517e-16,1.1015570221056755e-06,7.492924894576017e-13,1258194531.8778193
497,79243.0,8.032506,3857374281874372.5,0.01029532581113233,8.374919964575396e-09,4944026808990.776,536263999.79,0.524565820433923,2.0823766150317283e-15,0.0003207221172484396,2.4287948354517637e-10,154017344861.29584
498,333618.0,3.7425122,4501568546619011.0,0.0003765571822208569,3.0318715235482117e-10,452930512154.08,32780182.23,0.524565820433923,8.313795871909771e-16,7.182011536410407e-05,7.231494029192339e-11,86386671588.56546
499,305606.0,0.73615086,1439924885739846.5,0.00023098712838370895,2.028448764796505e-10,451815154362.90784,5613772.9,0.524565820433923,5.112425427815e-16,3.354665998853078e-05,2.9459512091836044e-11,65617895971.67442
500,314127.0,8.078519,2.0486797738319356e+16,0.0035639122059134823,2.6451894005835807e-09,9037937339712.523,276750085.93,0.524565820433923,3.9432804985864643e-16,0.00029408330539138346,2.1542836434325347e-10,745783378830.9064
501,228140.0,25.040012,1.2648592080032276e+16,0.0360928155127853,2.7043938614040412e-08,18231752462462.168,2722027812.9,0.524565820433923,1.9796679220550928e-15,0.0006680725788134705,5.124973075461514e-10,337466991999.317
502,318081.0,9.422559,5569312645149872.0,0.0033761601859212385,2.753557749516506e-09,1995518586352.465,285751810.4,0.524565820433923,1.6918710800345876e-15,0.00026695605125814887,2.0074951435406116e-10,157787466437.86322
503,338684.0,2.7365675,5296790203689545.0,0.002308252275097933,1.6816048722765523e-09,4467760447488.628,161335281.8,0.524565820433923,5.166463829535498e-16,0.00018017837168539283,1.3328754600244086e-10,348746023644.5556
504,246194.0,0.6924565,813073995547237.2,0.0002738525751124415,2.39972927331295e-10,321554361086.3248,2471952.0,0.524565820433923,8.51652498778963e-16,3.4459453739534345e-05,3.112151620251338e-11,40461871231.446846
505,138052.0,12.099518,5844554556069364.0,0.003082608193397021,2.366068355549729e-09,1489023923208.785,191240385.47,0.524565820433923,2.0702207300700234e-15,0.00030500437091469853,2.270846253271277e-10,147329396563.61282
506,98493.0,15.082031,2928401806806139.0,0.003803310249724235,2.86904672442346e-09,738469547446.0142,482687166.53,0.524565820433923,5.150260106023229e-15,0.0003182405102984322,2.5138162519800157e-10,61791153018.902855
507,195946.0,1.2979661,2173482231777032.8,3.595299588257915e-05,2.4852734039825207e-11,60204344111.867485,4875688.300000001,0.524565820433923,5.97182751725919e-16,5.837938554967253e-05,4.0514375596052064e-11,97757990131.07823
508,132234.0,8.225706,3641008331067100.5,0.012201999454368992,9.170280336106844e-09,5401066081018.907,811008378.8,0.524565820433923,2.259183515130608e-15,0.00040594249262883785,3.250038147139767e-10,179685488102.26666
509,382147.0,6.0273995,4508335241889949.0,0.006008582661055439,3.923484354149408e-09,4494260744562.415,338263108.65,0.524565820433923,1.336945718675801e-15,0.00033246726259779987,2.2799848198052334e-10,248676709872.03378
510,25414.0,1.7315265,1563389965634898.5,0.00038162294509699695,3.155078565190639e-10,344566186553.1269,25397088.44,0.524565820433923,1.10754612608558e-15,9.640497554020151e-05,7.801981900203839e-11,87043756706.48349
511,89984.0,3.7269802,3851145979941435.0,9.570742643649756e-05,1.0378623035353501e-10,98895956187.65515,18265548.34,0.524565820433923,9.677587449065425e-16,3.471267202685958e-05,4.426708402707869e-11,35869138056.935684
512,326213.0,0.57656056,324910393901490.0,0.0031937397553951797,2.540679371395346e-09,1799774930744.996,272382574.83,0.524565820433923,1.7745217476016114e-15,0.00023478282739614615,1.936328314545888e-10,132307664143.01282
513,176836.0,0.81575733,1148821463368262.8,1.0047977442636942e-06,8.290079929413453e-13,1415044857.7080474,5846116.1,0.524565820433923,7.100819022028519e-16,1.1247946481836152e-06,9.513930596105715e-13,1584035087.634568
514,145966.0,21.68154,3.9411286581569784e+16,0.040264470111931155,3.067446555663815e-08,73190122594445.33,4410797061.26,0.524565820433923,5.501353008389001e-16,0.0004947030186408394,3.8495108974507027e-10,899238819771.187
515,215670.0,2.229422,1861770529686420.0,4.412034165902022e-06,2.4820514896255448e-12,3684450582.2791686,4731522.5,0.524565820433923,1.197474105670533e-15,1.9041445805602935e-06,1.0712031491433013e-12,1590134243.0231977
516,33426.0,2.9471319,5134105087552808.0,0.0013562127631562581,1.0624200993130325e-09,2362615275931.3545,72092584.05,0.524565820433923,5.740303031866382e-16,0.0001385846400285202,1.3051428298686568e-10,241423909607.54086
517,318599.0,4.2285113,3673107415084062.0,0.0020621105056081346,1.4661984586191296e-09,1791257691299.5322,209603153.86,0.524565820433923,1.151208179383784e-15,0.00019933813766208816,1.4995905162220983e-10,173155595340.5312
518,178180.0,0.83391947,1362503223762968.2,0.00022050750126023977,1.5734984499473625e-10,360277211576.5488,6064269.3,0.524565820433923,6.120495390072377e-16,6.987482186494027e-05,5.2755883189611363e-11,114165304295.92232
519,298980.0,1.0363551,2518932081429550.5,0.0006029851632955259,4.1371006465066926e-10,1465596755833.1467,247462772.9,0.524565820433923,4.114263769318644e-16,0.00012222519613223033,7.616686239245015e-11,297076714049.55115
520,296432.0,1.635016,2561081439276802.0,3.5653756535413124e-07,3.2878862719079605e-13,558478780.0446022,2419697.5,0.524565820433923,6.384084375160267e-16,3.362133329031579e-07,3.1004620805853747e-13,526642997.0934047
521,247597.0,22.460987,6424490868086251.0,0.010276500423379584,7.37822572966702e-09,2939375866514.0864,1067966769.9,0.524565820433923,3.49615050611641e-15,0.0004197009858828382,3.306063911487693e-10,120046601297.22218
522,151069.0,0.69512457,1579085007159597.0,9.885126136060259e-07,9.129263158327373e-13,2245562183.959953,3002970.5,0.524565820433923,4.402071876107328e-16,7.030815020764572e-07,7.93860890099603e-13,1597160432.323925
523,243216.0,7.453207,5773562010537155.0,0.0034178414599266476,2.416066535767401e-09,2647601175047.3774,232625762.65,0.524565820433923,1.2909200570457848e-15,0.00019893046468068387,1.489108187172117e-10,154099755128.08105
524,225205.0,12.724451,3845390282185867.0,0.0052078052448161745,4.322174786835335e-09,1573823788541.6594,347217656.36,0.524565820433923,3.309014187440796e-15,0.000291936287569885,2.3839852814405077e-10,88224549981.65771
525,289776.0,15.49839,1.0115108987912324e+16,0.008380713691779009,6.443933635181658e-09,5469718621665.458,954923186.74,0.524565820433923,1.532201978102338e-15,0.00043995961515656454,3.39935160439803e-10,287142048792.7206
526,282843.0,20.096024,1.5741996921602568e+16,0.02206130791507014,1.5960094836567295e-08,17281480221438.854,2448043577.18,0.524565820433923,1.2765867062534137e-15,0.00054266372818946,4.043289035776439e-10,425089596759.2322
527,246946.0,6.7311387,6586808531528742.0,0.002653004977900991,1.959764669982284e-09,2596118814581.3237,348143979.8,0.524565820433923,1.0219120030255016e-15,0.0002550309792874977,2.0301725497654145e-10,249562563638.00974
528,229247.0,1.6530817,1334516030242907.2,5.817393951070128e-05,3.519988293990036e-11,46963229233.86792,12006164.94,0.524565820433923,1.2387125089078981e-15,6.0330612472203325e-05,3.231026917734657e-11,48704289363.633995
529,205035.0,0.8296729,3660484346445916.5,0.0,0.0,0.0,1492835.0,0.524565820433923,2.2665659007818365e-16,0.0,0.0,0.0
530,356930.0,2.3907795,2102376103441500.8,0.0009806088524179322,6.967078937929316e-10,862316503109.8243,84416898.95,0.524565820433923,1.1371797349134605e-15,0.00015634336574974308,1.0774448256551433e-10,137483425838.25662
531,178706.0,3.002805,5559540893525738.0,0.0008790097728997612,6.325539244162015e-10,1627441934539.537,55824195.78,0.524565820433923,5.401174409017949e-16,0.000191026219031897,1.5219876497114464e-10,353675339039.14374
532,329275.0,7.679838,8736471473481610.0,0.0067183219137404715,4.919535456349183e-09,7642664825620.0205,399027913.3,0.524565820433923,8.790548934213453e-16,0.00031841279452054345,2.49927646373293e-10,362221741672.1927
533,329088.0,4.354597,2239965532018728.5,0.0017825686648361599,1.3884266692662645e-09,916937288959.149,224523760.71,0.524565820433923,1.944046431855359e-15,0.00013412531693568998,1.1541520918780015e-10,68992856722.91452
534,246370.0,24.620527,1.2242636654793446e+16,0.022396968787531047,1.7236149581096168e-08,11136965144348.549,1751388748.07,0.524565820433923,2.0110477582751874e-15,0.0006266222188165941,4.990464553305754e-10,311589924325.8292
535,243759.0,6.454069,2372813853173689.0,0.0006896033954850925,4.138024204704206e-10,253530058324.8555,79627508.7,0.524565820433923,2.7200064562028516e-15,0.00012151319761977199,8.106471409208187e-11,44673863675.090416
536,182815.0,47.514614,3.55908784644105e+16,0.028168133668548274,2.2284916432045573e-08,21099374225508.2,2750569878.905,0.524565820433923,1.3350222318202338e-15,0.0007364861374499124,5.914035391594098e-10,551665822407.8798
537,213905.0,6.351495,6261036690231659.0,0.00608886485234286,4.7256747119410024e-09,6002146934285.647,327231503.92,0.524565820433923,1.0144478165907368e-15,0.0003178715253762165,2.77301203762721e-10,313344383198.03375
538,355589.0,6.606188,7946659673188842.0,0.00576770918244093,4.674671330931503e-09,6938043841135.662,548486316.82,0.524565820433923,8.313163356282331e-16,0.00017490996873747406,1.460540674599313e-10,210401217011.20316
539,247120.0,0.27630594,483463191281086.06,0.0,0.0,0.0,3322747.3,0.524565820433923,5.715139125025041e-16,0.0,0.0,0.0
540,98496.0,1.9405063,2374929816294678.5,0.0034983158671165124,2.5273138249385417e-09,4281488114535.7676,279189245.99,0.524565820433923,8.170794297523882e-16,0.000204815631487548,1.4831870442019295e-10,250667957152.72916
541,229577.0,1.9404601,2377528294794756.0,0.0007712789890026867,6.450182708681888e-10,945001455858.1138,51444168.42,0.524565820433923,8.161669849517031e-16,0.00011998544865855674,1.0333090068892006e-10,147010906923.2406
542,230726.0,0.83580244,1541160773089412.8,0.00038063613553598094,2.905044871696989e-10,701866198079.5353,7448947.5,0.524565820433923,5.423200840523273e-16,6.383219302972675e-05,5.198878630961948e-11,117702063609.29778
543,338378.0,4.026668,5528178348507036.0,0.0011766657272864918,9.263520586997652e-10,1615434398121.5906,98455489.47,0.524565820433923,7.28389669462719e-16,0.00014400654329891076,1.2700485439846006e-10,197705362028.4512
544,76891.0,17.701624,7155965183736764.0,0.00950620670565183,7.107310278684408e-09,3842928999906.9834,900926049.05,0.524565820433923,2.4736878318287754e-15,0.00037715970809407584,2.93840552842552e-10,152468594962.22086
545,343342.0,2.2572837,4613311644239644.0,0.0026087199156857926,2.017477160238068e-09,5331557554592.331,143162846.89,0.524565820433923,4.89297900092774e-16,0.0002157215554380677,1.6726068314015276e-10,440879789995.34955
546,203638.0,1.0913867,2132074870404012.2,2.2144346235893834e-05,1.286867269505726e-11,43260014192.10526,16184285.55,0.524565820433923,5.11889481532696e-16,1.503986973605876e-05,7.055906016228367e-12,29381087673.508125
547,29961.0,61.63882,1.373015049482901e+16,0.07861777704375567,5.6462639845242506e-08,17512241642193.646,5917949829.65,0.524565820433923,4.489304033718651e-15,0.0011440705941310296,8.731966063298566e-10,254843642920.60547
548,268038.0,0.8767224,1707501930020141.0,0.0,0.0,0.0,2436119.8,0.524565820433923,5.134532410101923e-16,0.0,0.0,0.0
549,9.0,1.0034349,4599218094425387.0,4.4799497909675577e-07,4.364920771968622e-13,2053373481.5019112,4408219.06,0.524565820433923,2.181751070287886e-16,4.05924294486089e-07,3.955016166523525e-13,1860543579.0276778
550,184681.0,0.6828965,3168130441011194.0,0.0,0.0,0.0,1463707.6,0.524565820433923,2.1555188863436926e-16,0.0,0.0,0.0
551,288412.0,0.448526,3289313302349508.0,8.25762484860302e-06,5.7156789474000194e-12,60558173350.75728,1444732.1,0.524565820433923,1.3635855230926906e-16,1.9041445805602935e-06,1.3179914674563495e-12,13964247554.063084
552,84846.0,15.61186,7065798552045722.0,0.009978638091982751,7.207181697514268e-09,4516248965960.495,340285787.4,0.524565820433923,2.2094969004572008e-15,0.0004526687183032063,3.3013443768405306e-10,204874113292.2783
553,287122.0,2.2743328,2601344432391749.0,7.494690767403631e-06,6.1973952420834525e-12,8572303974.2834835,13358988.8,0.524565820433923,8.742912978689694e-16,1.933599231717624e-06,1.5871048536445424e-12,2211618983.776519
554,232937.0,0.5686098,2625810975604389.5,0.00017806378030027972,1.0912538206846419e-10,822289430590.333,4415285.6,0.524565820433923,2.1654635664287361e-16,3.356305684608928e-05,2.0534030758806192e-11,154992479977.1219
555,81222.0,0.7811959,1395559623281067.0,0.00016875188324473614,1.4280487819168223e-10,301465118556.0428,4841492.2,0.524565820433923,5.597725005566935e-16,8.389271186808476e-05,7.129436142784467e-11,149869298303.60278
556,251123.0,1.5925114,4448345529674965.0,9.874043551990505e-05,7.719775171877941e-11,275810631523.9745,9915329.15,0.524565820433923,3.580008318545261e-16,1.6868001762049838e-05,1.3180576151373806e-11,47117213875.36932
557,143675.0,11.985606,3253734233293094.5,0.006379632929446259,4.70254342596438e-09,1731879894799.0781,499358597.37,0.524565820433923,3.683646278592768e-15,0.0003331333304050703,2.591896081839231e-10,90435754469.97978
558,238400.0,19.314175,1.2306420171581514e+16,0.02122138131770778,1.668289471921341e-08,13521635540584.164,1752526446.39,0.524565820433923,1.5694389376206313e-15,0.0005238965867018244,4.2731953567044237e-10,333811385803.95154
559,167974.0,0.31945968,1000840960148120.8,8.19445899561205e-06,5.954084615934408e-12,25672567533.60164,1376275.2,0.524565820433923,3.1919125287670197e-16,3.995936666374323e-06,2.9034430514873214e-12,12518941638.78571
560,193280.0,3.470541,6745431537301840.0,0.000801539387498617,5.810001182702352e-10,1557892289076.1907,65580414.64,0.524565820433923,5.145024422541556e-16,0.00017870190248810947,1.2434164696786913e-10,347329551450.0857
561,241562.0,4.4097114,1645111268739837.5,0.0010307135169229805,7.789640304047851e-10,384523672350.1825,83481141.1,0.524565820433923,2.6804943129335306e-15,0.00014673040153761552,1.12950581808801e-10,54740053291.52663
562,53994.0,4.136266,2474284197375440.5,0.0013568300268660706,1.016511915688988e-09,811645840475.253,104428525.21,0.524565820433923,1.6717020641313077e-15,0.00015509956002168502,1.1047987979757742e-10,92779427237.40178
563,328868.0,0.5582164,9782917591491630.0,0.00021974315421901546,1.822236885408416e-10,3851067738280.4673,23020071.2,0.524565820433923,5.706031915115898e-17,9.582592710724452e-05,7.910062386592262e-11,1679379444993.836
564,258607.0,1.3146726,3673448111459675.0,0.00021333390348995257,3.073670017683449e-10,596095959469.6709,12092002.02,0.524565820433923,3.578851694947731e-16,3.920065615622923e-05,5.6505645407234354e-11,109534173242.12914
565,33422.0,2.125385,929374932865690.9,0.0005549504566135652,4.898387977638217e-10,242665231644.6275,20280782.01,0.524565820433923,2.286897273467942e-15,0.0001463166111918199,1.310192339998416e-10,63980403881.429955
566,216835.0,17.208744,8059625688192945.0,0.008512758764503433,5.963324998895113e-09,3986906262059.655,1014318749.64,0.524565820433923,2.135179059892344e-15,0.0003914018520623259,2.6446000121362413e-10,183311020332.90848
567,239819.0,11.243894,5608120505688259.0,0.003907000316159579,2.9168294432998254e-09,1948695762231.9321,356724087.53,0.524565820433923,2.0049308834564866e-15,0.00024449614006046184,1.932896938936211e-10,121947415782.7088
568,37439.0,28.938564,5997372078336764.0,0.010989353598578961,8.007396989317537e-09,2277488351912.9385,949241041.92,0.524565820433923,4.825207377832969e-15,0.00045194737799378706,3.409695399220456e-10,93663824703.16943
569,51232.0,9.789219,1.2484403072703636e+16,0.01477812362880785,1.1668264598606812e-08,18846861229714.336,645158080.79,0.524565820433923,7.841159038996035e-16,0.00045705788223290216,3.83510261613523e-10,582895819304.059
570,343410.0,4.435778,2439370359737835.0,0.001122941589271238,7.083708597240765e-10,617540018590.9115,131390810.49,0.524565820433923,1.8184110429532003e-15,9.46332483416254e-05,8.177499050588586e-11,52041725498.94756
571,107540.0,10.23744,4742535077377457.0,0.001328938025232951,9.232693148380339e-10,615635862122.5616,108889045.96,0.524565820433923,2.158642968996475e-15,0.0001971778145275065,1.364102701591342e-10,91343412208.25967
572,227327.0,9.6232605,3550099951711024.5,0.0039052409003682057,2.994320124938593e-09,1440675489540.8977,215657286.81,0.524565820433923,2.7107012847235258e-15,0.0002509749612706192,1.8949460313800501e-10,92586727532.47212
573,20172.0,0.3234221,652680411627316.9,1.884821288680732e-05,1.668230723298128e-11,38036545262.06064,1129832.5,0.524565820433923,4.95529043369966e-16,1.4911099503332376e-05,1.3197619561600836e-11,30091272555.74327
574,261018.0,1.6668911,1387823321782744.8,0.0007631423193221616,5.032681409681731e-10,635378465092.6929,149766820.31,0.524565820433923,1.2010830729222617e-15,0.00015562234868618248,9.76112709187817e-11,129568347264.73154
575,236406.0,6.700059,2608213225455459.0,0.0021335002199477236,1.4425664643272213e-09,830533505776.5585,275651388.38,0.524565820433923,2.5688310045395172e-15,0.00020183145316593303,1.4350671167988254e-10,78569377592.08994
576,277364.0,11.541924,6864551419963735.0,0.008542040743428606,6.309228693358541e-09,5080372900973.089,1121245105.45,0.524565820433923,1.681380660422087e-15,0.00041572090692583864,3.2184818698529774e-10,247249725604.36002
577,173903.0,8.455232,6731533933070884.0,0.0045035326313487825,3.4295153358568635e-09,3585434761177.0244,334754513.26,0.524565820433923,1.2560631921441977e-15,0.00035339021130460416,2.864229172075737e-10,281347477989.0171
578,330473.0,0.51766145,1483112359782584.2,0.00014206524881644748,8.538330206233375e-11,407020314947.65826,11980000.1,0.524565820433923,3.4903724359487243e-16,3.887369319690927e-05,2.238585487268803e-11,111374055090.89445
579,154641.0,0.85667276,548953943915219.75,0.0014719587679730194,9.533410927589357e-10,943227809600.6891,186758639.95,0.524565820433923,1.5605548871551678e-15,0.0001904348634291938,1.1809626417849785e-10,122030224631.41255
580,296799.0,3.026129,4963349137591705.0,0.0010178930082469465,7.336564917470216e-10,1669511902712.3787,53221322.7,0.524565820433923,6.096949692860667e-16,0.0001420077495501644,1.1879230986680636e-10,232916059183.57983
581,197985.0,22.303288,7785944024206282.0,0.01996887185107501,1.487223157339163e-08,6971013352785.406,1499281465.54,0.524565820433923,2.8645579689064938e-15,0.000593512827655414,4.5515926956501287e-10,207191767140.94547
582,191514.0,3.2605083,825588854616930.4,0.005892459843562303,4.488039162918099e-09,1492021711192.3496,529652136.36,0.524565820433923,3.949312398982011e-15,0.0003987537302813778,3.084531244214566e-10,100967887570.5457
583,288727.0,0.8773708,1883059150184670.5,0.00045101481484983134,4.0883651444774144e-10,967991610812.4636,24128267.79,0.524565820433923,4.65928433482271e-16,0.00011483078468653708,9.802129895091857e-11,246455842645.8567
584,333330.0,1.0605019,2314939164589729.5,0.00027019284657669676,2.0916378377156122e-10,589796211145.2882,11855612.9,0.524565820433923,4.581122114230375e-16,7.390463858160334e-05,6.727805428697102e-11,161324314739.46698
585,292634.0,0.46082085,3973940461724976.5,0.0,0.0,0.0,2081971.5,0.524565820433923,1.1596068296402471e-16,0.0,0.0,0.0
586,286711.0,0.35084784,6086377425835872.0,0.00013014478620714624,7.35376877000486e-11,2257703193673.39,1769769.9,0.524565820433923,5.764477216130191e-17,5.8376563003414354e-05,3.2985397143105645e-11,1012694834495.3944
587,138053.0,7.531566,1853121274882373.2,0.0017943064511728175,1.178097057370126e-09,441484209037.9396,139853365.48,0.524565820433923,4.064259637015967e-15,0.0001630663318305887,9.96723814650371e-11,40122026246.90439
588,288290.0,2.0911608,2752105328281799.0,1.640472244035874e-06,1.3310524612601795e-12,2158969508.0882964,3207482.84,0.524565820433923,7.598403951005605e-16,1.9041445805602935e-06,1.544991900816693e-12,2505979667.3593416
589,279864.0,12.521278,5225199451354540.0,0.01132881508454177,8.544303316244619e-09,4727577996770.354,1118411607.74,0.524565820433923,2.396325368355859e-15,0.000425634472158433,3.3308768288616043e-10,177619649559.71933
590,142969.0,13.783242,4675656486371116.0,0.002058534021584661,1.5681183801334091e-09,698311612785.87,290860433.61,0.524565820433923,2.947873104060621e-15,0.00022794934484473658,1.7820178745482218e-10,77326715498.96164
591,251759.0,0.36765936,340592695187514.44,3.2206530335841996e-06,1.967511780725522e-12,2983552212.4944324,4868326.4,0.524565820433923,1.0794693051111502e-15,7.598476695630253e-05,4.3217452095846306e-11,70390854651.00702
592,25415.0,4.678835,2918451322877194.5,0.00043011106231742715,3.212418802445247e-10,268284348305.59546,83000398.3,0.524565820433923,1.6031910360551458e-15,0.00011020743782977456,8.009684104543722e-11,68742548674.02072
593,132951.0,1.1924134,846880051785234.6,0.00014304614786188967,1.1349494136893522e-10,101594739801.61197,15885344.1,0.524565820433923,1.408007423821563e-15,8.329268455639543e-05,7.152247475625996e-11,59156424282.427025
594,200462.0,0.38574794,1611711821325542.8,9.295778443758235e-05,4.602445231431988e-11,388391341927.27783,4163527.6,0.524565820433923,2.393405166456767e-16,3.378381130405163e-05,1.6767994644922754e-11,141153749384.04468
595,321282.0,9.325287,6599483907572887.0,0.0052555689762294215,3.94005462666023e-09,3719353933424.8247,530275585.97,0.524565820433923,1.4130327659863314e-15,0.0002915015532663193,2.2896933608084787e-10,206294970847.9294
596,152333.0,8.264819,3070087948256793.5,0.004046541184642609,3.051701062907636e-09,1503146931965.0005,373625388.01,0.524565820433923,2.692046331992799e-15,0.000269620315615381,1.9924662026467197e-10,100154411315.71957
597,377053.0,9.325337,6893265005893258.0,0.008187729374704541,5.600928967419609e-09,6052348389808.873,526058048.96,0.524565820433923,1.352818583360351e-15,0.00032199859501684216,2.1989018360257028e-10,238020529121.50986
598,72741.0,30.955055,4821866113465913.0,0.008460211382946227,6.155446271895214e-09,1317846360802.3633,759280672.53,0.524565820433923,6.419725117118566e-15,0.0004586471025654189,3.4923726587042643e-10,71443417622.72812
599,176837.0,0.7865915,737930733896722.0,0.001834387719947156,1.3214795449621073e-09,1720907327922.7393,108308733.76,0.524565820433923,1.0659421865333073e-15,0.00019752506118019716,1.497770019035262e-10,185305604446.14236
600,144356.0,10.09425,3935409110825056.0,0.0024886939177133863,1.6474826912742454e-09,970258188357.1501,241648074.62,0.524565820433923,2.5649811025323736e-15,0.0001762656832371121,1.2397469853248395e-10,68720070905.42975
601,167321.0,0.14431809,794729063724969.9,0.0,0.0,0.0,986522.6,0.524565820433923,1.8159407600316963e-16,0.0,0.0,0.0
602,354297.0,0.11183665,90451787653299.95,0.0014268052909013936,8.675949739007865e-10,1153978496273.0708,94754580.56,0.524565820433923,1.2364227717496069e-15,0.0001557227250354785,1.1747222322568347e-10,125946180055.48555
603,178181.0,1.0745895,1184389567388503.8,6.582607658838134e-05,5.0259972380870686e-11,72552093960.89902,25003557.56,0.524565820433923,9.072939593426129e-16,7.765663106112696e-05,6.040632730532203e-11,85591478110.79189
604,320834.0,1.1098963,664517761375114.2,0.0006771477936055149,5.242720093429429e-10,405422322722.2531,67223227.68,0.524565820433923,1.6702281933040365e-15,0.00015034001024249107,1.0649865523355671e-10,90011658793.21512
605,124479.0,28.375496,4647887801901222.0,0.014563328873190699,1.064822113650065e-08,2385463803867.2144,1748749851.27,0.524565820433923,6.1050303297753826e-15,0.0005656742296401723,4.265370878208745e-10,92657071150.20749
606,149695.0,9.706871,6503348142545512.0,0.005653035868298529,4.340679964099855e-09,3787385277278.579,468965764.54,0.524565820433923,1.492595934776541e-15,0.0003088711714628825,2.329854868845283e-10,206935557217.04694
607,356987.0,8.069937,6452169118926115.0,0.0018346744095483762,1.3289973235165552e-09,1466880047337.6729,254934320.01,0.524565820433923,1.2507324050649097e-15,0.000178808711386615,1.4287006617112621e-10,142963203529.80325
608,349994.0,18.41477,1.363612396052043e+16,0.018784682999559224,1.4546383475004519e-08,13910044271042.773,1539320619.58,0.524565820433923,1.3504402023122405e-15,0.0005196343062995813,3.9936449111639914e-10,384788830641.9322
609,257856.0,3.291247,1921061329986810.5,5.311531301724511e-05,3.1007309831239e-11,31002770034.45036,17842426.11,0.524565820433923,1.7132441055500278e-15,1.6937976116196038e-05,1.0815653671369007e-11,9886493151.399574
610,250721.0,1.6224568,2619254360834087.5,0.003472957348114453,2.6523760700869218e-09,5606656940905.65,201261776.31,0.524565820433923,6.194346086660087e-16,0.00023499600500692105,1.7133714519097013e-10,379371771804.9362
611,139332.0,1.5976532,1454473246820730.5,0.00031817657733717984,2.0766106229093875e-10,289661936333.8146,12811438.1,0.524565820433923,1.0984411047038785e-15,5.2665419485505724e-05,3.087027161809549e-11,47945601507.42306
612,289342.0,0.7670197,3802262742106912.0,2.7133364181033663e-07,1.983443058377536e-13,1345052541.5913377,2552521.5,0.524565820433923,2.0172716932627822e-16,4.05924294486089e-07,2.9672978210642215e-13,2012244041.5030937
613,337502.0,7.3102994,5283602852604490.0,0.00605933409983042,4.505591980137775e-09,4379453314148.4834,673242986.6,0.524565820433923,1.3835823024428252e-15,0.00030489907190479865,2.17461595214419e-10,220369306087.8814
614,169688.0,4.0268497,2576801303551823.0,0.0014385540705894062,1.0880977149361157e-09,920537959071.2222,85273284.05,0.524565820433923,1.5627319399634936e-15,0.00020484313030901116,1.5068186462711517e-10,131080145654.28056
615,74866.0,27.576515,6249786651559859.0,0.006151324385257953,4.63456271084368e-09,1394101648899.428,463887369.71,0.524565820433923,4.412393020346909e-15,0.0004372139645547338,3.3408017199272874e-10,99087720096.23917
616,101633.0,7.8538084,4219674766341105.5,0.0055625259887169725,4.259570220140098e-09,2988620215347.4507,335409921.88,0.524565820433923,1.861235482565417e-15,0.00032115815202972593,2.532827087314893e-10,172551058175.11093
617,140248.0,0.24380712,4100456241612798.5,0.00017295560506750448,2.1233473640430104e-10,2908844049841.395,3504034.46,0.524565820433923,5.945853476639111e-17,3.840072769411925e-05,4.7199617018767605e-11,645840464199.014
618,279529.0,1.7727951,1384351141818139.5,0.0003237920718334676,1.9539393854651957e-10,252844744637.61884,20425993.4,0.524565820433923,1.2805964082723238e-15,0.00011955800272394489,7.222480373500332e-11,93361188545.92352
619,310577.0,7.2422767,2970749933679130.5,0.0168451388430352,1.375139162338066e-08,6909801596059.2295,432962785.08,0.524565820433923,2.437861436230275e-15,0.00026955258017156704,1.9166830554442442e-10,110569278534.70737
620,356299.0,2.0417073,1916973628890421.8,0.00032507827270053725,2.0476441447387676e-10,305218321985.81006,59227417.85,0.524565820433923,1.0650680161843314e-15,0.00013024490573251447,7.649958073886971e-11,122287876223.27115
621,213904.0,34.11929,8604028855237741.0,0.04976427787367487,3.7984732159520636e-08,12549302250579.297,1556272904.27,0.524565820433923,3.965501577697491e-15,0.0005069649721480101,3.7818968030091077e-10,127843845782.14485
622,182814.0,10.764738,7780316683117414.0,0.008944486139010535,6.034009861825095e-09,6464712353357.429,479626837.75,0.524565820433923,1.3835860978973401e-15,0.00030041240836294026,2.067677986683418e-10,217125922860.51602
623,374816.0,1.2573417,1635624484615858.2,8.093331244276504e-05,7.385669258999586e-11,105282841929.48647,43286325.67,0.524565820433923,7.687227183416116e-16,7.614358892499322e-05,7.309092432498158e-11,99052086153.06706
624,318532.0,0.8311787,820368426476180.0,0.0013962867689872567,1.0427661547980447e-09,1378126724834.9666,63590679.89,0.524565820433923,1.0131773398084743e-15,0.0001495283156684778,1.2132928443621477e-10,147583556987.90485
625,203639.0,5.306879,7227432722318828.0,0.004172972616314466,3.3577166886661984e-09,5683166855036.94,323671848.59,0.524565820433923,7.342688896448637e-16,0.00023818250432718416,1.9513285223053983e-10,324380492876.9125
626,76890.0,1.3933829,1173903987653531.0,4.406682061611127e-05,2.9583009981797654e-11,37125628888.12964,10337662.89,0.524565820433923,1.1869649602138045e-15,6.342028608992345e-05,4.0475305452352445e-11,53430630402.51815
627,8.0,0.8602918,3940799735067099.0,1.2926958367411097e-05,1.1162932649294531e-11,59215436099.14342,5655717.8,0.524565820433923,2.1830386161080882e-16,5.6611005192074915e-06,4.890886656583087e-12,25932205126.5409
628,84847.0,8.651919,7098354130498516.0,0.007123677797751987,5.5614621355164e-09,5844528562971.22,708806415.23,0.524565820433923,1.2188626885810749e-15,0.0003277512822715536,2.8050413051575105e-10,268899265964.98047
629,311992.0,0.35360536,390541251866010.06,6.132746287576554e-05,3.895565154371304e-11,67733430639.36512,17784219.55,0.524565820433923,9.054238401461305e-16,9.0344919516236e-06,5.690343783339783e-12,9978190932.28811
630,119299.0,27.726635,8139774794333347.0,0.015098413804963854,1.0962607219975513e-08,4432477584245.597,1322964034.1,0.524565820433923,3.406314756926986e-15,0.0005088138502334293,3.926795028285344e-10,149373703413.26202
631,282374.0,11.894717,5636162371289766.0,0.010813573880307736,8.321871462692997e-09,5123876272411.721,1256363037.01,0.524565820433923,2.1104283759798853e-15,0.00041616433257427916,2.9360793499445855e-10,197194246111.78827
632,81223.0,0.48498353,1086202462631344.2,0.0006780125983544901,5.148158694420781e-10,1518523637344.393,42053840.28,0.524565820433923,4.464945962515303e-16,0.0001252020110486275,9.575627423544967e-11,280411033189.9641
633,358583.0,7.86597,4691900328765897.0,0.007400469225433906,5.250195871295535e-09,4414238039534.253,180790965.65,0.524565820433923,1.6764998079294182e-15,0.00012764304856906846,9.260121481510553e-11,76136631788.05585
634,202527.0,3.5115957,5012011760566106.0,0.00048619995959706304,3.6114814969361625e-10,693940909965.0183,46695402.16,0.524565820433923,7.006359657071846e-16,0.00011411015453664859,8.200963301830425e-11,162866538576.09476
635,278236.0,3.5114334,2016818874566998.0,0.0007172590273461117,5.222818179227047e-10,411963258168.3607,64985409.6,0.524565820433923,1.7410752369886905e-15,0.0001716834378461879,1.2819539090719813e-10,98607707581.3945
