,id,sfr,sfrd,snr,snr_solar,snrd,mass,z,halo_volume,snr_err,snr_solar_err,snrd_err
0,305703.0,1.7155472,918188042932777.5,5.557975104650814e-05,3.6956129122886956e-11,29747163377.425175,32737528.900000002,0.2613432561610123,1.868405075849587e-15,9.981556815827277e-06,6.486655630612871e-12,5342287357.728643
1,410975.0,7.992892,4849519138277407.0,0.006330134555836361,4.155481656826676e-09,3840676025198.3364,262109781.93,0.2613432561610123,1.648182380993582e-15,0.0002415627554838562,1.8000408939577793e-10,146563122060.69922
2,282213.0,7.099558,7628230938391284.0,0.0023454568134541397,1.54840258474772e-09,2520112692797.4253,170131128.05,0.2613432561610123,9.306952106378185e-16,0.00024271672313288552,1.844909015436699e-10,260790772702.64273
3,357367.0,2.9366164,3350306874721942.5,0.0008935180981805335,7.82833462585249e-10,1019390829194.687,62874878.06,0.2613432561610123,8.765216172156539e-16,0.0001686972114934328,1.571916449029442e-10,192462123215.29956
4,323846.0,1.2285609,5625993213498331.0,0.00015564736395423654,1.1903289494716466e-10,712761584147.3057,30071086.88,0.2613432561610123,2.1837226839384355e-16,6.117760379388154e-05,4.2644022652209065e-11,280152806232.4524
5,116561.0,9.016866,5583336804417396.0,0.0033722988260266387,2.4810705130877933e-09,2088162356061.1978,136086790.97,0.2613432561610123,1.6149600706276725e-15,0.000213072342762946,1.6048577524623223e-10,131936601181.80695
6,221665.0,0.8569602,3853586314175974.5,4.1929537824706406e-05,3.906620120688815e-11,188549121792.3685,4555172.899999999,0.2613432561610123,2.223799157806711e-16,8.115793045509893e-06,7.566828650742896e-12,36495170964.60428
7,138701.0,26.496372,6261373783439902.0,0.008803600290707874,6.6914067185856895e-09,2080384139387.9202,593099316.34,0.2613432561610123,4.231718615821607e-15,0.00042786708230370364,3.240246805743487e-10,101109530464.52295
8,214443.0,8.22845,5376020581974596.0,0.00144845794611476,9.530797406033104e-10,946343446267.2313,159252282.49,0.2613432561610123,1.530583797909813e-15,0.00012581171250076876,1.1195594033171009e-10,82198513189.92075
9,265278.0,1.5787096,1304343428748760.8,0.00016560372535700906,1.0894148481038539e-10,136823220018.25368,37064515.64,0.2613432561610123,1.210348107104304e-15,6.455661607950571e-05,3.7992050085241987e-11,53337230587.28461
10,368022.0,1.345673,1650453070664806.8,0.00019815479322182752,1.4461548993265805e-10,243034665137.7527,33019903.94,0.2613432561610123,8.153355123620446e-16,7.875463908562104e-05,4.5117253054002744e-11,96591694942.20502
11,274774.0,2.5101168,4925715288214385.0,0.0006532595311653962,3.5798473446378233e-10,1281920610161.7078,22619474.44,0.2613432561610123,5.095943742436522e-16,0.0001514235383719663,9.033228039497247e-11,297145231629.98303
12,28548.0,18.041622,4999834709335212.0,0.006189114055304057,4.64243013667577e-09,1715175457824.3374,578240181.75,0.2613432561610123,3.6084436884112216e-15,0.0003173385101617845,2.585157005489787e-10,87943317830.0496
13,420986.0,8.73003,6407117893094580.0,0.004622818990726538,3.3806833109589025e-09,3392765691758.3823,367537826.0,0.2613432561610123,1.3625517971830973e-15,0.0002659984013647581,2.006752616268724e-10,195220762920.482
14,370390.0,0.22140676,310135510715676.94,3.0315244702307484e-06,3.3155671156917953e-12,4246407787.287457,1992613.1,0.2613432561610123,7.139032853383217e-16,1.9041445805602935e-06,2.082555894509375e-12,2667230449.3709
15,384783.0,1.6588141,1519635211767155.8,0.0004619193299339772,2.7896723506085786e-10,423163077022.0497,45686983.18,0.2613432561610123,1.091587038228073e-15,7.199401449109268e-05,4.3759468558839715e-11,65953526351.83128
16,379185.0,5.4949837,3127369317207128.5,0.0012899410553855282,1.1127694842795054e-09,734146322875.9863,204343705.13,0.2613432561610123,1.7570626116224898e-15,0.00016572441895513278,1.424628977727006e-10,94319017352.54678
17,283524.0,3.82481,1998730520228252.8,0.0012459177883487012,1.0058344614992147e-09,651079114849.5831,137146098.74,0.2613432561610123,1.9136196507187026e-15,0.00014902827065597682,1.222487466616546e-10,77877686195.37636
18,331588.0,1.7380838,4376379364073894.5,0.00013467098560250283,1.3344415680818862e-10,339092581341.7546,47561306.76,0.2613432561610123,3.9715108207211007e-16,6.42489746903515e-05,5.3825495614035756e-11,161774643430.7484
19,137028.0,1.3324801,3074784826358044.0,9.640341867860656e-06,6.941931783385077e-12,22245718263.411297,6189991.399999999,0.2613432561610123,4.3335718603056455e-16,1.4922145873298084e-05,1.0478729224053043e-11,34433825846.943794
20,202795.0,4.3769746,8231671887936630.0,0.015688199640595292,1.206463778407668e-08,29504423432986.297,227457316.88,0.2613432561610123,5.317236473448825e-16,0.00016948240493016404,1.3718669409193984e-10,318741522549.2796
21,386513.0,1.9901133,2469306835660421.0,5.320646913717346e-05,3.543778301902172e-11,66017898549.6844,18478875.66,0.2613432561610123,8.059400602872993e-16,1.5588064859017734e-05,1.0759002374403477e-11,19341469207.351402
22,305481.0,4.774152,3611700550440036.0,0.0008084894667216717,5.264558407592819e-10,611631521573.5974,46989627.14,0.2613432561610123,1.3218570956604737e-15,0.00011869264061558893,7.124031349424734e-11,89792339130.48933
23,238383.0,3.447081,1639155342082014.0,0.0006928300952125366,4.81791213236309e-10,329454443258.75134,80682048.07,0.2613432561610123,2.1029617581098836e-15,0.00014061913333559468,9.255448434588035e-11,66867185194.07668
24,423574.0,6.142472,2.187480919027136e+16,0.008707032881903084,6.6771736261240495e-09,31007822730823.76,589575958.5,0.2613432561610123,2.808011693529109e-16,0.0003310173111392401,2.5787737502401645e-10,1178831669049.1326
25,101336.0,1.8112181,1064465448842464.0,0.0004285829802412139,2.756597578241461e-10,251881192236.70776,40739178.86,0.2613432561610123,1.7015283135489089e-15,8.736801654758539e-05,5.510864349341919e-11,51346789737.139496
26,259667.0,0.5652888,529475767847590.9,3.930365478176919e-05,2.9100766264552695e-11,36813630121.08833,18149364.65,0.2613432561610123,1.0676386613460994e-15,5.894594828131978e-05,3.736018149666131e-11,55211515295.82077
27,247093.0,0.3242466,542263000959082.2,0.00016453698178422058,1.046016756182528e-10,275168089691.8003,4242215.3,0.2613432561610123,5.979508087893071e-16,6.313578694246358e-05,4.0137536461678576e-11,105586924567.08424
28,10606.0,17.041174,6354613697937606.0,0.0066305386078965,4.946875756540152e-09,2472512249592.853,400147281.63,0.2613432561610123,2.6817010144189767e-15,0.00034719588616478794,2.610049251827357e-10,129468529227.52545
29,151839.0,8.535913,2489871143130042.5,0.0028124455953738308,2.0772949622349962e-09,820372364332.2622,180847282.99,0.2613432561610123,3.428254921364893e-15,0.00019634796859112168,1.457024810705209e-10,57273444680.98935
30,360652.0,1.0092624,1462637761829307.5,0.0006939575226976052,5.342734278580737e-10,1005693343775.6487,44475670.52,0.2613432561610123,6.900289506663117e-16,7.917786829809909e-05,5.828594258412907e-11,114745719323.28734
31,333467.0,0.22480853,224374078531679.5,0.000544940803391859,4.6243822780037303e-10,543887683511.65985,26614114.0,0.2613432561610123,1.0019362819054838e-15,7.424363888777283e-05,7.0961100440272e-11,74100160088.59982
32,314358.0,2.399931,4576996283425978.0,8.726541694375729e-07,5.629776646945003e-13,1664270718.713144,2623793.7,0.2613432561610123,5.243462855083643e-16,4.05924294486089e-07,2.6187500083776214e-13,774153084.9075001
33,154939.0,4.568298,4417627852686885.0,0.001502566877323562,1.0737859437158005e-09,1453009695906.2927,63721004.41,0.2613432561610123,1.0341065731060789e-15,0.0001625313738674106,1.1018192880292539e-10,157170815943.29843
34,270211.0,0.9417462,1633539907559285.5,0.00016254086610090104,1.1416977724695515e-10,281941133805.5541,10672516.8,0.2613432561610123,5.76506393043735e-16,3.9606542362214533e-05,2.801967089178268e-11,68700959503.86086
35,382047.0,3.8528547,2502411323905475.0,0.0004803506736849393,3.0790129696760183e-10,311985542894.9386,26824747.16,0.2613432561610123,1.5396568354665645e-15,0.00011487443726206432,7.578937933993038e-11,74610416175.79268
36,312680.0,5.6007857,3168364330381223.0,0.0004576916185925171,2.6867811481196037e-10,258916137188.21246,34121232.05,0.2613432561610123,1.7677214852769485e-15,6.955959813153405e-05,4.987945348392938e-11,39349862922.91184
37,384331.0,0.7864165,1039397394463887.6,5.883847692195166e-07,7.179639864377883e-13,777661196.1587802,819518.5,0.2613432561610123,7.566081117661709e-16,4.05924294486089e-07,4.953204771900683e-13,536505342.9555875
38,401257.0,0.25862062,3289407881706129.0,4.626965692780271e-05,3.3149198948337226e-11,588505952008.594,7978538.2,0.2613432561610123,7.86222412362739e-17,7.885974578087189e-06,5.635649754136289e-12,100302083152.12515
39,122617.0,3.9009655,1951525686277332.5,0.00044002465059628893,3.177435601781887e-10,220129967371.8894,28445798.4,0.2613432561610123,1.9989311580322347e-15,0.0001464690859551607,1.1022446624762297e-10,73273701981.48602
40,400637.0,1.9135458,2288058865146899.0,0.00019524688443017563,1.567874381230364e-10,233459980321.7542,9033057.16,0.2613432561610123,8.36318430940869e-16,6.493198443664508e-05,5.412103414984664e-11,77640264801.52513
41,254090.0,5.1345496,6408166645733577.0,0.0025692950548203168,1.995907088700482e-09,3206604698754.449,115868165.17,0.2613432561610123,8.012509480255909e-16,0.00021653993553652975,1.6682505954114027e-10,270252329897.54135
42,256849.0,1.5241722,1518731305616997.5,0.0005051868562835296,3.2292428726753405e-10,503383471909.5594,25098072.76,0.2613432561610123,1.0035825259957962e-15,0.00010310319797843054,6.798699941736501e-11,102735146644.89328
43,218701.0,2.2294893,2908219814476019.5,0.0007664126061206716,6.141082331046263e-10,999734031997.5261,100784430.48,0.2613432561610123,7.666165015802604e-16,0.0001293040427547093,1.0756012210567383e-10,168668483509.2503
44,411188.0,4.4744725,5537126389522078.0,0.0189106755252905,1.2523312738523521e-08,23401820101648.926,258133534.34,0.2613432561610123,8.080856721036851e-16,0.00010712063754986412,6.532763447793625e-11,132560991053.08665
45,243943.0,1.0124763,2783509412730450.0,0.00010255076265377161,1.0629291782649528e-10,281933525880.5165,19461358.35,0.2613432561610123,3.6374092911969843e-16,6.121865045791998e-05,5.8054529659947834e-11,168302892407.729
46,59015.0,7.9159436,6754783688976014.0,0.0025756988451070897,1.9015881788391397e-09,2197879295987.3699,174916864.53,0.2613432561610123,1.1719018645880592e-15,0.00018799155031575134,1.3334507205724416e-10,160415778826.1845
47,435871.0,1.7929138,2831340561615174.5,9.091337133582019e-07,6.078285042866679e-13,1435689300.0449328,1495707.6,0.2613432561610123,6.33238482260576e-16,3.362133329031579e-07,2.247854680307554e-13,530942673.7663221
48,315421.0,4.3445196,4589180562485190.0,0.0005196159526802652,2.955858079385272e-10,548878046262.58264,31587258.169999998,0.2613432561610123,9.466874403493294e-16,9.237019685353096e-05,5.5679783557116747e-11,97572010482.62158
49,302309.0,8.307623,6635696838225624.0,0.004684908432447297,3.504086382869237e-09,3742061005003.1274,226948209.12,0.2613432561610123,1.2519593951524533e-15,0.00024277143309913636,1.861308726729936e-10,193913184436.44385
50,384166.0,1.4744865,1967231908547949.8,0.0011501195542724283,7.645051041051202e-10,1534467684722.557,60339816.44,0.2613432561610123,7.495234769185631e-16,0.00013478987744382554,9.087762502147714e-11,179834096722.3241
51,309575.0,16.269205,1.0399348586832602e+16,0.018801792007859384,1.3970533791990961e-08,12018189527198.963,1669098215.86,0.2613432561610123,1.564444624983498e-15,0.0004945102935043218,3.9608114426755465e-10,316093190904.4323
52,391375.0,0.33497328,797568186260286.1,7.092339966935917e-05,8.633299420505051e-11,168867938474.6872,34240830.74,0.2613432561610123,4.199932817915603e-16,7.611250430314393e-05,9.464298738616319e-11,181223147138.14404
53,365335.0,2.9589705,1337111697836852.0,0.003769496143097161,2.799354161960172e-09,1703375342162.4548,331533567.16,0.2613432561610123,2.212956856773412e-15,0.0002599356009357927,1.972780718119403e-10,117460763023.99777
54,174195.0,55.93084,6481112025219344.0,0.02751286870641886,1.9857794430131333e-08,3188115612450.166,1939883792.41,0.2613432561610123,8.629821515561151e-15,0.0007585996553543494,5.812947448165315e-10,87904443213.15974
55,114673.0,4.745238,6051934315287022.0,0.0019208972766526422,1.3762662450008474e-09,2449854811226.6475,130753488.63,0.2613432561610123,7.840861702701659e-16,0.00018518298603179654,1.4563945493031076e-10,236176829860.40884
56,243469.0,4.3276963,4105649461472182.5,0.0012381714004765583,1.0258226224451605e-09,1174642902640.1042,168687064.42,0.2613432561610123,1.0540832432509222e-15,0.00019436789946528137,1.4771404037964856e-10,184395208547.1228
57,271516.0,0.42045754,847479644482450.4,0.0003987606804230067,2.4452853413397004e-10,803747174277.0262,15955892.99,0.2613432561610123,4.961270075775924e-16,7.445476949676325e-05,4.442832311943931e-11,150071994387.6847
58,109841.0,7.8291087,5623760857344866.0,0.005309086540108455,3.781720026682573e-09,3813592864347.1777,220757726.84,0.2613432561610123,1.3921482258220241e-15,0.00016846565391647527,1.173857931746285e-10,121011290889.6616
59,340428.0,6.095995,3602540493300162.5,0.005116917594567742,3.416984111811124e-09,3023936672407.1055,308462644.17,0.2613432561610123,1.6921378153381061e-15,0.0002714988147615035,1.8957625457769348e-10,160447223802.07272
60,341829.0,2.0943367,2249514655815948.0,3.534208545485563e-05,2.2070870826738044e-11,37960724843.2391,1601300.0,0.2613432561610123,9.310171394461702e-16,7.878804201210712e-06,4.920254918635304e-12,8462576968.129223
61,427221.0,0.94515204,1054505314551338.1,0.0010341406620074127,5.966327278196348e-10,1153789843251.5215,42043135.0,0.2613432561610123,8.962989820512523e-16,2.5311860913179103e-05,1.7653692711436852e-11,28240421354.99348
62,189143.0,0.12204592,618031943808181.1,6.4347511499589535e-06,7.2377226267393406e-12,32585126656.680214,889057.44,0.2613432561610123,1.9747510015093887e-16,1.9041445805602935e-06,2.1417565332564944e-12,9642454056.763979
63,255844.0,0.21575212,1042782346712550.8,0.00021119938960018316,1.7772537025240697e-10,1020777896001.8436,20920117.42,0.2613432561610123,2.0690043390183451e-16,7.00227419882299e-05,4.851999648961553e-11,338436902560.83624
64,133098.0,0.18149616,280756367544350.56,7.828804856839693e-06,5.418498944504261e-12,12110376405.869312,17009923.64,0.2613432561610123,6.46454296255024e-16,2.1751098677128825e-06,1.6324432955284894e-12,3364676946.7130423
65,283142.0,0.13236447,296053981833508.56,3.9765295527811095e-05,2.661470067834678e-11,88941345663.18805,21809663.0,0.2613432561610123,4.470957261923861e-16,8.959918396910968e-06,6.001498507887956e-12,20040268497.345238
66,40691.0,3.2473445,3756824162878613.0,0.0011190447197286866,8.962392409298873e-10,1294612949879.0334,29863171.22,0.2613432561610123,8.643855446009931e-16,0.00017427049053434188,1.2909028663245125e-10,201611990879.35516
67,224650.0,1.6233253,3435674117706229.0,8.859452562476867e-05,5.7571579702827186e-11,187505189908.31906,8987545.65,0.2613432561610123,4.724910583439696e-16,8.937686734091551e-05,6.612491152102363e-11,189160970906.35287
68,401600.0,17.140478,1.6869493319092626e+16,0.01943284570663613,1.5701763884448624e-08,19125619531675.6,1620318187.83,0.2613432561610123,1.016063593362385e-15,0.00047960025217929497,3.7611776038890035e-10,472017947805.992
69,295574.0,1.2614095,1866066549743972.8,0.00028020071573512913,2.2321715226468496e-10,414515018990.7751,4858250.3,0.2613432561610123,6.759724084722848e-16,3.356305684608928e-05,2.6748289293750013e-11,49651518945.78458
70,67903.0,24.103624,9650838993051596.0,0.01729438009921071,1.2750490624359312e-08,6924488940838.035,1276417432.07,0.2613432561610123,2.497567726220913e-15,0.0005223793432198808,3.9273044350454365e-10,209155226397.12222
71,361406.0,0.14408557,477784784421376.4,1.2767757887612411e-05,9.596212933361979e-12,42337622357.86154,10371342.36,0.2613432561610123,3.0157002629226784e-16,5.675635085294452e-06,4.215679988723291e-12,18820289121.817055
72,397061.0,1.6069198,2317803193310133.5,1.9632647458372487e-06,1.8915657068435024e-12,2831791167.93183,10834486.06,0.2613432561610123,6.932943248322578e-16,1.6416761355453258e-06,1.6807358185965144e-12,2367935343.9717374
73,369945.0,3.444839,2083638462774384.0,0.0008210957763456748,5.637025847078776e-10,496646357410.4454,90254163.9,0.2613432561610123,1.653280577002387e-15,0.0001421889522575434,1.0409710642185127e-10,86004126725.63449
74,198567.0,0.39155036,2943635922055834.0,2.3207381560903655e-05,1.2788536541954166e-11,174470742459.62177,1814701.9,0.2613432561610123,1.3301589271493242e-16,7.878804201210712e-06,4.341652037290925e-12,59232051451.895676
75,150073.0,1.065096,1787632947981406.5,0.0007961138538553263,5.061325280698494e-10,1336179419973.6318,34227362.13,0.2613432561610123,5.958135875727204e-16,0.00010949337281435873,6.40255493684974e-11,183771191356.0461
76,28549.0,6.462794,5097285232796604.0,0.0013686951499423624,9.61894738788194e-10,1079506723562.8333,124538135.94,0.2613432561610123,1.2678894165893509e-15,0.0002220305417752858,1.608234434424632e-10,175118223143.27115
77,346941.0,3.730119,8844109162703499.0,0.001484827442303241,1.1379359970979126e-09,3520524676962.771,157033953.34,0.2613432561610123,4.2176311162353e-16,0.00021406611032716495,1.7527660436921728e-10,507550576206.49036
78,35380.0,0.78702426,476247471098313.6,0.0008748729099011692,8.019202382406085e-10,529406820156.7949,34369621.31,0.2613432561610123,1.6525531530592245e-15,0.0001604158259858271,1.6605621439440462e-10,97071507617.69057
79,300853.0,0.16469656,5330888250792561.0,3.7018608568023252e-06,2.41423146867637e-12,119821607370.52673,1533349.6,0.2613432561610123,3.08947687987108e-17,1.9041445805602935e-06,1.2418202480114734e-12,61633236130.24582
80,275895.0,0.10999561,406296288543155.5,0.0001114777157126654,6.222749971094177e-11,411770816574.6339,2819322.5,0.2613432561610123,2.7072757763652723e-16,6.313578694246358e-05,3.524275805793058e-11,233207815375.30792
81,316635.0,0.6341651,996433711931686.9,4.861905756602269e-05,2.5232686207428304e-11,76392832089.20256,10749248.56,0.2613432561610123,6.364348098686939e-16,1.6975186896579955e-05,1.0879461823081643e-11,26672310554.60683
82,315959.0,5.5591497,7057922871148005.0,0.006769840218605973,5.369298804674003e-09,8595021305671.389,345755146.96,0.2613432561610123,7.876467059062346e-16,0.000239458585841489,1.7173765128987954e-10,304017758273.96826
83,243071.0,1.1768774,1405925462542179.2,0.0010439358833957185,8.126682610160273e-10,1247110395464.7307,46703104.46,0.2613432561610123,8.370837795852867e-16,0.0002080027724742915,1.697607046699058e-10,248485011353.75186
84,394522.0,13.45783,9986243139419710.0,0.011524365864387999,8.564519854193504e-09,8551536135425.054,1036277480.84,0.2613432561610123,1.3476369253294608e-15,0.0004429691317761147,3.2624899136146333e-10,328700648854.5279
85,101337.0,22.147436,3701988220573770.5,0.009296101415806517,7.278164572516814e-09,1553861943142.081,920185399.59,0.2613432561610123,5.982578733480511e-15,0.0004928133590357864,3.7662156572367553e-10,82374738551.76164
86,288570.0,3.4526305,1716163330368949.0,0.0005863203359771992,4.569007217749544e-10,291436184802.7674,26291155.77,0.2613432561610123,2.01183094808216e-15,0.00011043030820639889,7.578658582265054e-11,54890451064.82232
87,398007.0,0.8239869,678095829409829.2,0.001221490642971922,8.264677282599601e-10,1005219513395.6512,35404153.49,0.2613432561610123,1.2151481608685676e-15,0.00015969008328828107,1.166456606948489e-10,131416142023.48566
88,376485.0,11.296532,1.053479129261642e+16,0.00497100020239573,3.569328288692303e-09,4635798813989.373,473511047.7,0.2613432561610123,1.0723071474531693e-15,0.0003633622082378171,2.6604225112659827e-10,338860194209.1281
89,410273.0,0.5441468,2367843428993542.5,0.0006140196509772898,3.8054431486149724e-10,2671893679866.3228,16546039.36,0.2613432561610123,2.298069176944233e-16,8.024298846733862e-06,4.962635347248046e-12,34917568745.271
90,120401.0,1.6444664,4282721745357589.0,2.5860258612308807e-05,1.8538053661355585e-11,67348467502.59282,8597956.64,0.2613432561610123,3.8397694218228833e-16,6.028188984073107e-05,4.3117902206323084e-11,156993515022.3499
91,40694.0,5.183461,4363449875424734.0,0.0019039485996233062,1.5756494005085468e-09,1602748487900.5383,194102914.03,0.2613432561610123,1.1879272474730668e-15,0.00017945197325196176,1.7857102287664226e-10,151063100567.55423
92,263375.0,0.91794646,1934869758907411.5,3.7403449904930233e-07,2.751429096174927e-13,788398967.1887597,1359419.0,0.2613432561610123,4.744228678825126e-16,3.362133329031579e-07,2.4732134309080417e-13,708678598.0696417
93,73539.0,6.7201777,6940849397880639.0,0.0038549748451618413,2.6712492659211928e-09,3981561355570.49,230412974.7,0.2613432561610123,9.682068165968245e-16,0.00032121314820880633,2.3309823001191887e-10,331760882801.7209
94,371311.0,3.4343348,4729905001941740.0,0.000870351949454754,5.341044973502102e-10,1198683960333.6826,51979492.47,0.2613432561610123,7.26089593467548e-16,0.00012570511707192644,8.075013643149028e-11,173126179197.25735
95,147891.0,0.5133662,606558199171070.6,7.543271073972763e-06,4.714209402038589e-12,8912610371.481697,4916889.5,0.2613432561610123,8.463593447447782e-16,4.131331299884241e-06,2.546417482079126e-12,4881296963.915551
96,217083.0,5.0038567,5781063588564873.0,0.0016857426469234834,1.2561168998155133e-09,1947574844783.289,86597141.47,0.2613432561610123,8.65559878963758e-16,0.00016085306810325643,1.1856216481369026e-10,185837019497.5171
97,383808.0,2.077471,1555115121191261.8,0.0004915990643418254,3.503676054577131e-10,367992207121.75946,29536706.96,0.2613432561610123,1.3358953119873202e-15,5.690573832845769e-05,3.618604727915041e-11,42597453421.55809
98,246071.0,0.926096,3977674724658206.5,1.4188401313278163e-05,1.196000584772629e-11,60940599340.81764,1186320.6,0.2613432561610123,2.328234619736478e-16,1.4911099503332376e-05,1.2569198834895368e-11,64044660176.988914
99,19820.0,0.5281056,926776422298426.0,0.0,0.0,0.0,1256595.9,0.2613432561610123,5.698306379981985e-16,0.0,0.0,0.0
100,230658.0,1.524285,4456779591104353.0,0.00019987005139871877,1.3736224535351947e-10,584389904740.1161,3636959.6399999997,0.2613432561610123,3.4201489412724015e-16,6.326341657876757e-05,4.050317932826295e-11,184972694654.7293
101,387311.0,1.5242411,2707156529296932.5,0.00012419293153729123,9.019787402557836e-11,220575147529.9445,12478398.45,0.2613432561610123,5.630413622206973e-16,5.906316791243973e-05,4.383877084420963e-11,104900229140.33894
102,253687.0,0.1413758,101861628196814.3,1.5388692398941282e-05,1.1821683207062184e-11,11087592526.981981,6891714.15,0.2613432561610123,1.3879200882871957e-15,4.5794627229792176e-06,3.2733944271164545e-12,3299514692.254826
103,302822.0,0.778235,4753350124064695.0,2.59678787035717e-05,2.9115697906405254e-11,158608157506.81927,3261445.1,0.2613432561610123,1.6372347495717695e-16,5.8513166193031126e-05,6.780110476408585e-11,357390204479.4472
104,292118.0,2.9366612,3644010065474127.5,0.0005506414969661061,4.308752296067299e-10,683273629730.3318,88255919.71,0.2613432561610123,8.058872361039724e-16,0.00011572741296353785,8.79631263823635e-11,143602489007.0441
105,163644.0,0.12559204,1805707381307013.5,2.4435029570020265e-06,1.3862261744271656e-12,35131616029.99739,11545915.44,0.2613432561610123,6.955281974263932e-17,1.0489940265456586e-06,5.951058795523001e-13,15081976984.213818
106,202791.0,1.1198841,2679369228716799.5,0.00012605563215781565,1.2038285334386466e-10,301593336230.1466,22885085.62,0.2613432561610123,4.179655748813438e-16,7.797550898406685e-05,9.317780274261137e-11,186559644310.906
107,258436.0,0.22537354,2549393985054919.5,1.5934095532377788e-06,1.652717742610803e-12,18024426162.68724,964114.75,0.2613432561610123,8.840278957320321e-17,1.0489940265456586e-06,1.0880385623657959e-12,11866073815.204937
108,373381.0,1.8850968,1319013602231968.5,0.0014334342301741316,1.0804326519254614e-09,1002982577607.9988,141978254.97,0.2613432561610123,1.4291716149174913e-15,0.00021526113316641264,1.4988401519906337e-10,150619513373.72458
109,310546.0,2.52987,4527271930230854.0,0.00013466796462929405,7.787083357573776e-11,240992025743.4273,8750864.9,0.2613432561610123,5.588067248858624e-16,6.375084829495875e-05,3.008261137185363e-11,114083896016.06891
110,284679.0,1.5529746,818248182967465.6,0.0005849618953834148,4.654452505712116e-10,308211098882.547,37179524.56,0.2613432561610123,1.8979261211041978e-15,0.0001366571686281989,1.1390453817107283e-10,72003418420.04518
111,234912.0,0.14309485,272003854881912.3,4.384384167002951e-07,3.699416487592811e-13,833411820.6965692,2452207.7,0.2613432561610123,5.260765516066791e-16,4.05924294486089e-07,3.4250717330795127e-13,771606894.9402218
112,272250.0,4.266175,2034580780445273.2,0.0020273840768252854,1.5721097255631321e-09,966879388981.8185,85067460.72,0.2613432561610123,2.096832448729972e-15,0.00018618081158021849,1.5043259782000716e-10,88791458608.42917
113,333998.0,5.780898,2922683180113398.0,0.0005946514028271226,5.848758368536673e-10,300641466615.3369,92701619.79,0.2613432561610123,1.9779420634212242e-15,8.032777836514514e-05,6.913187550964335e-11,40611795386.06054
114,209490.0,1.6141955,1517997899539859.5,0.000590917598800551,4.6024203795457306e-10,555702003741.4142,57014547.2,0.2613432561610123,1.0633713659875946e-15,0.00011342771456797926,9.080894366779544e-11,106668016645.93864
115,368869.0,4.31148,3389236560140725.5,0.001510181847666974,1.1215410679126313e-09,1187147691876.984,158454285.41,0.2613432561610123,1.2721094923574713e-15,0.0001504078110485201,1.2703889560161704e-10,118234956937.38168
116,271515.0,0.29012796,296668198739685.2,1.404792238415025e-06,1.0371354102746852e-12,1436459908.8418636,1354492.6,0.2613432561610123,9.77954365289338e-16,1.0489940265456586e-06,7.744553396199127e-13,1072641079.9703345
117,343374.0,0.71733475,2834339245886109.5,3.390541308287597e-06,2.031260182110604e-12,13396736035.550446,8031840.16,0.2613432561610123,2.530871175852265e-16,3.995936666374323e-06,2.3939501992799365e-12,15788779391.462708
118,358502.0,1.5522146,1437140924696098.2,0.0006878496053288069,4.6391192150630693e-10,636855765854.8552,147571757.09,0.2613432561610123,1.0800712535051046e-15,0.00012852826078947762,9.178908198510563e-11,118999797811.83035
119,211541.0,0.30981675,591593522118558.9,3.9825343438559085e-05,2.7526593883076136e-11,76046292508.06616,2599601.7,0.2613432561610123,5.236986856964111e-16,7.8892540948983e-06,5.451023937927354e-12,15064490918.87107
120,40692.0,0.32357922,1559952343167611.5,0.00029992084738685943,1.8679473064979174e-10,1445897016025.7725,21342305.44,0.2613432561610123,2.07428913721137e-16,7.207439072399622e-05,4.610705547492707e-11,347465497606.04486
121,194440.0,4.156981,3468383445719463.0,0.0017199524074106908,1.2838438388833305e-09,1435044917763.2944,144890928.83,0.2613432561610123,1.198535590155228e-15,0.0002207078648525894,1.55203865246997e-10,184147944095.68134
122,324930.0,6.3440833,4285481978106336.0,0.002396021543440074,1.7132539972386818e-09,1618532837292.1843,195830182.46,0.2613432561610123,1.4803663467518109e-15,0.00021876622634613705,1.7048589302610677e-10,147778437969.86426
123,372751.0,1.3584164,2882604637043643.0,5.95982168034751e-06,3.4169192675049738e-12,12646939194.58199,2918215.2,0.2613432561610123,4.712461717931503e-16,1.9041445805602935e-06,1.0916951302228003e-12,4040657928.9860044
124,305964.0,14.533288,4.699606942467983e+16,0.03125581054117227,2.368912086115346e-08,101071432845586.75,3770713532.03,0.2613432561610123,3.09244755527744e-16,0.0006549070976592512,5.06987733433184e-10,2117762988548.066
125,290247.0,1.1172076,1369090585237047.8,3.4966855545553954e-05,3.4927377131182574e-11,42850400160.86694,1001130.3,0.2613432561610123,8.160216804109889e-16,7.878804201210712e-06,7.869908843245191e-12,9655140776.704065
126,321165.0,0.39764696,461440797895380.4,0.0005016117988517572,3.3624162673765177e-10,582084542268.0759,60690134.27,0.2613432561610123,8.617507637245288e-16,7.412011550192613e-05,5.778512937673872e-11,86011081883.55457
127,314573.0,0.124809965,182917909220444.88,0.0001302714538251935,1.2008849449277144e-10,190922110785.0813,7040032.3,0.2613432561610123,6.823277476323236e-16,5.890681983678519e-05,5.785609883233582e-11,86332147624.35176
128,332529.0,4.318262,2028063969832471.8,0.0008727885963275774,6.29681380613706e-10,409903592114.74835,48823020.35,0.2613432561610123,2.1292533491222714e-15,0.00011170848702575421,8.41118650635096e-11,52463689711.608574
129,370974.0,9.739615,4117045035098256.5,0.005455840671539277,4.178084667907078e-09,2306245344302.41,489271792.75,0.2613432561610123,2.365680947613816e-15,0.0003528211480643087,2.6423694403103463e-10,149141475912.12067
130,248568.0,5.642744,5418568149003740.0,0.001058748761736564,7.345020725112899e-10,1016686618805.1229,87842897.5,0.2613432561610123,1.0413717876811198e-15,0.0001404218893346185,1.191579069457979e-10,134843185686.16469
131,323673.0,1.5224822,2763320236376098.0,5.921426237987356e-07,3.351229173611259e-13,1074744713.0507567,3280690.8,0.2613432561610123,5.50961187906556e-16,1.0489940265456586e-06,5.936778139954703e-13,1903934523.1039574
132,314108.0,1.3748146,1101904687882255.0,0.00022779958898071228,1.3980148948900994e-10,182579843853.48956,6170251.4399999995,0.2613432561610123,1.2476710691214585e-15,3.361870894074785e-05,2.02101497248115e-11,26945169903.170315
133,307374.0,3.167911,4800863547475676.0,0.00011353408769651768,1.0601692680103409e-10,172057126294.93643,56468892.75,0.2613432561610123,6.598627452483434e-16,8.350891444308733e-05,8.783945319070671e-11,126554976840.91597
134,178034.0,5.874229,4351385131125155.0,4.276785882873394e-05,3.962581005954138e-11,31680655452.38576,18274731.54,0.2613432561610123,1.349967613296752e-15,7.391656465750969e-05,7.279776061585173e-11,54754324421.90095
135,442392.0,0.8116638,5055467101852462.0,0.00035062171562350155,2.360363219765862e-10,2183855616734.0242,29295796.26,0.2613432561610123,1.605516925829829e-16,2.7697248924332037e-05,1.8643672799189108e-11,172512967498.09357
136,53359.0,0.5525138,9728046526416146.0,0.0003236623758609232,2.67013075666331e-10,5698685989789.667,10467529.4,0.2613432561610123,5.67959660245939e-17,0.00010388600585426992,8.878971619543216e-11,1829108880889.2695
137,241636.0,0.45656884,2055389771571637.0,0.0,0.0,0.0,1590170.1,0.2613432561610123,2.221324861663043e-16,0.0,0.0,0.0
138,187611.0,6.5716558,4981389873726326.0,0.001172785976019583,7.851199675522494e-10,888985114678.7384,41348768.16,0.2613432561610123,1.3192414098445333e-15,0.00017987993580428877,1.255114566611498e-10,136351038151.14992
139,323120.0,0.50935155,394645878912272.9,9.31275558928905e-06,7.337699544469243e-12,7215528478.572723,2540772.0,0.2613432561610123,1.2906546785788822e-15,4.131331299884241e-06,3.2584597404070173e-12,3200957907.992229
140,320631.0,1.3511683,5738194815823099.0,0.0007542918658934589,6.085166065836021e-10,3203356439377.2246,26587728.48,0.2613432561610123,2.354692274082691e-16,8.675958301420138e-05,8.588188264684238e-11,368454018255.9524
141,412705.0,1.7501984,3187206532318278.0,0.0007281019954446028,4.971113207944143e-10,1325913357065.6968,26084913.66,0.2613432561610123,5.491324086635071e-16,7.785669829834728e-05,4.8042424693257596e-11,141781284568.21
142,387627.0,3.7514544,3735554378776710.0,0.001212703244198736,7.957377911832123e-10,1207563369029.1716,111854923.83,0.2613432561610123,1.004256402025259e-15,0.00010347905227668532,7.358941664407458e-11,103040470608.90196
143,363270.0,3.1819706,1909344859643119.8,0.0005302545925563918,3.270564290378334e-10,318179835036.7233,37551821.94,0.2613432561610123,1.6665248207674489e-15,0.0001486678990147896,1.1208753862986036e-10,89208331710.49127
144,421354.0,1.4861981,5077671873621830.0,0.0011166938036114326,6.267463266816051e-10,3815241533443.9946,35682075.46,0.2613432561610123,2.9269282005414743e-16,4.135977456330297e-05,2.3531557310696026e-11,141307786626.44174
145,10604.0,0.8278468,1386363764344870.2,2.176659236516444e-06,2.119505499031753e-12,3645169000.874278,3855675.9,0.2613432561610123,5.971353415971609e-16,1.9041445805602935e-06,1.854146410123468e-12,3188799000.68763
146,67905.0,2.6880772,5327166492710549.0,0.0005965620840505198,3.324513832738723e-10,1182252334484.8518,31314493.419999998,0.2613432561610123,5.045979328181767e-16,8.130462046000154e-05,4.5988808014451955e-11,161127533769.14502
147,227514.0,3.5040936,1246896912365619.2,0.0010401252992904076,8.658306801842035e-10,370118259443.3479,182660362.37,0.2613432561610123,2.810251244709569e-15,0.0001661744901731814,1.4407781076384975e-10,59131542237.01981
148,192733.0,1.0188667,677196204444578.9,4.391790432871839e-06,4.324554427018036e-12,2919031323.584158,13109787.26,0.2613432561610123,1.5045369322996305e-15,2.976161038860051e-06,2.8442523739431506e-12,1978124281.9417508
149,340952.0,5.0829544,6409673696453042.0,0.0030523431262829866,2.16149143610737e-09,3849045635562.913,160237139.9,0.2613432561610123,7.930129739385616e-16,0.00019278942135260576,1.7057416599259552e-10,243110046983.34488
150,351811.0,4.124647,9015840673899362.0,0.002607622606093187,1.9269220062496358e-09,5699859879935.036,244848630.16,0.2613432561610123,4.574888963977316e-16,0.00028949663731661504,2.423383942431003e-10,632794893157.2156
151,147892.0,2.9928784,5775372729329415.0,5.100501389987387e-05,4.2760032301457834e-11,98424635740.76358,30157275.98,0.2613432561610123,5.182138954947599e-16,8.749468575680885e-05,6.83335710143138e-11,168838941829.7518
152,10618.0,0.30908325,659520192384525.0,0.0005850888140632522,4.5230148685192947e-10,1248459394719.8035,23589938.39,0.2613432561610123,4.686486533224943e-16,0.00011214841647447871,1.1097495826697959e-10,239301693666.24698
153,360032.0,8.765372,8164550703778904.0,0.003189035303658023,2.401533311450146e-09,2970443288984.984,458694819.26,0.2613432561610123,1.073589021370522e-15,0.00022555554368059813,1.7254056117510006e-10,210094867952.97003
154,243941.0,0.776868,829321835931881.2,5.068393231421513e-05,3.396401209537172e-11,54106092410.90134,15828253.74,0.2613432561610123,9.367509286995432e-16,1.0185402275358513e-05,6.267065196330167e-12,10873116816.119448
155,202792.0,0.4334898,4601672161779109.0,6.757024885962706e-07,4.786619620465536e-13,7172859272.394239,1411648.6,0.2613432561610123,9.420266910809291e-17,3.362133329031579e-07,2.3817069836158794e-13,3569042534.42511
156,104418.0,0.951283,8669768995453259.0,0.0004006795813987201,2.064155685731995e-10,3651699243991.34,16506532.4,0.2613432561610123,1.0972414611033896e-16,8.535102282365105e-05,4.4713974606175614e-11,777869100369.4099
157,209489.0,10.063586,5200249037241033.0,0.0026195096099460784,2.0451306754868725e-09,1353603211336.9656,229172942.87,0.2613432561610123,1.9352123192429236e-15,0.0002626194451638244,1.9278643124287817e-10,135705753085.82368
158,141805.0,4.2235823,3306306235009836.5,0.0007766237367953116,4.5636007822288627e-10,607956876612.2958,40620754.5,0.2613432561610123,1.2774322763201137e-15,0.000157014187034669,1.0981402395762012e-10,122913903104.88959
159,327820.0,4.5476174,4728138328776128.0,0.0016065665424973275,1.3884477319190997e-09,1670340351699.542,129075136.7,0.2613432561610123,9.618198715385605e-16,0.00016432439359606788,1.2977744973156374e-10,170847368055.73465
160,183815.0,2.5818,2617405677115545.0,4.8336643336598166e-05,2.734924601157047e-11,49003255357.472046,15220709.6,0.2613432561610123,9.863965767986017e-16,9.037080948313313e-06,5.229568587917432e-12,9161711588.298086
161,63582.0,3.5803623,1910177675924294.5,0.0009612254117435932,6.877898656106236e-10,512828359030.52325,135857620.39,0.2613432561610123,1.874360874973339e-15,0.00012565572394326164,9.326395602012976e-11,67039237545.46411
162,347970.0,10.388277,5351826500197969.0,0.005424121246090985,4.016596035895348e-09,2794395627409.2964,405195244.43,0.2613432561610123,1.941071333238424e-15,0.00027790408164212713,2.0208168887107118e-10,143170463075.39893
163,326543.0,0.14942448,224007578433090.06,6.160788537698579e-05,4.4832932463996006e-11,92358582848.5531,7820957.600000001,0.2613432561610123,6.670510035651867e-16,3.360402121443522e-05,2.436720338782831e-11,50376989217.963615
164,276554.0,8.809072,7579486006542773.0,0.0052337345834328934,3.937189195599955e-09,4503200568355.961,418402502.25,0.2613432561610123,1.1622255113863688e-15,0.0003153471287590753,2.338075129233733e-10,271330413650.025
165,273007.0,3.3676777,1434079243990300.0,4.899451660406338e-06,3.4093590876005136e-12,2086364123.598449,6203399.21,0.2613432561610123,2.3483205088649753e-15,1.9757480916738893e-06,1.2258284515933887e-12,841345158.8977677
166,211540.0,4.2613072,2154650774418671.5,0.00010727850609391179,8.071883479824616e-11,54243382461.07326,40598216.0,0.2613432561610123,1.977725230739403e-15,1.4078535167272581e-05,1.0481157086251854e-11,7118549608.637548
167,284034.0,0.69151795,699314051007652.6,4.270836827362814e-05,3.0707328123636236e-11,43189857948.52845,8482067.65,0.2613432561610123,9.888517884112023e-16,2.183155506325437e-05,1.694614756339876e-11,22077681730.576977
168,194441.0,0.59651035,969868155331989.6,0.0001180103648036158,7.319907657875474e-11,191873443305.95105,11537837.200000001,0.2613432561610123,6.150427217561465e-16,6.314450080024295e-05,3.911257176511048e-11,102666853157.68784
169,386239.0,4.2316656,4431189136220417.0,0.000225034322063947,1.8157923680918272e-10,235644717107.72427,49136964.56,0.2613432561610123,9.549729135708705e-16,8.348630581439409e-05,5.973599806197197e-11,87422695060.76248
170,339536.0,8.132506,5649323133368841.0,0.012665110111951755,9.447630282819087e-09,8797939963660.979,415344319.29,0.2613432561610123,1.4395540506372789e-15,0.00026168295568374146,1.9525815243711475e-10,181780569870.15982
171,208238.0,0.16468863,714144469940875.8,0.0,0.0,0.0,1432459.0,0.2613432561610123,2.3060968323907153e-16,0.0,0.0,0.0
172,302559.0,3.582515,1972975852971658.5,0.0019490759277398222,1.3938621646593906e-09,1073402272157.6888,211656592.37,0.2613432561610123,1.8157926234140596e-15,0.00025829044288777934,1.8743484330440288e-10,142246663830.0032
173,19827.0,3.4270034,3420009526300918.5,0.00044916419774519186,3.7798765886641403e-10,448247537531.43805,38847694.63,0.2613432561610123,1.002044986613428e-15,8.402772708242622e-05,5.558382654122322e-11,83856242189.69592
174,109839.0,1.7070385,3633330183009542.0,0.0010220795392870698,7.906657294311098e-10,2175435667987.6863,47617691.06,0.2613432561610123,4.698275174611393e-16,0.00012316187573446609,1.117379147334619e-10,262142746342.3386
175,181519.0,1.6451392,2590504986243976.0,3.202916311961065e-05,2.7838180536564314e-11,50434459750.62356,2076733.6,0.2613432561610123,6.350650582554252e-16,5.8407609732596334e-05,4.9724086899237134e-11,91971064969.38556
176,143225.0,3.3851914,4754679640609408.0,0.001310818676500007,8.216914168760507e-10,1841113880203.392,64479738.93,0.2613432561610123,7.119704492995283e-16,0.00010948602647827677,7.215640869887984e-11,153778891505.95297
177,157950.0,16.319857,4137854716992484.5,0.0053514305185032056,3.854795854927884e-09,1356840443739.5515,299938388.23,0.2613432561610123,3.944038183114789e-15,0.0002725611165269402,2.0103553827623082e-10,69107119118.12328
178,293130.0,2.4358559,1835494936301478.5,9.01583740819527e-05,6.278426319181689e-11,67937203958.82147,19460006.3,0.2613432561610123,1.3270839661961959e-15,1.205352084023757e-05,8.91239890449233e-12,9082711529.389074
179,392556.0,0.8722086,1281500246612659.8,0.0002822129217094761,1.800169542900744e-10,414643846400.9331,13867970.0,0.2613432561610123,6.806152416322005e-16,6.222841774665006e-05,4.123421898549824e-11,91429656493.46689
180,163643.0,1.4588518,2199699305474353.8,6.03433465440536e-05,4.244800873506613e-11,90987458412.80997,5438157.5,0.2613432561610123,6.632051009742016e-16,9.582018533427709e-05,6.726586218798069e-11,144480470963.6943
181,246539.0,2.6315875,5611567304255290.0,0.0006108385768688226,4.032881357763517e-10,1302545245459.2205,46316996.31,0.2613432561610123,4.689576650010861e-16,8.38018652378355e-05,5.5075119695330555e-11,178698145892.6392
182,309827.0,0.7040479,8084443415584045.0,0.00047947580763030664,4.006605084597354e-10,5505726294941.971,24762092.8,0.2613432561610123,8.708674967565932e-17,0.00012674431197850141,1.2872900494287746e-10,1455379979739.0574
183,404585.0,1.4412082,2056192022515420.0,6.035422536193505e-07,4.273884587980699e-13,861082227.4971006,1412163.2,0.2613432561610123,7.009112885463458e-16,3.362133329031579e-07,2.3808390765540265e-13,479680293.92199856
184,336198.0,13.061076,9159168824824202.0,0.007869683219759602,5.863411937689207e-09,5518669151581.714,799488261.09,0.2613432561610123,1.4260110551298513e-15,0.0003476410189859167,2.5226454619560417e-10,243785640886.3961
185,324355.0,0.6280883,9678290926856592.0,0.0,0.0,0.0,3720870.4499999997,0.2613432561610123,6.489661291923951e-17,0.0,0.0,0.0
186,337837.0,6.308689,2180595218725357.2,0.01377363314709447,9.965146506545853e-09,4760849454622.235,1234107731.66,0.2613432561610123,2.8931041147965438e-15,0.0005976424735492748,4.3381299417508005e-10,206574824076.56238
187,369516.0,11.360925,7756167200128211.0,0.03058384556690063,2.4489595551845184e-08,20879762857318.504,692715810.39,0.2613432561610123,1.4647601975125294e-15,0.00029648235168067485,2.385317656062149e-10,202410163919.0935
188,196562.0,1.8502576,4015010272975619.5,0.00014606236437398788,1.0756268240073005e-10,316951484732.0014,24524631.75,0.2613432561610123,4.608350848947467e-16,6.166008937443185e-05,4.3387352318453984e-11,133800770374.31908
189,352355.0,4.213166,2517884837918004.5,0.003393457154501231,2.603374714112767e-09,2028007991482.6582,276687641.05,0.2613432561610123,1.673295750684052e-15,0.0003007523191527555,2.1631924863458051e-10,179736498481.9966
190,101335.0,13.1475935,2348348769133194.0,0.005666525384685897,4.5247966200878765e-09,1012122706135.4707,231644972.5,0.2613432561610123,5.598654540932158e-15,0.0003617458842909836,2.9849269173434624e-10,64613003293.24375
191,67904.0,2.887946,5620569195473764.0,0.0011132362222935938,7.420847911419897e-10,2166599104799.3823,123141617.48,0.2613432561610123,5.138173554247243e-16,0.00011902667734993525,7.641415509226586e-11,231651726227.7899
192,10605.0,10.179851,4482286928701043.0,0.0009157756135560082,6.19973453466487e-10,403224866676.85736,68153718.99,0.2613432561610123,2.2711288148057265e-15,0.00014126803469821227,8.710493603939097e-11,62201683047.333626
193,412885.0,9.693381,8364528848740730.0,0.00485482950531739,3.406242850979883e-09,4189287664742.0537,920746101.88,0.2613432561610123,1.1588675435627588e-15,0.0002853574947002496,1.868688314338069e-10,246238231698.9931
194,392263.0,1.2661109,2438382739516411.0,0.00023058893520516943,1.373476238292353e-10,444087543617.0349,22801003.8,0.2613432561610123,5.192420695411827e-16,5.393522015601787e-05,2.9250031113918947e-11,103872978173.12183
195,257229.0,4.386214,5121592414121167.0,0.0003265798606520153,2.5072673799421867e-10,381333180943.77277,44525497.6,0.2613432561610123,8.564160607365798e-16,6.608419860801065e-05,5.497653185003339e-11,77163661026.1296
196,322821.0,2.4763622,2163971939988342.2,0.0013504657119447247,1.8080551982663533e-09,1180106006530.3708,33781997.27,0.2613432561610123,1.1443596630062314e-15,8.190209071232374e-06,1.100509374925174e-11,7157023561.732947
197,160667.0,2.5984821,2073841801582316.2,0.00030251534007734606,2.1119798605747653e-10,241436705633.75842,31129581.85,0.2613432561610123,1.2529799032970545e-15,0.00010791126533491486,7.731398826410753e-11,86123700029.79324
198,173132.0,12.956427,1.0292972197244848e+16,0.004469215051684765,3.35138563130533e-09,3550477787626.1323,233434061.88,0.2613432561610123,1.2587644027123757e-15,0.00036242498451635307,2.7506874785028273e-10,287921221584.7561
199,131426.0,3.6719997,4449775939721791.0,0.000651572630189893,4.706123983224672e-10,789584000456.2719,34708262.99,0.2613432561610123,8.252100217498998e-16,9.980637171315812e-05,7.84407884602519e-11,120946630654.71944
200,40696.0,0.71168005,894497677660594.0,0.002706907015759159,1.8869731049819847e-09,3402262068804.284,173013856.94,0.2613432561610123,7.956197850186461e-16,0.00021298144563378045,1.4708476597689883e-10,267692495390.60797
201,280299.0,8.379216,6312202567364679.0,0.007251471521455908,5.36186167133331e-09,5462653923100.423,520974759.7,0.2613432561610123,1.3274631019166248e-15,0.00039018261409519964,2.707249668669523e-10,293931043003.6391
202,344262.0,1.965328,5013923507261537.0,0.0001736207035193428,1.267978355173486e-10,442939258344.1129,12531714.66,0.2613432561610123,3.919740692401202e-16,6.153344527170661e-05,4.4178709075479094e-11,156983459112.4744
203,281228.0,3.275928,1459546119463316.0,0.0001126265625843046,9.600327389505939e-11,50179265957.13156,48347339.1,0.2613432561610123,2.24448406002037e-15,0.00010531662031435334,7.427419119339899e-11,46922418470.3711
204,317530.0,2.449792,3167764618681071.0,0.0007183203070840874,4.751028468185754e-10,928841980731.8718,25559000.66,0.2613432561610123,7.7335038896292565e-16,9.140620364107533e-05,6.220063453208883e-11,118195070366.03732
205,112498.0,8.713416,5403099185451493.0,0.0186687984421993,1.624399748702908e-08,11576328922710.121,237940706.63,0.2613432561610123,1.612670006773509e-15,0.00010915696270058847,6.864617176118121e-11,67687104145.367165
206,303869.0,0.96311307,4389467865777094.5,0.0,0.0,0.0,1959798.0,0.2613432561610123,2.1941453940442372e-16,0.0,0.0,0.0
207,360934.0,6.275317,2526751337248254.5,0.004373432505154027,3.3941348104417114e-09,1760959076770.611,395278229.63,0.2613432561610123,2.4835514708123603e-15,0.00031846342799700145,2.5128736167461174e-10,128229042860.47804
208,205061.0,0.9639711,270033984803701.78,0.0011700219142655821,8.559313147044733e-10,327754306967.07635,143333356.5,0.2613432561610123,3.569814002118097e-15,0.0001616276449784631,1.1836179905587993e-10,45276209035.6987
209,216329.0,7.7595334,4594033426988288.0,0.0017820806554203913,1.1811681146603517e-09,1055081237306.16,106247056.87,0.2613432561610123,1.6890459164740817e-15,0.00015281903410986064,1.1998581668948508e-10,90476542182.38988
210,338884.0,8.254018,6880820552248740.0,0.0027563959249563732,1.9479462210532017e-09,2297822191637.3926,291687450.01,0.2613432561610123,1.199568850448001e-15,0.00012306858684252094,8.600146879863174e-11,102594016839.09909
211,315422.0,1.2644149,1587124757406371.0,0.0008440630621282351,6.196915152058125e-10,1059488766476.8533,39266493.02,0.2613432561610123,7.966701383111601e-16,8.156154896735249e-05,8.619017350228771e-11,102378067213.93205
212,359034.0,1.177607,2305781623027206.0,9.243347361359197e-06,5.635882634324827e-12,18098686982.22671,3420212.9,0.2613432561610123,5.107192234683299e-16,4.016501509339785e-06,2.4556082127062475e-12,7864402444.191237
213,264365.0,2.353003,2015307104858862.2,0.00013819158426516608,1.1299078820682084e-10,118358744804.52907,40516745.3,0.2613432561610123,1.167565476411491e-15,8.356577294276099e-05,5.125973862963522e-11,71572665200.41354
214,151840.0,8.645517,1943194353476421.5,0.0035055324823868167,2.7219843968887697e-09,787914814776.5189,253547699.41,0.2613432561610123,4.449126246447228e-15,0.0002601442335448145,2.1077084007104588e-10,58470859025.98248
215,253685.0,1.1981975,1839057311651907.8,6.598473475189153e-07,4.864685467119801e-13,1012768837.3817993,2436100.9,0.2613432561610123,6.515280912717917e-16,3.362133329031579e-07,2.478712872872492e-13,516038122.3883454
216,323990.0,0.37116075,4253008185186586.0,9.477732589776189e-05,9.394279075267792e-11,1086022007481.3351,1008883.44,0.2613432561610123,8.727017062717376e-17,1.668717926132103e-05,1.6540244987390247e-11,191212863930.45114
217,377051.0,6.4423304,3749343463164579.0,0.0013024024354815896,6.977263205005741e-10,757979450709.7191,144103255.94,0.2613432561610123,1.7182555994916626e-15,0.00016205232925718696,9.696271783057048e-11,94312120562.92982
218,253181.0,2.270955,1873365521958963.2,2.7539510470091573e-05,1.657361875075754e-11,22718006039.88077,8544074.4,0.2613432561610123,1.2122327294810467e-15,5.844101689051137e-05,2.7715587525614634e-11,48209403581.7114
219,407595.0,5.243224,2915133448777610.5,0.003965333764921518,2.8152930251448623e-09,2204650629782.358,156449515.85,0.2613432561610123,1.798622290241504e-15,0.00012981358224343443,1.1244967106848326e-10,72173898293.0119
220,301351.0,1.7686125,4527070152391318.0,6.988317301469561e-05,3.845922097020235e-11,178878090429.20758,11236055.2,0.2613432561610123,3.906748604427462e-16,1.1247962604416061e-05,6.578689137128679e-12,28791109291.416668
221,378141.0,0.70589393,1267783256757341.8,0.00030406019352592325,1.99314710114611e-10,546091142048.1581,6006295.5,0.2613432561610123,5.567938574969764e-16,6.733723793779376e-05,4.8868721012486963e-11,120937465511.02968
222,399268.0,1.2437961,1135703336784191.5,0.0005193635863940798,3.989119540222388e-10,474228017013.36835,48328744.1,0.2613432561610123,1.0951769354855284e-15,0.00012079377540338884,8.421361322479556e-11,110296127949.25867
223,254628.0,7.2040763,4776501908143204.0,0.0011319274261512113,7.992284229830147e-10,750499201527.1808,64935437.46,0.2613432561610123,1.508232685455051e-15,0.00015751966748020423,1.2320980283465552e-10,104439897768.61171
224,133096.0,2.286494,5239369615814434.0,4.717205129704054e-05,2.8845128282028885e-11,108092044974.25056,11884165.700000001,0.2613432561610123,4.364063174887454e-16,7.893138441168967e-06,4.748182615599756e-12,18086673187.018024
225,413090.0,8.413017,6534405711924588.0,0.008234420659289648,6.209743662643652e-09,6395689607004.492,468924605.2,0.2613432561610123,1.287495354726314e-15,0.0002954391446406008,2.0454508442506101e-10,229468124724.53778
226,288257.0,3.3779836,3778354068746939.5,0.0020776126639219326,1.5154178718365109e-09,2323858606658.008,114924126.25,0.2613432561610123,8.940357463958588e-16,0.00020575967659490314,1.5791432960476375e-10,230147035422.6725
227,355878.0,2.518705,4986920611256896.0,0.0004212127893582001,3.267889752667832e-10,833982042746.3387,59521925.72,0.2613432561610123,5.050621809207405e-16,8.768887611820831e-05,5.297471324739476e-11,173619960929.06696
228,245572.0,2.0735486,1576930885611233.0,0.00024102850623316003,1.8533615054917993e-10,183301850649.5626,11483344.16,0.2613432561610123,1.3149267472152234e-15,3.777383669598297e-05,3.03071313114592e-11,28726951349.93726
229,186901.0,8.545882,3544816542355682.0,0.0016044910150739863,1.2364721874183668e-09,665539998363.5775,221611331.24,0.2613432561610123,2.410810798778573e-15,0.00015000221352249758,1.2617794890790907e-10,62220649417.405785
230,329105.0,2.1248913,3555849480362416.0,0.01717301347172057,1.4449595583682607e-08,28737776388690.734,61322810.42,0.2613432561610123,5.975762786740424e-16,4.001963936699216e-05,3.1581232836705225e-11,66969926342.778275
231,284309.0,1.7380668,1.1656852332304112e+16,0.000490831758559227,4.183341042223901e-10,3291906461552.602,31577514.94,0.2613432561610123,1.491025836523101e-16,0.00015169346183977543,1.2459428694879336e-10,1017376480836.2205
232,302098.0,19.51605,7421184694298743.0,0.00783940358200854,6.011872169257399e-09,2981016234085.92,665035512.52,0.2613432561610123,2.6297755417666705e-15,0.000517048565002289,3.926308733087535e-10,196613192567.35434
233,301820.0,1.4279137,6352524550318841.0,0.00017139006508414423,1.4740810052284885e-10,762482771982.4877,5818459.2,0.2613432561610123,2.247789345305767e-16,3.3546685626626634e-05,2.8853368632332056e-11,149243013793.46237
234,213143.0,11.967359,1.2435539986545528e+16,0.016158623907970612,1.2097417487701144e-08,16790773447601.86,1754184035.23,0.2613432561610123,9.623513746043942e-16,0.0004751901495879665,3.468152502162726e-10,493780299096.3761
235,381194.0,0.9194372,766918314311361.5,0.0005881587932445963,4.202249251025714e-10,490593321939.2802,29485931.71,0.2613432561610123,1.1988723998925357e-15,7.816629738733566e-05,4.720012017165451e-11,65199847285.117516
236,238915.0,4.444237,3787773896686718.0,0.0005098447498435488,3.991673468987051e-10,434535024756.8173,124844466.22,0.2613432561610123,1.1733110584788365e-15,0.0001576048176334362,1.2218617554081838e-10,134324837812.20493
237,129161.0,1.4540935,4285999360416500.5,0.0002534229068947802,2.708798705026082e-10,746974260503.8247,8128584.7,0.2613432561610123,3.3926591623632336e-16,3.840287309526139e-05,4.107267373213308e-11,113194020552.63046
238,241168.0,0.6691732,1227672191678904.5,6.307985451219361e-06,3.930402932817645e-12,11572696461.808565,26784728.9,0.2613432561610123,5.450748208973207e-16,2.1372993588625195e-06,1.2980409770493583e-12,3921111885.784826
239,295330.0,0.6515418,1826084919257551.5,2.3370011224813266e-05,2.2626309326201288e-11,65499443106.353584,1032868.9,0.2613432561610123,3.567970980587822e-16,7.878804201210712e-06,7.628077678794193e-12,22082029938.238686
240,354036.0,5.276623,1.0462065399176322e+16,0.0032144562672762104,2.5209198142402025e-09,6373366391920.726,436405594.09,0.2613432561610123,5.043576768709005e-16,0.00016446535752832547,1.4446452904397562e-10,326088736367.98706
241,291281.0,44.661064,3.599757815185855e+16,0.04279565827593972,3.272005385361303e-08,34494029370826.73,3921948214.72,0.2613432561610123,1.2406685753023126e-15,0.0008911230642498199,7.058989987292123e-10,718260365410.3843
242,293676.0,1.9169946,1920098096231175.2,0.000977865655076871,9.058521891904251e-10,979448759366.8501,69530073.6,0.2613432561610123,9.98383678293694e-16,0.0001286968914864487,1.195464602861953e-10,128905243830.10797
243,28547.0,18.838795,4670519548465490.0,0.004023152965894509,2.8939296218348455e-09,997421256172.5533,277218879.25,0.2613432561610123,4.033554469585623e-15,0.000272855828534268,2.0631309017210852e-10,67646496555.75352
244,376143.0,6.6313267,4284931879750290.0,0.004190802149057955,3.1619558174582925e-09,2707950089417.9224,363694662.28,0.2613432561610123,1.5475920938996232e-15,0.000301229837531181,2.471615894876678e-10,194644208069.15723
245,162050.0,3.4450634,5595134746956787.0,0.0007608680996615305,5.776790623152088e-10,1235727488285.7625,100523806.16,0.2613432561610123,6.157248316269383e-16,0.00016126358923735493,1.287239746227907e-10,261908536011.52628
246,309162.0,0.26236284,959867589662876.5,7.815934397476963e-05,6.467333113294016e-11,285949874268.37506,1208525.1,0.2613432561610123,2.733323250263578e-16,3.839925582654793e-05,3.1773651889024007e-11,140485600533.5082
247,171763.0,1.0016104,2286643994924326.5,0.0001860681991733453,1.317461607120031e-10,424787652250.9287,6463908.4,0.2613432561610123,4.380263837410978e-16,3.8655001796187366e-05,2.7268507767660325e-11,88248112969.91415
248,6.0,4.439132,3916763745986492.5,0.0015890175741075808,1.3474888347629128e-09,1402032295052.271,150050379.01,0.2613432561610123,1.1333673123758812e-15,0.00018722437482905996,1.4610241726949933e-10,165193025054.32324
249,190864.0,0.9567954,5358977202967195.0,0.00024399069948209415,1.794618300294783e-10,1366583280250.472,6909131.2,0.2613432561610123,1.7854067367001206e-16,0.00010771452632852356,7.944017980724748e-11,603305253163.8086
250,279788.0,9.5057955,3337182231863219.0,0.0011393731164690707,8.68599380303533e-10,399997635099.893,56766367.6,0.2613432561610123,2.848449631919775e-15,0.00020293045079930005,1.5928576679814207e-10,71242422026.7959
251,367257.0,4.1509314,3411170689490782.5,0.07681901713227798,7.109686174742626e-08,63128670263526.13,495143415.34,0.2613432561610123,1.2168641729914866e-15,0.00012666797137938886,1.2774149774172582e-10,104093763454.30054
252,153295.0,2.5337102,4182459038988109.5,0.00038231997871676334,2.6274462836612934e-10,631105187471.5856,22894465.0,0.2613432561610123,6.057943846864302e-16,7.689503568283218e-05,5.2167637612033e-11,126932565944.1931
253,77562.0,6.7201476,2651467059748346.0,0.0009504981175811687,7.35200703968057e-10,375023674944.1752,103042530.39,0.2613432561610123,2.534501635723816e-15,0.0001885925006578825,1.4742819551734334e-10,74410092303.619
254,360117.0,3.0070152,2407189266174576.5,3.085369145995463e-06,2.8074783177282935e-12,2469913517.7056966,8972018.95,0.2613432561610123,1.249181043740132e-15,1.1015570221056755e-06,9.804566931819127e-13,881823357.4915128
255,207486.0,3.5739439,5769793571939964.0,0.0005125635210048333,3.9529070605572697e-10,827485207225.7211,30057643.95,0.2613432561610123,6.194231830721011e-16,8.08847239016713e-05,7.531576359894982e-11,130580717855.14085
256,331705.0,5.3174515,7004697511766247.0,0.002462439142313775,1.746271990511153e-09,3243779719108.132,201296374.74,0.2613432561610123,7.591264991911399e-16,0.00019886157760778527,1.4394407815066765e-10,261961053684.30045
257,240672.0,3.5898068,2539377493981661.5,0.000414650098485797,3.4211960145213633e-10,293317492175.93335,36014646.93,0.2613432561610123,1.4136562242155258e-15,0.00012050254925522266,9.194181798725594e-11,85241763302.17244
258,290766.0,4.4374924,7115886461270871.0,0.003294078650059481,2.7118267329396045e-09,5282327845411.0,218080410.09,0.2613432561610123,6.236035979707693e-16,0.00021481581481674092,1.7506088228167296e-10,344474944525.2722
259,226986.0,2.781465,3073772229815637.0,0.0,0.0,0.0,832955.25,0.2613432561610123,9.049027683377926e-16,0.0,0.0,0.0
260,10609.0,0.82736945,1344135829974165.8,1.640127393252468e-05,1.3576921879460737e-11,26645339575.842094,8495989.64,0.2613432561610123,6.155400604237311e-16,5.665668029120971e-06,4.4015033747194405e-12,9204385536.208296
261,314999.0,1.0313097,1046813905889048.4,2.2358571994033388e-06,1.6471485267417488e-12,2269469983.572886,1357410.8,0.2613432561610123,9.851891479451825e-16,1.0489940265456586e-06,7.727903937007563e-13,1064764089.9552685
262,295329.0,2.5857627,3562741273316911.5,0.00037586938267977353,2.8320597113736366e-10,517884090078.86835,37343647.29,0.2613432561610123,7.257789723228079e-16,9.598860063320962e-05,6.878031092472314e-11,132255968130.3585
263,242660.0,2.4889104,4757685484643887.0,0.00021275084186971852,1.1914897575753695e-10,406684624809.84717,7419422.3,0.2613432561610123,5.231347065780863e-16,6.362678620689579e-05,3.475029772683686e-11,121626008381.45396
264,237271.0,2.364583,3655789870691414.0,1.7935490156366254e-06,1.868705248703619e-12,2772936422.173775,9588854.58,0.2613432561610123,6.468049542335403e-16,1.1247946481836152e-06,1.1808634136394137e-12,1739001287.515631
265,208933.0,3.5090256,4600546593740685.0,0.0008097988734482441,5.427388134479711e-10,1061695716570.8232,46623795.18,0.2613432561610123,7.627410196810606e-16,9.986137241075966e-05,6.40889695869518e-11,130924350249.99257
266,81234.0,11.096214,3279494399830584.0,0.0032063528821287797,2.346659147142683e-09,947640007737.9532,181740875.82,0.2613432561610123,3.3835136295927878e-15,0.00033907720099165097,2.653360812993204e-10,100214521976.80656
267,404846.0,5.532737,3964836771809803.5,0.01320997688947297,1.0659928747725712e-08,9466454329229.84,118304753.97,0.2613432561610123,1.3954513939484342e-15,0.00014494694409823884,1.1917941532831507e-10,103871008855.50087
268,118090.0,1.5216485,570141246524421.8,0.0005827915793025224,6.734371892302534e-10,218364173780.9202,69644049.01,0.2613432561610123,2.66889741669448e-15,0.0001486281746778036,1.6271024443429982e-10,55688979931.602104
269,409782.0,1.545261,2990052752164484.0,0.0008053387633391395,6.781426234960835e-10,1558316288152.575,21720918.41,0.2613432561610123,5.168005811540928e-16,9.190348483291872e-05,6.628788699565846e-11,177831620521.17767
270,98103.0,14.709129,3534257402926179.0,0.002817432534563491,2.242084570406818e-09,676962707480.9178,245377736.44,0.2613432561610123,4.1618725868188366e-15,0.00022326054317960102,1.9210578568066871e-10,53644252322.06644
271,286280.0,6.10369,2726645122189954.5,0.0036116245546181573,2.5744767138808357e-09,1613387717107.367,427159428.99,0.2613432561610123,2.2385348024673305e-15,0.0002623723273129949,1.9552331970214968e-10,117207169182.18384
272,389463.0,0.62441957,1108780049394428.8,0.00022829252229304448,1.48612741194506e-10,405378380668.7234,34785575.45,0.2613432561610123,5.63159095747649e-16,7.759022277785929e-05,4.732275796020103e-11,137776737273.24008
273,358775.0,1.6554177,1450724633044853.0,0.0005906049907025096,4.718289687579773e-10,517576445154.2091,29281760.89,0.2613432561610123,1.1410971195308976e-15,0.00011855830216632565,8.480477618996848e-11,103898520237.31747
274,212358.0,6.4378448,5655928448505371.0,0.0010974722818132558,7.658749764447359e-10,964177437168.6776,52181871.2,0.2613432561610123,1.138247214160083e-15,0.0001742798167307422,1.1045591619524599e-10,153112447421.48914
275,124693.0,5.672699,7371458763462740.0,0.0018603687833499026,1.3284813333995403e-09,2417479187825.2583,170799161.96,0.2613432561610123,7.695490379892258e-16,0.00017024178100812312,1.2638997140206593e-10,221222784519.29742
276,168036.0,23.241203,5913605030547188.0,0.005152873912281511,3.7780983602699146e-09,1311122367006.7043,501346036.37,0.2613432561610123,3.930124328551831e-15,0.00041404311180159495,3.053870804579778e-10,105351148510.3987
277,424921.0,0.7838203,3703167880148505.0,0.0,0.0,0.0,1197186.4,0.2613432561610123,2.116621026558934e-16,0.0,0.0,0.0
278,197441.0,1.4813796,4826376306484809.0,0.00020200876451807493,1.498433059344162e-10,658150223462.1741,9891891.4,0.2613432561610123,3.069341273720391e-16,4.2902075988678413e-05,2.895865037923344e-11,139776167466.30527
279,406884.0,4.7308846,5482009418764434.0,0.002510699034857181,2.1783053010218814e-09,2909323925755.838,212225409.4,0.2613432561610123,8.6298366869028e-16,0.0001302675166625451,9.123391986079056e-11,150950152811.4055
280,355583.0,2.0188758,5213548255289449.0,1.0335878287004573e-07,8.421686952370687e-14,266913894.40646517,6693280.7,0.2613432561610123,3.87236427312576e-16,4.05924294486089e-07,3.3074763842971903e-13,1048259579.562819
281,270651.0,3.2593658,2143558831114004.0,0.00045171236548968637,3.1014862633924996e-10,297073752865.91455,68574068.39,0.2613432561610123,1.5205394658126144e-15,0.00012354398314910308,9.163993405421376e-11,81250099669.77614
282,394252.0,1.1229771,2209982222321157.0,3.469877098579361e-07,2.0431478041797575e-13,682860469.8617367,27144141.25,0.2613432561610123,5.081385219563127e-16,4.05924294486089e-07,2.390180710671362e-13,798845741.7542306
283,182652.0,1.6743596,990903373651371.1,0.00028277455842600494,1.7482945588137186e-10,167348915924.0972,46124204.38,0.2613432561610123,1.6897304465017281e-15,6.777804533112532e-05,4.4360422700699566e-11,40111750055.428734
284,384645.0,7.4012413,4946355509352714.0,0.015070347996434866,1.1502655398295417e-08,10071729297628.527,200228202.4,0.2613432561610123,1.4963019309884854e-15,0.0001592932275568868,1.0829002177078301e-10,106457944254.37563
285,53360.0,0.51754075,1712229236277214.0,2.4346564377280058e-06,2.0313674356370364e-12,8054805216.726269,1198530.8,0.2613432561610123,3.022613672484967e-16,3.995936666374323e-06,3.3340291850441585e-12,13220136938.93326
286,317310.0,0.38038886,364474850375712.56,0.0007042403615049843,5.396035270167989e-10,674777648294.0823,77439101.98,0.2613432561610123,1.0436628469917272e-15,7.437208265185571e-05,5.83618097379331e-11,71260640221.33887
287,291049.0,1.7276226,1646088906729207.5,1.4231905548937486e-05,9.027196407477566e-12,13560242755.404943,12447814.56,0.2613432561610123,1.049531767656949e-15,4.61530366247599e-06,3.0348568131416858e-12,4397488294.022323
288,63577.0,7.817439,6004397863942558.0,0.0031644827566922732,2.293752296865968e-09,2430567543253.7617,126114985.53999999,0.2613432561610123,1.3019521985618352e-15,0.00028943450864972844,2.1334217077412135e-10,222308091625.36392
289,285690.0,0.10531749,150849538347262.62,4.558754137829817e-05,3.8184562589496804e-11,65296462831.60576,4926717.4,0.2613432561610123,6.981624945881787e-16,3.860874424799651e-05,3.2933960877498514e-11,55300513200.39819
290,186900.0,0.15997753,1022543381346576.5,0.00017547362402133384,1.4201656871263422e-10,1121591218741.2354,5364114.66,0.2613432561610123,1.5645060436392175e-16,6.998861696998432e-05,5.7598465656205055e-11,447352806686.40247
291,144713.0,0.5695682,4098549997883359.0,3.776316129781063e-07,3.1765778694535123e-13,2717395470.063299,4295029.7,0.2613432561610123,1.3896822053998263e-16,3.412912194508887e-07,2.6369735576135286e-13,2455894003.137902
292,369360.0,1.7694558,3538966163644797.5,0.0005837024507771607,4.43809239661238e-10,1167422900835.9036,61620811.56,0.2613432561610123,4.999922910191459e-16,9.695639765515746e-05,7.800786994185284e-11,193915785096.46414
293,371249.0,1.7669857,8269698855686143.0,0.0007523815811374604,5.668190678077973e-10,3521233420605.3774,48432413.48,0.2613432561610123,2.1366989667163543e-16,0.00017593227299598938,1.220298249441232e-10,823383526348.3998
294,258147.0,2.3063905,1186950105223788.0,0.0006973259412525754,4.979168251032081e-10,358868586800.4665,53591395.18,0.2613432561610123,1.943123379701923e-15,8.277611805885751e-05,5.376656224733486e-11,42599517315.033
295,200069.0,11.386889,4775923798204854.0,0.004843699629285333,3.1152362243259865e-09,2031559307450.8633,374152266.5,0.2613432561610123,2.384227529819474e-15,0.00027122555041152283,1.9597843109840837e-10,113758249587.89027
296,377444.0,0.7892971,389702682615638.56,0.0007130305213248528,6.834562187280303e-10,352047292391.0685,51567017.14,0.2613432561610123,2.025382773098534e-15,0.00013957674303053581,1.2660242276145974e-10,68913760344.1764
297,241169.0,3.7553911,5345902333895931.0,0.0007778910054084066,5.83284713816954e-10,1107349202944.3892,65460934.71,0.2613432561610123,7.024803046229962e-16,0.0001346761330181154,9.992821664889696e-11,191715172840.8852
298,305276.0,1.8029405,2680514900801694.5,3.4688707762038764e-06,2.6686496560116697e-12,5157330374.77944,4104361.2,0.2613432561610123,6.726097659299608e-16,1.5211233811492075e-06,1.3069208413148016e-12,2261524375.9449115
299,342985.0,4.3712497,3200382666060898.5,0.0008518751127182146,5.284101912738881e-10,623694945725.0288,83543818.08,0.2613432561610123,1.36585219834984e-15,0.00010274632320583839,5.919487276177563e-11,75225067053.35452
300,129160.0,8.947353,5038148626770208.0,0.0027418897620456574,2.2414552357521895e-09,1543925688346.6677,99104142.09,0.2613432561610123,1.7759208119542624e-15,0.00021316182132251864,1.899782859979879e-10,120028899874.17326
301,381613.0,5.559963,4105814674532187.5,0.0023566960242721873,1.7197231114921796e-09,1740327610070.1409,201961100.38,0.2613432561610123,1.3541680374634777e-15,0.0002759226677154878,1.9923450919601503e-10,203758071437.2233
302,398576.0,1.0812265,1437006778965246.8,8.459128853451755e-08,9.263563355732318e-14,112426263.19786544,913161.44,0.2613432561610123,7.524157267918838e-16,4.1474638349387475e-08,4.5418735978807294e-14,55121971.634252205
303,162051.0,4.531995,5950475476903193.0,0.0011129279522577458,8.227804742192656e-10,1461266062180.0784,81036902.25,0.2613432561610123,7.616189693732823e-16,0.00010174245861283255,7.439085341040714e-11,133587085805.58852
304,368353.0,0.5846422,660420550018967.4,2.6333804280768558e-06,1.4032607069574689e-12,2974705812.7512875,5207363.5,0.2613432561610123,8.852574317731467e-16,1.1247946481836152e-06,5.481345046364409e-13,1270584812.7484024
305,359239.0,0.9602016,2329431169251564.5,6.165597339525369e-05,3.878655022026072e-11,149576241278.3411,6791659.4,0.2613432561610123,4.122043238171782e-16,7.893138441168967e-06,4.954523425303583e-12,19148606613.524387
306,28546.0,0.49728918,3733092007039768.5,9.199811308947357e-05,7.629065968350134e-11,690619129571.7604,1205889.6,0.2613432561610123,1.33211069821538e-16,3.839925582654793e-05,3.1843093950348296e-11,288258745147.76556
307,98107.0,0.7975384,884001592417870.2,4.078388176296686e-06,3.015747040341083e-12,4520536744.493412,7545298.3,0.2613432561610123,9.021911349940206e-16,4.030762201541643e-06,2.6685811451761684e-12,4467747515.12977
308,220174.0,5.9825354,3055515826219633.0,0.00030678852548009797,2.810318007097393e-10,156688950792.84018,24959119.33,0.2613432561610123,1.957946134221715e-15,0.00011060705244619503,9.614860779868737e-11,56491366393.060356
309,289060.0,3.155031,2933239865111532.0,0.001728466910707674,1.1353120594070748e-09,1606959820050.5557,123333360.93,0.2613432561610123,1.0756130235124957e-15,0.0001593453969980115,1.204210958814318e-10,148143796620.88608
310,289678.0,0.34312138,409272383600700.5,0.000279120429501254,2.2282854819392992e-10,332932571831.0807,8314655.640000001,0.2613432561610123,8.383692468602044e-16,9.761063027479469e-05,8.712329437707476e-11,116429163689.33911
311,348629.0,0.38685018,1163141188567218.0,3.3363143446883325e-06,2.3464992600975865e-12,10031285580.155724,13797281.2,0.2613432561610123,3.3259090452856394e-16,1.2868629856671733e-06,8.955750323713943e-13,3869206788.7161765
312,276227.0,0.26743996,812865444289361.1,6.864297902940689e-07,5.067163505885515e-13,2086356341.2918599,1354662.8,0.2613432561610123,3.290088930201806e-16,1.9041445805602935e-06,1.405622550911041e-12,5787517057.915812
313,273369.0,2.4970422,3117668682510090.0,0.0019206999744166165,1.482706340696113e-09,2398079679525.086,83728516.89,0.2613432561610123,8.009325089635848e-16,0.00014013989735563067,1.177326237738388e-10,174970919256.32184
314,7.0,19.573936,1.62142630789968e+17,1.0388415190970566,7.585923095197126e-07,8605346256381115.0,4431034637.74,0.2613432561610123,1.2072047865903424e-16,0.00044102623774179556,3.4259516665341e-10,3653284369319.314
315,330931.0,1.0478779,552766290740837.06,0.0006699696244898618,4.5553042307990386e-10,353415817089.27386,48677662.83,0.2613432561610123,1.8956979062446024e-15,0.00012894285172334206,8.616812770933308e-11,68018670748.43122
316,399391.0,4.62431,3718967249305375.0,0.0038697468803808935,2.8993912026209576e-09,3112131736678.161,132908389.11,0.2613432561610123,1.2434392910730053e-15,0.0001362893002736603,9.131948872142193e-11,109606718439.82965
317,362001.0,4.310489,3542218776921534.0,0.0008439480139170917,5.614506595883079e-10,693528855227.9703,45848788.94,0.2613432561610123,1.2168895462030589e-15,0.00018651178234757202,1.207835433804041e-10,153269278160.47598
318,272621.0,6.750143,3139722954476949.0,0.00635334086837931,4.859389551956941e-09,2955156677727.721,580514025.56,0.2613432561610123,2.149916759494634e-15,0.00038522128869947176,3.023205303342922e-10,179179629629.0202
319,153294.0,0.9175291,2649436240025208.5,6.527437951093727e-05,3.578007779818752e-11,188484819305.9339,1824321.9,0.2613432561610123,3.4631107030953497e-16,6.313578694246358e-05,3.460781068432253e-11,182309467860.88135
320,395450.0,1.5896877,1240368841450088.5,0.00039864330667367876,2.9779748999438373e-10,311045204948.53375,38387012.84,0.2613432561610123,1.281624986759205e-15,7.427858315379589e-05,6.083363654680444e-11,57956566016.72635
321,289986.0,0.30302843,232877946813260.44,0.0005611586660610608,3.5379803237252276e-10,431251542928.7209,113587170.3,0.2613432561610123,1.3012328309601237e-15,9.52081397890115e-05,6.631221626779099e-11,73167643425.32114
322,170579.0,16.126144,7579229710977814.0,0.006166276625542577,4.2973310714261525e-09,2898127847948.0474,615993097.88,0.2613432561610123,2.1276758476712706e-15,0.00035660985930084156,2.560952139565173e-10,167605351957.70026
323,380643.0,9.263916,5321742819467520.0,0.006414265888105486,4.7098211802260735e-09,3684734774384.917,430348682.98,0.2613432561610123,1.740767322710819e-15,0.0003465357942232029,2.5722248522332245e-10,199070714220.18552
324,122619.0,4.1374164,5062763766188515.0,0.0008964054076772586,7.072258714407867e-10,1096889551122.7413,84816063.25,0.2613432561610123,8.172248580175884e-16,0.00015626550089315095,1.1492230579337714e-10,191214816044.8979
325,20.0,10.55841,3734823323278864.5,0.007505666565574557,5.764579089170567e-09,2654977268912.86,488447566.35,0.2613432561610123,2.827017260546235e-15,0.00023523924067496297,1.7155872980396748e-10,83211108739.21942
326,73536.0,2.8352933,1767268789744962.2,0.00041025660997881514,3.208042163269761e-10,255717354744.96823,24993128.74,0.2613432561610123,1.6043362031019437e-15,0.00010481174366555786,7.466652754299477e-11,65330286421.82791
327,87621.0,2.7650075,2741053041320166.0,0.00017516234101879597,1.4587228004808244e-10,173644833720.82382,10986182.7,0.2613432561610123,1.0087391445253817e-15,9.58262559551721e-05,8.762397504515869e-11,94996071556.49637
328,180488.0,12.518453,4777543867132634.0,0.002053978397567709,1.5648190544835192e-09,783880555889.975,186137295.41,0.2613432561610123,2.6202696088509743e-15,0.00019361516076438486,1.6571751409586744e-10,73891312600.18997
329,242661.0,4.022702,5161480677544740.0,0.042307835404253966,4.812438901528437e-08,54284676057982.945,140600050.37,0.2613432561610123,7.793697683497975e-16,8.837467667415674e-05,6.014361348043333e-11,113392487446.97566
330,424127.0,1.8822722,4164446920014142.0,0.0023201840754782333,2.1065627767218863e-09,5133308257430.136,74373664.97,0.2613432561610123,4.519861187217649e-16,8.905024289664595e-05,6.796102017426907e-11,197019862354.36536
331,251704.0,7.9908705,5890592154766719.0,0.0020047998653646946,1.479031564233027e-09,1477868820273.6667,143644143.36,0.2613432561610123,1.3565479140384412e-15,0.00017338462405145502,1.3591152492784462e-10,127813122011.51027
332,10620.0,0.18432032,8936197776127841.0,0.0006324252115971387,5.361390946177423e-10,30661170561344.13,2886649.7,0.2613432561610123,2.0626257902705928e-17,8.305960769987324e-05,7.423150085546371e-11,4026886897839.9023
333,239542.0,4.5767856,4100868412473787.0,0.004150785069658238,2.961520686794659e-09,3719165560023.016,195202520.43,0.2613432561610123,1.1160527819128737e-15,0.00021907281686849885,1.5750815612913592e-10,196292523453.07187
334,313370.0,1.3415123,5047432274399595.0,3.009272253896187e-06,2.1170774043617745e-12,11322369460.772612,3286145.0,0.2613432561610123,2.657811392149043e-16,1.0489940265456586e-06,7.37986251670967e-13,3946833961.372507
335,244595.0,4.910385,3413146328944015.5,0.00047034819876240653,3.3213365560704367e-10,326933066945.1251,40871855.12,0.2613432561610123,1.4386681749795388e-15,0.0001340940564037117,8.260777193577076e-11,93207077723.54721
336,295767.0,1.3955994,5092923279624723.0,7.247813776310715e-05,5.8034908768915e-11,264492514884.6984,3274737.4,0.2613432561610123,2.7402717916120583e-16,1.4911099503332376e-05,1.1939659682600127e-11,54414673569.88123
337,14.0,0.7706579,4723210578298798.0,6.202435654346027e-05,7.196669509041805e-11,380135072823.1655,5415830.3,0.2613432561610123,1.6316399347953166e-16,5.854414047978634e-05,7.368296945271296e-11,358805513589.8013
338,249386.0,2.4752712,4845323965443145.0,0.00027803469088415205,2.1741736646247136e-10,544250727340.7288,66618171.49,0.2613432561610123,5.108577295664101e-16,6.516982049971893e-05,4.83557630446753e-11,127569412632.81216
339,124692.0,1.496149,2145452753720858.2,0.0001595125364808587,1.297952007501812e-10,228738321280.73956,7337756.64,0.2613432561610123,6.973581671305644e-16,5.543606053235909e-05,4.467295997540973e-11,79494387741.18488
340,329657.0,0.5253592,637318516648249.6,0.0003742086893565499,2.0163543967451013e-10,453956315636.239,15479351.05,0.2613432561610123,8.243275321152445e-16,3.7068470056011914e-05,1.857553196811643e-11,44968132946.97718
341,178840.0,8.478277,2989830265024008.5,0.00043917168054377815,3.1282806580577205e-10,154872125790.56375,37484292.49,0.2613432561610123,2.8357051231909713e-15,0.00012252194140493694,8.09346887917313e-11,43206869572.907166
342,104414.0,33.24194,7499991086659490.0,0.016073073270060207,1.2370778709989671e-08,3626379996494.6826,1579154770.38,0.2613432561610123,4.432263934170357e-15,0.0005925493415396692,4.680766374120571e-10,133689994625.86928
343,94716.0,17.59467,4362726286472790.0,0.005118020280435389,4.008826380540021e-09,1269050321043.6067,322264158.93,0.2613432561610123,4.032952985053085e-15,0.00036550195061342246,2.7773037018590096e-10,90628864747.00905
344,324188.0,3.9573505,2858889119882838.5,0.00041849571361507747,3.134852946667446e-10,302331785463.97375,33263001.47,0.2613432561610123,1.3842266468040488e-15,9.892094806115695e-05,7.099498398797721e-11,71462970525.49098
345,341593.0,1.200975,600376587364952.8,0.0003992438862798318,3.431309425843171e-10,199585072104.7538,63066611.910000004,0.2613432561610123,2.0003694768829478e-15,9.679324532901045e-05,7.93981105733272e-11,48387683599.250565
346,10614.0,8.129009,6960828608084087.0,0.010498579845611925,7.183721416284669e-09,8989879939066.436,375012224.98,0.2613432561610123,1.1678220306357242e-15,0.00020859517806547486,1.5306594197991039e-10,178618978400.264
347,242151.0,4.6010656,5781098983614770.0,0.0013152437224325168,1.0882202818236644e-09,1652563733705.5854,66512060.86,0.2613432561610123,7.958807854770676e-16,0.0002008786816708385,1.477714583906667e-10,252397953734.27393
348,350948.0,6.0087023,9949568466790046.0,0.004077897149452557,2.9265316611426613e-09,6752425875551.561,431957771.87,0.2613432561610123,6.039158703270416e-16,0.0002614548438461579,1.977119054949228e-10,432932560133.86584
349,308302.0,0.8669572,929246134672349.9,0.00011566096894535326,1.625564249486088e-10,123970950728.51141,711512.75,0.2613432561610123,9.329683144775062e-16,7.598368268826374e-05,1.0679173730655387e-10,81442940246.92271
350,2.0,19.91241,5835710495496476.0,0.006569142543950073,4.727254286274681e-09,1925212171210.9111,442970505.16,0.2613432561610123,3.412165496449279e-15,0.0003700364851190764,2.78978902360554e-10,108446230261.73222
351,53361.0,0.66155624,2065747122811933.0,0.0,0.0,0.0,1576041.1,0.2613432561610123,3.202503504395434e-16,0.0,0.0,0.0
352,313940.0,2.9324274,4904690683675967.0,0.0007949093956267152,5.754867313846733e-10,1329541767034.6565,62538256.22,0.2613432561610123,5.978822293034399e-16,0.0001527434295827498,1.0351364553710878e-10,255474108606.14282
353,92001.0,4.44526,4846990938693873.0,0.0006599226658535525,4.2969157569450444e-10,719561776280.999,56719356.66,0.2613432561610123,9.17117456216634e-16,0.000133149683937287,9.539350484640877e-11,145182804050.60297
354,179521.0,8.799946,4279879625892900.0,0.0005338939546222217,4.450434422022404e-10,259660895507.20367,72276737.57,0.2613432561610123,2.056119977478126e-15,0.0001395362202851212,1.1757895740929944e-10,67863851240.95009
355,398794.0,2.6180346,4090656123801057.5,0.0003017968788368483,1.9924021527553818e-10,471554978898.29236,33587962.25,0.2613432561610123,6.400035888539342e-16,8.812880569498731e-05,7.396489398786738e-11,137700486731.334
356,203767.0,2.3388178,2979083774921170.5,0.0003836951584213116,2.51578466501761e-10,488734103600.8608,53532561.03,0.2613432561610123,7.8507956697588595e-16,0.00010415577260095089,6.779616146094017e-11,132669065636.43896
357,225214.0,5.872887,4771277910109102.0,0.00043757853727583037,3.4014513258398353e-10,355499570967.7406,53990820.79,0.2613432561610123,1.2308834468763336e-15,0.00010226738069492256,8.387471173682143e-11,83084536520.86307
358,320824.0,2.8174255,4301885640177525.0,0.00028214141800027135,1.8435598154053492e-10,430797589712.55566,53510055.12,0.2613432561610123,6.549280328808866e-16,8.833162505706319e-05,6.08859537421891e-11,134872261717.84325
359,348778.0,4.401658,4677850459775370.0,0.0002380289697032539,1.7770751080324076e-10,252964661354.0225,46957722.98,0.2613432561610123,9.409573986705354e-16,0.00011791903840391982,9.539288544477662e-11,125318147846.57187
360,98104.0,18.024258,6425781026059772.0,0.007430102700170053,5.3899316763141765e-09,2648886459150.119,804140508.79,0.2613432561610123,2.804991008392999e-15,0.00040272006857870166,3.1759818125695515e-10,143572677193.5084
361,387135.0,0.41013885,486774756795291.8,1.02746358453134e-05,9.839326362294391e-12,12194488195.309023,2789869.5,0.2613432561610123,8.425639256648629e-16,5.8407609732596334e-05,6.767494083885503e-11,69321279909.42311
362,199416.0,12.189012,4419826282797331.5,0.0027391769489101066,1.9625075705087577e-09,993245906397.1299,249638888.62,0.2613432561610123,2.757803411288262e-15,0.00016622503247445307,1.4026413389921886e-10,60274431380.44557
363,315786.0,6.604283,4317353629581321.5,0.000337492114479244,2.452522823940385e-10,220625434343.44638,63981198.02,0.2613432561610123,1.5297062892298805e-15,0.0001246006610554932,8.92688675542747e-11,81453977101.8543
364,296058.0,0.409008,1253985295525170.2,2.6320901540208737e-05,1.6328348603978125e-11,80697745512.03783,4197713.5,0.2613432561610123,3.2616650407268693e-16,8.105635214139155e-06,5.0185134780423685e-12,24851218972.297646
365,327282.0,1.6789024,2877968886504852.5,0.0002316075634743672,1.3797146003329165e-10,397020911732.8241,26122484.5,0.2613432561610123,5.833636381103973e-16,8.622843486117058e-05,4.9240680792362985e-11,147812495033.93365
366,4.0,2.9936194,3408070582139683.0,1.589396521174024e-07,1.0149434830121907e-13,180944028.0607596,2775480.2,0.2613432561610123,8.783912562399224e-16,4.05924294486089e-07,2.592117270903906e-13,462122421.6457996
367,195548.0,5.521429,5848199759599784.0,0.0009098783101785176,6.748563826369651e-10,963726983512.9753,47872097.45,0.2613432561610123,9.44124555755232e-16,0.00015378010418232545,1.1776849061950135e-10,162881161436.70514
368,399625.0,5.6764135,7828589292954588.0,0.003227447299270559,2.4338330514436215e-09,4451113254988.33,277533077.07,0.2613432561610123,7.250876610819961e-16,0.00023914402241871613,2.1895585399917673e-10,329813945615.7049
369,388979.0,5.6935287,5208637560658385.0,0.007702155591382364,4.630076718806548e-09,7046199119240.266,167727905.47,0.2613432561610123,1.0930936609995808e-15,9.591041655188467e-05,8.524599248945695e-11,87742176150.01013
370,217869.0,3.0742877,4514935465444850.0,0.00020923337757056053,1.5293297459389997e-10,307282625808.94324,13437289.65,0.2613432561610123,6.809150924811934e-16,6.258682582245519e-05,3.955524394834085e-11,91915756477.64603
371,109837.0,27.202414,1.431612179672322e+16,2.382604102072632,1.842658344841963e-06,1253919983669249.2,2440092306.9,0.2613432561610123,1.9001245160002963e-15,0.00047058179107233066,3.5249474039444326e-10,247658396652.28406
372,312513.0,0.4398735,1955213960066598.2,0.00029389309306945995,1.4427702855542847e-10,1306338932298.8545,4661334.9,0.2613432561610123,2.249746109551187e-16,3.6711296419281774e-05,1.927873062659513e-11,163179730652.38678
373,182655.0,0.7726378,4357812910804511.5,0.0005589331693229395,5.139401310716221e-10,3152481255191.488,23305933.43,0.2613432561610123,1.772994425906551e-16,5.312875606757583e-05,4.927584388263941e-11,299655516629.222
374,160669.0,1.7815218,7752737759509885.0,0.0016047928349965876,1.1811511902545302e-09,6983657459633.085,31745082.54,0.2613432561610123,2.297926042725615e-16,0.0001432564241295612,1.0757018534573979e-10,623416165124.4526
375,422980.0,2.368187,1798163974661135.2,0.0005340239241250679,4.0221092004662534e-10,405484272132.59283,37937341.4,0.2613432561610123,1.3170028058460496e-15,8.174623091209275e-05,7.128418347901593e-11,62069898825.74969
376,393926.0,1.9842585,3721809294881485.5,0.0003549147333908786,1.976442470385583e-10,665702051232.0126,18202987.95,0.2613432561610123,5.331435177855305e-16,7.05607194005431e-05,4.225367560429331e-11,132348452239.69846
377,347054.0,7.4041047,7658073614539838.0,0.00521962431122714,3.6748712310403815e-09,5398663151754.085,492773430.12,0.2613432561610123,9.668364490440984e-16,0.00026997491171439026,2.0972274793621084e-10,279235347386.1187
378,77560.0,5.843037,3055229503159225.5,0.00012092393890966866,9.687951298547315e-11,63229171027.84793,9100347.95,0.2613432561610123,1.9124707305811475e-15,6.038687021863684e-05,4.812853337965395e-11,31575317338.47081
379,112496.0,2.3080409,3346952884748218.0,2.721519378910742e-06,2.263422757296475e-12,3946549273.08415,1202391.1,0.2613432561610123,6.895946789444057e-16,1.4911099503332376e-05,1.240120581675328e-11,21622990951.95671
380,84560.0,7.9836197,4398046719061064.0,0.00017386189965842115,1.2271644291943934e-10,95777703109.0851,25312019.24,0.2613432561610123,1.815264868697079e-15,8.976888046995028e-05,6.427591871530253e-11,49452221556.17578
381,217870.0,0.2761859,1041854545539265.8,0.00010433497835591253,7.109556440098837e-11,393582262739.8733,13513086.31,0.2613432561610123,2.650906512646117e-16,1.5447910774783164e-05,1.0695853407404682e-11,58274068516.1438
382,87622.0,22.55386,7544796084880062.0,0.008373170713241769,5.939459195126863e-09,2801022335657.794,897839239.59,0.2613432561610123,2.9893266492912158e-15,0.0004729050328862913,3.518352760769765e-10,158197844654.55438
383,283802.0,4.7701306,2823117414221115.5,0.0009368698531027216,7.594395140120256e-10,554469849767.4407,43512712.96,0.2613432561610123,1.689667803390337e-15,0.00013574563591873357,1.1746981291242773e-10,80338653341.41922
384,380589.0,13.217146,1.281959704905804e+16,0.013310710797707643,1.0247382600989553e-08,12910347579058.133,1483240913.8,0.2613432561610123,1.031011033296961e-15,0.00041228086549043974,3.208030862058136e-10,399880168277.2011
385,19818.0,6.029459,6384544792190087.0,0.0017267104618983206,1.3770810536056932e-09,1828399577330.746,176648650.94,0.2613432561610123,9.44383538098997e-16,0.00023021796070355247,1.7411959867028485e-10,243775914568.53558
386,184846.0,5.1448846,1831648356203343.8,0.0009995438747708559,6.132889805468564e-10,355851109892.17505,92318071.26,0.2613432561610123,2.808882274032315e-15,0.00011587425232992163,8.340124829119681e-11,41252797741.35117
387,387666.0,1.0739294,714382354462550.6,0.0002295454941016374,1.8534923107071137e-10,152694628280.5902,22193627.759999998,0.2613432561610123,1.5032977694528112e-15,8.728715824304082e-05,6.984696989322532e-11,58063784844.71022
388,53356.0,18.906013,6436553709246408.0,0.006052605790247161,4.833868417581699e-09,2060610148201.0854,557215977.87,0.2613432561610123,2.937288159786601e-15,0.0003956820513917211,3.1280116464772587e-10,134709987535.05617
389,374162.0,0.56578964,1939160736963621.2,0.0,0.0,0.0,2756414.2,0.2613432561610123,2.917703670537004e-16,0.0,0.0,0.0
390,135132.0,14.259215,6018206174565746.0,0.002810979142126261,2.0018704913783254e-09,1186394344269.2876,204123293.53,0.2613432561610123,2.369346377706792e-15,0.00020948493637521444,1.5925299527328398e-10,88414652389.47783
391,404193.0,0.338263,378866477468752.56,3.2088901096661136e-05,2.3732080678020106e-11,35940699764.19294,2793393.4000000004,0.2613432561610123,8.928290575085218e-16,6.025084228863431e-05,5.302671432357652e-11,67483066082.959816
392,249385.0,2.685268,2234668819083068.8,5.2466314129223076e-05,3.500514190847492e-11,43662247580.79724,33567764.62,0.2613432561610123,1.2016402507024829e-15,9.540577540124637e-06,6.47033719730169e-12,7939628798.67513
393,234404.0,0.6110799,500193605369146.06,9.998433509843835e-05,8.531527180866205e-11,81841220850.70174,30600351.38,0.2613432561610123,1.2216867497716592e-15,1.1478321784439829e-05,9.532947377022582e-12,9395470472.75842
394,118092.0,2.048837,5040294505256669.0,0.0010489953514532329,7.840045944687218e-10,2580608172328.7495,49399559.14,0.2613432561610123,4.0649152502164476e-16,0.0001455370682649754,1.1263730245655354e-10,358032232670.1052
395,350064.0,1.8759696,1543325612899012.8,0.00034114703011675374,2.6417133263958256e-10,280655373809.6912,52516281.29,0.2613432561610123,1.2155371389684529e-15,4.204227563368449e-05,3.274646707557258e-11,34587405259.6723
396,252674.0,2.1539657,1874332958243867.5,0.0008349676944095579,6.378422495575813e-10,726570283222.5824,62739836.28,0.2613432561610123,1.1491905376396577e-15,0.0001490161829532448,1.0964088640874086e-10,129670562080.429
397,313142.0,1.8779739,1703773301621958.2,2.317468441657258e-07,2.039462748173002e-13,210250039.05789536,1136313.2,0.2613432561610123,1.1022440005440902e-15,4.05924294486089e-07,3.5722923441009837e-13,368270813.255247
398,303279.0,4.711692,3329901365816782.5,0.0007976663975641785,6.402011026634079e-10,563736005391.5049,72018507.19,0.2613432561610123,1.4149644335919488e-15,8.197647122621783e-05,6.972888901867188e-11,57935358147.566284
399,358392.0,5.135885,6903166121689346.0,0.0022685427195342665,1.7351947998594783e-09,3049158469688.0796,186926043.51,0.2613432561610123,7.439897736001671e-16,0.00020977113951840048,1.6223446620226187e-10,281954331849.64056
400,260540.0,0.33298945,212556706780764.38,0.000407759590577129,2.501639406995565e-10,260284629832.40863,29113013.3,0.2613432561610123,1.5665911231088682e-15,9.545761766114409e-05,5.93195486913696e-11,60933332413.95521
401,190863.0,4.666487,3557970462531144.5,7.05287457230938e-06,5.110844826629597e-12,5377475476.565938,10674374.1,0.2613432561610123,1.3115586678255489e-15,4.5794627229792176e-06,2.830122965813583e-12,3491618663.5947986
402,1.0,9.226681,3857495248929971.0,0.0010167663975431324,8.295653949344501e-10,425090186578.9308,65834327.94,0.2613432561610123,2.391883956969068e-15,0.00013487371884968137,1.0935909035717487e-10,56388069520.14084
403,399989.0,8.525023,4691995544044079.0,0.0055840586781970335,4.148466906974638e-09,3073349882549.4263,409183147.45,0.2613432561610123,1.8169290486265453e-15,0.00023514881548104155,1.945704993296098e-10,129421022608.88803
404,380022.0,2.0220385,2383068163759736.5,0.00017523216128729924,1.145632283185118e-10,206519403478.5066,9359637.26,0.2613432561610123,8.485021665556789e-16,3.923081689880066e-05,2.290238274372563e-11,46235376225.43752
405,297108.0,2.728801,1496250809177943.2,0.0011334010047797777,8.534774714729409e-10,621464214695.3319,52672872.339999996,0.2613432561610123,1.823759080537596e-15,0.0001816141359564789,1.340955534335545e-10,99582306618.56052
406,248005.0,14.63991,8857592648518926.0,0.014101718360738674,1.1776184315726612e-08,8531970270552.431,735491160.24,0.2613432561610123,1.652809130079823e-15,0.0004970773058347344,4.46386623662201e-10,300746950623.83154
407,225708.0,0.14946675,1228740773407721.2,1.2024469954455854e-05,1.1399036726571701e-11,98851125830.0324,1054867.2,0.2613432561610123,1.2164221553865852e-16,3.995936666374323e-06,3.788094526376707e-12,32849916853.942818
408,87626.0,0.9199644,1013859744900737.4,0.0001284887225858301,9.244030831117109e-11,141602809308.1551,13414655.8,0.2613432561610123,9.073882305979805e-16,3.451529802017112e-05,2.5979506352202337e-11,38038071088.29822
409,208237.0,7.5660105,2540112535809917.5,0.0010844603466784244,8.39632044055409e-10,364082407919.81915,168858285.74,0.2613432561610123,2.9786123226180488e-15,0.00017804148447048092,1.2408753416412847e-10,59773298833.99915
410,47975.0,2.1113985,6844657510491265.0,0.0007831001603389225,5.896739231472319e-10,2538626599351.434,30890706.85,0.2613432561610123,3.0847394435203196e-16,0.00014222053853226002,1.1497228782229081e-10,461045547399.4823
411,169298.0,0.60289025,1394894366636118.8,0.0003043844160365008,2.10250605785638e-10,704247758561.5951,38099737.8,0.2613432561610123,4.322121190107823e-16,4.536055824137244e-05,3.025329934709225e-11,104949760189.95163
412,292620.0,4.2530274,4835800309989207.0,0.0006162161692604967,3.440810148994243e-10,700653455073.0315,27613153.6,0.2613432561610123,8.794878049895099e-16,5.28548697704123e-05,2.8100004240801932e-11,60097331049.454094
413,133095.0,20.907162,5406675132558607.0,0.005226792910088084,3.702448854652546e-09,1351669406398.0027,371989962.82,0.2613432561610123,3.866916633126074e-15,0.0003473354294893584,2.471866363990093e-10,89822321617.66756
414,77564.0,3.2135408,3068136741276944.5,0.0007897590393079138,5.150150244934889e-10,754024571667.5491,28768367.6,0.2613432561610123,1.0473916487381e-15,8.548372614245534e-05,5.27022136577644e-11,81615817965.94077
415,210202.0,3.631747,1.1846247446494262e+16,0.0053993705390798135,4.024598956478985e-09,17611986589718.555,445325363.8,0.2613432561610123,3.0657362311596543e-16,0.000299889428213911,2.375218969345695e-10,978197097212.352
416,411862.0,1.8771505,2046033818101921.0,0.00015776621536166518,1.0375736354632142e-10,171960112939.22238,38622116.46,0.2613432561610123,9.17458198096358e-16,8.785212738628865e-05,4.9344986422693684e-11,95756000184.612
417,140389.0,10.523514,6183174470757978.0,0.003781056381127895,2.6114234221057074e-09,2221589792942.4097,300386029.1,0.2613432561610123,1.7019597376345668e-15,0.00024287254898767188,1.811395492548681e-10,142701700643.7668
418,364839.0,0.65287924,1627603123274500.5,0.0001819431133387545,1.7644170496662767e-10,453577264194.2839,6914089.55,0.2613432561610123,4.0112926220398375e-16,5.840954505460325e-05,5.653905672541666e-11,145612775128.08478
419,225215.0,1.7133459,3030082510230650.5,0.0004333981547135962,2.772644586074042e-10,766472297604.299,17922487.51,0.2613432561610123,5.654452953723626e-16,9.572617029230799e-05,6.526210162012497e-11,169293424272.4037
420,203766.0,14.624123,4446715968760391.5,0.004976803578140629,3.6769824704121447e-09,1513282673039.7295,429316809.95,0.2613432561610123,3.288746819616806e-15,0.0003056940954223305,2.3569893627869817e-10,92951544217.06107
421,338268.0,2.5874712,2373127227662118.0,0.00027028213865855545,1.5917099854694624e-10,247892190027.60913,16091871.45,0.2613432561610123,1.090321315199372e-15,7.43505033513248e-05,3.741596034312935e-11,68191369199.94025
422,104413.0,22.18306,4710716061522330.0,0.0019029022854087868,1.4090020907805479e-09,404093590306.4194,253853393.19,0.2613432561610123,4.709063274094099e-15,0.0002384619979563292,1.6971365348534467e-10,50638945386.05516
423,352497.0,3.8687754,4233485213285716.5,0.0007851473351951624,6.456446901645847e-10,859163246798.8201,94399399.44,0.2613432561610123,9.138511663767793e-16,0.0001330254491031462,1.1739116865855222e-10,145565770442.20792
424,319576.0,0.45277113,1455710577112983.0,4.828965554654174e-07,4.608777961403547e-13,1552567239.5287974,1047775.7,0.2613432561610123,3.1103100926693263e-16,3.362133329031579e-07,3.208829264728681e-13,1080964028.9422505
425,291282.0,0.8148822,1441938216316628.0,3.180859809222084e-05,1.7510936405358008e-11,56285476841.47404,4828703.2,0.2613432561610123,5.651297613025218e-16,8.834295989399298e-06,4.8238813305782385e-12,15632331889.649282
426,376770.0,1.0716183,923272323264638.5,0.00021160504755944091,1.258664587894272e-10,182312194439.68936,14079924.35,0.2613432561610123,1.1606741293953429e-15,3.8480127922021084e-05,2.2111096076993265e-11,33153257186.89658
427,13.0,0.37494454,668295857386373.5,9.901488857083026e-06,8.1451117226199e-12,17648274022.461895,5179540.2,0.2613432561610123,5.610457342446562e-16,4.549029005521986e-06,3.820078844632008e-12,8108125109.705019
428,175234.0,0.12657553,258383386992086.34,0.0006805872248297089,4.908088121128546e-10,1389308283323.3623,67091821.89,0.2613432561610123,4.898748773034572e-16,9.964463881660259e-05,1.0256763485497447e-10,203408346566.17197
429,285969.0,0.95637995,3307807231202153.5,0.0,0.0,0.0,3699098.0,0.2613432561610123,2.891280788609993e-16,0.0,0.0,0.0
430,385168.0,6.662302,5999211812544880.0,0.002986816764079825,2.2575192479200937e-09,2689542805621.0537,316806764.02,0.2613432561610123,1.1105295509100946e-15,0.00020971824703046833,1.540940532291199e-10,188845264728.52637
431,377643.0,0.7901735,2178136974091290.8,0.00017237700073722282,1.3754776172369926e-10,475162377362.32196,1253215.6,0.2613432561610123,3.62774935368634e-16,5.8376563003414354e-05,4.658142062978976e-11,160916748407.9212
432,375350.0,2.753907,5350143093884780.0,0.0021855631276021786,1.8002821019439298e-09,4245995043910.3486,137180344.27,0.2613432561610123,5.147352045869051e-16,0.00014930283717822646,1.0052653120058302e-10,290057559397.06464
433,405323.0,1.2668765,2061728106635735.8,0.00035988473312191695,2.6358538259703245e-10,585680190157.8859,24932654.45,0.2613432561610123,6.144731188959974e-16,3.6964898830903194e-05,2.717177424942972e-11,60157064148.41507
434,264845.0,1.6175703,3969671701115240.0,2.489351989950907e-05,2.108854351674389e-11,61091070654.69134,3946702.9000000004,0.2613432561610123,4.074821349950827e-16,7.878804201210712e-06,6.674528388426637e-12,19335336508.202477
435,159346.0,1.6882629,1817410949611475.0,0.00037458461220227256,2.6953130067289633e-10,403239433723.4907,60351438.5,0.2613432561610123,9.289384441977286e-16,5.652075689229244e-05,3.993592785493833e-11,60844458796.30508
436,295085.0,2.734807,1632858688938103.5,8.164797338966595e-05,6.910742000534234e-11,48749181490.13919,14793659.06,0.2613432561610123,1.6748583441586892e-15,1.6915488898071038e-05,1.5612900131825585e-11,10099653476.406677
437,156046.0,10.690927,6616386578522142.0,0.0034462134695542406,2.4946010138325513e-09,2132787974951.1807,166234049.6,0.2613432561610123,1.6158256282522056e-15,0.0002882708568881401,2.2851267635555267e-10,178404681698.20703
438,84561.0,0.38695654,4447003424657324.0,6.73697699287443e-05,2.9784803256375797e-11,774230608924.4594,2261884.0,0.2613432561610123,8.701512075624678e-17,1.4911099503332376e-05,6.592336080600232e-12,171362165262.08652
439,112497.0,11.063839,5062465745820892.0,0.0046156083766563565,3.5091048475141826e-09,2111957639924.693,321088332.4,0.2613432561610123,2.1854644664279047e-15,0.00026742585314836647,2.2194465767427168e-10,122365683476.64255
440,77561.0,3.8619208,1786121503767751.5,0.0008633317592794358,5.292987777844391e-10,399287168223.2956,14780088.65,0.2613432561610123,2.162182579322534e-15,3.456853047400971e-05,1.7647464861674672e-11,15987794372.499706
441,87623.0,4.541824,3210058450403830.0,0.00029318711194331994,2.3691199378407687e-10,207218017748.6287,34863092.06,0.2613432561610123,1.4148726791652757e-15,7.95413297253996e-05,5.787960195828939e-11,56218012331.91254
442,378420.0,4.9188995,5304932963047033.0,0.0019564359902386704,1.3238065489265157e-09,2109976382869.519,98816075.23,0.2613432561610123,9.272312269097357e-16,0.00018733472957334997,1.279347623385783e-10,202036691751.30862
443,335163.0,2.9551878,6932218109237234.0,0.0009913007105761555,8.388185829526406e-10,2325372599858.379,50117833.76,0.2613432561610123,4.262975794229829e-16,0.00010951788976211546,9.287849727846713e-11,256904789162.42947
444,278222.0,8.580536,1.4328933111147086e+16,0.023333255996913233,1.740848732508528e-08,38965009230780.14,1330935584.82,0.2613432561610123,5.988258814136578e-16,0.0002566453776687589,1.915588365653548e-10,428580970920.7826
445,407328.0,2.296191,6664797976027178.0,0.0016771332430724208,1.2784276147757333e-09,4867954906171.555,58705020.339999996,0.2613432561610123,3.445252216585171e-16,0.00017645361805198752,1.6223536724370896e-10,512164587551.97595
446,213691.0,0.48324585,2294219129199029.0,0.0,0.0,0.0,2188800.0,0.2613432561610123,2.1063630925643687e-16,0.0,0.0,0.0
447,421111.0,3.4723008,2351132660593388.0,0.012186149072183246,9.38072970417013e-09,8251374158157.565,100368326.05,0.2613432561610123,1.4768629853168929e-15,0.0001242785927050129,9.05434424112687e-11,84150387639.6132
448,53357.0,3.6833096,4115503233462431.0,0.0,0.0,0.0,8438808.1,0.2613432561610123,8.949840131461103e-16,0.0,0.0,0.0
449,228831.0,9.6529455,5047518791120625.0,0.0016873269514822192,1.0665623010339156e-09,882302142322.339,169240373.97,0.2613432561610123,1.9124139799104938e-15,0.00020267375862688487,1.3156339193899595e-10,105977973783.88258
450,391967.0,0.893532,1446874283534086.2,0.00023185255880149735,1.80834739177326e-10,375433118121.6354,12993389.86,0.2613432561610123,6.175602194113844e-16,3.3658720469399135e-05,2.6351035284165978e-11,54502734164.905075
451,330234.0,1.7257253,2621872947122175.0,4.0638552474319194e-07,4.524589187329585e-13,617416464.501172,898171.1,0.2613432561610123,6.582032519516987e-16,3.362133329031579e-07,3.743310521827722e-13,510804727.7284349
452,380838.0,2.585636,1809424723058295.0,0.0004445198472886737,3.312182222569855e-10,311074413248.5098,89988677.97,0.2613432561610123,1.4289823539217208e-15,0.0001272634934069231,9.810000114435087e-11,89058827813.83496
453,205792.0,2.7529106,4811380424009104.0,0.0004969324602163967,4.0124601870698145e-10,868510263696.8502,52306256.1,0.2613432561610123,5.721664797617739e-16,9.681538307292553e-05,7.327263596377642e-11,169208414853.72473
454,393343.0,1.2437725,1164125127130911.8,0.00021584694874944476,1.4883353944091283e-10,202024772740.80814,3118607.0,0.2613432561610123,1.0684182232758656e-15,6.326211427612761e-05,4.396614643149966e-11,59211002674.73942
455,107307.0,4.391032,1738855556119157.8,0.00015417683280093293,1.2818649394812896e-10,61054267502.66375,22673599.66,0.2613432561610123,2.5252425277922843e-15,9.001626648203751e-05,6.137144160201599e-11,35646582651.5028
456,140390.0,10.972311,5509944946230224.0,0.0019479003434418394,1.6251910974768228e-09,978173481694.7388,221029915.35,0.2613432561610123,1.9913649060154403e-15,0.0002554618414791918,2.106680019530134e-10,128284796376.34583
457,270652.0,4.549371,4127545109374037.5,0.0009367416518806878,7.57430945662353e-10,849885275122.0093,68563250.87,0.2613432561610123,1.102197766335238e-15,0.00014435401831476552,1.4472772112927416e-10,130969253181.06628
458,153293.0,4.3744807,6465617647282940.0,0.0017336432032568573,1.1998729130841128e-09,2562378224475.8013,112993811.63,0.2613432561610123,6.765758414183829e-16,0.00015475191353363043,1.3280977652315007e-10,228728110080.3221
459,59019.0,2.6678073,1.3655715617774756e+16,0.003561103899637717,2.7730842017567424e-09,18228236401782.6,246376578.29,0.2613432561610123,1.9536195499908399e-16,0.00022588910118218533,1.8357063022327255e-10,1156259422072.4526
460,315587.0,0.24559085,554703996053220.1,2.1531803326520424e-05,2.1435026009483067e-11,48632827108.39145,19486946.84,0.2613432561610123,4.427421683409636e-16,1.5565130357285687e-05,2.1632834759744938e-11,35156195795.876175
461,403754.0,7.850145,6059560674348960.0,0.0018251780332318673,1.5384195149931809e-09,1408862770542.124,170196361.75,0.2613432561610123,1.2954973837015702e-15,0.0002236613399341914,1.8939564121992884e-10,172645149845.94815
462,0.0,0.12111345,1619015634169626.0,8.178684325675841e-05,4.6715590321736224e-11,1093306960557.0028,2608568.0,0.2613432561610123,7.480684401303984e-17,3.839925582654793e-05,2.193315981423849e-11,513312068343.0305
463,350137.0,2.1224403,3213721660851521.0,0.0007251276046642143,5.086944333307824e-10,1097961761275.8125,64287956.05,0.2613432561610123,6.604306545444977e-16,0.00016037224824079973,1.0753523932457056e-10,242829806789.34305
464,206582.0,7.721711,6152525018525474.0,0.003126302321165638,2.3676514991878685e-09,2490983312694.0195,282357246.01,0.2613432561610123,1.255047476726978e-15,0.00022807070262789676,1.798124973719627e-10,181722768944.70908
