,id,sfr,sfrd,snr,snr_solar,snrd,mass,z,halo_volume,snr_err,snr_solar_err,snrd_err
0,4388.0,1.1154121,7039501605513385.0,0.000146090228767638,9.607346836528078e-11,921993225606.5767,16961399.26,7.23627606616736,1.584504361965628e-16,0.00010198937446195335,6.87739593398833e-11,643667363183.7295
1,31267.0,0.23135507,7393461404587948.0,2.2379200444393205e-06,2.0504479944008496e-12,71517669680.27051,1091429.8,7.23627606616736,3.129184793693988e-17,1.0489940265456586e-06,9.611190995020097e-13,33522917171.89786
2,40490.0,0.16650063,7443533811465935.0,0.0,0.0,0.0,1494071.2,7.23627606616736,2.236849246839241e-17,0.0,0.0,0.0
3,18173.0,0.8868518,1.9658717461840636e+16,9.681723215366342e-05,6.027429546621468e-11,2146133787343.3892,17733583.8,7.23627606616736,4.511239360967775e-17,0.00010815003355294237,6.815615455125313e-11,2397346380878.8335
4,14701.0,0.6802212,7304219730019051.0,0.00024839066089234484,1.5744124776031545e-10,2667220554199.629,37627014.6,7.23627606616736,9.312715459591271e-17,0.00010475992961385954,6.93037256531752e-11,1124912814832.822
5,20926.0,0.3309806,7955597538688767.0,0.0001761896893076548,1.1888831322375785e-10,4234974069774.232,5997208.8,7.23627606616736,4.160348715359373e-17,8.265457337956406e-05,5.5477588894475234e-11,1986722244566.086
6,9505.0,1.077247,8971604662208275.0,0.00041621475302110455,2.83726508695774e-10,3466349146188.392,35776745.14,7.23627606616736,1.2007294576161652e-16,0.00012238158584857667,8.346931677696482e-11,1019226979669.0385
7,61677.0,0.24163167,8441860362064968.0,1.4255602640033757e-05,1.1821772155422597e-11,498046497233.7843,3003820.1,7.23627606616736,2.862303563866275e-17,8.105635214139155e-06,6.83178842960754e-12,283185729021.3626
8,11556.0,1.1797919,1.1858542960084934e+16,0.00029146540162800985,2.0069246965056714e-10,2929631053225.7124,23145430.0,7.23627606616736,9.948877395571284e-17,9.931720605161426e-05,7.745615471993963e-11,998275504890.8839
9,967.0,7.080818,1.8269450279344172e+16,0.0029141859239967213,2.0721844287950272e-09,7518986484785.057,215938447.25,7.23627606616736,3.875769599923717e-16,0.00033746119869009015,2.528667230822334e-10,870694683958.3346
10,5172.0,1.7095388,6787755864132385.0,0.0002908593632045034,1.6306015850225924e-10,1154862556046.8,25782228.0,7.23627606616736,2.5185625915532457e-16,0.00010041581279167863,5.6077481589674087e-11,398702867772.4871
11,8685.0,1.1701957,9450894194770898.0,0.00032527981032822806,2.380555809512557e-10,2627069191167.9634,35622043.86,7.23627606616736,1.2381851662750175e-16,6.0101005025732264e-05,5.5631398071103417e-11,485395938044.8839
12,3763.0,2.0333335,9070829644014650.0,0.0006355206891992552,4.425894007969998e-10,2835098082519.7764,119121025.36,7.23627606616736,2.2416179994535413e-16,0.00016817090969020463,1.0860559136227375e-10,750221089102.6085
13,12945.0,0.58151215,6219561400821710.0,3.5276958421763196e-05,3.087741016699856e-11,377304599634.57465,6490620.9,7.23627606616736,9.349729225652027e-17,1.6795518403096882e-05,1.4652690667470413e-11,179636415106.18832
14,1914.0,4.7488427,1.2719765804374594e+16,0.0016591978040064155,1.1635954338852722e-09,4444158045094.697,146566432.65,7.23627606616736,3.7334356410609173e-16,0.00024646017814533263,1.7298307986391822e-10,660143100994.4955
15,38409.0,0.15525772,4569396260911955.0,1.072091949328551e-05,6.578649286747508e-12,315527816885.0921,3473334.8,7.23627606616736,3.397773165967747e-17,1.4911099503332376e-05,9.149858290947459e-12,438849174885.5585
16,10606.0,0.45937482,5260121994141288.0,1.0993383582020557e-05,7.358247794225375e-12,125880950048.19391,3323866.6399999997,7.23627606616736,8.733159050524886e-17,1.4914889466687336e-05,9.887421933696875e-12,170784585284.64462
17,20639.0,0.35772496,6178752134050600.0,9.967610065167427e-06,4.9041797886984475e-12,172164089309.1091,3936581.5,7.23627606616736,5.789598809581742e-17,3.995936666374323e-06,1.9660471976762506e-12,69019232554.78564
18,507.0,8.539183,1.2831958830912394e+16,0.005955564368927643,4.109137796775176e-09,8949516223850.486,649223072.99,7.23627606616736,6.654621568321254e-16,0.000398814250750728,2.847481575860702e-10,599304177790.1368
19,12871.0,0.95046383,9099655062941442.0,0.00026235009025027265,1.483582767843784e-10,2511716123915.034,38409600.3,7.23627606616736,1.0445053394065299e-16,5.0458450037430665e-05,3.052220009293469e-11,483084653890.8101
20,19788.0,0.24438666,4742007446186680.0,8.539586422568415e-07,5.483774027090804e-13,16569964335.685957,3085097.5999999996,7.23627606616736,5.1536540752698587e-17,5.740636425589572e-07,3.729114163348168e-13,11138963426.234575
21,4972.0,0.80610347,6394414585583485.0,2.7374851772440207e-05,2.267399296816497e-11,217150971266.60126,4442891.5,7.23627606616736,1.260636856135977e-16,1.6971806345317866e-05,1.3670434178911544e-11,134628828775.7884
22,12989.0,0.31339923,3979965043937025.5,9.477234290587681e-06,6.485140786816707e-12,120354670908.86052,2359228.74,7.23627606616736,7.874421673060274e-17,3.995936666374323e-06,2.734364379107649e-12,50745779592.23466
23,7379.0,3.9935718,2.8734370369929264e+16,0.0006170963829075987,4.3940365065829704e-10,4440104474999.205,98464623.37,7.23627606616736,1.389824015138088e-16,0.0001623047595060611,1.3525576143515877e-10,1167807993949.0403
24,22852.0,0.14378187,4534405575466438.0,3.160870857747942e-07,1.5503879795966012e-13,9968343324.997547,2038761.2,7.23627606616736,3.170908901002083e-17,4.05924294486089e-07,1.9910340381506624e-13,12801512347.384285
25,2084.0,1.4967674,1.04168936238388e+16,0.0003992773007623947,2.2880373685595312e-10,2778807962048.984,53856347.78,7.23627606616736,1.436865397736889e-16,0.00012953762083511782,8.225997960390852e-11,901529266688.055
26,5624.0,2.5918727,2.1894247755011936e+16,0.0006434805680140598,4.1903547357391156e-10,5435653912183.123,129792923.15,7.23627606616736,1.1838144561996564e-16,0.00015116464254580098,1.0248614765871028e-10,1276928506440.7617
27,9162.0,0.44141838,3819243359114945.5,4.3447579728391824e-05,2.2844972557590893e-11,375917469379.6792,4549999.46,7.23627606616736,1.1557744257027192e-16,3.4461844503159746e-05,1.7695752795192606e-11,298171024871.10925
28,30306.0,0.2565279,5694554315908026.0,5.265276894758564e-05,4.1203017177490225e-11,1168816540637.4197,2529724.6,7.23627606616736,4.504793277383909e-17,6.326211427612761e-05,4.934188472010919e-11,1404328908803.2502
29,8550.0,0.63959765,4779323789238219.0,8.635750354261124e-05,5.473420701064872e-11,645297041132.6959,15881787.040000001,7.23627606616736,1.3382597166574188e-16,6.340646551543017e-05,3.658199406466703e-11,473797908778.1329
30,24873.0,0.23677185,4132007320201705.5,2.530392192295784e-06,1.2849033005196116e-12,44158961724.32416,1969325.0,7.23627606616736,5.730189509645929e-17,1.668717926132103e-05,8.473552745900767e-12,291215137531.32635
31,5447.0,1.2613577,7254229030684302.0,0.00010130724332818388,6.827269022409728e-11,582630879067.7776,24810910.96,7.23627606616736,1.7387894628976366e-16,9.673386484140922e-05,6.134240189290124e-11,556328796013.0914
32,7433.0,1.2806013,1.6303546192535864e+16,0.0005893195962203312,4.0329143839616464e-10,7502724898955.478,41674353.54,7.23627606616736,7.854740832925591e-17,0.00014102148657515922,1.028943310400144e-10,1795367785834.8142
33,2801.0,2.3496194,7485110623260139.0,0.0009133062709170091,6.161259058198215e-10,2909491839712.852,186192454.64000002,7.23627606616736,3.13905768165738e-16,0.00019853398279783517,1.3504543742263515e-10,632463633777.548
34,11119.0,0.5729701,5345590014924842.0,5.399901584119021e-05,4.28334503445506e-11,503789988162.4447,16641679.959999999,7.23627606616736,1.0718556761747017e-16,3.584818006650792e-05,3.0103816812236545e-11,334449691906.70245
35,28684.0,0.5373701,3.342852880107336e+16,4.682697386960449e-05,3.75268249008026e-11,2912995800598.4766,7748168.1,7.23627606616736,1.607519443041554e-17,3.6712859386531295e-05,1.9306519004037303e-11,2283820550068.5986
36,13123.0,0.8541135,8791234360103815.0,0.00023195623188840015,2.0530349704537282e-10,2387483157469.718,21170443.8,7.23627606616736,9.715512805302051e-17,0.00010374567085166148,9.144310012229283e-11,1067835254100.4764
37,16897.0,0.30968,5192020888346958.0,1.9908893803127744e-06,1.4036515442102005e-12,33378775668.34169,1418364.4,7.23627606616736,5.964536866464656e-17,7.878804201210712e-06,5.554851913380449e-12,132094148759.6286
38,17015.0,0.76426727,1.1833054752621896e+16,0.0007174046937391566,4.0767701812702527e-10,11107487333329.586,43416767.33,7.23627606616736,6.458748699955591e-17,0.00018936759994757317,1.392540177095381e-10,2931954914871.9043
39,137.0,125.929504,1.2989377417019685e+17,0.18265031184790947,1.318339619222456e-07,188400157275997.72,11476744923.61,7.23627606616736,9.694806760714908e-16,0.0017635937242666715,1.3127424080872076e-09,1819111786129.7336
40,8381.0,2.0250957,1.3028322759996912e+16,0.0006441987001500539,4.433833332734735e-10,4144410847904.804,115786983.19,7.23627606616736,1.5543794372503558e-16,0.00021506541250560353,1.6562991221270192e-10,1383609480102.5347
41,8455.0,0.5286634,4752940008208510.0,4.112343703671991e-05,3.229815533196869e-11,369719615859.2966,11700964.299999999,7.23627606616736,1.112287129833278e-16,5.854557711169191e-05,4.92365726265512e-11,526353093022.5487
42,25493.0,0.30380017,6845474219852432.0,4.487496074832428e-06,3.198591830623547e-12,101115936478.75302,4210661.5,7.23627606616736,4.4379711360091717e-17,3.995936666374323e-06,2.8482187312512093e-12,90039717337.31584
43,19159.0,0.23552848,5801545484342349.0,1.3355536555765728e-05,7.761074140509795e-12,328974028092.36414,1720836.1,7.23627606616736,4.059754088555578e-17,3.995936666374323e-06,2.3220902132250266e-12,98428047098.6862
44,6557.0,1.6645485,1.6322925967136416e+16,0.00041309528892646976,2.5377011711290036e-10,4050902583204.7515,68696725.56,7.23627606616736,1.019761103708551e-16,0.00010193435990535556,7.29600050503796e-11,999590585821.0544
45,9960.0,0.8436605,7433415803154694.0,0.00017905710194918387,1.378114355952173e-10,1577655812137.8735,37692958.0,7.23627606616736,1.1349566906266106e-16,6.847983350196217e-05,5.4360903479644334e-11,603369574077.3544
46,17408.0,0.29911748,3567746972569074.5,3.28781327460855e-06,2.305781621206822e-12,39215648168.93038,6800984.6,7.23627606616736,8.38393199685376e-17,1.6868052750396016e-05,9.501866610123981e-12,201195009176.19675
47,16491.0,0.2869429,5746868032882264.0,1.873114132591634e-05,1.2276188125996476e-11,375145707753.3841,4708293.3,7.23627606616736,4.993030958048425e-17,3.3548344754865536e-05,2.1968897637908156e-11,671903399693.2844
48,10149.0,0.8277949,7195690946205008.0,0.0002846142736203247,2.0113008608667438e-10,2474038378166.482,22601865.28,7.23627606616736,1.1504036321023171e-16,0.00011867911516345908,7.878055301041618e-11,1031630219617.5936
49,5410.0,2.9138033,1.8277448071460656e+16,0.0007377934480166416,5.819853747771796e-10,4627965598634.634,130187106.76,7.23627606616736,1.5942068545935371e-16,0.00021297533132222396,1.5727343309819024e-10,1335932854061.9321
50,22102.0,0.5039821,9796697974273886.0,0.00039846565176875846,3.2931811776227643e-10,7745607718013.636,21107065.6,7.23627606616736,5.1444078537835523e-17,0.00010524331776538608,9.983933754605677e-11,2045780986979.539
51,2480.0,2.3277602,8058226867061643.0,0.0011823527484389992,9.43925616441975e-10,4093061941610.3594,156051637.59,7.23627606616736,2.888675434933239e-16,0.0002561930743938524,2.0183593040456069e-10,886887710871.4478
52,1391.0,12.837562,2.8244903697496628e+16,0.0049702457194338,3.6049292240062563e-09,10935418399405.006,581032985.75,7.23627606616736,4.5450896690923415e-16,0.00046184872347548373,3.3904337068595355e-10,1016148760751.9861
53,9566.0,1.1180195,1.5127204600950186e+16,0.0006858984607946046,4.636752170676217e-10,9280452042130.566,44280371.29,7.23627606616736,7.390787190977596e-17,0.00017295888545530472,1.224999251325709e-10,2340195719157.5835
54,886.0,24.961426,3.642467051312267e+16,0.017431896926346835,1.279823522676362e-08,25437292803740.434,1620643435.56,7.23627606616736,6.852889991415894e-16,0.0007658402421792133,5.861987811454822e-10,1117543464346.4646
55,25076.0,0.62126905,1.1177210265510774e+16,8.341499939600493e-06,7.185434584023396e-12,150071372064.4222,11521350.3,7.23627606616736,5.558355217822409e-17,4.603228067049106e-06,4.4133717031896145e-12,82816370790.5755
56,13068.0,0.28656343,2967320375645838.0,8.580135393086499e-05,6.36224043617966e-11,888459863064.3687,7497027.94,7.23627606616736,9.65731345870024e-17,9.880928657997794e-05,7.083089723472136e-11,1023155010992.845
57,10432.0,1.2094339,1.6437690713705238e+16,0.00018976008087169446,1.5408327145967208e-10,2579072340519.4834,40606342.41,7.23627606616736,7.357687409166371e-17,0.00011739572266364158,8.952157706531347e-11,1595551919172.149
58,5958.0,1.1744945,7702503738973721.0,0.0004132043874442651,2.816619163071625e-10,2709853761979.982,27051930.31,7.23627606616736,1.5248217200560415e-16,0.00010402480379291496,7.156240355487823e-11,682209614571.1498
59,11630.0,0.870623,7414321629033379.0,6.85105970627212e-05,4.6698324513824337e-11,583443811638.4755,28968041.6,7.23627606616736,1.1742449863393706e-16,8.747648455428476e-05,5.880553140306711e-11,744959404314.6549
60,6353.0,1.8761538,9362321068780818.0,0.000492730828482457,3.3032600716074137e-10,2458809196100.626,135439387.26,7.23627606616736,2.0039408883937335e-16,0.0001596410966537136,1.1444076768525096e-10,796635756964.2412
61,31286.0,0.20764455,5889489195180866.0,0.0,0.0,0.0,2074755.4,7.23627606616736,3.525680124685639e-17,0.0,0.0,0.0
62,4194.0,1.0704246,4593139011804643.0,3.260501642642435e-05,2.744182349762978e-11,139906512732.18207,19085738.4,7.23627606616736,2.330485964498232e-16,3.949431461582758e-05,4.0075682335243126e-11,169468150495.08762
63,3463.0,9.795546,6.183282374263628e+16,0.0034579386018849154,2.6002489295600354e-09,21827686591764.062,356583276.56,7.23627606616736,1.584198392874878e-16,0.0003753156057341701,3.0573639515978673e-10,2369119975264.443
64,27579.0,0.40056774,6841803558594273.0,2.356227847522067e-06,1.9399719468338266e-12,40244998441.55049,1214568.0,7.23627606616736,5.854709749695024e-17,1.0489940265456586e-06,8.636766542059881e-13,17917097027.744225
65,24992.0,0.4287673,1.2467800411207288e+16,9.03734787174937e-05,6.755816239767095e-11,2627902116407.2007,7261417.04,7.23627606616736,3.438997143510428e-17,7.690019750390817e-05,5.2039956953067184e-11,2236122750175.09
66,25110.0,0.53678584,1.3885378703292926e+16,0.0002511584177561383,1.531063265640322e-10,6496873585681.454,11918611.8,7.23627606616736,3.8658350734985776e-17,0.00011308689047328552,7.288230715053849e-11,2925290094461.841
67,7181.0,1.4700449,1.2641182052935986e+16,0.00026562253612429055,1.883007554925473e-10,2284136244076.4375,33829203.9,7.23627606616736,1.1629014548197048e-16,0.00013498715869992062,1.0185566123626549e-10,1160778999290.6055
68,13259.0,0.45029402,3836592929296888.5,2.2691688116611255e-05,1.3082856933164008e-11,193337611238.98773,4485972.0,7.23627606616736,1.1736820358539392e-16,1.5946031107508492e-05,2.162301244443078e-11,135863297046.2617
69,3329.0,6.4074693,2.7669683947180296e+16,0.0038208931482478885,2.749983439771761e-09,16499947304931.416,429714886.5,7.23627606616736,2.315700212633964e-16,0.0003577008830383552,2.567066902017985e-10,1544676988354.6057
70,44193.0,0.13513097,6585302760583844.0,0.0,0.0,0.0,1669613.8,7.23627606616736,2.0520084635868658e-17,0.0,0.0,0.0
71,4445.0,2.3664281,9656757589355610.0,0.0009601458811635662,6.287777623193804e-10,3918097500961.3853,83529449.14,7.23627606616736,2.4505410621557397e-16,0.00016591588866571956,1.2345737204733364e-10,677058186161.3999
72,1291.0,5.670233,9576889894097528.0,0.0021555389110238863,1.4334866488169313e-09,3640654416373.8335,373043850.67,7.23627606616736,5.920745735517647e-16,0.00027344882004321484,2.0178204503196904e-10,461848612080.8013
73,17224.0,0.7486075,1.0162889888929222e+16,0.0001667636619673004,1.1591533649060217e-10,2263937689708.2754,21878801.7,7.23627606616736,7.366088860369169e-17,0.00010748741829416009,7.373036049649162e-11,1459219679964.2341
74,81.0,4.7464375,1.3435622688015504e+16,0.0020484958487795015,1.5325842842911069e-09,5798626296494.465,185767299.71,7.23627606616736,3.532726104487732e-16,0.00026327103463068594,2.2248662710681685e-10,745234775762.1078
75,37211.0,0.25062624,5312590666302406.0,0.0,0.0,0.0,3488591.0,7.23627606616736,4.717589886789402e-17,0.0,0.0,0.0
76,1188.0,20.29741,3.2464064427010492e+16,0.00982422302240478,6.964143338629663e-09,15713049553843.002,1071986021.79,7.23627606616736,6.25227012028485e-16,0.0005435548360658404,3.8935878765706807e-10,869371965076.0648
77,10007.0,1.4967132,1.5676989000237722e+16,0.0007052259734597022,5.016148790148235e-10,7386732360354.47,104962789.69,7.23627606616736,9.547198125719832e-17,0.0001545638086868995,1.097986380309365e-10,1618944182906.4988
78,45690.0,0.20006895,7075126704061740.0,3.713449904990154e-06,1.7187201464628293e-12,131320370237.31754,2160590.2,7.23627606616736,2.8277790401286095e-17,7.598368268826374e-05,3.516802153794076e-11,2687044553693.5566
79,32225.0,0.33625558,8245434455909734.0,2.4773263708681653e-06,1.7823016309387558e-12,60747340510.721596,4484256.5,7.23627606616736,4.0780820197897055e-17,7.878804201210712e-06,5.66837125006823e-12,193198767532.80698
80,4341.0,3.2062547,1.892151772065325e+16,0.001819710958661262,1.2725089443493033e-09,10738913895635.297,116835152.21,7.23627606616736,1.694501861497243e-16,0.0003165151062704467,2.3239182958321737e-10,1867894709721.8145
81,4495.0,4.05576,1.714884683898965e+16,0.0010615499117729566,7.136775361935728e-10,4488519253835.88,223955716.51,7.23627606616736,2.3650336597437075e-16,0.00018221748681403682,1.2851990474114784e-10,770464665749.3375
82,17310.0,0.58843136,8692020812162126.0,0.00012740499630448107,6.106801750783407e-11,1881964413745.7058,16800574.66,7.23627606616736,6.769787748053362e-17,3.508124310034042e-05,1.765056213962933e-11,518202998468.12714
83,5894.0,1.0917468,6247176476885756.0,0.00020606659086090366,1.9033528826604714e-10,1179151025767.402,14801887.81,7.23627606616736,1.747584375180386e-16,6.206541890789758e-05,6.211860555368603e-11,355149770101.8938
84,2598.0,1.991141,8969603991651616.0,0.0007580040747921283,4.871474440228709e-10,3414623261207.3496,81507780.14,7.23627606616736,2.219876152674341e-16,0.00013000592044850494,9.254924666963441e-11,585644925694.9922
85,12615.0,0.6897465,5962626924185066.0,1.2982869625932638e-05,9.753160655181808e-12,112232549182.59163,17767768.939999998,7.23627606616736,1.1567829226449048e-16,8.538605758275607e-06,6.110409253626301e-12,73813380117.6168
86,10306.0,0.8816564,9332656408530238.0,0.0003179715705582673,2.570714178032059e-10,3365845714612.9014,43312134.76,7.23627606616736,9.447003740480022e-17,0.000152832286530783,1.380249481113556e-10,1617785815791.5503
87,19659.0,0.37109753,5729733668229554.0,0.00027773794565218553,1.7839688069271794e-10,4288264753872.7554,9134942.9,7.23627606616736,6.476697722577853e-17,7.645994061455853e-05,5.445307787026565e-11,1180538970469.753
88,2681.0,2.6682634,9056424419323508.0,0.0012127039032038842,7.543880730945845e-10,4116070865561.6943,209284519.83,7.23627606616736,2.946265851130807e-16,0.00022922710635852402,1.615508778959881e-10,778025873905.9285
89,6730.0,0.3909341,4971467224399682.0,8.266560536626597e-06,7.413704235528457e-12,105124968035.16238,2753303.0,7.23627606616736,7.863555814696261e-17,1.4911157183260634e-05,1.349183316300527e-11,189623594397.24527
90,5021.0,2.5670187,1.0755624254343076e+16,0.001028858228735783,7.285453752159462e-10,4310842191866.7925,153679926.32,7.23627606616736,2.386675695707247e-16,0.0002214554999605836,1.7590148858297522e-10,927882662730.0085
91,14634.0,0.2388441,7117748189356781.0,3.48110428189865e-05,2.3985562742432194e-11,1037397352475.7887,5769456.4,7.23627606616736,3.3556132311219617e-17,2.1090159226562985e-05,1.4237925734664944e-11,628503876160.7043
92,7448.0,0.5484941,6599078581100575.0,0.0001827370967602903,1.293935798416242e-10,2198558674019.1646,3900073.2,7.23627606616736,8.311677050957677e-17,5.943041493523023e-05,4.163770704049666e-11,715023148407.6083
93,12922.0,1.6179566,2.130580433608816e+16,0.0005139386329418452,3.839662645701853e-10,6767719204715.124,54297520.53,7.23627606616736,7.593970987800145e-17,0.00013510699560642544,1.0612963292334075e-10,1779134998322.7134
94,6363.0,0.5470352,5198466444216651.0,0.00011175289679748643,1.0102830710856171e-10,1061985927131.8182,6360378.2,7.23627606616736,1.0523011081635095e-16,5.852256835103026e-05,5.371221952102638e-11,556138997640.748
95,2185.0,1.300632,5125580871585044.0,9.499403749389208e-05,7.154097061011779e-11,374356175684.84076,29163992.3,7.23627606616736,2.5375309308070484e-16,7.187459345853051e-05,6.00469248223633e-11,283246176769.44403
96,1140.0,12.896699,2.3261008103125984e+16,0.009829089166944152,7.362749809614263e-09,17728142895994.992,888235590.21,7.23627606616736,5.544342249838625e-16,0.0006475619654327817,4.946241750849033e-10,1167968960523.0085
97,3885.0,1.4003087,6792156366785637.0,0.000455039565140784,2.906300428803704e-10,2207156093160.275,68998644.06,7.23627606616736,2.0616555691321503e-16,0.00015976923204377532,9.732687653411739e-11,774955984093.0648
98,1716.0,16.321795,3.984542391348005e+16,0.006914225797014152,4.599234204674705e-09,16879286739941.797,726533289.14,7.23627606616736,4.096278417175579e-16,0.0005320711828435725,3.734491784872785e-10,1298913620257.3857
99,681.0,13.585533,1.5834535396636304e+16,0.006974509407062752,4.91360976540009e-09,8129097038762.338,813251076.23,7.23627606616736,8.57968526369643e-16,0.0004983386704522629,3.6591542595838206e-10,580835607759.3004
100,13612.0,0.8346016,1.088585035352482e+16,9.208377287850949e-05,6.677577589306852e-11,1201064282099.8926,19714141.65,7.23627606616736,7.666847998969208e-17,0.00010202658905730989,5.833447397196419e-11,1330750121445.3079
101,12410.0,0.17825364,4349537385756168.5,1.947732117903022e-06,1.1433949399007094e-12,47526287060.71437,1703464.0,7.23627606616736,4.098220665575692e-17,1.0489940265456586e-06,6.158005256029235e-13,25596328556.854385
102,26204.0,0.22443731,4393328112388382.0,2.7482567053132908e-06,2.086086795476842e-12,53796730336.47014,4418837.3,7.23627606616736,5.1085943107032644e-17,1.4835015791892329e-06,1.09513479197146e-12,29039330370.804283
103,20941.0,0.29255736,5256961122587596.0,8.554027738042485e-05,5.2284510692211735e-11,1537072636300.2883,4082417.8,7.23627606616736,5.565142164414498e-17,6.314450080024295e-05,3.846867932026652e-11,1134643086101.401
104,26657.0,0.3290733,4033203614077906.5,5.2432372209206375e-06,2.5786508098803632e-12,64262409952.08336,2033325.8,7.23627606616736,8.159104560240125e-17,1.4911099503332376e-05,7.33335479406811e-12,182754117112.25253
105,1012.0,51.39245,1.0121115539662854e+17,0.03904160441977486,2.9620372678024492e-08,76887673031029.53,3176488868.18,7.23627606616736,5.077745610017208e-16,0.0010123912091555506,7.87910868300352e-10,1993780876218.649
106,5677.0,0.9776909,6793416330684701.0,0.0003352665612222894,1.9221990935158126e-10,2329576077817.6445,48649051.8,7.23627606616736,1.4391741244886424e-16,0.00011372464846673033,7.78547465285017e-11,790207706848.1078
107,12314.0,0.6912026,8010827436197080.0,3.4160970887202895e-06,2.025174708436829e-12,39591523936.735,13652253.2,7.23627606616736,8.628354630094609e-17,1.1154848513795839e-05,6.1222567970219e-12,129281293966.39702
108,25975.0,0.3785703,7223855218715864.0,6.035846015505641e-07,5.188728047927363e-13,11517564304.034355,1163261.2,7.23627606616736,5.240557687523753e-17,3.362133329031579e-07,2.890265169191218e-13,6415602173.478297
109,11752.0,0.6647957,4843604826807016.0,3.972234570496476e-05,2.5390067885120167e-11,289411236246.9617,20196198.55,7.23627606616736,1.3725225813647647e-16,7.154188259301844e-05,4.078087287402257e-11,521243756309.50226
110,16668.0,0.45131704,9175917931719864.0,6.661722108613002e-05,5.6635492693415504e-11,1354422942961.7087,11219885.6,7.23627606616736,4.9184947310814553e-17,7.960292852380231e-05,7.563324710726451e-11,1618440862013.4802
111,25211.0,0.46635067,1.0518662907996046e+16,8.67337963268154e-05,5.4502618709608616e-11,1956303753766.574,5323170.9399999995,7.23627606616736,4.4335546644953415e-17,8.930778774704918e-05,6.169906781025548e-11,2014360812154.6602
112,25776.0,0.23043679,4562917709791339.0,0.0,0.0,0.0,1176517.5,7.23627606616736,5.050207009114302e-17,0.0,0.0,0.0
113,2085.0,0.6629162,4243039341927626.0,4.281795845170312e-06,2.5629867027134047e-12,27405919820.876133,5925277.2,7.23627606616736,1.5623616624276575e-16,1.5211233811492075e-06,9.147657947801643e-13,9736051630.87289
114,5342.0,0.6493583,4790634547787012.0,0.00010588171863641279,7.737989383119871e-11,781141350281.7521,20492494.15,7.23627606616736,1.3554745066078248e-16,6.722042101859069e-05,4.856272868364207e-11,495918002816.7019
115,14557.0,0.5976005,6815446759027004.0,9.031700915426469e-05,6.708879108074636e-11,1030037236122.5359,10672069.85,7.23627606616736,8.768324676712983e-17,8.946160060131047e-05,6.424106507525153e-11,1020281569167.9805
116,2406.0,5.3607645,1.7628178864649734e+16,0.002597174492871379,1.9018604622253006e-09,8540471513539.278,272009089.78000003,7.23627606616736,3.041020028875522e-16,0.00027446052411349097,2.0300949129685905e-10,902527841011.8799
117,12011.0,0.48453215,4721658587271469.0,3.763637653043297e-05,2.527514703194016e-11,366758161328.82245,8031550.6,7.23627606616736,1.0261905663958632e-16,6.0280937975608736e-05,4.3067708410929927e-11,587424401954.1567
118,13213.0,0.67235464,5907503989560319.0,3.811246310814321e-05,3.054999449038632e-11,334867218084.9774,15621535.86,7.23627606616736,1.1381365821981302e-16,8.25716447227519e-05,6.800017392699288e-11,725498556274.1326
119,6263.0,0.31452948,2939638411129335.0,2.8399443222576168e-06,1.921890387608096e-12,26542533994.5151,7328002.4,7.23627606616736,1.0699597569864577e-16,2.2115446150280665e-06,2.160123107121687e-12,20669418644.836544
120,2866.0,2.752356,1.3345891040649508e+16,0.0012359317482659251,8.389902927355339e-10,5992905876287.985,168301922.29,7.23627606616736,2.0623246448039712e-16,0.0002244684382476624,1.5571961708830454e-10,1088424360409.0697
121,25377.0,0.4918718,7443185345502935.0,0.00025603452044670855,1.6466695936566555e-10,3874408718962.568,14925007.5,7.23627606616736,6.608350822503458e-17,9.791736195120657e-05,6.432103911862278e-11,1481721606210.251
122,45622.0,0.22626084,8223290819475409.0,3.229399429408561e-06,2.6743074073859004e-12,117370247013.46704,6641236.76,7.23627606616736,2.7514634343727846e-17,2.7140915088114352e-06,2.2824028372771092e-12,98641743695.57382
123,5238.0,1.1906235,6175020883947336.0,0.0002628832325326844,1.7721028996107286e-10,1363411230274.6501,51366447.86,7.23627606616736,1.9281287017104028e-16,0.00012296574274289418,8.966892634310168e-11,637746549977.7781
124,3082.0,3.4792604,1.2969261913660076e+16,0.0016832173286928567,1.1790231967050639e-09,6274346810439.633,188946474.81,7.23627606616736,2.6826973062633694e-16,0.00028235875732055124,2.1012662526197134e-10,1052518137850.7379
125,1112.0,72.3597,1.9296505921874506e+17,0.08191975280064544,6.07806910078107e-08,218459307464811.25,5400204495.13,7.23627606616736,3.749886134461944e-16,0.0012037007857285981,9.070723755850034e-10,3209966229818.1016
126,23183.0,0.6367942,1.1380802973003998e+16,8.571373776915185e-05,5.816266165752402e-11,1531878213762.7017,11397588.1,7.23627606616736,5.595336300175981e-17,7.744291846484942e-05,5.7698928821837136e-11,1384061909959.0803
127,13016.0,0.46475166,4864841136746260.0,0.0,0.0,0.0,4816609.4,7.23627606616736,9.553275162256146e-17,0.0,0.0,0.0
128,10260.0,0.4148401,3712122382500797.0,6.626569724144349e-05,5.001858984214559e-11,592966730848.7865,5152126.34,7.23627606616736,1.1175280803121822e-16,7.598551078204861e-05,5.737670441373134e-11,679942742564.6611
129,8233.0,1.6596088,1.11878750552856e+16,0.00042398085401644184,3.1102176167161674e-10,2858170443883.664,105765127.27,7.23627606616736,1.4833994764858715e-16,0.00010368791012497428,8.125297039015018e-11,698988450303.4059
130,8307.0,0.54113525,5002382708566943.0,7.563728044008971e-05,5.854632672171417e-11,699208975568.5541,9555615.45,7.23627606616736,1.0817549986194912e-16,0.00010746844618532178,8.253220408790936e-11,993463827969.0905
131,24370.0,0.20361926,4452757424183405.0,1.635654472490564e-06,1.2700639125075967e-12,35768583953.115,2659900.9,7.23627606616736,4.5728801415078635e-17,4.7547745524230627e-07,3.6832843916368156e-13,10397767720.312962
132,18120.0,0.4220137,6641425724678391.0,1.8994367964548305e-05,9.361873717804772e-12,298923196151.58997,7810200.6,7.23627606616736,6.354263639987269e-17,2.1087479147507366e-05,1.1199975575986984e-11,331863459595.9197
133,11881.0,0.65045875,6073526507110018.0,4.249631836371385e-05,2.368390960878693e-11,396800744146.5001,25951588.8,7.23627606616736,1.0709737567433611e-16,1.9201095458887114e-05,1.0423916614826143e-11,179286330201.72406
134,12077.0,0.40945384,4674105914918253.0,7.684790940148581e-06,7.247957565966925e-12,87725460794.94255,5433694.4399999995,7.23627606616736,8.760046251693916e-17,1.679546719454805e-05,1.72584130719783e-11,191728065263.3579
135,1938.0,6.906401,2.022723965291965e+16,0.002008243281658257,1.4487740670071655e-09,5881676742990.65,264529862.53,7.23627606616736,3.414406077402219e-16,0.00029029975066254183,2.17506653906595e-10,850220343104.0354
136,19116.0,0.6265836,6616590468752710.0,0.00010787268053106687,6.357293614988543e-11,1139112721495.8435,27095999.6,7.23627606616736,9.469886385731184e-17,2.428668179821047e-05,1.3826309448854482e-11,256462229946.12262
137,14452.0,0.9511452,1.0872992539902144e+16,0.00020039150396777676,1.3697429633456216e-10,2290770460389.652,44458754.94,7.23627606616736,8.747777546148856e-17,0.00010615934547510951,8.546750446025833e-11,1213557899878.7568
138,9501.0,1.969348,1.2864269299438136e+16,0.0006169760975242455,4.5974417856437083e-10,4030240805519.5425,66001240.25,7.23627606616736,1.5308665841487118e-16,0.0001790866156552019,1.1909029946395438e-10,1169838165582.4622
139,22402.0,0.33350414,5665519764614589.0,4.509294579635941e-05,3.1102560259140925e-11,766032396641.2189,6482732.7,7.23627606616736,5.886558583432767e-17,5.858449060603295e-05,3.352413643591917e-11,995224795195.5182
140,8703.0,1.6704535,1.1105564131495452e+16,0.00041983029584499227,3.38394982000938e-10,2791129639257.4053,89907520.63,7.23627606616736,1.5041590685722872e-16,0.0001294687756128183,8.876857449733634e-11,860738590205.8021
141,5247.0,7.0373793,4.554892984197401e+16,0.002975623932696068,2.0857592680458874e-09,19259511242554.74,251405023.97,7.23627606616736,1.5450152889245163e-16,0.000370126478785229,2.634553842761219e-10,2395616932974.6484
142,1976.0,0.9343389,5319156071532761.0,7.729642154711113e-05,8.319434303087724e-11,440045608697.30664,29016315.79,7.23627606616736,1.7565547756728299e-16,6.553783446996667e-05,9.045808542722813e-11,373104416540.9706
143,3562.0,0.47297072,8386770192095955.0,0.00010614604761959144,8.378317687850724e-11,1882193697285.9275,14265716.8,7.23627606616736,5.63948587080337e-17,2.4065025237138938e-05,1.62428570397531e-11,426723743767.63477
144,18220.0,0.77872884,1.1079208216991632e+16,0.00037366896593632996,2.8079868659153183e-10,5316300187156.999,53584661.51,7.23627606616736,7.028740905922341e-17,9.867826661371107e-05,5.949830795065786e-11,1403925225506.1191
145,18944.0,0.30563992,4800089503387021.0,0.0,0.0,0.0,1284157.4,7.23627606616736,6.367379603741462e-17,0.0,0.0,0.0
146,27179.0,0.3684173,9613265376368106.0,0.00016435456562160608,1.3156079991275522e-10,4288571831828.217,6900926.5,7.23627606616736,3.83238458084872e-17,8.308143112537554e-05,6.59169051500796e-11,2167878232799.2854
147,14500.0,0.6382955,7148346458986704.0,5.263160960753574e-05,3.957233263791958e-11,589427592970.3385,26809877.11,7.23627606616736,8.929274814283134e-17,6.189707614910642e-05,4.3342103540257696e-11,693192643708.275
148,6950.0,1.2070704,8724956725824499.0,0.0006175100065820236,4.348639849151424e-10,4463491180954.944,45713942.0,7.23627606616736,1.3834686382194443e-16,0.00015411986000833612,1.1260148541124725e-10,1114010507724.2075
149,15381.0,0.41563502,4539091356949881.0,1.2375746433313573e-05,6.074587926994119e-12,135153779080.63895,7563740.6,7.23627606616736,9.156789042450404e-17,1.4914947131958835e-05,7.187371600061359e-12,162884031321.61182
150,6300.0,0.91453594,6892855191802838.0,0.00029240756905401686,1.93836961245688e-10,2203875148391.0264,22107012.2,7.23627606616736,1.3267882677813832e-16,6.194320837379225e-05,3.700095464680092e-11,466865813317.5377
151,28499.0,0.22212426,5434778222586828.0,0.00026152292360398044,2.9927674600780584e-10,6398756668497.856,3545499.5999999996,7.23627606616736,4.0870896824613024e-17,8.930778774704918e-05,1.0128716656525065e-10,2185119355963.5027
152,23628.0,0.25056157,6585679026844848.0,1.1027013806551122e-05,8.055989345333022e-12,289830453866.21857,6772679.140000001,7.23627606616736,3.80464290741546e-17,4.164818393097002e-06,2.963946998171549e-12,109466735629.2371
153,14434.0,0.73088527,8314632984524997.0,0.00018592194408175702,1.1472058993069998e-10,2115068933882.3162,9124121.5,7.23627606616736,8.790349151433465e-17,3.199323782505573e-05,1.7462237368980096e-11,363958669603.4538
154,4544.0,2.3011117,1.144688617423682e+16,0.0013020070131491864,9.527201558145553e-10,6476837294589.74,152731007.57,7.23627606616736,2.0102512290015135e-16,0.00022426558335302682,1.6438755748824927e-10,1115609731348.9465
155,11998.0,0.52915716,5475885803042995.0,5.324143462854878e-07,4.224223287557286e-13,5509592197.828562,4577667.7,7.23627606616736,9.663407511273208e-17,3.38761790714452e-07,1.97487656767945e-13,3505614249.624233
156,4368.0,1.9470127,1.5117823845645204e+16,0.0006974270339027461,4.713270869016564e-10,5415259512037.359,51317589.67,7.23627606616736,1.287892172761922e-16,0.00015643306296224562,9.8816212083973e-11,1214644100420.0715
157,12447.0,0.7935227,9488154913654202.0,0.00042156900275926737,2.904118718734455e-10,5040702685600.103,33178528.81,7.23627606616736,8.363298314807849e-17,5.879944659474759e-05,4.727950761690745e-11,703065278571.2396
158,28485.0,0.49601477,9605130769438304.0,3.768857242786758e-05,2.990053697445918e-11,729824369308.8312,8912017.09,7.23627606616736,5.1640605620719346e-17,2.0391642613793526e-05,1.6403072318795717e-11,394876132235.21045
159,6635.0,0.28000534,3662717017833595.0,0.00017810302404294443,7.93818370390536e-11,2329744772330.8364,10157652.9,7.23627606616736,7.644744014802872e-17,7.68199103936088e-05,3.2821130514075983e-11,1004872239604.869
160,21070.0,0.38364768,8597362050451131.0,9.181085896635224e-06,3.805918895360812e-12,205743768526.53915,2412317.8,7.23627606616736,4.462388320378677e-17,5.8376563003414354e-05,2.419936668519146e-11,1308191013696.0142
161,7887.0,1.0160387,9333567206035584.0,0.0002629098171822922,1.7878838282175771e-10,2415150572313.292,45314377.04,7.23627606616736,1.0885856153079125e-16,0.00013985564380846494,9.923561663436568e-11,1284746388724.8408
162,21327.0,0.4175026,7843468617818321.0,1.0289718089215856e-05,5.97006950633773e-12,193309169617.05643,9924517.8,7.23627606616736,5.32293326260709e-17,3.996582324756163e-06,2.2690088768582976e-12,75082330128.60843
163,4071.0,4.525484,2.7157959955023416e+16,0.0011009533590023931,8.601284471310949e-10,6606950159615.085,252604587.64000002,7.23627606616736,1.6663563859342534e-16,0.0001806762505579031,1.3559476274737597e-10,1084259358220.0952
164,27402.0,0.33980075,8181822809143749.0,1.4337869544002295e-05,1.0137989725705253e-11,345231457169.07764,10631183.8,7.23627606616736,4.1531179289320385e-17,4.426988176014052e-06,3.216665464155792e-12,106594328689.1552
165,6418.0,1.1399087,7914119304502201.0,0.0003389310597098275,2.412189330050192e-10,2353119019571.4214,37095024.9,7.23627606616736,1.4403481374756714e-16,8.50216226442346e-05,6.569756349133812e-11,590285226412.2894
166,27398.0,0.24824898,5005050934031730.0,0.00013515061426221502,7.032043404301843e-11,2724827744098.128,4519728.9,7.23627606616736,4.9599691046505984e-17,5.8376563003414354e-05,3.037400363105409e-11,1176954165877.3428
167,20011.0,0.16506176,3931986631591127.5,7.037802965984845e-06,3.1626600052477366e-12,167649655365.51166,7342691.2,7.23627606616736,4.197922716059838e-17,1.4911157183260634e-05,6.646089162363465e-12,355203232451.50684
168,43465.0,0.1396365,7191717607550302.0,6.8893020312694265e-06,4.3506164386442895e-12,354820657364.03015,4220082.9,7.23627606616736,1.9416293522621233e-17,4.016501509339785e-06,2.489259023116108e-12,206862422256.86902
169,25438.0,0.18635355,3970930461031017.5,5.175743474844526e-07,4.0711010843655015e-13,11028776979.425749,1271337.5,7.23627606616736,4.69294418093675e-17,7.878804201210712e-06,6.19725619767427e-12,167886169053.85904
170,7064.0,1.6213946,7991763364649540.0,0.0004449361696348562,2.993372969554702e-10,2193065512920.3816,107130622.08,7.23627606616736,2.0288320937679596e-16,0.00014403054854489239,1.1354198332883634e-10,709918523998.691
171,9082.0,1.0040747,8864744181827050.0,0.0002330953053833023,1.5618803855846747e-10,2057944744756.3696,22685659.61,7.23627606616736,1.1326606604828808e-16,3.739525832271674e-05,2.442852626131911e-11,330154119652.87317
172,1488.0,10.699454,2.379193600816908e+16,0.005904495191167992,4.321574893408266e-09,13129583224416.025,772249550.33,7.23627606616736,4.497092626815358e-16,0.0004870354150056585,3.641510129089483e-10,1083000630455.2268
173,80.0,206.43376,2.179621112804871e+17,0.33210391893832764,2.5117077650045936e-07,350650355524801.94,18699695055.38,7.23627606616736,9.471084620498482e-16,0.0021556180870707514,1.674253153140971e-09,2275999184301.7627
174,39488.0,0.1583023,6295123756032994.0,2.7945778128676246e-07,1.3023075776428298e-13,11113049638.486435,2145866.2,7.23627606616736,2.5146813015119746e-17,4.1474638349387475e-08,1.932769077092853e-14,1649299985.8252606
175,35454.0,0.22738372,5460724279302839.0,0.0,0.0,0.0,1828852.8,7.23627606616736,4.163984635917741e-17,0.0,0.0,0.0
176,6683.0,1.208345,9137522552296380.0,0.00040836503033944005,3.005737793321903e-10,3088062328470.618,67889732.6,7.23627606616736,1.3223989249649807e-16,0.00015718357463540597,1.2175969492183444e-10,1188624488934.5205
177,23201.0,0.6497615,1.244508791275883e+16,6.826288622077701e-05,4.728969951627929e-11,1307460691647.9712,22416470.36,7.23627606616736,5.2210278027353905e-17,9.636005347734115e-05,5.8051682410955843e-11,1845614639838.8528
178,7355.0,0.48895496,5805906445866205.0,0.00014397155523699295,9.9487865338465e-11,1709534515350.534,6179741.8,7.23627606616736,8.421681688449098e-17,7.522353289273105e-05,5.293054500563119e-11,893212729660.6945
179,12072.0,0.73885787,6506833590454768.0,0.00024868293394681535,1.471844135088988e-10,2190053775806.682,38551503.6,7.23627606616736,1.1355106285242506e-16,0.00010214728092769228,6.670453286709913e-11,899571332594.6272
180,7002.0,1.0811245,7422346818472123.0,0.0005191163870300675,3.067007888089264e-10,3563939087209.0728,50307987.3,7.23627606616736,1.4565804137707318e-16,7.92601317243762e-05,4.9197609096631367e-11,544152118036.45654
181,2931.0,8.326128,2.9409499426767564e+16,0.003737002491524819,2.5731410997654476e-09,13199817806347.453,412434568.04,7.23627606616736,2.8311015699987846e-16,0.0003584968849961488,2.4941576651363284e-10,1266280548868.8374
182,1727.0,13.695999,2.9641287411449676e+16,0.005342226413773637,3.7781743846752534e-09,11561804914537.629,550517587.73,7.23627606616736,4.620581694002125e-16,0.00047230690719050574,3.344781802520428e-10,1022180622417.2964
183,7136.0,0.6492852,7877742077628415.0,0.00016122464745646319,1.0885221490250027e-10,1956129893640.8638,17181356.1,7.23627606616736,8.242021553915441e-17,4.401067740861899e-05,2.6277036798928488e-11,533979159369.11566
184,8161.0,1.3679676,7557543148145655.0,0.00026965157213209765,1.588721018072781e-10,1489730744612.4004,43549642.9,7.23627606616736,1.810069189397416e-16,0.00010893560192939625,6.147900733492286e-11,601831148596.3784
185,11500.0,1.0009288,9292834189070530.0,0.0001617604866807959,1.0898641069643664e-10,1501818492052.5696,30214776.85,7.23627606616736,1.0770974491046128e-16,5.60067310594801e-05,3.4624120683275025e-11,519978309353.8871
186,3163.0,4.76529,1.429528473335478e+16,0.0027462342711597585,1.8914318081193213e-09,8238365524600.977,288390530.29,7.23627606616736,3.333469804124492e-16,0.00030015731473123777,2.3055052728960105e-10,900435079267.4169
187,9203.0,1.8210831,1.5513031323766104e+16,0.0006329243947956589,3.9633611522774263e-10,5391613354734.202,86399630.97,7.23627606616736,1.1739053844428743e-16,0.00016529916942295355,1.0593067700642156e-10,1408113222867.6433
188,1320.0,2.5297515,7242756026830976.0,0.001022446387844444,6.764739349414051e-10,2927295324332.0176,112118615.73,7.23627606616736,3.4928023125844233e-16,0.0001645261384340085,1.0831330971545073e-10,471043373514.80664
189,2186.0,0.5476521,4811284224404075.0,4.9552973257077335e-06,3.496274494150425e-12,43533739486.08856,5536691.4,7.23627606616736,1.138265948251752e-16,2.8899691408530208e-06,2.0156401167446185e-12,25389226000.230324
190,10756.0,0.41408855,6835658240439209.0,1.3549466386950373e-05,7.101543405751396e-12,223670810413.64557,5856144.4,7.23627606616736,6.057771401593561e-17,2.1087479147507366e-05,1.1248823680164932e-11,348106221736.2656
191,28287.0,0.24088256,6158409311122056.0,1.2111491905486314e-05,1.3286475522246998e-11,309642692780.77386,3932716.6399999997,7.23627606616736,3.911441215265886e-17,7.878804201210712e-06,8.643158083319518e-12,201429697331.52795
192,7086.0,2.0432239,1.22942599514395e+16,0.0007653682134963535,4.805402614220073e-10,4605288620250.094,73885248.14,7.23627606616736,1.6619332176726627e-16,0.00011109539244211463,7.109169988482114e-11,668470858279.6748
193,6079.0,0.7601768,1.4383968245255664e+16,5.2020440622544913e-05,3.447216662517514e-11,984324128306.5911,19219812.7,7.23627606616736,5.2848893089758656e-17,0.00010610654102634549,8.446801749261301e-11,2007734406965.4202
194,1773.0,3.2804916,8590202625373133.0,0.0009889724066317429,8.072608799810139e-10,2589695204179.027,216629024.07,7.23627606616736,3.8188756925364206e-16,0.0001826107141274593,1.5252566478078953e-10,478179257011.04175
195,8948.0,1.5628834,1.055659352260389e+16,0.00048682541381376345,3.0955378430051745e-10,3288292658368.074,41037781.3,7.23627606616736,1.4804807977625902e-16,0.00015080856857579487,1.0370616732288459e-10,1018645893980.5751
196,11603.0,0.52751875,4647571333148591.0,2.1073495619989544e-05,1.980880263079193e-11,185662735462.3808,3298593.1399999997,7.23627606616736,1.1350417501663644e-16,1.5068743924086196e-05,1.4240866821409473e-11,132759380189.12125
197,6051.0,0.9189779,7929646859516326.0,0.00038052205502918694,2.2371415874039877e-10,3283436433714.99,55568719.62,7.23627606616736,1.1589140301968676e-16,0.00010661556606612829,7.261946947992382e-11,919960957311.1927
198,29250.0,0.3086871,5618465485619535.0,1.3066290931440517e-05,7.1610291913042555e-12,237821744489.36182,14293501.8,7.23627606616736,5.494153177412672e-17,5.8378957186432406e-05,3.1474025966411375e-11,1062565154288.6989
199,9678.0,1.2685516,1.4036735624799244e+16,3.629141641109956e-05,3.1920378659196253e-11,401570592486.82135,23475453.3,7.23627606616736,9.037369042976065e-17,4.117678961216204e-05,3.049367265761686e-11,455628064056.59686
200,3886.0,0.42946547,7855371283561825.0,0.0,0.0,0.0,3226825.2399999998,7.23627606616736,5.4671568599017185e-17,0.0,0.0,0.0
201,28305.0,0.24280035,7398320840970355.0,5.609142294544057e-05,4.052439725494474e-11,1709150515544.7087,4808674.6,7.23627606616736,3.281830502070448e-17,1.733158832539503e-05,1.1938186031955429e-11,528107356990.58325
202,1308.0,29.004204,5.317331165959851e+16,0.010310303622239279,7.223532323874756e-09,18901845670731.617,882462342.97,7.23627606616736,5.4546544299661545e-16,0.0006785945332189402,5.000423599350088e-10,1244065122606.0361
203,652.0,16.97979,3.4823655867533344e+16,0.009626269756635162,6.774116600560045e-09,19742405842069.12,904277397.95,7.23627606616736,4.875935503322766e-16,0.0006090805744195324,4.39526125515326e-10,1249156339341.3774
204,6918.0,1.657078,1.2604930387594168e+16,0.000406604247627015,3.500843045532252e-10,3092925159007.98,47946528.74,7.23627606616736,1.314626855560348e-16,0.0001255782785026667,1.3065458756795777e-10,955238955993.6388
205,7600.0,0.4484119,5883858752515576.0,2.7681462903086618e-05,1.5487568696327588e-11,363223674003.2132,5804715.8,7.23627606616736,7.621051402844887e-17,1.5032187298658707e-05,8.416498196339595e-12,197245583372.4897
206,9279.0,0.73213834,5654243930219788.0,0.00013715677972823528,9.267290964881167e-11,1059250481632.8385,25267562.1,7.23627606616736,1.294847461544767e-16,7.408880279818039e-05,4.835269005321102e-11,572181704783.9105
207,557.0,3.7999852,7782202102769225.0,0.0007627941804377864,5.384010115057882e-10,1562168840811.0295,105841053.5,7.23627606616736,4.882917649552959e-16,0.0001967621879242858,1.3944085178171426e-10,402960283268.9586
208,2752.0,2.621694,1.23177825868646e+16,0.001292231851842395,9.171067074753126e-10,6071429771291.405,182935621.23,7.23627606616736,2.1283814530025186e-16,0.00025472303381015985,1.7691429982347724e-10,1196792207763.4192
209,4039.0,6.380327,2.5514207875527476e+16,0.0014267477266032167,1.026455504580704e-09,5705403199944.253,210428562.28,7.23627606616736,2.50069570300861e-16,0.00026271844905894964,2.1107455315010985e-10,1050581439168.5907
210,18842.0,0.2806929,4375014312194336.0,3.326232110474483e-05,2.0841364139705537e-11,518442507416.6904,4577886.3,7.23627606616736,6.415816725847817e-17,2.362253779479787e-05,1.4038518596301453e-11,368192216271.2071
211,1709.0,17.747581,4.4024604240454744e+16,0.01220104373080398,9.473241585977668e-09,30265878012847.305,1527251262.91,7.23627606616736,4.031286891999255e-16,0.0006341278031626496,5.26262643655446e-10,1573015813935.6926
212,21309.0,0.3133217,5182142154913464.0,0.00010717585480361341,8.396351911371e-11,1772620648894.3784,7452682.15,7.23627606616736,6.046181108770299e-17,8.727136752299714e-05,6.670932014177951e-11,1443413056158.7957
213,25876.0,0.4259447,6455307761610557.0,0.0001008883329254283,6.609087011467081e-11,1528990121462.8735,7470207.5,7.23627606616736,6.598363946845031e-17,6.43250508380166e-05,4.124720988974178e-11,974863638262.5308
214,7700.0,1.9446055,1.2878156889693746e+16,0.0009818748577712297,7.262142320566766e-10,6502469762850.9375,91718645.25,7.23627606616736,1.510002958230962e-16,0.0001867113957832968,1.5698330249900003e-10,1236496887410.3254
215,4576.0,2.1651762,1.2302608040155822e+16,0.0004877745754166487,3.846022594299656e-10,2771552455317.241,106117546.3,7.23627606616736,1.75993268495009e-16,0.0001371405863293474,1.1864775496044942e-10,779237680520.9263
216,5690.0,2.4098945,1.0433449007952874e+16,0.0006112858385992587,4.472559379505202e-10,2646514038813.3486,156215408.93,7.23627606616736,2.3097774265854593e-16,0.000165192353931351,1.3312837153077236e-10,715187325107.5739
217,15100.0,0.35149038,4464543390260765.5,6.64345719537673e-05,6.001652034672005e-11,843835410519.6138,10577951.16,7.23627606616736,7.87293009105395e-17,1.6965623153699013e-05,1.589488291668123e-11,215493125907.17825
218,3306.0,1.3823383,5725364335524715.0,1.2238587877619545e-05,1.1040174646321688e-11,50689744002.39656,6002448.0,7.23627606616736,2.4144110645026963e-16,1.4916623710851362e-05,1.347485903443276e-11,61781624223.6439
219,31160.0,0.21566592,7544283095697143.0,2.53005287501856e-07,1.5403175319652187e-13,8850464244.059736,3201348.8,7.23627606616736,2.858666850969635e-17,4.1474638349387475e-08,2.52501096764667e-14,1450838468.124386
220,8984.0,1.4491491,1.2452543071179746e+16,0.00042352140321863025,3.1193918568349603e-10,3639320836721.6855,55671038.12,7.23627606616736,1.1637374725118767e-16,0.00013905325501369347,9.186135726749812e-11,1194885086183.167
221,4125.0,2.579642,1.5893355368541468e+16,0.0014880879357717473,1.0876105063334933e-09,9168214187418.133,127178430.91,7.23627606616736,1.6230946456441903e-16,0.00024059047418151802,1.8341098327705654e-10,1482294793018.8633
222,16292.0,0.5992714,9927553725678828.0,3.726237395466866e-06,2.490624223882127e-12,61728996141.19889,9347624.6,7.23627606616736,6.036445800841264e-17,7.893247405034602e-06,5.241698086058646e-12,130759848849.04568
223,9106.0,0.42621097,2662671168497288.0,7.910112938549425e-07,6.559465760756177e-13,4941691120.956579,4269848.45,7.23627606616736,1.6006894694418372e-16,5.270805802492431e-07,4.4884819561544154e-13,3292834683.50071
224,6151.0,0.99634856,6239619080942747.0,0.00035196907417558266,2.5340364278861714e-10,2204201460508.678,37794835.2,7.23627606616736,1.5968099127125902e-16,0.00012142091722804054,8.132153013626941e-11,760396815308.9434
225,15730.0,0.9903249,1.6629788643234212e+16,0.0005302441780953125,3.9132208126440606e-10,8903995659435.088,35958527.7,7.23627606616736,5.955126197006185e-17,0.00012732876748101435,8.82033186067878e-11,2138137182466.8672
226,9148.0,0.70382506,5203588689347168.0,0.00016617391505237077,1.3298202700873353e-10,1228573340129.5112,11794647.8,7.23627606616736,1.352576273833627e-16,6.424139457620657e-05,5.608125814473602e-11,474955799676.4665
227,20112.0,0.41332227,5030948239393644.0,0.00028694230532229863,1.8885867971084738e-10,3492654498797.686,11149840.4,7.23627606616736,8.215593767464714e-17,7.069611951134151e-05,7.093507070999138e-11,860511382528.5685
228,4046.0,6.4707375,3.2124073358357612e+16,0.0033597303487980183,2.3176946524602795e-09,16679431701423.205,319388488.57,7.23627606616736,2.01429545618832e-16,0.0003606033744497445,2.6039809423021217e-10,1790220860310.7283
229,1975.0,2.4740305,1.393518371174432e+16,0.0005864267438914498,4.0983124745120187e-10,3303097681943.4478,93618953.8,7.23627606616736,1.7753842010098022e-16,0.00016425428706041707,9.901810338915266e-11,925176009603.964
230,1738.0,28.785646,6.869880878886128e+16,0.010652824302100716,7.62451802728765e-09,25423655240926.39,1226958987.29,7.23627606616736,4.1901230177760024e-16,0.0006262463350638287,4.678230164951054e-10,1494577444163.4946
231,17390.0,0.7417636,1.1006469168377134e+16,6.45207681527172e-05,3.803702815718238e-11,957374890588.9844,16663992.9,7.23627606616736,6.739342005619505e-17,8.484783106430662e-05,4.45261981779983e-11,1258992806620.5493
232,8004.0,1.3270326,7071159937651403.0,0.000157184313808356,1.4791678439709642e-10,837564519989.0895,51341805.14,7.23627606616736,1.876683050165539e-16,7.124345459649044e-05,5.055908738518368e-11,379624330225.64026
233,998.0,11.907336,1.7090703542029022e+16,0.006792760204863316,5.130571657062358e-09,9749708154150.621,848209956.13,7.23627606616736,6.967142090270177e-16,0.0005164807329983988,3.918510894683318e-10,741309314933.708
234,4415.0,1.5972991,1.0314707912131634e+16,0.0007341359379743914,5.490077483972376e-10,4740751289476.488,84275881.27,7.23627606616736,1.5485645484166722e-16,0.0001784240860683555,1.1693923095942236e-10,1152190176707.745
235,8634.0,0.2700525,2799967942434339.5,1.3556596683062104e-07,8.396576906070747e-14,1405579882.4704676,5091465.5,7.23627606616736,9.644842567919252e-17,3.362133329031579e-07,2.0824113695842985e-13,3485939044.9925356
236,5370.0,1.288474,9700968762200678.0,0.00035411064388730066,2.2109372596136844e-10,2666112234095.1177,42301926.55,7.23627606616736,1.3281910617220746e-16,0.00014034202888276056,8.548522174033599e-11,1056640365436.5751
237,20026.0,0.35194558,5241736194615379.0,2.800199562129559e-06,2.210803015485855e-12,41705048254.79169,4680077.7,7.23627606616736,6.714294022685446e-17,1.0489940265456586e-06,8.281978143550937e-13,15623295956.37969
238,1515.0,5.962615,1.111801230590238e+16,0.003193083015894666,2.236516394087655e-09,5953887055341.453,363401924.18,7.23627606616736,5.363022486343662e-16,0.000305658564984613,2.234030110977604e-10,569937131091.5411
239,19021.0,0.4269918,8049310107411277.0,0.00018268833718648866,1.678906822019969e-10,3443895360569.8345,24693988.2,7.23627606616736,5.3047005805734076e-17,2.2906307833533828e-05,1.931450879950722e-11,431811512932.88995
240,3561.0,1.5425389,7162102941036304.0,0.00032000040424722757,2.13385127689437e-10,1485781549101.8572,63581012.26,7.23627606616736,2.1537513670207119e-16,5.5318268922496415e-05,3.6307129069342356e-11,256846123324.89554
241,4724.0,3.0952652,1.908532280934343e+16,0.0010520324515107733,7.31499595351607e-10,6486804084828.676,221969158.4,7.23627606616736,1.6218039542326623e-16,0.0002582056629721,1.9267616485529908e-10,1592089242958.265
242,15418.0,0.40833953,5889924631924711.0,0.0,0.0,0.0,3581932.3,7.23627606616736,6.932848135045876e-17,0.0,0.0,0.0
243,19520.0,0.6137492,1.344339800112137e+16,1.7152776364161325e-05,1.3568865031984522e-11,375709816791.0414,11240742.1,7.23627606616736,4.565432042916565e-17,4.567104052453194e-06,3.6088018540374552e-12,100036623248.81657
244,3680.0,1.3334153,4945744553889630.0,0.0004924028358186453,3.4034505753669035e-10,1826361707091.4624,60514748.24,7.23627606616736,2.6960860705014015e-16,0.0001510421816420782,1.0665125423236279e-10,560227595456.5067
245,64915.0,0.16374446,8393196998410443.0,7.157122927373491e-06,7.445459980017228e-12,366859084400.6921,961273.44,7.23627606616736,1.950918821886475e-17,3.995936666374323e-06,4.156919873261372e-12,204823318199.90247
246,24912.0,0.2932362,7424745984834838.0,6.347006121675755e-05,4.012129707112129e-11,1607063119002.1628,3898019.3,7.23627606616736,3.949444204541672e-17,3.356305684608928e-05,2.0590974419883878e-11,849817217508.5642
247,8734.0,1.5589083,1.2310563216324022e+16,0.0003582839080087662,2.529737096505537e-10,2829336849982.4766,68723214.49,7.23627606616736,1.266317610824548e-16,0.00014473520480901998,9.863578661267628e-11,1142961320065.4875
248,4841.0,1.878848,1.715081684742714e+16,0.0008480512476119056,6.1856599856173e-10,7741324271587.63,62914507.39,7.23627606616736,1.095486014872728e-16,0.00019720594638246444,1.4256728763863647e-10,1800168543506.0122
249,19238.0,0.6751459,8123249845799513.0,0.0001266681010184226,7.110916329592363e-11,1524050774900.0898,18961087.2,7.23627606616736,8.311278279211295e-17,3.936185350930093e-05,2.0024581143761778e-11,473595663470.38745
250,28266.0,0.36492875,8916635427272680.0,7.320625250648189e-05,4.940418483907758e-11,1788714823365.289,23908898.8,7.23627606616736,4.0926732171175057e-17,0.00012661908923640309,9.00674202939694e-11,3093799150804.9517
251,29503.0,0.3806994,9821950872425322.0,9.024492846038514e-05,5.060615754763424e-11,2328296955086.981,8026853.1,7.23627606616736,3.876005947747063e-17,5.840857740161546e-05,3.2714306659151686e-11,1506926929138.63
252,14805.0,0.31299075,4078063296033709.0,3.2017889848643135e-07,2.1359801652060144e-13,4171720135.7612605,1498978.8,7.23627606616736,7.674985091683403e-17,4.1474638349387475e-08,2.7668595679530272e-14,540387217.0947837
253,860.0,4.662473,1.2190775496207536e+16,0.001997193208389254,1.525861907107093e-09,5221978556449.298,326605791.64,7.23627606616736,3.824590979835912e-16,0.0002843378518196374,2.1239403963270806e-10,743446432098.8292
254,6764.0,1.100284,6923941386823532.0,0.00029878756123035994,2.262940160209362e-10,1880230523274.8628,27058551.5,7.23627606616736,1.5891006848987392e-16,0.00012469315086309398,8.304681559347752e-11,784677472283.8893
255,8531.0,0.5860609,3887322658355086.5,0.0002326132502721617,1.266195988678829e-10,1542916032133.515,17738687.34,7.23627606616736,1.5076209296400175e-16,6.655341573660806e-05,3.9080735613472026e-11,441446615844.6034
256,9580.0,0.89924103,6842678418646482.0,3.253050016771879e-06,2.537843581234668e-12,24753736097.36481,17409050.2,7.23627606616736,1.3141652653872263e-16,1.2435502522659897e-06,1.0909567811640738e-12,9462662611.917158
257,14307.0,0.55433863,7403315865396529.0,3.5954372945521222e-06,2.7762242050686337e-12,48017865840.950134,6132732.96,7.23627606616736,7.487707401368713e-17,7.94832964268242e-06,4.448037240545069e-12,106151712622.0705
258,304.0,42.433037,3.502426006140532e+16,0.008413436396847737,5.813623988719077e-09,6944456612268.598,944263598.24,7.23627606616736,1.2115327183388156e-15,0.0006411343701522036,4.5545471668501786e-10,529192782371.8128
259,5645.0,1.3187195,1.225248274370192e+16,0.00029995088414501875,1.7425998401859142e-10,2786902773444.2207,45717109.76,7.23627606616736,1.0762875799011874e-16,6.959061153223889e-05,4.019551045029143e-11,646580085395.2799
260,2218.0,1.3870766,6309987559377805.0,0.00041820238098916996,3.2300213685514533e-10,1902455726917.9216,76226072.5,7.23627606616736,2.198223985304929e-16,0.00011337383905793828,7.83683374711221e-11,515751988040.52496
261,14579.0,0.41344818,6413222384573751.0,1.2343882683272025e-05,1.1580267130399628e-11,191472761439.9281,6385632.6,7.23627606616736,6.446808721221032e-17,3.995936666374323e-06,3.748740588363018e-12,61983173988.40847
262,10635.0,0.9983726,8428709969736658.0,0.0005283427584056857,4.086025007235913e-10,4460506904147.9795,57236503.6,7.23627606616736,1.1844903948346353e-16,0.00010810176123854967,9.05505712105674e-11,912643628939.191
263,3953.0,1.5011055,6318574875951724.0,0.0006414194266990758,4.1705921721448913e-10,2699914612589.281,99498578.21,7.23627606616736,2.3757026378102367e-16,0.00013251089065446846,8.109315782327921e-11,557775575720.2345
264,7705.0,0.64466137,3975595766569264.5,0.00012780659337101777,8.180370489289131e-11,788177134835.0804,12641344.5,7.23627606616736,1.6215465752855194e-16,1.9042304866779203e-05,1.2338498095135529e-11,117432981309.37906
265,5972.0,2.4414387,1.3937643737640832e+16,0.0006061104493499548,3.8616561820553423e-10,3460153027270.7925,108369403.2,7.23627606616736,1.7516868316891363e-16,0.00011578552548932541,8.105814623687683e-11,660994439158.251
266,36958.0,0.28667006,1.0591610046688284e+16,8.069996777533958e-05,5.020251209372441e-11,2981624901661.19,12492525.4,7.23627606616736,2.706576797449545e-17,7.649698803981687e-05,4.592359464615023e-11,2826337243114.673
267,954.0,24.602083,4.268948208330037e+16,0.01717113002461018,1.2641041881618133e-08,29795308288961.44,1659397789.77,7.23627606616736,5.763031500825832e-16,0.0007500842974622084,5.804432909837007e-10,1301544677232.326
268,10456.0,0.8890858,7307626561905686.0,7.094355557673563e-05,6.558900024598154e-11,583103465524.4585,20554268.64,7.23627606616736,1.2166546723046338e-16,6.737314811853498e-05,4.8458392638487e-11,553757361494.4838
269,1321.0,2.6567578,1.1469430114351734e+16,0.0008626694641360364,5.652173014505261e-10,3724211191059.091,154461602.49,7.23627606616736,2.316381697705791e-16,0.00019470057008317957,1.2134395880848286e-10,840537508459.9244
270,26564.0,0.43285018,9105591014811962.0,1.7749532167399854e-05,1.4988928419845698e-11,373385499390.5559,5214813.86,7.23627606616736,4.753674740012894e-17,5.837657773659939e-05,4.920133174109028e-11,1228030543302.1917
271,15153.0,1.1732904,1.468532880296392e+16,0.0008018063106136867,4.917776929726476e-10,10035699011645.719,50560553.0,7.23627606616736,7.989541233582705e-17,0.00019254824371009528,1.4240141427562105e-10,2410003754668.0503
272,7300.0,0.7008893,9414470369126632.0,0.00019398144715915248,1.1481037798217562e-10,2605593474518.935,11525633.4,7.23627606616736,7.444808603343883e-17,2.1005074104431927e-05,1.5915414786018852e-11,282143910254.4203
273,6698.0,1.4154974,7539381397313444.0,0.00024171861284712903,1.6917419888497397e-10,1287468852351.163,54175623.4,7.23627606616736,1.877471539646997e-16,0.00012262454769436108,7.175163227407226e-11,653136652699.4971
274,5189.0,1.9737904,1.2897628636650768e+16,0.0007165653602737018,4.286320468390109e-10,4682358324722.863,90544739.6,7.23627606616736,1.5303513968382875e-16,0.0001408464949982321,8.337272651059201e-11,920353948048.9354
275,6465.0,0.41719475,3316216399526360.5,3.1189200160775936e-05,2.978366304925462e-11,247918117524.9098,7558920.75,7.23627606616736,1.258044408861816e-16,7.754381716893541e-05,8.733969556195374e-11,616383782819.6481
276,4176.0,2.9955466,1.5874389906673956e+16,0.0007562066603981511,5.215893117437489e-10,4007388627232.182,143068105.12,7.23627606616736,1.887031008820442e-16,0.000200981338430303,1.3147953081348301e-10,1065066432352.5544
277,8319.0,1.0018793,7175565865179543.0,0.00018209362352738343,1.3687877099707074e-10,1304173855323.6375,25073640.55,7.23627606616736,1.396237340474794e-16,0.00013747466651989627,1.0454576259283077e-10,984608150310.2307
278,8263.0,0.8103225,4733785063548003.0,9.585625949473839e-05,6.128546711122584e-11,559978193180.8312,28289973.9,7.23627606616736,1.7117855777605962e-16,0.00012448510534946475,8.001731453023435e-11,727223707027.1354
279,9061.0,1.4233133,1.066314244744894e+16,0.0005146371854200068,3.100958194956816e-10,3855545800694.566,32079425.75,7.23627606616736,1.3347972298171022e-16,9.696248738418157e-05,6.44775654937211e-11,726421101409.2953
280,12689.0,0.25093016,3149559341246680.5,6.23969468063827e-07,4.133301877599268e-13,7831776247.196226,3008274.6,7.23627606616736,7.967151363488045e-17,4.0803759444472957e-07,2.6656842512331e-13,5121499213.817991
281,8134.0,1.2449739,9427686110055326.0,0.00017594042762936708,1.2710171727717538e-10,1332326023668.9124,57816788.25,7.23627606616736,1.3205508599529456e-16,3.4062089439267035e-05,2.4302257171644087e-11,257938489703.31024
282,2504.0,3.2891047,1.0696908392646618e+16,0.0019840539878223868,1.290418122182634e-09,6452589895907.32,280133313.85,7.23627606616736,3.0748180495413345e-16,0.0002520791720467747,1.642412659601811e-10,819818174556.3025
283,2635.0,2.6136627,1.3947333078988884e+16,0.0008531292687190434,5.894585159228804e-10,4552568344132.054,76993208.4,7.23627606616736,1.8739515900264699e-16,0.00019009370196482487,1.389062607280759e-10,1014400281077.3771
284,18612.0,0.4027172,7036621463587480.0,0.00023151777830043575,2.201986785775722e-10,4045277847558.8677,5465908.2,7.23627606616736,5.7231613507128e-17,2.3945883237183124e-05,2.2324537175382273e-11,418403077771.0076
285,15001.0,0.22039738,5181538494755922.0,0.0,0.0,0.0,1012804.4,7.23627606616736,4.253512353967022e-17,0.0,0.0,0.0
286,2562.0,14.336818,4.444844401424657e+16,0.0059624689922990245,4.308957776698195e-09,18485445598241.14,601776827.58,7.23627606616736,3.2254937867802024e-16,0.0005095285976613927,3.7204259824735136e-10,1579691766109.4658
287,19314.0,0.232301,4476836259431716.0,2.2936936733069366e-07,2.000509066993678e-13,4420338700.517698,2862479.5,7.23627606616736,5.188954577255144e-17,4.1474638349387475e-08,3.617326543374498e-14,799286980.2943381
288,4247.0,1.1007146,5090094648837513.0,0.00011797766145658141,8.162093087217657e-11,545570544137.8798,24378720.26,7.23627606616736,2.1624639145980983e-16,9.163466533460284e-05,6.244336800323166e-11,423751188244.14453
289,5992.0,0.55622417,4945472980079717.0,9.397299202303384e-05,4.4133282393569e-11,835528044218.5039,14603651.14,7.23627606616736,1.1247137983373113e-16,7.785604642954425e-05,3.654847475454425e-11,692229850337.3971
290,17216.0,0.59623075,9047222102794672.0,2.8462702730175008e-05,1.9602888275301404e-11,431893848557.3137,8280175.3,7.23627606616736,6.590207946987676e-17,4.1197507082034123e-05,2.6825899663683835e-11,625132126534.264
291,12820.0,0.916408,1.0951877886540452e+16,0.0002704947729837815,2.6602374462616633e-10,3232649346869.36,28989018.5,7.23627606616736,8.367587819128622e-17,0.0001347100636740595,1.2454336438617722e-10,1609903195352.276
292,10619.0,0.6233878,5274866685066723.0,4.81246659270798e-05,4.129140005132789e-11,407212327589.21313,24246083.5,7.23627606616736,1.181807687699153e-16,9.914126766238202e-05,7.124709738153822e-11,838895098536.7083
293,2753.0,1.0965074,8140587547344905.0,9.483400968551853e-05,4.8464946764145694e-11,704057773172.0902,24792542.8,7.23627606616736,1.3469634637829446e-16,7.348653157149173e-05,5.4919145165521975e-11,545571825423.5711
294,6178.0,1.1938944,6302259941028940.0,0.00021364395362598638,1.238081447956054e-10,1127771208726.7505,65255319.589999996,7.23627606616736,1.8943909187679088e-16,8.480371333844727e-05,5.485503423512735e-11,447656882738.87354
295,3285.0,0.7190264,4833124998184603.0,3.008043408650449e-05,2.434783804754999e-11,202193546634.3504,4082980.54,7.23627606616736,1.4877049533584948e-16,3.378381130405163e-05,2.0072673863728205e-11,227086770315.4759
296,23260.0,0.19965088,5033461734822563.0,1.5936255464468547e-05,1.0847844916742659e-11,401773997073.08777,1469071.1,7.23627606616736,3.966472589207793e-17,1.4911099503332376e-05,1.0150018949615424e-11,375928464598.5794
297,10884.0,0.70663196,6184418303847292.0,0.00016688709496133624,1.0467526162127105e-10,1460590042877.1848,34250119.63,7.23627606616736,1.142600524871366e-16,0.0001016323738060147,6.27603786776987e-11,889482995970.5862
298,5089.0,1.6238092,9695224310934020.0,0.00030993322214168756,2.0663190920446894e-10,1850508120088.3723,69610096.17,7.23627606616736,1.674854699512945e-16,0.0001085566595603675,8.746226209565761e-11,648155685337.5773
299,735.0,7.637458,1.0633573183234418e+16,0.0026315690738342207,1.8470395870510826e-09,3663913089060.8633,298432639.26,7.23627606616736,7.182400373227047e-16,0.00036846651466344263,2.7189860602370203e-10,513013053459.022
300,3698.0,6.937756,3.1852470711723744e+16,0.002762189580928024,1.941269726193855e-09,12681703237579.754,326898776.54,7.23627606616736,2.1780903788560624e-16,0.00032444754541030644,2.3218690653642511e-10,1489596338884.2798
301,7119.0,0.65467036,4155234619460608.5,0.00030566561303092127,1.646532907759117e-10,1940079183124.6702,18455093.1,7.23627606616736,1.5755316364903188e-16,8.293199304940853e-05,4.783688056317818e-11,526374660645.65515
302,8100.0,2.1720288,1.4695320866017774e+16,0.0009047161765345727,6.213353558428492e-10,6121048904532.172,107609301.49,7.23627606616736,1.4780410851883558e-16,0.00018506198690675606,1.2296321853814904e-10,1252076067176.255
303,15362.0,0.53787374,8363619805979336.0,0.0001814123161170395,1.3078504083706736e-10,2820854649132.073,17345602.1,7.23627606616736,6.43111179701715e-17,0.00010738888303055804,8.125985815360632e-11,1669833870410.5046
304,37323.0,0.16458355,6440027666072947.0,1.150668658976237e-07,1.4671035231540628e-13,4502477919.749588,3246381.1,7.23627606616736,2.5556342073971417e-17,3.354665998853078e-05,4.2772020142630243e-11,1312654991525.463
305,35483.0,0.17608401,4486268746141020.5,0.0,0.0,0.0,2116240.5,7.23627606616736,3.924954566118296e-17,0.0,0.0,0.0
306,10948.0,1.4572037,1.1169404124930586e+16,0.00037149855372482516,2.973637351835904e-10,2847520548005.6147,49793229.35,7.23627606616736,1.304638710983211e-16,0.00014620453389531702,1.3171749467990054e-10,1120651508072.5554
307,9934.0,1.3059269,1.3720815711166556e+16,0.0002996235714667014,2.356920149565321e-10,3148016789313.5146,29472971.8,7.23627606616736,9.517851762539044e-17,0.0001106637251610663,9.165084488468658e-11,1162696456322.4604
308,16020.0,0.9199517,1.0928768252736996e+16,0.0002229544710024565,1.9022150785451202e-10,2648636601788.3525,30105518.98,7.23627606616736,8.417707089448142e-17,0.00010009023266600204,7.930689751100728e-11,1189043899988.7305
309,27854.0,0.19614758,4564928521714720.0,3.969918961968028e-06,2.768919894117709e-12,92391638471.3181,2690487.7,7.23627606616736,4.2968379256532426e-17,1.9041445805602935e-06,1.3280935608257587e-12,44315019870.59028
310,9857.0,1.0546235,1.2662748419950842e+16,0.0003039556873039537,2.1487162388695733e-10,3649562520788.9004,30640520.14,7.23627606616736,8.328551314644961e-17,0.00011394458479150354,7.573361481867223e-11,1368120102605.8745
311,1420.0,3.061109,1.16108992265635e+16,0.0008929639607459172,5.920137010217852e-10,3387045205242.2334,88489688.27,7.23627606616736,2.6364099285236863e-16,0.0001431167653331912,9.102619910870339e-11,542847164186.3846
312,2066.0,3.1951702,8217002181061029.0,0.0016653887325984232,1.1705735131700652e-09,4282871331259.8203,156598299.54,7.23627606616736,3.888486493729299e-16,0.00024189592528908106,1.9563714541571963e-10,622082462364.6511
313,16773.0,0.33085337,4517687808494325.0,4.3869142550893605e-05,2.5022297801903946e-11,599017898688.0854,1753202.0,7.23627606616736,7.323511141648991e-17,3.839925582654793e-05,2.190235684567319e-11,524328496042.97595
314,12471.0,0.4374363,6391293938523981.0,4.081436551244934e-05,3.4466683235517116e-11,596330498644.9905,5826520.6,7.23627606616736,6.844252575575056e-17,1.4914889466687336e-05,1.2618483296415446e-11,217918454966.34354
315,8131.0,1.8614931,1.1542537071161818e+16,0.0005699015862264447,3.6797526712129047e-10,3533781664800.51,80833647.0,7.23627606616736,1.6127243850494567e-16,0.00010994697880789051,7.447153296013584e-11,681746861566.2981
316,23461.0,0.55021936,1.0171699054865894e+16,0.00015172001447636706,8.358257324537337e-11,2804791034349.4683,14828311.6,7.23627606616736,5.4093161529074976e-17,6.12257028889218e-05,3.204696588353022e-11,1131856618438.046
317,10018.0,1.2758461,9893069701753776.0,0.0002516959763393501,1.4363401362037443e-10,1951681976044.1008,35302254.1,7.23627606616736,1.2896362185478454e-16,6.618383765495113e-05,4.112418989532304e-11,513197727413.9786
318,20659.0,0.38915774,7685627925789690.0,0.00020505412749467,1.4180050983939672e-10,4049693907081.1626,14860802.16,7.23627606616736,5.063447564175629e-17,0.000116118075046183,7.914894019778985e-11,2293261134325.3433
319,2152.0,1.1028973,4990605592051081.0,0.00020033403710950843,1.3331500797101298e-10,906510665931.3444,43725268.0,7.23627606616736,2.209946828410301e-16,0.0001115612341740565,7.490424467263193e-11,504814110185.20636
320,3637.0,2.3149533,9777083712421584.0,0.0009234063499893461,6.45007732373913e-10,3899958234331.337,114167030.86,7.23627606616736,2.367733946124343e-16,0.0002096353911372347,1.6343161219206206e-10,885384067244.4604
321,5068.0,0.9863953,8990237716128743.0,4.0416115048953824e-05,3.3031911452190185e-11,368361935476.0745,9799792.55,7.23627606616736,1.0971848922641707e-16,6.026138332238437e-05,5.037988545249854e-11,549236357037.5808
322,21225.0,0.16925016,3639219217177850.5,2.8630648984723074e-06,2.553429409375027e-12,61561659962.67166,1121262.6,7.23627606616736,4.6507272549316355e-17,1.9041445805602935e-06,1.6982146560139376e-12,40942942386.93823
323,1342.0,3.5274138,1.2496291294992446e+16,0.0008756824781261693,6.077131138265391e-10,3102211407288.099,144754791.4,7.23627606616736,2.82276854526712e-16,0.0002059511491616871,1.5010626837856753e-10,729606929717.9938
324,7287.0,2.8249564,2.5427073797689692e+16,0.0011469282808135861,7.208935336632855e-10,10323355800076.922,139724767.25,7.23627606616736,1.1110033433169475e-16,0.00019377886170873283,1.26100398424778e-10,1744178925062.438
325,3852.0,2.5010672,1.0179124531019364e+16,0.001105545723769827,7.590492004848496e-10,4499474303205.049,162521728.82,7.23627606616736,2.4570553119557295e-16,0.00017096090137382324,1.1906976297475862e-10,695795900653.7153
326,14962.0,0.8723082,1.6575648263282672e+16,0.00021109982681323847,1.5496422922289584e-10,4011330488118.912,30511567.1,7.23627606616736,5.262588745517012e-17,8.615746271064945e-05,6.583713521924471e-11,1637168832241.4238
327,25846.0,0.4208086,1.2045216737311248e+16,3.343668138768499e-05,1.9352973024043465e-11,957090882389.4918,18172462.2,7.23627606616736,3.4935743306013234e-17,2.286568612200597e-05,1.3904391128347644e-11,654506930673.213
328,26599.0,0.27512145,5828693772442425.0,7.948391298523629e-05,4.044199118320291e-11,1683937725053.435,4153146.54,7.23627606616736,4.7201218787775594e-17,7.598368268826374e-05,3.86610486315241e-11,1609782218334.209
329,22428.0,0.17482206,4406989786323925.0,0.0,0.0,0.0,1092436.2,7.23627606616736,3.9669268248027235e-17,0.0,0.0,0.0
330,13816.0,0.39267674,7284197935747983.0,0.0001545788795447342,7.932859930630736e-11,2867455697248.553,13862370.04,7.23627606616736,5.3908027138155704e-17,8.303654306431419e-05,4.417948963816116e-11,1540337264643.4976
331,12269.0,0.33893108,5117002259429862.0,1.7234199672226454e-05,9.62188687869905e-12,260192835257.9768,6753850.600000001,7.23627606616736,6.623625763998857e-17,5.8407609732596334e-05,3.2131137253208645e-11,881807212751.3153
332,11986.0,1.1342287,1.2639011271000572e+16,0.00041603807542553325,3.018438749815766e-10,4636022633238.518,79378875.76,7.23627606616736,8.974030291454977e-17,0.00015596678093336645,1.1719629231857796e-10,1737979211880.722
333,5909.0,1.1945192,1.0808054349905856e+16,0.0005838109773072153,3.7618224910122766e-10,5282343534376.038,91063391.4,7.23627606616736,1.105212058829446e-16,0.00013603556524572605,1.10115867413639e-10,1230854876753.7358
334,10463.0,1.4241519,1.952109877616427e+16,0.0004466314409365528,3.134353650498267e-10,6122055150902.812,44943964.5,7.23627606616736,7.295449484323718e-17,0.00012076605128481765,9.185353377030471e-11,1655361352913.4397
335,13372.0,0.7682771,7437641078071083.0,0.00018308380232234851,1.2170209017188866e-10,1772422487774.457,29481312.54,7.23627606616736,1.0329580198016883e-16,1.954356371974622e-05,1.722673296622592e-11,189199980493.8663
336,6834.0,0.6677513,5589698101507691.0,0.0003812088614038575,3.1830128699575114e-10,3191071958777.2437,39705481.16,7.23627606616736,1.1946106710483874e-16,9.78761563431192e-05,7.327676514506692e-11,819314264598.217
337,257.0,107.19827,1.4727109388407142e+17,0.09442168853536487,6.937338369060925e-08,129718374718027.36,6566149228.39,7.23627606616736,7.278975607011117e-16,0.0013668240808151506,1.0447252028857485e-09,1877769832747.6523
338,7205.0,0.7883914,4728630856644376.0,0.0001207259046266576,5.980476173725297e-11,724092421370.8053,13115270.54,7.23627606616736,1.6672720368776552e-16,2.705626617478641e-05,1.3173885771669305e-11,162278653850.96606
339,22434.0,0.38900533,6403193653397476.0,9.538064130390701e-06,5.428744324712679e-12,157000603835.98306,6517901.0,7.23627606616736,6.075176717380667e-17,4.01005601543128e-06,2.2805624551391903e-12,66007232414.47088
340,2861.0,11.2580185,4.9307328091075816e+16,0.00620247297050072,4.611411817511483e-09,27165292873919.918,567001919.62,7.23627606616736,2.283234345857325e-16,0.00048357531781452375,3.7801543143968543e-10,2117939924528.1914
341,15782.0,0.6338567,8461797839782115.0,0.00020311820116565799,1.509108622312852e-10,2711567387146.012,10557533.4,7.23627606616736,7.490804105718524e-17,3.542381337833999e-05,2.604530697298384e-11,472897340237.44183
342,5915.0,0.5040982,8827101670804383.0,0.00012441502738308298,9.946594296656204e-11,2178591584112.7478,14715335.74,7.23627606616736,5.710800881191882e-17,6.695335115698104e-05,6.635048647467867e-11,1172398627616.0872
343,15056.0,0.66939086,6592501517852628.0,0.00017512219088315175,9.442302491223079e-11,1724692370623.13,14877936.26,7.23627606616736,1.0153821856351128e-16,6.265067732115296e-05,6.962506999417985e-11,617015722823.2786
344,21975.0,0.2745984,7972826205931880.0,1.295521490157212e-06,1.0243451637214115e-12,37614813804.71751,3850427.1500000004,7.23627606616736,3.444178926108981e-17,6.652732302820458e-07,5.611368249763487e-13,19315873087.744316
345,12825.0,1.1336105,1.2043176688207926e+16,0.0003226034047440674,2.493769750171078e-10,3427252838210.5303,40535173.45,7.23627606616736,9.41288606277756e-17,0.00010657764192149502,9.379338785376954e-11,1132252544126.1533
346,14360.0,1.0105515,1.0050961037371182e+16,0.00023406689032987065,1.3969104450134708e-10,2328032955118.2334,32749871.05,7.23627606616736,1.0054277359573853e-16,0.00012221392519757456,8.478319111700091e-11,1215541613054.8696
347,28457.0,0.23420432,4571012612981690.0,7.359702506803201e-05,4.162182435153404e-11,1436407876096.837,1768231.6,7.23627606616736,5.1236857088265076e-17,6.313578694246358e-05,3.5705609458887386e-11,1232233796731.528
348,8864.0,1.3771952,1.3412231576996078e+16,0.0007015161454367271,4.991946486639667e-10,6831926946593.369,45523332.9,7.23627606616736,1.0268203259792275e-16,0.0001719507499858554,1.145225819021336e-10,1674594333939.3337
349,8057.0,0.39047715,7336863167760817.0,0.00010182004304588256,6.713155766309023e-11,1913145810358.3184,18433726.6,7.23627606616736,5.3221266510163386e-17,7.91563060452326e-05,5.4036052828566635e-11,1487305944328.0354
350,10879.0,0.78953135,5669642110432586.0,9.831814069057057e-05,6.636668486182e-11,706024745792.1646,13701358.85,7.23627606616736,1.3925594149006342e-16,3.966408423761282e-05,2.6712305095942547e-11,284828667367.43896
351,861.0,2.4363575,8741119857631298.0,0.0007663237464233851,4.243335743722934e-10,2749402629637.014,63919684.65,7.23627606616736,2.7872372644255374e-16,0.00016092274224797137,9.95326086391975e-11,577355736097.1144
352,14785.0,0.19573264,2775179391138034.0,3.953112775765298e-05,3.606793882368751e-11,560488894757.0687,6296277.5,7.23627606616736,7.052972525849394e-17,6.314580552851263e-05,5.806069631025516e-11,895307691857.313
353,8629.0,2.3692048,1.997068233555204e+16,0.00037798212244078073,2.454083903725238e-10,3186115820710.2095,76251663.6,7.23627606616736,1.1863414380100145e-16,0.0001537155512025827,1.0179762014265953e-10,1295710882867.139
354,1546.0,6.958397,2.5173169442372516e+16,0.0025302574193114035,1.8624247566543968e-09,9153631037313.072,368144139.05,7.23627606616736,2.764211719914513e-16,0.0003277576810817163,2.490145543560473e-10,1185718440886.4768
355,11962.0,1.096044,1.1974023927611802e+16,0.00036089598375513217,2.289905572675762e-10,3942704074711.374,51087094.86,7.23627606616736,9.153514362640864e-17,7.515052867013238e-05,4.959989497553035e-11,821001920058.722
356,6548.0,2.051927,1.4418327454939038e+16,0.0012676864418795304,8.990583476733377e-10,8907684449400.79,140868579.2,7.23627606616736,1.423138020975593e-16,0.0002555164912535945,1.7808563031805464e-10,1795444204901.73
357,19421.0,0.19741134,5088079202420516.0,0.0,0.0,0.0,1400447.4,7.23627606616736,3.879879462294669e-17,0.0,0.0,0.0
358,25526.0,0.4285802,8784362911974809.0,0.00010479220313191962,6.597842015238791e-11,2147865773211.56,26864157.99,7.23627606616736,4.878899065244233e-17,2.049975681461371e-05,1.2332658040232356e-11,420171775240.1896
359,13988.0,0.60550785,7932913617586463.0,3.749094147679512e-05,1.9408385295186703e-11,491178438359.4782,10808235.5,7.23627606616736,7.632855709630451e-17,2.0092621816209607e-05,1.030523373809156e-11,263238590909.80252
360,5469.0,2.2463548,1.0552158720677428e+16,0.0006002668682743753,4.38558151209329e-10,2819728775167.2964,72587746.79,7.23627606616736,2.128810662787101e-16,0.00011253181098904825,8.076475982436123e-11,528613525646.8432
361,2553.0,10.244734,4.041051058921526e+16,0.006538435865958164,4.734629617916968e-09,25790960682649.96,668874717.4,7.23627606616736,2.5351656909611307e-16,0.0005127446169728491,3.855306964163844e-10,2022529015760.14
362,10383.0,0.7225835,6819890346350752.0,4.241152327633685e-05,2.881009959004326e-11,400288600786.3727,30127436.55,7.23627606616736,1.0595236335238828e-16,1.5744461099822194e-05,1.086176728127405e-11,148599432817.34543
363,14291.0,0.15357603,5791202604096103.0,4.6620226407194543e-07,4.225893525331176e-13,17580033588.112347,1103204.0,7.23627606616736,2.6518849451299818e-17,4.05924294486089e-07,3.6795034688606007e-13,15307010028.151606
364,2743.0,3.9542305,2.331349132597911e+16,0.0014880949544356335,1.121434811739391e-09,8773562596431.449,150451548.11,7.23627606616736,1.696112540464349e-16,0.0002811626283765558,2.0418671245207585e-10,1657688518119.0938
365,6168.0,0.85608834,1.0308904358472336e+16,4.422536598454442e-05,3.0180606150000907e-11,532556100639.22156,20305073.16,7.23627606616736,8.304358157095782e-17,5.8541570311206295e-05,4.059204552223713e-11,704949969687.7185
366,9226.0,1.197825,1.2050193766279906e+16,0.0004275776067218593,2.876492264564247e-10,4301457233836.855,39399167.66,7.23627606616736,9.940296589685364e-17,0.00011869554917472679,7.292843833070774e-11,1194084583933.7659
367,508.0,1.8416831,1.2708708597945448e+16,0.0008678746203496432,6.149382594967517e-10,5988850986131.193,122483754.43,7.23627606616736,1.449150467025214e-16,0.00014701196556836228,1.198191625866789e-10,1014469987165.2761
368,18549.0,0.5305579,6328990428093161.0,9.901456478922353e-05,1.403652265837894e-10,1181138256150.3765,8684613.74,7.23627606616736,8.382978391702986e-17,6.487273634997745e-05,9.177603725431315e-11,773862621597.414
369,926.0,5.9602737,1.484916080887697e+16,0.00190133509337889,1.3163878707959006e-09,4736901688448.342,347243927.97,7.23627606616736,4.013879152306635e-16,0.00029694785812773097,2.0148968873611622e-10,739802686777.6661
370,2047.0,2.4851894,7212164771516304.0,0.0007926257757613906,5.657591713203423e-10,2300246289857.056,109312214.39,7.23627606616736,3.445830036794219e-16,0.00023760867055758566,1.8522396158539971e-10,689554238080.3019
371,17550.0,0.8023655,9704674084440964.0,0.00010371789385248261,6.566624994905073e-11,1254476116636.3545,23051177.26,7.23627606616736,8.267825307872975e-17,6.935080829842695e-05,4.587485622815096e-11,838803502928.2509
372,1955.0,6.2482824,1.6957386157025222e+16,0.002584891361576896,1.8559227751781058e-09,7015208050170.418,350574882.63,7.23627606616736,3.6846966520317276e-16,0.00031734700611653376,2.3006015504688478e-10,861256803708.7933
373,4501.0,1.5949614,1.0535805159767636e+16,0.0005621958778772522,3.3193558719152086e-10,3713686256569.7505,77147410.24,7.23627606616736,1.5138486103469064e-16,0.000147423585976065,9.76564612036544e-11,973833083232.0287
374,9189.0,1.3910962,1.119660541178555e+16,0.0005702511746942353,4.2830997781175506e-10,4589817288451.038,80283052.64,7.23627606616736,1.2424267434982854e-16,0.00017603397075247867,1.3452849163718838e-10,1416855936767.9258
375,4529.0,1.3349963,8568957473335282.0,0.0004673360909041807,3.5927307785376085e-10,2999696020665.133,45421261.1,7.23627606616736,1.5579448306917334e-16,0.000152679698620785,9.656695623623726e-11,980007094044.496
376,6847.0,2.625395,1.6878135276718716e+16,0.0014635468833096973,1.0879437381860806e-09,9408847918245.113,147159542.37,7.23627606616736,1.555500626672548e-16,0.0002446784383033124,1.9536539973696887e-10,1572988362124.3967
377,22869.0,0.7001152,1.4673530556627864e+16,0.00010004233298733652,6.342826852612425e-11,2096760975973.6997,17160088.25,7.23627606616736,4.77127980412162e-17,4.72619770319817e-05,2.9258775952795687e-11,990551360898.0747
378,11977.0,0.3156564,4184458394456746.5,0.0,0.0,0.0,1094154.2,7.23627606616736,7.543542562596815e-17,0.0,0.0,0.0
379,17918.0,0.3707841,4597916753689245.0,0.0,0.0,0.0,2078240.8,7.23627606616736,8.064176014115366e-17,0.0,0.0,0.0
380,6259.0,3.1701756,1.851667625958772e+16,0.0012538131216699553,8.838918284491304e-10,7323396112185.594,187693385.14000002,7.23627606616736,1.7120651436342523e-16,0.00019450014687090903,1.3638950197727033e-10,1136055760460.3625
381,18455.0,0.5944342,6699859610095081.0,4.3450125078305323e-07,3.3611070751581794e-13,4897257561.319944,7096309.4,7.23627606616736,8.872338147269986e-17,3.38761790714452e-07,2.575608567436886e-13,3818179436.9355597
382,8796.0,0.90522933,8385696256848637.0,0.000158337461072956,9.785678556910175e-11,1466777324413.9182,41600416.96,7.23627606616736,1.0794921521998786e-16,7.68672390641489e-05,4.062690535395438e-11,712068530628.0593
383,15438.0,0.55230373,7894517352086788.0,9.778227173509446e-05,5.222121506689755e-11,1397679934081.1418,19357947.2,7.23627606616736,6.996041751102206e-17,9.583229421452037e-05,4.707531137342372e-11,1369807351412.994
384,20650.0,0.3402489,5590494275183721.0,1.3854087836760448e-05,8.892600703324492e-12,227631004065.8521,6308742.4,7.23627606616736,6.086204246919086e-17,1.1848900162537524e-05,8.908781439875898e-12,194684563347.27164
385,342.0,19.759144,2.769694029140253e+16,0.01224390175630052,8.976315995229416e-09,17162616754959.326,1147168508.45,7.23627606616736,7.134053000841209e-16,0.0007006324459548272,5.402956848216586e-10,982095936029.9291
386,12804.0,1.2059606,2.065760556395445e+16,0.0006813032530150732,5.22500177667748e-10,11670442525422.836,50213448.92,7.23627606616736,5.837852776627154e-17,0.00019157816943526953,1.4442575915878743e-10,3281654689927.8726
387,7009.0,1.1612343,6873934099415348.0,4.742933776297524e-05,3.6025842859959494e-11,280758277775.29785,45049080.46,7.23627606616736,1.689329986592055e-16,1.809911572457163e-05,1.3122126160406677e-11,107137834929.95122
388,3271.0,5.4582047,1.8574586660341708e+16,0.00284322596672041,1.9773049894553854e-09,9675662606384.492,309275379.65,7.23627606616736,2.938533599594828e-16,0.0003479337545464262,2.3843939881837205e-10,1184038714392.7847
389,6026.0,1.453877,1.5289737162896578e+16,0.00048798102263518714,3.7052702607792107e-10,5131865746946.61,47141632.5,7.23627606616736,9.50884233332739e-17,0.00014807038663641652,9.728436187628975e-11,1557186263541.7456
390,10220.0,1.3454938,1.3042253686207352e+16,0.00022737716734567135,1.5334140072801687e-10,2204031485669.7725,39638362.3,7.23627606616736,1.0316421014129696e-16,7.223839527029015e-05,6.1155347134351e-11,700227289787.3223
391,10747.0,0.34653226,5090846406108563.0,7.498083709512256e-06,6.606528522854371e-12,110153070612.44928,4374274.3,7.23627606616736,6.806967493346334e-17,4.01005601543128e-06,3.6055687442895934e-12,58911049881.62532
392,30273.0,0.21363272,6499096556616162.0,0.0,0.0,0.0,1826596.0,7.23627606616736,3.287114110999308e-17,0.0,0.0,0.0
393,11674.0,0.8980238,8719392180904673.0,0.00021010718381633353,1.49566372302345e-10,2040042742430.701,23567277.94,7.23627606616736,1.0299155966016273e-16,9.607882627013347e-05,8.073781735396802e-11,932880583488.2107
394,17856.0,0.50252396,1.0766775688048812e+16,0.00020919980999866938,1.0183262750388786e-10,4482189124351.611,15314868.64,7.23627606616736,4.667357940388827e-17,6.438856970022246e-05,5.4270209588941754e-11,1379550712042.8477
395,13557.0,0.1848272,2738335705272603.5,4.838780839426192e-07,2.7964725050646486e-13,7168969904.099441,1730315.9,7.23627606616736,6.749618012288245e-17,3.362133329031579e-07,1.9430748622442754e-13,4981220156.326674
396,15621.0,0.44208553,5336764105228223.0,1.5745702387492545e-05,7.358160502549559e-12,190078827762.52945,9221304.45,7.23627606616736,8.283774985799087e-17,1.7158997106088794e-05,7.879395020035981e-12,207139826172.30118
397,9824.0,0.32970408,4732843083303394.0,0.0001538533636708053,7.988622292844055e-11,2208537510643.8857,8378822.5,7.23627606616736,6.966300682208032e-17,0.0001072968425791134,4.953879705586243e-11,1540226979480.6602
398,8192.0,0.50675666,5172771502654408.0,2.2756902864990372e-05,1.1946336719230702e-11,232293461379.85962,4813865.35,7.23627606616736,9.796617920199216e-17,5.8407609732596334e-05,3.064993313809357e-11,596201772982.9828
399,23091.0,0.5480088,1.2064260042541554e+16,1.0978836231817704e-05,8.843414880828586e-12,241696000621.02252,7159302.0,7.23627606616736,4.5424153496989115e-17,1.492798650678646e-05,1.2206040565257427e-11,328635436382.4511
400,9910.0,0.63050157,5946695703651344.0,5.678566038609371e-05,3.8288872250138124e-11,535584776810.2905,9305963.3,7.23627606616736,1.0602553105464339e-16,3.451202281250383e-05,2.2397487946593335e-11,325506719647.7143
401,7611.0,0.45677385,2960746011687231.5,3.079627007106472e-07,1.7020919735684347e-13,1996172368.1806154,1809318.8,7.23627606616736,1.5427660738102275e-16,4.1474638349387475e-08,2.292279190897009e-14,268832968.61043876
402,21256.0,0.36339962,6830485411296330.0,7.200458906725375e-05,6.487830465359221e-11,1353403438259.6877,6635672.399999999,7.23627606616736,5.3202605395951185e-17,5.943136595080798e-05,5.5258849380361743e-11,1117076231671.369
403,31145.0,0.16564341,4836014115640411.0,5.878482350732375e-07,3.094209066905846e-13,17162423561.96651,1899833.6,7.23627606616736,3.42520526282758e-17,3.362133329031579e-07,1.7696988457471112e-13,9815859404.163319
404,10542.0,0.39316717,2512810921968117.0,8.921439256084319e-06,6.1500274852353875e-12,57018723110.487045,6397102.7,7.23627606616736,1.5646508321129806e-16,4.151225462710649e-06,2.949353249118308e-12,26531321733.326485
405,10816.0,0.7477392,5656910751281115.0,5.8011942889568754e-05,3.272250726023349e-11,438880806883.88074,15351998.0,7.23627606616736,1.3218154446411592e-16,9.591097400204149e-05,5.193275218702558e-11,725600343004.609
406,7292.0,1.4374511,7814460745814479.0,0.0005751059288913934,4.595650618680462e-10,3126466497543.441,52540092.05,7.23627606616736,1.839475744720986e-16,0.00012022782797051357,9.915626049445783e-11,653598332652.926
407,3644.0,5.2880487,1.8722222148862004e+16,0.0025341152141949586,1.7178986998877866e-09,8971980154223.812,324655230.62,7.23627606616736,2.8244770615123935e-16,0.0003355450709637722,2.20600966059422e-10,1187990072697.214
408,6090.0,0.5342127,8155083338670518.0,1.9452405351273925e-05,1.4256917673248826e-11,296952855627.05493,11610332.7,7.23627606616736,6.55067125392602e-17,1.1191581646476946e-05,8.179653967651273e-12,170846333339.80063
409,6627.0,1.7254676,8328893550622885.0,0.0005378418498822481,3.0224692111867016e-10,2596181762404.196,70424075.66,7.23627606616736,2.0716648490134191e-16,0.00011274790749814736,6.191842583805932e-11,544238164545.973
410,7215.0,3.1490116,2.5636565171654636e+16,0.0011490294642369037,7.679727811237672e-10,9354417349259.936,111103119.64,7.23627606616736,1.2283282018925614e-16,0.00019202054177299435,1.253214436876447e-10,1563267386331.5718
411,4063.0,2.9160447,1.3387645224293514e+16,0.0006810943364664581,4.666499014172115e-10,3126923719958.2495,157627002.57,7.23627606616736,2.1781610217071496e-16,0.00023078293510414092,1.5744154890975031e-10,1059531103551.119
412,2995.0,2.6674337,1.0525127044032122e+16,0.0007578732093269715,4.984633432444543e-10,2990406776158.9443,56817530.31,7.23627606616736,2.534348221015031e-16,0.000125693322551626,9.078706466259685e-11,495959164211.79333
413,55745.0,0.108404465,4489475600649589.5,0.0,0.0,0.0,1761952.9,7.23627606616736,2.414635352608104e-17,0.0,0.0,0.0
414,5481.0,0.19436257,1568670771177644.0,0.0,0.0,0.0,2555368.8,7.23627606616736,1.239027166000465e-16,0.0,0.0,0.0
415,17778.0,0.19864708,2298703822089384.0,9.671532545408929e-06,7.060368296749043e-12,111917017997.91556,2795358.9,7.23627606616736,8.641699643560071e-17,3.995936666374323e-06,2.9170955505370163e-12,46240170697.81125
416,11759.0,0.7179536,9301134503491130.0,0.00013088690409643162,8.818942035948324e-11,1695648158525.084,22532479.3,7.23627606616736,7.718989546173319e-17,8.737986943683177e-05,6.171590709850262e-11,1132011760271.7864
417,47713.0,0.29328033,1.901525011095249e+16,6.999257974485658e-05,5.158203370374817e-11,4538069122328.234,9858181.2,7.23627606616736,1.5423427422133936e-17,5.890823302359314e-05,4.5544976897651776e-11,3819399632215.0024
418,8677.0,2.2617612,2.3927428101470444e+16,0.0004195237576849643,3.519285815276718e-10,4438189384832.356,44374180.71,7.23627606616736,9.452588010748238e-17,0.00011765818313975781,9.26799856690703e-11,1244719255784.4731
419,12650.0,0.28849706,4722636317651171.0,0.0,0.0,0.0,1210391.4,7.23627606616736,6.108813819131548e-17,0.0,0.0,0.0
420,14872.0,0.73912185,8406644407166903.0,5.530792868665766e-05,4.665686536759684e-11,629062839051.0665,9026229.7,7.23627606616736,8.79211507233347e-17,6.32630076908382e-05,5.42178749692042e-11,719542535218.9788
421,13705.0,0.85008144,9409278985096468.0,0.00026639738925093496,1.9958718708272904e-10,2948667313996.8633,18595328.8,7.23627606616736,9.03450138258691e-17,0.000114482180099727,8.235832017009868e-11,1267166556865.8813
422,6775.0,2.2415414,2.2517624791170428e+16,0.0007719936755252919,5.757990549813737e-10,7755138462593.236,96432075.09,7.23627606616736,9.954608537926031e-17,0.00016142402597196364,1.17727067018387e-10,1621600943492.2002
423,3488.0,5.80249,2.441805495465151e+16,0.003524925960587006,2.4742173104463363e-09,14833603473110.904,441900406.3,7.23627606616736,2.3763113035727917e-16,0.00037020284191396707,2.736301568269435e-10,1557888654392.0652
424,12549.0,1.1476244,1.0864055775417814e+16,0.00010855048594592983,6.703025773483933e-11,1027599738873.8765,29839426.0,7.23627606616736,1.0563498786491312e-16,2.8683965878898262e-05,1.755362531479209e-11,271538497411.28906
425,22492.0,0.8771855,1.9593298611776104e+16,0.00014138153735958686,9.210212500895059e-11,3157975912367.8687,12169534.1,7.23627606616736,4.476966933341115e-17,7.709230923937324e-05,5.3682745627272284e-11,1721976293039.9854
426,2110.0,1.8975108,9156906795785936.0,0.0003306017989126735,2.2558122327210347e-10,1595400594907.0305,54572296.1,7.23627606616736,2.0722180997553083e-16,0.00012830826073607611,8.863993957205838e-11,619183187094.1915
427,3992.0,2.4470189,9157656585626944.0,0.0009124752679354193,6.307278686290104e-10,3414822479152.287,80991320.96,7.23627606616736,2.6721016202339655e-16,0.0001503191959594706,1.0624916551901863e-10,562550446514.4886
428,4486.0,2.8421352,1.6448235102878928e+16,0.0013038822571482611,8.212293329643517e-10,7545933040781.113,154655563.78,7.23627606616736,1.7279271497660818e-16,0.00023050944042989728,1.4326433488337977e-10,1334022909826.3923
429,138.0,3.1811686,7197368250458956.0,0.00028416447141013955,1.770782406539782e-10,642919820230.7762,47740463.06,7.23627606616736,4.419905289405118e-16,0.00012418088368753598,7.072621511803776e-11,280958245836.6425
430,16466.0,0.3046144,3802024707129196.5,0.0001636884656708962,1.0941574775657234e-10,2043066876525.9182,7167336.7,7.23627606616736,8.01189953944318e-17,2.7083478798069705e-05,1.808944961407372e-11,338040668941.6875
431,2845.0,1.9870188,5930317320063603.0,0.0009647139838592677,6.904336603114061e-10,2879217875235.088,173330454.6,7.23627606616736,3.350611262027188e-16,0.0001773633584629298,1.3540549786255389e-10,529346273239.77106
432,2076.0,12.884702,3.4516960129589124e+16,0.005177927220318755,3.695854954372735e-09,13871202253467.46,544760756.98,7.23627606616736,3.7328611649537445e-16,0.000413331999510479,3.1621388733848294e-10,1107279326086.5913
433,1880.0,1.557252,1.0869695917745522e+16,0.0001875341480143597,1.2355392429014928e-10,1308997620879.3247,41686209.81,7.23627606616736,1.4326546131411823e-16,7.972076627073491e-05,4.8172132041067e-11,556454888285.6161
434,28547.0,0.19128804,5290087184463369.0,1.7890088014130014e-07,1.461860979431416e-13,4947519214.085257,1223788.6,7.23627606616736,3.6159714070838026e-17,4.05924294486089e-07,3.3169478330333275e-13,11225871246.959267
435,5255.0,1.6938305,1.6180356427311952e+16,0.00042102272141788296,3.532847063309082e-10,4021829632031.193,57788223.6,7.23627606616736,1.0468437500801067e-16,0.00012637602518389426,9.906928409440194e-11,1207210007933.1199
436,1119.0,7.4615364,1.7202041736242772e+16,0.0035185328080856813,2.5276715854876728e-09,8111727259687.345,437885062.97,7.23627606616736,4.337587662213015e-16,0.00034948426676176145,2.662834839407616e-10,805711132494.914
437,5732.0,1.0233339,1.229032030620489e+16,6.896886675786124e-05,4.254180923657915e-11,828321492730.8491,13604824.8,7.23627606616736,8.32634035976556e-17,8.794688569218764e-05,5.5150088435489077e-11,1056248986855.78
438,10991.0,1.1018523,7156580003116275.0,2.676366385608389e-05,1.5849056374105473e-11,173831194582.5913,22027231.0,7.23627606616736,1.53963527204364e-16,6.080913462762115e-05,3.655565208199517e-11,394958050986.36084
439,3059.0,1.1836867,8989695562143030.0,0.0003777599144193635,2.347558677095471e-10,2868957323091.7295,39215612.7,7.23627606616736,1.3167150008779874e-16,0.0001550641953119205,1.1362910486975829e-10,1177659517879.9016
440,3824.0,5.2451386,2.086679835413034e+16,0.0036306312617979254,2.5627485069966046e-09,14443784276384.824,381650967.83,7.23627606616736,2.513628833223371e-16,0.00036540689189247397,2.8137805268412e-10,1453702659130.8298
441,17265.0,0.5700715,6521930330741441.0,7.288369837391156e-05,5.821335019714342e-11,833829446028.1289,26921849.09,7.23627606616736,8.740840074800244e-17,2.3993018542199313e-05,1.694685644472928e-11,274493279099.92255
442,2425.0,0.3669545,8322659059275089.0,9.136505998670029e-05,5.1897649227054916e-11,2072192176957.969,2861031.1,7.23627606616736,4.4091016751557536e-17,5.8407609732596334e-05,3.275922785230179e-11,1324705439697.8281
443,15975.0,0.33992496,5193814231779801.0,3.901011557569247e-06,2.5530898491936208e-12,59604712010.67624,7713841.3,7.23627606616736,6.544803969307842e-17,2.174763284281311e-06,1.3260278978163972e-12,33228852911.102657
444,2971.0,0.9397478,6151363160470525.0,0.0003547536838572405,2.067562071192649e-10,2322132323077.145,35561970.86,7.23627606616736,1.5277065838657422e-16,0.00010862998948948744,6.047297687350806e-11,711065793894.8442
445,539.0,96.23475,1.8508647888913632e+17,0.10242138667013534,7.245348853685612e-08,196985120465508.28,8408976935.04,7.23627606616736,5.199447878504566e-16,0.0015268227050140076,1.1098270416727502e-09,2936509300008.8755
446,20607.0,0.34572098,4705048999471742.0,0.0,0.0,0.0,1291230.9,7.23627606616736,7.347872042115093e-17,0.0,0.0,0.0
447,28597.0,0.16744709,3763653289765690.5,2.52972043538575e-07,2.1658550536829685e-13,5685969603.19052,1168000.8,7.23627606616736,4.44905726187187e-17,4.1474638349387475e-08,3.5509083854555127e-14,932211835.1863532
448,8015.0,0.9794737,8235978671536878.0,0.00039771186893016987,3.190462592564954e-10,3344190323768.7236,26795378.8,7.23627606616736,1.1892620647319196e-16,9.393342471604134e-05,8.011432334815859e-11,789846304710.1025
449,9770.0,0.5029786,6410629002964088.0,0.00010183773724088219,5.988737093731568e-11,1297955722077.7092,11374829.85,7.23627606616736,7.846010114880107e-17,6.745653535676101e-05,3.7285472896957095e-11,859755906111.1636
450,11412.0,0.72961116,6700888869151460.0,7.968294122027354e-05,5.30982792843436e-11,731823419318.56,25021649.5,7.23627606616736,1.0888274290876151e-16,3.803678290183639e-05,2.4678796425700452e-11,349337111517.3814
451,2273.0,0.8824993,4224102958802716.5,0.00017687341423099285,9.004123869558543e-11,846608617578.139,16687746.35,7.23627606616736,2.0891993131013463e-16,7.64765080601503e-05,4.369954437666575e-11,366056544153.3842
452,24879.0,0.31333,6683494947466269.0,1.8083419120483246e-05,1.1641156491063482e-11,385728913045.8772,6650742.75,7.23627606616736,4.688116059978234e-17,4.439373376525108e-06,2.8645326259923708e-12,94694186742.16267
453,24383.0,0.25774622,6424947419124708.0,4.545839161011654e-06,2.938715757117251e-12,113316026847.25252,1546879.5,7.23627606616736,4.011647149559298e-17,3.995936666374323e-06,2.583224269488556e-12,99608378239.67892
454,4328.0,3.214328,1.861289161633479e+16,0.0012416842091252764,9.598446039204942e-10,7190098087738.138,156165906.39,7.23627606616736,1.7269363977701807e-16,0.0002258007255972294,1.688384668951971e-10,1307521955578.5793
455,15014.0,0.5617272,5616090887304141.0,7.3678774392948e-05,4.951849789152464e-11,736632823648.1569,17241637.7,7.23627606616736,1.0002103086861591e-16,5.858687629198253e-05,3.5925091456883934e-11,585745575537.4105
456,17507.0,0.27078393,5353433915125719.0,3.0512236515624392e-05,2.189557236830309e-11,603230929505.6063,7572554.5,7.23627606616736,5.0581352883598817e-17,3.671354054456237e-05,3.3321216146855266e-11,725831525879.7054
457,13286.0,0.61990225,6866769449730519.0,9.796457121776538e-05,8.773463633404789e-11,1085171290786.7345,18364821.1,7.23627606616736,9.027567541594506e-17,4.135477409156213e-05,3.850143902980056e-11,458094319438.9858
458,11872.0,1.3134046,1.9167175156053196e+16,0.0002379442597549314,1.913301630682932e-10,3472440483382.036,49155940.86,7.23627606616736,6.85236394673011e-17,0.00012859660278900561,1.0786964362556782e-10,1876675024687.952
459,4802.0,2.522366,1.6774861527963646e+16,0.0009433453030755776,6.385770041393088e-10,6273667989557.31,168856696.86,7.23627606616736,1.5036583138377762e-16,0.00020822378431419256,1.3662767707066766e-10,1384781252482.4507
460,28443.0,0.3318741,6739445091698344.0,2.3772216801886463e-05,2.176119943260035e-11,482747975344.4533,7751170.9,7.23627606616736,4.924353496236699e-17,1.4914889466687336e-05,1.3690935057999155e-11,302880154279.8588
461,4687.0,3.7960596,2.4933681586347668e+16,0.002091819496726636,1.433740565698364e-09,13739710848453.479,236013287.26,7.23627606616736,1.5224625319986906e-16,0.00026195743506822564,1.7461315123504926e-10,1720616629719.7976
462,13683.0,0.44406354,3802943054730226.5,0.0,0.0,0.0,2093900.6,7.23627606616736,1.167683905883521e-16,0.0,0.0,0.0
463,19529.0,0.25394404,3706346641375853.5,3.679174599944853e-07,4.151240318918483e-13,5369803686.489731,2432435.0,7.23627606616736,6.851599825151056e-17,5.8653996048223044e-08,7.324681214112108e-14,856062781.6136345
464,6127.0,0.80918664,6172263716774590.0,0.0004216570302086969,3.013378840043946e-10,3216289369878.953,67944903.61,7.23627606616736,1.3110046445372116e-16,0.00014232899323178143,9.469593151362673e-11,1085648276112.8888
465,13880.0,0.3596377,4651341793346858.0,0.0001289392933550136,7.404249350368574e-11,1667624734522.5085,13457967.2,7.23627606616736,7.731912982924952e-17,2.7312475658832853e-05,1.567604153649514e-11,353243443364.52496
466,4763.0,1.2998482,6994899169392713.0,0.00041879856750116006,3.194848057142787e-10,2253689124589.104,30676107.32,7.23627606616736,1.8582801102947863e-16,0.00011487185349167769,9.075187933440642e-11,618162207383.5527
467,10038.0,1.2665019,8961453198712671.0,0.00046123211780620945,2.850308451264058e-10,3263564024233.58,56682687.04,7.23627606616736,1.4132773691011803e-16,0.00012625883832817974,8.280706889878984e-11,893376212544.0256
468,8438.0,1.7212567,1.118983992993896e+16,0.000308360981372374,1.9873391458310605e-10,2004645804542.5498,76345837.09,7.23627606616736,1.5382317448480155e-16,9.310028399912561e-05,6.044455097123977e-11,605242248516.4896
469,4619.0,0.578971,2996711201628154.5,2.1329995113117652e-05,1.1878258529431046e-11,110402481792.9628,10587175.3,7.23627606616736,1.9320213428822806e-16,5.9455213809855865e-06,3.2893283718061433e-12,30773580234.44905
470,36118.0,0.19537453,9499176202160840.0,4.8851708091925145e-05,3.8613424360473674e-11,2375186688570.5293,6988051.100000001,7.23627606616736,2.0567523524361708e-17,3.881431317338034e-05,2.922489001304282e-11,1887165128432.0046
471,45482.0,0.14543757,6233938127175148.0,8.785700384523972e-07,5.75613642005634e-13,37658434887.918816,1526319.0,7.23627606616736,2.3329966873749466e-17,3.995936666374323e-06,2.6180219641990456e-12,171279140171.88306
472,4029.0,1.6987044,6741546945747607.0,0.0010951127930319388,7.866339292880214e-10,4346108896352.7725,83989539.69,7.23627606616736,2.519754610729958e-16,0.00020493364588736814,1.5248151059138456e-10,813307950761.1261
473,23847.0,0.38288176,7452679754646805.0,0.0002859005829789192,3.011194596540786e-10,5564969944268.722,2514028.6399999997,7.23627606616736,5.137504529981584e-17,7.645274442630617e-05,7.928937257218888e-11,1488129966214.944
474,15297.0,1.0060287,1.5873044242823366e+16,0.00012192138294843525,9.152753623499543e-11,1923666298671.9197,36333671.2,7.23627606616736,6.337969482160632e-17,6.530705057390597e-05,5.0080279744040905e-11,1030409672336.2987
475,5599.0,1.4865004,5630223202825816.0,0.0001560948324102961,1.2697451897857543e-10,591219987076.7988,14995337.3,7.23627606616736,2.640215754242076e-16,6.646343013180882e-05,5.642407288821842e-11,251734844112.72446
476,18679.0,0.37969506,6420315272533469.0,0.0003213764575756582,2.655539443605637e-10,5434198113627.56,12085286.799999999,7.23627606616736,5.913962848901835e-17,7.696253432986247e-05,4.841888078697815e-11,1301369932416.0222
477,38032.0,0.1826162,6368162851405617.0,1.0290062040236585e-07,8.47006872751491e-14,3588333938.790409,1214873.5,7.23627606616736,2.867643373154189e-17,3.362133329031579e-07,2.767476061525401e-13,11724377447.02365
478,5379.0,2.5666697,1.7581952661191998e+16,0.0019195847001459972,1.4754581288944644e-09,13149353548341.4,202003575.12,7.23627606616736,1.4598319933287707e-16,0.0002508673579115497,1.8804083851990252e-10,1718467324034.4001
479,27472.0,0.47614512,9591235497377248.0,0.00016442082163777965,7.683994460888554e-11,3312012986713.39,9453673.74,7.23627606616736,4.9643773227151314e-17,2.8140946638931632e-05,1.3959142797895312e-11,566857529345.5072
480,30296.0,0.28408787,5147901273683627.0,7.641241794978122e-06,5.094928832596192e-12,138465462706.63522,3420969.8,7.23627606616736,5.5185182251313536e-17,3.995936666374323e-06,2.6643592077035093e-12,72409594448.3215
481,7497.0,0.48030356,3924828203935161.5,0.00019230378820132819,1.3503632661355969e-10,1571421481148.6023,34164412.44,7.23627606616736,1.223756901049661e-16,9.318423499141234e-05,7.515854092523928e-11,761460343238.7986
482,16282.0,0.22286327,3003361111658713.5,0.0,0.0,0.0,2928756.1,7.23627606616736,7.42046199955342e-17,0.0,0.0,0.0
483,28696.0,0.289887,6782139344128018.0,0.00011061610200835861,7.961808872170592e-11,2587952607481.423,3139211.0,7.23627606616736,4.2742707763883444e-17,1.8707326028665886e-05,1.1306942170575698e-11,437672927321.49097
484,1605.0,0.36544332,6435301019993925.0,5.490052321302851e-07,4.436129048653912e-13,9667748011.675314,9198824.3,7.23627606616736,5.678729229053919e-17,5.287098293980274e-07,3.9090605406945527e-13,9310354624.640396
485,8346.0,1.523603,1.207544359157094e+16,0.0010794797733468075,7.892736484015134e-10,8555507642930.054,70226341.68,7.23627606616736,1.2617366711592487e-16,0.0001999531728116596,1.7869906430818223e-10,1584745671439.8906
486,343.0,1.3897396,5990984155003497.0,6.839397415820924e-05,3.717140963323716e-11,294837403697.4626,10791564.85,7.23627606616736,2.319718370210226e-16,8.599514014645659e-05,4.502759769774566e-11,370713709262.3154
487,22009.0,0.5325799,6437106270485140.0,5.534838282543354e-05,3.287799459393343e-11,668976471223.9614,13612380.5,7.23627606616736,8.273591853562198e-17,6.153343129438246e-05,2.8825653332725295e-11,743732980590.3976
488,8492.0,2.7206264,1.9204977273590744e+16,0.0014577550481062317,9.701616476700396e-10,10290333347255.016,121543788.39,7.23627606616736,1.4166256805423055e-16,0.00023250274256835917,1.828235549645813e-10,1641243313331.392
489,21082.0,0.2397955,5254187227532112.0,0.0,0.0,0.0,1338133.8,7.23627606616736,4.5638933219483265e-17,0.0,0.0,0.0
490,19363.0,0.39646593,5649143449062909.0,8.366922520994232e-05,7.86502508272963e-11,1192181773306.258,4936793.14,7.23627606616736,7.018160072847266e-17,5.837797429360203e-05,5.4703186551665485e-11,831813091859.532
491,17385.0,0.37280384,7232649409496268.0,0.00029776729853883525,1.6304903379210921e-10,5776889197128.993,7352602.800000001,7.23627606616736,5.1544575008781554e-17,5.898720181588373e-05,3.8629420287788686e-11,1144392049130.9548
492,20199.0,0.49630392,1.0475162414021772e+16,0.000108339522807053,6.173344061103598e-11,2286651488187.9155,16193964.1,7.23627606616736,4.737911455536583e-17,9.927668759643602e-05,5.5374916201473544e-11,2095368149618.4194
493,447.0,19.307522,1.9111541030055544e+16,0.007404120630954456,5.2049225780472985e-09,7328965116806.126,959958633.96,7.23627606616736,1.0102545875100416e-15,0.0005385466272689369,3.791619677147879e-10,533080110624.6735
494,21786.0,0.62908846,1.0137179470691516e+16,0.00037759630358532095,2.307840306806366e-10,6084615662659.139,20453527.5,7.23627606616736,6.205754389757156e-17,0.00012001699061432047,6.61799093826902e-11,1933962949168.8115
495,14123.0,1.496517,1.6901582554271536e+16,0.00035191532269718056,2.3854297707744886e-10,3974512737696.601,55968578.75,7.23627606616736,8.854301040713998e-17,0.00016467485663882112,1.10042005688419e-10,1859828978951.7024
496,13530.0,0.5727308,5959386110115947.0,0.00011330232360938772,6.62888938732191e-11,1178934839127.9941,10844400.66,7.23627606616736,9.610567085556012e-17,1.8997960639819043e-05,9.659538814777852e-12,197677831814.645
497,9626.0,0.88788855,6581104898955573.0,0.00047962554312390475,3.7624213868363067e-10,3555025021459.008,37358362.9,7.23627606616736,1.3491481500939282e-16,0.0001241076660295837,9.425789783555456e-11,919896499290.6323
498,3771.0,0.7241488,4551096058220661.0,0.0,0.0,0.0,1867367.0,7.23627606616736,1.5911525283936106e-16,0.0,0.0,0.0
499,19231.0,0.52330726,7371262003489908.0,0.0002754783068107471,2.1441412175817938e-10,3880364235305.6504,15933864.4,7.23627606616736,7.099289914701734e-17,6.662730842385683e-05,4.372411802614287e-11,938506656642.9423
500,42169.0,0.13118999,4257047303812489.5,2.1043837347922504e-05,1.1375101938556625e-11,682861634823.2214,1849991.1,7.23627606616736,3.081713230729431e-17,1.668717926132103e-05,9.0201402921998e-12,541490333848.2027
501,12660.0,0.33941925,4164497881995427.0,7.071609742209665e-06,3.207597118722871e-12,86764978102.24487,2204644.0,7.23627606616736,8.150304301208256e-17,7.878804201210712e-06,3.573730816045907e-12,96668834807.09677
502,10373.0,0.3350473,3566398678785051.0,7.745392809524511e-07,5.676111569741152e-13,8244554927.784659,4948421.4,7.23627606616736,9.394555409440064e-17,1.933599231717624e-06,1.028628692692551e-12,20582126002.20185
503,196.0,37.198605,1.2747831209737778e+17,0.04774002599380708,3.531171079365927e-08,163603391395335.03,4075494122.05,7.23627606616736,2.9180340081366023e-16,0.0009857105432872016,7.845826406614123e-10,3377995391892.833
504,8647.0,1.2792717,8614526329133012.0,0.0004288518227715654,3.107037323532318e-10,2887858238841.94,54510679.95,7.23627606616736,1.4850168786108396e-16,8.111004676116384e-05,5.473177167015756e-11,546189393059.54767
505,1566.0,5.9466405,1.2679259301783128e+16,0.002545689774630249,1.85680788648897e-09,5427848001646.439,210906624.05,7.23627606616736,4.690053542136884e-16,0.0003342766863331822,2.3504603255140037e-10,712735330908.139
506,6745.0,3.2185054,2.208812305793672e+16,0.0014915246531130469,9.973169628368847e-10,10236111482648.857,130084833.9,7.23627606616736,1.457120368062928e-16,0.00024525967114408595,1.5542716952978386e-10,1683180583565.1733
507,2913.0,0.55439043,5754094648293459.0,0.0003635927343739858,2.3822311547491877e-10,3773779080240.864,17922834.4,7.23627606616736,9.63471169464375e-17,9.57290072016077e-05,5.85514194491653e-11,993584553804.8281
508,6495.0,3.6265128,2.452739411593971e+16,0.0021254811706761284,1.353249323106388e-09,14375384076731.322,197528416.06,7.23627606616736,1.4785560923666262e-16,0.00030375211179810714,1.8667755301856653e-10,2054383417486.1191
509,17364.0,0.35801828,4338651875089781.0,6.117259411093968e-06,3.889215300224457e-12,74132133740.08012,11151395.7,7.23627606616736,8.251832373451061e-17,3.3151680434411253e-06,2.1429473265625465e-12,40174931983.67848
510,3116.0,7.315866,2.680006387037077e+16,0.0038156533159311922,2.8651636788486956e-09,13977805576830.955,369149587.21999997,7.23627606616736,2.729794240560811e-16,0.00037167532561125413,2.8637169970479634e-10,1361550698908.7092
511,22971.0,0.40495804,5344474351358436.0,4.811069168228921e-06,3.3698412461852567e-12,63494567911.80349,5436707.5,7.23627606616736,7.577135062816224e-17,1.9892299502600014e-06,1.3699161204730302e-12,26253061794.05302
512,23340.0,0.30726075,6441531547137409.0,4.816558067593506e-05,1.829129525832799e-11,1009761602841.3248,2633251.5,7.23627606616736,4.7699952682300455e-17,3.354665998853078e-05,1.2739633866545137e-11,703284974137.4818
513,12637.0,0.18559326,6055846932988106.0,9.187749751026993e-07,6.971051560472223e-13,29979324761.48059,6232865.5,7.23627606616736,3.064695360594652e-17,1.904596211616349e-06,1.4104805879649125e-12,62146346945.45283
514,6391.0,0.40496042,7501397267180891.0,0.00021006957899637736,1.5939002726365555e-10,3891282426567.1826,8231179.76,7.23627606616736,5.398466519987264e-17,5.9541509052865715e-05,3.8532795043200444e-11,1102933746693.055
515,15224.0,0.36830616,5758243504162724.0,0.00011288445377183495,6.166033105825171e-11,1764879991832.409,6125181.0,7.23627606616736,6.396154656081247e-17,2.701340931257956e-05,1.4755404358800223e-11,422338276121.8278
516,2139.0,2.1582572,7202430219276315.0,0.0012115585670780496,8.990395128439952e-10,4043153909527.583,165802674.85,7.23627606616736,2.99656801147996e-16,0.00020131317092018044,1.6269052179127386e-10,671812453943.7865
517,5564.0,2.5259042,1.1158084994343746e+16,0.0009317052420252203,5.659652758507482e-10,4115772197612.649,175178340.29,7.23627606616736,2.2637434660879807e-16,0.00019519411371779347,1.2467067109275985e-10,862262516234.2809
518,22010.0,0.2831088,6041144987608400.0,2.1774074678297002e-05,1.6184995459061818e-11,464628235161.1992,9976242.3,7.23627606616736,4.686343409746214e-17,5.6514122106427445e-06,4.2749219760405484e-12,120593215573.77702
519,11427.0,0.76803976,7011726908050978.0,0.00025024442609737684,1.7575195727643495e-10,2284576486062.065,27637624.1,7.23627606616736,1.0953646228265456e-16,9.726548321951163e-05,5.198955963087684e-11,887973567820.0183
520,4383.0,5.9583015,3.1386505080607636e+16,0.002886090371135218,1.9210481822596025e-09,15203039003099.842,383327384.17,7.23627606616736,1.8983641169023872e-16,0.00037636176059298597,2.490149682032365e-10,1982558336633.0469
521,2246.0,4.958414,1.3365523201333788e+16,0.0016818378280833474,1.1542328137800377e-09,4533433979520.227,237097936.37,7.23627606616736,3.709854021655646e-16,0.00028871731691269543,2.361135640226949e-10,778244414004.8553
522,5151.0,1.1723466,7656568874238529.0,0.00011393359840975793,7.079296058393445e-11,744097729557.2358,22878981.6,7.23627606616736,1.5311644409606303e-16,5.6402652385734396e-05,3.8782447598826565e-11,368364434784.994
523,6327.0,1.1256695,6780153300493224.0,0.00026291772328169776,1.7003493173348118e-10,1583610881583.4197,37703576.36,7.23627606616736,1.660241959305128e-16,8.976072279815107e-05,6.438116494111833e-11,540648441602.56744
524,4837.0,5.786582,2.962719795585483e+16,0.0022650516404719894,1.6531376187926448e-09,11597024518532.244,195013536.01,7.23627606616736,1.9531317165471176e-16,0.00035023374013341173,2.5261808335766593e-10,1793190582929.959
525,37853.0,0.19777285,6085637914410039.0,4.8198223999477944e-05,2.0085773580599404e-11,1483100129155.4976,2399620.0,7.23627606616736,3.2498293980274165e-17,1.4911099503332376e-05,6.213942000538575e-12,458827146815.24896
526,5761.0,1.1350228,7360987113960577.0,0.00036070234391296166,2.595260405243166e-10,2339270458283.91,43159378.36,7.23627606616736,1.5419437399195518e-16,9.371019532315733e-05,6.667233986037709e-11,607740690513.4327
527,13567.0,0.8435168,1.3995395064527268e+16,0.00023531284296565613,1.4492256432373195e-10,3904244943386.337,31182123.75,7.23627606616736,6.027102458422041e-17,0.0001070968334588152,8.52325580880461e-11,1776920737578.6719
528,4563.0,1.8251137,1.2367974416632136e+16,0.0007189648939967145,4.5753087533637443e-10,4872101620522.602,81754099.69,7.23627606616736,1.475677130723713e-16,0.0001804238702764673,1.3060262969857955e-10,1222651395213.9546
529,8742.0,0.27279398,4474485926818324.0,2.4609713651120506e-06,1.976611420888549e-12,40365926474.97848,2268151.34,7.23627606616736,6.096655223899113e-17,1.4914889466687336e-05,1.1738972293539362e-11,244640526960.10132
530,10940.0,0.93605447,7797423881868517.0,8.541771193279054e-05,5.920589218313877e-11,711537766556.7971,33200190.86,7.23627606616736,1.2004663132097043e-16,7.946957261936173e-05,5.4699115790241204e-11,661989193240.1066
531,19735.0,0.4267541,5157053855082193.0,5.9944634617491384e-05,2.6245573800417572e-11,724393061591.2709,11314988.7,7.23627606616736,8.275153062042213e-17,4.74815290272026e-05,2.0999858652416304e-11,573784299471.1292
532,5699.0,2.1751719,1.2690307076542508e+16,0.00048825150802700315,3.1147450082642907e-10,2848538806265.21,80751903.28,7.23627606616736,1.714041974619127e-16,0.0001313039178657061,8.704647633381287e-11,766048438778.069
533,7410.0,1.4402997,1.2234061123426336e+16,0.0005584223730500441,3.8112480740532766e-10,4743299914998.957,56236552.2,7.23627606616736,1.1772866634138755e-16,0.00011200321702366036,8.135928389158219e-11,951367415467.6599
534,7220.0,2.481404,1.3510932623072738e+16,0.0010370354194852716,6.991827863664605e-10,5646527401586.149,109888547.96,7.23627606616736,1.836589722727567e-16,0.00023020136297511516,1.6546107580518394e-10,1253417462410.9143
535,8710.0,0.46035904,5817163421399178.0,4.2002660290947267e-05,1.9293317642675923e-11,530751691214.6532,8606964.2,7.23627606616736,7.913806208478011e-17,1.6800422999484867e-05,7.535182178160667e-12,212292575240.04922
536,8239.0,0.30559966,4657953502216187.0,3.9271979446190585e-05,2.752186081427031e-11,598583958504.226,6399218.0,7.23627606616736,6.560813882203849e-17,3.8415726090147734e-05,2.6995490955610795e-11,585532935088.2832
537,621.0,13.841333,2.145448950614014e+16,0.004376270774828792,3.0906529465041e-09,6783353555224.204,516563671.05,7.23627606616736,6.451485595142545e-16,0.0004345505998483289,3.1316259549838683e-10,673566721090.5825
538,1062.0,7.518834,1.4111553373956006e+16,0.00406547138292202,2.869046565344622e-09,7630187926797.535,512739403.77,7.23627606616736,5.328140567342931e-16,0.0003613147936535957,2.726421163310014e-10,678125490660.2029
539,52363.0,0.13658188,8790440201527838.0,5.172838148522833e-07,3.2859428052900513e-13,33292501477.335022,3123032.9,7.23627606616736,1.553754725232772e-17,4.7547745524230627e-07,3.064560793798635e-13,30601834866.25109
540,7314.0,0.6785439,6970852144625053.0,5.502292654804899e-05,3.8091624253387744e-11,565264363191.5549,24259898.4,7.23627606616736,9.734016529431028e-17,1.9609647049433972e-05,1.2002859001883711e-11,201454836142.34415
541,5079.0,2.1688793,9797241197603116.0,0.0007216028827713449,4.72866324630962e-10,3259617762683.5166,65996410.12,7.23627606616736,2.2137653409315e-16,0.0001467686809657141,9.728987581378854e-11,662982106784.4404
542,2715.0,3.6189866,1.371820444906137e+16,0.002158865780200425,1.4418544748431706e-09,8183440676699.885,218289129.66,7.23627606616736,2.6380905849873223e-16,0.00030339818844870735,2.086458794514299e-10,1150067363779.191
543,20863.0,0.16533859,5103752766194244.0,8.962546314979449e-07,5.70223373392834e-13,27666027965.534473,2771442.1,7.23627606616736,3.2395493585652144e-17,1.9041445805602935e-06,1.2114723963434974e-12,58778069719.04366
544,4937.0,2.7503572,1.7256633986321242e+16,0.0015489689490104815,9.976076127227381e-10,9718734064524.627,143559508.08,7.23627606616736,1.593797030278394e-16,0.00020450746337961876,1.4548127371397867e-10,1283146219339.4646
545,20987.0,0.28928193,7788137981027437.0,9.642094281570501e-05,9.319886121818619e-11,2595874574362.342,8669457.2,7.23627606616736,3.714391433545673e-17,7.743400866416437e-05,8.051814966215385e-11,2084702435097.0906
546,26842.0,0.3743418,5682469275303436.0,6.781714068745552e-05,6.391977742108745e-11,1029457085196.9951,12092145.92,7.23627606616736,6.587660783788588e-17,6.370239066788348e-05,6.114983344070685e-11,966995611319.9867
547,3369.0,2.399014,1.060470875787915e+16,0.0007889031797119852,5.389494030516884e-10,3487302891525.6006,159957316.82,7.23627606616736,2.26221582767897e-16,0.00016213296041489526,1.1359387209975676e-10,716699788018.208
548,17681.0,0.36259645,3810812009563735.5,1.5061194736274525e-05,1.0932641280131446e-11,158289971618.23587,1377635.5,7.23627606616736,9.514939311884616e-17,3.995936666374323e-06,2.9005761439613912e-12,41996449324.518616
549,21518.0,0.5350566,7236147746187625.0,0.0001791990900070928,1.2923885240926293e-10,2423502656118.4326,7849588.9,7.23627606616736,7.394218840845191e-17,8.122349791180938e-05,5.319152917598007e-11,1098473005196.1132
550,1267.0,4.588333,9944725479234370.0,0.0035381598404267186,2.6435985528470293e-09,7668586459329.65,472950728.16,7.23627606616736,4.613835756030593e-16,0.0003425553234218313,2.366270097074121e-10,742452357507.7169
551,4600.0,1.118563,7214280545744150.0,0.000374205808556653,2.6001822428467737e-10,2413476652432.3813,54800906.1,7.23627606616736,1.5504844771525594e-16,0.0001262134694212148,8.648943809535941e-11,814026011102.0516
552,27309.0,0.44819516,1.1105779796430958e+16,0.00014421746885260437,8.672574292908136e-11,3573549191998.5586,12157892.4,7.23627606616736,4.0356928393631176e-17,7.751734644552481e-05,4.60383638682363e-11,1920794013098.331
553,8776.0,1.0317049,8099834476252288.0,0.0003688224318008074,2.4227419123456203e-10,2895596065033.119,27281711.9,7.23627606616736,1.2737357819160763e-16,0.00011124687318122832,7.508959047016095e-11,873390500295.7523
554,10725.0,0.8538983,5104776053300864.0,0.00014514511546166476,9.166158947599151e-11,867706739388.397,27883560.22,7.23627606616736,1.6727438992115042e-16,6.721922838901039e-05,4.186211960443292e-11,401850088472.5755
555,2308.0,1.8417861,7407084207432766.0,0.0008455646703630042,5.25199983806303e-10,3400595061613.7783,81724544.2,7.23627606616736,2.4865197268202083e-16,0.00017266875278146922,1.0791657855623545e-10,694419396391.7596
556,13203.0,0.3722848,4197385425639647.5,9.050701382439953e-05,4.86234618028829e-11,1020436023025.1158,8835316.4,7.23627606616736,8.869445196190599e-17,2.710587116619648e-05,1.4079429696517993e-11,305609545654.9906
557,20353.0,0.16193742,4584973587329395.0,4.736627370751815e-05,4.781995068466817e-11,1341092836227.6335,4148129.76,7.23627606616736,3.531916093203135e-17,5.8417996392791774e-05,5.88490546078877e-11,1654002950557.4077
558,17932.0,0.6171916,1.1326826782890666e+16,0.00020834503651522815,1.1586924800223052e-10,3823590826062.7983,17544731.099999998,7.23627606616736,5.4489365100230604e-17,3.0882404497978224e-05,1.699365520377553e-11,566760219011.0217
559,810.0,7.2342477,2.1285351108957588e+16,0.003584707443017964,2.5229204184202732e-09,10547296652218.713,433989878.47,7.23627606616736,3.398697847627041e-16,0.0004085804304051982,2.985082408847189e-10,1202167561586.7637
560,8658.0,0.6674276,6784453430791260.0,0.00020273646109744318,1.3527925806219705e-10,2060831885044.9504,14971011.62,7.23627606616736,9.83760308488342e-17,6.768984538362397e-05,4.202414592845397e-11,688072539617.2672
561,13929.0,0.91487074,1.0089515138306466e+16,0.00012476889186313313,9.44132892803624e-11,1375995064879.6619,27162261.0,7.23627606616736,9.067539197463971e-17,7.585435425985457e-05,4.889900907725612e-11,836548402030.285
562,4150.0,2.3435743,1.518211192352084e+16,0.0005659796377531405,3.8785482064321903e-10,3666521776929.351,122538033.04,7.23627606616736,1.5436418278337318e-16,0.00018411972485801658,1.4191460273238177e-10,1192761957716.5825
563,11014.0,1.3478974,1.219500995636267e+16,0.00025121334568321813,1.482891848093242e-10,2272835641479.85,47168911.05,7.23627606616736,1.1052860184806516e-16,0.00015121081082430753,8.536763569956907e-11,1368069515908.3342
564,22939.0,0.6539756,8329369602597992.0,8.285603600511285e-05,4.8467499889545635e-11,1055297090125.0012,18215543.9,7.23627606616736,7.851441720103526e-17,6.989021027733845e-05,3.7707752965691825e-11,890157664908.6674
565,3439.0,1.5871688,8735659543890290.0,0.0006407327961397276,4.1096477431404297e-10,3526545863100.083,112129402.63,7.23627606616736,1.8168849095201563e-16,0.00015324023477864126,1.0285119540061251e-10,843422904641.2872
566,1164.0,12.251044,2.3594860098785156e+16,0.00450992033760917,3.2194159393760454e-09,8685867051212.476,650459857.85,7.23627606616736,5.192251171953665e-16,0.0004549372386593634,3.3682264801545014e-10,876184960228.3131
567,13379.0,0.25468343,4651841629324748.0,3.2002914904816923e-06,1.7716777072676523e-12,58453937036.25117,4408299.1,7.23627606616736,5.4748946824522344e-17,1.1015570221056755e-06,6.030038502415204e-13,20120149993.685036
568,7976.0,0.54364645,6334959912171183.0,0.00018458706057767783,1.0824304380172698e-10,2150941349962.0989,17938768.34,7.23627606616736,8.58168729616595e-17,0.00010269411891569312,6.085933256224335e-11,1196665823066.9146
569,21065.0,0.3342214,7110011941596221.0,4.6923744745094145e-05,2.6401688031504627e-11,998225683579.9032,5616326.2,7.23627606616736,4.7007150303740027e-17,3.4459453739534345e-05,1.841660769487156e-11,733068342089.9192
570,7145.0,1.2624965,7333074338209184.0,0.0002046369794680973,1.1838564149189585e-10,1188611756774.0933,53007839.29,7.23627606616736,1.7216469406586096e-16,7.39854876450873e-05,4.131105550566342e-11,429736700933.4936
571,13650.0,0.45639062,5909080555605005.0,2.7972172151390164e-05,3.0182255180063567e-11,362167431394.2198,7519889.1,7.23627606616736,7.72354710187687e-17,9.097759094089925e-06,1.0181887816290065e-11,117792498370.07031
572,2791.0,3.3977258,1.5636680798437534e+16,0.0023980340001871422,1.7486586562024592e-09,11035997138064.125,255651018.69,7.23627606616736,2.1729200997308272e-16,0.00027334611540032015,1.8918393085723035e-10,1257966712324.9548
573,226.0,111.55546,1.0507382901601978e+17,0.11303341311885114,8.16280083074046e-08,106465909630485.95,10649518166.36,7.23627606616736,1.0616864450898808e-15,0.0015019037953747179,1.1000394269628612e-09,1414639701129.055
574,29827.0,0.29864198,7841530528163883.0,1.760433961490192e-05,1.1147879766707556e-11,462242336186.0186,7078016.6,7.23627606616736,3.808465438314475e-17,3.4459453739534345e-05,1.9309978983707796e-11,904812037753.0636
575,8873.0,0.4260113,4193444022833863.0,7.513956436665811e-06,5.760147594224312e-12,73963661778.85487,3960466.9,7.23627606616736,1.0158983825235571e-16,5.8376563003414354e-05,4.475107378881873e-11,574629943384.7233
576,25162.0,0.5618147,6527827663768605.0,4.861204581095842e-05,2.8639505762326595e-11,564832243508.6891,11166329.3,7.23627606616736,8.606457292343049e-17,3.755024526199303e-05,2.0585017215002067e-11,436303161527.3401
577,3796.0,5.593151,1.8431330398729944e+16,0.002010115831902956,1.2883979785266812e-09,6624013733496.787,252800678.69,7.23627606616736,3.034588865264663e-16,0.0002627529150702727,1.6550081959648685e-10,865860011805.443
578,31408.0,0.22286126,6178602338400613.0,3.5884314485126875e-05,2.0313894850309653e-11,994856214084.529,9682621.84,7.23627606616736,3.606985007189986e-17,3.354837039167387e-05,1.8911529659421702e-11,930094533933.471
579,15141.0,0.5930957,8274509333029219.0,7.474467937397727e-05,6.289595493043212e-11,1042792161660.0011,10289051.9,7.23627606616736,7.167744649613844e-17,9.811231645366722e-05,7.155414992338632e-11,1368803176588.5095
580,8012.0,3.5360363,2.3666294264334396e+16,0.0010478197036811084,6.949207678333098e-10,7012939726689.112,122905401.05,7.23627606616736,1.494123355564323e-16,0.00017974241182132982,1.271783347370024e-10,1202995797849.9172
581,22313.0,0.48986378,9550076530673176.0,8.636320398037027e-05,5.927348810932438e-11,1683682772885.7078,19147444.2,7.23627606616736,5.12942255935482e-17,8.644772359314632e-05,6.389013462493513e-11,1685330514162.587
582,8622.0,1.61785,1.5920387813539078e+16,0.0007634750891371509,5.541846915190481e-10,7512945888085.891,54428530.14,7.23627606616736,1.0162126820956847e-16,0.00016514114355310478,1.308243437938139e-10,1625064776917.9817
583,6110.0,0.32647562,3616257159637237.0,0.0,0.0,0.0,1421398.5,7.23627606616736,9.027997888091296e-17,0.0,0.0,0.0
584,31711.0,0.16085875,6898680395032538.0,1.689754906797423e-05,1.2063489335666683e-11,724677958018.0386,1400718.2,7.23627606616736,2.331732168891719e-17,1.668717926132103e-05,1.1913302234040388e-11,715655918117.41
585,19550.0,0.82927036,1.2546536071077964e+16,0.00018512655767191245,1.2342125554432184e-10,2800892381520.961,20017154.95,7.23627606616736,6.609556257616142e-17,3.694328100103487e-05,2.7028598473123217e-11,558937386431.4326
586,8758.0,1.3563126,1.1412524276237644e+16,0.000746283174738596,5.565043154941257e-10,6279507282209.076,55505054.54,7.23627606616736,1.188442247456173e-16,0.00012178667155268545,9.635007516385553e-11,1024758853981.894
587,12218.0,0.1341888,4321271708715304.5,3.4542122059147808e-06,2.6012988569558635e-12,111235732649.21234,1327879.8,7.23627606616736,3.1053080908882204e-17,1.9041445805602935e-06,1.4339736025506929e-12,61319022938.417854
588,5252.0,4.761242,2.729640556687135e+16,0.0018899622319800554,1.4032728995151904e-09,10835234921937.803,292187750.34,7.23627606616736,1.7442743471611314e-16,0.00026406507818691225,1.7601054510142105e-10,1513896472860.9783
589,3397.0,2.2037363,1.1750617425672726e+16,0.0012435391596028575,8.772417725236847e-10,6630717531101.954,130002834.6,7.23627606616736,1.8754217077864192e-16,0.0002623829915238705,1.9270389017976579e-10,1399061290772.6445
590,26396.0,0.3720448,8117674484439754.0,1.242755735422445e-05,7.82241385755127e-12,271157842384.30273,12925331.9,7.23627606616736,4.5831450954722153e-17,8.411719582927522e-06,5.263316639222865e-12,183535965100.42056
591,10946.0,1.9128004,2.239143678398321e+16,0.0008578642171803871,6.59122020502598e-10,10042246116341.191,65248590.24,7.23627606616736,8.54255320216094e-17,0.00015243473365058889,1.1720495881003055e-10,1784416556071.652
592,2516.0,2.5115056,7421717865026947.0,0.0008177351179577968,5.697218259960322e-10,2416478519421.6963,121058590.54,7.23627606616736,3.383994980238825e-16,0.00019330296214912287,1.3349803357303816e-10,571227094832.985
593,23296.0,0.45089102,1.274026605411613e+16,1.0192137895321646e-06,6.572477410846276e-13,28798654816.109886,6606417.7,7.23627606616736,3.53910207278855e-17,1.0489940265456586e-06,6.764517527523544e-13,29640117887.844048
594,2340.0,0.9245628,5276863220244256.0,0.00038383459108491175,2.953482805408328e-10,2190703147859.1443,38316118.0,7.23627606616736,1.752106813102508e-16,0.00010054379453155663,6.910364994563879e-11,573845120512.4916
595,10590.0,1.44714,1.6423564436549378e+16,9.254028083512473e-05,5.4446443415179325e-11,1050237893550.0687,56354325.59,7.23627606616736,8.811363730394003e-17,8.050292891539008e-05,3.503784824579018e-11,913626214722.047
596,27571.0,0.1922871,4255455444330152.5,0.0,0.0,0.0,2386900.8,7.23627606616736,4.518602121805736e-17,0.0,0.0,0.0
597,30168.0,0.25829124,4967987565816487.0,9.157647441950696e-06,7.34789202516639e-12,176138682147.10733,4700659.9,7.23627606616736,5.199112046439873e-17,8.326289017826e-06,7.214677065450009e-12,160148289620.48398
598,1905.0,22.952574,6.664276200530566e+16,0.013373035201561941,9.61559462423472e-09,38828586381042.375,1198883465.16,7.23627606616736,3.4441210582137433e-16,0.0006415495352561606,4.612908017486455e-10,1862738052502.9902
599,28358.0,0.37263334,6488622737421245.0,3.3439807981715137e-06,1.7779745744834267e-12,58228364215.92263,2890043.06,7.23627606616736,5.742872641538327e-17,1.9041445805602935e-06,1.0124222759376522e-12,33156656945.298996
600,20628.0,0.17866209,3886825428425904.0,3.45385094797941e-06,1.8524885363499038e-12,75139139425.713,5378129.9,7.23627606616736,4.596607007183109e-17,1.0489940265456586e-06,5.626326781739696e-13,22821050938.363834
601,1632.0,1.9075183,7174464968585201.0,0.0006293780339032713,4.573518301472721e-10,2367186021877.7715,77730390.66,7.23627606616736,2.658760351263045e-16,0.0001599963969223037,1.1476430708638835e-10,601770659195.7314
602,9711.0,1.4264452,1.0036043934129182e+16,0.0006068236944202171,3.9182714761800687e-10,4269430930449.9604,38380169.34,7.23627606616736,1.4213221956403994e-16,0.00010762133675929882,6.35104567601117e-11,757191698612.7717
603,8809.0,0.8998796,8696657686518054.0,0.0002220111895921089,1.3442729653760827e-10,2145570716859.4897,22239376.2,7.23627606616736,1.0347418887086167e-16,5.4015976063550524e-05,3.23920270405134e-11,522023672308.88654
604,7023.0,0.48771578,4222870421088754.5,0.0,0.0,0.0,1661735.5,7.23627606616736,1.1549390139095376e-16,0.0,0.0,0.0
605,15914.0,0.7089778,8605277864308568.0,0.00018165015623881854,1.5859475656681709e-10,2204794097262.4224,29603920.55,7.23627606616736,8.23887166898551e-17,7.498701273641612e-05,7.16271323123103e-11,910161193779.7013
606,195.0,33.775284,4.474608191295494e+16,0.030317075005972697,2.1841334783524843e-08,40164586671675.46,3083372972.93,7.23627606616736,7.548210380900709e-16,0.0009866387990301792,7.220977371601916e-10,1307116189456.879
607,16835.0,0.6735066,6579288246357186.0,0.0001537985497822503,8.277262003474726e-11,1502412880421.8696,11673881.96,7.23627606616736,1.0236769917671664e-16,7.156629613744142e-05,4.30784811601475e-11,699110136429.8228
608,22291.0,0.43275365,8029710468359553.0,4.295698602598153e-05,2.5558022070552873e-11,797063549624.5934,9023819.2,7.23627606616736,5.38940540515417e-17,1.5442632318307458e-05,8.370894959909135e-12,286536846969.0341
609,24354.0,0.4955397,1.1921913709850368e+16,1.1892499497950157e-05,7.563980474723278e-12,286115023294.8048,11520446.9,7.23627606616736,4.1565449311259906e-17,4.549029005521986e-06,3.001902373591996e-12,109442555798.13191
610,3472.0,2.0775318,1.4706561717668912e+16,0.00047476618783678064,2.921372782264012e-10,3360804509891.9814,81205085.5,7.23627606616736,1.4126563637943938e-16,0.0001232930488001995,8.437773772636428e-11,872774525780.8804
611,11822.0,0.27164826,4315890266070270.0,0.0,0.0,0.0,3976725.4000000004,7.23627606616736,6.294141955730092e-17,0.0,0.0,0.0
612,8727.0,0.9592962,9462073235416304.0,0.0001443784522798199,9.840628456795573e-11,1424085166904.3555,36714850.94,7.23627606616736,1.0138329900146812e-16,0.00010283767239893519,8.239843710285852e-11,1014345295643.2795
613,591.0,1.260338,9924328154276696.0,0.00038921156552480394,2.7368057339548867e-10,3064783651455.341,34243813.81,7.23627606616736,1.2699479303864835e-16,0.00014147058904190077,9.455874139058664e-11,1113987319140.2974
614,23014.0,0.2838384,5166713690001718.0,4.829327676426946e-06,2.5886059946025927e-12,87908307752.93015,3229045.8,7.23627606616736,5.493596452794844e-17,1.4911099503332376e-05,7.99261598024344e-12,271426917347.49493
615,4651.0,1.2388122,7378339772990640.0,0.00017878771240456608,9.646038956462399e-11,1064855907422.1437,37784912.54,7.23627606616736,1.6789850265974887e-16,9.896205249746372e-05,4.8179763534251324e-11,589415932422.0608
616,9995.0,0.46058872,6502737926156068.0,4.149490166675999e-06,2.925056182144669e-12,58583820900.033516,9985800.0,7.23627606616736,7.082996811963873e-17,2.200207854329602e-06,1.4891782828041946e-12,31063233723.51709
617,11308.0,1.6580476,2.3654734835363896e+16,0.0008751716465401847,5.763225982589994e-10,12485741202084.238,113159980.5,7.23627606616736,7.009368786164595e-17,0.00021591198059751378,1.500742382066628e-10,3080334152537.2515
618,25218.0,0.49675912,8855359254458415.0,5.1009546439182415e-05,3.233478884047889e-11,909309645137.3461,13119569.2,7.23627606616736,5.609700360263716e-17,5.434116976897315e-05,3.475271403097339e-11,968700042410.4387
619,5357.0,1.1462071,8950620464290035.0,0.0005976254383236603,3.7958816034418324e-10,4666799288051.92,38178469.0,7.23627606616736,1.2805895463593623e-16,0.00012910908915698895,7.757209079698972e-11,1008200398980.5961
620,6446.0,0.45811996,3757220846567764.5,5.562826505666127e-05,3.508195566209122e-11,456229143845.3912,11707008.96,7.23627606616736,1.2193053821110737e-16,5.841946557153353e-05,3.513067535586168e-11,479120870198.96185
621,10327.0,0.97417563,7793317452627313.0,0.00029429732254091255,2.6578982180768406e-10,2354352120284.084,43545952.13,7.23627606616736,1.2500140484737756e-16,7.651801276328986e-05,9.836343401329539e-11,612137222431.3457
622,11125.0,1.5755334,1.338623365194126e+16,0.0007304752062485298,5.138988732024474e-10,6206350044875.471,81509437.75,7.23627606616736,1.1769803523274954e-16,0.00017843454243822085,1.1846220129261589e-10,1516036712808.0261
623,16051.0,0.43120688,8837509532944724.0,2.8466166091416094e-05,1.4819329688087505e-11,583409091708.5497,5362570.0,7.23627606616736,4.879280507619647e-17,6.0763801330487054e-05,2.967778037908447e-11,1245343472989.435
624,2744.0,1.6459293,1.5951439094754072e+16,0.0003481351465407209,2.2658677245395446e-10,3373933854137.9595,71306368.44,7.23627606616736,1.0318374976846412e-16,0.00010624072560614425,6.655265117363235e-11,1029626523987.9315
625,8791.0,1.7040386,1.4980416593725144e+16,0.0013302291844008974,9.587932575604297e-10,11694211238792.752,147384619.48,7.23627606616736,1.137510822438524e-16,0.00022998000691712629,1.730324286563291e-10,2021783022900.034
626,4099.0,1.846868,6328136033056294.0,0.00041484033840778273,2.867460251886783e-10,1421415116534.3472,44364938.7,7.23627606616736,2.9185023683949155e-16,0.00014973088643141624,9.841744013401e-11,513040140220.1483
627,5501.0,3.11372,1.8322872217934184e+16,0.001384038738524103,1.066403590130672e-09,8144459023498.568,119251670.0,7.23627606616736,1.699362394151465e-16,0.000198012436236361,1.5754135657931422e-10,1165216065259.7803
628,6693.0,3.426084,2.713304350059321e+16,0.0012992116523672873,8.287732669894805e-10,10289171625727.562,84051402.14,7.23627606616736,1.262698008767463e-16,0.0002443396163906382,1.548098027131927e-10,1935059806019.1877
629,20960.0,0.24585548,4761046145738750.0,0.0,0.0,0.0,2592507.1,7.23627606616736,5.163896178995167e-17,0.0,0.0,0.0
630,4049.0,1.3106048,5883885255081002.0,0.0006737803968535947,4.332608066773608e-10,3024898537079.593,117050924.26,7.23627606616736,2.227447924597498e-16,0.00018778637561209772,1.5626535465574915e-10,843056187928.7521
631,34696.0,0.2124342,8193014582478101.0,3.1120378186433186e-05,1.8426147225957513e-11,1200229117033.3237,12670865.8,7.23627606616736,2.5928697900076977e-17,8.905516744314886e-06,5.8350140416406154e-12,343461780403.884
632,9614.0,0.7392985,5334102772083564.0,6.215115857193086e-06,5.236916374576832e-12,44842599738.3657,6433587.44,7.23627606616736,1.3859847318075223e-16,7.599200746046477e-05,4.9588680428347254e-11,548288922067.4193
633,11025.0,2.3370874,1.818719931481097e+16,0.00018725300794793516,1.5301900068902922e-10,1457201719476.5498,72259067.84,7.23627606616736,1.285017753171465e-16,0.00013728273675844076,1.0075848274813447e-10,1068333386209.0431
634,1681.0,3.2467704,1.4796331212661676e+16,0.0012741847996799217,9.630665450883626e-10,5806773500892.792,134259064.7,7.23627606616736,2.1943077330018395e-16,0.00023100226045589156,1.9265497382458543e-10,1052734112821.4395
635,10269.0,0.21957554,2520194749197525.5,1.4255052034312489e-05,9.511791665574024e-12,163613430195.42084,1498671.6,7.23627606616736,8.712641753972258e-17,5.8376563003414354e-05,3.895220474146194e-11,670021385612.4565
636,5583.0,3.7437644,1.929614175528662e+16,0.001242186675168333,9.470539843434846e-10,6402488941498.649,190202253.17,7.23627606616736,1.9401621564965495e-16,0.00019214833628968992,1.475920129296639e-10,990372560593.9147
637,1202.0,5.0554805,1.1104610706744428e+16,0.0023395561740217775,1.738544159487942e-09,5138949806862.524,168235530.7,7.23627606616736,4.55259588427493e-16,0.00031227002721538567,2.377498795484085e-10,685916420330.6383
638,16206.0,0.66932887,7696760085503788.0,0.00018673624538491595,1.2654878936390533e-10,2147321211462.8525,21337364.4,7.23627606616736,8.696241828566615e-17,4.750743574327944e-05,3.322708084057096e-11,546298466392.9246
639,6338.0,1.7574261,9367770808286662.0,0.00044552373021043766,3.2328160628130443e-10,2374816326139.87,70008717.7,7.23627606616736,1.8760344760414012e-16,0.0001900649405770166,1.3177046411756815e-10,1013120723549.1239
640,8910.0,0.5450614,5312345646763985.0,0.00014058646405525603,7.433266124788889e-11,1370201394407.8242,5167289.8,7.23627606616736,1.026027740367429e-16,3.0855553326544626e-05,1.668068594837753e-11,300728256289.5911
641,15070.0,0.62536746,6277444444302187.0,6.280474964885503e-05,3.645825944172315e-11,630434667577.6747,20132209.0,7.23627606616736,9.962134520642771e-17,2.5195578673216385e-05,1.450755702119367e-11,252913455655.59308
642,12979.0,0.18433714,2753972779806730.5,4.8515426366579404e-05,3.3047890148715495e-11,724814129232.3263,1468034.0,7.23627606616736,6.693498982692796e-17,1.4911099503332376e-05,1.01571894815327e-11,222769877785.70837
643,7873.0,1.0688001,7726225580249879.0,0.00026747975869988855,1.9726426918675487e-10,1933578555864.7908,17171820.9,7.23627606616736,1.3833405314130542e-16,7.881861998117603e-05,7.181076665823148e-11,569770191730.4802
644,16298.0,0.64981914,7562404425105685.0,9.070787329789587e-06,5.971992820505275e-12,105563160608.0322,6007018.8,7.23627606616736,8.592758380426324e-17,1.5039705242869618e-05,9.716538819692547e-12,175027675363.58252
645,4406.0,2.1700685,8645368477901081.0,0.0004877624930855185,3.3259634498380315e-10,1943204319321.7104,160393074.06,7.23627606616736,2.51009370571889e-16,0.00013004227513993986,9.637566929362695e-11,518077372345.33167
646,8071.0,1.7633493,1.1670607119509584e+16,0.0009421058109559573,6.176944096491595e-10,6235263078434.854,76137438.42,7.23627606616736,1.5109319351966144e-16,0.0001953320346835106,1.3326041350389502e-10,1292791754104.3467
647,10811.0,0.6418829,5664108159774473.0,0.00016491678058037137,1.2294065637509615e-10,1455259958738.6077,28112078.44,7.23627606616736,1.133246191445535e-16,0.00010381745717321348,7.185863538267251e-11,916106826185.6414
648,2441.0,1.7099789,6359826214238657.0,0.00029262577397327574,2.3033679544008228e-10,1088346217767.4326,63935648.08,7.23627606616736,2.688719537920116e-16,0.00012031505777926502,9.966062561055395e-11,447480877355.97687
649,21148.0,0.329176,8826605523442624.0,6.62989098291693e-06,4.232225385091928e-12,177775513310.9249,7844036.2,7.23627606616736,3.7293611810988937e-17,2.9097562073017057e-06,1.811870919289635e-12,78022912397.1392
650,11139.0,0.36245406,4688037172047907.0,2.33181757003326e-06,1.7544280644043827e-12,30160091038.159,5721016.2,7.23627606616736,7.731467279336157e-17,2.9094606098561627e-06,2.3104280562647085e-12,37631415936.17371
651,13464.0,0.7353972,8182861251201606.0,0.0003187221435550819,1.977145063462696e-10,3546463160856.1953,34363910.86,7.23627606616736,8.987042275610027e-17,0.00010435350178317836,7.823682261067911e-11,1161155122930.5305
652,3840.0,1.3539307,7934649588977693.0,6.561360057793224e-05,5.0473605792597614e-11,384525536541.1513,16689149.88,7.23627606616736,1.706352227426393e-16,9.582594505797578e-05,6.870930037780502e-11,561583613967.5881
653,19953.0,0.5606235,1.0504193463303828e+16,0.00026473625979403037,1.827280152595658e-10,4960264579754.43,19603851.4,7.23627606616736,5.3371398952097184e-17,0.00013925738910659877,1.1061066229666766e-10,2609213770686.196
654,259.0,0.41955155,5126135942854875.0,3.803612272439102e-05,2.364048672756611e-11,464730343206.5497,3555357.2,7.23627606616736,8.184557621512104e-17,6.362549134179767e-05,3.984284928889785e-11,777384609946.0022
655,5231.0,1.5440592,6763775509493519.0,0.00040486291647096674,2.8603374449477233e-10,1773508346783.883,116901949.79,7.23627606616736,2.282836261837468e-16,0.0001078254985178469,8.317868844962698e-11,472331285078.92865
656,9539.0,0.221499,3772627610941309.0,2.4224390446226e-05,2.2978035206751433e-11,412596012874.34735,8079532.3,7.23627606616736,5.871212927499456e-17,1.7334849099031443e-05,1.9091176695728432e-11,295251582817.56165
657,6009.0,0.48253804,6561400919157061.0,2.017248931712009e-05,1.7920569190186252e-11,274299182603.3814,7954308.2,7.23627606616736,7.354192282187069e-17,8.859310023881456e-06,7.59936420249684e-12,120466118969.1763
658,33002.0,0.4070919,1.38877552948581e+16,0.0002287546376696397,1.4083733930456756e-10,7803860579195.718,17250127.2,7.23627606616736,2.931300929176975e-17,0.0001084858046449255,7.155447943555771e-11,3700943958537.3857
659,25183.0,0.19286084,5632716315156030.0,0.0,0.0,0.0,1694671.8,7.23627606616736,3.4239402307740336e-17,0.0,0.0,0.0
660,15909.0,0.9340729,1.0424172193933414e+16,0.00030020987104820363,2.2815219649555197e-10,3350316008659.517,15370013.7,7.23627606616736,8.96064342206094e-17,9.740394382636284e-05,6.623781296939602e-11,1087019527934.3011
661,12833.0,1.0485917,1.2086247944317244e+16,0.00040369303246607236,3.19417777099689e-10,4653035193563.196,56729878.52,7.23627606616736,8.675907567269714e-17,0.00014042566458216546,1.1650397865320956e-10,1618570316630.9443
662,7070.0,2.2764559,1.4203106310803952e+16,0.0009175764162096999,6.112018236310965e-10,5724879356421.031,87122494.44,7.23627606616736,1.6027873411525171e-16,0.00020090480588773858,1.4632786648443964e-10,1253471379074.3684
663,23124.0,0.48336917,7464614757412455.0,3.8101443408128726e-06,3.5024505569355296e-12,58839622879.347725,1087851.0,7.23627606616736,6.475473761321821e-17,7.878804201210712e-06,7.242539834233468e-12,121671471333.43388
664,24863.0,0.23980609,3719738174502262.0,5.890780865572172e-06,2.7222957152416915e-12,91374503722.1377,4991315.859999999,7.23627606616736,6.446854019022144e-17,7.94832964268242e-06,3.4740854433035016e-12,123290051538.78168
665,4151.0,0.55124146,6689916819771524.0,0.0001316257794896587,8.095109242218509e-11,1597422509046.046,27816284.7,7.23627606616736,8.239885111438891e-17,3.812783606909025e-05,2.8097049507460156e-11,462722908795.8991
666,25031.0,0.48282,1.5432324217892248e+16,0.0001922222045610182,1.325927500691068e-10,6143977844048.794,25265221.6,7.23627606616736,3.128627892875774e-17,0.00010835934513150553,7.029639033369743e-11,3463478203280.471
667,4856.0,2.3374507,1.1615424605577402e+16,0.0008727112297133461,6.095951560210177e-10,4336738092989.9873,177848094.99,7.23627606616736,2.012367846525061e-16,0.00019622511290958672,1.4677820088578572e-10,975095647887.7682
668,6822.0,0.79351443,6099335289149403.0,0.00013144828594076628,7.40430530291526e-11,1010375033931.9187,30036017.34,7.23627606616736,1.3009850949031224e-16,7.810395044171682e-05,4.2672680779460585e-11,600344698395.8937
669,13061.0,0.5818898,6020084060917321.0,1.6250426533241146e-05,1.1378809846411207e-11,168122785028.83698,13635818.7,7.23627606616736,9.665808552037619e-17,7.878804201210712e-06,5.51686533515262e-12,81512106915.77174
670,4818.0,3.8771544,2.3094537339444636e+16,0.0008762193365683507,6.56158716048858e-10,5219260854280.443,155987678.11,7.23627606616736,1.6788188232625731e-16,0.0002458101604493241,1.8806589308746538e-10,1464185158298.517
671,11342.0,0.5236263,7078680794427444.0,3.689386372201382e-05,2.8416520028266278e-11,498752420497.6768,9325493.5,7.23627606616736,7.397230009470335e-17,6.026278705115851e-05,4.6522333304376403e-11,814666935785.5146
672,3592.0,0.8747573,6238682795778145.0,4.767765317782471e-05,4.5130128664297344e-11,340032320534.5897,53696774.92,7.23627606616736,1.4021506280011024e-16,6.0936389033285953e-05,4.2355341596018737e-11,434592317090.472
673,3208.0,0.5433745,4101345517840971.5,9.805006993965664e-05,6.235325063756751e-11,740073770246.8639,15415448.9,7.23627606616736,1.324868869585128e-16,6.351490503633302e-05,4.278260214292867e-11,479405218844.20294
674,34447.0,0.27356002,6065974077301894.0,5.688001142260166e-05,3.7290210075973424e-11,1261268641543.9553,7734474.8,7.23627606616736,4.509745945397738e-17,2.1547042795286546e-05,1.3734024305785825e-11,477788395536.46295
675,471.0,11.742543,1.6518298330462778e+16,0.005860215417793362,4.065280275790273e-09,8243596514987.283,612980368.09,7.23627606616736,7.108809130989354e-16,0.00044571441222709685,3.157033334160346e-10,626988858491.2189
676,12387.0,0.6549421,5594896585346455.0,6.832975042819975e-06,5.60934258724601e-12,58371249511.72176,10308568.7,7.23627606616736,1.1706062659234008e-16,2.4834214061302294e-06,1.7921024588173796e-12,21214830967.705868
677,4354.0,2.5489635,9214125261083174.0,0.00119366676794791,7.559799356670735e-10,4314928448314.126,130322272.73,7.23627606616736,2.766365148915237e-16,0.00019671736992310455,1.2785098624288907e-10,711104136054.6437
678,13350.0,1.1147518,1.4360954541747252e+16,0.0003653167429482902,2.9673503513816725e-10,4706246842408.831,43033215.2,7.23627606616736,7.762379560212519e-17,9.696537452775885e-05,7.84077040963561e-11,1249170744300.7866
679,26411.0,0.25963643,5004608062431504.0,9.230688804185538e-06,4.094694255918474e-12,177925646301.72726,4503225.4,7.23627606616736,5.18794732296888e-17,1.686465072390456e-05,7.326807096255566e-12,325073669295.73047
680,4749.0,2.3770242,1.0014491516207842e+16,0.0008243492777813082,5.107912150287983e-10,3473014220357.1055,97827887.02,7.23627606616736,2.3735845161513512e-16,0.00020658107451948225,1.3484256057222153e-10,870333763612.6947
681,19503.0,0.648495,9522926347865658.0,0.00029523451310832,1.9950278070784992e-10,4335417426007.154,15783540.65,7.23627606616736,6.809828999101155e-17,2.584433806661297e-05,1.6678320540070074e-11,379515228209.4635
682,19819.0,0.7724062,2.1254655880381336e+16,0.0004496329373516081,2.7370381531442627e-10,12372755884007.004,32305817.8,7.23627606616736,3.6340564831866007e-17,0.00015375921547980135,9.831766537890889e-11,4231062896000.292
683,5030.0,0.36804402,3612218124969598.5,1.999748198239053e-05,9.74296077795444e-12,196268008567.4101,9171758.74,7.23627606616736,1.018886477136808e-16,3.839927822470497e-05,1.868753433213034e-11,376874942266.4977
684,3346.0,1.5941807,7239572063788451.0,0.0004631647638687702,3.454631951720086e-10,2103346681737.8506,54012851.55,7.23627606616736,2.2020372004775222e-16,0.00014237234157558158,1.0358221781239233e-10,646548303292.5487
685,7227.0,2.6842263,1.3656784103242232e+16,0.00065846491783211,4.574691538818374e-10,3350132297858.888,99903188.2,7.23627606616736,1.965489297998599e-16,0.0001652801285058383,1.2257541327453092e-10,840910854483.6051
686,20978.0,0.11107648,2690377024701869.0,2.707593064013063e-07,2.6657679643822943e-13,6558045566.138648,1015689.7,7.23627606616736,4.128658510689921e-17,4.1474638349387475e-08,4.083396567808798e-14,1004554826.7555032
687,13828.0,1.185332,1.3488413701914776e+16,5.877665931642714e-05,3.2491571359258904e-11,668845434761.2926,27956043.5,7.23627606616736,8.787779098380811e-17,7.93417508188469e-05,3.87510497594737e-11,902864647945.7589
688,6816.0,2.3172157,1.5437586461870938e+16,0.0007446111690576332,5.092207090873774e-10,4960694553727.565,128348433.05,7.23627606616736,1.5010220060779944e-16,0.00019022652119207408,1.2996061036532878e-10,1267313339989.6987
689,18300.0,0.727979,1.4127358246008192e+16,0.0006278179129832114,4.0447063082898605e-10,12183604980329.137,29241644.51,7.23627606616736,5.1529733112395366e-17,0.0001299247252023796,9.26256309767409e-11,2521354514276.079
690,5587.0,1.5429273,8436362387758812.0,0.0003847778989492064,2.0338097307863875e-10,2103874754394.4202,48416061.4,7.23627606616736,1.8289011650789116e-16,7.838844554660331e-05,4.694336432964109e-11,428609522719.73145
691,12933.0,0.52540165,6272406715656168.0,0.00013738405303897095,7.508444967654876e-11,1640133137963.5073,18804758.5,7.23627606616736,8.376396394841192e-17,9.23098097855601e-05,4.9415586788855144e-11,1102022939630.834
692,23817.0,0.26185948,4705425016542930.0,5.054260576031699e-05,2.6719032057501476e-11,908213983873.5737,4291451.0,7.23627606616736,5.565054784198597e-17,5.838739822163844e-05,2.9057717246338546e-11,1049179217200.5831
693,9642.0,0.21244404,5087287420431643.0,0.0,0.0,0.0,1127165.0,7.23627606616736,4.1759787179859144e-17,0.0,0.0,0.0
694,391.0,1.1931016,5011289019599193.0,2.8426240487972644e-05,1.7321123790616082e-11,119396459468.2157,5242843.6,7.23627606616736,2.380827757756078e-16,3.470622206948649e-05,2.0236751880661104e-11,145773762744.58838
695,23672.0,0.18450359,4632925797080358.0,8.915229660882866e-07,5.380749701023232e-13,22386338110.169132,1656875.0,7.23627606616736,3.982442156018839e-17,4.05924294486089e-07,2.44993915947847e-13,10192848472.955166
696,19957.0,0.56369907,7712780086994546.0,0.0001500783869511988,9.197430428895675e-11,2053438893141.1016,12900636.76,7.23627606616736,7.308636621839139e-17,8.390584795953259e-05,5.2376631496779594e-11,1148036936311.9136
697,12756.0,1.3337842,1.5197970966221966e+16,0.0008174714622235633,5.343244699139302e-10,9314780868290.938,60219807.94,7.23627606616736,8.77606756167901e-17,0.00013927771123874616,8.557604791426296e-11,1587017308833.2512
698,11047.0,1.4259871,1.802015396023854e+16,0.00047660032136239447,3.5758830283179537e-10,6022783213431.253,39234842.49,7.23627606616736,7.913290325634508e-17,0.00011539229792854091,7.86216783333765e-11,1458208825660.5
699,19403.0,0.20691359,4938348242015464.0,7.195643193487403e-06,4.02340556876079e-12,171736384810.34064,3025559.0999999996,7.23627606616736,4.189935173861967e-17,3.995936666374323e-06,2.23430670526535e-12,95369892386.45355
700,21285.0,0.22694267,4168627268829617.0,1.5924480237665155e-05,1.3517711230927864e-11,292510978921.10504,4576644.65,7.23627606616736,5.444062406273046e-17,3.995936666374323e-06,3.3920050856896565e-12,73399905588.3326
701,10688.0,0.29813334,3288972605988278.0,4.758881607863853e-05,2.6959649818708914e-11,524994327820.08417,3689205.2,7.23627606616736,9.064634331620292e-17,3.354911579936118e-05,1.9013386957861534e-11,370109974346.4701
702,10112.0,0.5555007,5370119032900395.0,8.504663312863003e-05,3.7138547349565624e-11,822160157940.6713,8536335.2,7.23627606616736,1.034429025868305e-16,8.598809464734864e-05,4.058102071699494e-11,831261425356.5612
703,0.0,13.286838,7877808168593799.0,0.0034244846156430103,2.676449179792287e-09,2030387732456.4583,480552414.63,7.23627606616736,1.6866160885930434e-15,0.00035351085640090356,2.9536063656206585e-10,209597702044.80762
704,13737.0,0.34610182,3842027059576168.5,1.0638458342035258e-06,9.55997530877808e-13,11809601238.812695,2669118.2,7.23627606616736,9.008312920059966e-17,5.270805802492431e-07,4.2835052707069065e-13,5851046526.986482
705,8512.0,1.5889568,1.2838067322681016e+16,0.0004291646031208313,3.106056798204424e-10,3467459950690.234,93905093.89,7.23627606616736,1.2376915933388118e-16,0.0001718325712254029,1.4435745197909865e-10,1388331084659.5095
706,21931.0,0.65936416,1.703285304400975e+16,0.00019941195166082174,1.1974319728448904e-10,5151257338369.669,20811724.56,7.23627606616736,3.871131620147985e-17,0.00011062346449529546,6.524189486754609e-11,2857651853518.392
707,12786.0,0.5761357,7592478782880059.0,1.3668520113245685e-05,8.622237213203614e-12,180127613951.34375,6902764.8,7.23627606616736,7.588242476213469e-17,4.057318503671708e-06,2.510956730936441e-12,53468487813.746155
708,6944.0,1.5353317,1.0447538913631516e+16,0.00022343366687226727,1.5559941962880504e-10,1520408866216.5923,52958833.96,7.23627606616736,1.4695630355554483e-16,0.00014982826300632382,1.0486395867846857e-10,1019542948354.6685
709,6410.0,1.4522598,1.6601057756125522e+16,0.0008438886441846326,4.887784517761518e-10,9646651461293.32,103510537.26,7.23627606616736,8.747995587595252e-17,0.0001946456866178107,1.1274356137274955e-10,2225031833507.327
710,590.0,4.3953695,5577259990061449.0,0.0008438564936410208,5.467080037569597e-10,1070764826333.1692,96908505.36,7.23627606616736,7.880876107322321e-16,0.00018766415512499,1.289275121261582e-10,238126006004.11227
711,1407.0,12.546761,2.978146558922058e+16,0.010194340042605651,7.166657641012725e-09,24197670393472.363,903255884.36,7.23627606616736,4.212942765496842e-16,0.000483346439505956,3.7323644581444444e-10,1147289356656.9822
712,36761.0,0.3127817,8794390530464450.0,7.22367789790383e-05,4.514253161545262e-11,2031060145157.1748,8982874.799999999,7.23627606616736,3.556604621053613e-17,3.74678804875747e-05,2.8191431515835165e-11,1053473311758.6505
713,11989.0,1.7833327,2.2541904092736736e+16,0.00033682209049919675,2.4806166429836973e-10,4257540536517.9395,59794086.7,7.23627606616736,7.911189279589788e-17,0.00012034839535584693,9.111299059507027e-11,1521242775297.2085
714,1750.0,8.3866825,2.0404193928645276e+16,0.0035635370027510167,2.399851078976245e-09,8669828633197.344,472563311.21,7.23627606616736,4.110273862975791e-16,0.00039505504426348855,2.706991062929997e-10,961140443273.2208
715,2568.0,1.2837484,4583943902715011.0,8.806584012965178e-05,7.168222373714708e-11,314461050856.8441,17563428.2,7.23627606616736,2.800532526673488e-16,6.555087442373207e-05,5.631458086652936e-11,234065749279.45694
716,17802.0,0.45940444,8091096998511601.0,5.042278654699584e-05,2.67466680160534e-11,888053360753.3031,13190336.2,7.23627606616736,5.677900537893809e-17,6.080267845401472e-05,3.105807404309549e-11,1070865508267.0609
717,6710.0,0.49275967,3554813214156036.0,4.857643815323125e-06,2.887945282754989e-12,35043485649.65552,1682041.5,7.23627606616736,1.3861759825740612e-16,3.995936666374323e-06,2.375646894784893e-12,28827051663.05121
718,1829.0,3.6725252,1.4599272563791828e+16,0.0010365188615969365,6.914466508659079e-10,4120440447342.579,189874096.7,7.23627606616736,2.51555355511915e-16,0.0002560768419568916,1.8420355237848407e-10,1017974121186.0721
719,1867.0,9.129716,2.417510586367325e+16,0.003405484525808405,2.4113163931905454e-09,9017580495222.336,321220779.24,7.23627606616736,3.776494734494122e-16,0.00032793028203789,2.334011158076251e-10,868345662030.4746
720,12352.0,0.92482555,1.0209096360081424e+16,0.00048217633729422246,2.8429537400558184e-10,5322717014022.634,41106024.89,7.23627606616736,9.058838484629837e-17,0.00011717420270480772,7.674158383225097e-11,1293479323023.7805
721,31177.0,0.18010105,4246102584418418.5,6.97151632372861e-06,4.79263886463093e-12,164362026093.12518,5689453.85,7.23627606616736,4.241561441800826e-17,1.4914947131958835e-05,1.05621406123597e-11,351638125171.8104
722,7270.0,1.5921041,1.8270537155551948e+16,0.0003961604985460409,2.2404143418606836e-10,4546226033993.269,45919586.4,7.23627606616736,8.714051953947071e-17,9.755930797063453e-05,6.028326055156952e-11,1119563074517.1833
723,23324.0,0.5985958,1.4001996797677722e+16,0.00010906738221336329,6.337561734280434e-11,2551239311205.666,16733202.36,7.23627606616736,4.2750745386492244e-17,6.60544690757051e-05,3.3376454357650234e-11,1545106839156.4473
724,9296.0,0.28914118,3759675938912412.5,3.1009504105642247e-07,2.376612419024872e-13,4032137050.2668915,1304777.5,7.23627606616736,7.690587824535799e-17,4.05924294486089e-07,3.111061422243172e-13,5278195942.201472
725,8094.0,2.1322045,1.5662604222308766e+16,0.00048124624583462876,3.5824680013384914e-10,3535106263015.4375,164729231.82,7.23627606616736,1.3613345965564464e-16,0.00014982220557214736,9.833201013984325e-11,1100553867881.7756
726,6196.0,2.3149478,1.4222333840168636e+16,0.0011030438480529698,7.751002913769876e-10,6776765267602.83,139185921.31,7.23627606616736,1.6276848975811634e-16,0.00019888662902754726,1.3673231057057828e-10,1221898841250.5676
727,22271.0,0.35050586,6756917264107310.0,8.603983597097224e-05,4.802108104488357e-11,1658642891371.983,10160916.7,7.23627606616736,5.1873635017241416e-17,4.973142025789066e-05,2.7436857290347513e-11,958703207156.4149
728,18529.0,0.23374389,3201085434272821.5,0.0,0.0,0.0,1734606.0,7.23627606616736,7.302019730476164e-17,0.0,0.0,0.0
729,39702.0,0.25375164,7758456655183116.0,2.2915762876266628e-06,1.5213745566796866e-12,70064947361.90434,6316726.6,7.23627606616736,3.2706458420500247e-17,1.5380349372855536e-06,1.0996865778359227e-12,47025419796.64545
730,9039.0,0.4212638,4214231900479819.5,1.5600299576047877e-06,1.023058078026084e-12,15606202130.451933,1524869.4,7.23627606616736,9.996217814972076e-17,1.0489940265456586e-06,6.879238487870887e-13,10493909256.103868
731,9510.0,0.91662663,1.1703344651972076e+16,0.00024367064670650584,1.7966658583511467e-10,3111148494534.9697,32237795.88,7.23627606616736,7.83217667477257e-17,9.057590755517551e-05,7.717857663703125e-11,1156458942594.086
732,6377.0,0.9741025,8866345161792146.0,0.00036311263823698335,2.741285704982728e-10,3305075167364.8916,53213259.75,7.23627606616736,1.0986516791582988e-16,0.00010265333542156113,7.709606864499146e-11,934357425277.9198
733,3710.0,0.9089001,4600310598163742.0,4.907427582072454e-05,3.7302162993350493e-11,248384735743.00388,15070105.14,7.23627606616736,1.9757363782410608e-16,7.791763671054963e-05,5.663127829707379e-11,394372637810.7052
734,1203.0,2.5383468,2.0922613169943492e+16,0.0015475793935580727,1.0859279806531808e-09,12756099757996.543,84923340.55,7.23627606616736,1.2132073462250295e-16,0.00022610005002939495,1.8426576931606947e-10,1863655464442.4087
735,4084.0,4.125681,1.844433365832526e+16,0.0013689284888462113,9.223173911682488e-10,6119952997497.022,181693450.77,7.23627606616736,2.236828435457077e-16,0.0002667348616702173,1.840249017706802e-10,1192469021951.2175
736,9894.0,0.15113916,3725902232643745.0,4.107776201633005e-07,2.664633550538509e-13,10126543326.603943,4955659.7,7.23627606616736,4.056444602218077e-17,5.8653996048223044e-08,3.833741225236678e-14,1445945940.3476348
737,13403.0,1.296831,1.421510405147574e+16,0.00010411893774739496,7.300878416110756e-11,1141290988423.5837,36099130.0,7.23627606616736,9.12290895166096e-17,0.00010031923101403609,7.308705649436393e-11,1099640822303.4111
738,344.0,0.3932562,3595473735904211.0,1.713228469953651e-05,1.5533572522260013e-11,156637529613.5626,1102919.8,7.23627606616736,1.0937535047828728e-16,1.4911099503332376e-05,1.351965891203728e-11,136329615750.96815
739,2771.0,2.9958627,1.109012462388261e+16,0.0018067046907200377,1.3231072939759686e-09,6688083595632.906,214484593.85,7.23627606616736,2.701378750558314e-16,0.0002748855589258558,2.0254449741870294e-10,1017575039668.3291
740,9970.0,0.5085806,4820906298399312.0,4.684351136453848e-05,3.494794009686471e-11,444036164526.2192,12080528.19,7.23627606616736,1.0549481124925916e-16,6.320280273872422e-05,4.493129617047312e-11,599108164565.4688
741,846.0,60.178665,1.1287284849240504e+17,0.048852001118831034,3.569360830826959e-08,91628229387219.16,3960104314.59,7.23627606616736,5.331544813813154e-16,0.001123370439244501,8.52939472993067e-10,2107026159348.85
742,28171.0,0.4092555,1.1320885874136e+16,1.1930487372881259e-05,8.150626950160579e-12,330022897606.0416,4053356.8,7.23627606616736,3.6150483676811555e-17,1.1142311756634308e-05,7.584646852370133e-12,308220267707.8276
743,8369.0,1.713686,1.4483723769465654e+16,0.0004579875940173978,3.2808471352128415e-10,3870817525258.5186,43233576.64,7.23627606616736,1.1831805323522978e-16,0.00016089075963879527,1.120178486277319e-10,1359815812037.7969
744,4281.0,2.7820292,1.7389788772152834e+16,0.0009151843495784319,6.030856363504725e-10,5720595070227.52,105265832.23,7.23627606616736,1.5998062060736511e-16,0.00017000513131806648,1.145966752259788e-10,1062660781491.1793
745,27788.0,0.2558131,7960297310769465.0,0.0,0.0,0.0,3627334.2,7.23627606616736,3.2136123817123156e-17,0.0,0.0,0.0
746,6008.0,1.8546652,1.602413193308022e+16,0.0005887378530913408,3.8948747043254284e-10,5086639374014.268,61941163.65,7.23627606616736,1.1574200760112496e-16,0.00018178492542889947,1.2217245461748535e-10,1570604564380.5872
747,15627.0,0.10643296,4218450035950012.5,2.2174731837043834e-07,1.2925909097055215e-13,8788912599.551817,1715525.9,7.23627606616736,2.5230347424520545e-17,4.1474638349387475e-08,2.4176049075905808e-14,1643839367.391336
748,3108.0,6.1335673,2.3623444921904644e+16,0.003630823437424661,2.6149862629676455e-09,13984122664662.37,492290109.09,7.23627606616736,2.596389866201394e-16,0.00033324084347722334,2.485647815158243e-10,1283477677274.8923
749,14696.0,0.7280445,9995708435408738.0,8.096392420514173e-06,5.271960602553869e-12,111159658529.2697,12745714.9,7.23627606616736,7.283570791450653e-17,1.1260305355025591e-05,8.492597909262098e-12,154598694478.85052
750,4555.0,2.5706642,1.4980295149543322e+16,0.0011997862832313663,8.565431685126723e-10,6991637662818.6,203776952.16,7.23627606616736,1.7160304081714755e-16,0.0002385814584246097,1.6794208512553314e-10,1390310202479.6365
751,258.0,1.9453818,8525636821121646.0,0.0005327529188770648,4.808279065829534e-10,2334789963460.302,59945811.43,7.23627606616736,2.28180233432001e-16,0.00014423096107607183,9.961981595261525e-11,632092267181.6509
752,11995.0,1.3825003,1.466079847019246e+16,0.0006396504575178689,4.367271040573191e-10,6783207532783.8125,85852823.99,7.23627606616736,9.429911357221263e-17,0.0001574249194956118,1.1145171878846615e-10,1669420989573.338
753,8144.0,0.88597816,5303400391708442.0,0.0005826971128226318,4.542215910188733e-10,3487982250477.737,41135638.04,7.23627606616736,1.670585086099053e-16,0.00015954561217585252,1.458029007446149e-10,955028352063.1925
754,7920.0,1.9037521,1.2695428656807052e+16,0.0006908752754748577,4.311205042160287e-10,4607195322617.359,90812466.61,7.23627606616736,1.4995571646013256e-16,0.0001668558905360856,1.2432910636936655e-10,1112701099197.1497
