,id,sfr,sfrd,snr,snr_solar,snrd,mass,z,halo_volume,snr_err,snr_solar_err,snrd_err
0,45786.0,12.55542,2.281932554175726e+16,0.032743721929637454,2.6049931332355598e-08,59511322612957.055,996195180.85,4.176834914726472,5.502099515178369e-16,0.000502624494691315,3.987905394543877e-10,913514001891.0048
1,65619.0,1.039677,4857733846315202.0,0.0005376185478298992,4.757966900950143e-10,2511941512796.8877,19984875.46,4.176834914726472,2.140251057164524e-16,5.3069810300674e-05,5.230674832625686e-11,247960677898.14648
2,84629.0,0.536664,4824423185880556.0,0.0002992271073808828,2.721906203977672e-10,2689947890472.0674,18399379.66,4.176834914726472,1.1123899776674502e-16,6.434782482163841e-05,6.393386007723141e-11,578464622241.277
3,13600.0,9.416687,1.681802326391975e+16,0.031193556177806153,2.3902247949076526e-08,55711096002525.25,954152772.99,4.176834914726472,5.599163975591545e-16,0.0004815136480594543,3.716165454729693e-10,859974185715.0789
4,19167.0,8.158735,1.0684926089561162e+16,0.029974599315053394,2.3452320921735718e-08,39255641744162.08,1565802081.22,4.176834914726472,7.63574303800831e-16,0.0005277128219703065,4.2071927898502697e-10,691108670555.7263
5,14423.0,19.005178,1.6617778118933944e+16,0.18160132730887643,1.4096070776913862e-07,158788860768513.1,5618502599.09,4.176834914726472,1.14366540845469e-15,0.0009786905301693467,7.755911270325854e-10,855749000480.6075
6,55668.0,1.4002948,5090489138078836.0,0.001517999186018097,1.0606531473676681e-09,5518379678363.184,39363057.9,4.176834914726472,2.7508059874349813e-16,7.260364393886086e-05,5.0521320426413825e-11,263935894681.40176
7,66738.0,0.65362054,4404056435781119.5,0.00031990916652569493,2.0687970980524272e-10,2155528991948.2344,10266389.15,4.176834914726472,1.4841329795177147e-16,3.6345328047757516e-05,2.588138969886082e-11,244892664938.74646
8,75290.0,7.1273932,2.7553050138336876e+16,0.0056599410540604045,3.940288705378855e-09,21880179087433.758,246298008.34,4.176834914726472,2.586789180949175e-16,0.0002413980662292406,1.8047004635404345e-10,933195747094.7206
9,21362.0,3.960843,7243838702193043.0,0.009244198947453118,6.563112877369325e-09,16906372230945.05,284455080.17,4.176834914726472,5.467878514192856e-16,0.0003020127469761293,2.377153782771772e-10,552339899637.86
10,19787.0,1.9050109,6197995004214800.0,0.0017303501592134181,1.2506424987500657e-09,5629732429534.682,69621179.76,4.176834914726472,3.073592183769981e-16,0.00010553716155914047,9.060353934557756e-11,343367484197.89246
11,7611.0,54.81997,3.3582276391199516e+16,0.33928101787552467,2.830455757975107e-07,207840845527339.28,12267028550.55,4.176834914726472,1.6324078023003222e-15,0.001574397748640084,1.3181397650145512e-09,964463503801.8729
12,643.0,7.64764,1.779212633342922e+16,0.024093498648477388,1.7862006495975748e-08,56053183958452.0,836941540.76,4.176834914726472,4.298328292347511e-16,0.00044400338038956837,3.4508482038344756e-10,1032967586910.5803
13,25929.0,44.82988,7.942242746247805e+16,0.17269388132170926,1.3770453693256968e-07,305951460554595.44,5643247410.75,4.176834914726472,5.644486253102654e-16,0.0010773792379032419,8.864008273338176e-10,1908728606276.664
14,39656.0,13.765952,1.9974785646910924e+16,0.04826026676136786,3.7343565184811826e-08,70027011849312.21,1146988276.92,4.176834914726472,6.891664443031902e-16,0.0005958181452112516,4.6535981708689054e-10,864548978169.8206
15,27710.0,1.3718463,4535489412421225.0,9.549344263796011e-05,5.469714809416902e-11,315712844828.2593,1745857.8,4.176834914726472,3.0246929829512135e-16,2.0331718330224017e-05,1.1645689775091658e-11,67219114286.39022
16,110978.0,0.57586527,5559348736413416.0,0.0002619680060233636,1.8393597681978512e-10,2529014300978.298,6362276.0600000005,4.176834914726472,1.0358502358884512e-16,3.396053547717591e-05,2.2266666182626592e-11,327851790737.37317
17,67468.0,0.760795,5242957676864332.0,0.00022111813090124147,3.473033259809061e-10,1523817850935.6086,17518910.25,4.176834914726472,1.4510798043577007e-16,4.4928163736760906e-05,5.63285161907874e-11,309618834207.72784
18,4401.0,95.13057,5.709446558814187e+16,0.9694030259523074,7.245020421361974e-07,581806118751045.2,33966299333.43,4.176834914726472,1.666195996758011e-15,0.0020066368705604636,1.597787786733462e-09,1204322225275.3357
19,88643.0,1.1659749,8826596942076836.0,0.0006437031564279332,4.900901115960674e-10,4872925062222.183,30896073.76,4.176834914726472,1.3209789771205461e-16,5.882084142807663e-05,4.696806967963019e-11,445282191820.29364
20,16186.0,39.538765,6.097961267336232e+16,1.6567222014299596,1.6972892819347663e-06,2555119719863761.5,7039300446.09,4.176834914726472,6.483931803861996e-16,0.0010402574224054435,8.647162474140151e-10,1604362065908.5889
21,9326.0,46.450134,3.683369457781449e+16,0.752900953488968,6.486500895613088e-07,597030005729541.4,22492319220.84,4.176834914726472,1.2610772427911057e-15,0.0019739527598745805,1.674739181111059e-09,1565290921835.7537
22,12464.0,76.44053,6.440038812109751e+16,0.2782287001869416,2.2151861568808956e-07,234404919464419.16,8590442830.42,4.176834914726472,1.1869575980856262e-15,0.0014446250417909146,1.1889899933683473e-09,1217082264876.913
23,100820.0,0.858958,4773324192084967.0,0.00024326953023710155,2.0527194281273329e-10,1351875567697.0261,10055803.6,4.176834914726472,1.7994964629142672e-16,6.358688262042119e-05,5.360065273282701e-11,353359308733.749
24,2324.0,306.04904,1.3832709827724274e+17,18.14658932011707,1.54438703720585e-05,8201839300919217.0,91548008328.996,4.176834914726472,2.2125024222412283e-15,0.004260798548429237,3.5380684663766896e-09,1925782546313.8333
25,34727.0,7.892231,1.8827403237002388e+16,0.016678299588055674,1.2487097020735915e-08,39787111103546.64,428866101.25,4.176834914726472,4.191885041527673e-16,0.000349464225138186,2.657946813052596e-10,833668437173.6223
26,67846.0,2.4378102,8133128729455732.0,0.0037088416915295047,2.6332283994295766e-09,12373599435420.283,97698299.27,4.176834914726472,2.997383025761032e-16,0.00015828189015961615,1.1994285614845813e-10,528066946397.1111
27,57487.0,1.2601868,5341819158859958.0,0.0009050160817940418,7.814454663302318e-10,3836282243873.514,25387659.91,4.176834914726472,2.3590967094231376e-16,7.835360622258011e-05,7.15734524559832e-11,332133930370.91583
28,52118.0,2.3901086,4767532093505022.0,0.008326414007759502,6.31848870589209e-09,16608636948883.076,261229096.51,4.176834914726472,5.013303640380585e-16,0.0002788183718809269,2.1858718003250535e-10,556156961320.1414
29,101597.0,0.5887771,4457679546308249.5,0.00021442267350690511,1.2355569654007303e-10,1623411586416.0862,3549761.7,4.176834914726472,1.3208152220982599e-16,3.999430419793991e-05,2.492827378800922e-11,302800145915.9789
30,17051.0,30.708183,3.0451299219241864e+16,0.23469928221831116,1.9074862937987124e-07,232735947593222.47,9474499082.11,4.176834914726472,1.0084358890209785e-15,0.0013246595583377247,1.0961163345165818e-09,1313578357096.896
31,37857.0,30.576902,6.33814468150594e+16,0.05823605745883623,4.391495419477697e-08,120714831690469.22,1367894642.73,4.176834914726472,4.824266963993467e-16,0.0006963348696756,5.563120320936047e-10,1443400365014.5906
32,24256.0,21.075201,2.9363428440481596e+16,0.14837011435937536,1.124037866716071e-07,206719510561137.22,4305241041.86,4.176834914726472,7.177363856784818e-16,0.0008376587018581182,6.846290161635561e-10,1167084069544.9387
33,22409.0,21.27697,2.10473920416044e+16,0.04482118758325166,3.394319761628169e-08,44337568123421.195,1338756147.39,4.176834914726472,1.0109076677025729e-15,0.0006428753604061485,5.151393667207334e-10,635938751822.0842
34,30923.0,1.5407636,8170906601985398.0,0.001879844602287656,1.7776775876173826e-09,9969105365377.807,29593817.35,4.176834914726472,1.885670311817809e-16,0.00010901248080297794,1.645398047861786e-10,578109970336.6947
35,59507.0,4.2893343,1.0561231973963896e+16,0.00521880844862286,3.851682775329914e-09,12849790386724.734,99867426.1,4.176834914726472,4.061395782778271e-16,0.00018554913882350873,1.3585494947586086e-10,456860519751.1199
36,6694.0,6.403912,1.2048322792811706e+16,0.00833789264459572,6.022991055934995e-09,15686914809869.293,304779997.46,4.176834914726472,5.315189599518959e-16,0.0002631545604456263,1.926101722060183e-10,495099103274.58984
37,30543.0,32.376205,5.053368484849393e+16,0.11695973246516429,9.280356052947644e-08,182554016456183.7,3756005028.2,4.176834914726472,6.406856158831037e-16,0.000995873513632743,8.156115174193404e-10,1554387189198.9614
38,639.0,29.841415,3.3214323465937804e+16,0.07870931802942263,6.15071355437271e-08,87605656394397.3,2860363792.35,4.176834914726472,8.984501831146189e-16,0.0007963543223213666,6.688596093660643e-10,886364472163.2524
39,37249.0,13.471421,3.197185181648141e+16,0.06293294876023935,4.9890028424928975e-08,149359366924735.7,2334690078.98,4.176834914726472,4.2135254089522324e-16,0.000730324801212823,5.986127463437271e-10,1733286809333.449
40,24806.0,14.65922,2.938410038844868e+16,0.03660176549310394,2.8381148050673083e-08,73367474643522.86,1303440925.18,4.176834914726472,4.98882722499912e-16,0.0005543644201366153,4.526163183847975e-10,1111211904390.4414
41,37207.0,14.054927,2.4314149496605276e+16,0.07752787808352515,6.095971406523273e-08,134118406867386.67,2614834348.52,4.176834914726472,5.780554652739278e-16,0.0007129849710625054,5.725616994150431e-10,1233419652428.4006
42,20379.0,55.995396,8.355613068925264e+16,0.12795707453709484,1.0251866418722397e-07,190937091375082.7,4074186690.86,4.176834914726472,6.701530520632686e-16,0.0009859526394472389,8.24264654204652e-10,1471235020733.974
43,11911.0,103.91262,5.8908492635534696e+16,0.26088976204878717,2.0637169518953254e-07,147899481567661.16,8721117395.95,4.176834914726472,1.7639667109274832e-15,0.0015476284476635118,1.2762708371717878e-09,877356946747.469
44,64303.0,2.4558287,1.34425097981486e+16,0.005592399558695399,4.166832973948591e-09,30611209105474.176,152314698.47,4.176834914726472,1.8269123377081224e-16,0.00021210447254839298,1.609383695165187e-10,1160999727083.1282
45,1535.0,57.78881,3.452306249161648e+16,0.3983436277894174,3.071524223879642e-07,237970672095709.75,8607954450.27,4.176834914726472,1.6739189929640028e-15,0.001318570949539744,1.0570928417002532e-09,787714910388.1991
46,4686.0,15.639707,3.163694142619947e+16,0.05181887086116902,4.058814886962884e-08,104822333449507.64,1724491873.324,4.176834914726472,4.943495260590616e-16,0.0006834475179781562,5.578373992384403e-10,1382518808962.1077
47,13118.0,41.75215,4.613155607932279e+16,1.2601277709514886,1.1990091521939143e-06,1392303268999575.5,5518164685.34,4.176834914726472,9.050670202454814e-16,0.001113752010470865,9.574982445186229e-10,1230574074137.385
48,1786.0,102.35555,2.213781723938258e+16,1.4338422672035211,1.1198994602133452e-06,310116432977532.9,44763722352.84,4.176834914726472,4.623561071681098e-15,0.002300581540078825,1.861089600368577e-09,497577841930.0403
49,113511.0,0.8732492,8099689544648018.0,0.0005589250724481926,3.5769859571662054e-10,5184224120159.813,17838157.1,4.176834914726472,1.0781267543482719e-16,7.279851469878236e-05,4.0488949205217075e-11,675231501353.3738
50,81601.0,1.3512343,6774750594238516.0,0.00024834274275682753,1.6100245373751568e-10,1245128357137.3523,20260172.1,4.176834914726472,1.994515194624488e-16,3.73995828332397e-05,2.3974250180861474e-11,187512147984.81897
51,38751.0,19.700409,4.932388154533305e+16,0.065837021187159,5.101991392004645e-08,164836041441221.47,2661107603.63,4.176834914726472,3.994091377803178e-16,0.0006815581524653419,5.299419322066453e-10,1706416023061.0725
52,17464.0,26.865313,4.1166710133321816e+16,0.13344418715846684,1.0427131558677127e-07,204481450550356.5,5402832116.23,4.176834914726472,6.525980072975093e-16,0.0009452031421744324,7.864419896921235e-10,1448369641961.7305
53,73579.0,1.6516639,6366628515008648.0,0.0016391514079272557,1.1920348436572342e-09,6318396917270.057,36583241.66,4.176834914726472,2.5942520379607173e-16,9.923171428605921e-05,7.200647484465903e-11,382506066619.7376
54,36157.0,14.692737,3.2301276476240044e+16,0.060719486163270046,4.804921504633818e-08,133488873451897.88,1240262988.88,4.176834914726472,4.548655224448354e-16,0.0006323902643945094,5.082033170544637e-10,1390279617139.379
55,3591.0,13.496951,2.476585712186806e+16,0.03666185556486266,2.8808407026232167e-08,67271658372468.86,870720789.04,4.176834914726472,5.449821879204131e-16,0.0005163894341158408,4.1499088531584816e-10,947534516836.8185
56,58029.0,2.8555663,8091764220801897.0,0.005412997837814759,4.278740786036252e-09,15338709604223.686,154044544.14,4.176834914726472,3.528978628244079e-16,0.00023262283358907595,1.8645716851839087e-10,659178924256.6837
57,53065.0,9.599375,1.5035506171652368e+16,0.02534457047096849,1.950337146776751e-08,39697214218022.016,779885888.89,4.176834914726472,6.3844707922759945e-16,0.00045522275346663595,3.72580070532881e-10,713015641041.65
58,5703.0,130.87953,6.575765443965976e+16,3.569526335606358,3.3509697392071464e-06,1793433085296592.2,32674270306.39,4.176834914726472,1.990331484832645e-15,0.0019977952944861834,1.6887680371390787e-09,1003750033454.4353
59,137391.0,0.602116,6825407824197860.0,0.00023690451210481555,1.402713381927599e-10,2685479061356.9224,4494596.8,4.176834914726472,8.821685319159112e-17,2.0212898091669336e-05,1.1959658623007697e-11,229127398681.63922
60,14158.0,4.122123,4780269431489596.0,0.02287254777544174,1.7900519474977293e-08,26524424659630.367,1110951697.34,4.176834914726472,8.623202225476841e-16,0.0004689752728711303,3.804223517147484e-10,543852806194.8555
61,10894.0,18.238184,2.3318868167486948e+16,0.19959703090395653,1.5417324030976382e-07,255199577450867.94,6220926664.75,4.176834914726472,7.821213220558085e-16,0.0008179877403396238,6.866942986293188e-10,1045857870476.5908
62,50213.0,4.765867,9707892588848980.0,0.008791840533570565,6.613690303710375e-09,17908649896900.55,353273213.98,4.176834914726472,4.909270427522383e-16,0.00029673307305295196,2.3690602053734057e-10,604434156630.291
63,21330.0,29.375889,3.083524765191298e+16,0.16411263631928125,1.2744367018438693e-07,172265553689740.78,6189545089.24,4.176834914726472,9.526723875096737e-16,0.0011618206122253967,9.55571314771721e-10,1219538455672.5166
64,1401.0,334.5491,1.2200658722307629e+17,4.364583252070666,3.396353397764877e-06,1591718247743418.5,104229156550.18,4.176834914726472,2.7420576840520253e-15,0.004268907580658635,3.550735843614163e-09,1556826322614.1672
65,3475.0,147.51183,5.0242397784759624e+16,1.5609566796147631,1.1758331173591407e-06,531660453415719.4,21856488204.93,4.176834914726472,2.9360029875951858e-15,0.0022731217814110135,1.8611601063371703e-09,774223252161.2236
66,40187.0,4.029656,1.0489716499794756e+16,0.007335320163996541,5.7078292903795395e-09,19094788477118.566,308066590.0,4.176834914726472,3.8415299403743133e-16,0.0002513809004805694,2.0140384714598352e-10,654377043475.7439
67,16832.0,15.692175,1.050083335679699e+16,0.019386557176213657,1.4663585241070454e-08,12973026764577.658,726670296.17,4.176834914726472,1.4943742526723133e-15,0.00039711397543643355,3.0010793577703875e-10,265739305081.2371
68,80099.0,1.3786666,6297336530386896.0,0.0009282245390089318,7.444477347357936e-10,4239851968490.774,13638945.24,4.176834914726472,2.1892852531343082e-16,8.990753683234903e-05,6.918734308655355e-11,410670727826.0436
69,39850.0,14.209154,2.2372990241039588e+16,0.047633560022023395,3.623985319344776e-08,75001310670480.66,1664601329.36,4.176834914726472,6.351030348163131e-16,0.0006226462199689984,5.022093171305963e-10,980386151278.7174
70,13731.0,2.0189066,3364140778055405.5,0.0038456477501175083,2.6870743961043557e-09,6408072772760.926,131906575.31,4.176834914726472,6.001254802324298e-16,0.00016020571890511674,1.2120253072612363e-10,266953702487.4677
71,63944.0,5.5315905,2.1819681897836644e+16,0.013328872224012862,9.721876933636247e-09,52576515196645.72,521580388.86,4.176834914726472,2.5351380125062414e-16,0.0003237639653370776,2.4954868067900904e-10,1277105876444.9832
72,32185.0,41.50487,6.540088466739554e+16,0.10907512207290353,8.55352891903642e-08,171874034993292.44,2465105319.87,4.176834914726472,6.346224552019175e-16,0.0009218275941924665,7.259141000381356e-10,1452560631342.8809
73,18103.0,19.725452,1.170912117296111e+16,0.09356976800601924,7.489050101111714e-08,55543454806933.65,2524728494.75,4.176834914726472,1.6846227576455806e-15,0.0008785558946354749,7.343125805682324e-10,521514915222.52716
74,3212.0,64.659706,4.980852669126925e+16,0.16087911337054844,1.2442468618993036e-07,123928055169083.11,4283366442.87,4.176834914726472,1.2981654004902329e-15,0.0012190003197256115,9.767314883299726e-10,939017723985.9221
75,14216.0,28.718964,2.3373724686818384e+16,0.07833585618681958,6.219684415667299e-08,63755807334029.164,1722772827.08,4.176834914726472,1.2286858164371237e-15,0.0008502443501209222,6.982991006466162e-10,691994925591.6492
76,19752.0,48.27432,6.7326677691827816e+16,0.2621653143904878,2.126963707862151e-07,365633728739111.8,8643440018.7,4.176834914726472,7.170162208354385e-16,0.0015724074900233815,1.3463771632101358e-09,2192987333245.091
77,9491.0,29.583662,2.635762067935383e+16,0.5291076477474093,4.7532935843319754e-07,471409478578797.2,11204969932.05,4.176834914726472,1.122395012808313e-15,0.0015463684384969011,1.3224891264810962e-09,1377739940796.5793
78,28638.0,25.551968,4.975656165506096e+16,0.10623997391221786,8.455721196481929e-08,206877834701238.53,3898526507.28,4.176834914726472,5.135396649217821e-16,0.0009025984095569133,7.547717682169048e-10,1757602131267.4832
79,6.0,65.32272,2.103030597180697e+17,0.24229522229380804,1.9736846212962924e-07,780056718450451.6,12329201034.91,4.176834914726472,3.1061231390342596e-16,0.0014840996226332431,1.2759315738111608e-09,4777980640827.627
80,4031.0,24.654743,2.133030604406268e+16,0.062445111004867104,4.9399786134963064e-08,54025033994038.46,2532195075.73,4.176834914726472,1.155855098800267e-15,0.0007690768002676756,6.42539707931983e-10,665374752480.6074
81,84861.0,1.3638129,5079375155542105.0,0.0005065905685113962,3.706856987209383e-10,1886742344003.885,29101155.84,4.176834914726472,2.685001320510741e-16,8.668573760644801e-05,5.726355985167409e-11,322851750366.9557
82,9012.0,43.310936,2.4903090700431052e+16,0.09231125621435432,7.104744171127989e-08,53077485699611.65,2769494048.48,4.176834914726472,1.7391791453118838e-15,0.000889670789336315,7.129029032210813e-10,511546376193.90955
83,13053.0,30.347296,3.2734064289615172e+16,0.16775970175386223,1.3452700669392676e-07,180953745019575.8,7226797604.97,4.176834914726472,9.270861000180668e-16,0.0012236630414757823,1.0134122489718914e-09,1319902263071.2896
84,33182.0,15.153672,1.664853739046699e+16,0.036212509705951586,2.7245545550813427e-08,39784767800318.22,852560327.35,4.176834914726472,9.102104073524828e-16,0.0005360950712113462,4.1852176295868097e-10,588979280923.2747
85,16500.0,47.228775,3.730802245744754e+16,0.3013921498143055,2.3294051773953556e-07,238082505713317.8,6314026676.71,4.176834914726472,1.2659147252810785e-15,0.0014518980268011196,1.239070411573745e-09,1146916137245.1418
86,45735.0,9.323557,2.1482317570253988e+16,0.01381315867583533,1.041218374935319e-08,31826765398935.582,438556998.02,4.176834914726472,4.340107611531676e-16,0.0003575594188299176,2.813726897107921e-10,823849201065.6173
87,76982.0,1.9305917,1.1494480590837664e+16,0.00281369518696252,2.012772235800325e-09,16752358727676.1,75570202.83,4.176834914726472,1.679581504134157e-16,0.00014399571801121497,9.997434550909291e-11,857330934264.1658
88,54869.0,1.4481622,3847230152452100.0,0.0010120479684052129,7.723280697389889e-10,2688636300392.6113,33256991.6,4.176834914726472,3.7641683564914574e-16,7.234915279863612e-05,6.272481242151002e-11,192204880193.16974
89,64655.0,3.4196534,8721842945493111.0,0.004699488626333172,3.3798192298180973e-09,11986069033490.086,109743501.0,4.176834914726472,3.920792224041431e-16,0.0001787232243697372,1.4502388570993088e-10,455834469559.1006
90,75947.0,2.8693135,1.3951841795984304e+16,0.003114186863961433,2.485575244678621e-09,15142521878185.29,125910509.21,4.176834914726472,2.0565840280857124e-16,0.0001658370508847568,1.3753060002090875e-10,806371383906.5427
91,83513.0,1.7025386,1.021266030481964e+16,0.002547886833998068,1.727826116906943e-09,15283473003633.902,63485483.17,4.176834914726472,1.6670862920962175e-16,0.00014357955933028702,9.837202352079541e-11,861260511894.3668
92,58951.0,12.470779,6.067410511437675e+16,0.04372849253478219,3.387730500502711e-08,212752319045074.38,1649713429.67,4.176834914726472,2.0553708994127455e-16,0.0005971570662394774,4.814011089508515e-10,2905349425790.2324
93,39836.0,23.299143,3.927771693901742e+16,0.07732417883516597,6.145056360835816e-08,130353172596503.27,2232995231.35,4.176834914726472,5.93189849506127e-16,0.0007683817611578845,6.316048438015148e-10,1295338687601.646
94,29872.0,28.825369,6.240459084903677e+16,0.22925623496702388,1.9180800329568364e-07,496321193415000.56,7107088119.85,4.176834914726472,4.619110326311021e-16,0.0010882935001737106,9.249500458062498e-10,2356067344775.5874
95,10046.0,80.60199,4.887810247465411e+16,0.350898380442853,2.7217005270472147e-07,212789374027563.5,11835820064.56,4.176834914726472,1.6490408980544285e-15,0.00163650792474728,1.3235836842409157e-09,992399840827.5167
96,79002.0,2.3780646,1.0283835341901008e+16,0.002962060227869475,2.056300637089403e-09,12809298644033.242,105561395.39,4.176834914726472,2.312429673305529e-16,0.00015490821010723986,1.1913153002131748e-10,669893713506.126
97,2142.0,95.380554,3.91294232549749e+16,4.422562775021899,3.846104653252318e-06,1814335558331190.0,47151372911.51,4.176834914726472,2.4375660581164678e-15,0.00215793955431372,1.7763939881087172e-09,885284543214.0543
98,23925.0,9.146611,9584775835662410.0,0.03568607344023254,2.7784860548316652e-08,37395600882076.98,908725197.66,4.176834914726472,9.542853329931708e-16,0.0005709008851332286,4.5201287177614717e-10,598249669564.3064
99,20502.0,16.032494,3.0159744407150804e+16,0.08535874455183953,6.614641561314883e-08,160573764668101.97,2413821301.93,4.176834914726472,5.315858710062123e-16,0.0008227844265229298,6.690959714867879e-10,1547792128044.1904
100,98184.0,0.98992217,5508067812575198.0,0.0007362359061567941,4.94775632929655e-10,4096521342848.9756,12721006.6,4.176834914726472,1.7972221905837062e-16,7.887512377762229e-05,5.3236407864663606e-11,438872412052.7637
101,9921.0,24.571104,1.0508952524601092e+16,0.3404611667117079,2.704101247135966e-07,145613735444839.44,9897754106.04,4.176834914726472,2.3381116188773237e-15,0.0011852430932914855,9.53002412925783e-10,506923229721.854
102,33219.0,12.122452,1.323372465384401e+16,0.02743466023741921,2.033337513289476e-08,29949612467326.62,735496865.9,4.176834914726472,9.16027219629266e-16,0.00047080865551688976,3.7018806422481286e-10,513967975435.74646
103,27111.0,28.222448,5.4803155684206264e+16,0.14257284503740553,1.1434130804134381e-07,276852023003998.44,5566546569.5,4.176834914726472,5.149785198981422e-16,0.001130501461249331,9.924382578916749e-10,2195240029570.4243
104,12549.0,112.6759,2.3730564956183994e+17,1.60286586980615,1.3131039880765396e-06,3375780680650005.5,26227951613.87,4.176834914726472,4.74813390275555e-16,0.0023592744354892334,1.9792318875565858e-09,4968845621897.99
105,89226.0,1.4090714,7989627870151586.0,0.0019629347108533965,1.3309146499414422e-09,11130108717785.516,63626385.26,4.176834914726472,1.7636258195004843e-16,0.00012713685253437626,9.515466120955136e-11,720883370659.574
106,26044.0,19.590582,2.0260109113806804e+16,0.06643171903977327,5.1913189302701584e-08,68702087378698.77,1894066761.42,4.176834914726472,9.669534300113648e-16,0.0007106714274305303,5.711618187960404e-10,734959311765.5911
107,31413.0,7.6191025,1.0506597290729946e+16,0.012572388289594024,9.132363468189961e-09,17337084091131.922,296512976.15,4.176834914726472,7.251731734995112e-16,0.00031489422119906484,2.1683341229340212e-10,434233135899.7481
108,79579.0,1.8754048,9596535398522604.0,0.0016878889354162198,1.4457076078195042e-09,8637007816923.783,73831180.91,4.176834914726472,1.9542519483528614e-16,0.0001194117720058783,1.0738329089985583e-10,611035706560.3765
109,8173.0,21.340525,2.747690770865265e+16,0.0973894662013728,7.986133420075541e-08,125393418138029.25,2727784563.05,4.176834914726472,7.766712770694985e-16,0.0009383914150491113,7.982480093467594e-10,1208222117585.973
110,14745.0,30.990084,3.012876485049775e+16,0.12842682562820215,1.020315134158456e-07,124857410191207.64,5107377710.65,4.176834914726472,1.0285879342806188e-15,0.0010285657375804376,8.652373831816578e-10,999978420221.1193
111,19881.0,12.078154,1.1856356939687426e+16,0.019519701252414274,1.4632900120226342e-08,19161251413476.54,630314635.09,4.176834914726472,1.0187070161130306e-15,0.0003893078840276397,3.0183415152285596e-10,382158832588.66656
112,2859.0,16.198036,1.424183674230008e+16,0.14993509660216792,1.1531823319578671e-07,131827782562593.83,8799212436.48,4.176834914726472,1.1373558265760593e-15,0.0010442205706105072,8.465452454299451e-10,918112472992.7924
113,174657.0,0.48137072,6520166039275306.0,0.000433822835201789,2.858672886106962e-10,5876129975551.551,9463515.5,4.176834914726472,7.382798491639374e-17,4.578131532448293e-05,2.808723077496398e-11,620107881534.7301
114,41285.0,6.3372893,1.552514474190692e+16,0.00951645871840453,7.272919099528392e-09,23313500779207.344,204136783.8,4.176834914726472,4.0819518306285397e-16,0.0002504079518078292,2.0171546549661273e-10,613451510938.7543
115,87777.0,0.9298955,8586612344091155.0,0.0009387109224473495,6.444201888797669e-10,8668013550145.802,29317892.54,4.176834914726472,1.0829596850728962e-16,5.629948441289009e-05,4.3402771006740744e-11,519866853668.7075
116,6558.0,2.5922828,6205330875770665.0,0.0037255898093173506,2.8196001142752846e-09,8918208103766.11,152428347.93,4.176834914726472,4.17750938974395e-16,0.00018263954419567692,1.4162586514733626e-10,437197208087.8347
117,40753.0,6.3226852,9960680866869392.0,0.016135003885499478,1.2303270882862301e-08,25418887609517.23,491046622.27,4.176834914726472,6.347643584315735e-16,0.0003790263114523325,3.805032084072353e-10,597113411327.7263
118,12883.0,45.78074,6.301566295101313e+16,0.3131479929560286,2.685010610816733e-07,431037776538853.0,7095613413.55,4.176834914726472,7.264977920741523e-16,0.0013783163011727513,1.152084084641875e-09,1897206455697.0725
119,63320.0,3.3931236,1.2372492828293188e+16,0.008274056084755128,6.437927715550183e-09,30170047318502.76,275542937.15,4.176834914726472,2.742473685044834e-16,0.0002610878363276004,2.1804124542837318e-10,952015830639.8922
120,91213.0,0.71008015,5909365570653323.0,0.0002715877124978806,1.5411336284926772e-10,2260182991522.11,9222226.05,4.176834914726472,1.2016182473569588e-16,2.0227207086998264e-05,1.6730214207561e-11,168333055290.14212
121,12132.0,16.787905,1.533772605290258e+16,0.08006013052487879,6.264348096678586e-08,73144347061185.69,2242804394.89,4.176834914726472,1.094549801065392e-15,0.0008400559300224321,6.895231071840337e-10,767489911564.3295
122,40978.0,6.7729425,1.3774862068941808e+16,0.011222679816132555,8.215223477770824e-09,22824771731211.83,356806147.42,4.176834914726472,4.916885894103403e-16,0.00029891562700089236,2.3255783778279742e-10,607936880047.1213
123,64918.0,1.5097383,5994912382700737.0,0.0014441186577051157,1.3798316701553842e-09,5734348014596.68,35524357.25,4.176834914726472,2.5183659136647057e-16,8.970835608087201e-05,7.971275736113976e-11,356216527527.2851
124,53184.0,2.9166424,8125338520295845.0,0.00752315873658189,5.374515891998213e-09,20958418308891.434,240669704.07,4.176834914726472,3.589564167344753e-16,0.00025655855376624097,1.965993420808935e-10,714734552178.2959
125,8596.0,34.543186,1.429113023083874e+16,0.5584913300159128,4.510652761630208e-07,231057793280901.97,10360374429.47,4.176834914726472,2.4171066558094527e-15,0.0013323759521961518,1.0688110286177415e-09,551227621252.7987
126,7895.0,52.210213,3.3020779918061984e+16,0.15015403512264922,1.1892570934530167e-07,94966158203452.42,5030301528.25,4.176834914726472,1.5811320365404702e-15,0.0011332494783710201,9.653204268490786e-10,716732981295.2113
127,41050.0,1.3540939,6137514091150030.0,0.001650360377854623,1.263536721401703e-09,7480360168935.431,79025474.23,4.176834914726472,2.2062579081529634e-16,0.00012695220910985213,1.0933102206230355e-10,575418715285.803
128,70040.0,5.0072494,1.4784129057898604e+16,0.0064081589872276926,4.787252969302205e-09,18920377621036.215,161090900.47,4.176834914726472,3.3869086101658555e-16,0.00024826123288936003,1.7273706390238938e-10,733002455821.218
129,87015.0,1.4999006,6096199156743727.0,0.0002192574693568392,1.583548557967075e-10,891150520109.7504,9168805.2,4.176834914726472,2.4603864825196573e-16,3.353150855964053e-05,2.4297913771284522e-11,136285533991.80296
130,22193.0,45.680103,7.028233758914483e+16,0.17626243027485947,1.3986442524460614e-07,271193250787126.62,5793761053.15,4.176834914726472,6.49951389878861e-16,0.0012251628593273013,1.024600516617503e-09,1885006907294.481
131,82968.0,0.7408208,6133515989480425.0,0.00030260780158544373,2.668548540633336e-10,2505396432667.4404,6366894.3,4.176834914726472,1.2078240299211406e-16,3.282229837599093e-05,2.694341191108764e-11,271747353611.88266
132,49639.0,7.0199046,2.0369967128025004e+16,0.017395267935129712,1.3180087386092033e-08,50476617021516.164,545535756.7,4.176834914726472,3.4462032048849083e-16,0.00039456023413394017,3.133210570111198e-10,1144912852424.5486
133,108157.0,0.80831015,6605828698669456.0,0.0009558087429532849,7.311489900915236e-10,7811245256093.824,21623078.6,4.176834914726472,1.223631715068254e-16,8.64729425564802e-05,5.2941410553321727e-11,706690922535.1089
134,106302.0,0.9340235,5458238459210796.0,0.00029902424145249624,2.6693582412330996e-10,1747435278590.2605,6335624.34,4.176834914726472,1.7112178351677402e-16,6.673195999914685e-05,6.839924038103905e-11,389967651269.8661
135,47069.0,2.6281462,6589662030305734.0,0.004100887334579057,3.2629850609164946e-09,10282328113724.152,131796282.7,4.176834914726472,3.988286786049428e-16,0.00020023270135005646,1.7556808407279228e-10,502051913745.1389
136,2.0,30.087029,2.557101345270975e+16,0.11085323744566544,8.846548368748647e-08,94214341535667.72,3473763143.69,4.176834914726472,1.176606826930893e-15,0.0009700750665916282,7.991988866416515e-10,824468330786.4274
137,8894.0,68.02259,4.560459187256793e+16,3.393287902106776,2.782969343420685e-06,2274972327306293.0,25611638201.83,4.176834914726472,1.4915732650359917e-15,0.0018175260551448727,1.4939770499649773e-09,1218529520305.5383
138,37785.0,5.379467,7159200347104378.0,0.012512322015595448,9.251092540659528e-09,16651876499499.426,415389541.04,4.176834914726472,7.514061262688072e-16,0.00034486765918936407,2.654557687190243e-10,458963065555.2993
139,34227.0,4.3322763,7744461674318392.0,0.006638284466771826,5.107496104651524e-09,11866726883540.994,261257518.27,4.176834914726472,5.594031557243511e-16,0.0002496846181343077,1.9163075329485184e-10,446341096898.1754
140,94441.0,0.4206328,7961206045528152.0,0.0005316026246940605,3.7630326229753725e-10,10061502644427.605,11446859.76,4.176834914726472,5.2835311332793786e-17,8.709125456577435e-05,7.428266306784084e-11,1648353201085.7786
141,642.0,7.5705204,1.6399040663787412e+16,0.016989663312365604,1.2575368270830892e-08,36802513539695.46,577797064.9,4.176834914726472,4.616441019453856e-16,0.0003975680079742508,3.027001115171992e-10,861200232601.0107
142,27408.0,141.785,1.3433893751060509e+17,0.14783047048950426,1.1667158799783194e-07,140066920599872.08,2589496651.26,4.176834914726472,1.0554274332325064e-15,0.0011058861042832619,8.935917815319071e-10,1047808754502.6316
143,9122.0,55.896362,4.207344332526499e+16,0.15026944002265327,1.184499336938778e-07,113108484024638.47,4311525356.41,4.176834914726472,1.328542605079209e-15,0.0011416846734444632,9.384218452831487e-10,859351193615.9509
144,79184.0,2.336944,8726077127734653.0,0.004973855665161186,3.731753864550414e-09,18572224305082.387,163444717.5,4.176834914726472,2.678115223818433e-16,0.00018992433998614244,1.4430845820993373e-10,709171652873.6578
145,62616.0,4.769551,1.6274718024696514e+16,0.010778954639465842,7.914885772890843e-09,36780075809714.76,344682214.52,4.176834914726472,2.9306504682676007e-16,0.00029985504668847976,2.328012598514564e-10,1023168917396.4628
146,14326.0,28.291048,2.7854945573258852e+16,0.1563039252452094,1.2400238671287238e-07,153894522768899.47,6831777492.93,4.176834914726472,1.0156561938200235e-15,0.001028032424110423,8.57177929818126e-10,1012185452484.5171
147,14570.0,5.789146,4220646169912827.5,0.013789091057236703,1.0619700912117993e-08,10053101849099.213,517045638.49,4.176834914726472,1.3716255205822117e-15,0.0003146038935717155,2.455190934126147e-10,229365733467.96295
148,20554.0,101.3753,9.588523941957848e+16,0.18941971805693153,1.47997412603691e-07,179161541486712.6,5063243029.91,4.176834914726472,1.0572565768584868e-15,0.0012092416220120382,9.734689842166088e-10,1143754173282.286
149,78687.0,2.740384,1.323692738589516e+16,0.0033491023294184913,2.2952657746097668e-09,16177230761252.766,121298985.2,4.176834914726472,2.0702568807018343e-16,0.00017491626864186397,1.335457424134451e-10,844901279026.6196
150,15971.0,15.659639,1.7146065596213842e+16,0.13712334621387826,1.0590310150805587e-07,150139213870479.25,5102651973.59,4.176834914726472,9.133080071417625e-16,0.0008965864235539157,7.007896607350199e-10,981691189109.1619
151,30193.0,22.974804,2.607043622849596e+16,0.06420167858140968,5.068698474400314e-08,72852232698874.66,1887664799.28,4.176834914726472,8.8125890179343e-16,0.0007416929567662129,6.06497111678913e-10,841628896181.1454
152,70893.0,1.4489235,9815777223618062.0,0.0013239684253572293,9.15723510529921e-10,8969265191993.201,40957604.1,4.176834914726472,1.4761169360218343e-16,0.00010873460310043638,7.185111753954429e-11,736625943697.1056
153,142506.0,0.49300376,6036546297001878.0,9.257303008040257e-05,9.733105889445816e-11,1133503285926.4553,951115.0,4.176834914726472,8.166983830553179e-17,2.0331718330224017e-05,2.1376719250799343e-11,248950147962.3583
154,16729.0,11.405162,7697483970633863.0,0.03915663322789839,3.006813902889729e-08,26427292888583.008,1180437495.66,4.176834914726472,1.481674017576528e-15,0.0005749236477299405,4.556544299311064e-10,388023034020.87286
155,48495.0,9.478121,1.617553364225433e+16,0.01585024847878176,1.1678638493352241e-08,27050322263940.81,640541516.95,4.176834914726472,5.859541459108897e-16,0.0003741237861934965,2.915589643150633e-10,638486456328.2605
156,47358.0,5.3001947,9374658721145936.0,0.010059046679120477,7.379516717966533e-09,17791823699765.38,226660778.19,4.176834914726472,5.653746827118754e-16,0.00028308884090873194,2.1300122428388895e-10,500710147739.3158
157,13352.0,90.38026,5.712734747942523e+16,0.37643437195097007,2.933646312985684e-07,237935774577792.4,8251947955.36,4.176834914726472,1.5820839578198694e-15,0.0017860256536118984,1.4575661218251344e-09,1128906999394.0544
158,24933.0,24.956459,5.116033840371556e+16,0.14587968190925354,1.1864564397518946e-07,299050994882879.6,6004538035.21,4.176834914726472,4.878087162571918e-16,0.001070995182899134,9.083853686449243e-10,2195522849850.972
159,31523.0,17.081188,2.378958397205764e+16,0.049743514166279985,3.7818211342171214e-08,69279578640780.51,1379227634.85,4.176834914726472,7.180112111276485e-16,0.0006612582232154892,5.340044472262078e-10,920958075538.9211
160,28321.0,19.494818,1.6056610142966888e+16,0.06085121765049293,4.734646113428198e-08,50119179288505.83,2096966144.77,4.176834914726472,1.2141303691389128e-15,0.0007564000505288065,6.2130796657922e-10,622997389535.0806
161,20966.0,10.84897,1.9817047109904244e+16,0.014682250454306775,1.1258801526774026e-08,26819029726546.426,389838619.98,4.176834914726472,5.474564368663108e-16,0.0003509182196745761,2.7679211934197665e-10,640997522438.9781
162,80360.0,3.4885461,1.9971400905711452e+16,0.005596997811195485,3.8891952086089305e-09,32041969333807.72,139410103.41,4.176834914726472,1.7467708532165815e-16,0.00023071154926589848,1.6746428546136818e-10,1320788865013.725
163,638.0,3.7417152,2795606798945022.5,0.007766014598570387,5.862468975808036e-09,5802345195184.73,274353635.97,4.176834914726472,1.338426849373814e-15,0.00027377072797166174,2.148851292977251e-10,204546649747.60928
164,89946.0,0.82921743,4820741973775043.0,7.077712601314038e-05,4.216430196635229e-11,411470200469.26807,4056737.5,4.176834914726472,1.7201033254029435e-16,3.717570981577678e-05,2.1161080039950333e-11,216124864516.89273
165,14045.0,9.594655,7792205193631622.0,0.011877113128285847,8.533233587538327e-09,9645881233205.291,409582918.41,4.176834914726472,1.231314468956936e-15,0.00029545076282256445,2.2337269562483074e-10,239947446628.19156
166,68892.0,1.3253723,4613561686841360.0,0.0012984636772618353,9.243663180171319e-10,4519893974825.299,44086284.3,4.176834914726472,2.872774636958211e-16,7.275042442398575e-05,6.01565767906865e-11,253240972988.45657
167,7827.0,104.199974,1.2762722223801605e+17,0.20491294083516795,1.5838199529987029e-07,250983454558399.56,6270417590.19,4.176834914726472,8.16440036637906e-16,0.0013195980574793977,1.0470238530495986e-09,1616282884550.2148
168,32661.0,21.530453,3.691932447336361e+16,0.06432865434590446,4.964895375185914e-08,110307500856173.27,3274993255.73,4.176834914726472,5.831757028906013e-16,0.0007533144730936982,5.957539348149124e-10,1291745299675.1707
169,24807.0,5.4739633,1.3650964124358912e+16,0.006928371451428037,5.072460820530814e-09,17277965696934.178,152864606.56,4.176834914726472,4.009946294000002e-16,0.00023104530239251945,1.7030860547692287e-10,576180540717.5344
170,1787.0,34.82821,4.383609440404036e+16,0.2401447594742665,1.9328529155990304e-07,302255222044127.8,8509647555.4,4.176834914726472,7.945098776133189e-16,0.0011190817123743109,9.397264436661839e-10,1408518312869.8096
171,16019.0,61.557796,6.404734374300968e+16,0.24629986755319597,1.9887154657653237e-07,256260836256016.97,10074621857.77,4.176834914726472,9.611295707594214e-16,0.0013723543446699533,1.1360644740818122e-09,1427855708971.2776
172,4687.0,1.4802822,4077394980491979.0,0.0011080586873338431,8.222007000476818e-10,3052115961284.641,39588833.34,4.176834914726472,3.630460642352066e-16,9.277917961539062e-05,7.228781939466964e-11,255557596556.89804
173,17255.0,13.208003,1.594283427713669e+16,0.007991530829222349,6.223314112551536e-09,9646246418245.11,237219883.69,4.176834914726472,8.284601577362779e-16,0.00024528267950500797,1.8546600939964497e-10,296070580117.2497
174,1534.0,55.136425,1.621576508776987e+16,0.8186386689380802,5.930801249412379e-07,240763748234756.22,14457456985.43,4.176834914726472,3.400174133108562e-15,0.0016898934836031578,1.366809183237312e-09,497002040909.65076
175,64055.0,0.94342613,6057916036986708.0,0.00011541317751766787,1.304567739442729e-10,741089648390.2498,1957179.7000000002,4.176834914726472,1.5573443478580684e-16,5.157724610439566e-05,5.839453212559542e-11,331187165994.0442
176,63392.0,1.762272,6118994172626373.0,0.000585058804111798,4.2298468694621387e-10,2031452246306.953,22178705.46,4.176834914726472,2.880002742744244e-16,4.625254804464588e-05,3.604549640340101e-11,160598972209.91394
177,52878.0,3.1205113,9240779607206310.0,0.004533867321206875,3.513736704461498e-09,13426155093105.285,180232514.44,4.176834914726472,3.3768918128579833e-16,0.0001705461134241282,1.3759345987243833e-10,505038724589.1333
178,20637.0,29.594585,3.629730977846079e+16,0.11536642771827435,9.142742212177475e-08,141495174368034.22,5307834401.04,4.176834914726472,8.153382490501194e-16,0.0010320750525084415,8.395229513961833e-10,1265824403198.0881
179,33056.0,9.80137,1.6106430155418464e+16,0.030282698609750514,2.3302773620061626e-08,49763060681877.586,984346689.73,4.176834914726472,6.085377023599895e-16,0.0005161749361015823,4.092451520920077e-10,848221784944.1174
180,3590.0,47.735786,4.3943652393755976e+16,0.16605088013801575,1.2865682534474057e-07,152859788596802.47,5275931027.12,4.176834914726472,1.0862953668999724e-15,0.0011798434074927983,9.783960654452054e-10,1086116578826.797
181,16087.0,12.814271,1.2713008426848122e+16,0.024129621234462245,1.831577368743628e-08,23938941051767.355,556806374.17,4.176834914726472,1.0079652722433523e-15,0.00041914611553346747,3.1836991022892313e-10,415833885428.0223
182,22777.0,41.823776,5.783871882533063e+16,0.15876412584062022,1.323556711886243e-07,219557259345618.16,6036982003.86,4.176834914726472,7.231103463115293e-16,0.0011215724923880708,9.652158647814578e-10,1551039199078.0293
183,92506.0,1.3979234,6811359030599767.0,0.0009958765261376787,7.656775073132864e-10,4852392176617.261,27175376.54,4.176834914726472,2.0523413810957304e-16,9.625389804481608e-05,6.743252108835621e-11,468995552744.86945
184,69971.0,4.2703133,9896919599944662.0,0.004200184051538425,3.104499735833605e-09,9734387372244.004,99908238.61,4.176834914726472,4.314790331351057e-16,0.00017031142946555224,1.3165582455048974e-10,394715423894.59265
185,29938.0,6.490752,1.2154279959432424e+16,0.010731360422651558,8.233997861253605e-09,20095045831743.395,275597619.74,4.176834914726472,5.340301541238402e-16,0.0002899594601850158,2.28278414120955e-10,542964583452.66956
186,45566.0,2.2000015,3837451894084135.5,0.001957791126655395,1.2923604064386089e-09,3414965520343.8994,49385466.02,4.176834914726472,5.732974798697933e-16,0.00014302898823059972,9.960282872440771e-11,249484767076.0463
187,25199.0,43.530163,6.697184670256678e+16,0.14366899420087478,1.158029541887817e-07,221037027946183.94,5663048113.81,4.176834914726472,6.499770447323151e-16,0.0011599684266954881,9.826553828265581e-10,1784629835924.7542
188,21028.0,32.827885,2.4282035071373636e+16,0.10149347442883178,7.8967909112536e-08,75072399747850.23,3576386531.43,4.176834914726472,1.3519412563035609e-15,0.0009177324021754626,7.347621658160292e-10,678825650076.4688
189,21618.0,23.967773,3.834646914239753e+16,0.14036862167429656,1.119685032485626e-07,224578270980549.0,7325824661.37,4.176834914726472,6.250320703842896e-16,0.0010890756461695839,9.045423709420549e-10,1742431625148.4272
190,41450.0,7.3984027,1.7411726343461726e+16,0.016831911933259055,1.2959296449188944e-08,39612961919355.17,400532001.81,4.176834914726472,4.249091993556499e-16,0.0003645259411554452,2.893142499056885e-10,857891384108.0107
191,36605.0,23.173532,1.0605413205431518e+17,0.0991094119418958,8.000765161181133e-08,453576203312958.06,4376322157.47,4.176834914726472,2.1850663949738207e-16,0.0009527430302146191,8.093754864166173e-10,4360247507380.818
192,68909.0,1.8052175,5289530080168793.0,0.001088185173164794,8.235359327103151e-10,3188528920337.225,22210842.6,4.176834914726472,3.412812617831628e-16,8.594297682430239e-05,7.242590891866452e-11,251824481588.1726
193,161811.0,0.35517254,6135494928792545.0,1.3888659180445016e-06,1.1694582435689599e-12,23992225854.326584,1187614.8,4.176834914726472,5.788816454451822e-17,1.2010661740260712e-06,1.0113263779013794e-12,20748043809.584
194,6269.0,131.321,1.3283260653346171e+17,1.665002956211426,1.2941314369696811e-06,1684168431244682.2,37589051482.69,4.176834914726472,9.886202147732384e-16,0.0019027968071424148,1.5694823962058228e-09,1924699473780.0933
195,66038.0,4.7994647,1.3633002573444956e+16,0.008215755525591508,6.393314130381984e-09,23337064282019.547,183953119.91,4.176834914726472,3.520475166159388e-16,0.00023520357478058,1.954149888509048e-10,668101786490.2936
196,28097.0,2.876931,7679148661782810.0,0.005695318688526342,4.3632277979427734e-09,15202032612330.186,189236109.51,4.176834914726472,3.7464192018026183e-16,0.0002110211050834979,1.659702042704718e-10,563260793084.67
197,8072.0,1.9300857,4534573140314915.0,0.0033259873144173262,2.2819939634740876e-09,7814125943208.089,201036976.28,4.176834914726472,4.2563779219711967e-16,0.00018241448083335942,1.2887169234805993e-10,428567397391.443
198,13730.0,23.896088,2.5526311339995388e+16,0.11604954213952007,9.260212306842382e-08,123966598361928.69,4456041282.44,4.176834914726472,9.361355693628517e-16,0.0009957268369803285,8.149892028655253e-10,1063656664235.1124
199,125369.0,0.6520686,5678519971582116.0,0.00044689558968212214,3.205866485397148e-10,3891776925344.814,14825049.700000001,4.176834914726472,1.1483073111713024e-16,7.117849717132507e-05,4.680821057593526e-11,619855821511.0658
200,43320.0,15.403542,2.870131383246186e+16,0.03241374591196858,2.4841507086330518e-08,60396309751684.89,845899052.73,4.176834914726472,5.36684212085728e-16,0.0004944081070803645,3.8974815806913587e-10,921227224402.4751
201,51677.0,4.568261,9508346098259186.0,0.012915182329684886,9.628798493564545e-09,26881569050622.387,323511020.0,4.176834914726472,4.804474882163123e-16,0.0003409637412509841,2.687982493055181e-10,709679516728.9368
202,5398.0,98.99516,3.761697305546707e+16,0.28557951659965614,2.2180068175621476e-07,108516789923088.94,7739507070.28,4.176834914726472,2.6316620386767804e-15,0.001496895205976509,1.2006486359499109e-09,568802218513.2705
203,4329.0,134.58488,6.170318403851027e+16,1.2371027177158684,9.161659668248132e-07,567174980322926.8,34747731390.52,4.176834914726472,2.181165884664926e-15,0.002511831511839319,2.066396106394361e-09,1151600403022.6204
204,3589.0,50.5498,1.5996254499484384e+16,0.20115443521877202,1.604289585808302e-07,63654406930581.766,7591668556.17,4.176834914726472,3.160102260290332e-15,0.0013734963179754297,1.1528328456174525e-09,434636668323.9044
205,35610.0,19.65151,3.0890065839017304e+16,0.07198093246105328,5.535325698627288e-08,113146304934114.16,2143905573.76,4.176834914726472,6.361757240147458e-16,0.0007479323261316526,5.973156991578653e-10,1175669391173.305
206,66895.0,5.1295524,1.9867361111054012e+16,0.010182628794570842,7.538307017294085e-09,39438521638175.59,300006644.16,4.176834914726472,2.5818992121434612e-16,0.000280614213861524,2.1274800601231438e-10,1086851928772.8568
207,11873.0,212.71297,2.122278019180466e+17,1.5055173112718594,1.1916573953023115e-06,1502083440049726.2,18539485598.53,4.176834914726472,1.0022860722184777e-15,0.0024720760480344073,2.077482630611424e-09,2466437593573.131
208,9013.0,4.8607016,6751867026492156.0,0.011334365724262555,8.601207629884888e-09,15744255973222.31,312233377.72,4.176834914726472,7.199048175753712e-16,0.0002860794779648817,2.1724821851719865e-10,397385141730.8099
209,17185.0,8.970904,1.3444562801203324e+16,0.022535949364249137,1.7725666921210927e-08,33774298165757.387,890719630.63,4.176834914726472,6.67251448235794e-16,0.00043326263445955056,3.6167615633809153e-10,649324382292.6013
210,19950.0,16.887999,4.4544350439020616e+16,0.47410485075470926,4.131114163336176e-07,1250514795557326.5,12005678911.55,4.176834914726472,3.7912774198198213e-16,0.0015160774814511513,1.238747203919349e-09,3998856621584.8223
211,4030.0,29.128042,1.8227294357932516e+16,0.1396717439058244,1.0866254356886055e-07,87401617645883.23,5356815064.22,4.176834914726472,1.5980452955884526e-15,0.000916159143285167,7.38876338471235e-10,573299859405.9296
212,47790.0,4.646641,9595292732528712.0,0.010958385721463773,8.276139931592225e-09,22629017148819.492,342830537.53,4.176834914726472,4.842625576442876e-16,0.00031570812452303174,2.3113524584292892e-10,651935854918.8794
213,45803.0,3.33663,1.085090594598707e+16,0.004244630600398193,3.4892388385180245e-09,13803774293337.715,117751304.39,4.176834914726472,3.074978270578382e-16,0.00020159829937359535,1.523489152727074e-10,655608858451.1399
214,7410.0,60.45208,3.952082637912897e+16,0.5724449282881922,4.0604618508783207e-07,374238514580318.44,15800343518.56,4.176834914726472,1.529625909642539e-15,0.0016737065106774453,1.3314864645136623e-09,1094193358079.6737
215,20581.0,26.06038,1.5343892862786492e+16,0.15738096003971191,1.218511604980888e-07,92663138046790.64,3744204884.7,4.176834914726472,1.6984203574051393e-15,0.0011275683746601213,9.18756488705237e-10,663892404341.4255
216,16152.0,42.86773,6.8218294765807896e+16,0.14769909238308473,1.194841104152256e-07,235043474912983.88,6099039600.35,4.176834914726472,6.283905240839587e-16,0.0011209405941789514,9.632756372853709e-10,1783827971965.3818
217,87724.0,2.2015557,8983231595079882.0,0.0036652431838155733,2.540535375762214e-09,14955664475126.945,97671222.51,4.176834914726472,2.450739109526902e-16,0.00017628269114400728,1.2460063472073728e-10,719304190555.14
218,44398.0,4.2682643,7227324298632550.0,0.004808085307259878,3.7152547214649963e-09,8141387067117.063,138466744.44,4.176834914726472,5.905732361847357e-16,0.00018015570576858746,1.4080338367766933e-10,305052269101.1914
219,11815.0,14.560885,8556670341944849.0,0.12603821862075382,9.760388773176634e-08,74066067222134.17,4911411419.8,4.176834914726472,1.7016998923778161e-15,0.0010156374278696913,8.376816484415857e-10,596836981901.9749
220,23613.0,27.271036,2.673385912484735e+16,0.0730684307189822,5.554200680479171e-08,71629150183914.5,2403400475.11,4.176834914726472,1.020093502873791e-15,0.000812093067119005,6.524608759949133e-10,796096695872.6719
221,43011.0,5.7212067,1.146727217633603e+16,0.017536008586379787,1.3340829437565328e-08,35148211538412.46,977307614.0,4.176834914726472,4.989160989660937e-16,0.00037647579946186317,3.022053329374876e-10,754587395039.0372
222,51115.0,9.072851,3.210422034699425e+16,0.026995436674349196,2.159478045103078e-08,95523165469887.7,682319353.36,4.176834914726472,2.8260617769057407e-16,0.00046815962183119954,4.0520281525041165e-10,1656579575354.4646
223,18403.0,19.347736,2.051332945265382e+16,0.1003942445461942,8.029353034709328e-08,106442439235597.14,5040894940.85,4.176834914726472,9.431787289652765e-16,0.0009470847470603255,8.228187301963234e-10,1004141333954.1003
224,16331.0,45.053467,2.828082597391643e+16,0.16657509634580578,1.3332029690617876e-07,104562015423676.4,5018442444.69,4.176834914726472,1.593074652117766e-15,0.0011720226960357065,9.878315787435334e-10,735698540227.0189
225,83645.0,0.90116143,5473397020956289.0,0.0002468011112436709,1.7408375117484518e-10,1498999426828.343,5392623.8,4.176834914726472,1.6464389967504183e-16,5.8821836334391536e-05,4.338014325618174e-11,357267025686.88165
226,20503.0,5.101729,9290362462041070.0,0.016175504089027144,1.2445037675691518e-08,29455954244784.39,415505226.61,4.176834914726472,5.491420836210477e-16,0.00032958461012305213,2.6477635759364336e-10,600180936689.0411
227,5502.0,12.17651,1.13897918229477e+16,0.044316207470831995,3.434711080810257e-08,41452959630907.05,1003575005.9399999,4.176834914726472,1.069072217410265e-15,0.0006077623328983358,4.762402940524505e-10,568495114736.5774
228,31175.0,12.01246,1.4756339413847566e+16,0.03263889334935148,2.45729506551066e-08,40094251165490.04,1114361188.06,4.176834914726472,8.140541948179459e-16,0.0005488499362526743,4.290831536459504e-10,674217932597.7411
229,8521.0,39.15715,1.863671206000056e+16,0.1873632413550991,1.4464009553956738e-07,89174896021885.42,4921332213.58,4.176834914726472,2.1010760843401058e-15,0.0010839415084752356,8.844414827966983e-10,515898265919.13916
230,43709.0,1.177898,6075684396086997.0,0.0012960048037128653,9.456251066441794e-10,6684887964129.362,31972182.84,4.176834914726472,1.93870833837027e-16,9.827722526168023e-05,7.289585371055725e-11,506921145984.7266
231,119894.0,0.5294787,5030378386676873.0,0.00037576528570591023,2.2607885464201676e-10,3570004934435.457,5418430.3,4.176834914726472,1.0525623706605098e-16,2.6341274193767332e-05,1.4007359355433552e-11,250258558808.61017
232,10392.0,72.01216,3.4539014650327348e+16,0.5575896447843091,4.7041552169595976e-07,267435345781546.8,11011360835.83,4.176834914726472,2.0849511987834746e-15,0.0016128054551482586,1.3485065304190135e-09,773545901740.6724
233,80801.0,3.2830808,1.5406365119079018e+16,0.0040895546883722555,3.0685438206054953e-09,19190868742403.29,99499416.34,4.176834914726472,2.1309898698520916e-16,0.00015353861525520975,1.2737546172045313e-10,720503731281.7758
234,8172.0,39.736507,4.2580415797010696e+16,0.2402919167984407,1.904023158465881e-07,257489409674038.62,8186433627.08,4.176834914726472,9.33210873032143e-16,0.0012513821919749601,1.0187780935108565e-09,1340942575935.7373
235,12928.0,4.015544,6378536298435403.0,0.009279192067082456,6.992645198977185e-09,14739637623206.041,274029352.37,4.176834914726472,6.295400405552253e-16,0.0002810344636792054,2.272732197030584e-10,446412373439.1
236,19683.0,43.21987,5.332317398444867e+16,0.16811519149354462,1.365229914485763e-07,207414682307910.34,5123792357.7,4.176834914726472,8.105269579902496e-16,0.0012216075676089897,1.0217729863247662e-09,1507176973654.324
237,42241.0,23.872646,4.785920685213005e+16,0.04044566010101297,3.114867436095387e-08,81084317718501.86,740123592.01,4.176834914726472,4.988098961555923e-16,0.0005470639150313809,4.2569093372412497e-10,1096738294985.1036
238,57662.0,7.9145107,1.707802102828201e+16,0.015727267089908632,1.1867180927409107e-08,33936475451207.266,593949530.07,4.176834914726472,4.63432542148367e-16,0.0003717616079608171,2.805477377630035e-10,802191417627.7211
239,10109.0,32.501324,1.564114744105447e+16,0.12651506994598777,1.0301288267029507e-07,60884930796681.2,4170135902.71,4.176834914726472,2.077937320294762e-15,0.001061332259554074,8.961530350551488e-10,510762403268.0258
240,79733.0,1.387667,6811052085798954.0,0.0006452237800207976,3.748971331729446e-10,3166936140095.383,41164726.66,4.176834914726472,2.0373754047385515e-16,8.549827722889345e-05,5.7324129396375826e-11,419649108505.19037
241,66720.0,2.8512754,1.1096107426088654e+16,0.0030051198231473334,2.2031963686862413e-09,11694812919829.262,90139007.74,4.176834914726472,2.5696176961086494e-16,0.00016757479907967591,1.2522946833367248e-10,652139029605.2446
242,59136.0,1.6771065,1.036898958800846e+16,0.00426622092777201,3.2324241513959235e-09,26376619719863.8,130452536.82,4.176834914726472,1.6174251943887974e-16,0.00018365195864312003,1.4181818916755176e-10,1135458748140.2473
243,90309.0,0.58680725,5153315760022768.0,0.00024156521752546328,1.502825140765595e-10,2121415239070.9182,14849714.7,4.176834914726472,1.1386984173417067e-16,3.938369095869651e-05,3.0475537190194546e-11,345865861925.3884
244,25465.0,2.0385485,4814169568046854.0,0.0026096727515212584,2.0951428478381816e-09,6162917950166.376,78312379.72,4.176834914726472,4.234475897007207e-16,0.00016429224359795593,1.3702313522860715e-10,387987197457.1221
245,62558.0,1.4804873,5266476798923248.0,0.0013613855917453093,8.48238926835801e-10,4842801173177.958,56557370.45,4.176834914726472,2.811153179869114e-16,6.522026901050891e-05,4.8766981333760545e-11,232005390092.42297
246,47589.0,9.528211,1.9142261017948064e+16,0.019008719187855558,1.4647098924464916e-08,38188686660151.51,594353304.53,4.176834914726472,4.977578662764137e-16,0.00036980103913015133,2.8548546976264983e-10,742933591178.636
247,20831.0,39.112946,8.660069216321499e+16,0.21897363968097594,1.7802367322281018e-07,484833557714393.56,9147113659.98,4.176834914726472,4.516470367960158e-16,0.001391855664804116,1.1876051665367503e-09,3081733192977.287
248,78162.0,2.540498,9745280653918054.0,0.0024161811181763557,1.8831811990398717e-09,9268404504678.27,77281227.02,4.176834914726472,2.6069008068829725e-16,0.00012973695196491259,1.0187511892589203e-10,497667389654.2956
249,3811.0,122.759895,7.0869254135073496e+16,0.21102954926269563,1.6436835202542045e-07,121827301633876.34,7127455631.43,4.176834914726472,1.732202440934758e-15,0.0013090969887986745,1.075775422090804e-09,755741337076.1903
250,36183.0,13.535364,2.957132316321918e+16,0.01943216271366414,1.4427752195190198e-08,42454326560114.71,516638174.16,4.176834914726472,4.577192547418808e-16,0.0004172705556360619,3.2388647497575525e-10,911629893899.4191
251,36619.0,23.036825,3.3978448872033556e+16,0.065879661636556,5.1610188674293016e-08,97170018638618.31,2821480734.45,4.176834914726472,6.779834208076751e-16,0.0007851575472438314,6.543054414063234e-10,1158077798286.6907
252,19836.0,40.26141,3.8410951657877656e+16,0.12234015717544354,9.402755722954943e-08,116717270038061.66,3651835519.44,4.176834914726472,1.048175279764068e-15,0.0010207008721535703,8.141812845743814e-10,973788346146.9519
253,17934.0,7.501517,8687279838098778.0,0.023808624155737985,1.8019912484163944e-08,27572047174060.15,498115579.76,4.176834914726472,8.635058545140312e-16,0.00043864473209342383,3.511105404197003e-10,507981190631.6337
254,18479.0,23.254856,3.162590316625522e+16,0.5148512670486897,4.2975592454490677e-07,700182203523671.2,8424089532.15,4.176834914726472,7.353104155714006e-16,0.0014409238314830903,1.2066280103397301e-09,1959612975648.3406
255,12049.0,4.050989,7069312906649193.0,0.006923710490634935,4.983858786205388e-09,12082450960332.887,184285309.26,4.176834914726472,5.730385758126163e-16,0.00022403318149721106,1.6877082929969672e-10,390956544556.38245
256,105017.0,1.3782179,1.035705207241863e+16,0.0019260310900293693,1.6146517373567356e-09,14473766660940.473,44022529.95,4.176834914726472,1.3307048090163283e-16,0.00012778432960721035,1.0589859187164424e-10,960275552785.2186
257,36067.0,3.9894514,1.3530347953688254e+16,0.00846168125939168,6.451804917182961e-09,28698054001302.652,181261357.82,4.176834914726472,2.9485209202713155e-16,0.000273125766395752,2.0527242185952278e-10,926314493880.612
258,20162.0,9.315347,7863184881111393.0,0.22714836708328073,1.870634240403989e-07,191738386752355.44,3268894197.54,4.176834914726472,1.1846786182500845e-15,0.0008503958837576621,6.824445675370464e-10,717828338130.8942
259,52084.0,5.8776736,1.0855082072149884e+16,0.008801378180950914,6.50558994440184e-09,16254676425423.049,305648297.98,4.176834914726472,5.414674491572875e-16,0.00028128414985626983,2.1971563693673007e-10,519484874472.2259
260,44105.0,10.522862,1.9845165298313616e+16,0.03030454366470048,2.2831051098219238e-08,57151626460172.5,1044016814.73,4.176834914726472,5.302481406337392e-16,0.0004806003530195337,3.8583096523759275e-10,906368766225.436
261,22158.0,23.237133,2.4849034805824344e+16,0.061748445644509806,4.72690312850075e-08,66031780901111.02,1439004367.06,4.176834914726472,9.351322166667604e-16,0.0006738509647211731,5.463260119785877e-10,720594321007.447
262,7159.0,37.073437,2.3435666249191828e+16,0.18032399559736087,1.4548822874867868e-07,113990320820281.28,7390700884.69,4.176834914726472,1.581923748435292e-15,0.0011670610176814018,9.869692853098275e-10,737747959619.2686
263,36107.0,4.5595503,2.236030441773316e+16,0.00798555372040421,5.7339596930880646e-09,39161627876415.734,231714444.47,4.176834914726472,2.0391271133070902e-16,0.0002731046168381677,2.118395524407584e-10,1339321198055.388
264,15820.0,16.73513,2.9859424343865544e+16,0.04679464470378745,3.720213732192883e-08,83492697889458.27,1934808511.31,4.176834914726472,5.604639194405013e-16,0.0006405890020369642,5.33657985384899e-10,1142962070915.1982
265,1.0,295.14658,6.125643966977755e+16,1.1733984422629389,9.871276018399358e-07,243533944682979.8,24984811899.66,4.176834914726472,4.818213098754712e-15,0.0024984136990736728,2.1072005501229837e-09,518535325828.4484
266,63044.0,1.0248836,4759514218462405.0,0.000737101138461974,4.971235338093088e-10,3423065164624.15,14920161.950000001,4.176834914726472,2.15333656536716e-16,5.380275851643003e-05,3.676094944687157e-11,249857636663.76163
267,53605.0,1.1892745,5033712355034791.0,0.0008125472513817703,5.621213771997199e-10,3439180053326.61,40225361.94,4.176834914726472,2.36261910915603e-16,8.225706081467794e-05,5.5212945004339974e-11,348160482135.6991
268,88059.0,2.0063138,1.0919701550475046e+16,0.0031431656735054552,2.4351775410626037e-09,17107209788607.076,81045585.78,4.176834914726472,1.837333914966493e-16,0.0001575198895470131,1.4361213547258763e-10,857328590431.4553
269,137638.0,0.7980798,8999419035838894.0,0.0006729881817481144,4.1570083641168806e-10,7588843438611.761,12767274.1,4.176834914726472,8.86812578480635e-17,6.222776178745693e-05,4.390162130687872e-11,701701388742.9402
270,19348.0,57.177914,6.070689872179827e+16,0.2073499649969776,1.636770472230512e-07,220147473813751.5,6359608129.88,4.176834914726472,9.418684730055054e-16,0.0013690822277226244,1.1371866217252927e-09,1453581117705.1914
271,41266.0,3.974616,1.2992889794955474e+16,0.005643703456706193,4.28357540230953e-09,18449082137341.777,117046657.73,4.176834914726472,3.059070047329391e-16,0.00021046177142213735,1.662087652660684e-10,687992651903.716
272,20301.0,1.8902327,8741095966219218.0,0.004795661224192349,3.348719143311925e-09,22176811871967.754,155282613.26,4.176834914726472,2.1624664770927822e-16,0.00019685564061141524,1.3211667743264133e-10,910329212946.079
273,641.0,10.244017,7618908278609128.0,0.017680531746954425,1.3063683457250865e-08,13149758507534.943,625884174.65,4.176834914726472,1.3445518209952908e-15,0.0003771203788596352,3.0470951943781715e-10,280480360050.7384
274,26609.0,15.933107,1.5304082553454368e+16,0.031539712073668964,2.3776957207044265e-08,30294553177080.36,913102702.07,4.176834914726472,1.0411017416005542e-15,0.0004967990373088966,4.031942374868287e-10,477185867103.76135
275,31210.0,44.33678,9.955064262658027e+16,0.15097249582120678,1.229322895790723e-07,338982871059644.9,5744405126.93,4.176834914726472,4.453690988847717e-16,0.0011000714233889576,9.300609892320142e-10,2470021890031.4277
276,23220.0,34.71185,3.87043453064596e+16,0.11728113035075818,9.418706465958617e-08,130770597563300.27,4349964610.61,4.176834914726472,8.968463288851118e-16,0.001110852943884659,9.494064201054683e-10,1238621275581.9421
277,10568.0,49.089306,3.886351471888819e+16,0.6694597420753308,5.794772827806917e-07,530004611184515.7,12135765197.35,4.176834914726472,1.2631205992324192e-15,0.0011870889456810647,1.002365606371483e-09,939806497022.0913
278,42192.0,9.92769,3.371930424195059e+16,0.019434109067154037,1.461776252687237e-08,66007765785053.484,427937753.06,4.176834914726472,2.944215553430323e-16,0.00040988335611232294,3.2152534466406357e-10,1392164903261.8057
279,33202.0,25.358974,5.671138978817434e+16,0.08344699895576366,6.320697480257525e-08,186616196871123.0,3182740488.15,4.176834914726472,4.471583943669803e-16,0.0008279312624058042,6.574403793093767e-10,1851539125364.883
280,87658.0,2.293365,8314508941030649.0,0.0025146579206736545,2.1451089107152603e-09,9116798139447.771,48452035.46,4.176834914726472,2.758268727913256e-16,0.00013575659362879676,1.1854222259404396e-10,492180447303.63245
281,18628.0,2.6983771,1.4414586072100998e+16,0.0025427309260377183,1.780979203312032e-09,13583132539763.908,86175016.82000001,4.176834914726472,1.8719768202172856e-16,0.0001436456868726148,1.0624506168957083e-10,767347572476.5729
282,21578.0,10.398068,9183326742279366.0,0.03332294672694165,2.5161661397319553e-08,29430035253575.367,1229999008.55,4.176834914726472,1.132276819916257e-15,0.0005369512810486335,4.151876388524255e-10,474222620832.5508
283,19733.0,62.628952,1.0644407014734032e+17,0.4813939090626709,4.0664211430460934e-07,818176344780115.5,12991588040.34,4.176834914726472,5.883742693539316e-16,0.001643361855721879,1.3668466767989365e-09,2793055273349.0264
284,8441.0,0.97259235,4715275741116577.0,0.00020121094456157073,1.166663374231214e-10,975501283490.7933,8957353.0,4.176834914726472,2.0626415153606482e-16,5.0031712711774386e-05,2.825561876199233e-11,242561358041.05765
285,20253.0,1.5751446,6514055107484719.0,0.0017416319269849638,1.2326171398103075e-09,7202568163795.792,50169513.29,4.176834914726472,2.4180707316862303e-16,0.00011374403341170727,8.435896366142967e-11,470391671844.886
286,22911.0,39.50263,4.736653024650844e+16,0.12324731281578585,9.740406963260979e-08,147782503855814.34,4743884088.3,4.176834914726472,8.339777010141436e-16,0.0010789788723805762,8.912926395540442e-10,1293774247283.2346
287,19478.0,7.7195334,1.0975921322354228e+16,0.6438829442405926,5.75297775643268e-07,915496853318950.2,4530719200.47,4.176834914726472,7.033153002179353e-16,0.0009323438713520464,7.695199919100966e-10,1325641388809.7449
288,22122.0,25.04171,5.03955262240631e+16,0.14712351311263858,1.1124422143732284e-07,296080693500734.2,5456078750.65,4.176834914726472,4.969034332266375e-16,0.000842803957041011,6.792583361252907e-10,1696112163219.0625
289,112643.0,1.0611271,7497968517777653.0,0.00186141950082335,1.5160018596021116e-09,13152868130076.852,38394121.83,4.176834914726472,1.4152194657580542e-16,9.957752853152456e-05,9.099608769596136e-11,703618985894.788
290,78805.0,2.0467303,8159457244055366.0,0.003223390031680469,2.4845125500903436e-09,12850307216544.875,90656898.8,4.176834914726472,2.50841476189015e-16,0.0001555675639532969,1.208685082301935e-10,620182779645.5521
291,28191.0,8.251948,8425872175725166.0,0.006943498348120233,4.825409018008464e-09,7089844668630.961,173893102.33,4.176834914726472,9.793583177980982e-16,0.00021682600938003886,1.8246941572974719e-10,221395995152.75583
292,107384.0,1.3563439,1.1214438948393382e+16,0.0013444244570175001,9.197118530439186e-10,11115887345347.797,37956753.8,4.176834914726472,1.2094621106250834e-16,0.00011212974424621573,7.698081188435452e-11,927104233040.1238
293,93206.0,0.87536335,7600642206018947.0,0.0009057406656092348,7.35483160143635e-10,7864403656764.066,25450849.14,4.176834914726472,1.151696562307327e-16,6.799484082349527e-05,4.5239925761010247e-11,590388502048.4331
294,23039.0,24.26935,3.759618054614025e+16,0.187003256920555,1.4229314201274004e-07,289690832671721.2,7203712264.94,4.176834914726472,6.455270095911797e-16,0.001159839445376691,9.488012303345035e-10,1796732635728.4905
295,33460.0,10.994733,9701476409223070.0,0.01119332124284314,8.103235024477587e-09,9876705689742.37,275451395.61,4.176834914726472,1.1333051317372113e-15,0.00030287349697165984,2.1693422800826248e-10,267247970992.06076
296,43741.0,14.111513,3.1289604438963304e+16,0.02575740339581615,1.9544675158492484e-08,57112158251910.87,757312854.4,4.176834914726472,4.509968487306178e-16,0.0004512949016425513,3.5273814913450055e-10,1000660875819.3597
297,12330.0,9.197614,9420618035068762.0,0.029300810968898423,2.1945907874448228e-08,30011234245723.414,1082666399.76,4.176834914726472,9.763280886414651e-16,0.0005149005976828272,4.0842984031291324e-10,527384804015.316
298,35441.0,21.049067,3.05144353163538e+16,0.05788719760245853,4.529039470885695e-08,83917978259331.47,1255497104.5,4.176834914726472,6.898068662184628e-16,0.0007375452973605811,6.061640652800135e-10,1069205502989.2954
299,78465.0,2.0297542,1.0214872778364386e+16,0.003294511103713592,2.563805598526546e-09,16579845870669.057,82852294.36,4.176834914726472,1.9870577383001007e-16,0.00017272068473109391,1.2190855548844648e-10,869228313812.6322
300,22058.0,5.5559945,6807017891188303.0,0.013471041071355392,1.0166867079794448e-08,16504267163268.18,485753878.5,4.176834914726472,8.162156452081967e-16,0.00033841647672096156,2.6413213009108605e-10,414616503258.3267
301,108983.0,1.1096416,7582085792265167.0,0.00033541890340517535,2.2418845372835353e-10,2291888571918.665,7376820.9,4.176834914726472,1.4635044107941856e-16,6.813719114259103e-05,4.837317410750064e-11,465575577634.342
302,44005.0,2.1098435,5199610674618382.0,0.004406495777036239,3.1972147329805e-09,10859602847291.02,170291348.68,4.176834914726472,4.0576951468676047e-16,0.00018729225239436968,1.33836456122004e-10,461573000472.8241
303,26858.0,33.787323,4.05989797633509e+16,0.04880581723780488,3.606708239473062e-08,58645261312103.445,1445157525.43,4.176834914726472,8.322209867574099e-16,0.0006365388449783406,4.856185864472004e-10,764867571362.8572
304,74788.0,1.0068477,6272701485945197.0,0.00032720523147831477,2.405391033543612e-10,2038501693655.4229,11347311.16,4.176834914726472,1.6051261203103212e-16,5.68597531312929e-05,3.631561302358721e-11,354238538715.5754
305,141994.0,0.5228584,5302764168438088.0,0.0002516511082651101,1.7006266319687446e-10,2552213906969.765,10604123.9,4.176834914726472,9.860110376245643e-17,6.0739079764404055e-05,3.742335660877105e-11,616008111945.0023
306,13599.0,30.710873,2.10845872942533e+16,0.09151477264937197,7.199784525691608e-08,62829578717590.6,3373654310.97,4.176834914726472,1.4565555669363462e-15,0.0008851956522586072,7.219564757681692e-10,607732154098.6508
307,22517.0,10.492599,1.2394361818161016e+16,0.04165906195353158,3.268383638686915e-08,49209684545960.06,2226877314.69,4.176834914726472,8.465622638694935e-16,0.000609692694389878,4.98602376151806e-10,720198289495.0637
308,21206.0,91.8173,1.619364999392708e+17,0.18290503349171025,1.4236133784444163e-07,322586276713894.4,8336626575.58,4.176834914726472,5.669957053192653e-16,0.001318932548119362,1.0954580868012086e-09,2326177316240.3306
309,126252.0,0.9644306,9165184366451114.0,0.0010352993823247224,6.40409605850704e-10,9838665128915.486,20419912.2,4.176834914726472,1.052276267927866e-16,9.526038039257176e-05,5.868403228335436e-11,905279186616.6262
310,4684.0,27.985266,1.9616795895718896e+16,0.08617358743409884,6.900472743756656e-08,60404988692857.3,2509385558.52,4.176834914726472,1.4265971950142688e-15,0.0008387951801616926,7.030116090101511e-10,587969178050.5029
311,65464.0,0.36279014,3401857489824212.5,2.99860387410415e-05,1.8852664859759287e-11,281176964956.57526,5672319.100000001,4.176834914726472,1.0664472015220919e-16,3.719510667092154e-05,2.218120148750169e-11,348775885180.5757
312,25104.0,17.728031,1.415541573892262e+16,0.05321895355404922,4.117269987528003e-08,42494082549155.08,1542769393.27,4.176834914726472,1.2523850466117992e-15,0.0006915264170832902,5.620083263810279e-10,552167577339.0499
313,142086.0,0.33710793,4865207905344002.0,1.6644708511983429e-06,1.6207676615874675e-12,24021970481.278316,1026964.5,4.176834914726472,6.928952196055521e-17,1.2010661740260712e-06,1.1695303723021304e-12,17334023096.736156
314,70793.0,2.7478929,8137611408647421.0,0.0027624171522905214,1.994368225566458e-09,8180623536646.085,67103192.3,4.176834914726472,3.3767806817120265e-16,0.0001511243362524424,1.116131549510523e-10,447539684975.40216
315,55742.0,8.673413,1.7468949084945562e+16,0.010206040284206812,7.336222565542505e-09,20555783298190.934,189810106.16,4.176834914726472,4.965045669218074e-16,0.0002637728332838683,1.9430062497611685e-10,531259631546.1663
316,6917.0,17.564878,6689156507994599.0,0.10932715772958232,8.361743808645332e-08,41634588559475.766,4915385361.73,4.176834914726472,2.625873378655021e-15,0.0008830117602171482,6.997246391177844e-10,336273548981.79785
317,2992.0,131.13396,7.466718841574054e+16,2.170359196680853,1.6334593172934415e-06,1235794443090138.8,61075188366.08,4.176834914726472,1.7562461207171385e-15,0.002301896475454372,1.8619501624747189e-09,1310691279713.3608
318,15671.0,42.288445,3.6779355378593624e+16,0.10977550498312373,8.726885892898475e-08,95474598549057.14,3057308676.12,4.176834914726472,1.149787552410796e-15,0.0010036165268018714,8.254126381786608e-10,872871274956.4534
319,25557.0,1.2465322,5720754898366930.0,0.0010090164828203791,8.775472478695755e-10,4630715505486.063,21432252.55,4.176834914726472,2.178964528537729e-16,7.336464713126963e-05,6.568959363176892e-11,336695004303.27594
320,38057.0,16.767822,2.3659518316363156e+16,0.03528482653672023,2.7342418231757858e-08,49787145863978.58,829216711.31,4.176834914726472,7.087135830826788e-16,0.0005368861511267141,4.318693882397099e-10,757550248707.5668
321,36202.0,9.917998,1.1441918066016452e+16,0.018100084139275704,1.3007597392842886e-08,20881197970557.82,447543770.89,4.176834914726472,8.668125346446385e-16,0.0003795704708833208,2.842903974669711e-10,437892226649.596
322,174006.0,0.3027931,5189121605241895.0,2.0085049781338453e-05,1.317176129675813e-11,344207862605.52954,1524856.8,4.176834914726472,5.835151361535399e-17,3.714979416894453e-05,2.4362808474175757e-11,636655193108.2954
323,5786.0,23.23498,2.7615554263007684e+16,0.21111817350220569,1.7061632073335765e-07,250921041303122.78,8965238867.27,4.176834914726472,8.413729371032156e-16,0.001061991470020955,8.910592710096649e-10,1262212537614.1914
324,133626.0,0.6531168,8181788971475301.0,0.0007317055468000934,5.148437739956825e-10,9166293644837.047,23217521.3,4.176834914726472,7.982567165652931e-17,5.917142498446789e-05,4.5667267894676096e-11,741258090994.44
325,18218.0,39.5582,3.4067828611187068e+16,0.25968148394252305,2.2042678072426366e-07,223639707783786.97,6491256732.79,4.176834914726472,1.161160003811045e-15,0.0012957830168141568,1.057608779811147e-09,1115938382790.714
326,56004.0,0.7980708,4198963700378633.0,0.000215577448533882,2.1349342816303367e-10,1134237565155.8904,9831469.0,4.176834914726472,1.90063753094135e-16,6.839638287361525e-05,5.594460024174728e-11,359860214060.5937
327,27127.0,39.566723,8.498279579945218e+16,0.074111909074259,5.990773130392271e-08,159180158416589.6,2750635980.87,4.176834914726472,4.6558509434512e-16,0.0007902902522066327,6.694217480974022e-10,1697413129855.9604
328,37057.0,22.508505,4.468104938755651e+16,0.05773314774861071,4.389068666551379e-08,114604573953479.9,1420276340.81,4.176834914726472,5.037595425471033e-16,0.0007132749639976412,5.475544860812016e-10,1415903628130.1758
329,32683.0,20.866674,2.7858394026327456e+16,0.05034933007880528,3.784152438143415e-08,67219695687821.56,1746621331.88,4.176834914726472,7.490264507092562e-16,0.0006408112728325423,5.170128150620266e-10,855525558844.7584
330,6990.0,100.86872,4.7494204422934776e+16,0.4367695581410001,3.4436647207588395e-07,205653672219331.78,9202798777.8,4.176834914726472,2.123811130759585e-15,0.0017587386831162456,1.4320390464115255e-09,828105031395.72
331,99649.0,2.005938,9334363853869712.0,0.002998296825412451,2.1529549937765847e-09,13952172754243.797,67725316.8,4.176834914726472,2.1489820103470744e-16,0.00016172062061903044,1.2216075192116466e-10,752545250915.8582
332,62724.0,8.826254,3.954481300429377e+16,0.01947293095772687,1.4879988294426412e-08,87245779848260.89,839230999.53,4.176834914726472,2.2319625077103407e-16,0.0004374162138155744,3.6437162453127604e-10,1959782981589.1394
333,72760.0,3.6786697,1.3572097042977152e+16,0.0055935407698901275,4.4002551484052e-09,20636829162128.348,142744733.79,4.176834914726472,2.71046522018756e-16,0.00019506967959772998,1.6508017783682552e-10,719690768008.5688
334,61286.0,2.539258,7371006723033821.0,0.003121838399598874,2.3865330966463804e-09,9062132257402.928,95498408.72,4.176834914726472,3.4449269895047264e-16,0.00017261480071618915,1.3542686047070593e-10,501069547314.28375
335,427.0,200.42827,4.7474172054995416e+16,4.429900338350974,3.3694408086941716e-06,1049282373436424.6,66837195168.61,4.176834914726472,4.221838134803452e-15,0.0030810532181305677,2.4377915359707027e-09,729789518155.9363
336,77036.0,1.452631,7536883371045029.0,0.0013399088552316246,9.205550041532541e-10,6952031706408.036,42214952.519999996,4.176834914726472,1.9273629808054002e-16,0.00011446198380393379,7.211169015799328e-11,593878708597.4993
337,5219.0,45.91287,2.457838996524531e+16,0.15449281314119875,1.2075040746855757e-07,82704143918952.55,4757069652.2,4.176834914726472,1.8680178020172344e-15,0.0010705036917977072,8.570993846836225e-10,573069320132.6519
338,70971.0,1.5581282,7399594157652479.0,0.0010736288262364127,7.976564897629584e-10,5098693156382.285,24911460.8,4.176834914726472,2.1056941324121432e-16,0.00011262156237263196,8.759972917682541e-11,534842932024.606
339,40264.0,18.38264,4.4529932364693576e+16,0.05967524264063628,4.778104895518354e-08,144556740415642.78,2498630478.66,4.176834914726472,4.1281535865468846e-16,0.0007021741990610422,5.872035746459948e-10,1700940103947.0444
340,11542.0,25.613113,1.9165483704085244e+16,0.35870636950306156,2.779742028227818e-07,268408649868624.2,11763930917.53,4.176834914726472,1.3364188139191292e-15,0.001500258509701626,1.2291284766085092e-09,1122596070989.1736
341,3912.0,143.12148,5.713990308639845e+16,2.2702308008051912,2.019289946480091e-06,906368268003973.8,40792807824.71,4.176834914726472,2.5047553858044355e-15,0.0024729318250452117,2.062045360730387e-09,987294743055.7163
342,3711.0,30.276232,1.579277953465512e+17,0.0925171742590751,7.223285747993279e-08,482590877306939.2,3226709426.98,4.176834914726472,1.9170933104943878e-16,0.000871982139272687,7.040272488335032e-10,4548459558537.694
343,51768.0,4.986824,9580518526724428.0,0.010623719876878535,8.330752136170463e-09,20409933276804.105,241150884.41,4.176834914726472,5.205171292231708e-16,0.00027995130605838433,2.234386291057797e-10,537833032461.7535
344,100409.0,0.87907094,4886119966047121.0,0.0001425442133355742,1.1393398698890693e-10,792300251471.661,2871026.1,4.176834914726472,1.7991186178573707e-16,2.9582661810835266e-05,2.3677089500739218e-11,164428634761.538
345,47414.0,19.651258,6.90681974230138e+16,0.018042907913976582,1.3644860855972848e-08,63415335847088.914,410619591.5,4.176834914726472,2.84519630353812e-16,0.0003898524976489357,3.0865234632673036e-10,1370213004860.6414
346,21953.0,40.19515,3.8786140774209224e+16,0.1316739203406401,1.0533565443940334e-07,127058195096276.0,4471606464.6,4.176834914726472,1.0363276468776109e-15,0.0010023356857623406,8.325622547264791e-10,967199600225.1934
347,37586.0,4.906208,1.565131822733852e+16,0.005896892698359002,4.291922309661313e-09,18811706347241.223,207584030.03,4.176834914726472,3.1346931477185183e-16,0.00021994252873272095,1.56147949923022e-10,701639740696.1469
348,28595.0,25.772554,2.88298864959377e+16,0.06597454141540707,5.201848093253739e-08,73800933373841.28,1518578122.96,4.176834914726472,8.939526696933581e-16,0.0006864064193511908,5.608646873610281e-10,767833066136.0859
349,7997.0,78.925995,3.4232690974267988e+16,0.42269135330742613,3.3014658581094535e-07,183334558851849.12,13136767829.29,4.176834914726472,2.305573787913052e-15,0.001650105934365333,1.339982188576065e-09,715702938251.6392
350,84931.0,3.5361629,2.0369825498083548e+16,0.005688938861830631,4.514997265124033e-09,32770744776705.844,158493939.38,4.176834914726472,1.7359809490428341e-16,0.00020799467420726727,1.6702404668361456e-10,1198139151941.4373
351,6472.0,42.38053,3.384655797665191e+16,0.3109748238632054,2.415648288617455e-07,248355256651228.72,9961761419.08,4.176834914726472,1.2521370719360889e-15,0.001218581798222445,1.009502028329987e-09,973201597120.8649
352,89408.0,1.6198777,9277317413889568.0,0.004092681635078556,3.110640741447893e-09,23439489661855.53,108133081.64,4.176834914726472,1.7460626038026838e-16,0.00016549315130055215,1.2357203742659757e-10,947807661306.8218
353,62875.0,4.0972314,1.248634910330439e+16,0.00812857975572697,5.90700554859083e-09,24771919043688.78,160078470.44,4.176834914726472,3.2813686099131315e-16,0.0002310719322513671,1.809011272967813e-10,704193767055.8881
354,12329.0,17.739162,2.1353473936361204e+16,0.06256850137106015,4.8856861748806e-08,75316684252847.64,1954735542.11,4.176834914726472,8.307389258004212e-16,0.000743384755789259,6.130433701929395e-10,894847626253.945
355,22568.0,34.38064,5.138680958981173e+16,0.18122575572339275,1.4227081069394753e-07,270867947837146.62,6749901525.15,4.176834914726472,6.690557416278383e-16,0.0011698075452003015,9.704063448964923e-10,1748445566514.5552
356,5501.0,47.931442,2.863237696008474e+16,2.0488714349859976,1.8871812111426114e-06,1223916010481571.5,9337064253.88,4.176834914726472,1.674029441105058e-15,0.0013985173398941427,1.1971550037054001e-09,835419799409.8331
357,44483.0,9.892584,2.345690454861262e+16,0.0391282666968547,3.001865234255062e-08,92779400918989.3,845981304.12,4.176834914726472,4.217344185162362e-16,0.000513727228744568,4.0940159549160003e-10,1218129719058.7021
358,4264.0,264.81256,8.25308865871201e+16,1.0823606221461306,8.486750746435165e-07,337326076046797.2,25979497989.53,4.176834914726472,3.2086479492797197e-15,0.003078221155271174,2.5413594256010015e-09,959351478856.4373
359,24032.0,14.550581,8484723524696386.0,0.033157041122690536,2.4643073325291328e-08,19334508142528.32,1092275581.56,4.176834914726472,1.7149151598926934e-15,0.0005062690497746156,3.900390605240056e-10,295215216247.95374
360,28423.0,3.914434,8075818538298678.0,0.010485956070045124,8.170392627703016e-09,21633441366556.688,505537814.54,4.176834914726472,4.847104948478261e-16,0.00028600084087455235,2.2499732077602e-10,590044663597.271
361,42338.0,12.425321,2.554694982503512e+16,0.02503350257006519,1.9426550118956518e-08,51469868191119.016,813401218.67,4.176834914726472,4.8637199685669e-16,0.00044164124300577213,3.496661335787671e-10,908031806641.8247
362,17628.0,36.263832,4.17151167311344e+16,0.19014087957633247,1.5125789915467615e-07,218723409784362.47,5612303191.36,4.176834914726472,8.693211200565624e-16,0.001066453055505879,8.966921459548295e-10,1226765381515.7397
363,20434.0,25.651321,3.4901392315619444e+16,0.04841533729763696,3.802919170334687e-08,65874294782630.11,1211060925.36,4.176834914726472,7.349655500282218e-16,0.0006191137929383704,5.477761964315535e-10,842371173607.521
364,32163.0,45.441868,7.145593545856435e+16,0.12723110407516772,9.91245429117451e-08,200066985827190.66,2928554219.18,4.176834914726472,6.359425246955264e-16,0.0009985512313681751,7.905589621464193e-10,1570191004047.507
365,76456.0,1.2390105,5033978085814074.0,0.0009286512140335419,7.12125314137178e-10,3773018760381.3564,26459804.31,4.176834914726472,2.4612949815804224e-16,8.490390061197227e-05,5.828431328383943e-11,344956217143.28046
366,15022.0,18.798841,1.3486007372124364e+16,0.027434682137395274,2.1386898359683888e-08,19681230643782.84,908921799.4,4.176834914726472,1.3939515589215297e-15,0.000488481280520546,3.9967562571613964e-10,350429164768.4468
367,12682.0,37.479992,4.2105626553583624e+16,0.13535302621942427,1.059458536346692e-07,152057769246388.6,7037500465.34,4.176834914726472,8.901421274969738e-16,0.0010472654021637824,8.589825432681305e-10,1176514816918.7654
368,63512.0,3.5024214,9572132116328048.0,0.011416849800960282,8.79590552150557e-09,31202297543940.715,287386528.57,4.176834914726472,3.6589772868111632e-16,0.0002848108213117706,2.259013098924148e-10,778389148078.0034
369,41861.0,17.158024,5.615791603779321e+16,0.07312841198011812,5.815188768927952e-08,239348028651587.4,2256289093.72,4.176834914726472,3.055317079154607e-16,0.0007603478448873632,6.280250526700634e-10,2488605356461.884
370,153971.0,0.45832786,5298115764315185.0,0.00028130871962714257,2.1989973653790998e-10,3251834095566.184,3840498.4,4.176834914726472,8.650770960631166e-17,5.3404661924379436e-05,4.177357265652386e-11,617339913025.3125
371,4852.0,54.18429,3.937632612692232e+16,1.1029614794100004,9.855943727646065e-07,801534373130678.6,15263571492.19,4.176834914726472,1.3760626073988452e-15,0.0016566147528852438,1.3647281996469754e-09,1203880364147.619
372,45350.0,3.6815703,7872458583451312.0,0.0038193578035344753,2.8337856148660646e-09,8167095471110.99,127851555.82,4.176834914726472,4.676519108959208e-16,0.00019209819144685203,1.4789408881561e-10,410771744904.9509
373,27526.0,13.799389,2.102945141279908e+16,0.04693971448792041,3.669992511650203e-08,71533344349839.22,1817122358.86,4.176834914726472,6.561934845148327e-16,0.0006457549008251982,5.172695522440708e-10,984092216798.9028
374,11988.0,9.973559,7930449528380571.0,0.05329263086754415,4.155049916046997e-08,42375496984544.37,2432623059.92,4.176834914726472,1.2576284565342465e-15,0.0007604690358733603,6.29635507271896e-10,604684978239.956
375,19265.0,5.5752225,9347100156558298.0,0.008644262834302703,6.37447088774615e-09,14492478191111.094,312367377.06,4.176834914726472,5.964654712818287e-16,0.000273925991869024,2.1599200239263818e-10,459248699309.1919
376,16755.0,38.04859,2.770295657502048e+16,0.08696815161885157,6.839644190411242e-08,63321004213476.57,2431998535.29,4.176834914726472,1.3734487110414809e-15,0.0008460814301309354,6.844475735603168e-10,616026957052.772
377,48439.0,7.535002,2.354426428719574e+16,0.013575545405927555,1.027488130651678e-08,42418864504612.516,352436135.48,4.176834914726472,3.200355682423179e-16,0.0003323222475316433,2.618235937022167e-10,1038391605523.1162
378,169479.0,0.49747968,6420994568622666.0,0.00033455407017016485,2.2914158983147482e-10,4318105751521.821,4917578.0,4.176834914726472,7.747704419982273e-17,5.403972451743559e-05,4.699484138822496e-11,697493368204.1427
379,4598.0,54.52012,3.314215387205814e+16,7.09398963888729,6.725987837043925e-06,4312354708294639.5,39565447470.74,4.176834914726472,1.645038527383262e-15,0.002355997599508041,2.0123706981238307e-09,1432183842682.2083
380,47147.0,1.8831191,6839057912108760.0,0.0027650274868991523,2.138765839669771e-09,10041947485677.271,75862042.41,4.176834914726472,2.7534773417635205e-16,0.00013948658330172604,1.204351645983232e-10,506583370729.2795
381,40280.0,2.9617813,7111350840550973.0,0.0017897807261319297,1.180534519222863e-09,4297332376019.873,53298948.3,4.176834914726472,4.16486454740929e-16,0.00012021221272648544,8.642201219684722e-11,288634147300.81
382,32802.0,29.344357,4.986544358156161e+16,0.08772763069042214,6.855893278703278e-08,149077290013112.84,3006060140.51,4.176834914726472,5.884707904383399e-16,0.0009189965585858936,7.457395002452437e-10,1561668945201.7693
383,21648.0,1.2341436,4746450891662763.0,0.0007025020924600304,5.376422516446999e-10,2701785823912.1187,23409044.86,4.176834914726472,2.600139826934264e-16,7.398122502380567e-05,5.0139532909361125e-11,284527871376.18823
384,27570.0,19.912186,2.914539238935448e+16,0.06660748280383566,5.0681274206940363e-08,97493124179583.88,2581546533.52,4.176834914726472,6.83201850021173e-16,0.0007430112301784703,5.639478347450414e-10,1087542766688.1226
385,53849.0,2.151631,6985969879919896.0,0.0010639666842877456,7.644511006193791e-10,3454513905810.2583,29008132.99,4.176834914726472,3.079931687344566e-16,8.251250030720647e-05,6.547205484480702e-11,267903670221.81107
386,9624.0,21.611103,1.4132926074498964e+16,0.03101145353489978,2.3275110590453833e-08,20280435490566.96,953683426.1899999,4.176834914726472,1.5291315390798257e-15,0.000505050127823345,5.421245321016418e-10,330285599973.47595
387,64418.0,4.2992315,9813289324737488.0,0.011206184109216366,8.364645045653094e-09,25578880060312.137,425168514.86,4.176834914726472,4.381030007097042e-16,0.00030121023949064894,2.5161423699625174e-10,687532929477.0955
388,0.0,198.59544,7.229690050867213e+16,1.4868044282807353,1.1018017337845183e-06,541257905152633.25,34568636476.65,4.176834914726472,2.7469426573298e-15,0.002553617915713445,2.032926439298903e-09,929621850277.6178
389,18518.0,21.508411,3.880068492073801e+16,0.11187510767112052,8.935786109870804e-08,201820153205217.56,4828206575.59,4.176834914726472,5.543307043145593e-16,0.000997599102151096,8.6378227372628e-10,1799646121685.8748
390,3214.0,0.90397674,5526474926868804.0,0.0007348097218527205,5.150829464501751e-10,4492269904907.619,27057308.8,4.176834914726472,1.6357203316077942e-16,0.00010768720978437652,7.267551590910442e-11,658347320770.4634
391,57061.0,5.5932007,1.4356635902062676e+16,0.010362324972968249,7.219281870552125e-09,26598031201661.797,267157754.73,4.176834914726472,3.895899246979163e-16,0.00029535247915774834,2.1698766001683536e-10,758111184181.0626
392,24565.0,1.0251721,4373030282417308.0,0.000598165899969814,4.285525285848054e-10,2551569238450.206,11328817.95,4.176834914726472,2.344305970443244e-16,8.036924799861077e-05,6.162376379044357e-11,342827467966.6287
393,45402.0,20.937279,5.517153515473028e+16,0.0737720560642903,5.757044813876864e-08,194395727572227.75,2413972698.45,4.176834914726472,3.7949422544217326e-16,0.0007707846060119075,6.36972605514568e-10,2031083885700.2805
394,46489.0,4.4889235,1.206909744685411e+16,0.009684823866101375,6.875787567696977e-09,26039000886425.406,280183046.01,4.176834914726472,3.7193530997382642e-16,0.00026372304808640324,1.9279699040798903e-10,709056228366.599
395,44329.0,4.0604177,1.4216634385701634e+16,0.007597245933098387,5.75531595880345e-09,26600038653441.594,272887349.32,4.176834914726472,2.856103343336846e-16,0.0002723114970578471,2.2317126665449835e-10,953437128572.8751
396,23746.0,57.81432,6.7584886366473256e+16,0.18294377291935554,1.4448197797580123e-07,213861100575230.0,4961678376.83,4.176834914726472,8.554326730166683e-16,0.001182228826846541,9.770421796944535e-10,1382024400210.7515
397,640.0,9.655114,1.9640058385171028e+16,0.1777754705353866,1.4392698803208195e-07,361623966404357.75,5334510875.14,4.176834914726472,4.916031210625101e-16,0.0008068313351544314,6.643587995246905e-10,1641225005672.4888
398,13934.0,40.208897,2.9718649490020916e+16,0.23457367447768426,1.841962447602325e-07,173374882961563.56,7453131136.11,4.176834914726472,1.3529853371534112e-15,0.0012314455745173706,1.016955873577996e-09,910169194522.2762
399,29611.0,22.21967,4.489716412452789e+16,0.10422401043522651,7.968501531542511e-08,210595499493326.03,4182803840.64,4.176834914726472,4.94901413781302e-16,0.0008683606761671158,6.921872352362268e-10,1754613448226.7742
400,84778.0,2.2454145,8881034958933424.0,0.0016510538224047643,1.2465760781064433e-09,6530227143299.097,38881655.5,4.176834914726472,2.528325257566225e-16,9.983410484639505e-05,7.098306359829406e-11,394862585609.3204
401,29793.0,10.3950815,8358806018401308.0,0.02547918897142895,1.972316732421383e-08,20488112394151.46,684824531.75,4.176834914726472,1.2436084145410216e-15,0.00041080699690717286,3.166664699154037e-10,330334687433.57556
402,5030.0,212.01349,1.7941641590000893e+17,2.245198360098454,1.7389188243231832e-06,1899999112101037.8,41789598570.46,4.176834914726472,1.181683899639138e-15,0.002853493035633482,2.376210380884452e-09,2414768481236.717
403,57380.0,9.642981,3.04766230409187e+16,0.02266679979975276,1.7755690426508605e-08,71638377493540.25,613017548.45,4.176834914726472,3.1640582314691116e-16,0.0004530777637131346,3.6865433603177504e-10,1431951407236.7908
404,10997.0,42.78178,3.761261902536585e+16,0.11125684787115246,8.84875825234964e-08,97814102941503.2,3115981513.85,4.176834914726472,1.1374315617625053e-15,0.000942278462018488,7.651546809089188e-10,828426512588.0469
405,43391.0,6.926957,1.2035399516386644e+16,0.010351014850664503,7.707818642275838e-09,17984606967792.43,319326549.26,4.176834914726472,5.755485715757661e-16,0.0002922865290723818,2.2491199168198267e-10,507839900066.37476
406,9841.0,50.581753,5.385923077024634e+16,0.47064234156148577,3.4440490701295256e-07,501137919921619.94,14152516639.4,4.176834914726472,9.39147334201124e-16,0.0015049882560490113,1.1966822689043943e-09,1602504954485.3513
407,16681.0,59.92272,3.779027676277975e+16,0.07084464801798572,5.270991245075888e-08,44678193108747.336,1659236970.09,4.176834914726472,1.5856650210886745e-15,0.0007524625984346484,5.724718174269271e-10,474540705903.96704
408,54915.0,3.0279512,7090780082008294.0,0.004867442425484015,3.5659509878671505e-09,11398454440396.592,153545206.47,4.176834914726472,4.2702652810837214e-16,0.00020865499252513634,1.6838757303592245e-10,488623021734.57294
409,11611.0,29.41205,2.587338126653658e+16,0.29174367500099185,2.2173487467155042e-07,256642951967006.7,11023740576.57,4.176834914726472,1.1367687005037942e-15,0.0011959933837091146,9.948609693181732e-10,1052099150142.9211
410,8440.0,47.388096,2.0974725468616412e+16,0.17228184286021309,1.382002351396974e-07,76254685506256.3,4927950244.15,4.176834914726472,2.25929517270225e-15,0.0013380813287541342,1.1292556023386155e-09,592256091599.4479
411,13498.0,13.566005,8303699815075468.0,0.017456431945680518,1.333175465885033e-08,10685015280417.84,603555852.2,4.176834914726472,1.6337301807768572e-15,0.00038769795602583375,3.192575052157593e-10,237308437211.75488
412,59735.0,2.016531,1.0841058640248386e+16,0.0023340023383996798,1.6608626240221979e-09,12547814150671.518,73837832.71,4.176834914726472,1.860086793104735e-16,0.00012823884596297372,1.0182669218980125e-10,689423990527.4841
413,18057.0,30.099182,2.8336730452382532e+16,0.17309472005671175,1.4644638173523992e-07,162959193541460.8,7442884323.39,4.176834914726472,1.0621967149872536e-15,0.001348780577234311,1.2508396395398999e-09,1269803001838.9734
414,13007.0,65.32295,6.737791047981589e+16,0.30568312081440024,2.5180128146487006e-07,315299446051095.44,9891100182.55,4.176834914726472,9.695009764300797e-16,0.0015102897162942413,1.2913428414952314e-09,1557801129665.1472
415,113127.0,1.0370665,5531590645896753.0,0.00028393096885871954,1.904973254809878e-10,1514454368566.8135,10042953.6,4.176834914726472,1.8748070245748926e-16,3.353571654481612e-05,2.294330155392369e-11,178875564819.37256
416,29238.0,42.114845,1.5515343715862106e+17,0.13210776047446704,1.0332754013326738e-07,486692355461391.0,6669711147.81,4.176834914726472,2.714399743329173e-16,0.0011036927096769664,9.204407621187502e-10,4066065480551.891
417,45332.0,11.730394,2.3967695939943388e+16,0.024695717549221032,1.8629747514490546e-08,50458616244130.72,672885782.21,4.176834914726472,4.89425184189303e-16,0.00045074776620573616,3.4208404447063703e-10,920973788777.0669
418,35344.0,16.29255,3.4237001835068196e+16,0.0514457264891476,3.987771549084389e-08,108107535788772.36,1729531783.1,4.176834914726472,4.758754892874967e-16,0.0006372167221409471,5.229224973952308e-10,1339040855193.0635
419,50912.0,6.977454,1.6383196413738482e+16,0.010473141039674193,7.812465473733952e-09,24591136927848.977,310467402.85,4.176834914726472,4.2589088379291516e-16,0.0003065373855426545,2.367998233071647e-10,719755686744.6475
420,70243.0,6.642447,2.8419843619801068e+16,0.015349182929000707,1.1862270751277437e-08,65671789106321.84,353832794.67,4.176834914726472,2.337256703049549e-16,0.00031688645362147215,2.4378232668077763e-10,1355805090677.5142
421,3709.0,65.01905,1.8349532239888016e+16,0.34908254488742546,2.753775041255324e-07,98517302418198.5,10747965495.3,4.176834914726472,3.5433628034758445e-15,0.0016914287459441875,1.3872636443548287e-09,477351273283.3874
422,45962.0,3.1011891,6034301521740425.0,0.006287305176845375,4.2901548842472605e-09,12233854167836.621,201648492.0,4.176834914726472,5.139267716117621e-16,0.00021392183225332827,1.667822768883016e-10,416249637243.9071
423,15112.0,70.8474,1.491789995560337e+17,0.313064540930643,2.477635648358145e-07,659200690674637.2,8669819964.01,4.176834914726472,4.749153715392006e-16,0.0015770059639486445,1.2953551148828479e-09,3320604171723.4136
424,21437.0,75.08031,1.3223742829476733e+17,0.3144177909067826,2.506912092454913e-07,553777682585951.2,12749760016.95,4.176834914726472,5.677689816580541e-16,0.0016436237636001812,1.3849669048122747e-09,2894881222289.234
425,26817.0,5.089725,6662552774111905.0,0.007544493514707951,5.604850604492552e-09,9875894315643.13,152971526.86,4.176834914726472,7.639301589890134e-16,0.00024660764834282775,1.9595367719673982e-10,322814390086.63934
426,17429.0,29.142532,2.8581100147114332e+16,0.0968706367955032,7.504289659144446e-08,95004420740346.64,3835882365.84,4.176834914726472,1.0196434654368038e-15,0.0009309614625445531,7.504889680868039e-10,913026458857.1062
427,17100.0,41.82261,5.5679465037901304e+16,0.16984395038994707,1.3602535158864825e-07,226117411075877.44,5532812930.43,4.176834914726472,7.511316779270621e-16,0.0011591954978349642,9.575728036050319e-10,1543265357991.634
428,8814.0,40.111538,2.4871052564639836e+16,0.14079688222593797,1.0834874026168263e-07,87300732741255.33,6589701949.51,4.176834914726472,1.6127800741745917e-15,0.00106986677239828,8.907787111436861e-10,663368049698.7969
429,40649.0,7.180439,1.3571292527761794e+16,0.017730556487179167,1.3587178382083146e-08,33511400732951.434,571901437.37,4.176834914726472,5.290902826913136e-16,0.0003811647255027805,3.1328612232112116e-10,720415282556.1586
430,1536.0,3.4972405,7173252039444802.0,0.0073462596321270755,5.230884926396596e-09,15068043472688.414,199073714.47,4.176834914726472,4.875390521299292e-16,0.0002639255888865512,2.02981239757622e-10,541342458072.9074
431,25978.0,1.5179474,7538192693364665.0,0.0011709310562916817,1.0497555036767919e-09,5814894464045.147,43731968.9,4.176834914726472,2.0136755078390886e-16,0.00010549667578634992,1.0000629240619409e-10,523901072321.03296
432,38405.0,26.217228,7.604230611863134e+16,0.06841215205019435,5.442527362919662e-08,198427454208173.03,2545367546.15,4.176834914726472,3.447716059412938e-16,0.0007504782286763828,6.246244370437349e-10,2176740241202.377
433,4685.0,13.802128,1.4528451256478182e+16,0.03369466339260915,2.6269829313610608e-08,35467811536232.805,1132996387.71,4.176834914726472,9.50006835301573e-16,0.0005700643340804429,4.4417622267304426e-10,600063402595.9192
434,103518.0,1.7783381,7056186318873324.0,0.0015614416545110463,1.3178095226026824e-09,6195572844263.851,41309563.45,4.176834914726472,2.5202538873490955e-16,0.00010921269758158391,9.229026052914786e-11,433340062006.4442
435,1402.0,6.9897118,6115253043797879.0,0.02000938165603983,1.5507926062380345e-08,17506076870953.535,601998227.86,4.176834914726472,1.1429963322758985e-15,0.0004154897066362665,3.318883338804969e-10,363509221249.1674
436,3476.0,87.65801,1.7476067494546225e+18,2.8508829082348783,2.37406266119979e-06,5.6837044467882584e+16,19391700240.44,4.176834914726472,5.015888730537092e-17,0.001901017747975649,1.623318982178408e-09,37899918640581.4
437,51821.0,5.8051014,1.373397933097258e+16,0.011596034316067181,8.704399880260579e-09,27434438202598.05,351633628.99,4.176834914726472,4.2268167587149763e-16,0.00031873486930607937,2.4073819172168234e-10,754077802518.6504
438,16236.0,41.71513,5.94836699772572e+16,0.11237225971278843,9.041462107853493e-08,160237170814381.78,3963540554.29,4.176834914726472,7.012870930113968e-16,0.0010083728890276948,8.508948822590122e-10,1437888846203.6868
439,69427.0,0.9997133,4493078799251534.0,0.0007595511788682185,5.426724964091382e-10,3413702007084.734,19253692.95,4.176834914726472,2.2250072715540493e-16,7.439589166600634e-05,5.933352648904629e-11,334362465314.7527
440,12134.0,0.4784698,5165481836649497.0,0.00033979119870527054,1.6191304557613738e-10,3668330300398.134,8310215.600000001,4.176834914726472,9.262829976580683e-17,6.127269557425721e-05,2.907692533177499e-11,661490016864.9717
441,37482.0,7.798487,1.021179053740592e+16,0.021995790681831374,1.731482830864505e-08,28802562233864.97,579182691.95,4.176834914726472,7.636747905701789e-16,0.00039860684084522496,3.314603613816082e-10,521958883240.88196
442,40464.0,5.6613865,1.4368948150817004e+16,0.015187888134817973,1.111397203654183e-08,38547796927414.91,430088607.26,4.176834914726472,3.9400145651427513e-16,0.0003260851072945854,2.5292630247631104e-10,827624116366.1053
443,36680.0,14.948555,2.4301991392087276e+16,0.05655523284510047,4.388772222497358e-08,91942316951646.72,1438187058.96,4.176834914726472,6.151164634544002e-16,0.0006445973243896699,5.2719772363658e-10,1047927283184.2439
444,108819.0,1.6694144,1.0939698247648362e+16,0.0022213752325964957,1.5607919499972318e-09,14556706075738.508,52639160.38,4.176834914726472,1.5260150346092622e-16,0.00011974847939714005,7.997092065894951e-11,784713627856.2405
445,37162.0,4.363693,1.371334291040503e+16,0.009718933661494775,7.232338830486998e-09,30542723794629.04,214355504.57,4.176834914726472,3.1820782346870635e-16,0.00023231579363148754,1.8816679124645554e-10,730075681669.5121
446,10613.0,32.46691,2.274732144225356e+16,0.24848739958340374,1.8762237652002283e-07,174097958588402.44,7772553743.82,4.176834914726472,1.4272849698994505e-15,0.0010230275845751033,8.262745190180436e-10,716764770981.3505
447,22026.0,45.52732,3.3924841015787196e+16,0.07582211508606268,5.829544282219457e-08,56499113055092.984,2486398568.4,4.176834914726472,1.3420054047950734e-15,0.0008665159243335795,7.052258373621357e-10,645687358066.8612
448,61257.0,3.8872428,7928629897786801.0,0.00501768223017542,3.4963558202588286e-09,10234335078776.76,110886816.9,4.176834914726472,4.902792601134132e-16,0.00019791353052521022,1.4675878700988584e-10,403675102388.439
449,46946.0,5.849933,1.2093904292734256e+16,0.016002192701913016,1.2319997744457014e-08,33082257012315.625,532109468.38,4.176834914726472,4.837092189917947e-16,0.0004027615964796115,3.257110293525508e-10,832652305695.343
450,47610.0,1.0696588,3545530272185344.5,0.0010734135986897764,7.996439178457873e-10,3557976065573.446,45266845.0,4.176834914726472,3.0169219210775447e-16,9.375354790190335e-05,7.746097850770051e-11,310758946881.91895
451,123083.0,0.44666937,5705207905355105.0,0.00027286690308229197,1.916945380149377e-10,3485267889702.975,3044208.1,4.176834914726472,7.829151494737654e-17,1.764314776761172e-05,1.1402413969526551e-11,225351978173.7589
452,47020.0,6.243731,1.0784037716759638e+16,0.013916497563923552,1.0641681825025362e-08,24036274883486.363,425613715.09,4.176834914726472,5.78978965392204e-16,0.0003569803866831457,2.7963166184062767e-10,616568835866.6449
453,3211.0,54.70643,3.269240105801446e+16,0.3872495894404257,3.1162668660986874e-07,231419211371274.62,8438731499.68,4.176834914726472,1.6733683739814777e-15,0.001257951833310782,1.0367031929886773e-09,751748301730.905
454,21302.0,40.22057,3.439947126889036e+16,0.11176263126875483,8.746864009335303e-08,95587293349276.72,4080919246.74,4.176834914726472,1.1692205873051902e-15,0.0009593716703287479,7.874755706763813e-10,820522389654.3762
455,56430.0,2.4122934,5614287854176697.0,0.002436224753017324,1.9207712966710685e-09,5669984853795.061,111169084.04,4.176834914726472,4.296704163833346e-16,0.00015876002754003176,1.3650252875389813e-10,369492572647.57196
456,108136.0,1.060277,6028545601228750.0,0.0010614261299405462,8.183399809878761e-10,6035079348776.156,29058843.55,4.176834914726472,1.758760852342051e-16,7.024160211753622e-05,6.079603735586374e-11,399381200826.7019
457,42108.0,2.789261,5224467481352205.0,0.003688026593012715,2.7220030619514372e-09,6907913961998.211,143221109.83,4.176834914726472,5.338842685796715e-16,0.0001756629648835104,1.282635206815421e-10,329028171874.8494
458,18786.0,82.755104,1.1205067329872586e+17,0.23992014793906327,1.9076171638353737e-07,324852641288469.06,3969232772.7,4.176834914726472,7.385507071374379e-16,0.00126025261126044,1.0308177760168085e-09,1706386032917.1926
459,39381.0,2.090644,6950759203750077.0,0.003580014765562838,2.8014841966876746e-09,11902466695093.506,108079594.27,4.176834914726472,3.007792298245715e-16,0.00019517519925189798,1.4261250220429998e-10,648898527221.2223
460,22744.0,20.058706,3.8264148918879016e+16,0.8239150700497674,8.232716646809543e-07,1571707015242804.5,6421892314.32,4.176834914726472,5.242167032781776e-16,0.0010121274357701201,8.342068940486612e-10,1930742438081.052
461,33502.0,9.486081,2.2033181251005484e+16,0.03398198964530587,2.735850284839995e-08,78929469095279.25,884651252.48,4.176834914726472,4.3053614872646246e-16,0.0005490881027989642,4.555146922872161e-10,1275358885480.77
462,83214.0,0.96300673,7602888030289822.0,0.0007863345340239695,5.178615115604628e-10,6208070234913.48,16137917.2,4.176834914726472,1.2666327929115777e-16,7.440560320761223e-05,4.872927697442654e-11,587428366168.9976
463,33436.0,33.123966,4.843650197620722e+16,0.047044269143312514,3.456691793412948e-08,68791878222833.59,1159405080.2,4.176834914726472,6.838637112207448e-16,0.000644547559986699,4.988557695265545e-10,942508791461.0009
464,63921.0,1.7095071,5671519108534761.0,0.0026345597732453344,2.1203944139321287e-09,8740505433722.926,85599487.37,4.176834914726472,3.0141961391392574e-16,0.0001462041311047108,1.1539769242820145e-10,485051815992.50964
465,45106.0,7.1056724,1.3235389617791404e+16,0.020011441197887947,1.5309338813503254e-08,37274336073749.94,393337389.44,4.176834914726472,5.368691519627306e-16,0.0003966428556538682,3.1316186527359197e-10,738807313111.19
466,29042.0,69.89465,1.214828477805424e+17,0.23195119543845305,1.8387836691268007e-07,403150910233679.3,5117663847.24,4.176834914726472,5.7534583092968e-16,0.0013344633555197323,1.111998463056102e-09,2319410837414.816
467,23596.0,26.19425,5.2656191444528376e+16,0.1456308300003512,1.1156348692101907e-07,292749930413127.25,8718244326.05,4.176834914726472,4.974581199552727e-16,0.0011766185120722311,9.52790751346439e-10,2365261445884.174
468,13399.0,52.313282,3.308581870916199e+16,0.1813476002292066,1.38463436711797e-07,114694272565906.17,6115589458.97,4.176834914726472,1.581139111589027e-15,0.0011261923429978457,9.022214728587345e-10,712266450651.54
469,11477.0,27.681295,2.0006565436244364e+16,0.05286624625787017,3.925118732655875e-08,38208906596555.12,1387081658.74,4.176834914726472,1.3836105496574597e-15,0.000657325608787332,5.074715784169293e-10,475079934126.0198
470,14995.0,38.871853,6.264800587482297e+16,0.3430535841304655,2.5266420787132247e-07,552883932597308.3,11832068469.82,4.176834914726472,6.204802923443386e-16,0.0013297048415080144,1.0627542046231813e-09,2143025101545.1882
471,22491.0,4.955021,6755807932695158.0,0.011541042699033603,8.8914590774171e-09,15735365766906.89,380661040.99,4.176834914726472,7.334461028739234e-16,0.0003126267901937409,2.528950640328133e-10,426243713026.423
472,73104.0,0.9797556,6955317917400884.0,0.0008457414505554617,7.094202206816418e-10,6003946968547.071,18530636.8,4.176834914726472,1.4086424396918472e-16,9.278187084742596e-05,7.343323513019323e-11,658661617973.9891
473,4265.0,94.86657,5.535598375962505e+18,0.6653871891793275,4.7628909009335014e-07,3.882628247028791e+16,8215143071.15,4.176834914726472,1.7137545673823388e-17,0.0013395371087571257,1.0970680865495918e-09,78163882638293.5
474,39867.0,15.509909,2.287803374508872e+16,0.026260068386954695,1.9708755094625256e-08,38735155100206.39,722021656.39,4.176834914726472,6.779388986315114e-16,0.0004443682357132941,3.4704242928683087e-10,655469448073.1177
475,23777.0,21.741245,4.764183749135104e+16,0.3975336556050857,3.1447239181416286e-07,871120021768772.0,5834454403.21,4.176834914726472,4.563477427575486e-16,0.0010268219759475808,8.312106603556357e-10,2250086676758.5117
476,6692.0,27.224178,2.8091652197841268e+16,0.10978623469285238,8.882510695613645e-08,113284475332999.38,4372639280.78,4.176834914726472,9.691198583930948e-16,0.0009789038391145957,8.28544140767695e-10,1010095738557.7919
477,34320.0,0.95232874,4901460732090985.0,0.0010969272615718821,7.636269522429523e-10,5645682706745.442,45774954.8,4.176834914726472,1.942948831079857e-16,0.00010583675484512687,7.300705331133403e-11,544722296090.03467
478,10669.0,22.192892,2.3021980264943576e+16,0.15731850041810377,1.2549159123444199e-07,163195648946342.94,6609785169.48,4.176834914726472,9.63987100353567e-16,0.0011148071304152908,9.260183526750671e-10,1156454406917.278
479,6841.0,172.70287,1.016800200155782e+17,8.823214376548728,8.365412326170435e-06,5194729041904238.0,30947461167.97,4.176834914726472,1.6984936664404719e-15,0.002477302498251165,2.1319143308248227e-09,1458529135079.3438
480,19928.0,42.6407,4.9567556749108824e+16,0.2600814347601258,2.0179727567890554e-07,302330901623617.3,10213637232.74,4.176834914726472,8.602542226527362e-16,0.0014575535649767662,1.2005386700747762e-09,1694328869996.3118
481,33607.0,7.608839,9700146176259078.0,0.013323543542501632,1.0114175793037288e-08,16985550613966.014,403972620.26,4.176834914726472,7.844045709973409e-16,0.00031705168225971205,2.3504218776486377e-10,404194077880.7456
482,14092.0,8.911065,6212177487528293.0,0.009607596790442943,7.320214748301729e-09,6697751221749.446,324226576.32,4.176834914726472,1.4344511273044042e-15,0.00027068951080610717,2.033133562503948e-10,188705983531.6817
483,6325.0,106.62728,5.190030737599307e+16,0.5275928041205263,4.156276633436986e-07,256803218681161.34,13376917067.55,4.176834914726472,2.0544633623754097e-15,0.0018743222168702538,1.5219753836757787e-09,912317177904.3685
484,34272.0,16.55938,2.8396979008667996e+16,0.06276313428916085,4.793496836603902e-08,107629839216656.12,1960153796.51,4.176834914726472,5.831387907476128e-16,0.0007148611712532996,5.757034827797686e-10,1225885128198.747
485,91109.0,0.8028902,4610881153445546.0,0.0004549284608398159,3.0366797447966123e-10,2612587706578.4307,7653114.9,4.176834914726472,1.7412945015944055e-16,3.1460887117569074e-05,1.9828265642460287e-11,180675279734.4855
486,4853.0,41.498875,6.756995318282099e+16,0.136399117292459,1.1116118218004089e-07,222089923392611.56,5751780028.4,4.176834914726472,6.141616657291201e-16,0.001030421988794467,8.826909195334039e-10,1677769952592.4844
487,127407.0,0.6576412,6224384677391385.0,0.00024743502119763,2.1790004385416797e-10,2341901259520.4507,13893142.96,4.176834914726472,1.0565561643205105e-16,7.242096525918142e-05,6.780111922112636e-11,685443592161.1095
488,60454.0,3.2131324,9507168091449904.0,0.007075077582082112,5.321264176761291e-09,20934074124335.367,191776882.41,4.176834914726472,3.3796945305823204e-16,0.0002245922610939102,1.803756389598878e-10,664534202903.8732
489,29971.0,2.0917666,7092191247899850.0,0.001224989011130047,1.051687682265573e-09,4153358383057.6562,28948232.57,4.176834914726472,2.94939395580938e-16,0.0001029528460184836,9.978432490803162e-11,349064409709.31946
490,52905.0,6.0274444,1.2834509765561618e+16,0.017035069505742465,1.2830179108440758e-08,36273543382411.39,717770218.13,4.176834914726472,4.696279413938526e-16,0.0003658908866074331,2.886054805846135e-10,779108000945.3257
491,108036.0,0.7684166,5057221590506707.0,1.9979352884283586e-06,1.6748770045888692e-12,13149119210.952938,2257808.0,4.176834914726472,1.5194441972692138e-16,1.260207801164226e-06,1.2281126046951414e-12,8293873532.368649
492,81649.0,1.2739667,6569991898275743.0,0.0016125515327794096,1.2520761104689536e-09,8316112584350.01,63381927.22,4.176834914726472,1.9390689056014592e-16,0.00012725855974852495,1.197585309942656e-10,656286939473.4169
493,29511.0,54.415424,8.86341465874481e+16,0.12327900201247066,9.99216229192834e-08,200802058172470.25,5153764816.37,4.176834914726472,6.139329603214798e-16,0.0011624322546476447,9.94097176359024e-10,1893418874332.7102
494,12836.0,52.56545,3.0067857021309372e+16,0.29557281001505487,2.290956255141275e-07,169070006837557.9,8782385891.57,4.176834914726472,1.7482273499819549e-15,0.001491101410929353,1.2045534679601316e-09,852921910267.9889
495,39801.0,5.6293344,8918077019922040.0,0.00442878931540961,3.2100867182576085e-09,7016155270475.796,123672196.42,4.176834914726472,6.312273809056216e-16,0.00023769495755837408,1.7410086126407219e-10,376559960401.83374
496,13887.0,103.600555,8.709254634925197e+16,0.30930423758610376,2.5135720381814866e-07,260018815999468.2,10661852627.95,4.176834914726472,1.1895455965261236e-15,0.0015545297270147093,1.3340254005563976e-09,1306826515565.6606
497,48922.0,14.304094,2.84486265071497e+16,0.030321956561169004,2.2911527668234653e-08,60305673129295.31,1057701055.79,4.176834914726472,5.0280437955080535e-16,0.0005073786703893641,3.823243349790327e-10,1009097555678.901
498,9747.0,21.203434,9714851587441726.0,0.0962916791578661,7.403243768662266e-08,44118295749840.56,3504188221.2,4.176834914726472,2.1825793023343177e-15,0.0009005025257259868,7.147149768291747e-10,412586394804.9352
499,39281.0,11.360183,2.3009706731125944e+16,0.03428276717244427,2.585617681186406e-08,69438706979404.695,1175836882.18,4.176834914726472,4.937126375727652e-16,0.0005142955452842762,3.886281915575846e-10,1041690056411.5647
500,31246.0,4.149151,9435602223313730.0,0.005018707820852273,3.6601241124331322e-09,11413065148170.244,138859919.97,4.176834914726472,4.397335646206206e-16,0.00022159596731067987,1.7639474124821104e-10,503932347083.5378
501,52632.0,4.4205728,8553215884010868.0,0.009352388958096728,7.00434455991358e-09,18095619144614.195,428958217.37,4.176834914726472,5.16831664247326e-16,0.0002835937280580939,2.3205353521795314e-10,548715854070.3927
502,135857.0,1.2174194,1.339054858860808e+16,0.0015149289074556922,1.1708106596196519e-09,16662892955026.344,34799043.59,4.176834914726472,9.091631996583855e-17,0.00010907226828401325,7.719456984619317e-11,1199699551466.6313
503,91514.0,1.2828817,8685648534818423.0,0.002455834630201828,1.7290130711391758e-09,16627033075277.986,57620045.86,4.176834914726472,1.4770131382328828e-16,0.00012354376126291536,9.719426683486411e-11,836443211403.8246
504,16537.0,15.572961,1.634276692853856e+16,0.04094585420411072,3.241810394515379e-08,42969898399392.52,1333013202.49,4.176834914726472,9.528962303687825e-16,0.0005874400073977678,4.914146607782112e-10,616478467094.388
505,57876.0,3.7109535,1.1822831808120244e+16,0.007781077303823673,5.680329734439529e-09,24789954454856.152,187600504.77,4.176834914726472,3.138802581502695e-16,0.0002462265977709112,1.8672420365477377e-10,784460288206.5642
506,8956.0,259.0771,1.603447073928491e+17,0.6344927103988189,4.947474694057459e-07,392692167666669.0,17916511148.3,4.176834914726472,1.6157508670694925e-15,0.0018057219152878624,1.4810098083857597e-09,1117574467753.7588
507,73816.0,2.3031113,7047493459293274.0,0.0018570090778463957,1.494457715016432e-09,5682425912273.849,63168560.71,4.176834914726472,3.267986431350242e-16,0.00012990364433804836,1.1322856061279965e-10,397503622083.20355
508,35799.0,12.98063,1.5865649996896936e+16,0.02889809287233732,2.1139157257327764e-08,35320860935896.484,915770780.9,4.176834914726472,8.181593570095648e-16,0.00047784029308589664,3.619342866262206e-10,584043058350.4412
509,46967.0,2.4262316,7420171113269790.0,0.003772993348363642,2.7185568216634313e-09,11538987561651.97,170415857.59,4.176834914726472,3.2697785037073774e-16,0.00017322161431590445,1.2641983127703313e-10,529765591520.95575
510,82755.0,0.2972129,5275902521201571.0,0.00011756546052807496,8.29829138143968e-11,2086934684215.5723,2977783.8,4.176834914726472,5.633403930524301e-17,8.463339719839638e-06,5.97506635545669e-12,150234917009.61615
511,43160.0,12.607491,2.910620453202983e+16,0.041853018550776944,3.265118498130259e-08,96623707145359.25,1193454820.21,4.176834914726472,4.331547586744306e-16,0.0005876716647552031,4.727090587951859e-10,1356724480076.441
512,9979.0,151.92451,1.5024185351200157e+17,1.8929638400269426,1.686902755161936e-06,1871998112462853.2,20573883178.25,4.176834914726472,1.0111996520853893e-15,0.0020868290068480765,1.7877568785123425e-09,2063716104474.9421
513,2585.0,45.48507,6.821589865107952e+16,0.24402582078818053,1.7769013167404311e-07,365975927026890.75,15187013208.33,4.176834914726472,6.667810715600709e-16,0.0009115231199269997,7.167912082712419e-10,1367050084061.7815
514,30804.0,11.273029,1.7970919444686464e+16,0.05215519879114649,4.1782154010855825e-08,83143303906811.78,2251072229.89,4.176834914726472,6.272928346653483e-16,0.0006873511522471407,5.674365791886118e-10,1095742074933.5238
515,37424.0,2.907345,4258373504719495.0,0.0048151893479753466,3.815648684871859e-09,7052783463822.063,187668300.33,4.176834914726472,6.827360250992147e-16,0.00022150284111001732,2.0188493844952156e-10,324434090141.6894
516,91529.0,0.74911743,5597258665705093.0,0.0001347214906672274,7.807825458204852e-11,1006612582881.4935,3348211.0,4.176834914726472,1.3383648581222621e-16,7.293924529312971e-05,4.378328440919792e-11,544987750167.50006
517,55462.0,3.0633943,6701592196137566.0,0.003586975260891884,2.6594517690856083e-09,7846996847951.163,117767314.8,4.176834914726472,4.571144006293869e-16,0.00015801759595358204,1.1466738021760915e-10,345685009564.37256
518,19644.0,93.96074,1.125741175240675e+17,0.3557095945740422,2.868001991756577e-07,426174737491601.6,9157293027.93,4.176834914726472,8.346566872257461e-16,0.001726313648401676,1.4289575941025725e-09,2068291879550.672
519,52558.0,5.2810664,1.5904109744427016e+16,0.011329209393256245,8.32850138411941e-09,34118296544792.68,345147605.68,4.176834914726472,3.320567126902873e-16,0.0003004614876152595,2.298465055200251e-10,904849913079.4655
520,120884.0,0.17913137,6412499319075649.0,3.4591255787312025e-07,2.2472351063840725e-13,12382889952.893787,3079564.0,4.176834914726472,2.7934719535505774e-17,7.260392830679829e-07,4.515309252579341e-13,25990569983.892895
521,16791.0,33.72266,3.046464380481336e+16,0.054639793671040666,4.253318839183624e-08,49360929765230.54,1626752652.93,4.176834914726472,1.1069441748953545e-15,0.0006900585515694483,5.498366827561232e-10,623390562251.8708
522,68456.0,3.1925895,8142729682802633.0,0.004513725586954474,3.122143547752511e-09,11512299754453.223,82109315.24,4.176834914726472,3.920785319378486e-16,0.00016437226135844514,1.1878615109887915e-10,419233005556.3997
523,62028.0,6.4611716,2.036144433409194e+16,0.014982845116815899,1.1202588786312747e-08,47216261337551.875,335819975.81,4.176834914726472,3.173238348903282e-16,0.00034491651264285966,2.6606917611733385e-10,1086954318329.3114
524,1041.0,58.514313,1.6197090142423762e+16,0.7104085339839247,6.136109717803159e-07,196645068068811.53,11921423653.19,4.176834914726472,3.6126435356890475e-15,0.001613821216558763,1.3101428483301036e-09,446714767348.60175
525,55163.0,3.309072,1.0155710829732914e+16,0.00426157190821226,3.2757207452044677e-09,13078981654045.852,78268806.84,4.176834914726472,3.258336177032549e-16,0.00020095403455823403,1.7094930041249716e-10,616738186730.7751
526,134397.0,1.1594656,1.2132117797691944e+16,0.000983457963787939,6.807914380622878e-10,10290454383255.125,26916877.6,4.176834914726472,9.556992598774311e-17,8.118145578928067e-05,5.488743637353899e-11,849445627902.7802
527,32246.0,25.951397,7.592925780476947e+16,0.08781690039635147,7.150017599116915e-08,256936922116768.25,3511059644.2,4.176834914726472,3.4178388871818883e-16,0.0008757967313181167,7.441636454244361e-10,2562428365487.519
528,29430.0,13.162435,1.863413345109262e+16,0.02715646378604618,2.0685752464652408e-08,38445558914361.086,857335605.36,4.176834914726472,7.063615292090879e-16,0.0004603331921965454,3.6981663623289013e-10,651696295963.3148
529,86505.0,2.0177152,1.0677507338839216e+16,0.00408118204115471,2.8920674726962895e-09,21597126886672.723,109500023.27,4.176834914726472,1.8896874860114606e-16,0.00017366254271789,1.2866585989475982e-10,919001390459.7385
530,26730.0,26.486591,2.7409736273570972e+16,0.07947980846058283,5.994635948108043e-08,82249942583343.8,1961414811.87,4.176834914726472,9.663205342671944e-16,0.0007858649001920048,6.172511226147027e-10,813254890405.4518
531,66928.0,2.8630888,1.2033413718381312e+16,0.006085444417624289,4.739195996940979e-09,25576807236117.547,129358284.19,4.176834914726472,2.379282277668694e-16,0.00022120787341987127,1.6912784505418664e-10,929725217962.0262
532,26686.0,27.876522,6.296640034288235e+16,0.1826454755680353,1.4668940067345024e-07,412552474639162.2,6308367062.98,4.176834914726472,4.427205914296978e-16,0.0011894238518994008,9.847511837518055e-10,2686624193508.4614
533,51660.0,8.103803,2.906223696643589e+16,0.013121701252786574,9.779808629153889e-09,47057658140414.09,253855303.69,4.176834914726472,2.7884305703511806e-16,0.0003436098285644959,2.8507026560764457e-10,1232269622267.1987
534,13544.0,50.169617,4.26032449377935e+16,0.20044113920040027,1.581933191427517e-07,170211443889735.4,6196107141.08,4.176834914726472,1.177600839402126e-15,0.0013073541197722088,1.072789336859631e-09,1110184432643.5427
535,29586.0,28.295498,6.2309197593037656e+16,0.08632394678776312,6.867619734418235e-08,190092991380098.72,3649695613.65,4.176834914726472,4.541143056408369e-16,0.000918881489588495,7.746133709848239e-10,2023458583388.577
536,19527.0,36.312057,2.727400615062368e+16,0.17420384844424144,1.4046855996650885e-07,130844607176358.98,6036204529.88,4.176834914726472,1.3313796586927017e-15,0.0012511012449681902,1.055846680937143e-09,939702838930.754
537,19040.0,3.701613,1.1271443399819078e+16,0.01026452678877582,7.863692075681647e-09,31255572293919.793,182292232.7,4.176834914726472,3.284062979954649e-16,0.00025804144340099884,1.9985676982387213e-10,785738412984.279
538,101834.0,0.92668444,6684409776311278.0,1.3963406235611456e-05,9.156639370057274e-12,100721588841.96553,4431063.8,4.176834914726472,1.386336970668757e-16,3.718258397712896e-05,1.9035485280493176e-11,268207403855.01227
539,32320.0,16.557344,2.3587227630946692e+16,0.037766093911874625,2.8484740207849944e-08,53800745689109.12,1085356992.18,4.176834914726472,7.019622763243524e-16,0.0005580050053150288,4.3883388053902505e-10,794921641996.0353
540,39512.0,21.751835,6.3906884045180056e+16,0.053437728858859966,4.0516308104922046e-08,157000029736384.8,1313817480.63,4.176834914726472,3.4036763527106363e-16,0.0006594540021784214,5.317747618202795e-10,1937475640576.8198
541,18743.0,8.861372,8699252679681695.0,0.5236271816077275,4.3147780584343155e-07,514047391617821.4,3879134098.35,4.176834914726472,1.0186360054464168e-15,0.0008511199202640957,6.859225261798948e-10,835548631418.2393
542,107359.0,1.2994213,1.2309216668926038e+16,0.0021605112145486926,1.6529877811504537e-09,20466188029643.973,29987209.8,4.176834914726472,1.0556490595216507e-16,0.00010494201482633912,9.557932459492173e-11,994099448863.1647
543,77768.0,2.2692447,8361772526310223.0,0.001965779843405359,1.3571648309984146e-09,7243557244999.336,100314130.8,4.176834914726472,2.7138321364995843e-16,0.000143169060407822,1.0826505191585308e-10,527553117535.44025
544,59338.0,6.100421,1.589624170447493e+16,0.01511462702476575,1.1531812323920174e-08,39385112020738.43,429605454.63,4.176834914726472,3.837649875619769e-16,0.00034944122932745983,2.7038128971525663e-10,910560474907.9048
545,31130.0,25.664911,4.072866754517636e+16,0.07932469039186978,6.19192860477983e-08,125883504645486.97,2950411647.84,4.176834914726472,6.301436444374814e-16,0.0008402704670201216,6.579092802937536e-10,1333458608108.659
546,15819.0,21.311527,1.7731826464897574e+16,0.07990356046493635,6.141473997573765e-08,66482146872521.234,2748427625.52,4.176834914726472,1.201879966634509e-15,0.0007842531677813801,6.205117147364891e-10,652522040098.0948
547,21794.0,38.79771,4.629316876067906e+16,0.1450315044967715,1.129245133005238e-07,173050623691043.25,5580241986.96,4.176834914726472,8.380871527842868e-16,0.0012404194669292674,1.027051223392081e-09,1480060233363.9827
548,92047.0,0.15920135,7266199045835433.0,0.0003411653992811687,2.475806167629222e-10,15571323350768.652,2951844.4,4.176834914726472,2.1909852592222206e-17,3.9781941363210484e-05,2.8668757349946154e-11,1815710132953.277
549,41325.0,12.798526,1.9872376055920104e+16,0.035715155102800836,2.6728779676658725e-08,55455213600251.46,1069631946.64,4.176834914726472,6.440360208555555e-16,0.0005274950637029478,4.088805845439196e-10,819045902125.4875
550,5114.0,31.445736,2.766080466175067e+16,0.07382502149073954,5.8051230731383895e-08,64939154186274.78,2230343318.97,4.176834914726472,1.136833739456724e-15,0.0007497705068172247,6.143482124219958e-10,659525206540.3414
551,26704.0,100.135414,1.2876158577771326e+17,0.28399966972692015,2.2773663600040472e-07,365187962716018.44,5843348819.62,4.176834914726472,7.776808074798653e-16,0.0013785286458458115,1.1418153587142541e-09,1772614975947.5742
552,101681.0,0.7109963,4904693091832921.0,0.000382878706756045,2.7284832540286697e-10,2641226892511.672,9589751.44,4.176834914726472,1.449624444766829e-16,4.0074259543706476e-05,2.80090701830401e-11,276445804210.70636
553,44172.0,3.1549084,5539904498967480.0,0.005629879091988464,4.102099240063435e-09,9885863092047.25,211326567.52,4.176834914726472,5.694878676316546e-16,0.00021753460078245348,1.831509193217549e-10,381982853624.46936
554,22952.0,79.80342,1.2686634026260242e+17,0.1963055228758507,1.5301420578019996e-07,312073884309666.94,3617190939.07,4.176834914726472,6.290354071443519e-16,0.0012659238629370516,1.0261755830297248e-09,2012484271249.5286
555,3056.0,16.266273,9011286549050102.0,0.06816161930551862,5.3707097633364506e-08,37760578788348.98,1621174711.53,4.176834914726472,1.805099961194183e-15,0.000693941347250457,5.586231763820636e-10,384433750024.2218
556,102240.0,0.7614893,8674986464264887.0,0.0019244669798625222,1.462364628884202e-09,21923781465126.438,36063261.15,4.176834914726472,8.777988336198841e-17,0.0001239177115881717,9.411428092078512e-11,1411686901851.5027
557,13441.0,13.4625845,1.0627824730146428e+16,0.03081988704032795,2.3306019054700772e-08,24330273111193.234,851044432.05,4.176834914726472,1.2667300074880436e-15,0.0004889439681805726,3.814277932983583e-10,385989094195.503
558,26783.0,17.237131,2.8665564740119836e+16,0.05418843188245107,4.205986279691928e-08,90116040905645.78,1955667101.87,4.176834914726472,6.013183816984148e-16,0.0006626104411097001,5.250983604077129e-10,1101929462455.757
559,49198.0,16.151161,3.5610667800212184e+16,0.0300044234353546,2.354174556626424e-08,66154845183780.53,1178237998.52,4.176834914726472,4.535483886630108e-16,0.0005206234518100965,4.1783921246688774e-10,1147889541278.7432
560,2464.0,71.91238,1.253842030588172e+17,8.493278015382108,7.982250999448775e-06,1.4808617032500638e+16,32281382091.48,4.176834914726472,5.735362050853105e-16,0.0021973653007012757,1.87257630065322e-09,3831258220872.785
561,28765.0,29.637972,8.485481473294418e+16,0.14896593953507128,1.1848197153900651e-07,426496023438021.9,6380150798.4,4.176834914726472,3.492786130436663e-16,0.0011025885834740467,9.385569292785071e-10,3156759510311.6226
562,29387.0,24.056559,2.6399690668012324e+16,0.06273027840353435,4.738783893862535e-08,68840267029528.234,1738005689.64,4.176834914726472,9.11243972610201e-16,0.0007254313406293793,5.624962195328406e-10,796089041391.8755
563,11656.0,38.08453,4.601280252587305e+16,0.25405150743154403,2.0133369199673192e-07,306938850048773.2,10270046388.97,4.176834914726472,8.276942048592896e-16,0.001357712835204376,1.1049201106937758e-09,1640355613502.4421
564,10264.0,26.588242,4.378364091748754e+16,0.05210829107084494,3.956287062066617e-08,85808257088595.67,1209078619.14,4.176834914726472,6.07264298784719e-16,0.0006111057569063572,4.769121153491358e-10,1006325842189.8436
565,33370.0,3.6328604,6190411332665505.0,0.004269821250839746,2.929090110951002e-09,7275795640166.7295,163365625.73,4.176834914726472,5.868528284752511e-16,0.00019644086463684257,1.3721334347981962e-10,334736164000.8299
566,31304.0,13.162947,1.8514268557195772e+16,0.047663896782155046,3.7055667064429046e-08,67041384084223.53,1369245950.16,4.176834914726472,7.109623023634967e-16,0.0005875291619985404,4.711598775049362e-10,826385815457.9789
567,25871.0,11.825666,1.7712614020857064e+16,0.027918653975526262,2.120284470272666e-08,41816870343739.055,730962335.65,4.176834914726472,6.676409244888965e-16,0.0004507803248244608,3.4862506544096037e-10,675183782614.2092
568,17990.0,7.67361,7016190385002056.0,0.017533737543777305,1.3325565385794308e-08,16031573244900.365,538285186.7,4.176834914726472,1.0937003671398737e-15,0.0003912723272071718,3.1252988923828425e-10,357750933402.70575
569,9.0,1.9620626,8815898180483858.0,0.0033550401695947286,2.4959131801111677e-09,15074795537400.5,134763825.54,4.176834914726472,2.2255958041161415e-16,0.00017152141871853288,1.3854728215504386e-10,770676411239.2356
570,42162.0,3.5620658,5900230766519704.0,0.004617117411357977,3.3911440462684447e-09,7647825653060.127,135493396.81,4.176834914726472,6.037163529624303e-16,0.00018197048774104023,1.2972977662453051e-10,301417191779.0744
571,10155.0,99.46981,6.788623856178992e+16,0.5794286682510825,4.3923253277033493e-07,395448958859308.4,16599110205.74,4.176834914726472,1.465242619230741e-15,0.0019094281867959794,1.5577132830936846e-09,1303148135152.1416
572,24095.0,29.236185,2.822413221312616e+16,0.1160208412478593,9.01963546492014e-08,112004612190602.22,4674065674.39,4.176834914726472,1.0358577113808717e-15,0.0010072895334774991,8.052545844419232e-10,972420750852.6542
573,69598.0,1.8702552,8098764853039533.0,0.004162871529258276,3.0286367602615177e-09,18026479824184.348,107014954.72,4.176834914726472,2.309309177310016e-16,0.00018296335475953687,1.414579962213956e-10,792286093855.3951
574,108722.0,1.1679238,5377614443397046.0,0.00031347796735878785,6.117154724211499e-10,1443384957953.049,4386697.9799999995,4.176834914726472,2.1718250951108e-16,3.9563073314444116e-05,4.4757797712998104e-11,182165098853.9928
575,126615.0,0.91055006,8479525516223429.0,0.0010288658395725175,6.758720905171969e-10,9581344862495.318,22681630.0,4.176834914726472,1.073821947062831e-16,6.897698635580543e-05,4.77978947222089e-11,642350312772.7513
576,28454.0,4.1838217,6462552362958252.0,0.006404476651924914,4.6147575894631665e-09,9892693496094.326,239990118.85,4.176834914726472,6.473946306386048e-16,0.00022541696894650236,1.7026093036225116e-10,348190976999.8338
577,1044.0,10.519664,7769597662211621.0,0.016893878334860758,1.2798610548599234e-08,12477455327111.37,411728658.14,4.176834914726472,1.3539522195806432e-15,0.0003219801518140854,2.638134523360865e-10,237807617697.03488
578,113507.0,0.9972594,7077221935327858.0,0.0011605904089239502,8.74462653564022e-10,8236328381530.131,51528673.25,4.176834914726472,1.4091113845418798e-16,0.00012463424713836388,9.372848136031247e-11,884488256255.7968
579,17596.0,48.51762,4.075657332158878e+16,0.11371707698089503,9.049869475728811e-08,95526499154092.97,3137031770.51,4.176834914726472,1.1904244161346162e-15,0.0009740388458355347,8.025519365573858e-10,818228215612.6307
580,84394.0,3.6948938,1.9445152700004996e+16,0.003937001245040736,2.6929444173710495e-09,20719293850861.664,114586434.01,4.176834914726472,1.900161884560079e-16,0.00020939841161139448,1.3768887973445268e-10,1102003009916.5676
581,108295.0,1.2072887,9023278169176550.0,0.0012620139786913163,8.037715559166476e-10,9432295012055.521,30467600.8,4.176834914726472,1.337971275366517e-16,0.0001124014479745989,7.122944731386214e-11,840088647970.4746
582,22654.0,20.883038,2.230659427395182e+16,0.0930441344845799,7.360805627697108e-08,99386773012553.7,3491531794.29,4.176834914726472,9.36182267159709e-16,0.0009015717767565592,7.453796411356543e-10,963030179466.9164
583,16997.0,14.170739,1.3124733711687434e+16,0.033407305960237235,2.6408759398834424e-08,30941364085033.406,894578453.32,4.176834914726472,1.0796972579627356e-15,0.0005064803304573657,4.1292910563484275e-10,469094764038.79706
584,96240.0,1.2522295,5700288936869239.0,0.0005877288365339911,4.2808396322125394e-10,2675407491018.011,17119769.8,4.176834914726472,2.1967825032528267e-16,4.915722259298349e-05,3.693049125537743e-11,223769182976.4451
585,28099.0,2.7659736,1.2115511987689968e+16,0.003707955024955777,2.5157999878374948e-09,16241577126646.1,109810429.03,4.176834914726472,2.2830018267576166e-16,0.00020443919494765,1.3868504247788463e-10,895484149646.9598
586,40811.0,6.0419354,1.4460357133438744e+16,0.012800983341301374,9.667470734388467e-09,30637002635681.582,301144897.16,4.176834914726472,4.178275366400441e-16,0.0003367824429530038,2.6534284789190706e-10,806032186536.1876
587,79025.0,2.2502434,1.1325461520006144e+16,0.0034410839247364993,2.4617991955422985e-09,17318954730281.598,98171943.64,4.176834914726472,1.986888919294813e-16,0.0001696035823004092,1.219069357064358e-10,853613811287.472
588,10199.0,66.23565,6.197285792837206e+16,4.111300776832782,4.388837066892603e-06,3846705798817761.5,11076489914.28,4.176834914726472,1.0687848231326504e-15,0.0014971955326719562,1.2446616782915254e-09,1400839065326.1873
589,5314.0,36.96368,1.5336785940719388e+18,0.27621720090326646,2.6178775816775163e-07,1.1460666479631034e+16,8578367406.36,4.176834914726472,2.4101320930522275e-17,0.0008921851708814996,7.978285978699315e-10,37018102595016.81
590,20871.0,15.606164,1.6918488973448248e+16,0.054930989049202586,4.306297934795315e-08,59550145220154.06,2501393250.7,4.176834914726472,9.224324952714275e-16,0.0007369147181805635,5.967462687390617e-10,798882001618.6929
591,43962.0,12.928816,2.175731948987002e+16,0.03946825004902205,2.983954255056159e-08,66419332290184.25,1167656193.31,4.176834914726472,5.942283472014795e-16,0.0005680469230670922,4.483212440340615e-10,955940465887.0804
592,17777.0,41.39681,4.987400800076798e+16,0.21355545286098326,1.9118668044528012e-07,257287128273804.4,7943783867.12,4.176834914726472,8.300277370802554e-16,0.001241187264220736,1.0660860195336373e-09,1495356370362.7478
593,48687.0,7.170224,2.7375930356581372e+16,0.012919036279036305,9.550518796259978e-09,49324907764254.78,382377339.91,4.176834914726472,2.6191708945066873e-16,0.0003076803526313877,2.2410837226988932e-10,1174724235355.167
594,37676.0,19.161896,3.549591105511891e+16,0.04180253212414496,3.185534829522392e-08,77435915639945.06,905314854.69,4.176834914726472,5.398338972126942e-16,0.0005830572042402949,4.684339973277143e-10,1080067789834.566
595,16441.0,4.845913,1.0134220353765836e+16,0.006241809643364474,4.818883553645744e-09,13053448201013.127,187099926.93,4.176834914726472,4.781732418319953e-16,0.00024876931030220014,1.9276980587068008e-10,520249333377.80634
596,43298.0,5.56778,9649890484939922.0,0.005429045226071688,4.024986169234422e-09,9409440004701.637,148778383.64,4.176834914726472,5.769785686883538e-16,0.0002046467810521807,1.5187556915049193e-10,354686971333.1026
597,5220.0,20.928213,1.969667367949988e+16,0.18345183325875075,1.398311789417543e-07,172656446854953.0,7599886216.47,4.176834914726472,1.0625252436294305e-15,0.0011504600467237536,9.346662900539587e-10,1082760201342.559
598,13997.0,24.431332,1.669262954171261e+16,0.06077695243985872,4.561131075100101e-08,41525658599082.85,2760259751.39,4.176834914726472,1.4635999642207014e-15,0.0007263646598931995,5.749128270797031e-10,496286333458.5791
599,116060.0,0.6437976,4634137493875295.0,3.132153910933194e-07,2.521144871077139e-13,2254564458.6503053,1242353.8,4.176834914726472,1.3892501050106404e-16,6.954376733452515e-07,5.597742554055467e-13,5005849348.774569
600,35829.0,26.82033,4.946562335107174e+16,0.09377264926685572,7.323159618387458e-08,172948004340977.12,2115873693.64,4.176834914726472,5.4220139529322025e-16,0.0008403141451362804,6.731669106658496e-10,1549819222950.9885
601,48998.0,3.1043637,6577628955198307.0,0.010778271264517423,8.371876867454825e-09,22837359281218.137,411090300.76,4.176834914726472,4.719578621938864e-16,0.00032027986012156715,2.488916172397769e-10,678619609455.7103
602,2761.0,11.966325,3.4022280332584856e+16,0.03458693701493413,2.6974601589031294e-08,98336495705034.3,1010868428.29,4.176834914726472,3.5172025164166454e-16,0.0005204353589009549,4.1047880761745306e-10,1479685507080.7202
603,8678.0,81.10906,5.732304177615067e+16,1.8432331127604826,1.6804633349197035e-06,1302687131695933.8,11748988113.59,4.176834914726472,1.414946895468927e-15,0.001502714215203406,1.2456203183057518e-09,1062028702289.4891
604,25714.0,22.592808,4.49122236813996e+16,0.08882044529710835,7.07667951978021e-08,176566087166555.25,3327281130.23,4.176834914726472,5.030436292860916e-16,0.0008822509524068361,7.342200120268964e-10,1753825912990.7026
605,21820.0,10.571805,1.4019010031173346e+16,0.02843828335689265,2.1741009067520582e-08,37711306598033.93,704352921.3,4.176834914726472,7.54104960085771e-16,0.0004829991207798108,3.8303711273933924e-10,640493228853.5472
606,104636.0,2.246264,2.0956896613683824e+16,0.004519733674746699,3.349493456613223e-09,42167613131427.05,99752051.58,4.176834914726472,1.0718495402288238e-16,0.00017418227295714026,1.3604073507612597e-10,1625062720276.532
607,41376.0,8.837706,1.2441945723727632e+16,0.009781036080736756,6.82251779793141e-09,13769989637395.535,236942659.68,4.176834914726472,7.10315427847101e-16,0.00028380013557666113,2.0782524595000802e-10,399540998900.7736
608,73543.0,2.7744071,7915701774882224.0,0.0033165552732013965,2.5994936607671044e-09,9462512715807.025,123873558.59,4.176834914726472,3.5049414175804767e-16,0.00016874749030028859,1.3410120152636922e-10,481455950886.5571
609,30102.0,18.222557,1.8911930521379316e+16,0.063513369928833,4.922061542254115e-08,65916130171674.164,1501188330.51,4.176834914726472,9.635482204949936e-16,0.0007103579403551761,5.591336080452952e-10,737231334400.9408
610,26663.0,50.652866,5.3074685356551416e+16,0.11095341224946444,8.401949527641703e-08,116258326712965.52,2135503295.02,4.176834914726472,9.543695955937971e-16,0.0009208171776657558,7.236123683719487e-10,964843370867.0638
611,30078.0,30.348255,7.508098123032126e+16,0.09532373944314293,7.395701090325971e-08,235829041634672.2,3358660527.74,4.176834914726472,4.042069576435415e-16,0.0009062408304554086,7.246280064737972e-10,2242021848754.51
612,2584.0,23.8622,9955092807596356.0,0.131360105937655,1.0512134761271112e-07,54802241445677.45,6431701445.93,4.176834914726472,2.3969841829893996e-15,0.0010920210233482462,9.218570737110476e-10,455581238749.07336
613,99391.0,2.1175625,1.2903054514692418e+16,0.002590291043596552,2.0760710383747505e-09,15783556114374.816,48418304.32,4.176834914726472,1.6411327237196272e-16,0.00014271485196645556,1.042363879973403e-10,869611883937.043
614,74503.0,3.2733924,1.1957921689379144e+16,0.007244643186783072,5.498946065712642e-09,26465166808307.535,242573951.09,4.176834914726472,2.7374258546176803e-16,0.00023413728890850146,1.755043940871629e-10,855319198923.8445
615,66054.0,1.9212505,8653861844219507.0,0.0018947879568941728,1.347760970201942e-09,8534666980205.401,47163204.7,4.176834914726472,2.2201076635899054e-16,0.00011131670927321006,8.225785550980868e-11,501402301783.9206
616,95602.0,1.7239642,1.1230160026591386e+16,0.002305203582861328,1.7265466074947307e-09,15016440091624.02,62937424.5,4.176834914726472,1.5351198878002658e-16,0.0001756552465003335,1.2829911976102123e-10,1144244484722.5378
617,38173.0,3.138126,4631117013056031.0,0.00644567356939695,4.856698189046702e-09,9512259395524.53,199669976.14,4.176834914726472,6.77617514554913e-16,0.00023062787656560345,1.8769837880744604e-10,340351114916.3394
618,67954.0,1.3980676,1.0678947456610122e+16,0.002373183208686258,1.6842246701416097e-09,18127234184148.15,61915426.13,4.176834914726472,1.30918108332354e-16,0.0001465883904716851,1.2719293524140025e-10,1119695299137.3042
619,82732.0,1.2079384,8525223287167243.0,0.0016525773762905225,1.1386403923484555e-09,11663335756357.863,29271809.3,4.176834914726472,1.4168994280985843e-16,0.00010042891964360683,7.285746850102166e-11,708793564680.7195
620,35684.0,23.611221,4.8139744092417016e+16,0.07430005407889116,5.869227265825649e-08,151486684632301.12,3247889169.67,4.176834914726472,4.90472507595221e-16,0.0008051187316820178,6.496087839828486e-10,1641516536022.584
621,75683.0,1.1507108,6177867287354185.0,0.0006939943603906838,4.666245067987803e-10,3725875395160.884,17179499.2,4.176834914726472,1.8626343792710681e-16,9.46420631133679e-05,6.089271634875252e-11,508108645296.26886
622,133578.0,0.5948736,5151104527999749.0,0.0001505842075616191,9.958009235829584e-11,1303932454585.1592,4287115.1,4.176834914726472,1.1548466872812583e-16,2.106947549354185e-05,1.556564614693728e-11,182443918535.57324
623,38677.0,1.5649905,4160901296278804.5,0.001367815837673498,1.058759083533267e-09,3636665329307.965,67292580.34,4.176834914726472,3.761181505073454e-16,0.00013926677196914486,1.1474564518727846e-10,370273999755.896
624,17816.0,58.317204,6.140546681941242e+16,0.1815237333675685,1.458730735561113e-07,191136556996767.1,6957843022.16,4.176834914726472,9.497070378359845e-16,0.0012058526789423558,9.936085645644356e-10,1269710164189.1885
625,8732.0,116.53924,7.978669897587933e+16,1.4419943585510768,1.2845111832002434e-06,987238030818040.1,17901259608.04,4.176834914726472,1.460634936598035e-15,0.001962867275613805,1.6751557472872896e-09,1343845218563.3184
626,29766.0,26.686882,2.5114724618051296e+16,0.06529196345330382,4.970901374295893e-08,61445532749071.055,1613898795.41,4.176834914726472,1.062599029288926e-15,0.0007134123183260034,5.568992976859143e-10,671384312108.2158
627,91960.0,0.99817204,4607815356589796.0,0.0010537880778794097,6.679306130857658e-10,4864553096321.94,20212920.8,4.176834914726472,2.1662587641939246e-16,7.536214056292602e-05,5.160752886132113e-11,347890758983.1201
628,65027.0,3.0166242,8529554381515785.0,0.004927750952044028,3.805704560601146e-09,13933296604869.018,207864986.29,4.176834914726472,3.536672685430392e-16,0.00022307187503249035,1.6566337924619482e-10,630739383804.0283
629,13188.0,7.0213556,7412538948603365.0,0.010914950556017572,7.981118426708296e-09,11523059182269.62,252760011.07,4.176834914726472,9.472268069934296e-16,0.00025801657985636704,2.011966411345941e-10,272391551792.47028
630,38496.0,14.48744,2.9658338003312864e+16,0.03223892987338828,2.4890145983743204e-08,65998760239907.805,1309574577.55,4.176834914726472,4.884778101315637e-16,0.0005579134724925497,4.4893916511054096e-10,1142147014502.6335
631,121460.0,0.41970825,5835752757074392.0,0.0006934969035353269,5.134009659690229e-10,9642594508992.467,27334170.1,4.176834914726472,7.192015622855314e-17,7.341308372112847e-05,5.174453225085536e-11,1020758123603.4999
632,67631.0,1.2335092,4671202581185994.0,0.0011667692898381216,8.427571223259741e-10,4418463776630.432,21999373.45,4.176834914726472,2.640667319735079e-16,6.157106342736942e-05,4.404942087979331e-11,233164787427.84778
633,5940.0,1.921316,4154409211143500.5,0.002571864330523719,1.6463306844887473e-09,5561072132090.2705,73713130.53,4.176834914726472,4.624763479838227e-16,0.00011704266067221597,7.723341613189098e-11,253078154553.12775
634,26763.0,34.031525,1.2502435677656846e+17,0.19548159810479782,1.5175678957977603e-07,718156505319935.2,7088912936.28,4.176834914726472,2.7219916084685704e-16,0.0011514435963021546,9.372132875983165e-10,4230151161083.0146
635,46161.0,21.469967,6.333450484215001e+16,0.0754510819385752,6.054959992821692e-08,222574022325425.5,2655555033.35,4.176834914726472,3.389932084179086e-16,0.0007839349837050622,6.54293239651388e-10,2312538907088.169
636,24759.0,23.778742,4.699921434388654e+16,0.15892038588320664,1.232725807996847e-07,314109690064259.5,6634007631.22,4.176834914726472,5.059391381739776e-16,0.0011159129290515568,9.1437079068858e-10,2205626813294.3438
637,16391.0,2.5091586,5351344739937799.0,0.0021235654042776465,1.7208578798782244e-09,4528980573844.582,86082345.58,4.176834914726472,4.688837520172855e-16,0.0001276981258376915,1.1283121851888028e-10,272344958186.95773
638,93526.0,1.593986,1.2712477347583872e+16,0.0029742986059487823,2.4863512055684105e-09,23720850530101.383,90953484.25,4.176834914726472,1.253875193966778e-16,0.0001774682598875346,1.663823428073458e-10,1415358248902.695
639,19568.0,91.81963,1.942447613992633e+17,0.8594653962113177,6.769818740235874e-07,1818202173304234.5,14809075609.81,4.176834914726472,4.727006758821566e-16,0.0015756793224367804,1.3143432684114124e-09,3333355340557.191
640,87349.0,0.78056794,6043259734658054.0,0.0005385682355806651,3.399283084945432e-10,4169666169546.326,8959112.700000001,4.176834914726472,1.2916339430579959e-16,5.1512266770511305e-05,4.555070849235171e-11,398814749700.3208
641,111525.0,0.9991081,5699898743348045.0,0.0017802547022895132,1.2877493415549986e-09,10156329971120.688,43871082.61,4.176834914726472,1.75285236630912e-16,0.00012177452449043744,8.739837514834356e-11,694722081739.5536
642,1788.0,20.983185,5.927496586299986e+16,0.10980292415967134,8.880485587507879e-08,310180012291846.1,5686495554.15,4.176834914726472,3.5399742023466867e-16,0.0009632447342823275,8.249812815821601e-10,2721050152410.1
643,24344.0,28.60286,4.701539014214706e+16,0.1313199425339587,1.0757652441285081e-07,215854579985302.16,4752980272.74,4.176834914726472,6.083722779609331e-16,0.0010482825282803268,9.01027118798338e-10,1723093846080.2825
644,45389.0,5.717486,1.0277966154088422e+16,0.01870046254963668,1.4176582229272219e-08,33616649197035.88,557862286.16,4.176834914726472,5.56285739248681e-16,0.00039663147886346135,3.0499662125611085e-10,712999544800.7556
645,17143.0,9.662942,1.0459028316264596e+16,0.022039235586819764,1.6739215330094915e-08,23854949048786.0,761858057.33,4.176834914726472,9.238852508863925e-16,0.00045116059734349036,3.588193326993842e-10,488329689115.2214
646,12797.0,39.280075,6.030829347689654e+16,0.2719152650789929,2.2893658454251617e-07,417482543178240.44,13682959974.59,4.176834914726472,6.513212816251843e-16,0.0011156102147216534,9.262897422066729e-10,1712841643893.4255
647,11752.0,22.138878,1.3979314871443638e+16,0.053259167692533756,4.098932928060025e-08,33629828709700.09,1605222960.22,4.176834914726472,1.5836883426400514e-15,0.0006740334901125334,5.395228942369958e-10,425609933447.4492
648,130690.0,0.8408111,8428118651637132.0,0.0011339091218296243,8.025014399449063e-10,11366073329614.389,22120966.34,4.176834914726472,9.976260832975762e-17,5.9005480119402895e-05,3.7936419816053206e-11,591458875296.8931
649,637.0,113.06603,2.8684083920778224e+16,1.9469915274647565,1.4862688568318585e-06,493938527485605.2,18204447128.21,4.176834914726472,3.9417689026525625e-15,0.0018498466668436266,1.5030550153275031e-09,469293536107.3035
650,72059.0,2.380584,6771545521954223.0,0.0057577357263455245,4.3300106143549815e-09,16377817197095.705,121992274.41,4.176834914726472,3.515569661729128e-16,0.00020140232636631697,1.5629521575040626e-10,572886745948.4717
651,15761.0,34.22493,4.961019390988964e+16,0.19006919675965406,1.5860542765836893e-07,275511730996773.56,5311800395.9,4.176834914726472,6.898769648464802e-16,0.0010678416598228957,8.798172180958356e-10,1547872612416.5122
652,37720.0,10.160061,1.6232219641071472e+16,0.03474675735136653,2.6409518302930965e-08,55513150673248.55,1205364651.42,4.176834914726472,6.259193890090404e-16,0.0005250105017396148,4.211605091494612e-10,838782934286.1783
653,33691.0,15.202061,2.7637310256540772e+16,0.04939993950597115,3.779706579193676e-08,89808970953403.62,2002239593.5,4.176834914726472,5.500557347617506e-16,0.0006125494610936011,4.844686487310925e-10,1113613443842.9568
654,7828.0,15.150408,1.6805447476386408e+16,0.04102131305204552,3.1131743879782865e-08,45502505405039.6,1081146974.11,4.176834914726472,9.015176787936216e-16,0.0005203806486513632,4.263916127075502e-10,577227336626.0746
655,9200.0,7.4105563,1.6739145503479236e+16,0.016804403761709046,1.2310889788249757e-08,37958197506233.31,460255030.65,4.176834914726472,4.4270815965245735e-16,0.0003623894550800848,2.7633187495695264e-10,818574149084.0698
656,42066.0,2.2841916,7027980606961108.0,0.0012006361578684325,7.742798030516382e-10,3694106761234.7573,60059478.2,4.176834914726472,3.2501393042228135e-16,9.005623426469731e-05,6.166734972681372e-11,277084228813.48444
657,40126.0,14.889496,2.6826788078908296e+16,0.03489978542917805,2.6665098890822922e-08,62879841447147.12,1201167697.17,4.176834914726472,5.550234324065947e-16,0.0005443463210168725,4.270965321813766e-10,980762773666.283
658,23552.0,11.55655,1.0490425802582932e+16,0.05580826186159963,4.4093944155760776e-08,50659792951203.41,1460529876.17,4.176834914726472,1.1016283054167896e-15,0.0006845497155823536,6.093337796281403e-10,621398081563.7823
659,5115.0,4.182432,8741235654917907.0,0.008116825950642451,6.0463105160215626e-09,16964074587349.83,249169448.84,4.176834914726472,4.784714844802201e-16,0.00025513303246325794,1.925768215067886e-10,533225157065.3529
660,45295.0,9.836239,1.1466222781758536e+16,0.020950116356526726,1.544685728644469e-08,24421804050074.31,569027810.69,4.176834914726472,8.578447486340789e-16,0.00043010091734531396,3.3458972407875954e-10,501373841863.75336
661,21872.0,38.233875,9.646283880354778e+16,0.1780978170308328,1.4362793821533987e-07,449335073034291.5,6430715825.8,4.176834914726472,3.9635859232658003e-16,0.001171503340810339,9.90057477134515e-10,2955665307856.0684
662,26948.0,36.239334,7.833618424391306e+16,0.1535723778779676,1.25249655416554e-07,331967306248627.7,5456505062.02,4.176834914726472,4.626129591296234e-16,0.0011101910346067074,9.657754853300163e-10,2399826923775.4614
663,38073.0,14.929802,2.271892808413502e+16,0.01562706255418259,1.1766432306969695e-08,23779961069460.5,458789130.71,4.176834914726472,6.571525709624352e-16,0.0003681178953945217,2.78311421674847e-10,560171125641.9392
664,90602.0,2.0318239,1.5854775637225738e+16,0.0033461177860211466,2.5074276846607122e-09,26110504337061.793,90270705.61,4.176834914726472,1.2815216982506147e-16,0.00018361735147236753,1.3568064244390595e-10,1432807198840.4153
665,15181.0,55.09278,4.730281900508386e+16,0.09275006574334539,7.050947698080153e-08,79635472607610.2,2456386717.81,4.176834914726472,1.1646828066225592e-15,0.00086340699247075,6.721863622782906e-10,741323721412.6368
666,1973.0,4.746713,9021968218595770.0,0.008532290786029892,6.677638724885373e-09,16217128843344.691,228923915.49,4.176834914726472,5.261283220014274e-16,0.0002838860921305812,2.2268369258542574e-10,539575765567.342
667,87185.0,2.2776911,1.2216962805922828e+16,0.0031328364686068586,2.1599838195007794e-09,16803747713642.383,101492334.34,4.176834914726472,1.8643677124856003e-16,0.00015712228895420805,1.1046775634405096e-10,842764482038.4198
668,72040.0,0.95419794,4389856858889519.5,0.00021255225068674542,1.4822165013644976e-10,977862051923.5391,7860036.9,4.176834914726472,2.1736424914806419e-16,3.0462442554319096e-05,2.3305739033732856e-11,140144677304.172
669,11153.0,37.422237,5.871292146048393e+16,1.6794864514572374,1.6194968682183486e-06,2634998974496250.0,12651061452.75,4.176834914726472,6.373765104702994e-16,0.001278431588331468,1.0833319283089977e-09,2005771419765.9321
670,3057.0,66.67005,4.327218130826879e+16,0.5976046981622463,5.004365386437894e-07,387875198076947.06,11878772751.95,4.176834914726472,1.5407138716915146e-15,0.0017412528112303424,1.4294453261011298e-09,1130159754658.8328
671,28883.0,9.585767,1.0957346179967124e+16,0.014644190480902685,1.0844810542145947e-08,16739554030953.387,625839896.86,4.176834914726472,8.748256049010547e-16,0.000348195093454652,2.6713078661907956e-10,398016577822.99805
672,33112.0,14.828172,1.9599048964535524e+16,0.040779639993760004,3.099270645461525e-08,53900248863705.76,1884959402.54,4.176834914726472,7.565760985051659e-16,0.0006181893410568743,5.213723668180016e-10,817088118800.3235
673,24291.0,19.353275,2.372064468574958e+16,0.03509313645381174,2.6160780581222624e-08,43012452452073.06,707663876.33,4.176834914726472,8.158831792470918e-16,0.000510790382042867,3.8712390845829736e-10,626058233623.8766
674,48128.0,1.418867,7335601034055330.0,0.002250856486411122,1.6755311384139896e-09,11637021066264.543,64509332.980000004,4.176834914726472,1.934220513647005e-16,0.00014283224227175918,1.0673531389357916e-10,738448596031.3109
675,57795.0,3.0958006,1.0228983903191488e+16,0.003445524635268682,2.5980810968487336e-09,11384523936138.867,133452559.61,4.176834914726472,3.026498652553453e-16,0.00016966696976044953,1.3019355654071298e-10,560604808521.2319
676,51337.0,7.6730967,2.0482372309037024e+16,0.00981236437012581,7.544166621136008e-09,26192879891745.19,230605935.07,4.176834914726472,3.7461953060068903e-16,0.0002923122458103388,2.361723569802265e-10,780290993749.3823
677,23186.0,22.074675,1.7467582306265278e+16,0.04604340380447546,3.470724420568515e-08,36433920119561.58,1311977267.11,4.176834914726472,1.2637510224916614e-15,0.0005899340035328113,4.700997323965275e-10,466811890185.1997
678,12738.0,44.87554,5.041271163679264e+16,0.7205007260010073,6.748835193612305e-07,809402969501615.5,9456381288.71,4.176834914726472,8.901631858907694e-16,0.0014145169398466564,1.2277400063019319e-09,1589053515430.63
679,11356.0,44.00429,3.762812558279465e+16,0.28622742038215054,2.21272814542253e-07,244753439252830.06,8714808328.66,4.176834914726472,1.1694520871940757e-15,0.0014358737082630388,1.1575951365390381e-09,1227817474513.3865
680,117933.0,1.5128647,9533107337552458.0,0.0008975387336578144,7.1919744230338e-10,5655715998642.081,21309175.01,4.176834914726472,1.5869586341911626e-16,8.53136826438975e-05,6.642077804341553e-11,537592353107.4267
681,50687.0,2.0578299,8143815992115650.0,0.004062599866342588,3.0202201695248305e-09,16077648478665.64,155682830.9,4.176834914726472,2.526861979681597e-16,0.00019357211658397713,1.4908744431830652e-10,766057339658.7676
682,49161.0,4.8035855,9875547027532334.0,0.00701674872610228,5.048049009387278e-09,14425522773561.678,192987636.14,4.176834914726472,4.864120930828378e-16,0.00023166314630707445,1.715182380121738e-10,476269298402.54065
683,28561.0,2.9667478,8421428390235621.0,0.0020764291136664446,1.338754775234832e-09,5894164339868.184,49711474.75,4.176834914726472,3.522855817951085e-16,0.00015514884206767966,9.825093550721022e-11,440406448873.3893
684,14466.0,38.24731,5.153438206015786e+16,0.16323828238164148,1.2918024280248007e-07,219947076306789.88,10653966262.72,4.176834914726472,7.421707308986959e-16,0.0010216097537131834,8.67100885220401e-10,1376515822007.8474
685,8250.0,73.33039,3.768556530190679e+16,0.25969978357958284,2.0016647104250192e-07,133463536099827.52,6715297819.69,4.176834914726472,1.9458482156904164e-15,0.0014023323497655165,1.1315424167566974e-09,720679207379.9794
686,46178.0,6.0608745,7675704365199156.0,0.016131591531431285,1.2293267727464754e-08,20429614164658.395,603774319.31,4.176834914726472,7.896180222207845e-16,0.0003897943186676532,3.0538599882031387e-10,493649217341.01843
687,16946.0,62.262886,8.983674728336904e+16,0.08336794695879578,6.376339857544926e-08,120288436075235.11,2532662965.43,4.176834914726472,6.930670119166967e-16,0.0008427207636514874,6.702125251264187e-10,1215929699670.6262
688,14806.0,39.096786,3.1433061986674636e+16,0.12460927089468647,9.447811608725544e-08,100183450786645.52,3766672052.42,4.176834914726472,1.2438109280150382e-15,0.0009788032692640424,7.687862420787199e-10,786938952872.9147
689,75961.0,0.7288817,4556715691941608.0,0.000499044438743982,4.280801034050905e-10,3119852816994.714,7389910.76,4.176834914726472,1.599576864733961e-16,7.694285075905127e-05,6.667662850576821e-11,481020027579.908
690,24674.0,29.997843,5.025886867537877e+16,0.12271808932966613,9.882606486652943e-08,205603860774692.72,6352024678.44,4.176834914726472,5.968666583753723e-16,0.0010446535949818596,9.003525061760687e-10,1750229436211.6504
691,35928.0,6.751472,1.0324901779521896e+16,0.01432730477694377,1.1115391065064903e-08,21910483311968.01,411799598.13,4.176834914726472,6.539018137093245e-16,0.0003523284253922074,2.8813492843569947e-10,538809371690.818
692,48730.0,5.0438213,1.5630828536559054e+16,0.017495973632856404,1.3155283823084084e-08,54220113614123.62,478114413.78,4.176834914726472,3.2268419349639535e-16,0.00036886432236365947,2.7568966049876803e-10,1143112460411.7927
693,139103.0,0.7588089,5507349801058454.0,9.800714114870872e-07,8.975991078579875e-13,7113248267.220493,1091881.0,4.176834914726472,1.3778113383213192e-16,3.815281742224924e-07,3.494228530604456e-13,2769088652.4952974
694,27755.0,5.5070868,9023979453645808.0,0.013319900857035135,9.712007373529367e-09,21826151652173.746,524032730.86,4.176834914726472,6.102725331200819e-16,0.00033653108845616757,2.5541722634864124e-10,551443937244.918
695,29854.0,49.912125,2.0141065798908963e+17,0.2743440677896518,2.224495965029047e-07,1107062045723702.9,8221865746.78,4.176834914726472,2.4781272996339516e-16,0.0012062002472395307,9.65515549211914e-10,4867386140404.089
696,35460.0,1.3142294,6771203255096223.0,0.0026027203890821994,1.9487959263721434e-09,13409796471345.637,54826848.06,4.176834914726472,1.9409096884085842e-16,0.0001436844703211548,1.1841856881745862e-10,740294466967.015
697,60790.0,1.0091008,4749259791850235.0,0.0008492516447751155,6.447523785996444e-10,3996941326072.8115,26607041.66,4.176834914726472,2.124753844234052e-16,8.740503217352137e-05,7.693725080853026e-11,411365450217.73956
698,44543.0,3.410752,6798757234356126.0,0.00750976563454552,6.041959762168735e-09,14969447628026.13,182399949.35,4.176834914726472,5.016728620290284e-16,0.0002629548245800915,2.184917346774575e-10,524155967928.1119
699,11954.0,30.542933,2.5904358916130348e+16,2.7030721510919364,2.567687142657281e-06,2292554915341039.5,18840221597.08,4.176834914726472,1.1790653881413474e-15,0.0015323640174129633,1.2981076078963708e-09,1299642948410.6458
700,7465.0,79.17971,5.864074493780115e+16,3.131828244949745,2.9144631957465285e-06,2319441954272116.0,21040482662.91,4.176834914726472,1.3502507528508385e-15,0.0016729338733794234,1.3407661704683747e-09,1238980144871.085
701,37009.0,5.776674,1.0188215842590686e+16,0.01472015938362356,1.1220206382812802e-08,25961679858980.016,609590625.46,4.176834914726472,5.669956437172509e-16,0.0003464456038339639,2.7719381375680005e-10,611019868799.4316
702,52222.0,7.1499176,2.073046071934486e+16,0.02038478001501413,1.55454205835802e-08,59103601609861.43,578747707.26,4.176834914726472,3.4489911713963863e-16,0.0003910537323732255,3.0943167658134713e-10,1133820624466.5461
703,12927.0,5.1675353,6456769369529520.0,0.007216221404515646,5.2947281937986756e-09,9016576496036.691,251670384.48,4.176834914726472,8.00328307278e-16,0.0002424913254589344,1.8950667524078325e-10,302989814622.04266
704,12243.0,88.255005,6.1908520005713e+16,0.28612876654821184,2.2691547359608558e-07,200711658993843.56,8383402329.43,4.176834914726472,1.4255712298057797e-15,0.0016016940493187469,1.3133411599626662e-09,1123545436264.8455
705,6556.0,4.5021396,4371544028513073.5,0.011355219186631217,8.946703527138155e-09,11025833278864.738,333452781.62,4.176834914726472,1.029874014909864e-15,0.0003474831679103156,2.868527185799439e-10,337403568669.24915
706,108759.0,1.2035971,6467092449378252.0,0.0010749035850817156,8.72605962110301e-10,5775604526540.963,15732674.66,4.176834914726472,1.8611100883762908e-16,9.359722113038336e-05,7.89691323927179e-11,502910718258.7003
707,53046.0,4.886205,1.024901634261722e+16,0.01276717949948246,1.0156909560437178e-08,26779685121545.918,339276701.8,4.176834914726472,4.767486787665951e-16,0.00032577196262712003,2.5873495463868285e-10,683320116313.5479
708,54132.0,4.9271274,1.5525915358790674e+16,0.009272285283130472,6.892410490172782e-09,29217981351252.28,235524801.66,4.176834914726472,3.1734859337683376e-16,0.0002782459012100914,2.0303491209815585e-10,876783155864.472
709,11286.0,22.475252,1.4586246860887074e+16,0.07626935154386465,5.8108104574186496e-08,49498158665299.43,2324485105.77,4.176834914726472,1.540852298356971e-15,0.0007588177174327709,5.910832731575645e-10,492466226803.1188
710,75535.0,0.85571814,6470748970064559.0,0.0006299215172396619,4.021266841957487e-10,4763325467074.995,19292595.3,4.176834914726472,1.3224406385702559e-16,9.865832670493503e-05,7.248630175553067e-11,746032175868.3894
711,14948.0,57.070927,5.117597341728316e+16,2.1981083821381175,2.278071283708666e-06,1971062010830971.8,6565224304.63,4.176834914726472,1.115189867218549e-15,0.0012218303790902973,1.0574521838385659e-09,1095625431154.361
712,2760.0,128.6256,7.282413346611842e+16,8.252186543526628,7.625594504944513e-06,4672151844058179.0,27476988316.21,4.176834914726472,1.7662496466208324e-15,0.00185826129224622,1.5232241861135753e-09,1052094360387.5155
713,21094.0,7.937287,1.4873729395166602e+16,0.02132156791371543,1.611733964410223e-08,39954613135353.45,602656922.72,4.176834914726472,5.336447093476985e-16,0.00040965676874389173,3.2266006162964777e-10,767658259452.5043
714,31704.0,13.419403,2.00283004315001e+16,0.036408669073039114,2.8367837318342236e-08,54339508434607.234,1254154757.57,4.176834914726472,6.700220543373835e-16,0.000572907408002439,4.636819198656127e-10,855057537723.9102
715,62301.0,2.433071,8546746494918119.0,0.002970555982409358,2.156819145045412e-09,10434791640118.693,75271084.46,4.176834914726472,2.846780352554858e-16,0.0001224346309160842,9.114017185524524e-11,430081059138.2809
716,80974.0,1.6215092,7059517004536480.0,0.0016522076805021424,1.3552263054023767e-09,7193168077942.852,54890521.93,4.176834914726472,2.296912379356846e-16,0.00011425290912191205,9.744386427286174e-11,497419536542.8079
717,10263.0,38.88697,3.531097865726098e+16,0.25163294847018713,2.0800798434391442e-07,228493134664244.34,7917791041.36,4.176834914726472,1.1012713744767221e-15,0.0012735229852644178,1.060687589884345e-09,1156411593708.719
718,98259.0,1.2295849,6136137337973967.0,0.0005958596488916658,4.5744308105539726e-10,2973586158838.0015,21656678.04,4.176834914726472,2.003841883379333e-16,5.6279294545182394e-05,4.6041568280747534e-11,280856962877.08826
719,6065.0,19.420053,6.428634969158728e+16,0.13970291283758218,1.0732642267402119e-07,462459618807948.0,6147119097.07,4.176834914726472,3.0208672748052095e-16,0.0010358804755146935,8.473081916481717e-10,3429083045634.5977
720,35528.0,3.899874,1.0771308949300848e+16,0.00967767471452845,7.258109327337841e-09,26729382605956.71,255761971.88,4.176834914726472,3.6206128877708364e-16,0.0002592112741089513,2.0404290101342986e-10,715932031796.2639
721,48983.0,3.5144436,6191949182718596.0,0.0071831458041705975,5.532112462644079e-09,12655680060275.441,197791051.92,4.176834914726472,5.675827588844926e-16,0.00023985100244825353,1.88776678634072e-10,422583312642.6326
722,52739.0,6.7430644,1.6282595109275474e+16,0.009847226507413116,6.883854934126105e-09,23778269442233.508,315718768.24,4.176834914726472,4.1412713113272553e-16,0.000268340106038592,1.9652020746501698e-10,647965530064.7048
723,37645.0,14.435761,2.5500440686561436e+16,0.026443304803684353,2.01825752985706e-08,46711491393007.82,669319615.01,4.176834914726472,5.660984912942132e-16,0.00047473829541145126,3.7749494640307855e-10,838614309545.5095
724,9198.0,13.932279,1.1228472878539614e+16,0.040696922525478324,3.113379926698704e-08,32798962094956.703,1349210449.2,4.176834914726472,1.240799096253599e-15,0.0005772809534390937,4.6001971136288535e-10,465249334225.1009
725,5939.0,20.518364,3.14549509981303e+16,0.062446459757877826,5.003312106648239e-08,95731332755904.08,2013228684.1,4.176834914726472,6.523095204064893e-16,0.0007476052093724411,6.217460172882177e-10,1146089679798.8904
726,29560.0,17.39928,2.465372972632579e+16,0.053693503012717074,4.139550068359988e-08,76080453405841.3,2189798185.6,4.176834914726472,7.057463594005685e-16,0.0006681627207616854,5.480053410825176e-10,946746252193.4862
727,2463.0,119.47753,3.5861362637951824e+16,2.359316169522341,2.0630423574582675e-06,708152342392951.1,31054590229.44,4.176834914726472,3.331650590252747e-15,0.002201052784722236,1.8491172188547855e-09,660649346351.5509
728,54305.0,5.4977984,1.5531180963652888e+16,0.01303312018471141,1.0137072093367121e-08,36818328607645.94,491381766.1,4.176834914726472,3.539845690335021e-16,0.0003453526105735877,2.753442178944249e-10,975614873598.9182
729,72638.0,4.6428595,1.4413546383830302e+16,0.0064364982225842155,4.6310957506795265e-09,19981816309681.324,160499262.91,4.176834914726472,3.2211777562311433e-16,0.00025647563102130665,1.9483354516873064e-10,796216944330.9127
730,16611.0,45.528557,6.268574241127069e+16,1.3254588195866714,1.2263999959971089e-06,1824950659898072.0,19769695197.52,4.176834914726472,7.262984412196117e-16,0.0020467352378754043,1.775762285745148e-09,2818036115344.671
731,15219.0,9.967319,1.6414776789666778e+16,0.020517177356141045,1.6128411996427916e-08,33788914216055.574,620162958.89,4.176834914726472,6.072162374010776e-16,0.00042628874148082957,3.5164057454730237e-10,702037783616.2145
732,9279.0,19.114214,3.0972641424253108e+16,0.06137763198101867,4.855490177639663e-08,99456215506316.98,2641795784.17,4.176834914726472,6.171321889592738e-16,0.0006956512043206996,5.484831290182094e-10,1127232085388.1233
733,18145.0,6.6595984,9618319925278460.0,0.015124401247866131,1.1895323769446386e-08,21843859215333.047,379230610.47,4.176834914726472,6.923868671177724e-16,0.0003549728078839262,2.7946557359301857e-10,512679868353.9251
734,1043.0,29.804407,3.895277203608645e+16,0.11984891594886594,9.636804325169494e-08,156636147859887.3,4205605887.6,4.176834914726472,7.651421308960692e-16,0.0009795621452925887,8.128361476960574e-10,1280235534991.9224
735,4970.0,259.72516,1.100303175490205e+17,4.2634359584097625,3.878792576634927e-06,1806167767318879.2,37665465741.65,4.176834914726472,2.3604872346595544e-15,0.0032588306071909072,2.813846358197034e-09,1380575399578.8577
736,71218.0,5.5245657,1.7672633175873396e+16,0.016029506348494444,1.2062216691321522e-08,51277077886371.44,404127493.13,4.176834914726472,3.1260569067557595e-16,0.00034379132427578545,2.6341304077537157e-10,1099760287577.6633
737,6179.0,120.16224,5.697640168614401e+16,5.018081557314166,4.650216517307284e-06,2379384992351699.0,17673414709.24,4.176834914726472,2.1089826040948816e-15,0.001696250165338639,1.4398150125556845e-09,804297845816.8098
738,81547.0,0.9581336,5048110054976299.0,0.00013119998255977066,9.174489522876361e-11,691252191941.3882,10172363.1,4.176834914726472,1.8980045790711244e-16,7.51444808030371e-05,5.565776517221599e-11,395913063812.5884
739,89284.0,1.1828365,6702798884328691.0,0.0015403260098054996,1.1458542765167544e-09,8728590519506.937,48022937.2,4.176834914726472,1.764690423228274e-16,0.00011205399374954356,8.565592648799437e-11,634978193764.7466
740,4510.0,104.47447,5.9507486664806456e+16,3.7092817852849227,3.1243815547661675e-06,2112765313610607.8,34376435727.98,4.176834914726472,1.7556525381164792e-15,0.0020108909316944716,1.6194140176492373e-09,1145380927055.0881
741,157898.0,0.29127827,4886840515837810.0,0.00011118636454870501,7.925787040825733e-11,1865398442133.4429,1402843.2,4.176834914726472,5.96046196015592e-17,9.583501534792644e-06,6.831484470105172e-12,160784543192.38617
742,63486.0,0.44661763,3181381745112063.5,0.0001310582759484309,1.0117713703690711e-10,933564594501.5594,2535354.7,4.176834914726472,1.403847968531887e-16,1.3752239373345723e-05,1.0616501589770207e-11,97961030550.3915
743,85216.0,1.9072362,5780414529250916.0,0.002217149139249787,1.495222428433989e-09,6719692662102.172,91922510.0,4.176834914726472,3.299479977341969e-16,0.0001539506706200013,1.0771288658743885e-10,466590710285.2691
744,91249.0,1.5985832,8327287638501411.0,0.0011846149690680268,8.478893086538519e-10,6170857787260.563,22573305.1,4.176834914726472,1.9196925450358083e-16,0.00010556504055989546,7.869612756811552e-11,549905977563.3308
745,25374.0,23.508583,3.681100031929773e+16,0.11360982215289958,8.866487864123781e-08,177896353835777.53,5859098669.18,4.176834914726472,6.386292900515368e-16,0.0009068347412028574,7.275981221106634e-10,1419970482609.2092
746,13643.0,14.709571,1.5014245577688956e+16,0.07036766943715338,5.4897598857369645e-08,71825172172530.28,3100157312.67,4.176834914726472,9.79707633253202e-16,0.0007385231197588107,5.966119297270571e-10,753819909830.1217
747,31379.0,29.850403,7.974066422784027e+16,0.07134722670806318,5.732827550124145e-08,190592912548459.2,2589173796.33,4.176834914726472,3.7434354590663383e-16,0.0007525455340842662,6.441450136370539e-10,2010307222638.6423
748,82619.0,1.538501,6294676553652303.0,0.000126243266762095,8.98265595127203e-11,516516096735.60986,37266047.46,4.176834914726472,2.4441303486949293e-16,6.814788310398182e-05,4.478800067469083e-11,278822621470.9463
749,78538.0,2.7275157,1.1348138143763964e+16,0.005585506689719732,4.16573281958041e-09,23239133515476.113,164236527.61,4.176834914726472,2.403491802308404e-16,0.00018945294255897068,1.5315709595190658e-10,788240435756.8972
750,72211.0,5.589864,2.7117022393067588e+16,0.015080716102593832,1.1781988184497251e-08,73158151299840.55,304973597.07,4.176834914726472,2.0613856193256078e-16,0.00033185356013324833,2.697656645175114e-10,1609856773143.7644
751,167275.0,0.3852212,7056831286099094.0,1.977724924884418e-06,1.5451743734176308e-12,36229758708.04188,1279936.4,4.176834914726472,5.4588410064277483e-17,3.777293748118551e-05,2.951157376349756e-11,691958923821.158
752,25326.0,29.450556,8.512773001855706e+16,1.5523396000482657,1.5989617995740616e-06,4487084942302061.0,7181209017.94,4.176834914726472,3.459572573306025e-16,0.0011595653420581643,9.859383631408399e-10,3351758974519.978
753,34160.0,36.877796,8.46263230842595e+16,0.08854115832448836,7.136268714150909e-08,203182225711718.94,3473821678.95,4.176834914726472,4.3577216468783653e-16,0.00085715612275236,7.197950110706008e-10,1966982272413.7969
754,50280.0,4.8468337,1.3307662649696694e+16,0.008669838301341246,6.544250179181434e-09,23804258714646.785,274455534.25,4.176834914726472,3.642137486939127e-16,0.00027812359301590116,2.233367323943651e-10,763627386426.9683
755,45410.0,5.225007,7738776907045803.0,0.007694024986302771,6.04749808606381e-09,11395648443386.447,219863750.72,4.176834914726472,6.751721961700264e-16,0.00025361392942810525,2.1347700813362738e-10,375628515016.98755
756,47699.0,3.2919345,5919932145873945.0,0.0032583530880854086,2.4647342717583683e-09,5859542220163.994,109179545.06,4.176834914726472,5.560763905536319e-16,0.00019103780858580519,1.436270919109532e-10,343545980068.6866
757,27228.0,5.324746,7071789573976027.0,0.013284887829722442,1.021151078234895e-08,17643645583408.516,330186328.13,4.176834914726472,7.529559447858722e-16,0.00034084246339289746,2.699351049903664e-10,452672517898.54346
758,31154.0,30.838745,7.797284115424317e+16,0.0966214809794305,7.707263815918627e-08,244298248469477.7,3494228877.69,4.176834914726472,3.955062370883198e-16,0.0008892397689990175,7.393617821233702e-10,2248358396432.6787
759,46628.0,2.584444,8828537118048122.0,0.005680536989915488,4.5353056601997205e-09,19404882313532.133,147937250.59,4.176834914726472,2.927375130718585e-16,0.0002108331907586013,1.752910539104599e-10,720212413319.3955
760,45139.0,14.679501,3.5925446575247644e+16,0.029241374972034016,2.2195270187482317e-08,71563022090777.58,668602110.38,4.176834914726472,4.086101189933172e-16,0.00048017975171878467,3.7851160055386294e-10,1175153843232.7417
761,5313.0,200.70413,1.3107675752393683e+17,2.1754616927982955,1.9394468582081253e-06,1420760324212239.0,39059413214.15,4.176834914726472,1.5311954139798433e-15,0.0027582677723104287,2.410099416584589e-09,1801381944543.062
762,31883.0,6.344912,7129895962991470.0,0.020495895172130626,1.538186216471483e-08,23031619704996.777,782861181.73,4.176834914726472,8.89902466029516e-16,0.000452143171235199,3.586424818175165e-10,508081715126.07367
763,6918.0,9.510213,1.4781731119949732e+16,0.030722486740166803,2.3168935358536698e-08,47751983928158.77,882559738.02,4.176834914726472,6.433761325265089e-16,0.0004933556746122261,3.906810897377056e-10,766823090988.5338
764,37388.0,41.558002,8.319264665586802e+16,0.1213567835344113,9.811563269441375e-08,242937377303917.1,4079574281.01,4.176834914726472,4.995393664046712e-16,0.000983258916199218,8.412782538322722e-10,1968331191345.3704
765,37908.0,10.246356,1.643591144201358e+16,0.02523667836284084,1.9271584296832253e-08,40481495144442.8,843707151.85,4.176834914726472,6.23412704318192e-16,0.00045821740366391997,4.1312442143738473e-10,735014542517.3181
766,7329.0,85.7702,4.054679514290948e+16,0.4278243803034232,3.4537601038781824e-07,202248654023251.62,9250265283.75,4.176834914726472,2.115338578491791e-15,0.0013892954731964822,1.1445394915225792e-09,656772153319.7924
767,14637.0,24.968039,1.5625609303425506e+16,0.12193450929733866,9.584163502232565e-08,76309597357049.9,5273789628.33,4.176834914726472,1.5978921855243373e-15,0.0010612406177618557,8.716483161999294e-10,664150327147.1454
768,27200.0,37.228165,5.2130251145845976e+16,0.129477006622461,1.0093164518778346e-07,181305440997192.72,3219408656.78,4.176834914726472,7.141374572672962e-16,0.0010014046721554743,7.964633880442074e-10,1402257593359.448
769,33975.0,10.685148,1.0379857324768596e+16,0.01986053832580507,1.5383680516546044e-08,19293093012371.49,806580696.25,4.176834914726472,1.0294118373383529e-15,0.0004323433626662999,3.5277907550392087e-10,419990665528.1591
770,7531.0,46.499542,2.1749063527720544e+16,0.6245282872919843,5.619033499399139e-07,292108369479679.5,16630369038.34,4.176834914726472,2.1380020312476175e-15,0.001473789145692103,1.2047801713297894e-09,689330096114.1195
771,42298.0,2.605385,6200604124353102.0,0.0025693429545564444,1.8792705611911573e-09,6114826991366.063,63005372.18,4.176834914726472,4.2018244476651143e-16,0.00013125492021914372,1.3282644655729096e-10,312376021068.8477
772,75279.0,2.298136,1.2858322528742168e+16,0.005184054983629627,3.84562602789068e-09,29005355203627.176,164361833.19,4.176834914726472,1.7872751246229699e-16,0.00023589443651112084,1.809551404503115e-10,1319855198907.238
773,113304.0,1.154119,9208783385661520.0,0.0015030589617714594,1.0921432450890785e-09,11992995865097.682,46612800.85,4.176834914726472,1.2532806470364084e-16,0.00011667446963907725,8.448175990963187e-11,930952455980.0195
774,9433.0,43.119858,3.594889883711153e+16,0.2021115837066089,1.562874819590731e-07,168499833104211.1,13385720364.24,4.176834914726472,1.1994764622799961e-15,0.0012772101525374792,1.0447120394151159e-09,1064806349021.4095
775,4177.0,109.40067,7.151657472095574e+16,0.8999528330834292,7.506625713244144e-07,588310327830230.6,34866918728.55,4.176834914726472,1.5297246886733725e-15,0.0022996342622103004,1.9052482203249994e-09,1503299436321.8513
776,35954.0,15.384035,2.473424933275568e+16,0.03376472578773233,2.604817373988906e-08,54286482466134.336,1115656488.88,4.176834914726472,6.21972989478474e-16,0.0005435628813195925,4.379673502783623e-10,873933258380.515
777,17716.0,19.446955,1.2836317292899278e+16,0.05989027175842043,4.5443781028824134e-08,39531666065409.695,1734358479.58,4.176834914726472,1.5149948818075382e-15,0.0007203424485226355,5.676250525978957e-10,475475169700.3728
778,27850.0,31.678146,5.043740857737121e+16,0.13041336205814427,1.0408146474282093e-07,207641950576124.7,4210506514.19,4.176834914726472,6.28068469287148e-16,0.0009989144795958297,8.380866197819117e-10,1590454748874.0974
779,7235.0,29.6154,1.7854993851418814e+16,1.6128742874387925,1.5217326269833197e-06,972394783974929.9,12534857434.04,4.176834914726472,1.6586620105526762e-15,0.0012844077450938332,1.1087453173707472e-09,774363756402.5842
780,32127.0,21.116892,2.869446874095269e+16,0.07884307262854694,6.172344823019986e-08,107135088012975.7,1841133135.91,4.176834914726472,7.359220409563469e-16,0.0008012734331333588,6.461933886610184e-10,1088802058560.5594
781,1970.0,173.52081,5.971254271447795e+16,1.2327793534376095,1.0979868596732717e-06,424228020833177.06,21799745937.93,4.176834914726472,2.9059357065015423e-15,0.0023197857175083084,2.0186937676948878e-09,798292168790.3068
782,15618.0,86.62792,1.6758376359641514e+17,0.18993979243158562,1.5270767515786805e-07,367443028441719.5,6775265539.79,4.176834914726472,5.169231084260785e-16,0.0012135535244360194,1.0148569313940245e-09,2347648044079.579
783,40442.0,4.36216,8344814940357370.0,0.006625877286542914,5.2010868569284e-09,12675307593879.604,227801283.21,4.176834914726472,5.227389739829496e-16,0.0002405710280303689,1.957014137598717e-10,460212534369.43024
784,18838.0,19.045193,3.2231948789932744e+16,0.21356493028103246,1.769832963425468e-07,361435764717311.9,6875042181.16,4.176834914726472,5.90879351544159e-16,0.0009529785571509908,7.972664155979607e-10,1612814112831.2393
785,24425.0,10.216871,1.3629825396648164e+16,0.015686220076112457,1.1560398512030818e-08,20926215156363.418,535579192.64,4.176834914726472,7.495966164403342e-16,0.000360206085241285,2.7760754516861545e-10,480533232596.2499
786,9379.0,152.10416,1.1908326058599104e+17,1.7741742888971925,1.5919128992850804e-06,1389011708619341.5,28681872191.91,4.176834914726472,1.277292536763925e-15,0.0024000107491353997,2.0937841096843372e-09,1878982832872.3577
787,71832.0,2.0851068,4776613765312870.0,0.001317722868608278,9.309663653560445e-10,3018671845999.3813,42443519.85,4.176834914726472,4.365240529057984e-16,8.04391753540898e-05,6.334505898398347e-11,184272034538.83566
788,35984.0,7.352621,1.388474198275953e+16,0.019515896089136557,1.5260236321946455e-08,36853957488085.8,534601494.71,4.176834914726472,5.295468226294472e-16,0.0004038673619270294,3.6066442090617596e-10,762666009252.2874
789,10836.0,29.307089,2.2494542927320508e+16,0.12768132404477006,1.0241409408467302e-07,98001306944616.72,4736037586.87,4.176834914726472,1.3028532784458309e-15,0.00092044802740689,7.345560449520008e-10,706486327075.0558
790,18441.0,28.880228,3.636933996151132e+16,0.09726293140193759,7.705614012424744e-08,122484788479170.69,3468909206.0,4.176834914726472,7.940817191228424e-16,0.0009541066004699879,7.924873169533135e-10,1201521930921.5579
791,55581.0,2.7023158,8690257790341076.0,0.0047320087251974206,3.875453392417487e-09,15217457444503.275,158879801.98,4.176834914726472,3.10959221831547e-16,0.00023385280410046565,1.9254252223565474e-10,752036883560.0847
792,17312.0,30.90648,3.045483702214071e+16,0.18060252667994522,1.475530412692835e-07,177963343474396.06,5198153790.74,4.176834914726472,1.0148299259500532e-15,0.0012506233978815551,1.0562490661039745e-09,1232347771682.7864
793,51504.0,1.5501791,6095371432137190.0,0.001416986397233635,1.0106238154053625e-09,5571651950039.127,54337780.44,4.176834914726472,2.543206951797634e-16,9.882443700014022e-05,6.582639713400812e-11,388581971004.3157
794,54087.0,7.5276318,1.783095562987841e+16,0.013666092838096935,1.0086645724321278e-08,32371335567967.81,370697407.4,4.176834914726472,4.221664814972865e-16,0.00033103710028066936,2.6003071739927807e-10,784138757550.3127
795,62099.0,2.8860965,8858410531830905.0,0.0027836220446756208,2.0504477997718866e-09,8543881619062.702,64566898.14,4.176834914726472,3.2580297443084134e-16,0.00015688612097083555,1.1561728744100786e-10,481536797645.5905
796,32740.0,18.272331,6.097858194768062e+16,0.11252010474148963,8.866888906318677e-08,375503072253919.44,4964247626.58,4.176834914726472,2.996516221987187e-16,0.0009492641102430027,7.784544767324577e-10,3167892445492.864
797,30253.0,12.031867,2.191497680068816e+16,0.03905925024935635,3.0370851271177674e-08,71142954212086.77,1472432642.91,4.176834914726472,5.490248568103519e-16,0.0005904970803612327,4.769738685290322e-10,1075537970706.5002
798,6379.0,34.14393,2.2052581761729704e+16,0.23643757223087777,1.8524580029474315e-07,152708223487053.34,10974917055.0,4.176834914726472,1.5482962661203576e-15,0.0013240348974545514,1.1019947621839354e-09,855156035977.6951
799,130871.0,0.7387608,6667251600077158.0,0.0013257929457076302,9.94499768453305e-10,11965165366976.979,31001321.13,4.176834914726472,1.1080439802083524e-16,0.00010587125024070472,8.54827105694931e-11,955478772790.2018
800,15300.0,16.12774,1.9881797584451804e+16,0.05231903647020737,3.918511223854003e-08,64497350088370.39,1628483919.83,4.176834914726472,8.111811787387074e-16,0.0006499015717629322,5.088222246814771e-10,801179303461.4705
801,26250.0,44.382393,6.0898245992913384e+16,0.13375614916817427,1.0663336954029218e-07,183530321925370.12,3715841327.69,4.176834914726472,7.287959164729424e-16,0.0010739256763235955,8.749544828597349e-10,1473561599413.087
802,55349.0,7.014704,2.1450551155465228e+16,0.006774505356594198,5.033285615863064e-09,20716037869109.95,158097899.8,4.176834914726472,3.2701742482792923e-16,0.00026158047986445733,1.9638840098513268e-10,799897681299.6932
803,59758.0,1.434422,6138841564374915.0,0.0009300108735791612,6.349387072841085e-10,3980132350206.828,21447242.04,4.176834914726472,2.336633035659814e-16,6.971315795521133e-05,4.244721426170138e-11,298348764616.8876
804,428.0,14.227674,1.2872041998770054e+16,0.1791814214239422,1.3706831768179017e-07,162108773504952.4,7579406755.18,4.176834914726472,1.1053160020266777e-15,0.0011799295872532492,9.686145640109002e-10,1067504302018.3931
805,2860.0,74.49519,7.659231300242626e+16,0.2413067610229546,1.9269223503197686e-07,248099816509922.47,8048154218.02,4.176834914726472,9.726196674285078e-16,0.0013879627954673397,1.1689141031459026e-09,1427035502106.3376
806,66849.0,1.1035173,3474389861337239.5,0.0004131936555212502,2.8957260640844305e-10,1300927359735.913,28152182.36,4.176834914726472,3.1761470187322993e-16,6.983912366855458e-05,5.332694387931344e-11,219886306448.21216
807,28701.0,33.9602,8.47751511077207e+16,0.14368220050993263,1.1559763980496708e-07,358675162682179.9,5191062030.25,4.176834914726472,4.005914416695997e-16,0.0011713583908042825,9.855377183140068e-10,2924072431308.6973
808,116235.0,1.2298014,6656490866947243.0,0.001124754064576961,7.571837024212678e-10,6087905867092.305,28519836.84,4.176834914726472,1.8475221022334303e-16,9.513251219670779e-05,6.807791603235363e-11,514919480972.4014
809,21147.0,172.91565,2.4474099442571978e+17,0.2740496870137581,2.1579670369040884e-07,387883878190345.5,6094828289.21,4.176834914726472,7.065250772791186e-16,0.00139389650395401,1.1276049146761447e-09,1972890345693.051
810,27955.0,22.63583,5.9335625021074584e+16,0.1403282497038198,1.1087567413670185e-07,367844448570676.3,7503277577.54,4.176834914726472,3.8148801823458163e-16,0.0010170340181790778,8.619743804143981e-10,2665965822165.5894
811,32291.0,6.6705723,1.2877673548107032e+16,0.01331620034244357,9.600090104172596e-09,25707191706951.348,293296633.07,4.176834914726472,5.179951390350742e-16,0.00031101323813515706,2.223515689809757e-10,600417291008.7827
812,29285.0,4.550762,5867427745017082.0,0.006705791766218372,4.937263833666816e-09,8645969325888.012,218455309.43,4.176834914726472,7.755974504951915e-16,0.00022491505156988417,1.6909943357955533e-10,289989415806.20703
813,64821.0,1.8860662,4930708763848449.0,0.0030456440012618844,2.2348025813367513e-09,7962172042839.445,134886506.16,4.176834914726472,3.825142165825088e-16,0.00018205245810413236,1.6070941474965956e-10,475936449449.2283
814,26506.0,37.41121,4.613148154145308e+16,0.11636479685909913,9.070469305705987e-08,143488555392366.88,3169960040.55,4.176834914726472,8.109691852489676e-16,0.001034075577815219,8.512663407787505e-10,1275110813856.3337
815,135614.0,0.38422817,4328106866610361.5,1.8797454302972408e-07,1.9864304519363408e-13,2117423900.5820258,946293.1,4.176834914726472,8.877511157688107e-17,2.085652968497249e-07,2.204024280106501e-13,2349366766.710319
816,76612.0,1.8096657,7661166343092433.0,0.0025218376139323007,2.0656852347587827e-09,10676125126647.795,62697725.27,4.176834914726472,2.362128191657992e-16,0.00015512596307649831,1.2120813537775615e-10,656721187378.1265
817,70830.0,1.4961133,5294167518948969.0,0.0006760126086788946,4.432092654726958e-10,2392147703832.1655,17025747.2,4.176834914726472,2.825965167602059e-16,6.583871549267394e-05,4.058157920664057e-11,232977802583.95984
818,14299.0,345.88464,5.36704763201189e+17,0.5230223713634733,4.175622738625003e-07,811567110848163.9,15684206932.6,4.176834914726472,6.444597918918446e-16,0.002083992329346956,1.7290590852334854e-09,3233704190030.6772
819,73088.0,1.4445318,6624104565577417.0,0.0028506504090869134,2.2572164887308887e-09,13072060019514.805,98810376.68,4.176834914726472,2.180720104429815e-16,0.00016528440217989713,1.3170413579708795e-10,757934967647.3655
820,105085.0,0.42961946,4381848742360987.5,1.8809206508782205e-06,1.0838145659376776e-12,19184209645.74449,3453611.5,4.176834914726472,9.804525104819488e-17,7.932195819780329e-07,4.3509444652514764e-13,8090341689.146371
821,9564.0,29.892237,2.3026962362003876e+16,0.21398912601753636,1.6581195647709803e-07,164842783451901.38,10046298026.55,4.176834914726472,1.2981406982852553e-15,0.001352165809738,1.0906839576958086e-09,1041617300439.0878
822,18371.0,23.289043,3.4523916833278316e+16,0.037027097189312234,2.826284584609786e-08,54889349637146.055,787111351.13,4.176834914726472,6.74577079781145e-16,0.000570192884234949,4.4718813836164035e-10,845259795099.9734
823,40108.0,7.8532677,1.5548737235449758e+16,0.009349436466868925,6.936442467539124e-09,18511011782124.36,275964846.0,4.176834914726472,5.050743080341751e-16,0.00027075103827747853,2.1231357105384386e-10,536061791246.6823
824,139066.0,0.3605288,5173468584804131.0,9.11167599924635e-08,6.599708724076625e-14,1307495255.2199652,1380617.9,4.176834914726472,6.96880234392396e-17,3.815281742224924e-07,2.7634595656227e-13,5474802633.1259575
825,52176.0,5.0174217,1.4752056339360302e+16,0.013659099862364833,1.0452569228355069e-08,40160030940702.984,324171002.58,4.176834914726472,3.401167664071958e-16,0.00031587425870996844,2.578754912922493e-10,928722985481.393
826,32213.0,20.168648,4.577282175719619e+16,0.05905864990750505,4.7236989882666956e-08,134033825938004.36,2096200846.94,4.176834914726472,4.406249653339141e-16,0.0007323568593193363,7.69489102666414e-10,1662086619999.7136
827,73327.0,1.2256254,5580622919989455.0,0.0008264931356225511,6.393635625291847e-10,3763259586386.8047,23237150.35,4.176834914726472,2.1962161170393427e-16,9.102098157366601e-05,7.576625791070169e-11,414444557015.4946
828,57309.0,2.2449024,6044413311673888.0,0.0018425375586815283,1.2454960031035679e-09,4961043538887.811,62849814.72,4.176834914726472,3.714012070723727e-16,0.00012686151452999175,1.025036806416699e-10,341575396402.1744
829,31633.0,16.38769,2.7334363809975184e+16,0.04506572042707689,3.4582144174775353e-08,75168788127695.23,1453353511.14,4.176834914726472,5.995270317584493e-16,0.0006386736595540558,5.105254823247631e-10,1065295851099.1356
830,30118.0,12.085437,1.3940853885498498e+16,0.05496493874194799,4.263295828388251e-08,63403431735805.04,1214403052.31,4.176834914726472,8.669079454717955e-16,0.000614363705907955,4.924135729716169e-10,708683902503.1672
831,8383.0,41.783417,2.533603231327179e+16,0.2806213426106877,2.1985059776969627e-07,170159166354874.66,12860882367.54,4.176834914726472,1.6491697075280633e-15,0.001539455888534835,1.2522669120129744e-09,933473299629.2552
832,47533.0,1.6778879,4971382402445227.0,0.000823682187894671,5.388358286526153e-10,2440472414222.16,45573284.4,4.176834914726472,3.3750932118493097e-16,0.00010381735247817272,6.784277203483546e-11,307598474950.82434
833,58009.0,2.2786777,8910754241174041.0,0.006507339256821787,5.255571176138152e-09,25446907599737.81,157740219.23,4.176834914726472,2.557222024450953e-16,0.00020582007400330113,1.81517529239988e-10,804858053134.7942
834,5113.0,42.373695,2.355505119455493e+16,0.2650995317965042,2.135546296449559e-07,147365790099711.6,10642496572.99,4.176834914726472,1.79892179600931e-15,0.001477148023557486,1.2542588320666871e-09,821129649345.7135
835,32088.0,17.740314,2.440957271761405e+16,0.04195588824732455,3.10002142722366e-08,57728702271287.71,1286160532.46,4.176834914726472,7.267769167953734e-16,0.0005904703397556035,4.6000153610900366e-10,812450596751.4823
836,41896.0,11.510612,2.260147017407087e+16,0.03375111908518436,2.6278747513221576e-08,66271446847944.19,1202415438.28,4.176834914726472,5.092859849977964e-16,0.0005325620951250735,4.3058117087602254e-10,1045703417751.3795
837,72308.0,2.8520362,6612670255155581.0,0.0027218132460206466,1.8716971931090606e-09,6310738093734.29,55555015.0,4.176834914726472,4.3129871745478384e-16,0.0001284821442399078,8.529053768594357e-11,297895957117.882
838,39624.0,7.6387563,1.0809995216475866e+16,0.022166895111297123,1.7336035234059518e-08,31369508426030.58,661967093.66,4.176834914726472,7.066382682905838e-16,0.00043386679069361934,3.433139314253475e-10,613987113581.0106
839,17671.0,18.08003,1.837639734923115e+16,0.12608226975095488,1.0490427304984513e-07,128149006812294.8,2689632276.22,4.176834914726472,9.838723911113322e-16,0.000780485203276955,6.464422229848553e-10,793278895035.7257
840,42255.0,3.5675912,9304751762019174.0,0.00925784912765939,6.943484174795029e-09,24145700321016.71,228494258.55,4.176834914726472,3.8341605356549736e-16,0.0002582171255601541,1.9610564361724753e-10,673464564560.9202
841,6064.0,29.84909,1.2170561332800192e+16,0.10873166237929723,8.260046714948799e-08,44333859618653.7,5247099187.71,4.176834914726472,2.4525647736193898e-15,0.0009716133025385651,7.901103637598502e-10,396162137281.5773
842,105478.0,1.5604037,1.0752888375888438e+16,0.0031055349886956545,2.2647642563398618e-09,21400533131817.324,69551216.59,4.176834914726472,1.451148422129021e-16,0.00016832855870293402,1.3376433171203463e-10,1159967899465.269
843,5938.0,57.798462,2.907695524316596e+16,0.14759372352938274,1.1697396601714348e-07,74250697072805.72,6563691330.09,4.176834914726472,1.987775594681102e-15,0.0011692998015844908,9.714395364119868e-10,588245375742.2659
844,9199.0,15.452197,2.3759075155897812e+16,0.06380006876047062,5.228182538467688e-08,98098065189789.48,2835691324.43,4.176834914726472,6.503703068662687e-16,0.0007498973729942813,6.39146162374747e-10,1153031380856.8103
845,36572.0,7.3356013,1.4712333720311786e+16,0.020016566304434474,1.4918734459265672e-08,40145366598043.98,729852663.38,4.176834914726472,4.986021551341308e-16,0.00043648507653315744,3.320234691352986e-10,875417548918.8108
846,109723.0,0.8694173,7844369335185069.0,0.0005071370358915652,3.0006407180583054e-10,4575674090088.205,11787312.5,4.176834914726472,1.1083329492153344e-16,7.394063638936585e-05,4.214759493347141e-11,667133792618.1256
847,80475.0,0.92165065,5168346404537422.0,0.000998492919438922,8.249550278344095e-10,5599255303664.384,18561560.240000002,4.176834914726472,1.7832602110238966e-16,8.78989345444429e-05,7.11236214496716e-11,492911432672.9348
848,12288.0,43.430378,3.598476906602657e+16,0.18481385351841823,1.441432017824167e-07,153129771034061.5,9171921549.51,4.176834914726472,1.2069100101854724e-15,0.0012423888533833647,1.0145639393630404e-09,1029396427984.2539
849,51884.0,3.8972547,8071484506426954.0,0.005219915275625395,4.157411776338583e-09,10810806199572.166,109814218.7,4.176834914726472,4.8284236894672775e-16,0.00021741802074879958,1.8029862515149954e-10,450287784858.39014
850,11433.0,100.09813,5.6336798761308056e+16,0.4452515579826522,3.481727904567939e-07,250594565754900.34,8896325595.36,4.176834914726472,1.7767805803823395e-15,0.0018321453861892215,1.5183679419339494e-09,1031160181745.665
851,84693.0,0.8081593,6015547501250447.0,0.0009066308758319487,5.401583909705844e-10,6748522351555.421,19660859.06,4.176834914726472,1.3434509491147874e-16,9.146260710379032e-05,4.938797070517551e-11,680803472311.7797
852,38159.0,34.89591,1.2689815425886829e+17,0.12744515852569907,1.0240996390913801e-07,463451315244109.75,3968201091.13,4.176834914726472,2.749914701581351e-16,0.0010298107016967141,8.324224452656155e-10,3744882345276.08
853,11154.0,4.266567,7476068174344484.0,0.006462868161449927,4.440207107507405e-09,11324524606504.492,217725693.49,4.176834914726472,5.706966416707538e-16,0.00021342726215785218,1.5105043648400783e-10,373976726992.87164
854,10998.0,23.38243,3.2314958285380004e+16,0.07136468558464654,5.493475375963232e-08,98627338463842.83,2243482823.23,4.176834914726472,7.235791485016004e-16,0.0007897617828498451,6.453493892967267e-10,1091465646136.0126
855,31934.0,26.714458,4.5601635414368536e+16,0.06984773445557498,5.364352834791991e-08,119230228109541.17,2079184867.8,4.176834914726472,5.85822367054463e-16,0.0007621629751191,6.163402766311127e-10,1301013785033.993
856,3361.0,210.64536,1.0410327684526816e+17,29.551438132011135,2.4287859114102463e-05,1.4604648994084508e+16,46607852037.76,4.176834914726472,2.0234267967672965e-15,0.003473794035734682,2.967414827757949e-09,1716787600759.5369
857,9278.0,42.52526,4.899798217769811e+16,0.14163739430254552,1.1149743087581365e-07,163195863393468.38,5316192848.45,4.176834914726472,8.678981890677893e-16,0.0009578249390691692,7.872309627055905e-10,1103614399861.7747
858,10330.0,14.185711,1.0836520851296134e+16,0.1234155977227481,9.585172660066485e-08,94277664200104.98,3990684771.15,4.176834914726472,1.3090650767587714e-15,0.0007470374071278725,6.097237480586312e-10,570664835836.5251
859,82219.0,0.92695403,5836224323653413.0,0.000816422492823936,5.6940362686949e-10,5140303247828.6,28561489.79,4.176834914726472,1.5882769040305443e-16,6.979029039968983e-05,4.55337670425842e-11,439408834961.8643
860,76644.0,0.5809781,5191431279679109.0,0.00012531679457138898,1.0443505484968388e-10,1119790104320.679,2272079.8,4.176834914726472,1.1191096803575742e-16,1.4814879714849509e-05,1.2346449683862418e-11,132380945093.03062
861,48250.0,1.5063406,6032013377044586.0,0.0008108421723273131,6.221869353048381e-10,3246948817651.363,21146339.69,4.176834914726472,2.497243467218633e-16,8.262243902430057e-05,6.667262634107137e-11,330854560674.14746
862,1042.0,80.42415,4.720905060921221e+16,0.246593063351776,1.9844636356106062e-07,144750356797736.3,10388124899.95,4.176834914726472,1.7035748222461885e-15,0.0014748670270617686,1.2474586248010932e-09,865748312197.4852
863,69884.0,1.5233507,5375057095879940.0,0.0025298537947615503,1.7105653616345978e-09,8926446543840.406,77721444.54,4.176834914726472,2.834110731898403e-16,0.00016280156082137823,1.113435192676401e-10,574436132607.7302
864,61327.0,6.429061,1.46836793786067e+16,0.010693546794882769,8.009988362667544e-09,24423568629413.516,291385793.39,4.176834914726472,4.3783719558510533e-16,0.00028480513907567904,2.2090294015723786e-10,650481827372.1095
865,63353.0,2.1233394,8748352781839650.0,0.0040179824334576906,3.0396360911600875e-09,16554455589682.193,71556825.09,4.176834914726472,2.4271305158243663e-16,0.00017327568993412952,1.359249828714452e-10,713911710987.1492
866,67862.0,1.1546776,6861448931744596.0,0.0009251524406937925,6.807436180390314e-10,5497539941797.89,33737816.54,4.176834914726472,1.682848056564069e-16,0.00011633087590039486,8.330762067593187e-11,691273792940.7112
867,71849.0,0.9187003,5661166195134373.0,0.000444100234234361,3.3976871265925037e-10,2736610876581.6465,11113250.0,4.176834914726472,1.6228110398694872e-16,6.083476322969882e-05,5.098035903537005e-11,374872746950.2019
868,21510.0,52.053856,7.293973988307363e+16,0.18347819598924997,1.447063125508805e-07,257096263717168.16,6638681750.65,4.176834914726472,7.136556297492308e-16,0.0013339067392345379,1.1099982239815524e-09,1869118218409.1438
869,51631.0,4.904868,8713543242128239.0,0.012799723242566539,9.674185686627562e-09,22738826398870.96,351870306.53,4.176834914726472,5.629016651097735e-16,0.0003329188810928083,2.6568484107705606e-10,591433462943.9843
870,41570.0,11.984202,2.181044917982898e+16,0.025799779064138866,1.9686740012153003e-08,46953878959084.336,612558361.75,4.176834914726472,5.494706643219152e-16,0.0004685149512489696,3.6998433168241175e-10,852665995967.4998
871,63628.0,8.033187,3.120445449981536e+16,0.02089037072269027,1.6106639335749518e-08,81147447793816.27,551962553.24,4.176834914726472,2.574371873748837e-16,0.0004340984143841387,3.3943557667275116e-10,1686230411428.4717
872,72974.0,1.5700045,5021648156542095.0,0.0006235833221226104,4.66743541857799e-10,1994526792749.5762,33354657.46,4.176834914726472,3.126472526663645e-16,9.450265218490036e-05,8.475968238314116e-11,302266056646.74445
873,13813.0,28.13011,3.938710429443215e+16,0.10812144035030247,8.457295475374622e-08,151389043538812.62,2646965740.26,4.176834914726472,7.141959406235541e-16,0.0009294700665155553,7.522061549057573e-10,1301421659865.5664
874,108146.0,1.210854,8088057536072474.0,0.0010251885782390205,7.519666567812578e-10,6847881087333.018,23596281.240000002,4.176834914726472,1.497088756601484e-16,8.347983564571153e-05,5.773464042524341e-11,557614471938.3085
875,37317.0,16.782675,3.690535918823137e+16,0.06910579049901784,5.474413451091808e-08,151964690989542.5,3264509816.0,4.176834914726472,4.547489949739271e-16,0.0007404183984917292,6.165289349888188e-10,1628191390580.601
876,45945.0,9.291664,2.389062167650319e+16,0.023954376779668624,1.8710509685326476e-08,61591223395451.66,924871129.51,4.176834914726472,3.889251659423539e-16,0.00043003819537683655,3.5541860708638653e-10,1105709357569.7708
877,82435.0,0.4821774,3678279233567768.5,0.00012572175735112677,8.406567429173333e-11,959065541587.589,5347907.35,4.176834914726472,1.31087763973892e-16,5.1587827925990406e-05,3.416710916848075e-11,393536561782.1116
878,130710.0,1.0599877,1.1726768147609082e+16,0.0018749769364810182,1.4049460946722676e-09,20743089581348.22,42213404.9,4.176834914726472,9.039043721659288e-17,0.00011780727961666347,9.750516121156125e-11,1303315740517.7117
879,14379.0,18.134142,1.5981717746703284e+16,0.2847970451679915,2.1072299279022718e-07,250993181313455.34,6800988239.22,4.176834914726472,1.1346804071634114e-15,0.0011243978396121084,9.230969877288803e-10,990937917420.2819
880,19314.0,74.221275,8.31854634316802e+16,0.1490810194626588,1.1670454240768898e-07,167086508455542.0,5316397882.7,4.176834914726472,8.922385226711824e-16,0.0010564396122413932,8.539479939829066e-10,1184032728242.4724
881,61925.0,1.2845241,8369740314996111.0,0.0023489246812949524,1.8832465066372503e-09,15305193263344.576,46135755.54,4.176834914726472,1.5347239599519127e-16,0.00014890354597565375,1.2854480450193553e-10,970230151227.4515
882,26065.0,8.562274,9535512006940732.0,0.034147626333979525,2.5643286046256785e-08,38029044727625.77,1119380253.99,4.176834914726472,8.979354222162031e-16,0.0005242526864600888,4.203861658618328e-10,583842304790.8898
883,14853.0,4.175222,7584969441739670.0,0.007457199139516476,5.5032543821159934e-09,13547214398228.365,202070772.91,4.176834914726472,5.504599632299087e-16,0.00024618542472324497,1.7999102644368438e-10,447235841238.5054
884,25977.0,17.377085,1.0671249765839768e+17,0.1212505086160998,9.872083886797911e-08,744598108185295.6,5283987136.64,4.176834914726472,1.628402050491461e-16,0.0007978759803693682,6.548901707457405e-10,4899748069763.021
885,89261.0,2.5147305,1.3891523879657254e+16,0.0022364563811237627,1.5289254074218787e-09,12354320760889.72,70577186.06,4.176834914726472,1.8102625181982888e-16,0.00011411500033279757,7.994834269955067e-11,630378186509.5098
886,75751.0,3.919969,1.6849896249821206e+16,0.009972740508961391,7.354098285655318e-09,42867594846384.9,259771764.48,4.176834914726472,2.326405422253917e-16,0.0002648552007516048,1.95524299719057e-10,1138473965965.0645
887,8319.0,90.347015,6.463399644008442e+16,0.2576919934394121,2.0718418412235745e-07,184352115967541.6,7133167695.85,4.176834914726472,1.3978249833855082e-15,0.001493721117693233,1.2476742562946511e-09,1068603820540.8705
888,61993.0,0.7402865,2486085798621032.5,0.0013614998898088576,1.1525112103023939e-09,4572291323532.04,78628819.6,4.176834914726472,2.977719032909555e-16,0.00010986151195433714,9.859376538924976e-11,368945191739.5662
889,1971.0,8.213342,3416224510967217.0,0.3256705390271648,2.4507738011483077e-07,135458097072361.77,6336270033.58,4.176834914726472,2.40421610864053e-15,0.00106254886158593,8.603167300682861e-10,441952309431.4308
890,44458.0,16.306711,3.3002408664226784e+16,0.036277051586786555,2.8017427197065854e-08,73419470155592.17,862765200.11,4.176834914726472,4.94106692814691e-16,0.0005046638582122911,3.953738044722701e-10,1021366165549.1063
891,5594.0,99.02237,2.9616849794300012e+16,0.27506648803034184,2.1600734465892187e-07,82270328002049.0,9247508406.41,4.176834914726472,3.343447081230685e-15,0.0015134182419770834,1.229641896402705e-09,452652069917.0185
892,45373.0,4.7980103,7920964073621766.0,0.008598098680019386,6.526265890501352e-09,14194473643770.271,257254575.78,4.176834914726472,6.057356472526161e-16,0.0002324074163904898,1.830246080324517e-10,383677958272.06213
893,49152.0,14.488524,3.0380318964923588e+16,0.041629027578542,3.171890888714142e-08,87289991446727.53,1555759695.0,4.176834914726472,4.769049336423397e-16,0.000602854844967476,4.748344268701435e-10,1264098570679.9038
894,51286.0,0.945526,4505346952042200.0,0.0007233137000648082,5.934729997583494e-10,3446525186993.6416,11089439.950000001,4.176834914726472,2.098675218722963e-16,7.103070355518578e-05,6.516742478085017e-11,338454959211.87714
895,63803.0,4.3158665,1.1709159077559892e+16,0.006242243562281103,4.707690804929917e-09,16935515237003.643,124475479.72,4.176834914726472,3.685889372082386e-16,0.00021992973025921543,1.6194436191567448e-10,596680225741.4568
896,67181.0,0.8249632,5944553781600988.0,0.0008871702994056563,6.442368705168525e-10,6392808258908.972,26095657.44,4.176834914726472,1.3877630353910616e-16,8.81092704612117e-05,5.5780840832420977e-11,634901407619.5159
897,80513.0,1.2135358,5248714693792716.0,0.0006213104649367461,4.905052773993185e-10,2687256005731.914,15330818.19,4.176834914726472,2.312062801651542e-16,8.611572352819234e-05,5.5480448050783744e-11,372462735297.1492
898,39047.0,7.065636,1.111655159085906e+16,0.015270288337904427,1.147568174885326e-08,24025147646384.277,484407509.38,4.176834914726472,6.355960247429557e-16,0.000399854069720983,3.137134420049971e-10,629100960602.5931
899,56375.0,1.104839,5494108390110178.0,0.00100416216833019,8.136931301270705e-10,4993465829911.983,19824834.6,4.176834914726472,2.0109523175567411e-16,8.76689797139571e-05,6.932282637781409e-11,435957525937.1282
900,23967.0,12.835041,1.5634456628310292e+16,0.027888032276885046,2.1604572123903496e-08,33970614591872.105,921923068.71,4.176834914726472,8.20945767744738e-16,0.0005220525823016035,4.129403576985757e-10,635916040758.4058
901,29354.0,11.347139,1.4614119871256422e+16,0.03385918726384209,2.5207065027315346e-08,43607663695413.18,981390141.37,4.176834914726472,7.764503849676205e-16,0.0005238377253427017,3.9950433639020047e-10,674657048904.0929
902,99125.0,1.0938736,6212408156107567.0,0.0004721245952731956,3.0047158065915056e-10,2681325051060.913,7637172.2,4.176834914726472,1.7607883650152424e-16,5.508482717259152e-05,3.7029379378410545e-11,312841839865.94366
903,46028.0,4.352943,1.0970396302257508e+16,0.0085849621757787,6.7868110871346225e-09,21636037344891.312,256149933.58,4.176834914726472,3.9678994997694327e-16,0.00023030151824294777,1.9813303803524906e-10,580411671858.9525
904,13442.0,26.96674,3.425683830647897e+16,0.058838139855063004,4.463150377487675e-08,74744245810538.8,1500440458.89,4.176834914726472,7.871929031728478e-16,0.0006851039478658017,5.366744719356179e-10,870312657932.296
905,11065.0,75.94737,5.6693619561952024e+16,0.20563980728027037,1.6109057348775303e-07,153507158980499.0,5700107611.22,4.176834914726472,1.3396105344272193e-15,0.0013017542762044391,1.0799565902471626e-09,971740847619.5908
906,111422.0,1.1095922,8298642385871665.0,0.000883386564825607,5.393553142076871e-10,6606849967016.124,21451254.4,4.176834914726472,1.3370767752193623e-16,6.980573879714985e-05,4.140506281291984e-11,522077266548.1191
907,23650.0,16.632303,2.4409752913987284e+16,0.0593758083485304,4.6307594150666386e-08,87140596876805.97,2199306727.38,4.176834914726472,6.813794084113548e-16,0.0007125825372541524,5.87035574441122e-10,1045794059018.5256
908,44126.0,12.567627,2.6426741231651428e+16,0.027496403216111933,2.0996967655596482e-08,57818419705910.92,607677858.15,4.176834914726472,4.755647656226223e-16,0.00048209138079681436,3.7545191995992393e-10,1013723924996.0986
909,31784.0,13.746831,2.275945453658456e+16,0.03662095439828599,2.754438111409854e-08,60630187911244.875,1005761346.16,4.176834914726472,6.040052927412093e-16,0.0004966632234910778,3.839444770860364e-10,822282899603.4592
910,17523.0,2.0504782,3926577251742066.5,0.002068869019344193,1.5284367443469519e-09,3961794877014.945,77695697.35,4.176834914726472,5.222049812187661e-16,0.0001651907227822556,1.2795536856522014e-10,316333104285.4466
911,23060.0,6.296907,7373166134999950.0,0.013220625331357799,9.655846386479319e-09,15480277376923.275,560527292.49,4.176834914726472,8.540302611803339e-16,0.0003429113880222194,2.5788205988431214e-10,401521355400.55707
912,7762.0,110.10541,6.758479364522408e+16,3.8967870875093387,3.947587013027034e-06,2391921988108417.0,14813260447.25,4.176834914726472,1.6291447241517274e-15,0.0016938443077128818,1.4398518483458643e-09,1039713834260.3923
913,58196.0,1.5725014,5100622606172326.0,0.0007249392901085199,4.910032628925536e-10,2351439389007.8794,28778643.15,4.176834914726472,3.082959711814586e-16,9.263777487734622e-05,5.825099208309589e-11,300483248361.4291
914,15301.0,3.4673016,6752264188071879.0,0.003131916038013028,2.3123439790644697e-09,6099130373753.276,126863905.67,4.176834914726472,5.135020644075382e-16,0.0001622235210061092,1.2568126238318084e-10,315916005504.8218
915,25617.0,7.6420302,1.0392628689980724e+16,0.020396293628285562,1.5580350916625873e-08,27737538426711.74,781157683.95,4.176834914726472,7.35331784476e-16,0.0004166322621383061,3.19794235503433e-10,566590851822.3508
916,112831.0,1.3991994,7610008758163940.0,0.0006821908238518441,5.12625576245592e-10,3710320447715.749,29439388.06,4.176834914726472,1.838630472663981e-16,8.644421538997396e-05,5.744914934714837e-11,470155459050.5913
917,52396.0,2.9088714,6575685736366871.0,0.0024475739735451978,1.72816785825123e-09,5532894051811.277,56897204.4,4.176834914726472,4.423677646138818e-16,0.00012809846594534634,1.048085358669273e-10,289574594245.4834
918,135773.0,0.65073466,6140156257125861.0,0.000500386110214082,3.1811063626252746e-10,4721508003907.255,8261013.1,4.176834914726472,1.0598014655486988e-16,4.358061571609129e-05,2.9093341063449085e-11,411214903288.7776
919,2861.0,11.265431,1.5101254449676406e+16,0.04434044608122029,3.530966003583793e-08,59438148321592.375,1587379281.9,4.176834914726472,7.459930588906406e-16,0.0006396402590341919,5.373306978917162e-10,857434598634.7312
920,50151.0,13.712018,3.41483403896299e+16,0.0390711956147985,2.983315586980743e-08,97302708272695.83,958489335.21,4.176834914726472,4.0154273512407763e-16,0.0005822338800130318,4.5466987055298444e-10,1449992314848.1821
921,35729.0,23.754766,4.41671954925672e+16,0.08783466697374198,7.028951808337532e-08,163310844958598.94,3016513570.16,4.176834914726472,5.378373187402773e-16,0.0008749166261718961,7.220369422882663e-10,1626730975494.832
922,28229.0,22.87711,3.1295162284320144e+16,0.07601461159516319,5.7964748335021544e-08,103985582350663.88,2739700237.79,4.176834914726472,7.310110678500027e-16,0.0007826031332866091,6.307679215918583e-10,1070576312323.6222
923,23455.0,2.8854287,4244181490660350.5,0.0036844568619425868,2.7938888032445347e-09,5419473236886.167,92736036.0,4.176834914726472,6.79855163203932e-16,0.0001442042455673313,9.99862636850927e-11,212110245493.6791
924,61972.0,3.5799537,1.5053690871665082e+16,0.007658637968600855,5.6590255015195865e-09,32204541773072.176,241338897.22,4.176834914726472,2.3781235648583656e-16,0.0002427134487523537,1.9487542822241046e-10,1020609073216.1305
925,62379.0,3.994685,1.027101041481262e+16,0.005949435860546361,4.416284493714049e-09,15297005317298.201,122114465.03,4.176834914726472,3.889281422827646e-16,0.0001825933300704332,1.419303054817044e-10,469478318022.25653
926,30019.0,32.35193,6.117010323575667e+16,0.1128084364481129,9.074414284074176e-08,213294962723873.4,4466893807.85,4.176834914726472,5.288846722280639e-16,0.0009819920852022139,8.325158908437267e-10,1856722527172.734
927,6380.0,21.922594,1.8032321038148868e+16,0.042787361783336475,3.346578461576522e-08,35194532364762.36,947826722.9,4.176834914726472,1.2157388920495004e-15,0.0005673932142195195,4.519808483704402e-10,466706476143.90656
928,38716.0,21.32464,3.2953811122911124e+16,0.04282070447661533,3.344212461937449e-08,66172531281764.98,1493243971.94,4.176834914726472,6.471069437299181e-16,0.0006284750925269492,5.090500688758393e-10,971207462099.5796
929,18689.0,35.473858,6.547475378051223e+16,0.2015708246612324,1.594178728816136e-07,372042987656685.0,9185426683.6,4.176834914726472,5.417944467407583e-16,0.0012853820041798273,1.0668107322280682e-09,2372453265093.8486
930,9748.0,2.5073588,1.0457613899798596e+16,0.0029896661147862623,2.3046486179757397e-09,12469206209237.26,80139556.4,4.176834914726472,2.397639484517868e-16,0.0001524514040871188,1.175384528905813e-10,635839562501.0933
931,31437.0,13.595216,2.2715078342053812e+16,0.06013810774215566,4.696873838983808e-08,100479597286717.52,3201500709.62,4.176834914726472,5.985106366474795e-16,0.0007323339691768221,6.069500488844782e-10,1223593908504.1926
932,23160.0,26.125885,2.612535866998073e+16,0.10117321829529122,7.98542956835754e-08,101171180067612.61,3492327316.7,4.176834914726472,1.0000201463270196e-15,0.0009622361727771315,7.860791431647767e-10,962216787643.0638
933,30635.0,31.828661,7.233438662016422e+16,0.1414382406849945,1.158797413572376e-07,321435085961807.6,4799733517.5,4.176834914726472,4.4002116402999004e-16,0.001061804335357183,9.014115709655448e-10,2413075602165.3877
934,143325.0,0.20247164,5734295298907742.0,2.605530370349187e-06,1.98886111098539e-12,73792460780.45642,1310061.5,4.176834914726472,3.5308896637842567e-17,1.2010661740260712e-06,9.168013669786275e-13,34015964484.679474
935,125185.0,0.40052292,5196735245532902.0,0.0001998284254224383,1.2415506751660714e-10,2592749052793.603,1609506.8,4.176834914726472,7.707202716249367e-17,2.9574486407319795e-05,1.8374875090505857e-11,383725295624.66113
936,54505.0,6.217121,1.6788158106689582e+16,0.008612650676637738,6.414373941235621e-09,23256832427273.23,237797357.81,4.176834914726472,3.70327760823426e-16,0.0002620996117573439,1.8666473186996733e-10,707750375436.5156
937,95763.0,2.2188303,1.7289014529908272e+16,0.003733797340903696,2.5916668795454876e-09,29093561809849.48,89791240.82,4.176834914726472,1.2833758084717003e-16,0.00017177804589035175,1.369984002488348e-10,1338485927165.1108
938,14685.0,44.85995,4.143442593195803e+16,0.18510193171075529,1.4311000623325309e-07,170967472753127.1,4861514457.11,4.176834914726472,1.0826733806730477e-15,0.0011462862335877245,9.312663175441923e-10,1058755349535.916
939,12417.0,56.631516,7.101671094245277e+16,0.3193351113091778,2.50692650203106e-07,400450683566723.9,10750773694.86,4.176834914726472,7.974392963071807e-16,0.0016549323622723298,1.3580635637831255e-09,2075308264762.0554
940,49228.0,3.4574418,5993377485369288.0,0.0024473148541086223,1.8448920063786822e-09,4242351019827.562,64075152.49,4.176834914726472,5.768770294279179e-16,0.00016332600928447452,1.2324252489325189e-10,283121013583.16
941,64169.0,1.3728874,4574115858034254.0,0.001030439799908225,6.898066919356871e-10,3433166499677.8726,43028007.9,4.176834914726472,3.0014268169193343e-16,9.273788271100987e-05,6.794458505091227e-11,308979323394.58496
942,47280.0,14.769544,2.908328784796068e+16,0.032013968147465106,2.4731403861363624e-08,63039959174648.33,1400152928.21,4.176834914726472,5.078361180211487e-16,0.0004962713549353692,3.983299859891609e-10,977227371832.3873
943,24120.0,20.329485,3.2226142216426204e+16,0.1076528519293216,8.4532984444524e-08,170650467352133.62,4108096687.72,4.176834914726472,6.30838307094596e-16,0.0009477271411362447,7.875487225501467e-10,1502329726140.3154
944,35366.0,21.110582,5.212921717977439e+16,0.06185985606654749,4.7853583999120415e-08,152753053970877.66,2155060547.9,4.176834914726472,4.049664112007938e-16,0.0007181193021394567,5.84894416105361e-10,1773281146972.4407
945,105251.0,1.0069373,7710630221189459.0,0.0006745595334263549,3.8821449320639425e-10,5165444883637.455,16002706.36,4.176834914726472,1.3059079103973262e-16,8.994977996445571e-05,5.6042176810311954e-11,688791141000.8093
946,19114.0,28.070234,7.140721742545487e+16,0.13343816355387822,1.0703717949511945e-07,339450250316587.7,4757085760.65,4.176834914726472,3.931007958586784e-16,0.0007503632441452208,6.227240974393832e-10,1908831658572.8306
947,143447.0,0.8380974,5859799999031321.0,0.0005599104176351739,5.623276235636376e-10,3914775376604.46,14157672.0,4.176834914726472,1.430249155497705e-16,5.878792519325596e-05,4.956936116702185e-11,411032755847.34503
948,41809.0,4.421001,8846146037252050.0,0.00984081933839449,7.230326186825655e-09,19690862995428.355,288594165.53,4.176834914726472,4.997657716007288e-16,0.00027725102508574853,2.1135382904552909e-10,554761932170.1947
949,59590.0,2.4131467,8451073478749322.0,0.0041529877574557,3.0916872406702936e-09,14544165381493.172,80305524.8,4.176834914726472,2.855432160266961e-16,0.00018732578546622606,1.437021504901459e-10,656033044919.9414
950,37613.0,16.429953,2.609975311321611e+16,0.03521992137163059,2.7167735884917337e-08,55948501646136.3,852169889.28,4.176834914726472,6.295060696064737e-16,0.0005342688045366272,4.254300730713007e-10,848711125010.4662
951,52438.0,9.143445,2.5476912063107136e+16,0.020108552424304375,1.5279200646721277e-08,56029627982711.375,794855339.78,4.176834914726472,3.5889141420873104e-16,0.0004291556523611571,3.480436061424721e-10,1195781329311.936
952,37374.0,17.898565,4.744204572783292e+16,0.06556794953669287,5.0711412993545635e-08,173794807583737.8,2884031134.62,4.176834914726472,3.772722007537591e-16,0.0007231349915391406,5.839648461620848e-10,1916746026063.8757
953,64288.0,3.2744286,9732476197240854.0,0.003815825809401082,2.8263323991691703e-09,11341653277403.377,112199803.85,4.176834914726472,3.364435251255273e-16,0.00016096933850053943,1.214774917730555e-10,478443859011.6474
954,16647.0,41.30959,3.5290614092879904e+16,0.12558660459303123,9.820319108387511e-08,107288123603448.11,4404421893.11,4.176834914726472,1.1705545812061814e-15,0.0010087984324584592,8.227244366799438e-10,861812382485.3662
955,22984.0,7.5533943,1.30981090092151e+16,0.160456489301892,1.203169875463534e-07,278242668744585.16,4263318394.48,4.176834914726472,5.766782284897654e-16,0.0007948545859979393,6.364155336248648e-10,1378332918999.8127
956,17911.0,54.999203,9.19879393242293e+16,0.4980116846780965,4.263277599834373e-07,832940590665031.1,13533437179.1,4.176834914726472,5.978958046461359e-16,0.00150386474591614,1.2736043259525638e-09,2515262248421.6978
957,43949.0,7.9506273,1.1858830166137962e+16,0.016032605153799184,1.1787696702303377e-08,23913577440569.086,603587596.37,4.176834914726472,6.704394268755485e-16,0.00039064718340805897,2.867518353683756e-10,582673344896.4862
958,11699.0,76.692345,4.897916469016438e+16,0.2520463371204119,2.054275051631636e-07,160968073871953.56,8862589964.2,4.176834914726472,1.5658156990864477e-15,0.0014944392801853024,1.2713181275789826e-09,954415823686.7922
959,60813.0,1.6800537,8403761805869961.0,0.0034472048432900135,2.5502091095424347e-09,17243191928359.527,82733638.62,4.176834914726472,1.9991686328216678e-16,0.00014776200982554022,1.0906016440958673e-10,739117288054.8145
960,27434.0,45.84008,7.024518496954013e+16,0.12205320511669507,9.860574512297991e-08,187033922487645.44,4198321003.16,4.176834914726472,6.525725573913326e-16,0.0010132227056313184,8.449848914557941e-10,1552659078527.1287
