,id,sfr,sfrd,snr,snr_solar,snrd,mass,z,halo_volume,snr_err,snr_solar_err,snrd_err
0,2588.0,0.66091335,499527324509599.3,0.012220511701334875,9.191060718397017e-09,9236429426499.045,337152373.05,1.4955121664955555,1.3230774725863856e-15,0.0003071754911912149,2.275598264026735e-10,232167425986.58295
1,237092.0,9.20766,9205842174599006.0,0.022831713284157867,1.7775404339793674e-08,22827205725412.633,849295422.25,1.4955121664955555,1.0001974643239062e-15,0.0004019554243933848,3.194943143645818e-10,401876068207.28217
2,133191.0,34.23071,2.120410366634712e+16,0.12253142569052526,9.504701584885135e-08,75901699168004.58,4801134407.87,1.4955121664955555,1.6143436449203612e-15,0.001028991512350877,8.301522327826613e-10,637405496400.1417
3,119470.0,38.861725,3.242057303978377e+16,0.16867946422114025,1.3525908481179912e-07,140721619796678.36,8241515862.64,1.4955121664955555,1.1986748337949547e-15,0.0011159439070784914,9.278658985369866e-10,930981343410.2552
4,137020.0,0.29821426,959748244232329.1,1.142916110813197e-05,9.89918743378984e-12,36782671984.15689,4453769.84,1.4955121664955555,3.1072133946807243e-16,3.7774664848370254e-05,3.294178506396667e-11,121570874124.82565
5,216341.0,13.320032,1.8720076890914108e+16,0.06342568280746522,4.835468023076453e-08,89138949442049.23,2869983708.35,1.4955121664955555,7.115372483574012e-16,0.000629865369647089,4.905728938695001e-10,885217704485.8109
6,174585.0,10.229747,1.350162660764228e+16,0.016900302231735356,1.323536684538425e-08,22305690481807.06,376666668.75,1.4955121664955555,7.576677460632551e-16,0.00035791098576560816,2.857033482676929e-10,472385141937.56824
7,98286.0,14.865337,5690016460810942.0,0.04090450573866383,3.1701638140681266e-08,15657049078290.848,1091072002.9,1.4955121664955555,2.612529700464415e-15,0.0005647789198371107,4.498657102517857e-10,216180860924.45688
8,201441.0,2.961854,2420427901379497.0,0.010582900507309896,8.081754907872353e-09,8648349197974.008,321227433.1,1.4955121664955555,1.2236902401893165e-15,0.0002903903977229406,2.306675085927956e-10,237307112687.28796
9,122080.0,36.899982,6403020929808919.0,0.07356474145303989,5.935163736142413e-08,12765225175985.076,2216199782.58,1.4955121664955555,5.762901980878139e-15,0.0008075894337317577,6.891587246348849e-10,140135896187.61813
10,171702.0,17.090012,1.0125293315150558e+16,0.10190585813300704,7.76731707189614e-08,60376008169497.91,1848816831.58,1.4955121664955555,1.687853523653293e-15,0.000566612956240854,4.5515804791302937e-10,335700313030.9806
11,56687.0,18.911127,2.5498330950867184e+16,0.06171224824582975,5.063722075712066e-08,83208120250804.72,2871938193.96,1.4955121664955555,7.416613674220446e-16,0.0006901485679461372,5.739290967748173e-10,930544043766.2787
12,34596.0,26.814112,1.7137574100548548e+16,0.11367114997014936,9.241634441393266e-08,72650093939639.0,3370338612.51,1.4955121664955555,1.5646387197323174e-15,0.0008765551791342878,7.328213129010524e-10,560228484748.3842
13,175167.0,13.40013,6299667446394227.0,0.2778822932389002,2.1331995142501447e-07,130637989082678.6,2387715857.41,1.4955121664955555,2.1271170445147707e-15,0.0006881125207823733,5.408470328408959e-10,323495372554.5191
14,186167.0,5.2763753,4561120792460945.0,0.0342054368312666,2.7044644908927095e-08,29568618658778.79,1771604289.98,1.4955121664955555,1.156815515327131e-15,0.0005404389535392438,4.3495207491989094e-10,467178168323.94006
15,114331.0,6.4730964,2152880493700297.2,0.023640887361392596,1.8047558165599413e-08,7862698484469.968,1391191281.17,1.4955121664955555,3.0067142226154245e-15,0.00047570206569122974,3.780216696287128e-10,158213262209.34787
16,90790.0,43.491653,4.7216100338442216e+16,0.12642917080873764,9.747603779075352e-08,137256048065393.28,4976796931.49,1.4955121664955555,9.211191243718648e-16,0.0010343113972253785,8.223870478240016e-10,1122885596291.0361
17,257626.0,8.559743,5275869404028912.0,0.0789281371619006,6.471997125356821e-08,48648019452157.48,311231221.85,1.4955121664955555,1.622432692034295e-15,0.00025226652502404574,2.0927695087811747e-10,155486588912.19714
18,118923.0,14.623912,6271011128097158.0,0.050447928640832314,4.103704402562412e-08,21633029650076.582,1185380515.07,1.4955121664955555,2.331986293961083e-15,0.00042217990729593707,3.6050144981260703e-10,181038760128.7431
19,1.0,48.18594,9236163951998836.0,0.2379847271238541,1.9480572895760063e-07,45616334511428.45,7197339059.42,1.4955121664955555,5.217094483210412e-15,0.0011645913858586297,9.60363537950206e-10,223226048446.41077
20,156826.0,4.2355227,2817338362491257.0,0.038118823128620236,3.0415715553552996e-08,25355459134543.367,1357803145.18,1.4955121664955555,1.5033773565822959e-15,0.0005664728868349951,4.711115568758366e-10,376800198802.24
21,104116.0,19.733786,1.4977932807548734e+16,0.07905622431366392,6.137617476283847e-08,60003631122206.3,2339671492.19,1.4955121664955555,1.3175240037166117e-15,0.0005755500700694634,4.5025989288222836e-10,436842189171.4236
22,23709.0,8.4327755,1878872129243486.2,0.019255858284890157,1.4177709172918209e-08,4290318822805.421,836563675.89,1.4955121664955555,4.4882115013305316e-15,0.0004021002988276167,3.078928777927188e-10,89590318706.77528
23,72548.0,18.154755,5406790282236596.0,0.016716662000549633,1.2906069549027518e-08,4978502086974.212,597375833.34,1.4955121664955555,3.3577694070445857e-15,0.0003831079308967638,3.120295280001243e-10,114095962067.2596
24,134719.0,25.081194,2.2261197973633264e+16,0.10505999257214149,8.170186680860465e-08,93247605905718.92,4803088755.16,1.4955121664955555,1.1266776401569589e-15,0.0009533908103316094,7.762224646405691e-10,846196619468.5387
25,70015.0,1.5908184,1563268879906885.8,0.0015779768582968453,1.2168379724378036e-09,1550649725819.5505,95578790.26,1.4955121664955555,1.0176230208681408e-15,9.546916859644864e-05,7.558167705329335e-11,93815849915.62325
26,190307.0,4.5044346,4652186572264325.0,0.013833950051049074,1.0770825485204832e-08,14287723628813.676,573439765.46,1.4955121664955555,9.682403166835137e-16,0.0003456941582683583,2.9268552652805056e-10,357033426838.13745
27,89696.0,37.440002,1.4441537622134198e+16,0.09541731821703989,7.364191747943719e-08,36804826848955.09,3914424207.37,1.4955121664955555,2.5925218615652537e-15,0.0008706623336569152,6.982391452476737e-10,335836062393.4128
28,188384.0,35.74856,2.212488980517605e+16,0.11808821510103734,9.16330001699589e-08,73085146545773.52,3879783504.69,1.4955121664955555,1.6157621716894037e-15,0.0009440522200132506,7.620140239522511e-10,584276718786.015
29,154598.0,158.03004,1.782092193994854e+17,0.6670584646263037,5.271159771106759e-07,752236525883767.5,14377997749.77,1.4955121664955555,8.867669166192215e-16,0.0018211764186212359,1.492085614841058e-09,2053726164666.1663
30,19986.0,2.3464658,361234742590181.5,0.01989943210950753,1.5849475247839952e-08,3063486472195.2246,553345293.11,1.4955121664955555,6.495681404216566e-15,0.00041030037986980103,3.3105689383433937e-10,63165102217.522736
31,42672.0,0.78892237,407891323544687.75,0.000381720623598153,2.854512015005414e-10,197358493439.2901,15935447.19,1.4955121664955555,1.9341484470521404e-15,4.919488549955693e-05,3.382198018443004e-11,25434906805.904926
32,123486.0,7.315142,4738767932064724.0,0.018198276737586765,1.492322651263875e-08,11788890799784.285,826550173.75,1.4955121664955555,1.5436801516491917e-15,0.0004193157240251021,3.5489224900050225e-10,271633811950.6984
33,211766.0,9.172139,5091675768253366.0,0.009894464973935117,7.900468965601195e-09,5492656352854.782,246444068.33,1.4955121664955555,1.8013988748435928e-15,0.0002346713032539977,1.9964918492710098e-10,130271705245.9429
34,53960.0,9.097345,1.6920907712529108e+16,0.01819929479154017,1.4917853400326205e-08,33850380259379.293,1141738426.45,1.4955121664955555,5.376393013043774e-16,0.00042542162722476376,3.609999817398692e-10,791277025679.9305
35,136896.0,37.426575,2.370054643895889e+16,0.14576981019352953,1.1916096021547995e-07,92309385934726.05,5169935015.86,1.4955121664955555,1.5791439702199568e-15,0.0010689330747175186,8.928763808490647e-10,676906662644.9698
36,94410.0,2.7272427,1234011857508413.8,0.00546502688047919,4.21741899935314e-09,2472793481897.8657,149083439.34,1.4955121664955555,2.2100619887936572e-15,0.00020758508504205932,1.6979936137485363e-10,93927268146.6133
37,56304.0,6.98138,1830447948114648.0,0.007547208277338578,5.7767822339464686e-09,1978802458145.5657,220822594.4,1.4955121664955555,3.8140281493340386e-15,0.00026825346330143013,2.1468275710413923e-10,70333372696.33667
38,37357.0,1.2462175,2634121271998873.0,0.00010656757493072187,7.84509888913944e-11,225251142782.338,4779156.7,1.4955121664955555,4.73105590561638e-16,9.683475366792154e-06,7.17413531205082e-12,20467894609.52386
39,117968.0,23.161488,9395017484661512.0,0.06281927696397142,5.000204524581324e-08,25481445986989.51,3081550785.37,1.4955121664955555,2.4652948265198965e-15,0.0007576738975457198,6.332634115295691e-10,307336018960.1667
40,98948.0,0.3483813,309203547546092.94,0.0007081051993046836,5.680788282243431e-10,628474145026.8466,8701792.16,1.4955121664955555,1.1267053782688792e-15,7.455353696580034e-05,5.948206024668079e-11,66169504826.8499
41,64752.0,11.613381,3876118668030638.5,0.033192532496787934,2.5449630273407665e-08,11078444326420.818,801424963.37,1.4955121664955555,2.996136598134772e-15,0.0005455152446087642,4.330354704036192e-10,182072888448.53458
42,140612.0,71.87937,5.7012050399735384e+16,0.29314702521822245,2.3297620790554552e-07,232513348075724.66,9152874888.88,1.4955121664955555,1.260775037838906e-15,0.0013788480661096384,1.1319575330658333e-09,1093651146895.4219
43,121212.0,23.982584,1.7228492352158322e+16,0.14531219303791343,1.1291569284862743e-07,104388668311514.94,2391444898.95,1.4955121664955555,1.3920303361306917e-15,0.000616661287913524,4.669142009182222e-10,442994144529.6407
44,71527.0,25.024347,3.9002598456700424e+16,0.16708778356052012,1.3664493255195534e-07,260420690667014.7,6575540182.08,1.4955121664955555,6.416071746548199e-16,0.000834500014465532,6.913215419950408e-10,1300640091679.9084
45,35345.0,2.799003,977873510929295.1,0.0027228244563413427,2.0633676978207966e-09,951259398709.7041,58396601.55,1.4955121664955555,2.8623364563173868e-15,0.00014654587533691226,1.1464724332015549e-10,51197990723.09433
46,135455.0,22.945612,9577962155735574.0,0.13163685811770712,1.0772870039761718e-07,54947884822219.25,2288552669.58,1.4955121664955555,2.3956674318513017e-15,0.0006823795963410024,5.73214526177692e-10,284839033694.12146
47,91916.0,0.8862592,1122685353635322.0,0.0024657102310636936,1.8009997006032963e-09,3123484374237.2144,282873651.15,1.4955121664955555,7.894101380500244e-16,0.00016090184892594126,1.3159373287843196e-10,203825414914.73096
48,115779.0,18.565226,7350424888019206.0,0.060930775409891676,4.697614759477876e-08,24123977161343.277,2206961508.05,1.4955121664955555,2.525735081010121e-15,0.0007384031079347126,5.965122390178694e-10,292351764635.348
49,25782.0,6.5565414,2.186541686590835e+16,0.055461626057895355,4.169233705683037e-08,184959035539226.06,1597475911.1,1.4955121664955555,2.9985897091322724e-16,0.00040343786097740074,3.2003338588469537e-10,1345425350286.2417
50,176239.0,9.71626,6885377715231264.0,0.027224597044619145,2.22907607979105e-08,19292570783117.33,701484948.05,1.4955121664955555,1.4111440797948517e-15,0.00044955243784718525,3.783345241379852e-10,318573024742.1227
51,78465.0,42.97678,4.612635121464742e+16,0.1589234998150053,1.2278552316469737e-07,170570274662920.1,7602018424.48,1.4955121664955555,9.317186135102904e-16,0.001083462804293996,8.540304065286839e-10,1162864826980.3293
52,97367.0,18.889591,8478218334684154.0,0.35461249498936853,2.7317226581166785e-07,159160786314905.25,2476531754.98,1.4955121664955555,2.228014218827464e-15,0.0005544409639433253,4.584293873378079e-10,248849831952.64825
53,174154.0,26.853128,3.018470161240735e+16,0.42899834847062346,3.4061908693837196e-07,482222672189300.2,7729116010.02,1.4955121664955555,8.896270814538079e-16,0.000860478747987655,7.37565636148987e-10,967235334811.8412
54,31173.0,50.33503,7710705616484645.0,0.1599485092367822,1.2602019143076018e-07,24502138342232.09,5140848178.89,1.4955121664955555,6.527940827151956e-15,0.001102738870997371,9.136033361205185e-10,168925990629.4953
55,57449.0,1.3267411,623702506622020.4,0.0024571153878707613,2.2418906984500333e-09,1155092750555.8784,105269031.62,1.4955121664955555,2.1272018084160738e-15,0.00014523607283133133,1.2154919648211773e-10,68275643738.5106
56,76833.0,19.419975,8127159987249280.0,0.15148909926861598,1.1494532246447403e-07,63397411483811.38,2907407121.24,1.4955121664955555,2.3895155294676177e-15,0.0007059545749056497,5.777487484725332e-10,295438370749.12665
57,139943.0,11.559553,7377357499749543.0,0.01766942522389043,1.353025346422865e-08,11276704790551.314,441067202.49,1.4955121664955555,1.5668961413883547e-15,0.0003799303133001436,2.9964982470235063e-10,242473194785.90634
58,111735.0,151.93858,7.969628158770008e+16,0.5469068362988778,4.297522658140228e-07,286868820466227.56,16017309461.88,1.4955121664955555,1.9064701259970634e-15,0.00203031278577714,1.6611492585786556e-09,1064959139978.8171
59,128581.0,55.985283,2.5884231369852796e+16,0.25911345203181346,2.0204911957617414e-07,119798493176014.0,5886958336.26,1.4955121664955555,2.162910777609789e-15,0.0010811425391119157,8.492910400968694e-10,499855357097.3813
60,129530.0,22.512247,4.327008572475043e+16,0.07413295259183769,5.913113619482565e-08,142488629130520.7,2816119063.01,1.4955121664955555,5.202727617228413e-16,0.0007859945784708109,6.419665999421023e-10,1510735591592.4817
61,136044.0,0.12824929,94349064695921.1,0.02733084453621709,2.1636498554605373e-08,20106463118366.645,801484778.14,1.4955121664955555,1.3593064267604177e-15,0.00048133543838582737,3.8378578374643773e-10,354103702380.76154
62,9192.0,0.50585175,228486707717298.88,0.001338001274991264,1.0071585829699514e-09,604357909692.518,51213358.89,1.4955121664955555,2.2139220047140698e-15,0.00012699625677611338,1.1188442080211922e-10,57362570364.13307
63,211053.0,0.20008889,148168860989808.84,0.008749581959920516,6.762857574620267e-09,6479198286013.792,342026252.64,1.4955121664955555,1.3504112042392109e-15,0.0002840686357055969,2.2208507459063975e-10,210357137747.2644
64,120812.0,4.358216,2263443499107368.5,0.010587561837541481,8.17092116833969e-09,5498660005052.647,258212898.44,1.4955121664955555,1.925480358453279e-15,0.0002764922244973084,2.233563344262202e-10,143596491796.68192
65,34593.0,0.6723583,174512470418395.06,0.0076416915399002885,5.413127132672009e-09,1983422334197.9255,196644040.86,1.4955121664955555,3.852780826424699e-15,0.00025363577826726166,1.891171337924409e-10,65831873053.26954
66,140270.0,27.415403,2.1990405719112356e+16,0.14435286402850514,1.1224284963696968e-07,115788122709802.5,4053718308.8,1.4955121664955555,1.2466983715617697e-15,0.0007719807098624975,6.305379561692931e-10,619220115684.7733
67,22358.0,12.194993,2744747427894963.0,0.014507192531922227,1.1175757004453991e-08,3265158035594.6533,897100936.55,1.4955121664955555,4.443029211380933e-15,0.00034176621319442703,2.799436435852722e-10,76921892009.84413
68,92954.0,0.8988548,1183931128139148.2,0.0006388027291841538,3.9971754270382377e-10,841402232953.9343,15825026.7,1.4955121664955555,7.592120678613975e-16,5.808200240585221e-05,3.7689901372688806e-11,76503002078.8022
69,176410.0,16.138386,1.233553863451557e+16,0.09083393206110237,7.081043438494165e-08,69429835069299.414,4917125674.4,1.4955121664955555,1.3082838518979494e-15,0.0008117610331498453,6.533990771491637e-10,620477759449.6866
70,57450.0,34.0309,2.9717941622985024e+16,0.11594335995444469,9.153278502929294e-08,101249100161880.12,4542343825.24,1.4955121664955555,1.1451297815888826e-15,0.0008097643656899431,6.673547547937043e-10,707137635147.6812
71,119591.0,7.6960807,3041809491333299.0,0.02097856604593529,1.5701282732034232e-08,8291597216890.987,938304895.95,1.4955121664955555,2.5300995088376232e-15,0.00043454598393002133,3.440054778362089e-10,171750550684.72787
72,57904.0,0.9166256,712507335386984.0,0.005875920050600811,4.569834023480317e-09,4567444044984.709,257245450.73,1.4955121664955555,1.2864788255157448e-15,0.00020849040460116537,1.7189215661179138e-10,162062834199.84183
73,167182.0,46.316536,4.934403403043177e+16,0.2254008064761086,1.728054654361321e-07,240134216108991.12,10680030970.62,1.4955121664955555,9.38645104926674e-16,0.0012439081122117969,9.803606874862621e-10,1325216640115.5095
74,174081.0,17.402136,7460048115012708.0,0.08770063759877625,6.827977437109188e-08,37596015581315.04,2001665414.34,1.4955121664955555,2.332710959997656e-15,0.0005844539373272761,4.690814052768388e-10,250547087637.4085
75,36606.0,1.8991997,1274870351674940.8,0.000861377521283683,6.574700040856354e-10,578214425520.2955,28587624.1,1.4955121664955555,1.4897198742639262e-15,6.018234086628581e-05,7.002631380772903e-11,40398427856.12431
76,72857.0,41.584362,1.8380244443043096e+16,0.1799158542775739,1.4444485111245727e-07,79522619123042.67,3692153912.7,1.4955121664955555,2.262448800877599e-15,0.0009092772426464922,7.538356265000272e-10,401899588752.5877
77,176476.0,10.973423,1.4833572442150522e+16,0.1370704001777975,1.1302078173589574e-07,185288010014005.75,1825261423.81,1.4955121664955555,7.3976940098518235e-16,0.00041773359860148874,3.4782230997572126e-10,564680828978.8347
78,98056.0,16.252398,5021859535533410.0,0.06675177414003718,5.327785575137329e-08,20625758332949.895,2739814272.62,1.4955121664955555,3.2363306629749666e-15,0.0006255478773223711,5.107456804738643e-10,193289234774.09506
79,186587.0,1.4359548,680979424961247.9,0.008471408655944281,6.376640404062827e-09,4017434946515.499,256777839.37,1.4955121664955555,2.1086610657608564e-15,0.00025208712183047037,1.899171288143007e-10,119548430956.35722
80,4.0,0.289505,848039883661158.2,0.0008977302469454093,6.631451387222964e-10,2629699156072.219,14843311.14,1.4955121664955555,3.413813496013287e-16,7.936464614469958e-05,5.008126371342848e-11,232480908044.28256
81,152876.0,21.605616,9524476198913564.0,0.05806818685884593,4.5688602440360874e-08,25598393660756.695,1976898523.33,1.4955121664955555,2.2684308878281944e-15,0.0006977002705808898,5.664131176627477e-10,307569551413.0788
82,151957.0,10.590649,9973082247912186.0,0.05477883818902789,4.3925529107918864e-08,51584549606378.99,1925099647.54,1.4955121664955555,1.061923358971305e-15,0.0005665253491325473,4.705697114648207e-10,533489864731.2417
83,271049.0,33.655346,3.611451635511793e+16,0.041941207976917284,3.3863876113528056e-08,45005819920430.52,692006225.13,1.4955121664955555,9.319063190287074e-16,0.0005638474145496662,4.677347494428191e-10,605047313272.1583
84,79467.0,5.750484,2675215393597885.5,0.006677749298543278,5.055227926494637e-09,3106593761160.0103,268693469.44,1.4955121664955555,2.1495405617662056e-15,0.0002337363892998159,1.7769685635847608e-10,108737836101.94475
85,133459.0,0.37507084,236554130523573.34,0.0019076248626227561,1.4396925769066065e-09,1203123497264.8823,50502606.64,1.4955121664955555,1.585560307781745e-15,0.00012695429788136647,9.936153464091337e-11,80069043894.63434
86,283467.0,11.425158,1.1442096064226148e+16,0.025248677203215636,2.0897918743169784e-08,25286108958303.254,902643438.84,1.4955121664955555,9.985196712096217e-16,0.00048647046502122175,4.2799312379945606e-10,487191668875.08997
87,58379.0,1.9844317,1083639666543928.9,0.006143457734998979,5.150294271228534e-09,3354761210164.61,265963691.63,1.4955121664955555,1.831265282424538e-15,0.00021901441257988593,1.8981050868420663e-10,119597315955.18356
88,71189.0,0.88395804,3074760887648657.0,0.0023659966909050836,1.8176504326147184e-09,8229886212134.118,1110446497.05,1.4955121664955555,2.874883843979113e-16,0.000145849852330585,1.1765762666324298e-10,507324331158.7675
89,4966.0,5.1679807,969978226063665.5,0.012637275526035826,9.676845928309535e-09,2371890068595.265,381386892.58,1.4955121664955555,5.327934752692886e-15,0.0002955858180753056,2.405749757086514e-10,55478498103.96201
90,165295.0,11.444931,6125823640975057.0,0.09981021274659925,7.011933737726532e-08,53422756402276.92,1247905163.87,1.4955121664955555,1.868308928034744e-15,0.0004524909744073278,3.578037103614817e-10,242192802066.893
91,178568.0,41.43358,3.012796251984107e+16,0.0542389592282937,4.323025422601355e-08,39439250258974.016,1903543006.18,1.4955121664955555,1.3752533040597585e-15,0.0006544535164252117,5.361149788458353e-10,475878526881.7459
92,60549.0,3.6820977,1873086889929477.2,0.0019637830187314094,1.4203616878052875e-09,998978442927.2303,57467983.58,1.4955121664955555,1.965791186621691e-15,0.0001562140708604849,1.0624182757742334e-10,79466258636.01845
93,85352.0,2.0785365,523863114076182.2,0.01657027082728726,1.2795272483118224e-08,4176281569589.1895,373409561.94,1.4955121664955555,3.967709205229004e-15,0.00037326098207741054,2.8185775390875084e-10,94074682082.42017
94,136712.0,2.3844001,1389239326937024.5,0.007900949536390799,6.042219778900904e-09,4603384229055.748,225144944.85999998,1.4955121664955555,1.716335014253514e-15,0.0002773472698697371,2.2424398839644812e-10,161592735431.29562
95,104914.0,36.431026,3.796403079488023e+16,0.1332404531299281,1.0668322268818448e-07,138847164659825.56,6737848829.99,1.4955121664955555,9.59619546112923e-16,0.0010748978829935787,8.95572282070502e-10,1120129208859.4976
96,11143.0,5.1140823,1266673173494446.2,0.015151475214006543,1.153354290013557e-08,3752768545091.2886,587699427.71,1.4955121664955555,4.037412654671985e-15,0.00035319739698558777,2.732140116477521e-10,87481123975.98924
97,31176.0,16.372597,1.3958952959655566e+16,0.07459474349598093,5.6569355040743065e-08,63598005588115.98,2385125894.95,1.4955121664955555,1.1729101063181739e-15,0.000615321732157532,5.159432378051067e-10,524611160602.119
98,62343.0,8.699639,3503040156091901.5,0.020123070649781985,1.517264155183062e-08,8102856285193.058,556919886.69,1.4955121664955555,2.483453974934042e-15,0.0004084686420330784,3.286965010609982e-10,164476026596.759
99,166161.0,18.777971,1.3626850627953606e+16,0.0672430518778066,5.338716639226417e-08,48797126361874.016,3591024938.46,1.4955121664955555,1.3780125366223345e-15,0.0008042036638508201,6.730137667674613e-10,583596768881.3738
100,182785.0,4.675988,3021923236143159.5,0.004911145256860026,3.6881920492120113e-09,3173896932109.2305,154845521.42,1.4955121664955555,1.5473549903828469e-15,0.00021755707552036552,1.755581093168967e-10,140599330388.00458
101,215983.0,20.72887,1.594624987835615e+16,0.06066052999309317,4.9027900426603547e-08,46664770873828.695,2165547306.0,1.4955121664955555,1.2999213080271182e-15,0.0006667689735657829,5.473826411615867e-10,512930259276.797
102,122637.0,65.902245,3.964094591172044e+16,0.16263560545830977,1.341876799953744e-07,97827156560338.17,5685658419.36,1.4955121664955555,1.6624791231461257e-15,0.0010678719931929152,9.148336476283555e-10,642337084613.7556
103,116810.0,18.051708,1.4865667853566394e+16,0.32880822840596835,2.4830857812488205e-07,270775148312986.22,2365669248.69,1.4955121664955555,1.214322032337703e-15,0.0006623238547522665,5.492497943178915e-10,545426861338.6027
104,110237.0,0.84258974,804584057016194.2,0.00032262510585051796,1.8955128722066483e-10,308072842852.90356,13926244.54,1.4955121664955555,1.0472364355872897e-15,7.505351907117824e-05,5.2287910830889816e-11,71668170167.40662
105,203884.0,11.051979,9875478740618424.0,0.0451325539679128,3.501119572763226e-08,40328123788503.09,1697100046.43,1.4955121664955555,1.1191334911737048e-15,0.000496107051521595,4.0526081507868004e-10,443295688525.32214
106,119471.0,11.338058,8556686059884752.0,1.1330222430036576,1.0843478845752251e-06,855077265634798.4,1236523419.42,1.4955121664955555,1.325052470156035e-15,0.0004378385303026059,3.8270161770494723e-10,330431088703.2625
107,131833.0,37.978703,3.3347375257958412e+16,0.7750012802303976,6.331577059302632e-07,680493447004792.5,11401173494.54,1.4955121664955555,1.1388813274273008e-15,0.0010084607333165764,8.227913466108119e-10,885483596078.1439
108,108834.0,1.258658,837356060004801.8,0.010981170715106651,8.951794724434416e-09,7305518929083.052,312414183.71,1.4955121664955555,1.5031335654187329e-15,0.0002938670690601217,2.4578203831994106e-10,195502965152.83936
109,113316.0,25.46239,3.750287218579672e+16,0.0860496640055257,6.973457086307649e-08,126740245154912.14,5205533556.67,1.4955121664955555,6.789450651633889e-16,0.0009714456526932178,8.144717004914679e-10,1430816280341.3826
110,50047.0,40.511623,7956205765105038.0,0.09650632157087599,7.48958375861257e-08,18953181709142.688,2259228154.79,1.4955121664955555,5.091826958231662e-15,0.0008679520317284805,6.797779372748987e-10,170459844540.7326
111,241409.0,8.695744,5723445163745096.0,0.01849612987048531,1.4176888583627867e-08,12173953724400.16,715081995.42,1.4955121664955555,1.5193198766160626e-15,0.0003604395288024661,2.9923371333606536e-10,237237420736.74615
112,153742.0,58.62643,3.5275523015090132e+16,0.16914461604372177,1.3340858716512697e-07,101774315716117.98,6149122610.28,1.4955121664955555,1.6619577823104376e-15,0.0011598924759490632,9.53327178141712e-10,697907304442.2295
113,56686.0,0.5180218,773022398914948.0,0.000132025390891229,1.3106700686436172e-10,197016002771.35358,2780646.9000000004,1.4955121664955555,6.701252133536113e-16,1.3752239373345723e-05,1.3687112508738282e-11,20521895161.238995
114,207032.0,16.73562,1.0422144944405434e+16,0.0589040947651116,4.50347506492445e-08,36682657317803.97,2190362777.22,1.4955121664955555,1.6057750193719592e-15,0.0006592297253146998,5.088198748219382e-10,410536792117.07605
115,120673.0,2.15911,2794150949650378.0,0.004024703559941607,2.9717694139649828e-09,5208455925854.68,191457209.33,1.4955121664955555,7.727248952924901e-16,0.00017712092182242694,1.3046526973566297e-10,229216015818.1309
116,0.0,14.557157,3682860503007103.0,0.021870751543472886,1.6771708305543193e-08,5533149572443.158,852771456.45,1.4955121664955555,3.952676727265096e-15,0.0004118095127838711,3.1853467633621756e-10,104184971653.07193
117,131961.0,45.20156,1.9231702389341932e+16,0.47816646835953863,3.8881747931367967e-07,203443315054908.12,6556018058.63,1.4955121664955555,2.3503670702106106e-15,0.0010424373171290882,8.199493543025171e-10,443521069683.672
118,124626.0,5.762293,1788366666187548.2,0.01952833448953451,1.5452388455866878e-08,6060750893306.5625,809346967.82,1.4955121664955555,3.222098191018117e-15,0.000385596539171258,3.098079011589203e-10,119672497953.7068
119,183000.0,22.070919,1.4945647945337806e+16,0.11592318635806864,9.172055898281602e-08,78499093400210.48,3411054095.72,1.4955121664955555,1.476745543633983e-15,0.0009772128924236865,8.036827233049949e-10,661734106215.0464
120,100895.0,0.40763986,227117024758763.22,0.00045386550536085404,4.489690022102961e-10,252871697135.2842,7628854.2,1.4955121664955555,1.7948450162773252e-15,5.438869365782644e-05,5.477448693293626e-11,30302724282.363735
121,67917.0,2.7946923,3708698780972743.5,0.004495108874829392,3.247181266802628e-09,5965238035120.907,1624083772.48,1.4955121664955555,7.535506292228425e-16,0.00018068723342546736,1.3594342038475382e-10,239781145975.3077
122,180496.0,10.3406,4445871688843863.0,0.19773936695758915,1.5840569038530566e-07,85016715986176.16,1333657749.86,1.4955121664955555,2.325888087581998e-15,0.0005090711686673577,4.13800418469794e-10,218871738234.2286
123,203948.0,14.684397,7297787739938537.0,0.07149477834548391,5.503708054701047e-08,35531163920404.48,3206483353.35,1.4955121664955555,2.0121710199430485e-15,0.0007378125936182373,5.791381574254536e-10,366674893090.9063
124,125320.0,5.96988,6937614821237562.0,0.01628913346488118,1.2616300418262029e-08,18929649130481.086,440281650.62,1.4955121664955555,8.605090011231074e-16,0.00038551401004167024,3.1815467081686247e-10,448006946514.8073
125,19987.0,3.0216725,1474549316367451.8,0.0241041255594716,1.94328280667149e-08,11762598979655.826,1455515403.42,1.4955121664955555,2.0492176602433902e-15,0.0004480325377268973,3.7289131005465357e-10,218635895258.52682
126,179696.0,30.415056,2.4676997597473416e+16,0.14685297603137176,1.1616430964803673e-07,119147915976481.58,3625999089.32,1.4955121664955555,1.2325266021468545e-15,0.0008009144308686336,6.49275358464422e-10,649815127295.0824
127,82590.0,0.18145488,153558639234168.3,0.00014961818664809603,9.623679262211841e-11,126616408147.11311,1554688.0,1.4955121664955555,1.181665068829449e-15,1.3734644306435188e-05,8.834341235305854e-12,11623127964.712244
128,73230.0,3.3773212,1837291217869261.2,0.016616919236183917,1.345760910783342e-08,9039744215232.92,519992920.94,1.4955121664955555,1.8382067944115785e-15,0.00035667874906841453,2.9494897678736037e-10,194036247800.17725
129,94945.0,0.12369762,53731067435020.66,0.004410853250745375,3.4252377099182303e-09,1915961305171.2705,127811219.14,1.4955121664955555,2.3021619689501417e-15,0.00018674338406899686,1.5457717648801937e-10,81116527241.63353
130,188957.0,16.023859,1.4548966228556154e+16,0.07085061944872453,5.4850123375774455e-08,64329277337735.99,2222684021.69,1.4955121664955555,1.1013744033956849e-15,0.000608835173377312,5.015599243262454e-10,552795826287.7651
131,173520.0,2.128195,1171785714483462.5,0.01562839434641371,1.2076306630836124e-08,8605005291076.098,517502905.25,1.4955121664955555,1.816198110025718e-15,0.0003705780730492029,3.0411843922547425e-10,204040556480.89813
132,56305.0,5.639284,3657496280012636.0,0.05989082879599714,4.610174231390295e-08,38843669431834.47,988179131.11,1.4955121664955555,1.5418427165100266e-15,0.0003592230415910171,2.9673147144792264e-10,232982935123.31876
133,98949.0,10.454857,6714115122600992.0,0.031266028464142795,2.3957316165954343e-08,20079061295125.72,928119307.26,1.4955121664955555,1.557145924532476e-15,0.0004189995100023051,3.1405047088805846e-10,269081724070.3419
134,37356.0,10.247365,3360131970896196.0,0.011300696058648385,8.701469053017525e-09,3705521382330.4893,398665722.86,1.4955121664955555,3.049691229022436e-15,0.00032030772875830667,2.604502898262067e-10,105029560274.85439
135,159308.0,13.151667,7028867275876260.0,0.06781456713970263,5.095210593429772e-08,36243283212384.36,635725791.57,1.4955121664955555,1.871093375903934e-15,0.0004032316680747223,3.3067306829469467e-10,215505903268.94788
136,190450.0,10.095583,7453929467931332.0,0.02920565955194816,2.427965268017427e-08,21563581455834.355,549327240.35,1.4955121664955555,1.3543974414345778e-15,0.000338133388791924,2.765653695450841e-10,249655956551.25656
137,184168.0,0.22741789,578739932678766.1,0.0010041305288925762,8.76090139012905e-10,2555341774967.5864,62947154.86,1.4955121664955555,3.929535135883392e-16,9.008180280118133e-05,1.0501882456894904e-10,229242899442.68484
138,154801.0,15.290386,2.454601978920209e+16,0.11266479077749536,9.091457849896581e-08,180863464399833.6,1858957611.82,1.4955121664955555,6.229273068021527e-16,0.0005129479037941374,4.0932115250049735e-10,823447452363.8989
139,64753.0,5.194476,2304438973943673.5,0.017361210260132112,1.3265158709530472e-08,7701999115652.71,617016314.34,1.4955121664955555,2.254117405031775e-15,0.0004013828061185177,3.060624298033998e-10,178066504088.26404
140,17052.0,5.0319605,4338495252603458.0,0.0043598318075379495,3.6618096634959084e-09,3758994053938.409,232858055.14,1.4955121664955555,1.1598400383129164e-15,0.00016291072409535821,1.4571326487429127e-10,140459648498.01648
141,145691.0,59.329357,6.6192674415554984e+16,0.3637388026629801,2.9259961307476907e-07,405816704485343.5,13669877106.85,1.4955121664955555,8.963130365081285e-16,0.001454370595301885,1.21448518559915e-09,1622614573327.9153
142,165094.0,0.2413659,205927496411583.88,0.015707879649009538,1.2478498532038769e-08,13401579635130.742,617915666.98,1.4955121664955555,1.172091654616079e-15,0.0003693890077426763,3.040477109142102e-10,315153688099.30695
143,151599.0,9.506229,3678508404275150.0,0.026466118963041175,2.0308530696715307e-08,10241268228873.184,949008912.64,1.4955121664955555,2.5842618679223056e-15,0.0003549055492827475,2.804427727366067e-10,137333431138.7276
144,103950.0,0.4772772,456104349165988.3,0.0007766614840008079,5.419889027991507e-10,742207423028.9633,21432475.24,1.4955121664955555,1.0464210676191258e-15,7.140212779454152e-05,5.450388403609125e-11,68234604600.42105
145,202160.0,10.72866,5786052013467637.0,0.10753651836650355,8.348561322523387e-08,57995303105495.69,1596307412.23,1.4955121664955555,1.8542280600015226e-15,0.0004519538156411221,3.477987197537202e-10,243742301926.30725
146,172794.0,14.345008,7073127746753659.0,0.10960135927897927,8.619042894633664e-08,54041406975727.37,3994354707.08,1.4955121664955555,2.0280996630640387e-15,0.0009254664183734123,7.471066606884911e-10,456321962489.37006
147,89410.0,5.6158605,2984315182793726.0,0.015704633750103496,1.1976729622918976e-08,8345573566268.007,509771129.98,1.4955121664955555,1.8817920212913935e-15,0.0003679430297567198,2.957911685470358e-10,195527999690.53763
148,174765.0,9.650736,6792271305718275.0,0.18929769165113935,1.3863944122639726e-07,133229349475598.52,2351694096.93,1.4955121664955555,1.4208407711681426e-15,0.000517083814899864,4.149789718379705e-10,363928052595.7487
149,76318.0,2.366538,630248569244437.2,0.030813800366020754,2.332796080156367e-08,8206229350075.215,1223049292.27,1.4955121664955555,3.7549280006094795e-15,0.0004998418758732168,3.841088983480932e-10,133116234397.06041
150,11147.0,17.103376,1.193479975202772e+16,0.06536964279554548,5.198587496084786e-08,45615181273358.945,1782331664.67,1.4955121664955555,1.4330676974361585e-15,0.0005738823956803323,4.4454515239969613e-10,400457282448.7226
151,9193.0,0.21171007,423256198694488.3,2.5351508364476974e-06,1.391419448922356e-12,5068338535.583144,3729957.1,1.4955121664955555,5.00193666750797e-16,1.2159021442617936e-06,6.38411865994789e-13,2430862733.948952
152,61861.0,28.50663,1.1248380767358446e+16,0.09146863189518499,7.08629949253416e-08,36092445856503.84,2357033010.2,1.4955121664955555,2.534287431193926e-15,0.0007483904434877149,5.983028810733613e-10,295306062870.3593
153,114487.0,29.26317,7156204072586322.0,0.2034352145152246,1.672235146610509e-07,49749357660886.445,6673677440.81,1.4955121664955555,4.089202837590964e-15,0.001113698001323885,9.120583127537371e-10,272350882447.2958
154,192172.0,7.522065,6505083227542038.0,0.04839532681774384,3.6940116374611944e-08,41852287739273.84,2099339056.93,1.4955121664955555,1.156336473629136e-15,0.0006677483576015623,5.367132673284845e-10,577468905314.2543
155,254598.0,13.041386,1.3524611705944132e+16,0.04203907913169735,3.480909076421099e-08,43596763544278.625,902196905.33,1.4955121664955555,9.642706410763901e-16,0.0004204297086045111,3.5201675998048255e-10,436007994742.2193
156,38029.0,0.8885591,195704600938910.62,0.01724519227655895,1.2395409198017798e-08,3798243102342.6045,530135310.82,1.4955121664955555,4.54030766643736e-15,0.0003770193055508211,2.974612743313405e-10,83038272568.57608
157,203186.0,19.40202,1.7252132599570178e+16,0.0709985060619821,5.48916324526822e-08,63131346166672.45,3100343856.37,1.4955121664955555,1.124615747532765e-15,0.0006983335681179398,5.658879182967435e-10,620953040760.7904
158,83424.0,13.411097,7131349570729224.0,0.050586790347550085,3.879204655208378e-08,26899521018270.957,1686761260.73,1.4955121664955555,1.8805833127359417e-15,0.0005821271493425358,4.715880705667512e-10,309546057013.3614
159,81564.0,106.52358,3.567924046986514e+16,0.49984211541401297,3.9505786730525e-07,167418209497114.66,17643026186.58,1.4955121664955555,2.985589900378354e-15,0.0018338136398063044,1.4975667005084535e-09,614221544484.0269
160,140271.0,19.640072,1.3096809882667922e+16,0.06523867601347881,4.9412253079874126e-08,43503839331418.945,2492390845.55,1.4955121664955555,1.499607322390112e-15,0.0007257525118047182,5.819655966011704e-10,483961701819.37726
161,89409.0,8.815065,3957901075396150.5,0.06008090534079534,4.7486563817567176e-08,26975896361411.76,2917827431.74,1.4955121664955555,2.227207004944582e-15,0.0007929162474357181,6.587401860993845e-10,356013718381.5331
162,113523.0,9.281043,5195675577414410.0,0.017945332520977037,1.3673390220977561e-08,10046082741758.762,514869286.55,1.4955121664955555,1.7863014850936177e-15,0.0003753506947196323,2.953254855809718e-10,210127292538.16898
163,171798.0,20.885504,4.102852304691843e+16,0.08661070098671146,6.983825611081958e-08,170142369633170.06,2584348137.63,1.4955121664955555,5.090483997222189e-16,0.0007153406445675909,5.638252045947635e-10,1405250748176.2896
164,221594.0,23.87103,2.8627979693897704e+16,0.07872147649283551,6.196506173431188e-08,94408864238809.14,2986327611.73,1.4955121664955555,8.338356480352091e-16,0.0007519179789134599,6.049962674929473e-10,901758015125.9133
165,57451.0,22.380388,3.2003533000496492e+16,0.06945131901221886,5.462838286075868e-08,99314077125720.78,1830653560.67,1.4955121664955555,6.993099168036479e-16,0.0006148378481021413,5.073238814683105e-10,879206533939.0509
166,299921.0,2.4922268,5697419182484213.0,0.0007849172983228197,6.264819247768584e-10,1794380379878.796,28882688.54,1.4955121664955555,4.374308296749422e-16,8.369754137451276e-05,7.695388744367022e-11,191338917370.56796
167,38763.0,5.721817,3891621761480471.0,0.024107232471215077,1.863295552685961e-08,16396230514546.207,1024921366.89,1.4955121664955555,1.4702911409929202e-15,0.0004725363206877282,3.90457785903569e-10,321389626525.6784
168,159724.0,23.364775,2.081988989674498e+16,4.788432061479378,5.556719782171237e-06,4266877309883970.5,3536701998.72,1.4955121664955555,1.1222333603047964e-15,0.0008472162669645376,7.809161118492314e-10,754937695609.4366
169,22359.0,79.436844,2.468608779973296e+16,1.312218728461936,1.018875873805594e-06,407789951263236.2,21434236061.79,1.4955121664955555,3.2178790193259905e-15,0.002488808860102286,2.115210988758305e-09,773431457539.254
170,107199.0,4.8913183,2179690091746261.0,0.008817955580547761,6.922731388159078e-09,3929494919269.2295,522328040.9,1.4955121664955555,2.244043003416745e-15,0.0002541336871677221,1.9919768922577067e-10,113248135967.44006
171,73229.0,21.61202,4203225724522832.0,0.06990061246139219,5.463068005315584e-08,13594659474571.32,2706365828.89,1.4955121664955555,5.141770015802206e-15,0.0007731282033404516,6.463908417599592e-10,150362268433.7098
172,72856.0,0.62428355,493830244270686.44,0.0013619997955778905,1.1778483060236327e-09,1077389740201.9557,27321717.36,1.4955121664955555,1.2641662944763006e-15,9.649402586671826e-05,6.981963600246833e-11,76330168181.46724
173,36607.0,43.595734,2.9670783961230744e+16,0.24815300846630753,2.0113629679843165e-07,168890247461673.06,7616206242.87,1.4955121664955555,1.4693152043762732e-15,0.001150860910425546,9.631102378325012e-10,783263459738.0951
174,161377.0,21.53056,2.7956882885527256e+16,0.08618312769964508,6.676956096402375e-08,111906592666768.4,3104878398.59,1.4955121664955555,7.70134499191466e-16,0.0007315088783261005,5.880522122456343e-10,949845616699.5284
175,154478.0,27.59639,1.3703936526586714e+16,0.216105853156519,1.7565603649259272e-07,107314793517587.11,2298770000.97,1.4955121664955555,2.0137564083473996e-15,0.0006724167392236695,5.173019182352395e-10,333911657058.60724
176,190867.0,30.969925,1.4265855611462694e+16,0.16185471022646786,1.2551812927393627e-07,74556070966459.39,4589804908.21,1.4955121664955555,2.1709125511627565e-15,0.0008856343801115494,7.056123113373137e-10,407954884980.1422
177,85557.0,2.1631398,1278302587286136.5,0.002586587886299155,1.9443010214077204e-09,1528538279078.9521,61034077.71,1.4955121664955555,1.692196997420143e-15,0.00016184518950608493,1.3620720806542774e-10,95642049804.38315
178,103762.0,0.116103955,55609683832554.586,0.0007352215429936501,5.717204378856349e-10,352145088879.7012,23619780.78,1.4955121664955555,2.087836991657761e-15,0.00010654117722697085,8.692732925601803e-11,51029451845.46051
179,5.0,0.78401744,306223956607314.4,0.025297888165189908,2.0285304197358432e-08,9880927403545.775,1052103057.0,1.4955121664955555,2.5602746717997085e-15,0.00045557670562560446,3.73352338724489e-10,177940558739.0994
180,125975.0,9.989036,5062654605156731.0,0.04915347019281078,3.872501340695934e-08,24912017759378.14,1751289677.38,1.4955121664955555,1.973082657036359e-15,0.0006155253818941633,4.98246772998958e-10,311961275265.93567
181,212926.0,0.9872108,767250144454204.5,0.0076237740777557695,5.9273698673953125e-09,5925119298172.521,222378937.92,1.4955121664955555,1.2866870174423597e-15,0.00024263479162894171,2.1362953875615348e-10,188573280323.63638
182,198314.0,13.083439,1.6469074940082084e+16,0.04685660807874487,3.600881785781111e-08,58981815857964.016,2131289198.44,1.4955121664955555,7.944246442256332e-16,0.0004997648229659829,3.8516120817024144e-10,629090281373.5461
183,92501.0,0.26782376,520353530799186.3,0.0018236069814446657,1.4947158674161485e-09,3543077475966.949,1587112298.99,1.4955121664955555,5.14695767680604e-16,0.00012627662878483687,1.0525312521352937e-10,245342271520.6747
184,91693.0,9.887713,3408176041400270.0,0.029622097550852853,2.3160548302441954e-08,10210381629082.309,956609107.32,1.4955121664955555,2.9011743759390937e-15,0.0004845802320659568,3.973078143289843e-10,167028992150.498
185,143149.0,4.9788575,2347513744078844.0,0.048576343474894784,3.88305988585334e-08,22903574553883.13,1363894328.94,1.4955121664955555,2.120906645406537e-15,0.0006445033857304717,5.261218319493963e-10,303881072335.8985
186,104513.0,5.0637302,2968699922481874.0,0.01139740121359786,8.596043025253353e-09,6681924739849.445,334887777.05,1.4955121664955555,1.7057063132762345e-15,0.00031379315724865456,2.4707558216120125e-10,183966697435.7013
187,176608.0,2.0774374,4319904209408504.0,0.001656245500424439,1.2560693843352388e-09,3444061375374.02,77866219.74,1.4955121664955555,4.808989503691911e-16,0.0001083867495309535,9.14148737686294e-11,225383626742.67404
188,71188.0,1.9526635,760569921780824.6,0.0023999551716771283,1.919775223490293e-09,934791743277.8146,78474871.89,1.4955121664955555,2.5673688165684578e-15,0.0001698257633198076,1.2875110133001384e-10,66147786100.63377
189,168383.0,14.39432,4.4317804030433784e+16,0.08122290581822929,5.982846031395854e-08,250072307884961.94,3167969375.08,1.4955121664955555,3.2479768153934653e-16,0.0005759387384397571,4.581465682910055e-10,1773223059075.2751
190,140371.0,16.799522,2.529922674167546e+16,0.14545912258134736,1.1490193403897224e-07,219054049503948.5,5136388657.66,1.4955121664955555,6.640330224925854e-16,0.0006993330891868672,5.591962946690988e-10,1053160107251.5576
191,126582.0,22.320015,4.213374575687373e+16,0.13527390091142977,1.0758758932457715e-07,255358078771125.88,3935029262.78,1.4955121664955555,5.297420060583789e-16,0.0007499367088855158,6.238457005944999e-10,1415664040813.9937
192,235265.0,6.3039694,7113745736356316.0,0.2670983356722477,2.2398132210654232e-07,301408450138784.06,512996167.44,1.4955121664955555,8.861673770236429e-16,0.00027843871966045893,2.170667637313337e-10,314205563057.0004
193,188161.0,8.387744,4329389688549249.5,0.4162175957959756,3.240603604074779e-07,214833472198466.75,809378775.56,1.4955121664955555,1.937396400740881e-15,0.00034154065560788193,2.833580396048879e-10,176288474303.59277
194,195935.0,9.156038,9160768375222036.0,0.019301100113486874,1.547347749170367e-08,19311071833321.9,501139088.28,1.4955121664955555,9.994836268063682e-16,0.0003820098116972782,3.1460579238474136e-10,382207173235.95105
195,218142.0,8.935161,6751235783281372.0,0.08897167607929984,7.006253425849447e-08,67225287070382.766,805701426.26,1.4955121664955555,1.3234852531927352e-15,0.0004005159242672816,3.2280654833820064e-10,302622128430.2861
196,212826.0,21.874584,3.237369083157208e+16,0.11569537547100822,9.311193295863353e-08,171225487814582.8,4498898179.03,1.4955121664955555,6.756901495663588e-16,0.0008148330470368893,6.99606820214997e-10,1205927077018.703
197,99385.0,1.0268202,7703477605851759.0,0.0007389584266240774,5.608808411457529e-10,5543862198225.191,37868296.15,1.4955121664955555,1.3329307262735482e-16,0.00010490889768162327,8.642865234016218e-11,787054387851.9126
198,170105.0,8.208291,5611067925050416.0,0.02214053468318073,1.742670257743058e-08,15134946361460.83,788490496.32,1.4955121664955555,1.462875001629257e-15,0.0004509471509708503,3.640462997198344e-10,308260890690.3283
199,282461.0,3.6063473,4373343106226464.5,0.0060549169827880025,4.896403073819608e-09,7342673137844.892,159676994.26,1.4955121664955555,8.246202532944491e-16,0.0001487213379092261,1.2260040822883228e-10,180351303906.33493
200,166237.0,6.870701,5636720430850034.0,0.007115028759333213,5.400862578104375e-09,5837166829675.616,215454065.4,1.4955121664955555,1.2189181784493574e-15,0.00023571894289836577,1.9045196882435067e-10,193383729167.3136
201,245391.0,13.74208,9575005217204736.0,0.10064856112702468,8.003835715538988e-08,70128430186362.7,1267169670.14,1.4955121664955555,1.4352033955352529e-15,0.0004993302317743604,3.938905103686758e-10,347916005025.9896
202,31177.0,12.275057,1.399413879574584e+16,0.07598039450485823,6.137272666740213e-08,86621201551773.7,1530944337.2,1.4955121664955555,8.771570140301571e-16,0.0005543206433826284,4.386620017395321e-10,631951445996.8401
203,58380.0,1.4812148,1284344513957174.0,0.01966431673669453,1.469774552666645e-08,17050705489500.818,717043459.24,1.4955121664955555,1.15328463967682e-15,0.00042175331193000025,3.248291744008138e-10,365697502091.2325
204,61567.0,23.715271,2.4972413163546028e+16,0.4012183648728804,3.194459393749872e-07,422486876764255.9,3867694536.5,1.4955121664955555,9.496587632395429e-16,0.000615824750092192,4.914692456735897e-10,648469507080.0455
205,45060.0,28.81415,1.5064701388571944e+16,0.11607220109898453,9.10644648321874e-08,60685220597188.33,2594215161.19,1.4955121664955555,1.9126930734822507e-15,0.0007871628032713322,6.452062121837101e-10,411546846791.3793
206,39407.0,7.820547,8484490766405375.0,0.015865886004176787,1.2112851457799304e-08,17212857783896.473,849893143.01,1.4955121664955555,9.217461855183717e-16,0.0003199128128227113,2.6460048471181274e-10,347072564930.4409
207,171957.0,27.97717,2.075667238250098e+17,0.07844407563172312,6.311474362679598e-08,581988091803354.5,2299045098.37,1.4955121664955555,1.3478639294604032e-16,0.0007354875659183387,6.242102294630434e-10,5456690025177.689
208,181838.0,11.011015,6259652932896659.0,0.15614521744942625,1.209737896313039e-07,88767009069108.3,1452954462.44,1.4955121664955555,1.7590456081252169e-15,0.0004930938334121629,3.6746229677210095e-10,280318958834.5581
209,212316.0,12.361196,3.742244521629997e+16,0.06153405781967247,4.678003009437171e-08,186289005343279.72,1854798947.48,1.4955121664955555,3.3031502694580403e-16,0.000515509917832069,4.182570137694279e-10,1560661416462.4443
210,180843.0,29.563255,1.2999119071859336e+16,0.21594639306343147,1.6604476454910093e-07,94952767432750.03,3850014532.58,1.4955121664955555,2.274250650107431e-15,0.0008106394218974669,6.568094030733256e-10,356442427249.2453
211,105294.0,6.5152392,2697911082844786.0,0.019372983757919435,1.562488323341733e-08,8022205476087.95,715411481.39,1.4955121664955555,2.414919913939517e-15,0.0003920579732145054,3.2658391759094236e-10,162348229832.15695
212,174937.0,22.566786,4.644528170266123e+16,0.10529062908353419,8.326712895344165e-08,216701347211568.4,5517152773.48,1.4955121664955555,4.858789778576575e-16,0.0007708608616816289,6.338936907706211e-10,1586528532435.2092
213,46812.0,0.49804515,293283397400544.2,0.0025496591089105886,1.9635436594424925e-09,1501415455354.884,83291599.75,1.4955121664955555,1.6981702831265546e-15,0.00016693327702811523,1.384260600669682e-10,98301847987.09888
214,126264.0,4.040038,4874377397733740.0,0.015586204034018357,1.2216361656356731e-08,18805031205123.695,325277461.17,1.4955121664955555,8.288315963959516e-16,0.00034155246248697045,2.7273308323539037e-10,412089095025.04425
215,134254.0,1.5045266,1145012567846284.5,0.01116564406377689,9.170398068980512e-09,8497558488578.934,201144778.33,1.4955121664955555,1.3139826079201424e-15,0.00018010052325363144,1.4287163078353457e-10,137064617269.71129
216,101108.0,3.3209183,1618139138810027.0,0.043250337232047804,3.393574535399682e-08,21074009391290.68,1299069769.15,1.4955121664955555,2.052307011399644e-15,0.0005923749553325679,4.726758264276914e-10,288638567252.4583
217,186398.0,0.16090779,75825167119043.62,0.016569373647908153,1.2967887314196086e-08,7808046620430.951,499739532.34,1.4955121664955555,2.1220894870878263e-15,0.00038766870512122375,3.1701913766494477e-10,182682543540.2477
218,159815.0,14.676385,1.2637016582206582e+16,0.16119387411714986,1.2600812208781997e-07,138795054788256.33,2278669024.31,1.4955121664955555,1.161380528744809e-15,0.0005093167314983907,3.997498469412732e-10,438544231535.2467
219,226384.0,15.032843,9295195973651846.0,0.039911369438476986,3.07100750252671e-08,24678232886983.695,1236157930.24,1.4955121664955555,1.6172701514429693e-15,0.0004897918286381111,4.070623440611869e-10,302850966612.5393
220,192688.0,20.731113,1.413266244599564e+16,0.1477091489629708,1.1546679001670414e-07,100695198684168.73,2100447274.23,1.4955121664955555,1.4668936641781868e-15,0.0006277546179991309,5.219382219270402e-10,427948278276.0702
221,154187.0,7.039873,2394533197326201.0,0.10987979664379806,8.929751868767576e-08,37374370358531.55,1899165777.35,1.4955121664955555,2.939977198002896e-15,0.000526066524363332,4.3862921366378167e-10,178935579745.5453
222,3.0,0.2919307,109854553220213.16,0.010186644107584557,7.621292135559669e-09,3833270146826.0054,422988298.95,1.4955121664955555,2.6574292229362504e-15,0.00030441508044250665,2.306213815472104e-10,114552469663.20026
223,167099.0,30.98503,7.833848752463669e+16,0.1353798037354489,1.0748571215759816e-07,342276546642595.7,3974070052.43,1.4955121664955555,3.9552754947248e-16,0.0007275016725668198,6.067633421062886e-10,1839319848989.2747
224,144723.0,44.52269,2.3939215714015696e+16,0.11728094888470994,9.192747211103499e-08,63060294301524.016,4685436978.29,1.4955121664955555,1.8598224157332477e-15,0.0009891511031512616,8.086321283683032e-10,531852447192.5359
225,148298.0,37.784588,2.756956037621816e+16,1.08706451275147,9.282895694818203e-07,793177650028784.9,4514924077.46,1.4955121664955555,1.3705183355986136e-15,0.0008701512363277181,6.984658752703724e-10,634906672698.8766
226,101343.0,5.197081,2176612195488726.2,0.029860155019779972,2.276413173725665e-08,12505861958902.893,1271023510.61,1.4955121664955555,2.387692677074738e-15,0.0004943204155052003,3.950292805568039e-10,207028492507.17343
227,196840.0,19.916603,1.4291407777898144e+16,0.06828586328221234,5.365685985363232e-08,48999375929313.79,1840875007.14,1.4955121664955555,1.393606795742075e-15,0.0006007238786832112,4.874072289944546e-10,431056938383.6383
228,67169.0,1.1204196,355671942801457.0,0.026691211843222457,2.1071967191584173e-08,8472999911822.489,625856576.49,1.4955121664955555,3.1501489579835653e-15,0.0004549925142066576,3.7417382719191513e-10,144435237912.65472
229,43974.0,24.471062,5160592150176989.0,0.027245922385018242,2.206308756077634e-08,5745769970443.32,757037494.59,1.4955121664955555,4.741909704908715e-15,0.00044036664531809364,3.562089618063961e-10,92866940267.1747
230,171557.0,12.6813135,5937477149456157.0,0.09236921012946082,6.886027235622379e-08,43247891825794.53,1487857567.44,1.4955121664955555,2.1358083881066464e-15,0.00039465130850441536,2.9884360260615146e-10,184778424273.4744
231,176327.0,16.508966,9088062766246752.0,0.05283531747392219,4.230348833895778e-08,29085448566408.01,2375890157.86,1.4955121664955555,1.81655501558755e-15,0.0007003500230336002,5.88166673431075e-10,385537469013.60846
232,95243.0,10.549796,3574532400855490.0,0.01850838885628408,1.4437654846075857e-08,6271100943982.246,640081560.75,1.4955121664955555,2.9513779193818823e-15,0.00042019310023685204,3.4654017033828927e-10,142371838413.9889
233,118140.0,0.13929865,683537007137446.6,0.001016286399273363,7.813514039782961e-10,4986906648081.706,30252045.2,1.4955121664955555,2.0379094115673772e-16,0.00011276362709338201,8.58168353471984e-11,553329929452.8226
234,210687.0,17.007215,1.0988843069204402e+16,0.14500929710372465,1.1471786949106493e-07,93694611930787.4,3108182282.14,1.4955121664955555,1.5476802146407694e-15,0.0007253780620591106,5.835921948524776e-10,468687300643.3551
235,236147.0,15.573009,9805678342697110.0,0.08848068461203618,6.822640155254118e-08,55712620011152.41,1239483565.68,1.4955121664955555,1.5881623336745669e-15,0.00045746908191445537,3.694822776648092e-10,288049321038.8631
236,25780.0,6.597872,2010756833022902.5,0.01696880928157669,1.2525205136982493e-08,5171386957975.659,550860357.45,1.4955121664955555,3.281287867156461e-15,0.0004178931455030582,3.247984169636787e-10,127356441257.68253
237,197658.0,9.724184,7160991586944927.0,0.03203293814676823,2.3713461936487524e-08,23589393266739.355,834139455.59,1.4955121664955555,1.3579381963983844e-15,0.0003423733640930028,2.630124953526471e-10,252127353808.1988
238,218559.0,15.7538185,8251474778434784.0,0.11752820846331001,9.761546871596096e-08,61558475355649.69,1142646785.28,1.4955121664955555,1.909212464803574e-15,0.0004944108147858942,4.005296507951135e-10,258960604909.29214
239,17051.0,43.91999,5792873116368357.0,0.07083884157989766,5.341298283499652e-08,9343363260849.242,2025065540.63,1.4955121664955555,7.581728292287218e-15,0.0007565947438947662,5.997356872143123e-10,99791856780.78691
240,161575.0,19.271324,3.5389035053496464e+16,0.08052062699274493,6.31301280270107e-08,147864635101135.97,2795631802.16,1.4955121664955555,5.445563568169677e-16,0.0007341283841803297,5.915344954400488e-10,1348121962015.916
241,153627.0,0.20935817,368750121929881.56,0.000273193093550023,1.7336570873459004e-10,481184883097.57635,14920037.36,1.4955121664955555,5.677507817605815e-16,4.933976995458921e-05,3.286059174243141e-11,86903922530.21259
242,178339.0,12.550981,7520552739209671.0,0.024151729831601926,1.9127528931940962e-08,14471725990319.465,912244059.04,1.4955121664955555,1.6688907631168309e-15,0.000422769067558437,3.455769065712748e-10,253323391142.07263
243,102466.0,3.2173448,1997132393583631.2,0.023680480559065582,1.8915028629775074e-08,14699405180364.037,759658318.59,1.4955121664955555,1.6109822314918409e-15,0.0004248497724456051,3.587196855490857e-10,263720954918.40115
244,62344.0,49.960686,5.09861526691775e+16,0.1123565698604556,8.80037931102716e-08,114662741506197.44,4553455911.83,1.4955121664955555,9.798873494960245e-16,0.0009769988532230922,7.96548957232847e-10,997052215977.2571
245,160693.0,7.5381446,5053879172245858.0,0.07599263094351486,5.3115709941570096e-08,50948555002459.86,498639080.49,1.4955121664955555,1.4915561577722044e-15,0.0002437488646510078,2.0295771272617626e-10,163419166875.40097
246,104913.0,13.207377,4384299891008930.0,0.039365348659616294,3.0430031023810806e-08,13067658615172.736,1252967441.56,1.4955121664955555,3.0124255475965336e-15,0.0005141888721235845,4.1870426201459173e-10,170689321279.26962
247,11144.0,19.928051,1.0683860407574274e+16,0.04240327858574258,3.322826960319898e-08,22733317434482.54,1477475634.72,1.4955121664955555,1.8652481630958133e-15,0.0005733739857555907,4.64425753602801e-10,307398231023.5563
248,98461.0,10.446863,6606440039155322.0,0.016789150853428837,1.3244785693660524e-08,10617208096010.354,424993503.82,1.4955121664955555,1.5813150407909708e-15,0.0003408688054146659,2.767545670979277e-10,215560338466.24515
249,61862.0,23.905779,2.6187927647413332e+16,0.10325299805373567,8.037851042226885e-08,113109974053124.95,4123423437.6,1.4955121664955555,9.128549353679481e-16,0.0007829634162565786,6.052870688318864e-10,857708476912.5846
250,162660.0,15.338687,8975041658328975.0,0.23099155783716913,1.9931803345145302e-07,135158821241407.42,1835436088.44,1.4955121664955555,1.7090379726277332e-15,0.0005057126270837074,4.007077671783392e-10,295904851257.429
251,130657.0,1.5263958,590998261985227.2,0.049487586499645644,3.861314701581044e-08,19160874008651.08,2028842926.23,1.4955121664955555,2.582741605487419e-15,0.0006736815346519633,5.461423591427314e-10,260839695779.33255
252,10.0,16.094553,7125735255629005.0,0.05569168553258041,4.508722152448091e-08,24657050558963.145,1412243594.0,1.4955121664955555,2.258651552804469e-15,0.0005493029181626968,4.628168395901659e-10,243199495504.58606
253,260008.0,8.512157,9610638146751082.0,0.045898150730109076,3.660379006844968e-08,51821238526511.82,457882333.08,1.4955121664955555,8.857015392757839e-16,0.000321348657584465,2.5024351409518844e-10,362818221866.5035
254,172277.0,0.5738604,362429613828972.56,0.006384174862793497,4.885954729714413e-09,4032015504361.1313,249548507.73,1.4955121664955555,1.5833706135029018e-15,0.0002226530746048682,1.8562079629487016e-10,140619683544.77115
255,57452.0,17.044878,2.180776989233693e+16,0.11992319165976137,9.698222439137732e-08,153433622022445.4,2006962035.25,1.4955121664955555,7.815965632501208e-16,0.0005566620393044138,4.570217444703646e-10,712211472616.5637
256,330986.0,1.9713509,5301270499236950.0,0.0007814417300742188,7.392368510914198e-10,2101418875003.5012,10887889.1,1.4955121664955555,3.718638579721127e-16,8.302888102483131e-05,8.473660878290882e-11,223277630360.78094
257,141559.0,0.21584532,209893341692047.34,0.007476178926907492,6.072162420377431e-09,7270021782525.922,156912422.24,1.4955121664955555,1.0283571563536557e-15,0.0002663970904062051,2.174191698309556e-10,259051136815.92374
258,170680.0,33.112476,2.848919077636458e+16,0.14507868238344274,1.1798489983862346e-07,124822265179006.94,5287167246.55,1.4955121664955555,1.1622820830513385e-15,0.0011266718337568766,9.519922089482155e-10,969361784188.4181
259,160477.0,2.1331918,2251942874757019.5,0.02061436567695423,1.5592934102569266e-08,21761931535576.29,816633914.32,1.4955121664955555,9.472672792511077e-16,0.0004013748767659698,3.2269673115421277e-10,423718717575.98285
260,217275.0,8.005976,8037003009705383.0,0.03963313391290678,3.310844297109283e-08,39786731379420.61,530674781.66,1.4955121664955555,9.961394801435417e-16,0.00031410923171057106,2.5351446093282383e-10,315326556141.8252
261,96728.0,3.9041235,3237777807009652.5,0.029000534866769033,2.270652321867302e-08,24050798644826.273,1017101010.92,1.4955121664955555,1.2058034036639997e-15,0.0004991564369606703,4.071696262016252e-10,413961708387.8804
262,238694.0,12.741783,9959276216643426.0,0.08721247942368215,7.299866959605709e-08,68167317879984.445,1990797867.86,1.4955121664955555,1.279388453822236e-15,0.0006363905439280197,5.211701878415902e-10,497417763953.3729
263,100213.0,0.852853,1723230311348810.5,0.0041814669795965115,3.3753793091934286e-09,8448854193096.427,94657558.07,1.4955121664955555,4.949152730098237e-16,0.00018173998018862283,1.4176793040644104e-10,367214329603.0701
264,166729.0,14.50258,9060549283876654.0,0.12853500937107576,9.982759468654365e-08,80302800405871.19,1723534352.53,1.4955121664955555,1.6006292273921516e-15,0.0005587554502698409,4.389452673391054e-10,349084872816.04956
265,55759.0,34.021282,1.0234699932053398e+16,0.1430160673169654,1.1565443297170957e-07,43023850025742.414,3743847992.35,1.4955121664955555,3.3241113296786493e-15,0.0010819083781887036,9.196753804370069e-10,325472967324.8623
266,150603.0,32.496147,3.564761949734428e+16,0.09916914461075234,7.899063060059908e-08,108786556540417.22,7276712966.29,1.4955121664955555,9.11593746180469e-16,0.0009408544431314784,7.87352688823434e-10,1032098395884.8009
267,106578.0,6.9314203,1616163129356164.2,0.013270039721635696,9.67353014485611e-09,3094105968902.124,585161525.2,1.4955121664955555,4.288812295056682e-15,0.00031904054819050767,2.492127913177481e-10,74389021071.9262
268,125976.0,7.3920474,4060098568200755.0,0.024367315142606778,2.027514448145503e-08,13383802344313.207,380179172.9,1.4955121664955555,1.8206571283504106e-15,0.00023663204785734937,1.7942269261075676e-10,129970681559.21683
269,45629.0,11.547621,3981135695183341.0,0.011377338778163453,9.172261975747422e-09,3922429522577.866,281998634.52,1.4955121664955555,2.900584628142951e-15,0.0002794757021185559,2.402630813502514e-10,96351507695.01436
270,107979.0,0.15099458,211123519100640.0,0.0008419527704826832,6.015684754219233e-10,1177234519416.7734,23009812.7,1.4955121664955555,7.151954488217048e-16,7.802595010943019e-05,5.565888623999503e-11,109097380636.27098
271,46221.0,12.097906,6215453913595756.0,0.03064983493585983,2.4982101626615556e-08,15746744643507.225,836059836.02,1.4955121664955555,1.9464235706964056e-15,0.000398352031785934,3.134853079931934e-10,204658450392.38232
272,244174.0,5.5639486,4336278632252008.5,0.010651639393980485,8.260922046715437e-09,8301384434531.137,304666985.61,1.4955121664955555,1.2831160245600757e-15,0.0002703826932329729,2.190503318875565e-10,210723495036.76047
273,183829.0,9.6504965,6075774812854557.0,0.0817031258916081,6.085017282678296e-08,51438782908601.38,1275836350.01,1.4955121664955555,1.5883565137375369e-15,0.000472943615748517,3.6893848468478147e-10,297756587805.1148
274,217523.0,13.790088,1.2879264803060152e+16,0.06265565851182164,4.947711426942178e-08,58517307314054.9,2602522545.56,1.4955121664955555,1.0707201234594877e-15,0.0006187377117072547,5.037458034640272e-10,577870629449.0089
275,162819.0,1.1077545,824978270306892.2,0.00297473412395183,2.3041152954323503e-09,2215374446414.498,95436794.15,1.4955121664955555,1.3427680944710396e-15,0.00016702307862615474,1.401158335228955e-10,124387136776.5486
276,61065.0,0.34425443,270211620891301.2,0.0014069976924116808,1.054404336127718e-09,1104378314193.025,44255779.61,1.4955121664955555,1.2740178563174537e-15,9.682258434528583e-05,8.07818628732019e-11,75997823629.53008
277,170983.0,11.462493,5249756227304324.0,0.09529038071078134,7.725557784849219e-08,43642449294287.39,927784500.64,1.4955121664955555,2.18343338313174e-15,0.00041417964811957036,3.351146262347063e-10,189691909686.52527
278,106260.0,0.3004838,135010179274183.8,0.00604255270778215,4.482348357620377e-09,2714975397513.519,128078024.71,1.4955121664955555,2.2256381082923098e-15,0.00020959257620773973,1.5540854330134805e-10,94171903072.1289
279,156223.0,49.748848,3.4485024045260588e+16,0.2208578882638982,1.7946467964523293e-07,153094793016433.38,4419951806.44,1.4955121664955555,1.4426218156236774e-15,0.0009817423770460015,7.991702779855261e-10,680526501411.302
280,139111.0,1.5562819,775442187878572.9,0.011712862964317124,8.770721152672865e-09,5836120103544.208,1100130610.13,1.4955121664955555,2.006960575949086e-15,0.00028824753228082477,2.205701575520527e-10,143623913561.18857
281,278968.0,7.8210635,5411965156488989.0,0.015895747989502974,1.2385582494281022e-08,10999429202373.82,275550875.07,1.4955121664955555,1.445142988517301e-15,0.00021229584650299713,1.6078042826862548e-10,146903004193.938
282,122767.0,8.977387,7524734647384849.0,0.04585721792323113,3.621608368801397e-08,38436952371510.195,762624228.98,1.4955121664955555,1.1930503095042702e-15,0.0003724425664103771,2.9275946828230486e-10,312176748493.64264
283,24782.0,2.9751916,317374131905734.6,0.0196495656243531,1.5530623438954967e-08,2096088141803.6506,473383839.7,1.4955121664955555,9.37439854387276e-15,0.00038132136178473444,3.1318963858083184e-10,40676888229.16234
284,164268.0,7.7244415,2647205731199875.5,0.018713489391000582,1.4737489384012055e-08,6413208821195.01,586564807.63,1.4955121664955555,2.917960402155374e-15,0.0003754462027043142,3.1441698815475617e-10,128667339840.18013
285,99153.0,15.430475,1.1868942463453286e+16,0.2133756786608193,1.6254278422120555e-07,164126098070575.38,1907420033.31,1.4955121664955555,1.3000715984185908e-15,0.0005594261203484733,4.2250229781431047e-10,430304085581.8711
286,105843.0,27.360075,2.189093393816152e+16,0.17721134528423071,1.45954244306567e-07,141787690739510.97,3929760830.4,1.4955121664955555,1.249835894498058e-15,0.0007709605897892125,6.376781634263026e-10,616849454542.8583
287,31174.0,80.80876,4.084257191769639e+16,0.2943241302578643,2.3345940327810527e-07,148758061095978.5,5808177507.28,1.4955121664955555,1.978542393530975e-15,0.0012362759754350663,9.862899238957861e-10,624841792360.4688
288,70371.0,14.175382,2653332138875619.0,0.02653775572511149,2.0038971981493067e-08,4967307417822.586,679358859.71,1.4955121664955555,5.3424830583053156e-15,0.0004442701829556384,3.4596446464107165e-10,83157995656.15561
289,110453.0,45.299767,1.3800991795965702e+16,0.18321754377419203,1.4675625240125286e-07,55818914443966.36,5710296731.66,1.4955121664955555,3.282355911061552e-15,0.0012561823842186554,1.066114919442702e-09,382707548558.4351
290,181415.0,22.526457,2.146660283035681e+16,0.09474672636335216,7.268333601926251e-08,90288958637329.31,2008179985.92,1.4955121664955555,1.0493722354682228e-15,0.0006010128800005665,4.807827318150411e-10,572735641068.68
291,109461.0,0.10789878,204864182771056.75,0.000898863369897898,6.618461903424651e-10,1706644965744.478,24253803.59,1.4955121664955555,5.266844527946637e-16,7.827143235839137e-05,5.589105619106243e-11,148611624936.09192
292,148499.0,8.447366,3296355585163826.0,0.03929908130033292,3.031277417649676e-08,15335401134052.873,1561415428.91,1.4955121664955555,2.5626379745012168e-15,0.0006037910004446882,4.928994643777034e-10,235613069989.80536
293,197613.0,20.008446,3.0459202069717668e+16,0.0792918164079973,6.027871385682966e-08,120707298230264.61,3724515039.46,1.4955121664955555,6.568933077827492e-16,0.000746866299206569,6.073690297263007e-10,1136967434981.9624
294,133724.0,57.664993,1.5831610441301446e+16,0.1902645644981784,1.4971749164972768e-07,52236102168936.945,7472923013.18,1.4955121664955555,3.6423959024133e-15,0.0012828660306371089,1.076102343467647e-09,352203896832.6137
295,213077.0,11.47231,5144050028389506.0,0.06737888567850599,5.533745131426581e-08,30211906650654.66,844410755.62,1.4955121664955555,2.2302096473956223e-15,0.0004198910504227984,3.3691996995553654e-10,188274250769.7138
296,234983.0,9.437241,6618357715358316.0,0.20996643056967745,1.868133729090866e-07,147249916127719.0,1697893405.55,1.4955121664955555,1.4259188466196513e-15,0.0005602259702212274,4.675485731307645e-10,392887695922.75525
297,105068.0,1.9988823,1365103847154778.2,0.006185183172022297,4.488403942188559e-09,4224069292866.635,222573084.5,1.4955121664955555,1.4642712378008284e-15,0.00021387418966504102,1.6507802334618376e-10,146061866233.37363
298,162750.0,14.028529,2.2309249457508976e+16,0.07036798242603763,6.009839461829682e-08,111904596252684.88,1670001287.24,1.4955121664955555,6.288211993289715e-16,0.0005243792452013633,4.412571612545207e-10,833908344313.0409
299,214506.0,5.735771,2653154815523706.5,0.02630766254433422,1.9959162935363607e-08,12168948440353.176,985965947.27,1.4955121664955555,2.1618681904424848e-15,0.0003883895272474889,3.065150400590746e-10,179654582534.00476
300,176942.0,14.113564,7885160580056007.0,0.06603865522577819,5.226295598544254e-08,36895386661102.45,1794037507.26,1.4955121664955555,1.7898892301188562e-15,0.0007489303510536952,6.152879287192231e-10,418422737257.30115
301,38764.0,32.6505,4.060395419276902e+16,0.20949001863709935,1.6670565282556788e-07,260520455141057.9,3945863277.81,1.4955121664955555,8.041211908818127e-16,0.0008555816209134967,6.907945224006257e-10,1063995863577.7919
302,47908.0,0.7218605,1231218089071175.5,0.009468127217126513,6.842235649255913e-09,16149005935846.734,389363243.89,1.4955121664955555,5.862978349713557e-16,0.0002692706330462264,2.1018615531796392e-10,459272773980.7907
303,53957.0,5.8183594,2818153462174599.0,0.01721640268586105,1.3032390254293713e-08,8338856626036.436,590308646.95,1.4955121664955555,2.064599915545523e-15,0.00038996634462621477,3.128551470124064e-10,188882282562.3216
304,157346.0,0.33385023,194686340756981.06,0.038828957383431395,3.0264063166607525e-08,22643290161546.45,1330140031.42,1.4955121664955555,1.7148107499577052e-15,0.0005738276629904056,4.6353255935228085e-10,334630315913.6124
305,214378.0,10.06266,7536788532057082.0,0.019184258383713213,1.4986765501933952e-08,14368735362457.809,638373611.27,1.4955121664955555,1.3351389596774993e-15,0.00039899942944796914,3.205057437610423e-10,298844870457.78876
306,89169.0,6.936702,2008941361078107.8,0.09914936963115464,7.82704536779505e-08,28714693175063.34,3485164557.22,1.4955121664955555,3.4529141240227074e-15,0.0009086758964468737,7.424671338011272e-10,263162031782.08493
307,46813.0,0.51048124,211067672987769.4,0.019809630871976524,1.505554467536254e-08,8190649064586.12,785921638.87,1.4955121664955555,2.418566674725127e-15,0.00042868074611527245,3.3864149634034436e-10,177245783874.86157
308,154903.0,18.613295,9593067067454572.0,0.07366136609759306,5.787991467489711e-08,37964176963537.875,3056089533.8,1.4955121664955555,1.9402861325912587e-15,0.0007940488930064366,6.515734964392275e-10,409243193397.4509
309,91040.0,5.2723765,1603159141132437.8,0.04905823171133383,3.879844660404389e-08,14917021312081.576,1659423219.81,1.4955121664955555,3.288741812790778e-15,0.0006466496534037787,5.379805693341294e-10,196625241570.73956
310,97185.0,0.43034533,333802627019710.4,0.0019296834205188064,1.5840807621648477e-09,1496782584083.2478,28540837.35,1.4955121664955555,1.2892209202852948e-15,0.00011183407825748085,1.1842340186685494e-10,86745472787.34262
311,83423.0,2.2370622,1518097718223802.5,0.007061726588230169,5.4412726625912165e-09,4792173869958.813,179867177.83,1.4955121664955555,1.473595654051438e-15,0.00022688136769297853,1.8184147923494754e-10,153964465807.97183
312,213376.0,16.831213,2.835650341022338e+16,0.18159961602005728,1.5490623874440478e-07,305951218784291.44,2949065432.63,1.4955121664955555,5.935574198450659e-16,0.0007287219369425154,6.002312430252135e-10,1227719362235.807
313,127153.0,1.5669527,977603603197292.6,0.004621939665092879,3.6408237551412983e-09,2883574513994.7656,119506329.28,1.4955121664955555,1.602850782132162e-15,0.000186805586045018,1.510633582030677e-10,116545837034.51384
314,101109.0,43.53757,3.5499807925579156e+16,0.43992463821666505,3.610151420388508e-07,358707207554797.1,5392419365.48,1.4955121664955555,1.2264170581224269e-15,0.0010168874974481573,8.167570515606219e-10,829153093324.5114
315,9194.0,43.59168,2.58350023913783e+16,0.5304380857038827,4.351975416901402e-07,314368916560177.06,7317135729.28,1.4955121664955555,1.6873108560093452e-15,0.0010441008095309788,8.741380587812076e-10,618795763573.9861
316,244925.0,9.896097,4551245806136795.0,0.02022045574091793,1.5280887671453913e-08,9299450519636.924,598282581.96,1.4955121664955555,2.174371023128729e-15,0.00037745870001146807,3.1469642646398546e-10,173594430755.5838
317,99802.0,4.3960304,2882790294863249.0,0.007440172665305147,5.927830216276933e-09,4879051234870.558,247297090.29,1.4955121664955555,1.5249220201112597e-15,0.00025472333998114674,2.047140570305557e-10,167040239842.92776
318,169329.0,1.1155427,825953235821207.2,0.004641057442913474,3.5424565032883336e-09,3436261482959.354,115417508.2,1.4955121664955555,1.350612421647416e-15,0.00020409966900629582,1.7227684975931552e-10,151116386710.95908
319,111956.0,27.114767,8319562062788599.0,0.06395033377602537,5.0465227813323403e-08,19621734930847.426,2455716648.17,1.4955121664955555,3.2591579695375834e-15,0.0007217995542379571,5.790984136375136e-10,221468109549.89325
320,165891.0,0.2550074,99803415752576.86,0.01789897466017384,1.4208517410073688e-08,7005203808023.484,522128562.01,1.4955121664955555,2.5550969180472752e-15,0.0004159387499102964,3.4319981042305847e-10,162787856293.20718
321,66420.0,48.85539,3.4870975394357864e+16,0.1637023154360993,1.3268117670757053e-07,116844004593385.27,7253577239.34,1.4955121664955555,1.4010330782976842e-15,0.0011111206697141133,9.274959222103726e-10,793072402733.1125
322,2.0,15.57916,5848865319735243.0,0.026001226043096785,1.9136254788311827e-08,9761609051711.748,1026676881.66,1.4955121664955555,2.6636209159121503e-15,0.00044889900469248257,3.458670409269289e-10,168529613959.259
323,213940.0,14.172581,6077151632487294.0,0.0238331684732444,1.830717276402439e-08,10219576709035.701,738479964.62,1.4955121664955555,2.332109161837609e-15,0.0004597401795757296,3.6078989181492384e-10,197134931374.08398
324,187753.0,1.5079668,613856960878296.4,0.02169529701961348,1.6834117058016606e-08,8831632827600.643,731927037.54,1.4955121664955555,2.456544270252187e-15,0.0004199277097143138,3.2999575706409817e-10,170942455545.97897
325,126764.0,8.212455,7221797181932884.0,0.14246079714507254,1.0016193238867197e-07,125275935558635.89,657373695.29,1.4955121664955555,1.1371760786283908e-15,0.0003013378587664417,2.3603359990052566e-10,264987862855.76944
326,67168.0,16.844904,4458076731917779.0,0.03638547033682526,2.81810493742342e-08,9629572165474.213,1688113766.84,1.4955121664955555,3.7785136983843806e-15,0.0005457052990264644,4.3336007131416184e-10,144423268667.7297
327,131333.0,31.293066,1.9533121687543068e+16,0.6594010644386576,5.758409699946716e-07,411597931393994.06,4020557726.49,1.4955121664955555,1.6020514539648133e-15,0.000809638458245487,6.488069708277439e-10,505376064071.95306
328,153545.0,0.23849072,204334559100215.1,0.0038072789208655955,3.033319843581592e-09,3262008096862.697,103161687.74,1.4955121664955555,1.1671580228532616e-15,0.00016473250141507497,1.3393592978489832e-10,141139844125.27628
329,186285.0,2.4860427,1602680293716536.8,0.007387271797225077,5.766919995045771e-09,4762361858764.765,334773298.08,1.4955121664955555,1.5511781792955033e-15,0.0002851295835774437,2.2534734223045645e-10,183814849501.64825
330,174456.0,15.398782,1.5056611054608968e+16,0.23015135414223328,1.8344765860523497e-07,225037241452679.38,3213058859.75,1.4955121664955555,1.0227256282406453e-15,0.0006955983514856269,5.952282615916945e-10,680141703970.2402
331,181593.0,25.537903,2.5481724775155292e+16,0.07734023068529126,6.098742224000889e-08,77170097809895.05,3676638595.72,1.4955121664955555,1.0022046476578964e-15,0.0007503256293364206,6.132290404714987e-10,748675064608.7056
332,150151.0,26.804377,1.5201809762047202e+16,0.1316912845209661,1.098201650807967e-07,74687274194336.17,2621195879.28,1.4955121664955555,1.763235918589097e-15,0.0007454045398263018,6.040541783954482e-10,422748046343.5422
333,117188.0,21.805346,3.2596855296236956e+16,0.10598071061876715,7.969074447375555e-08,158430776023105.34,5473809736.38,1.4955121664955555,6.689401723520628e-16,0.0007449633202991744,5.789482587742788e-10,1113647155738.6162
334,28443.0,19.751942,6175733664561807.0,0.060582257503254716,4.595499817693052e-08,18941929210707.6,2430048206.29,1.4955121664955555,3.198315062280374e-15,0.0007332617711063707,5.795747160786645e-10,229265021371.4595
335,125474.0,13.999065,8464530312889922.0,0.0434452328714847,3.376832270230807e-08,26269146588807.457,2375972597.84,1.4955121664955555,1.653850182175141e-15,0.0005856902225730796,4.691808479568149e-10,354137411529.4898
336,14924.0,0.22209941,57567547278409.47,0.0030725832537342474,2.2893247920051124e-09,796405004975.9045,75176864.57,1.4955121664955555,3.858066228284451e-15,0.00014309923320675232,1.1601753810387656e-10,37090921912.55193
337,40731.0,3.5244412,1342264133592695.0,0.04272025688188115,3.32195291987636e-08,16269775926582.51,1350242786.43,1.4955121664955555,2.6257434075709858e-15,0.0006011116867845592,4.861201754440376e-10,228930094635.8021
338,179068.0,13.475554,5435193626922958.0,0.055693762182260215,4.496191651912879e-08,22463371915721.133,2101883137.61,1.4955121664955555,2.479314432010209e-15,0.0006090799403281939,4.919499665574825e-10,245664661353.3228
339,167237.0,34.67276,1.4504099889581702e+16,0.09084658691974665,7.159195834125285e-08,38002396443535.84,3563279908.39,1.4955121664955555,2.390548897481425e-15,0.0009037259775301949,7.586888451251931e-10,378041201534.22504
340,38032.0,12.981855,2.2165354078344376e+16,0.05435822211169815,4.338484359058121e-08,92811793089283.31,1689572463.43,1.4955121664955555,5.856822748743416e-16,0.0005656828097666308,4.600725649077502e-10,965852705527.068
341,78848.0,7.604128,7476881753689147.0,0.020934524473454768,1.5762953495300083e-08,20584209531682.375,639933481.13,1.4955121664955555,1.0170186249432217e-15,0.00040604238417003586,3.055655075651323e-10,399247736680.048
342,27508.0,35.660053,2.1574029936204356e+16,0.27688944355295103,2.2391216757615332e-07,167515767411515.97,6514471731.69,1.4955121664955555,1.6529157095567596e-15,0.0009506387121460095,7.741190968659646e-10,575128366588.5962
343,164069.0,35.000294,2.279988192521986e+16,0.13212603338281936,1.0266369286541444e-07,86069504455475.12,5960200407.7,1.4955121664955555,1.5351085639300952e-15,0.0010103893632977053,8.12224549707084e-10,658187562129.7854
344,48839.0,12.412839,4029727105652408.0,0.03291564204186582,2.454343710020593e-08,10685795162255.682,1409243043.48,1.4955121664955555,3.08031751891804e-15,0.000504086126263932,3.9705779066660035e-10,163647456201.5256
345,109732.0,0.35262865,384939803968841.25,0.0009038855014729436,8.28611514962636e-10,986707993656.4221,38717188.41,1.4955121664955555,9.160618007394822e-16,0.00010393114974083734,9.939509708697175e-11,113454299324.49962
346,111181.0,28.080643,1.923706065556164e+16,0.26968669509349347,2.1365705097209581e-07,184752867358183.06,4811176492.91,1.4955121664955555,1.4597158839794782e-15,0.000859605094230911,6.980091287387281e-10,588885209556.9825
347,180810.0,0.5040513,656141181973278.1,0.005335870909735428,4.002146953951037e-09,6945889526662.533,127477406.02,1.4955121664955555,7.682055536951922e-16,0.00019715721685427788,1.5169242993489346e-10,256646435196.82977
348,102467.0,13.321707,4054019695120531.5,0.05065317195548943,3.8167756659875085e-08,15414612911684.75,1542115424.0,1.4955121664955555,3.2860489099335586e-15,0.0005504357771561504,4.429390306571837e-10,167506872917.26273
349,165638.0,26.677675,2.236780417946944e+16,0.0979777254724403,7.671928029314522e-08,82149084480463.89,4023256335.87,1.4955121664955555,1.1926818916130546e-15,0.0008741288524963742,7.087378736768399e-10,732910307973.3606
350,63890.0,18.869938,4056262721567965.0,0.061711913691973305,4.853896687619527e-08,13265530336420.342,2251846691.13,1.4955121664955555,4.652050248043536e-15,0.0006697913643073379,5.683289778556682e-10,143977671906.92426
351,120141.0,10.715484,3169367492748385.0,0.09979880418329404,7.483928710957694e-08,29517946720250.215,2547265568.71,1.4955121664955555,3.380953462959841e-15,0.0005380553236877532,4.343703707648881e-10,159143072977.02792
352,11145.0,7.9859858,1312963661302166.8,0.01373671730987407,1.0364123112425537e-08,2258432597444.0264,438754477.44,1.4955121664955555,6.082411901697024e-15,0.0003310291855731217,2.615623760303041e-10,54424000038.662766
353,130105.0,15.096677,1.6220259648951878e+16,0.04628768169235507,3.594165321834222e-08,49732680615610.68,1835667579.93,1.4955121664955555,9.307296755249856e-16,0.0005832545316022222,4.703266083556873e-10,626663731628.8778
354,261976.0,6.264655,8131108834861928.0,0.00910761072025981,6.954013813132181e-09,11821077775549.93,400222574.49,1.4955121664955555,7.704551897203057e-16,0.0003006311234456776,2.4794880372063905e-10,390199361957.4607
355,78466.0,13.827441,3944724511401634.5,0.09390121145421793,7.367682090894024e-08,26788355884054.133,2920814392.27,1.4955121664955555,3.5052995361358836e-15,0.0006829522615042885,5.612369091557807e-10,194834208735.59656
356,196521.0,0.16101234,472152901629006.5,0.00027416071973908904,1.6181893111286699e-10,803949432307.5345,6779315.6,1.4955121664955555,3.4101736840858223e-16,5.7143999558281094e-05,3.45691216725528e-11,167569176388.1519
357,158747.0,11.500453,1.8217261846029096e+16,0.5035576835977141,4.009610344021892e-07,797659203222640.8,2195605796.43,1.4955121664955555,6.312942689851499e-16,0.0003682433483780396,2.8317514163311376e-10,583314892070.8828
358,155967.0,6.688101,2539565913115975.5,0.01844978086144743,1.400822044447177e-08,7005641000366.382,840830079.53,1.4955121664955555,2.6335607063625644e-15,0.000426897836340925,3.4603292025601217e-10,162099106092.20398
359,163463.0,13.996028,1.3003231354374332e+16,0.030081485658618068,2.326053374926243e-08,27947680406348.445,1103335413.71,1.4955121664955555,1.0763499947489352e-15,0.0004798952044169117,3.8448491779264914e-10,445854235850.90466
360,100017.0,0.10098995,672509700661978.9,0.00018237567997761163,1.2683754133496229e-10,1214471479090.429,46213354.25,1.4955121664955555,1.5016876321723158e-16,5.2012128255123884e-05,4.007161614266026e-11,346357838613.1077
361,61863.0,0.18946582,135053753625170.89,0.015299678380753258,1.1108424854678259e-08,10905814012145.324,523645723.8,1.4955121664955555,1.4028919220256901e-15,0.00033503673165179534,2.555399332834597e-10,238818633418.334
362,105470.0,31.717207,2.280645985751697e+16,0.3326419477532215,2.684635863842422e-07,239188312777985.22,7596407972.38,1.4955121664955555,1.3907115439289042e-15,0.0009560740217754343,7.909454949418641e-10,687471119333.9391
363,9191.0,127.81243,1.6738359430851302e+16,0.48600549511080854,3.787533064093365e-07,63647445420868.36,16974653492.79,1.4955121664955555,7.635899475573608e-15,0.0020582392784401476,1.6657876472594484e-09,269547717989.77002
364,113676.0,0.56258726,577507676610934.8,0.0036129009478121626,2.743859248347726e-09,3708718950010.4316,87830007.5,1.4955121664955555,9.741641241922633e-16,0.000151427175040281,1.1929280665145603e-10,155443185885.9904
365,171483.0,31.568562,3.2108522028711068e+16,0.14895840808878127,1.2112769613350796e-07,151506246229409.06,4356599468.77,1.4955121664955555,9.831832798710498e-16,0.0009033790404414121,7.480487876853428e-10,918830760181.2507
366,219508.0,16.697573,1.758573061368403e+16,0.2145606327967709,1.9900243107937368e-07,225973288972331.0,2580681181.36,1.4955121664955555,9.49495552206803e-16,0.0005718674322585576,4.755853959737242e-10,602285530384.4574
367,219546.0,9.365667,5737498650425778.0,0.03454875543331713,2.4395552199456805e-08,21164903436407.395,370359451.91,1.4955121664955555,1.6323606454016292e-15,0.00027016294639126007,2.058953308891207e-10,165504447287.62045
368,207757.0,19.302801,2.117211504971276e+16,0.14136248274930635,1.1016636084827785e-07,155052251146419.1,2624592675.65,1.4955121664955555,9.117086769402322e-16,0.0006633657435845692,5.270964930169906e-10,727607140705.1626
369,84719.0,27.035387,9233278075085262.0,0.11880026268916796,9.296220111330438e-08,40573336745734.92,5439994844.23,1.4955121664955555,2.9280377759824317e-15,0.000870571355582164,7.046592325294882e-10,297322446698.9894
370,121025.0,9.214104,5165963706993780.0,0.06207983667266758,4.7771597330616196e-08,34805574496131.39,1421405575.0,1.4955121664955555,1.783617640891625e-15,0.0005675230382585207,4.594529933937591e-10,318186490897.6891
371,151129.0,13.919531,1.2100874609172468e+16,0.06876505888756594,5.3284354158359556e-08,59780559782567.12,2258653818.5,1.4955121664955555,1.150291317740702e-15,0.0006378370117872573,5.167255552219493e-10,554500413895.1853
372,93163.0,3.8011441,1939773124084660.2,0.00572252665654417,4.3045918926548695e-09,2920279557468.6133,154762126.24,1.4955121664955555,1.9595817948007107e-15,0.00021918988882679274,1.6275314345899654e-10,111855442527.7687
373,7.0,1.11574,1196502023410034.0,0.01592640612033244,1.2565251798543143e-08,17079227372530.979,590742635.63,1.4955121664955555,9.32501557180938e-16,0.00033831021620355043,2.750521627566519e-10,362798553630.62555
374,212769.0,20.047281,3.084934238250595e+16,0.07904450927830248,6.286870854934562e-08,121636002916481.36,2958793144.86,1.4955121664955555,6.498446790674026e-16,0.0008530369035332767,7.26180695680951e-10,1312678138347.577
375,204172.0,7.5448437,5791310296169047.0,0.15520661743698608,1.2552546206060125e-07,119134301164699.78,1069717678.13,1.4955121664955555,1.3027869884628554e-15,0.00038512286712997135,3.1967021121517774e-10,295614609710.1981
376,173915.0,17.954174,8850138955117185.0,0.12965741800992464,1.0056817568662906e-07,63911944150120.56,2108924896.81,1.4955121664955555,2.0286883732620745e-15,0.0006752470069672002,5.173849909124926e-10,332849054525.5217
377,46220.0,127.27107,1.913052774918469e+16,0.29079912304938205,2.3316431885872475e-07,43710960337921.07,9188177355.96,1.4955121664955555,6.652773601889999e-15,0.0014505085598653352,1.206820063242017e-09,218030651073.59995
378,153216.0,34.57491,3.482198861988134e+16,0.28655849856804105,2.3470402962071367e-07,288606297921429.4,9345891898.48,1.4955121664955555,9.929045229846446e-16,0.0012728252174485318,1.08079990520497e-09,1281921058857.1528
379,142050.0,13.95544,7075223759167779.0,0.04961909552334552,3.9150446963620236e-08,25156226070635.523,1671070260.25,1.4955121664955555,1.9724379715789376e-15,0.0006522724999211577,5.353674895067918e-10,330693542367.27313
380,153322.0,37.71143,1.8746505442090252e+16,0.421637309598364,3.434448982308001e-07,209597623823175.7,7814285184.0,1.4955121664955555,2.0116511910176653e-15,0.0011800998972869216,9.60124007002668e-10,586632465188.9208
381,220513.0,9.176177,6990409290287655.0,0.027083874439717867,2.0443848508504407e-08,20632488617033.887,818767188.82,1.4955121664955555,1.312680934541159e-15,0.00040992508980490966,3.149717385808007e-10,312280828507.80255
382,117027.0,16.057976,2.051634920184501e+16,0.1755290251145221,1.3776955661928045e-07,224263305307528.03,3195704649.02,1.4955121664955555,7.826916885659135e-16,0.000712661872320176,5.655766381756282e-10,910526945323.7078
383,105627.0,0.5177715,1062165890051415.0,0.00017068213704456405,1.01231526410629e-10,350140446142.3948,7693316.84,1.4955121664955555,4.874676402712733e-16,4.2353322533579305e-05,3.174641612199276e-11,86884377617.37352
384,149401.0,5.1544065,2756376250275072.5,0.015905698354581922,1.2496088135727004e-08,8505749243605.235,496653814.23,1.4955121664955555,1.869993800550856e-15,0.0003547572066486419,2.966453643136236e-10,189710365106.0976
385,99152.0,0.89996964,730970612640579.9,0.001590101982606468,1.1055802612644613e-09,1291507811737.7942,35639361.44,1.4955121664955555,1.2311981144480257e-15,0.00011894141008351535,7.818386020628539e-11,96606231513.63379
386,41398.0,5.7185745,2308835830042343.5,0.05095568334441158,4.0140009366101424e-08,20573012985993.156,1933259435.85,1.4955121664955555,2.4768216196190626e-15,0.0006621299463773146,5.276463862455624e-10,267330493699.07828
387,129381.0,23.331015,6619696650289477.0,0.08567401871713344,6.719330267188593e-08,24308244399939.145,4060982788.05,1.4955121664955555,3.5244840107559525e-15,0.0008658100307942377,7.191139442600115e-10,245655825973.95117
388,31175.0,12.727223,1.102758675132034e+16,0.06877537061806104,5.393803324832895e-08,59590875860733.805,1697876231.51,1.4955121664955555,1.1541258560923278e-15,0.0004988195777188922,4.064290732373322e-10,432205530346.4128
389,105842.0,16.03835,1.2962113229711892e+16,0.04843151349831549,3.709682612814604e-08,39142103885467.35,1830399399.13,1.4955121664955555,1.2373252505800309e-15,0.0006239187583755285,5.008461337927465e-10,504247980135.4164
390,103349.0,6.328493,2559823963281146.5,0.029643980336463253,2.33033534077866e-08,11990749019128.84,1180183190.53,1.4955121664955555,2.47223757991867e-15,0.000509657550655895,4.187450569015025e-10,206152335356.32175
391,185758.0,10.117148,5744440497739711.0,0.022213297743530033,1.7135455307813385e-08,12612543292465.828,994464692.06,1.4955121664955555,1.761206858001373e-15,0.00040870914220431407,3.201063688838501e-10,232061975200.4142
392,96950.0,2.6282601,1371002190399572.0,0.003390929801976812,2.5648476987828087e-09,1768840224756.0645,155965831.17,1.4955121664955555,1.9170356680714028e-15,0.00019604658029134103,1.5559865213212474e-10,102265483922.14839
393,191003.0,16.139395,1.3886759233417968e+16,0.044583307840091485,3.37668803629751e-08,38360648698709.34,2137974792.92,1.4955121664955555,1.1622146484084745e-15,0.0006239971073927069,4.972666227513537e-10,536903495621.2284
394,64255.0,0.4311281,1434393410211155.2,8.659049837682783e-05,6.803427124060708e-11,288092657979.4302,3175019.7,1.4955121664955555,3.005647522715084e-16,2.0335297735889997e-05,1.599592092321742e-11,67656961044.8552
395,39405.0,0.51095295,207010567656657.75,0.005198074411517141,3.894873038285355e-09,2105979297408.3242,159311811.43,1.4955121664955555,2.468245731529286e-15,0.0002083529906722057,1.599843067342631e-10,84413390454.08315
396,167580.0,20.82815,7840095112940827.0,0.06168854616954941,4.635616914309205e-08,23220692637046.926,2975426041.29,1.4955121664955555,2.6566195562629267e-15,0.0007299347039299482,5.766758719177212e-10,274760720709.57315
397,61565.0,46.238823,1.0504978189142492e+16,0.2112598965642043,1.7152070963215246e-07,47996044485117.305,5635238699.21,1.4955121664955555,4.401610566673096e-15,0.0010979228067161868,9.44762431237826e-10,249436607370.29684
398,191423.0,27.103891,4.685676555551447e+16,0.10113692452478813,7.91790307072247e-08,174843868781193.03,3260052576.73,1.4955121664955555,5.784413558782272e-16,0.0008524994845093733,7.105208293812213e-10,1473787231576.9216
399,112132.0,0.58587533,382175977443785.7,0.03505045742343053,2.741299813165849e-08,22863981703498.855,1453569378.37,1.4955121664955555,1.5329988397456942e-15,0.0005536210265425525,4.414269800328659e-10,361135972310.58014
400,235125.0,8.464471,5057139686570901.0,0.021278624866791426,1.5715501512490382e-08,12713018721371.41,821405091.14,1.4955121664955555,1.6737665013440652e-15,0.0004066437565153806,3.257213807906454e-10,242951305447.22827
401,145878.0,10.714045,6081568297703983.0,0.1814612264681348,1.4836752627501645e-07,103002072714002.19,1111532922.17,1.4955121664955555,1.7617240283308088e-15,0.0004314817947852921,3.408333980720658e-10,244920196265.98993
402,76075.0,12.942978,2.838598274259653e+16,0.07547178880696286,6.259000716684388e-08,165521481580772.0,1170290120.98,1.4955121664955555,4.55963709883383e-16,0.000409402724297728,3.290916645520244e-10,897884448747.986
403,163916.0,17.341722,3.96409507768767e+16,0.05600528356358685,4.382686010725739e-08,128020890254679.9,3838451815.95,1.4955121664955555,4.3746988051850024e-16,0.0007913900004416371,6.487165383653164e-10,1809015970433.58
404,124018.0,24.489973,1.00939805483442e+16,0.11353956545926147,9.612501329194613e-08,46797363362272.32,2171087219.31,1.4955121664955555,2.426195779029641e-15,0.0007090862077241168,5.666959357248494e-10,292262567535.96216
405,161886.0,49.175087,4.80706410039403e+16,0.1900861211203055,1.511616435938911e-07,185816889113093.4,8220792639.51,1.4955121664955555,1.0229754788576497e-15,0.0013037042886584768,1.0758148801980604e-09,1274423791774.8677
406,98716.0,0.18454267,160507621730555.2,0.007194704706557409,5.591107849711291e-09,6257658142169.297,158640483.67,1.4955121664955555,1.1497439686060052e-15,0.00025389387404592205,2.058445414742347e-10,220826445694.47314
407,79170.0,5.878449,1.100986768792994e+16,0.011634574265592139,9.127669563555054e-09,21790632745059.81,495013300.44,1.4955121664955555,5.339254899897219e-16,0.00032169055536024403,2.7056385950420787e-10,602500838396.8268
408,87960.0,28.819809,7997153694989353.0,0.05537400208298558,4.3819942258889214e-08,15365625961098.365,1893603111.65,1.4955121664955555,3.603758299413097e-15,0.0006501574612336376,5.480967441402947e-10,180410950795.31866
409,49428.0,11.794595,4819791792469102.0,0.049355206339222475,3.888031649855543e-08,20168714434824.047,1231112886.17,1.4955121664955555,2.4471171178865004e-15,0.0005176965320518887,4.205954660585886e-10,211553639287.60678
410,272734.0,5.8611565,6271219756439892.0,0.09816066254610745,7.616615876126168e-08,105028262982634.64,406724729.91,1.4955121664955555,9.346118821591605e-16,0.00024707959915752436,2.164474965804382e-10,264365993921.15125
411,202792.0,12.110256,4334069009871317.5,0.039909063946681395,2.9155838210492294e-08,14282822531933.639,1074089530.98,1.4955121664955555,2.7942000859740727e-15,0.00047806382209950374,3.588723053015156e-10,171091477843.41586
412,228714.0,6.4822984,3817111913726182.5,0.013720839652453508,1.0067318682647336e-08,8079538656182.026,231410524.08,1.4955121664955555,1.6982206826815617e-15,0.00019801158803565608,1.5471593168606496e-10,116599444380.21298
413,168846.0,0.27407178,544518276983600.3,0.0006542797247504934,6.007847022461607e-10,1299904967911.8474,12388193.61,1.4955121664955555,5.033288901122679e-16,7.581811523597206e-05,6.930226112103337e-11,150633346754.76462
414,165018.0,11.79444,5286208234168562.0,0.11242349445445099,8.826404104456397e-08,50387640455937.07,1962514619.97,1.4955121664955555,2.231172038166045e-15,0.0006266294554548347,5.051153212598678e-10,280852146197.52264
415,179164.0,25.900757,1.7647918747252304e+16,0.22124209447452692,1.8252882491846996e-07,150747042133107.12,2569041982.24,1.4955121664955555,1.4676380467828606e-15,0.0007191436591429128,5.749368224891998e-10,490000692418.21124
416,172949.0,20.993042,9588966127612206.0,0.11898892504729269,9.149034606206903e-08,54350425814394.945,2367452655.29,1.4955121664955555,2.189291496144598e-15,0.0006659086067314137,5.308964825565129e-10,304166260136.71405
417,146110.0,23.501204,2.3544954772402524e+16,0.22623743206670607,1.7032693987835512e-07,226658604632983.2,6513071097.32,1.4955121664955555,9.981418196456336e-16,0.0007775948149562738,6.269335315594402e-10,779042416269.4038
418,117636.0,17.292213,5643786825256543.0,0.05104064712977406,3.9535162691644834e-08,16658511656292.172,1690745003.18,1.4955121664955555,3.0639380145641786e-15,0.0006275200057471523,5.062011776668382e-10,204808322741.6114
419,126122.0,8.5481615,1.6475051316415758e+16,0.02208075032321031,1.6989849980175634e-08,42556694171004.336,1285354819.29,1.4955121664955555,5.188549240804248e-16,0.00040844300807717264,3.217942308579469e-10,787200793749.9349
420,147838.0,1.5621843,627135033932099.0,0.017433402125720615,1.3724873474548225e-08,6998596281927.635,884523230.19,1.4955121664955555,2.4909855381626478e-15,0.0003732783721857242,3.0771919764381816e-10,149851681780.9607
421,57121.0,43.253834,4980682572757508.0,0.17151430986988053,1.3510705527396059e-07,19749887007645.266,10105629864.95,1.4955121664955555,8.684318538302858e-15,0.0012961523485842048,1.086817275850637e-09,149252050447.87622
422,190542.0,28.602188,2.839308915915805e+16,0.08535832862447532,6.667501807523428e-08,84734308966553.19,3498497129.86,1.4955121664955555,1.0073644272967216e-15,0.0008505303128662135,6.889192392398032e-10,844312435320.577
423,208214.0,8.450549,7949535604974481.0,0.09808870446872033,7.47864650870876e-08,92273253325897.72,1470997196.95,1.4955121664955555,1.063024234360559e-15,0.0004106781515260969,3.169868638347326e-10,386329999120.9816
424,112281.0,4.9232435,2705088248485578.0,0.10170477174459151,7.765289413817725e-08,55881936950955.72,333956375.62,1.4955121664955555,1.819993674053421e-15,0.0002287629658527096,1.7431289874940224e-10,125694374169.56367
425,152286.0,0.13438004,230997552465693.22,0.0018759001272724144,1.2397690049793806e-09,3224648080697.1787,42966598.86,1.4955121664955555,5.817379386301401e-16,0.00011174818011941788,7.899816933673424e-11,192093677752.14954
426,35984.0,12.451916,5541630505445265.0,0.024570959364981302,1.8846040744802465e-08,10935118576533.637,804215376.28,1.4955121664955555,2.246976947987531e-15,0.00043227093968471736,3.51231241095841e-10,192378893816.36688
427,251995.0,8.08897,1.0848159459910772e+16,0.05034524517552663,4.348161908149882e-08,67518268421370.88,586656186.63,1.4955121664955555,7.4565367792506e-16,0.0003280523180168062,2.648748173163013e-10,439952658625.22345
428,204731.0,21.369148,2.441801357295833e+16,0.1268404373504887,1.1795890361496721e-07,144937529602219.22,2275363534.76,1.4955121664955555,8.751386731828674e-16,0.000641009396073256,5.451994525853878e-10,732466083051.6306
429,43335.0,16.080902,3995712453437438.5,0.05157255985955388,4.0704414918557096e-08,12814524936876.502,1195027473.11,1.4955121664955555,4.0245393499639576e-15,0.0006471787673473774,5.412372537283955e-10,160808159908.58017
430,95683.0,14.486257,1.338396479051135e+16,0.057516910310071605,4.421892310419038e-08,53140317919873.82,2911783228.12,1.4955121664955555,1.082359168358701e-15,0.0006279549508466794,4.975147967845134e-10,580172431854.4978
431,204129.0,21.415812,2.5571584700928656e+16,0.192282479170715,1.6484652236815594e-07,229595202956511.25,2724298918.56,1.4955121664955555,8.374847413825809e-16,0.0006592281671789273,5.405188067598069e-10,787152451387.5027
432,93708.0,6.6688814,7275713551037273.0,0.003338510922381359,2.3096875564325652e-09,3642297366130.3975,132573304.25,1.4955121664955555,9.165948265032014e-16,0.0001754639594071804,1.404068691724933e-10,191430231039.5678
433,14928.0,17.656202,6214945526209098.0,0.1994845563436043,1.459102276703417e-07,70218139268880.72,1168908170.2,1.4955121664955555,2.8409262680649227e-15,0.0004834581014702415,3.910567163147974e-10,170176222771.01392
434,139653.0,19.087456,1.3837712263297668e+16,0.05592470165067619,4.3412975242937885e-08,40543377276302.57,2502956525.24,1.4955121664955555,1.3793794549859548e-15,0.0006442094997171735,5.25765188494941e-10,467028486895.74915
435,107593.0,35.628128,8470302946561523.0,0.10104523721844794,8.022473896056511e-08,24022698317111.348,3343415996.18,1.4955121664955555,4.206240110274103e-15,0.0009134719038578226,7.457795170410182e-10,217170651201.435
436,148190.0,1.4471811,579421605833258.0,0.020363513354429503,1.5779710556816583e-08,8153132740767.921,646481007.19,1.4955121664955555,2.4976305429943876e-15,0.00042212325819147595,3.496313905633169e-10,169009487562.31818
437,172152.0,3.4860647,3426820180659148.5,0.01167212848222534,8.74956649310792e-09,11473764509917.51,313061455.18,1.4955121664955555,1.0172884820963835e-15,0.0003009588703495616,2.368317680919017e-10,295844173650.0926
438,116452.0,7.2386265,3488435590247575.5,0.0094490048245586,7.475817924845437e-09,4553660106984.561,458969616.58,1.4955121664955555,2.0750351590944157e-15,0.00028152999688573947,2.1806135128741567e-10,135674808039.68857
439,159402.0,15.619866,6819076937277337.0,0.09106906726131876,6.847103591618031e-08,39757509844259.7,3108993481.32,1.4955121664955555,2.290612958861345e-15,0.0007969279704953872,6.239434793606819e-10,347910356226.8927
440,162158.0,0.38137802,753981208668898.2,0.0005621251749671479,4.151879741686816e-10,1111316847376.118,26921585.2,1.4955121664955555,5.058189986900291e-16,8.252901347162495e-05,6.319014353279218e-11,163159180824.28442
441,163120.0,4.8672004,5167590040120694.0,0.02204566387407436,1.7536485473019866e-08,23406258978675.973,468691937.71,1.4955121664955555,9.41870458417077e-16,0.000392660686421963,3.279402075994723e-10,416894577075.785
442,185503.0,14.071121,7245524944886965.0,0.27605030794925856,2.2904980916820555e-07,142144282057561.84,2737572510.63,1.4955121664955555,1.942042999925041e-15,0.0006100097062070566,4.823174036185357e-10,314107208867.46674
443,222273.0,4.661322,5520049361566162.0,0.03368497292416626,2.6582905153849006e-08,39890553213105.08,1034896180.27,1.4955121664955555,8.44434840103944e-16,0.000578151388473477,4.772708429735134e-10,684660747065.2332
444,199965.0,21.003607,1.7760500220891298e+16,0.08220621412348238,6.455529932178132e-08,69512988130978.94,3168608610.46,1.4955121664955555,1.1826022205891422e-15,0.0007762655928899028,6.287199643557285e-10,656404646782.4043
445,243093.0,11.808745,8134425646929100.0,0.03636012073722047,2.7356513285759087e-08,25046581889124.1,1340294111.12,1.4955121664955555,1.4516999125141706e-15,0.0005451728680751545,4.313269671441074e-10,375541021512.48346
446,144966.0,36.145237,3.9989022929162184e+16,0.13999812500175254,1.1047107127909156e-07,154885918460979.97,5041468815.88,1.4955121664955555,9.038789735880472e-16,0.001103207843134451,9.203379144719846e-10,1220526060867.5803
447,18694.0,9.651689,3034834897966672.0,0.050604714767587176,4.039791215330582e-08,15911925299118.422,1686158625.63,1.4955121664955555,3.180301177657669e-15,0.0006820193966633339,5.558680355943289e-10,214451197721.35843
448,212378.0,16.450563,1.3081424500469128e+16,0.08145010346249326,6.686380266849623e-08,64768809371448.555,1800566915.32,1.4955121664955555,1.257551346904922e-15,0.0006601717534040183,5.511855934482065e-10,524966042165.0608
449,7356.0,7.44968,1479484071179886.2,0.012212834089330942,9.345131187666162e-09,2425432166096.778,302345568.05,1.4955121664955555,5.035322883915128e-15,0.0003239501913663082,2.7644690099925616e-10,64335534946.75327
450,88362.0,14.743542,7847335537148612.0,0.049025288546270765,3.770661005265484e-08,26093993494108.5,1771294112.77,1.4955121664955555,1.87879592126593e-15,0.0006168643453061177,4.857163662023446e-10,328329617029.65344
451,135010.0,4.736135,3832990541613471.5,0.012661606932967698,1.0042634399316873e-08,10247136033008.506,489316179.69,1.4955121664955555,1.2356239726086974e-15,0.00032216493635794154,2.7195280602371197e-10,260730564880.32877
452,175570.0,21.82736,1.8763897491575988e+16,0.24324398215859297,1.8958435279159278e-07,209104772481261.0,4715314531.93,1.4955121664955555,1.1632636561673473e-15,0.0007509399028647084,6.136073283159838e-10,645545744409.1918
453,221200.0,10.621405,2.4961661317248508e+16,0.04820747926430414,3.534434044274451e-08,113293746952859.84,877132192.76,1.4955121664955555,4.2550873778022974e-16,0.0004884396925306074,3.8254245152365977e-10,1147895798987.9888
454,65224.0,16.451443,1.264784238475187e+16,0.0895678936503039,7.0821986544769e-08,68859649674697.93,1847597034.16,1.4955121664955555,1.3007311839870585e-15,0.0006005257588957153,4.945497051831675e-10,461683218091.96375
455,182525.0,23.433113,1.4804668601384232e+16,0.08562241762802289,6.641368008747526e-08,54094883502341.25,2354630311.52,1.4955121664955555,1.5828191519132694e-15,0.0007020635684419538,5.75073680297081e-10,443552611549.66327
456,185385.0,18.927107,1.1988769457973792e+16,0.06180432724352143,4.825543282182342e-08,39147970729374.93,1837571885.28,1.4955121664955555,1.5787364221447668e-15,0.0006909649551192234,5.508766389486189e-10,437669610599.4211
457,73545.0,0.89327353,294353672179734.0,0.0042198136359838925,3.3530126171354387e-09,1390523280887.965,129894543.04,1.4955121664955555,3.034694703773093e-15,0.00019322286168800036,1.6081123483338864e-10,63671268628.031265
458,108176.0,105.0007,1.68853746635727e+16,0.3568826290203673,2.8515921569865327e-07,57391016459221.0,7049852667.13,1.4955121664955555,6.2184406382477845e-15,0.0016015254803786894,1.3277067386818587e-09,257544547507.3254
459,186444.0,8.066903,3507070521974601.5,0.027764236207235112,2.156709981765412e-08,12070448146895.305,939478942.89,1.4955121664955555,2.300182716445079e-15,0.0004523051572089763,3.510020519427131e-10,196638794811.92334
460,67554.0,20.454123,4109909836310787.0,0.0990831161510435,7.783028985708661e-08,19909075235418.203,2327541764.37,1.4955121664955555,4.9767814415998006e-15,0.0005213081866532362,4.2133230526672063e-10,104748057106.89603
461,48306.0,3.0283787,1746554130619684.2,0.004976246273780839,4.069058572457657e-09,2869946048838.851,121083968.13,1.4955121664955555,1.733916313790698e-15,0.00018909553546348314,1.4896016167764453e-10,109056898513.21681
462,74104.0,2.5792685,1417217470721830.5,0.012154246085593318,9.314542378166295e-09,6678331432324.8125,317100080.41,1.4955121664955555,1.819952514899709e-15,0.0003245413068943268,2.688094003997014e-10,178324051994.40665
463,122638.0,9.8892145,7640097487383522.0,0.05468247412882117,4.274523188298824e-08,42245967381486.27,1357071628.65,1.4955121664955555,1.294383287167547e-15,0.00048729602610690154,3.903551024011484e-10,376469652333.9962
464,53488.0,0.82486945,998609240805472.4,0.00015244808292431017,1.1313643021181932e-10,184557767718.6312,6960632.2,1.4955121664955555,8.260182424655565e-16,1.3811434066271523e-05,1.0259433278354546e-11,16720495209.70166
465,142289.0,28.123707,1.833021242412806e+16,0.5992913570810474,4.918866306084932e-07,390600637364042.44,4262640806.28,1.4955121664955555,1.5342815647341196e-15,0.0008856996887604462,7.24710803654951e-10,577273239227.0723
466,176784.0,25.036901,2.6958832274424104e+16,0.13913989780280506,1.079734860132151e-07,149820825171067.78,4425888764.4,1.4955121664955555,9.287086601207337e-16,0.0008894681241209757,7.127708558412464e-10,957747205679.4897
467,151246.0,3.6128976,4586930294795249.0,0.007936704885689911,6.035839343818214e-09,10076430641438.75,246792163.58,1.4955121664955555,7.876504258413354e-16,0.00023765375649573126,1.9932533097712913e-10,301724913360.9995
468,233482.0,10.253971,6996860696477846.0,0.06908778035064961,5.466609789063392e-08,47142475333932.06,994420182.59,1.4955121664955555,1.4655102402084056e-15,0.00041352792899578103,3.2728051519007825e-10,282173346627.02496
469,79169.0,2.750316,1998697130380551.8,0.011788562271877369,9.138223079743236e-09,8566930339682.324,429292686.91,1.4955121664955555,1.3760544097425808e-15,0.0003173433031314336,2.626675953323437e-10,230618281431.76343
470,82353.0,0.38358337,1557092728190611.5,2.8877573044765003e-06,1.6901305954954e-12,11722369245.516771,1708600.1,1.4955121664955555,2.4634587462606376e-16,3.777293748118551e-05,2.2107535567383798e-11,153332941087.4944
471,78146.0,0.6655691,444474861507740.94,0.00040850488325464777,3.586151840831096e-10,272804358570.50067,34300539.94,1.4955121664955555,1.497427993435369e-15,5.6042278747196355e-05,5.495009352408346e-11,37425691914.991714
472,55760.0,0.6332185,559296472115823.0,0.00528856570534889,4.1639047090278595e-09,4671177708096.594,305489836.71,1.4955121664955555,1.132169665945736e-15,0.00021532623189573051,1.786202863785144e-10,190189013513.1486
473,133334.0,17.505217,3.664269083329756e+16,0.0644857733688747,5.1620878508660474e-08,134984459587205.88,3497117193.36,1.4955121664955555,4.7772738851626155e-16,0.0007645356933573357,6.36251675837909e-10,1600359769474.074
474,88183.0,17.958124,1.4735623331518794e+16,0.11123489977985279,8.632211847202318e-08,91274321553585.08,2882354421.09,1.4955121664955555,1.2186877742449097e-15,0.0006972453694061748,5.636116261709679e-10,572127975796.0836
475,125835.0,30.806395,1.266412504234317e+16,0.1899826069365171,1.4823784081339744e-07,78099481945692.95,3641964023.0,1.4955121664955555,2.4325719224184216e-15,0.0008335966864486888,6.693766102127797e-10,342681208627.92053
476,50987.0,1.2546601,368519807170662.6,0.0064804474370460515,5.154695477396187e-09,1903442406337.6414,225884052.26,1.4955121664955555,3.404593391146987e-15,0.00024095608433862442,1.9272904888587594e-10,70773821321.86063
477,138651.0,0.49605763,555387729341019.94,0.0007999867375068893,5.146247816975334e-10,895667742570.3174,12847689.06,1.4955121664955555,8.931735502845617e-16,8.196031614403961e-05,5.997010079229286e-11,91763035434.63347
478,210376.0,9.248927,6978469333798968.0,0.009377403000759892,7.618163787670272e-09,7075406614354.002,212730191.46,1.4955121664955555,1.3253518153622138e-15,0.0002444534272932591,2.0625534395466494e-10,184444178866.16083
479,233153.0,19.935375,3.0217119687945844e+16,0.07893475424174203,6.267050227519228e-08,119645650832317.4,1624253754.49,1.4955121664955555,6.597377647464057e-16,0.0006255560541985479,4.959163151279965e-10,948188943585.7946
480,220606.0,8.052445,4524774302286224.0,0.05378711364352908,3.9744261595963014e-08,30223683565474.727,1298568916.51,1.4955121664955555,1.779634620876307e-15,0.0004933013023499305,3.7787143377936544e-10,277192462184.7516
481,147658.0,56.9774,1.2304442655039584e+17,0.26845029829161504,2.1517250308803964e-07,579726575985820.2,8360114833.9,1.4955121664955555,4.63063639673785e-16,0.0013851156080971756,1.1608324986111768e-09,2991199242231.4775
482,22363.0,35.83146,8.664132765072602e+16,0.13622710244951025,1.1291978090221424e-07,329400393348109.1,5355485306.68,1.4955121664955555,4.135608372074588e-16,0.0010495874773044894,8.99378504908795e-10,2537927634521.0947
483,19990.0,23.16204,6688388126886729.0,0.0921233030887576,7.629750250880593e-08,26601992164266.785,2525361603.44,1.4955121664955555,3.4630227134831857e-15,0.0009005027897521279,8.345386660557166e-10,260033752087.74823
484,60097.0,4.826174,1897639173964431.8,0.05456815449637575,4.2800169674788735e-08,21456057660429.56,1771533399.53,1.4955121664955555,2.543251670926171e-15,0.00065248799581893,5.236621194530184e-10,256556597712.2959
485,115396.0,0.52403027,758595124686604.8,0.00021074204548089572,1.7146072802113183e-10,305073766575.145,2560517.5,1.4955121664955555,6.907904532295676e-16,3.762851611129978e-05,2.983158070966659e-11,54471679415.05244
486,88906.0,0.12699823,93172316234933.23,0.0024274548152234247,1.8808404995435126e-09,1780903463694.0088,53063187.91,1.4955121664955555,1.363046826911279e-15,0.00012991024260349985,1.0328923828539734e-10,95308715767.2212
487,229413.0,8.911796,7531684051477878.0,0.11694406164296796,1.1152672755800116e-07,98833694576422.92,413344240.67,1.4955121664955555,1.1832408182671066e-15,0.0002709360954150075,2.2340786371629966e-10,228977982530.89505
488,148775.0,7.773757,5251046229062729.0,0.02632605605759655,1.919387465065286e-08,17782822049536.2,752512249.46,1.4955121664955555,1.4804205982752422e-15,0.0003874718062757013,3.008782813558712e-10,261730893725.1506
489,75037.0,18.91184,8868362277829857.0,0.15446500485060896,1.2000328036390547e-07,72433545454167.67,6532665092.03,1.4955121664955555,2.1325064772419114e-15,0.0007563513592619674,6.11247919323453e-10,354677168549.65826
490,77524.0,31.65228,8004920080746793.0,0.08342230833524891,6.535893920567057e-08,21097655877399.18,2572974960.39,1.4955121664955555,3.954103186630079e-15,0.0008334964394893083,6.766822875111839e-10,210792789198.7218
491,133984.0,3.7213135,1495975196274954.0,0.026654820318784758,2.1020147661061784e-08,10715289119841.062,972106281.18,1.4955121664955555,2.4875502677225123e-15,0.0004675408938199478,3.7948275355735383e-10,187952340053.81805
492,123627.0,5.843126,4454065755802082.0,0.01858402875159384,1.4556208463052567e-08,14166130606684.752,497726027.78,1.4955121664955555,1.3118634345234937e-15,0.0003780243263018771,3.0285341980257797e-10,288158291750.2281
493,179254.0,0.42097843,336785645342358.7,0.05379618310278031,4.173168046161026e-08,43037317240281.31,2013441549.7,1.4955121664955555,1.2499892314948736e-15,0.0006548492959182373,5.445514639535541e-10,523883949892.1899
494,4971.0,42.99665,3.577831993983893e+16,0.18337323614084083,1.506717455827043e-07,152588313532580.75,5693188922.76,1.4955121664955555,1.2017515096376426e-15,0.0011390538080475123,9.659485256733235e-10,947828065047.2948
495,147327.0,2.0497546,3264627324365561.5,0.002872973718808628,2.26999284568119e-09,4575761656837.744,63344500.81,1.4955121664955555,6.278678686236701e-16,0.0001543779234887515,1.219000636559052e-10,245876451405.5459
496,172582.0,16.184258,9411834455091850.0,0.22771048849825962,1.6798708061543106e-07,132423335158999.34,1341275474.5,1.4955121664955555,1.7195646690581382e-15,0.0004903408667119365,3.9705666908341205e-10,285154071571.2147
497,145879.0,17.035269,1.2599137126049736e+16,0.09205190976521781,7.279913857190972e-08,68080793666759.0,3598005065.51,1.4955121664955555,1.3520980706510609e-15,0.000863337444518453,7.126593015023462e-10,638516882213.0924
498,30305.0,1.8324066,650046219097059.9,0.0013903471084589982,9.527802501148085e-10,493225619841.3068,78555854.97,1.4955121664955555,2.818886636315316e-15,0.0001316260333751663,1.0014176901411757e-10,46694333741.359726
499,146308.0,10.200832,5647728912768771.0,0.0497834648926398,3.97706388205588e-08,27562802137313.0,2005554156.52,1.4955121664955555,1.806183008702359e-15,0.0004854224187378444,3.8908271496199215e-10,268755943555.57202
500,130991.0,5.0619864,4757832458610661.0,0.07479150631518576,6.099133331954985e-08,70297592339397.64,193367025.82999998,1.4955121664955555,1.0639269970170734e-15,0.00015401451102042065,1.288905385884349e-10,144760412558.5969
501,173160.0,20.705984,8641701865674745.0,0.1475658756529297,1.1763458794155906e-07,61587041839685.086,2815872081.18,1.4955121664955555,2.396053962732175e-15,0.0007756387043994597,6.164868852711567e-10,323715040004.7809
502,183358.0,36.575153,1.51652702809098e+16,0.1798689364791872,1.4424319921024486e-07,74579620674359.72,6348338150.37,1.4955121664955555,2.411770599699841e-15,0.0013497745714411164,1.1412544698626318e-09,559661259495.0382
503,65542.0,8.782858,2195144844605922.8,0.017196236377927356,1.3110951308702989e-08,4297943748109.336,511897401.76,1.4955121664955555,4.0010380278922855e-15,0.00037395879094363033,3.043582250316149e-10,93465442801.75932
504,147213.0,10.709239,6152976843323781.0,0.05867374964672183,4.511825130136022e-08,33710912875065.754,1321586960.44,1.4955121664955555,1.7404972052868914e-15,0.0004388185982783116,3.590317555130302e-10,252122552650.6834
505,86852.0,0.34676415,586967214325595.1,0.00041765848221451057,3.401417118201675e-10,706969955933.759,10578905.61,1.4955121664955555,5.907726045626243e-16,4.586410723860631e-05,4.380957879046652e-11,77634113167.04771
506,77197.0,2.1959598,1678188657295052.8,0.003036416240380458,2.33311401954296e-09,2320479315437.8203,72427635.11,1.4955121664955555,1.3085297594249646e-15,0.00014613908105028656,1.2809923162834625e-10,111681893359.84808
507,195871.0,12.474924,9561045668646438.0,0.18942559283305577,1.5039830420528353e-07,145179781767590.06,1683028659.74,1.4955121664955555,1.3047656535005424e-15,0.0005095059685606601,4.0081673683998976e-10,390496153231.58746
508,214595.0,18.354597,2.70180989157793e+16,0.06983173254378575,5.60209177224762e-08,102792813011816.48,2490084025.22,1.4955121664955555,6.793445037422829e-16,0.0006902621069101887,5.820533243484682e-10,1016070790457.2192
509,90186.0,26.419626,1.7708219166778996e+16,0.09126386330782993,7.160235630790234e-08,61171210124700.945,4331337975.84,1.4955121664955555,1.4919414398012304e-15,0.000875694429157925,7.269271696665035e-10,586949598554.346
510,49429.0,0.33719754,279516150001629.9,0.006340400649708347,4.970704146087638e-09,5255804591795.984,220981080.38,1.4955121664955555,1.2063615644320865e-15,0.0002199328644243849,1.857432914955696e-10,182310901564.50876
511,141103.0,24.853113,1.3917908804043002e+16,0.11301938823555276,9.026437958769987e-08,63291610131541.82,3532599916.39,1.4955121664955555,1.785693048425525e-15,0.000761897380519152,6.329355993340645e-10,426667607398.10767
512,150345.0,5.6834044,2045785092101383.0,0.04010352097704888,3.0386440200568025e-08,14435570580833.857,1606287825.25,1.4955121664955555,2.778104318944928e-15,0.0005931452241462708,4.775972240636154e-10,213507181894.28403
513,182676.0,9.513243,7066932263004993.0,0.062109978420685205,4.9531370005260896e-08,46138526089965.77,1382824611.54,1.4955121664955555,1.3461630373622385e-15,0.00045301737296770913,3.545684260702544e-10,336524893637.98126
514,2586.0,0.45068336,1063760320544578.2,0.001966452079354331,1.5041540516166383e-09,4641470886055.157,62244895.2,1.4955121664955555,4.236700234967201e-16,0.00010354546005301635,8.658852860245433e-11,244401195058.3942
515,110238.0,15.5287285,1.0887207129863002e+16,0.04050845497696931,3.1270976072672484e-08,28400518422676.7,1604291177.91,1.4955121664955555,1.4263280118374493e-15,0.000564425949200591,4.4956032938460437e-10,395719599220.0113
516,181719.0,18.461994,1.0328963475513192e+16,0.12916491682923328,1.0933322906877505e-07,72264117746265.64,1927685755.17,1.4955121664955555,1.787400453469289e-15,0.0006815055659855196,5.623735326338346e-10,381283088891.88116
517,197931.0,12.304439,6913860017234437.0,0.057888799741640865,4.680208122775109e-08,32527696547516.06,1372174318.33,1.4955121664955555,1.7796771946970674e-15,0.0004768713002820692,3.791885631677548e-10,267953818649.25293
518,44494.0,1.1833956,1616273917436958.2,0.002871265782607822,2.0349245124022945e-09,3921555897671.276,188378569.78,1.4955121664955555,7.321751512742317e-16,0.00014432369085648781,9.513560570480592e-11,197116346553.57523
519,11148.0,1.6926229,1013187863974275.4,0.028542966787030152,2.3662151938343948e-08,17085546668687.85,2237406678.06,1.4955121664955555,1.670591368278544e-15,0.00044965495570957774,3.608927531112704e-10,269159151811.5668
520,156432.0,20.73875,9001916624785015.0,0.06522586893494808,5.131660303119952e-08,28312113021833.895,1384907086.09,1.4955121664955555,2.303814939020865e-15,0.0005819490490313519,4.6019421592042925e-10,252602341956.63464
521,222610.0,11.909512,9921907596647952.0,0.06924094147653208,5.619346657866282e-08,57685169907470.586,1341221671.28,1.4955121664955555,1.2003248250390426e-15,0.0004097367445569985,3.244912282543863e-10,341354886618.8543
522,252865.0,13.786829,1.3047961283060926e+16,0.03240184281493264,2.6469613122016546e-08,30665353907636.56,629490468.92,1.4955121664955555,1.056627062336419e-15,0.0005585232067321303,4.66561360631993e-10,528590669916.3289
523,162268.0,16.439516,1.2579899711374112e+16,0.16962598431824905,1.4284949824978866e-07,129801745450820.5,1429678142.98,1.4955121664955555,1.3068081922096897e-15,0.0005364646974599234,4.438548601899625e-10,410515254386.9595
524,169173.0,25.691044,1.5438007734427036e+16,0.08059633296966194,6.836070818696533e-08,48431150238662.84,2458894498.94,1.4955121664955555,1.664142449074469e-15,0.0006581756543016578,5.288165147012197e-10,395504396073.61096
525,126123.0,3.4369137,7437643432652957.0,0.017430808257704718,1.3556098680862342e-08,37721091618841.18,225161662.41,1.4955121664955555,4.620971321253668e-16,0.00016233636804274625,1.1849282199207391e-10,351303560998.3064
526,35985.0,23.571743,1.3972453221118538e+16,0.2808929845560562,2.155807469190083e-07,166502922030410.2,3284127584.5,1.4955121664955555,1.6870153456211041e-15,0.0006966889124397637,5.530491474027671e-10,412971295280.8177
527,179003.0,30.349928,1.7636441748228056e+16,0.18602764913591013,1.5481260102209383e-07,108101271197259.08,2822649648.02,1.4955121664955555,1.720864584436329e-15,0.000867956523293843,7.139339541070203e-10,504372355119.4721
528,110793.0,0.13397364,95094273552217.81,0.001121496191590236,8.15357504099026e-10,796036187647.4534,24051937.34,1.4955121664955555,1.4088507645671525e-15,9.383475673174928e-05,6.244227906945903e-11,66603758958.51436
529,178881.0,13.57975,6457620292898699.0,0.09855630677179553,7.816109168353533e-08,46866783748058.414,2529573390.32,1.4955121664955555,2.102903141414702e-15,0.0007276426776477565,5.870609121019762e-10,346018160949.74493
530,50407.0,2.2283056,856769288182107.4,0.013651342488843548,1.0086282256204104e-08,5248854101024.853,624114446.96,1.4955121664955555,2.600823384703737e-15,0.0003442019478424432,2.6385658127725364e-10,132343453179.79047
531,66419.0,8.509018,5859633015368074.0,0.019085595820544504,1.4443351989196742e-08,13143066260763.994,499887233.58,1.4955121664955555,1.4521417941504828e-15,0.00038029160159009495,3.0348277043989424e-10,261883242478.10062
532,65988.0,32.44693,1.2627322687619678e+16,0.08760579758602856,6.924822748887285e-08,34093415784638.965,2667389935.34,1.4955121664955555,2.5695811220388185e-15,0.0008145579823596193,6.549210875059799e-10,317000298365.0943
533,144578.0,1.1045481,405124296023065.5,0.053025050410321725,4.112656722936724e-08,19448438885612.27,1682971384.55,1.4955121664955555,2.7264425038016313e-15,0.0006417654674150149,5.032119401616194e-10,235385659708.63693
534,210438.0,15.616582,7047921315172153.0,0.04085715875543304,3.251648499396736e-08,18439248746607.234,1984519918.62,1.4955121664955555,2.2157713319503125e-15,0.0005843368259581228,4.931448363278522e-10,263717116262.07928
535,27505.0,40.670113,6724072420321339.0,0.0814276265349362,6.344008020057795e-08,13462594948673.746,2449762357.56,1.4955121664955555,6.048434707081338e-15,0.0008207029431877084,6.665886283989826e-10,135688485192.18573
536,178419.0,0.30018425,188241259039001.78,0.016512401987119476,1.2530687822047675e-08,10354691626271.148,590476626.09,1.4955121664955555,1.5946782949311058e-15,0.00035986187129606265,2.7512188971217834e-10,225664243653.36307
537,14929.0,51.94431,1.1771362417758718e+17,0.20115041901920172,1.5728200999722584e-07,455837123018680.9,6335004053.6,1.4955121664955555,4.4127695806591486e-16,0.0010729554712471641,8.579030899969877e-10,2431478579688.028
538,83900.0,18.909424,2.582591598015529e+16,0.10731765363625737,8.278465902941216e-08,146571186197812.75,3059460260.5,1.4955121664955555,7.321879314766633e-16,0.0006043911986114044,4.775591685239043e-10,825459110467.0071
539,126892.0,24.195223,1.095441022908355e+16,0.17621316074507132,1.3591422133805785e-07,79780676151030.03,10347784781.08,1.4955121664955555,2.2087198209687805e-15,0.0009489393552206372,7.623914352122783e-10,429633195759.71246
540,163995.0,4.3514547,2032067887441751.8,0.03618308647001195,2.8912538176727406e-08,16896990352269.877,1222540945.71,1.4955121664955555,2.1413923850143674e-15,0.0005516581856795102,4.539952602112962e-10,257616581407.52606
541,167669.0,6.883922,7329428146624118.0,0.1708829500073633,1.382210140157086e-07,181941966158554.78,2088043107.92,1.4955121664955555,9.392167932188113e-16,0.0005286003480770452,4.2309425701178397e-10,562809728162.4053
542,96214.0,0.2900784,179090243293440.53,0.015075290239718613,1.1803275813174122e-08,9307267954975.053,325536744.78000003,1.4955121664955555,1.619733128201209e-15,0.0003455271112792266,2.8757294896536986e-10,213323482284.36307
543,59270.0,37.342323,9459135010492050.0,0.06303925666271873,4.947094417616591e-08,15968391675411.22,1967052719.16,1.4955121664955555,3.9477524063859946e-15,0.000729221826200136,5.891514037529881e-10,184718227267.88196
544,134571.0,0.4689544,271202115315990.8,0.003581989237881831,2.6095820376368777e-09,2071508569602.218,173521368.87,1.4955121664955555,1.7291694036147113e-15,0.00018553323089509865,1.4645934194981252e-10,107296156470.99355
545,200080.0,21.844048,2.7844069199574364e+16,0.07036701237831135,5.656781343695856e-08,89695095067956.6,2517443518.98,1.4955121664955555,7.845134934635889e-16,0.0007200693647639076,6.003662401468525e-10,917854658668.5671
546,73838.0,4.291527,3321887109532990.0,0.006069240447143572,4.613980645392875e-09,4697938893550.588,125561900.48,1.4955121664955555,1.291894293362464e-15,0.00021024431101686485,1.5376154499823413e-10,162741109777.37485
547,175977.0,4.590642,7492426505454911.0,0.01653455921669488,1.2688440887276805e-08,26986197079009.543,554306350.55,1.4955121664955555,6.127043083649539e-16,0.00037529253566655923,2.967393237593042e-10,612518192777.2871
548,119907.0,17.131395,9721416282506454.0,0.09419724423057205,7.264396013152434e-08,53453359976249.46,3033062416.47,1.4955121664955555,1.7622324260332001e-15,0.0006694413853269298,5.288047620474966e-10,379882571355.15765
549,63452.0,5.487183,4414898305130935.5,0.032163877579818936,2.5593115889061104e-08,25878533413881.316,1353369818.08,1.4955121664955555,1.242878685024946e-15,0.0005543724395066249,4.54909882003417e-10,446039059311.3261
550,137480.0,6.081212,1.1732167651037738e+16,0.012613253615397144,9.698374218072792e-09,24334097551754.02,315429548.36,1.4955121664955555,5.183366093018712e-16,0.0003146048973869027,2.477639010454362e-10,606950949906.1482
551,102941.0,3.264459,1171312034666563.0,0.02223275500120428,1.7151145091805222e-08,7977276938293.232,465612549.41,1.4955121664955555,2.7870105517436202e-15,0.00041663437697447056,3.3602070622386043e-10,149491496081.28113
552,75385.0,29.058508,2.0322542436397436e+16,0.08671020769239693,6.733696568761697e-08,60642200745391.74,5410527328.91,1.4955121664955555,1.429865780373845e-15,0.0009197270197954824,7.437309080510807e-10,643226121234.271
553,44491.0,3.5175605,1022277592405410.9,0.019175911394813398,1.4458477487610488e-08,5572926047148.108,684561701.12,1.4955121664955555,3.440905411731865e-15,0.00039481057862907905,3.0808756563776466e-10,114740317267.35677
554,13272.0,7.061887,1571433421561666.2,0.017307522769132614,1.2747885602498146e-08,3851324684727.2563,485962904.95,1.4955121664955555,4.493914220675035e-15,0.00040540067524902205,3.352727736344967e-10,90211039940.17189
555,136457.0,2.1798995,1566557387380367.2,0.00494722178139828,3.799171108932457e-09,3555258776222.728,327995456.85,1.4955121664955555,1.3915222752517718e-15,0.00020262489371030974,1.5175866404078443e-10,145613834082.28107
556,72221.0,0.30947375,87804962815438.61,0.011769027944681792,9.097546351843769e-09,3339149317370.674,279582235.69,1.4955121664955555,3.5245587501756305e-15,0.0002987448475856499,2.422987377344232e-10,84760921511.31352
557,110010.0,1.7243804,714259000571658.2,0.007839202900076106,6.0574754566934374e-09,3247091667642.9424,174159300.81,1.4955121664955555,2.4142228500024355e-15,0.00022494277502434473,1.790225718342122e-10,93173989726.80496
558,174844.0,18.794558,8070463442428729.0,0.0734432459339285,5.661417253156172e-08,31536843345987.297,3145751671.33,1.4955121664955555,2.3288077734410697e-15,0.000742795277585156,5.942688439250652e-10,318959463316.972
559,80613.0,9.731035,4069273331206490.5,0.0337536576510907,2.6573849138755017e-08,14114928053414.39,1317807038.28,1.4955121664955555,2.391344647550344e-15,0.0005422669310453179,4.4236161491042194e-10,226762349626.5198
560,206713.0,6.017846,4503108827522928.0,0.025613463745615156,2.0100271172480527e-08,19166361966776.5,1065756961.76,1.4955121664955555,1.336375875088566e-15,0.00047622595779053296,3.838660941217496e-10,356356296658.6567
561,48307.0,0.81968164,690415533820435.1,0.004103690058865663,3.2899389431503614e-09,3456526563929.5635,158142211.4,1.4955121664955555,1.1872294290139549e-15,0.00016128760832722074,1.3105500415729718e-10,135852097653.25395
562,189388.0,30.432789,2.2719129214850228e+16,0.29734842691121205,2.7108401938004604e-07,221980881634879.9,3484340375.55,1.4955121664955555,1.3395226864640474e-15,0.0008563574120864164,6.856044320238818e-10,639300417036.5732
563,187647.0,7.951694,4406691442540244.0,0.04296754958779018,3.5668192287363856e-08,23811873680682.203,1090386360.74,1.4955121664955555,1.8044589923491973e-15,0.0004470898586090748,3.6013232036022177e-10,247769475784.54825
564,274408.0,8.421534,9441027860376234.0,0.04536781799820446,3.8061691526397166e-08,50859954218023.31,811295210.79,1.4955121664955555,8.920145268657636e-16,0.00038859156982405603,3.177533067338453e-10,435633678735.519
565,32942.0,7.312142,2211096539105157.0,0.01181537967965262,8.554185016125371e-09,3572816982751.8813,430124128.24,1.4955121664955555,3.3070206889108802e-15,0.0002541943613710857,2.118162663194523e-10,76865065351.25456
566,104304.0,21.252693,2.0359874577683776e+16,0.11198699976889633,9.081760544464826e-08,107282463903554.77,2724372476.83,1.4955121664955555,1.0438518625893125e-15,0.0007446672279804179,6.125859156878752e-10,713384010383.6609
567,176051.0,12.675602,4.090274740009286e+16,0.21209029628528242,1.6741417398692146e-07,684391622186288.4,1646637703.09,1.4955121664955555,3.0989610247968873e-16,0.0004774017571686698,3.74861550504041e-10,1540521979297.7544
568,177463.0,37.18473,8.233776886848307e+16,0.17106938481983053,1.3099626502316857e-07,378797196262250.44,3352010430.18,1.4955121664955555,4.516120671109589e-16,0.0006990346199972174,5.45320463803981e-10,1547865238564.2917
569,161278.0,6.1605186,2631658961762482.0,0.02319498339969088,1.7652082340148025e-08,9908465487260.848,958155629.56,1.4955121664955555,2.3409258910486485e-15,0.000416237969098279,3.2293887532349615e-10,177809118473.12677
570,172879.0,17.4146,2.5712653321166816e+16,0.05634241110632405,4.501603190977577e-08,83189558419692.05,2274908538.48,1.4955121664955555,6.772774393401164e-16,0.0006590800494242343,5.414556301303299e-10,973131557528.9026
571,33646.0,24.633204,6509185670249152.0,0.09878132162409946,7.740167151436708e-08,26102408895077.594,1606390756.77,1.4955121664955555,3.7843756881276846e-15,0.000595840753920435,4.750651473961351e-10,157447569433.8969
572,50986.0,18.490355,3045649394300902.5,0.08905579268618914,6.83319055316857e-08,14668875803286.562,2808843903.56,1.4955121664955555,6.0710714222719226e-15,0.0008493061891557659,6.685644873656149e-10,139893954474.0091
573,183690.0,4.9071927,4147803643534695.5,0.023258664707835643,1.7921649398644645e-08,19659381670280.14,876981162.63,1.4955121664955555,1.1830822097012685e-15,0.00044089782563571327,3.5756403558699155e-10,372668798516.5808
574,84720.0,17.455654,6971544465322508.0,0.055137689518988335,4.255416698759344e-08,22021223277957.62,2357383615.61,1.4955121664955555,2.5038431708822915e-15,0.0006676847640759153,5.257508339587075e-10,266663971546.04532
575,59659.0,6.891564,3282443905438632.5,0.0036613031288546182,2.8975441134768413e-09,1743874415339.1362,124627457.45,1.4955121664955555,2.099522245782013e-15,0.00018055389087514377,1.5594286048002803e-10,85997607902.4076
576,180065.0,12.814973,8835332234130631.0,0.17736395556365056,1.4264994583864823e-07,122284258715522.44,1284549202.32,1.4955121664955555,1.4504234431045086e-15,0.0004914277977544881,3.827282419526891e-10,338816778018.03076
577,155494.0,4.177158,8462214304184541.0,0.012381231982402978,9.27904032974941e-09,25082278042850.566,615414347.93,1.4955121664955555,4.936247003262973e-16,0.00029642122280763996,2.2664384626204504e-10,600499169939.6296
578,209190.0,21.559795,1.2346353815840452e+16,0.1029207089952357,7.989928958639549e-08,58938199005711.0,4022872103.76,1.4955121664955555,1.7462479466884095e-15,0.0008257147670643773,6.686449582959279e-10,472850816306.0495
579,19991.0,41.682076,3.524445837676299e+16,0.15767287257658094,1.260477001527915e-07,133320974575977.5,5821468372.07,1.4955121664955555,1.1826561655287457e-15,0.0010994090375169565,9.016166796977076e-10,929610033382.2969
580,74783.0,2.5990877,1539286439237622.8,0.008163955603776736,6.339624154386339e-09,4835029672693.048,238819916.77,1.4955121664955555,1.688501654888401e-15,0.00026144602495225145,2.058912404790135e-10,154839069417.15808
581,88907.0,13.428527,2.698271395366343e+16,0.7343103556694478,5.613164443877637e-07,1475492157869702.8,7640066667.79,1.4955121664955555,4.976714730423481e-16,0.0006960819100515865,5.403287461327097e-10,1398677536802.185
582,58813.0,6.9247055,2703167202810390.5,0.012107456850184642,9.17571961637277e-09,4726335331785.752,496675176.92,1.4955121664955555,2.5617007681954042e-15,0.0003509481761973737,2.665466277470246e-10,136998114906.52748
583,119305.0,17.255098,1.3954535761257892e+16,0.13123088809715136,1.0203037674398463e-07,106128989874953.55,4741610918.24,1.4955121664955555,1.2365225397111017e-15,0.0006533349470439822,6.330089263062773e-10,528364769797.58563
584,129023.0,12.217816,6370480176717015.0,0.0780938541261585,5.8308787559588046e-08,40718844483672.29,2313007868.35,1.4955121664955555,1.9178799181659756e-15,0.0006403783615867369,4.895128064679289e-10,333899091137.6329
585,181186.0,8.072482,1.0176580915377686e+16,0.1407987130243694,1.1454260206614106e-07,177498010633351.28,2046369411.39,1.4955121664955555,7.932410764603453e-16,0.0004936020662377958,4.198958906224933e-10,622259841157.4711
586,130822.0,4.1575584,4309099185478574.0,0.0145264496240344,1.147688001732142e-08,15055930962466.377,447657724.62,1.4955121664955555,9.64832374713198e-16,0.00035180358557010774,3.059211367670871e-10,364626638564.73865
587,156565.0,1.5744727,1831367816176527.0,0.003714814718449546,4.1633318785583566e-09,4320933680480.687,66010365.17,1.4955121664955555,8.597250023139182e-16,7.545212211208425e-05,5.785856624041096e-11,87763089254.13084
588,32938.0,19.385305,4222647088474548.5,0.034551217736563056,2.7343964670632435e-08,7526195691971.222,800619410.77,1.4955121664955555,4.590794493082545e-15,0.000522704687798701,4.304525941670567e-10,113859308794.22238
589,26849.0,0.16645393,97919402588531.22,0.011562434010120339,8.922995706647058e-09,6801801740219.044,308370521.4,1.4955121664955555,1.6999075321104529e-15,0.0003007183104590276,2.5043832574639976e-10,176902746048.594
590,157550.0,22.861166,1.1257311714536014e+16,0.06944210163268928,5.6909779599418526e-08,34194729358584.484,2022171051.12,1.4955121664955555,2.030783776776875e-15,0.0005839394754619028,4.86822449706224e-10,287543894204.5779
591,30306.0,22.61923,2.47908501168605e+16,0.17092750196135573,1.3676631648161264e-07,187337857299888.12,3632942702.65,1.4955121664955555,9.124023538271663e-16,0.0007248186970809046,6.116342786198963e-10,794406868900.0828
592,18693.0,3.9846413,573450366165955.2,0.018844143329851685,1.5741606108577163e-08,2711958261484.4634,413942747.64,1.4955121664955555,6.9485373714921544e-15,0.0003866438129124678,3.3253347988271544e-10,55643913566.43715
593,212182.0,8.514695,4971018245475822.0,0.027304351915477816,2.1393250685812126e-08,15940727360490.65,1062150205.44,1.4955121664955555,1.712867380390188e-15,0.000516948695382403,4.2261348433654135e-10,301803105891.73755
594,215245.0,20.162083,1.7979915303600556e+16,0.05409724338724484,4.315905588910071e-08,48242230441216.19,2539233116.78,1.4955121664955555,1.1213669619435001e-15,0.0007264087682812179,5.991929809955953e-10,647788630246.6417
595,143026.0,15.882643,1.3242357164834186e+16,0.10317942714909824,8.725354484555757e-08,86027169808661.45,1674130525.15,1.4955121664955555,1.1993818624811932e-15,0.0005687824619467212,4.787964858962409e-10,474229667580.6534
596,149522.0,0.35745075,283433477448987.94,0.013986005323749055,1.1123511269101522e-08,11089925324062.834,474475781.07,1.4955121664955555,1.261145130833508e-15,0.0003564775391045413,2.841794926216101e-10,282661789185.9444
597,195617.0,12.998973,1.3872823376828524e+16,0.12440184895685978,9.62904379404553e-08,132764709822030.98,1530996277.81,1.4955121664955555,9.37009911170058e-16,0.0005382446012544901,4.4541921160233373e-10,574427863396.2112
598,148889.0,8.05552,5655552657604385.0,0.04783519541908067,3.680718673504882e-08,33583737186352.56,874707222.41,1.4955121664955555,1.424355936138027e-15,0.0003345543667245941,2.6959671212084033e-10,234881154517.9492
599,199206.0,7.319018,5339488599676747.0,0.018066861340940023,1.4032766871265593e-08,13180429418521.691,473469580.9,1.4955121664955555,1.370733893961885e-15,0.0003759272240966662,3.0173250629248185e-10,274252519582.8559
600,157755.0,9.336127,5047216332488431.0,0.08865982236417225,6.962839627413271e-08,47930507315503.875,1898309348.05,1.4955121664955555,1.8497576455964995e-15,0.000602650108438614,4.643159522543382e-10,325799495881.67523
601,90185.0,20.436047,5071878437229623.0,0.05590419632086092,4.392224405628021e-08,13874468377882.773,2400991191.93,1.4955121664955555,4.0292856488813326e-15,0.0007454121628810749,6.201281512298023e-10,184998589784.2777
602,62704.0,0.117758214,134150983976249.5,5.5930803880320195e-05,4.0189820810125026e-11,63716764378.98071,3476088.5999999996,1.4955121664955555,8.778035800382073e-16,1.7202461802695302e-05,9.425073949552589e-12,19597165235.92504
603,136565.0,6.7884555,2552899721593159.0,0.06126092909257524,4.876754721941591e-08,23038084115742.316,1588959003.36,1.4955121664955555,2.659115609822546e-15,0.0006795607901663963,5.662292878287915e-10,255558948868.62265
604,101584.0,39.676056,2.012088623350087e+16,0.14347912782887082,1.0889349145488232e-07,72762454209829.69,5895671238.75,1.4955121664955555,1.971884117804919e-15,0.0008594750186304428,6.645616192227083e-10,435864872012.45966
605,65223.0,15.364928,4562477733021834.0,0.024013675800186075,1.9291481040731202e-08,7130645918181.6045,896976280.81,1.4955121664955555,3.3676718877537302e-15,0.00047735528678744053,3.975941370782074e-10,141746376338.89005
606,107788.0,11.627973,6376728874167301.0,0.021557393847625603,1.6691739670010983e-08,11821979273597.443,748098323.17,1.4955121664955555,1.8235012385591553e-15,0.0003979338086286064,3.308049958446335e-10,218225137561.75726
607,165983.0,17.065586,3.1102649657142812e+16,0.04192692150772885,3.2511971813003386e-08,76413335636843.44,1907800973.96,1.4955121664955555,5.486859218787117e-16,0.0006175242952425888,4.985648214772616e-10,1125460433043.6858
608,47906.0,1.3420464,324289205308649.2,0.010199358686439558,7.958886527743402e-09,2464551093824.589,309015518.84,1.4955121664955555,4.1384245236367914e-15,0.0002998200735751874,2.4678019871532276e-10,72447877655.55516
609,13274.0,9.396144,2.0358088031860684e+16,0.36187849844975806,2.6713553284347487e-07,784061454175003.5,1343820439.71,1.4955121664955555,4.615435391228738e-16,0.00038943209998177974,2.9893277163436114e-10,843760267388.5631
610,175493.0,10.70192,1.1210644845901368e+16,0.08729658839865072,6.233509041705434e-08,91446305784018.84,1477682219.28,1.4955121664955555,9.54621268188033e-16,0.00043487896301542005,3.281926311039976e-10,455551303440.8546
611,66866.0,5.7120504,1048434665851339.2,0.024443589910371995,1.8626122510028918e-08,4486568784457.51,1021782943.53,1.4955121664955555,5.448170101626465e-15,0.00044515146596238496,3.6443447195168334e-10,81706601970.72261
612,2585.0,6.232613,3556744975739140.0,0.004162431675404794,3.1563657193106292e-09,2375361336947.032,80752942.47,1.4955121664955555,1.7523362069850897e-15,0.00018160859756151114,1.541601909165681e-10,103637987298.09412
613,248927.0,13.09856,1.912765611774186e+16,0.04156230242598912,3.2480336164127825e-08,60692887482739.17,1685704343.32,1.4955121664955555,6.847969201961149e-16,0.0005375024621117821,4.350626426329422e-10,784907826334.6307
614,149117.0,30.069801,4.460066163105209e+16,0.41319114368312404,3.405935227738298e-07,612860670024335.8,6763185795.99,1.4955121664955555,6.742007831351241e-16,0.0009995637191300738,8.425213736237009e-10,1482590563721.9353
615,148995.0,3.166518,1316610876075811.0,0.037431879217801875,2.8540256163106615e-08,15563852563008.98,1331036490.81,1.4955121664955555,2.40505228806698e-15,0.000546238120221362,4.30122936617419e-10,227121099583.4073
616,194325.0,18.204554,1.4805463845268932e+16,0.059782659412424846,4.437881391310829e-08,48620251971275.01,1878048951.61,1.4955121664955555,1.2295834963534253e-15,0.0005581265436385926,4.4096642900292036e-10,453915122717.4308
617,57123.0,28.91373,3.4321419187370612e+16,0.12225006107351287,9.650129608338326e-08,145114296626055.97,4531667561.02,1.4955121664955555,8.424398141041761e-16,0.0009165352499876993,7.443433693991049e-10,1087953388055.7555
618,119736.0,36.569515,2.6070420273197116e+16,0.17579949010034182,1.3526785624076144e-07,125327519129790.67,4592098115.67,1.4955121664955555,1.4027205782177957e-15,0.0008631724364944089,6.900015952472617e-10,615355937524.7057
619,47400.0,2.0105157,475240733433438.06,0.010169556440743686,7.781597761601335e-09,2403854623762.338,199200986.05,1.4955121664955555,4.230520573173031e-15,0.00027312569953028264,2.1680381007734755e-10,64560777995.56221
620,80970.0,0.50276953,759690883720575.9,0.0012885443286594963,1.11688212799371e-09,1947006175478.5913,64867230.69,1.4955121664955555,6.618080337330007e-16,0.00011853444281931694,1.0424525676499393e-10,179106986886.68137
621,131493.0,29.211842,1.885706270502039e+16,0.1807792474991419,1.4448643799279452e-07,116698070798059.2,3967218772.69,1.4955121664955555,1.549119417852008e-15,0.0007871144038481329,6.54339768791042e-10,508104407431.37616
622,116151.0,7.541297,3132918821473253.0,0.02057276498950576,1.586546215380388e-08,8546646902431.847,892552833.32,1.4955121664955555,2.4071153546371528e-15,0.0004317411171737027,3.404644198665676e-10,179360376868.51242
623,133333.0,10.512738,5403246424851304.0,0.043076428715906445,3.327018814035555e-08,22140051379058.77,1063609048.71,1.4955121664955555,1.945633638260226e-15,0.0004903169677338723,4.101551015546042e-10,252008887023.7209
624,200118.0,1.9856863,944433000993749.2,0.019162888758134735,1.5581781782561008e-08,9114261672427.598,577315658.62,1.4955121664955555,2.1025168518154548e-15,0.0003861517556223231,3.2977811520071843e-10,183661669721.6451
625,141435.0,10.047933,4790578441865305.0,0.07919013618520004,6.538321724425676e-08,37755681613043.89,1336250401.44,1.4955121664955555,2.0974362745405003e-15,0.0004390097230787247,3.4172161555606053e-10,209307776549.684
626,192757.0,10.836893,1.2147465771262596e+16,0.03210301744101702,2.4089075489419917e-08,35985434710760.766,2598913330.35,1.4955121664955555,8.92111425054349e-16,0.0005901937847855916,4.562035093892895e-10,661569584482.8307
627,168922.0,18.333105,1.7544359902658092e+16,0.20697314558007493,1.6461581015490517e-07,198068540830485.75,3367749104.52,1.4955121664955555,1.0449571886189138e-15,0.0006786580954648639,5.485945959461736e-10,649460191150.8207
628,27506.0,5.6639338,3121977859874351.5,0.011266525755680013,8.72098120832503e-09,6210143905095.986,349216806.79,1.4955121664955555,1.8142133141930585e-15,0.00030773479632164143,2.5158508592442405e-10,169624373227.86288
629,35986.0,14.402532,8878319913489458.0,0.07309338972471484,5.65359020125611e-08,45057806331371.555,1897832246.33,1.4955121664955555,1.6222136778510558e-15,0.0005728794748456059,4.5363130112335177e-10,353146741805.6162
630,180157.0,16.903076,7895621055072861.0,0.2806500587700839,2.2490040987047076e-07,131094867770369.77,2072841628.1,1.4955121664955555,2.1408165212209537e-15,0.0005454269468978471,4.4418041852691594e-10,254775195114.23538
631,166820.0,25.524359,1.0347822711194204e+16,0.12282118249717273,9.995922178696004e-08,49792898683958.02,2007268023.78,1.4955121664955555,2.4666405399841187e-15,0.000632964832602493,5.221812790040862e-10,256610082556.4832
632,154070.0,2.3125646,1783907255115232.8,0.0037699399118183343,2.8962665139407173e-09,2908123370928.1924,202544155.3,1.4955121664955555,1.2963479986803564e-15,0.00019133348817299922,1.4583511881674268e-10,147594232696.5992
633,116633.0,82.205574,5.946032893464e+16,0.45939072130817304,3.7173158846389104e-07,332283105261274.6,8652441395.95,1.4955121664955555,1.3825280733034968e-15,0.0014443710786505252,1.1862269557334922e-09,1044731826095.4058
634,263613.0,10.121698,1.0888202320402644e+16,0.027826665308789585,2.3193874109514546e-08,29933946041882.55,851537200.59,1.4955121664955555,9.296023073555177e-16,0.00040146571887945075,3.3309008703957955e-10,431868246994.26434
635,69465.0,1.0998292,1377705235855304.5,0.0015918078917795302,1.0773479633431688e-09,1993984217713.489,53627819.11,1.4955121664955555,7.983051609128901e-16,0.00013116595229063796,9.527868075701595e-11,164305529655.65833
636,128740.0,0.3135461,489177819478137.44,0.0002093427428511917,1.2324289512848757e-10,326605326845.13824,10114733.4,1.4955121664955555,6.40965488448548e-16,1.3588628614340758e-05,8.012928121280755e-12,21200250027.863323
637,237286.0,7.797373,4910625152077638.0,0.13888496924030608,1.182988876852682e-07,87466897273860.83,357935227.44,1.4955121664955555,1.5878575045991869e-15,0.00027635654989154626,2.229987535582222e-10,174043671482.53976
638,140155.0,17.320272,1.6859740840602482e+16,0.19905421068227167,1.6261117741725148e-07,193761530149976.06,2482951590.32,1.4955121664955555,1.0273154352579634e-15,0.000582547429654107,4.928342502678388e-10,567057993738.6289
639,192806.0,0.46281427,392353498836904.1,0.006453256771711133,4.919413632963938e-09,5470786095843.172,224618440.85,1.4955121664955555,1.1795849186307e-15,0.00024782011194260086,1.994259697947376e-10,210090946424.00006
640,262525.0,4.5724845,4988783971998386.0,0.0036518485201203666,2.7934289742795613e-09,3984329168385.921,92298019.5,1.4955121664955555,9.16552916635589e-16,0.00013868335456787434,1.259473281156245e-10,151309708420.2649
641,24788.0,10.538932,6601932086692061.0,0.12373597961070665,1.0207137035411636e-07,77512269181564.02,525141955.49,1.4955121664955555,1.5963405653996357e-15,0.0002882942204536724,2.1956347403191585e-10,180596939464.16718
642,68753.0,2.8951323,2273553193571336.0,0.0011142387295291108,8.472301308262173e-10,875013905900.5273,56787636.88,1.4955121664955555,1.273395453506974e-15,0.00012440481902320507,9.54828791495999e-11,97695353537.33987
643,145055.0,7.813363,4097680473704129.5,0.02430087732686351,1.838704099291122e-08,12744477700084.844,666087351.48,1.4955121664955555,1.9067770291364497e-15,0.0004599715756188899,3.604431017193854e-10,241229870399.2695
644,142711.0,60.28544,3.863032597235026e+16,0.24265902933279462,1.9308714963044612e-07,155493555380203.88,7215890462.82,1.4955121664955555,1.5605729043847428e-15,0.001252276835047871,1.04681112139039e-09,802446865205.3024
645,54857.0,57.211765,5.269516267377791e+16,0.16286036418117641,1.2826264726228945e-07,150003297112714.56,5401282210.63,1.4955121664955555,1.085711896444522e-15,0.0011382849070980378,9.425507696339202e-10,1048422616373.3505
646,112752.0,12.569318,3252662214433180.5,0.056078337921044635,4.3732597823275327e-08,14511836744364.111,1607482074.47,1.4955121664955555,3.8643170336672576e-15,0.0005102369072383995,4.1951905426842187e-10,132038055571.7971
647,96469.0,9.460538,3089319029516589.0,0.015791751408446873,1.1986425591629813e-08,5156763614871.62,558309841.93,1.4955121664955555,3.062337657461155e-15,0.0003645472068364355,2.786095513720519e-10,119042133041.15688
648,138950.0,81.48716,8.382257728727037e+16,0.30796886852115596,2.494010337128115e-07,316795238460731.75,8190160464.36,1.4955121664955555,9.72138565016122e-16,0.001621134996196376,1.355664852224394e-09,1667596631319.21
649,184900.0,17.969902,1.2108511484193188e+16,0.427489173312927,4.1439203601729347e-07,288051518835652.44,2280690661.29,1.4955121664955555,1.4840719293579932e-15,0.0006231244767223067,5.27553247673953e-10,419874848648.25195
650,173231.0,11.673373,1.1727629834858616e+16,0.26208300555178465,2.1131552546871924e-07,263301144846354.7,1900094422.32,1.4955121664955555,9.953735890693492e-16,0.00044004630604476113,3.6246194772694444e-10,442091603471.4102
651,339704.0,1.4165311,4735968923090103.0,0.000488989437420226,2.9515148746369713e-10,1634866173669.9624,16719101.040000001,1.4955121664955555,2.9910059018625244e-16,6.334298280758299e-05,4.0753755943613164e-11,211778193978.61697
652,77759.0,0.14347108,130179888068298.88,0.0003529119605307816,3.1436700185079635e-10,320218120055.00385,22168856.36,1.4955121664955555,1.1020986584711757e-15,9.730342392771906e-05,9.0287811059489e-11,88289213655.96956
653,117806.0,1.716333,972679761784275.8,0.008176276702975549,6.305490647691344e-09,4633657265654.497,971676163.37,1.4955121664955555,1.764540671486341e-15,0.0002951731973556845,2.3283183214651533e-10,167280472547.59433
654,63451.0,6.601657,1824779081155007.5,0.014453682529579005,1.0907412919250973e-08,3995175381821.77,482904699.76,1.4955121664955555,3.617784239296207e-15,0.0003358446496799456,2.963845613145703e-10,92831586259.90361
655,42018.0,0.14216708,134099100113006.23,0.0001584675132965994,7.762316980373217e-11,149474484038.21637,4661014.6,1.4955121664955555,1.0601643104256093e-15,2.9579407934443084e-05,1.4449113218595365e-11,27900776930.104595
656,96727.0,16.779623,5407870930870200.0,0.13914107834485792,1.0733972774355883e-07,44843498144808.74,2112961737.31,1.4955121664955555,3.10281499216549e-15,0.0006061137893759014,4.866019749457709e-10,195343193489.2411
657,118505.0,16.619244,9861224549897576.0,0.08092164935829056,6.346899219286825e-08,48015815597278.57,2584361281.52,1.4955121664955555,1.6853123986688465e-15,0.0008628643392587306,7.159225610974538e-10,511990738298.88684
658,188226.0,19.132303,2.5338668924152052e+16,0.1013447291500769,8.280771957461657e-08,134220147942548.27,3308747618.89,1.4955121664955555,7.550634588292706e-16,0.0007937189923899398,6.79000076178248e-10,1051195079179.9735
659,180662.0,26.284678,1.4943667310478608e+16,0.12046654182044919,9.451087814462113e-08,68489023263235.36,2551616631.78,1.4955121664955555,1.7589175035748416e-15,0.0007211345735694988,5.920361552684299e-10,409987718073.10895
660,182616.0,21.339867,3.380997939435292e+16,0.11047881042513705,8.866452672582966e-08,175037937396072.16,2038593163.26,1.4955121664955555,6.311706597361687e-16,0.0006863986618931096,5.539209753458453e-10,1087500902180.7611
661,133603.0,6.140747,1908694934218849.0,0.021365261344570598,1.6279336984478748e-08,6640847782304.611,638938073.01,1.4955121664955555,3.2172490689368113e-15,0.00043630759971707915,3.344231519384946e-10,135615114145.099
662,235774.0,7.377505,5963671289465938.0,0.14752617238629664,1.263715594716454e-07,119254083691567.81,513303382.07,1.4955121664955555,1.2370743862143137e-15,0.0002968028450790581,2.512595886947233e-10,239923199757.88364
663,75386.0,66.37449,2.251054653693685e+16,0.23989719254502112,1.9409965696490456e-07,81359825391731.03,10043745086.22,1.4955121664955555,2.9485952236249877e-15,0.0014445897909142003,1.2257132501479285e-09,489924754452.47076
664,51928.0,34.695248,2.0543926033710108e+16,0.705153322689845,6.25741880846957e-07,417538958181393.9,6190067661.11,1.4955121664955555,1.6888324044327885e-15,0.0009820196495850815,8.095228182378541e-10,581478450441.5657
665,152599.0,17.373943,4.3369825798118104e+16,0.060948344323619494,4.6792967184819426e-08,152142727531631.6,2535095923.24,1.4955121664955555,4.0059978753140133e-16,0.0006015460757039749,4.709529855643304e-10,1501613566524.476
666,114875.0,4.804859,2036658902809855.8,0.02884513584180638,1.9874958360322807e-08,12226727717707.14,445067911.99,1.4955121664955555,2.3591868983908036e-15,0.0002786714672641304,2.0676676306045718e-10,118121827250.82597
667,32941.0,37.13562,2.0909198848541884e+16,0.7007491038699081,5.205023232080261e-07,394556556636281.75,6294685945.93,1.4955121664955555,1.776042222803275e-15,0.000917950831176387,7.260946020610246e-10,516851919053.7649
668,82829.0,2.1520827,2951112228281246.5,0.002344678785203467,1.792143266598726e-09,3215215769545.274,54736735.5,1.4955121664955555,7.292446147510261e-16,0.00014009530444010108,1.071503168540654e-10,192110166611.14667
669,164519.0,7.155474,4306223675390226.5,0.036059139709155565,2.7956371491457534e-08,21700689727860.03,1399207799.32,1.4955121664955555,1.6616586920212816e-15,0.0005300413340756614,4.334123389338718e-10,318983276542.1318
670,115216.0,4.5798664,1706063711678059.5,0.03554241920659579,2.7051623154021194e-08,13240043778050.46,1459761468.14,1.4955121664955555,2.6844638735650205e-15,0.0005421093632693492,4.363357700190308e-10,201943251539.98715
671,210117.0,2.5281212,2264809372106122.0,0.022723278114994555,1.824255417595064e-08,20356576749490.336,944416566.43,1.4955121664955555,1.1162622475590586e-15,0.000419382670323554,3.4942248222457617e-10,375702637297.48285
672,151723.0,94.83565,1.7040272287219658e+17,0.2598174130724471,2.0718598167486275e-07,466845480967919.0,8750458315.39,1.4955121664955555,5.565383486925118e-16,0.0014626873166561842,1.2191979182789233e-09,2628187833044.2256
673,35983.0,4.9066577,874065738832029.0,0.010541832904761253,8.031584882645045e-09,1877908655935.7786,1676862039.62,1.4955121664955555,5.613602595333991e-15,0.0002901916804916071,2.33361147375543e-10,51694375503.67629
674,149897.0,16.46414,1.4677968447971452e+16,0.19687315858798754,1.5979567753448118e-07,175514664598755.9,1861841126.34,1.4955121664955555,1.121690652106246e-15,0.0005988216523766023,4.995700713538431e-10,533856327724.7337
675,172380.0,10.492642,7104935440679408.0,0.5549940100243038,4.4895170721440887e-07,375805884846396.06,835689440.98,1.4955121664955555,1.476810322571579e-15,0.0003363787889890962,2.5919225146733445e-10,227773860899.99542
676,19992.0,7.1857038,5382376786366451.0,0.020983042966704078,1.514694080263442e-08,15717130362556.533,557466354.38,1.4955121664955555,1.335042878863734e-15,0.0003198755190251536,2.4793715775606526e-10,239599434661.9056
677,165181.0,0.30982548,1212089721827564.8,1.7880308223741504e-05,9.063701027366433e-12,69950792365.77301,6813845.3,1.4955121664955555,2.556126616871656e-16,1.5027512494763238e-05,7.504335421767323e-12,58790172582.118904
678,142443.0,7.86554,3590069310889161.0,0.010872051391640207,8.614856481439555e-09,4962331645066.62,433451902.79,1.4955121664955555,2.190915918013829e-15,0.0002978750800657447,2.4026606746181817e-10,135959156449.86633
679,22361.0,0.18749182,78200767465266.6,0.02978056559503216,2.323879182080131e-08,12421145013586.344,983093171.9,1.4955121664955555,2.397570076064481e-15,0.0005173901533747538,4.2537347277508596e-10,215797718923.83218
680,99591.0,0.48978382,404458465533930.1,0.025354505412133185,1.963254424738412e-08,20937491061593.492,834394260.21,1.4955121664955555,1.210961969490318e-15,0.00048353463201690884,3.879612053980588e-10,399297950059.0128
681,216503.0,1.1841658,845697636781890.0,0.02477741186806044,1.944687686376163e-08,17695324981003.73,849419931.37,1.4955121664955555,1.4002236124320669e-15,0.00046626523154349515,3.759520368962087e-10,332993407198.46375
682,202191.0,1.8820919,1042261106325797.0,0.0019077231708915633,1.2554185398623194e-09,1056455140504.4558,79923405.9,1.4955121664955555,1.805777735134715e-15,9.305547259504115e-05,6.838242577091805e-11,51532074399.0118
683,138486.0,3.9641283,6510879668265597.0,0.00750640521468629,5.932457776743176e-09,12328889832870.398,184365139.93,1.4955121664955555,6.088468074938307e-16,0.00026232029636921495,2.0186176000315132e-10,430847781643.1237
684,102713.0,5.2140727,3530659927976370.5,0.016127880595570618,1.2535294599199196e-08,10920841541386.422,663372455.0,1.4955121664955555,1.4767983341257374e-15,0.00039029560905958356,3.0716609791712353e-10,264284973811.7006
685,175292.0,0.115497895,165099492059401.94,0.004098400511395036,3.4965165277985447e-09,5858495020080.787,108484565.91,1.4955121664955555,6.995654169453438e-16,0.00019124187197785947,1.5515890824089702e-10,273372392839.14026
686,173999.0,21.206486,1.469829506114262e+16,0.10859853193029935,8.773055966168302e-08,75270050187402.94,2962316301.16,1.4955121664955555,1.44278543271749e-15,0.0008374815269691136,7.074914963632716e-10,580461590460.9703
687,104698.0,12.776783,1.088453067879684e+16,0.07523909499424998,5.987607385126249e-08,64096121669267.11,978726656.01,1.4955121664955555,1.173847855919896e-15,0.00041791550387873993,3.36222400597653e-10,356021865841.5803
688,108323.0,10.271774,7243289323638743.0,0.06392339711998023,4.965816370877035e-08,45076503814226.47,1645972351.94,1.4955121664955555,1.4181090304480433e-15,0.0006794494927047755,5.517388146040026e-10,479123592133.18555
689,233502.0,7.8395844,4544152388391752.0,0.06451359520199741,5.253527066551233e-08,37394789412675.41,901362206.9,1.4955121664955555,1.7252027947008513e-15,0.00040539789892445575,3.3101925519489647e-10,234985649321.73752
690,191858.0,18.628416,1.2849431870028454e+16,0.33671786483414534,2.6764314784832437e-07,232259858466108.97,1668876854.51,1.4955121664955555,1.4497462758218237e-15,0.0005287232492504258,4.3957837781571975e-10,364700539720.79095
691,124799.0,15.178247,6439493379627024.0,0.07438562081501456,5.943556727651593e-08,31558697969385.555,1134700180.43,1.4955121664955555,2.357056076495124e-15,0.0004989712338030841,3.9658606022451594e-10,211692559535.97855
692,112131.0,31.655025,8947684463070461.0,0.21756507874582878,1.8142236098659476e-07,61497461297242.81,3176936256.03,1.4955121664955555,3.5377895958053658e-15,0.0007848596793747674,6.575318124484845e-10,221850298928.27664
693,26848.0,5.047708,918942789366080.9,0.031400116740010676,2.374640280571232e-08,5716438205911.669,669578465.53,1.4955121664955555,5.492951311454424e-15,0.0004788345940395179,3.76001245945187e-10,87172553858.43427
694,127317.0,16.94979,6377612214632603.0,0.055097915589887164,4.3119503127628174e-08,20731415520007.062,1628154340.77,1.4955121664955555,2.657701570677331e-15,0.0006845434240810372,5.427848228532651e-10,257569710472.26245
695,176881.0,21.14367,3.05433673158872e+16,0.09977495971751671,7.699970551877822e-08,144131233772564.62,5862087510.94,1.4955121664955555,6.922507849683644e-16,0.0009394568429227632,7.533492268312633e-10,1357104770875.3354
696,151824.0,21.472256,2.0170508560797748e+16,0.13175951499606223,1.0152604601894234e-07,123771643985365.69,2961943266.54,1.4955121664955555,1.064537165003973e-15,0.0006251005202660558,4.972579054193955e-10,587204036473.1868
697,124236.0,26.930351,1.1670412912553408e+16,0.08823602357709581,6.953436623019399e-08,38237556907687.76,2645707712.2,1.4955121664955555,2.307574822055531e-15,0.0007471018642662708,6.080351499324502e-10,323760623978.7149
698,155708.0,19.856522,6827917847043706.0,0.06342914718542639,4.908500866993549e-08,21810919661063.246,1919892156.74,1.4955121664955555,2.908137216178913e-15,0.0007224159471028213,5.807477802300094e-10,248411919177.605
699,90351.0,28.358557,6557261242074819.0,0.03667767668388572,2.74353090580009e-08,8480865502733.27,1123247117.22,1.4955121664955555,4.3247563202205e-15,0.0005256975945444285,4.1065590929482065e-10,121555425466.7522
700,136332.0,8.171368,4347917383984276.5,0.030003523386551975,2.3116824071608292e-08,15964626842551.717,1285088069.24,1.4955121664955555,1.8793751762854448e-15,0.0005066035805181277,4.045884180713812e-10,269559578582.61258
701,201805.0,27.65159,4.133208218238993e+16,0.12904150622277294,1.0172298844601624e-07,192884175562382.97,4015922279.16,1.4955121664955555,6.690103314413063e-16,0.000831156528985524,6.708340498723195e-10,1242367254919.5051
702,132531.0,1.4506445,3435437343910073.5,0.017999511505291794,1.4068500111988183e-08,42626704197629.71,906787715.67,1.4955121664955555,4.2225904732960023e-16,0.0004321417979539815,3.572306967197545e-10,1023404473360.3237
703,150493.0,23.037056,1.8310429089479988e+16,0.19229300879542555,1.5080181471438096e-07,152839299516022.84,2615371471.66,1.4955121664955555,1.2581385115237758e-15,0.0007258155860772313,5.918396482065615e-10,576896406420.443
704,274716.0,8.006233,5516613084283330.0,0.011531539375742967,9.112895945276514e-09,7945689439984.081,372948675.37,1.4955121664955555,1.4512950025096965e-15,0.00031167295466522625,2.493606681099768e-10,214755066424.3012
705,161000.0,20.295494,9422348053046010.0,0.07079514107599429,5.510387250071114e-08,32867219673613.87,2653106219.98,1.4955121664955555,2.1539741352941187e-15,0.000781521881311119,6.368425731259652e-10,362827885676.7259
706,163809.0,20.084436,2.1727919369707668e+16,0.08600736259762767,6.840093861702675e-08,93045233618831.28,2613193568.5,1.4955121664955555,9.243607571556549e-16,0.0007112643046564139,5.811206049955707e-10,769466140952.4147
707,183721.0,15.282947,3.5122000972318416e+16,0.06413744616646287,5.096098714749551e-08,147395358147910.16,1834254421.91,1.4955121664955555,4.3513884678852247e-16,0.0007378366400137386,6.17156788561797e-10,1695634957575.5696
708,47907.0,119.49718,7.543637576459787e+16,0.74497172367374,6.072539001059157e-07,470286971467045.7,11396747128.86,1.4955121664955555,1.584079017434448e-15,0.001597637496532004,1.3544321991155757e-09,1008559218920.4773
709,188689.0,8.748009,8218982345145839.0,0.37473812343707014,3.279937674269821e-07,352076229069078.7,1672644884.46,1.4955121664955555,1.0643664425397635e-15,0.0004922895578258143,4.1172731760110027e-10,462518863946.0727
710,21169.0,29.215818,2851159706976103.0,0.0784228315485566,5.826849155904812e-08,7653251995827.02,2230394963.02,1.4955121664955555,1.024699455751844e-14,0.0008247726949531386,6.453274003235741e-10,80489229336.80933
711,158637.0,28.225588,5.451048964514701e+16,0.07725826477505433,5.928333885420066e-08,149204538875244.16,3581083375.85,1.4955121664955555,5.17801035795922e-16,0.0008490706796094342,6.831959814447448e-10,1639762420143.311
712,226542.0,9.214633,8521868313411182.0,0.0837394909153198,6.821755676474002e-08,77443878037513.53,1140243985.08,1.4955121664955555,1.0812925829302698e-15,0.0004007343903693566,3.3627181959423535e-10,370606805868.74896
713,2584.0,12.059451,2647889014887325.0,0.010467701528625603,7.777960480578874e-09,2298389196056.022,1176321023.4,1.4955121664955555,4.554364224556883e-15,0.00029121785665101984,2.211741985765173e-10,63942592707.18602
714,200518.0,4.702339,2877074508642083.5,0.05297222400319952,4.153112070504446e-08,32410473882398.445,1378623293.09,1.4955121664955555,1.634416830664355e-15,0.0006255104125830442,5.120794736987853e-10,382711680917.2773
715,256304.0,13.544982,1.0599726570351474e+16,0.13316209480419605,1.1511952301084935e-07,104206989308638.34,1887706160.18,1.4955121664955555,1.2778614533215138e-15,0.0006155427795025702,4.915297692816624e-10,481697587717.82733
716,80971.0,38.12318,2.1448637144700132e+16,0.20814753297572333,1.6361311096143046e-07,117106728960196.8,4810569900.38,1.4955121664955555,1.7774173595649677e-15,0.0009566692542904004,7.834426224461375e-10,538235574859.3286
717,47401.0,0.57432383,1680799092391685.0,0.0036691283523695582,2.9276201816078694e-09,10737962247764.215,90371563.18,1.4955121664955555,3.4169689441155555e-16,0.0001892542958637562,1.4871918355394758e-10,553866010955.9252
718,185162.0,29.642426,1.7406911481793778e+16,0.12622315888400654,9.766564820931827e-08,74121981569467.14,3662132182.72,1.4955121664955555,1.702911285037761e-15,0.0008608664549383026,7.00575378354332e-10,505526308094.91254
719,122223.0,0.19013591,190949459849695.12,0.00042911910677281097,2.5096842210681047e-10,430955213296.90906,10355786.799999999,1.4955121664955555,9.957394493268768e-16,6.070912030157972e-05,3.735861433089549e-11,60968881309.88411
720,85871.0,16.172148,1.855091762923643e+16,0.14917085099335453,1.0815922789183675e-07,171112468761776.2,3573484298.4,1.4955121664955555,8.717707837003456e-16,0.0005868656244828344,4.856867693172622e-10,673187993283.9756
721,115558.0,19.851406,9375996312122052.0,0.17122874391781093,1.3325900527140024e-07,80872864697980.92,1636456446.16,1.4955121664955555,2.117258298655097e-15,0.0005893224625689562,4.801664466422017e-10,278342261283.51917
722,139381.0,3.0918899,1843628644846146.8,0.01650901551190388,1.253429448216853e-08,9843977269680.71,482415337.57,1.4955121664955555,1.6770676180603726e-15,0.0003679870670199674,2.848574784152555e-10,219422915961.8299
723,87361.0,7.6827607,8182940574347574.0,0.04620808311594023,3.548987818369917e-08,49216422710166.2,1691714293.03,1.4955121664955555,9.38875289414227e-16,0.0004040634032048923,3.03981948439698e-10,430369621781.1752
724,189014.0,49.23086,3.0900356942758104e+16,0.27265183771576385,2.2297911427558502e-07,171133291324101.56,5240638717.77,1.4955121664955555,1.5932133111341902e-15,0.0010696633955618335,8.796530387269395e-10,671387433237.2684
725,54450.0,29.992455,2.7138443687254424e+16,0.16575967364088254,1.3164755959265035e-07,149986373863718.8,4322958322.64,1.4955121664955555,1.1051648851214693e-15,0.000723252900468755,5.694536113093367e-10,654429859476.8163
726,141687.0,26.507479,4.020867008199635e+16,0.14185365762246446,1.0812605408159128e-07,215175004732292.38,5100091765.53,1.4955121664955555,6.592478424664153e-16,0.0008738870604589528,6.93564483069665e-10,1325581980199.612
727,232762.0,10.39823,7232092672704206.0,0.03133908531435313,2.335873184703608e-08,21796706677115.746,825345421.05,1.4955121664955555,1.4377899275607485e-15,0.00038590965056429485,2.9810567620314365e-10,268404753133.16568
728,27507.0,12.377129,1.1099085218351608e+16,0.11126189723941747,8.614968187061587e-08,99773160562176.73,1690151423.97,1.4955121664955555,1.1151485691393045e-15,0.0004786376424711631,3.883299198059135e-10,429214237203.0176
729,231643.0,9.630589,4840108789697411.0,0.03415997928464448,2.689141943860228e-08,17168006649592.17,1381391407.18,1.4955121664955555,1.9897463917545697e-15,0.0005318511571382809,4.3520719323015186e-10,267295952560.71378
730,185600.0,1.3166515,997597017617219.8,0.011243315510031403,8.846569179049062e-09,8518805485686.043,385893740.77,1.4955121664955555,1.3198230114448901e-15,0.0003173895771459543,2.606956769780696e-10,240478893301.37433
731,192257.0,2.0851486,2132551261729438.2,0.02005851982310184,1.6036650427044463e-08,20514519568140.504,928381974.92,1.4955121664955555,9.77771853563325e-16,0.0003962263965497744,3.334097575161966e-10,405233997180.21545
732,103211.0,16.77415,1.1034363032299022e+16,0.04561590091440053,3.528582696297875e-08,30007029312059.113,2744279505.58,1.4955121664955555,1.5201738379369857e-15,0.0006401586802768781,5.249644347440637e-10,421108865513.45447
733,150817.0,5.216584,1810723479220676.2,0.028955095070786984,2.254599354446996e-08,10050575335840.63,849401749.64,1.4955121664955555,2.880939061023931e-15,0.00047160085201209485,3.7803915819664116e-10,163696920352.24118
734,97827.0,1.9071187,1482583446996510.0,0.007181229087203185,5.605114656879956e-09,5582647463829.754,150062044.35,1.4955121664955555,1.2863483022581524e-15,0.00024541808741160173,2.0252078983850197e-10,190786653179.99518
735,54856.0,4.258369,1143651028226851.5,0.004291758242437699,3.2448261238291886e-09,1152618227040.6675,132860393.28,1.4955121664955555,3.723486356325228e-15,0.00015781710072260643,1.1901257325677306e-10,42384229622.46565
736,128876.0,25.269108,1.6165251753544974e+16,0.10285872963450392,8.069301890378834e-08,65801185367982.63,3454004223.79,1.4955121664955555,1.5631744178966212e-15,0.0007282985776412136,6.222308059849102e-10,465909990147.61176
737,150247.0,43.163662,2.018440207110138e+16,0.2835675879160663,2.357631769767277e-07,132603258009718.23,5937968944.83,1.4955121664955555,2.1384662200025596e-15,0.0011106927177710892,9.133140810141826e-10,519387543923.7753
738,132118.0,47.03457,4.3851689179311144e+16,0.38144145181826333,2.960716527391622e-07,355628891371594.75,12519907645.04,1.4955121664955555,1.0725828555354834e-15,0.001168446927370703,9.496379081750194e-10,1089376845192.4023
739,84416.0,4.0853,1602564284087130.2,0.005859632458581942,4.591337401184943e-09,2298591950652.6035,245604130.61,1.4955121664955555,2.5492269112481266e-15,0.00022208696282526545,1.8125834888752399e-10,87119338747.49875
740,183396.0,26.228508,2.00801993529751e+16,0.11122916017382682,8.688212164341787e-08,85155576144645.4,2683687102.47,1.4955121664955555,1.3061876298610533e-15,0.0007300138827163356,5.834975988288334e-10,558888988095.8308
741,155224.0,0.5577827,639929540051705.2,0.010146859203236514,8.043172190676065e-09,11641226848549.723,337878423.6,1.4955121664955555,8.716314298523116e-16,0.00028380290397199686,2.378229331023621e-10,325599667763.3391
742,146571.0,8.193105,1.1200803000285808e+16,0.023720232097461717,1.839604650066232e-08,32427955804877.996,1306460136.02,1.4955121664955555,7.314747879943017e-16,0.00042880288945192074,3.4323002323716517e-10,586216909304.1403
743,45059.0,0.55638814,155644819328054.88,0.006718318236314421,4.88536068281582e-09,1879392015939.6895,133315028.79,1.4955121664955555,3.574729582404491e-15,0.00020786287766919048,1.6967081555632824e-10,58147860664.01545
744,82033.0,8.891366,3362400965104218.5,0.044919650251854536,3.5207361994004365e-08,16987027118103.072,1492929527.11,1.4955121664955555,2.6443502997639693e-15,0.0006464640090340244,5.23265339696284e-10,244469883241.91647
745,59272.0,0.41949576,1428311525277724.0,0.0003754467709157856,2.7548562353996604e-10,1278332229215.671,8571154.4,1.4955121664955555,2.937004656028609e-16,5.800671654955941e-05,5.1577864405792345e-11,197502977839.99963
746,157460.0,11.732256,4264490701899463.5,0.0666291641472053,5.212533167415317e-08,24218654194137.094,2208976409.9,1.4955121664955555,2.751150564069536e-15,0.0007862278063159694,6.472799185491446e-10,285781453252.4064
747,121684.0,21.985512,1.2709470517613668e+16,0.05162536717404252,4.0776372789036376e-08,29843793588226.37,1813179434.62,1.4955121664955555,1.7298527086184233e-15,0.0006188211693302268,5.063733986807451e-10,357730554888.95294
748,76073.0,1.4358499,1509820538898322.2,0.00025623085661728614,1.5796620908942688e-10,269431094448.166,5395978.0,1.4955121664955555,9.51006999181309e-16,2.273333265295676e-05,1.7749747803965093e-11,23904485111.599754
749,171069.0,24.257862,1.2583222586354036e+16,0.0780650097508026,6.284101687384127e-08,40494475312797.45,3504314050.49,1.4955121664955555,1.92779407926127e-15,0.0008354899504140733,6.914317953579861e-10,433391698523.23267
750,117807.0,19.013433,3.4658786745336628e+16,0.15450045825932587,1.2247206378887239e-07,281632382477523.06,5083203545.67,1.4955121664955555,5.485891107413988e-16,0.0006978667298855733,5.709988004271312e-10,1272111888882.43
751,89936.0,29.232338,4.211583881697053e+16,0.127086920105914,1.0170959017558356e-07,183097644907016.5,3960385209.67,1.4955121664955555,6.940936906668201e-16,0.0007842507472213272,6.41687660373171e-10,1129891767879.193
752,75686.0,1.4961021,620026463066849.5,0.003415016187935765,2.5254419288482267e-09,1415278013660.864,119275078.38,1.4955121664955555,2.4129649121745546e-15,0.0001451636758890527,1.115421015138026e-10,60159878478.39518
753,167796.0,11.524851,5422767618920022.0,0.024650274474012444,1.872860260653104e-08,11598649753924.408,925766051.31,1.4955121664955555,2.1252710442154713e-15,0.0005004886613166581,4.087983009759321e-10,235494038597.5145
754,69184.0,20.665691,1.0934528714482892e+16,0.055454920209886994,4.3877403785743836e-08,29342034456741.223,1381377334.7,1.4955121664955555,1.889948029733379e-15,0.000683283950930585,5.795853681205384e-10,361535841293.46564
755,186515.0,26.61806,1.8505256373994736e+16,0.2121930970252996,1.702641357284553e-07,147519678791208.28,3533508437.47,1.4955121664955555,1.4384053623491598e-15,0.0007738078951202851,6.302416748379477e-10,537962326458.88196
756,102269.0,28.524775,7344518556684114.0,0.09828206214413018,7.581379604580567e-08,25305525782648.43,4596639321.46,1.4955121664955555,3.883818221691348e-15,0.000942255870624423,7.529414065586747e-10,242610703395.40344
757,161187.0,52.005856,3.4925852289336384e+16,0.26819416411891295,2.14222789604787e-07,180112596567571.03,11800308960.52,1.4955121664955555,1.4890361320081089e-15,0.0014109980679730782,1.1821915191663953e-09,947591557815.465
758,76643.0,3.6000965,2038161698433088.5,0.0028429001697748333,2.128109896831118e-09,1609481923194.0005,381462510.22,1.4955121664955555,1.766344889499055e-15,0.00013582814250932197,1.0495862243470864e-10,76897860274.52632
759,189673.0,22.607925,2.8821770761157784e+16,0.10757692936186106,8.44326747120782e-08,137144722359828.38,5005574836.56,1.4955121664955555,7.844044416059269e-16,0.0008426025079647527,6.838899044757002e-10,1074193953108.7761
760,232031.0,12.892609,1.7435203958799922e+16,0.06646494352945938,5.096961848654891e-08,89883269286010.56,1078318351.56,1.4955121664955555,7.394584560333075e-16,0.0005120074287909547,4.1847980712274e-10,692408646643.2838
761,44493.0,61.28039,4.062667923403183e+16,2.5760861358736964,2.058528988099022e-06,1707851812323276.8,14687427597.61,1.4955121664955555,1.508378020438036e-15,0.0014443326915523638,1.217991247863641e-09,957540266420.0363
762,208727.0,22.672651,1.1917284650997288e+16,0.07320104497339182,5.736796865236735e-08,38476210377796.78,3289554057.84,1.4955121664955555,1.902501422427856e-15,0.0008105822739466573,6.576910280859324e-10,426061323471.833
763,92715.0,0.40764672,194814245004097.38,0.00046781898640819286,3.938705279597049e-10,223570553040.86386,31761163.75,1.4955121664955555,2.0924892837863386e-15,5.518840153463181e-05,5.219798422036688e-11,26374520511.172676
764,145181.0,2.1978734,900810654941841.2,0.050148346276716514,3.9029060311795684e-08,20553579043169.297,1611922417.97,1.4955121664955555,2.43988388452388e-15,0.0006463837412774279,5.22194954841454e-10,264923976660.2924
765,51929.0,21.34742,4.947811103952722e+16,0.10590385594014504,8.32243792230522e-08,245459298768684.47,3855496969.33,1.4955121664955555,4.314517986134497e-16,0.0008277948665190913,6.886793209820286e-10,1918626528338.4226
766,51433.0,11.574386,2589668797195210.0,0.038108538674439835,2.9013304244112656e-08,8526456048027.407,1309201857.2,1.4955121664955555,4.469446445250396e-15,0.0005335150259879502,4.1357533312473294e-10,119369374378.54468
767,132400.0,15.211114,9126060632785774.0,0.07409343721824942,5.75668912202356e-08,44453101892816.68,4016755836.17,1.4955121664955555,1.6667776614756869e-15,0.0007835592297084954,6.232261286873318e-10,470104230347.537
768,55256.0,2.4396946,1352627040235957.8,0.02386838297403003,1.8289594205802467e-08,13233221984989.664,828796104.67,1.4955121664955555,1.8036713206431316e-15,0.0004368571108741181,3.453260238943241e-10,242204389388.61035
769,154413.0,9.219838,8627058772776577.0,0.017428030947238812,1.3646699332808762e-08,16307515086013.256,855724039.61,1.4955121664955555,1.0687116249971529e-15,0.0003709397637737368,2.970504180862043e-10,347090604329.0443
770,114874.0,33.087185,1.7383406809099874e+16,0.04440112688137029,3.585033282369995e-08,23327546642644.87,2197384180.16,1.4955121664955555,1.903377477346932e-15,0.0006086048356223624,4.977593703689895e-10,319749940758.2992
771,133106.0,15.685475,7279508577009384.0,0.12128348171565244,9.33243147029427e-08,56286733133593.516,2207294773.37,1.4955121664955555,2.1547436662879804e-15,0.0005563387702540666,4.386258718089978e-10,258192553925.67523
772,155968.0,12.068755,1.4250307679398166e+16,0.03442115095909924,2.810920866513096e-08,40643131113870.12,1173838135.57,1.4955121664955555,8.469118893094454e-16,0.0005023608626412674,4.1422103484726276e-10,593167800549.9275
773,149617.0,17.072266,8371517020922785.0,0.15747761050636752,1.2656549615599586e-07,77220358256385.2,3164206076.16,1.4955121664955555,2.039327634087297e-15,0.0006599684255870708,5.339139203683148e-10,323620596590.6211
774,100018.0,1.0457889,1540306340413963.8,0.00010547740755723352,6.479459614773342e-11,155354029509.0477,10676626.040000001,1.4955121664955555,6.789486432412788e-16,1.4984142855030506e-05,8.72057711413325e-12,22069626332.113567
775,33644.0,25.432556,1.0011465615831018e+16,0.2622541332633158,2.0816872120507325e-07,103235720301775.88,4140948251.38,1.4955121664955555,2.5403429403766602e-15,0.000770490062441737,6.198445201436075e-10,303301593731.8665
776,83152.0,1.1479818,1463392434595016.2,0.00035938379027127557,2.6369899806795897e-10,458125311567.7154,9634702.85,1.4955121664955555,7.844661301106807e-16,5.6732569611123004e-05,3.264394218245868e-11,72319973334.11778
777,68286.0,0.105489165,1208913287150138.8,9.518694014150117e-08,6.054899272695449e-14,1090849062.0835388,1572064.8,1.4955121664955555,8.72594967077229e-17,2.085652968497249e-07,1.3266965639694043e-13,2390173043.8386292
778,129677.0,5.6751328,1943531409594643.8,0.009938505697537474,7.54928526848248e-09,3403585196737.494,531883155.68,1.4955121664955555,2.920010848285516e-15,0.00027929853493508324,2.2148404699493244e-10,95649827841.93195
779,87107.0,26.856129,9312914827018870.0,0.20045637101250488,1.5383907974160517e-07,69512367540860.125,3129436144.11,1.4955121664955555,2.8837511669369404e-15,0.0007946502063878153,6.177466006857519e-10,275561295127.9274
780,128245.0,7.525099,2721034470110126.0,0.041908561402811066,3.2535100569530255e-08,15153905638952.482,2447438215.81,1.4955121664955555,2.765528729114352e-15,0.0006405610741285253,5.343170230644169e-10,231623366405.4765
781,110794.0,10.402147,8528064209911882.0,0.04119463251161759,3.2715260591723065e-08,33772880844963.87,882063710.48,1.4955121664955555,1.2197547701282472e-15,0.0003766891448843876,3.1221589232252425e-10,308823670224.1237
782,146768.0,27.409227,3.232234364893514e+16,0.2112934130976079,1.7124311876297443e-07,249167855368460.25,5106451274.02,1.4955121664955555,8.479962745802624e-16,0.0007273594177907684,5.756807157227912e-10,857738930693.7625
783,169909.0,12.558681,6641801074310093.0,0.04553890039012285,3.5635804802307006e-08,24083764651241.5,1931602479.51,1.4955121664955555,1.890854733451124e-15,0.0006572251690662262,5.600772917705195e-10,347580994689.4657
784,111338.0,16.867811,5539223824751454.0,0.02708131367717728,2.1348418471517064e-08,8893238009732.727,936418059.74,1.4955121664955555,3.0451578657334473e-15,0.0004684610397108737,3.840823944199037e-10,153838014436.7463
785,163290.0,11.339571,6558128030202740.0,0.053622956616111994,4.205441842101261e-08,31012303273771.96,1645943347.9,1.4955121664955555,1.7290865545437429e-15,0.0005231293036253557,4.220303833641028e-10,302546626281.1781
786,117028.0,22.771112,9281024068051740.0,0.07872948117738701,6.228218710786148e-08,32088472871792.797,4421585128.39,1.4955121664955555,2.453512870243001e-15,0.000892420694727164,7.348845380327371e-10,363731817163.3544
787,99590.0,15.963598,9231416832156118.0,0.05181129377160539,4.129595312424996e-08,29961394005222.598,1717438690.41,1.4955121664955555,1.7292684633623562e-15,0.0006313916174489542,5.143142375159175e-10,365120645420.9478
788,22360.0,8.56474,2733541950116265.0,0.04721181569918314,3.697101822713476e-08,15068230764141.674,1548086000.91,1.4955121664955555,3.1332023273451936e-15,0.0005987866195292984,4.870625203132245e-10,191110103009.74045
789,138353.0,1.1730479,823606417004676.6,0.0023862927621811233,1.7544141736886088e-09,1675435446228.7412,130224574.56,1.4955121664955555,1.424282127701464e-15,0.00014216708625141582,1.2511453105608303e-10,99816660959.47438
790,117501.0,1.02416,1312881700569210.0,0.0008600354675765342,6.30074370053674e-10,1102488700224.2969,27333693.86,1.4955121664955555,7.80085516886988e-16,7.287603026336182e-05,5.002609755369849e-11,93420565676.15967
791,41397.0,2.2706072,987282769197900.5,0.00507092292068401,3.7078861874453576e-09,2204888112537.481,142340724.89000002,1.4955121664955555,2.29985498667693e-15,0.00020833311461353722,1.6374196074871528e-10,90585326388.14702
792,91283.0,0.13305297,99598443731539.55,0.0007115351704576114,5.100848342894152e-10,532628438416.9238,16105562.2,1.4955121664955555,1.3358940663634737e-15,5.779535217359256e-05,4.5975989881904165e-11,43263424569.974434
793,174671.0,20.578434,1.2717508389685122e+16,0.12833544050588006,1.0306748528795825e-07,79311527851315.86,2558048048.63,1.4955121664955555,1.6181183742477965e-15,0.0006836274500510975,5.491569761441667e-10,422482965975.15045
794,137167.0,0.3464286,497527261777707.9,0.0037158299798891806,2.7349811670162566e-09,5336530283948.206,109445630.14,1.4955121664955555,6.963007389025893e-16,0.0001784277360132194,1.2287636754876997e-10,256250964625.47485
795,185552.0,16.05537,6300407286728469.0,0.040228374226660535,3.110153590805033e-08,15786315862598.73,1647544899.91,1.4955121664955555,2.5483066838900924e-15,0.0005659022010116091,4.674919279820526e-10,222069896291.97092
796,31855.0,3.4397688,711139488075922.2,0.0123873540613447,9.654520171761935e-09,2560967651604.918,371483717.25,1.4955121664955555,4.836981854722664e-15,0.00031997266110659174,2.5788921400320563e-10,66151304825.38019
797,192462.0,21.011456,2.4270172324610964e+16,0.3464983687832355,2.6894994773383155e-07,400237618971561.3,2443544580.75,1.4955121664955555,8.657316363054212e-16,0.0006528929568895145,5.24227234810616e-10,754151667225.4087
798,140065.0,10.423241,3813319405311204.5,0.07274421138623968,5.925356992323606e-08,26613307022566.977,2167527548.73,1.4955121664955555,2.7333773786382738e-15,0.0006612400464303443,5.343271461682653e-10,241913191935.37915
