,id,sfr,sfrd,snr,snr_solar,snrd,mass,z,halo_volume,snr_err,snr_solar_err,snrd_err
0,52597.0,11.721052,1.6878934970215978e+16,0.08454375938261172,6.596683015443616e-08,121747486211706.1,4724547668.25,2.8957850057274284,6.944189322775749e-16,0.0007811470514298056,6.441145078624411e-10,1124893079841.267
1,20925.0,14.855804,1.4053520573660622e+16,0.04545554598527758,3.761063093674899e-08,43000732285581.78,1527309598.95,2.8957850057274284,1.0570877184926197e-15,0.0006024192753010418,5.156041609550928e-10,569885795438.1273
2,30961.0,98.81291,4.767106190009583e+16,0.24720962019957535,1.9889654236128008e-07,119263212740452.0,7552909712.52,2.8957850057274284,2.0728069831354306e-15,0.0013507544280662739,1.121400070217684e-09,651654707387.6873
3,129317.0,4.336176,7417938051235958.0,0.006698049059835644,5.225187036070057e-09,11458417045341.346,217185494.73,2.8957850057274284,5.845527382474591e-16,0.00022411303404024443,1.7025681999773077e-10,383392326092.17633
4,21994.0,4.4631395,2794118786069240.0,0.933603876449535,8.784086808221182e-07,584476494614320.6,16331440776.9,2.8957850057274284,1.5973334856957653e-15,0.0014452732366856378,1.2143108611538642e-09,904803692922.0869
5,61313.0,40.142708,3.7313277418671784e+16,0.41859288035967174,3.376346034901966e-07,389088655163506.2,5968050719.19,2.8957850057274284,1.0758290554212306e-15,0.0011341583612558001,9.675545740756933e-10,1054218005677.2415
6,61993.0,21.984505,4.631117532760444e+16,0.1325099478817625,1.0522367437320434e-07,279137120849617.97,4678761093.67,2.8957850057274284,4.747127414599607e-16,0.0010096948278852176,8.444476664574247e-10,2126959610942.6938
7,60246.0,33.73324,3.2965032281889988e+16,0.16475905701301308,1.3081635672410522e-07,161006995864249.3,4054883013.38,2.8957850057274284,1.0233037150256954e-15,0.0009719525532111432,8.186087161176274e-10,949818259173.1696
8,23284.0,110.79817,3.5923422770034984e+16,0.543755395915991,4.2538017895253347e-07,176298534271621.1,15794014354.01,2.8957850057274284,3.084287672399099e-15,0.0017922860439070648,1.4783577783024774e-09,581102100152.9806
9,82833.0,7.2395315,8540559085368469.0,0.021987827697566787,1.7401948348109302e-08,25939294774802.832,841788345.88,2.8957850057274284,8.476648223653922e-16,0.0004410005164664831,3.5253994850740717e-10,520253412470.1315
10,48380.0,33.024162,1.5756336588598246e+16,4.065145231610929,4.994542915322925e-06,1939543433404819.8,6234883723.92,2.8957850057274284,2.0959289498738725e-15,0.0010622285854087058,9.441340797520939e-10,506805626914.32263
11,58944.0,16.560879,3.023962613745881e+16,0.06165585177820564,4.7292067897171536e-08,112581578970507.14,3265927007.46,2.8957850057274284,5.47654885834898e-16,0.000683679151175073,5.461586157111906e-10,1248375882071.8022
12,18094.0,58.07253,1.775758209625711e+16,0.9278528221363513,8.084857433200958e-07,283721454228532.94,19885843571.12,2.8957850057274284,3.2702948906675957e-15,0.002067478072961349,1.7635658957913529e-09,632199279294.7474
13,21709.0,37.47592,1.6098948628378364e+16,0.3790348128837982,3.160080501184545e-07,162826208962535.75,9406725312.82,2.8957850057274284,2.327848908961636e-15,0.0011361341931882497,9.56163337959032e-10,488061827730.4928
14,141856.0,2.4731371,4539225458443502.0,0.0010479185852701465,7.946945803107681e-10,1923362324164.8616,33498004.45,2.8957850057274284,5.44836805891558e-16,0.00010986063170651939,8.005110175557928e-11,201639519427.74146
15,62862.0,47.08405,1.141914333361126e+17,2.286880388870262,2.434424678981413e-06,5546297514197309.0,5541016556.11,2.8957850057274284,4.123255889205994e-16,0.0010416163308048186,9.046421246029121e-10,2526198612925.283
16,48928.0,25.306845,2.8217177564901804e+16,0.4857495329248502,4.1493595302596094e-07,541611600442829.3,8055735194.55,2.8957850057274284,8.968595438644491e-16,0.0009430775830397053,7.694715119940501e-10,1051533196576.254
17,11279.0,33.94173,2.3182700044093196e+16,0.11335074825334882,9.401529613437418e-08,77420225678859.22,4579536353.95,2.8957850057274284,1.4640973629233552e-15,0.0009451161189827476,8.202834867475396e-10,645528188846.4298
18,81197.0,16.281395,1.0251270906817248e+16,0.06268185758828043,5.015226342802763e-08,39466440257729.83,2983399892.05,2.8957850057274284,1.5882318541765032e-15,0.0007782912267050234,6.611607167974055e-10,490036278178.394
19,80441.0,31.48598,4.701056311376221e+16,0.11790440740500446,9.656169907509484e-08,176038750761567.34,5267263073.47,2.8957850057274284,6.697639405808898e-16,0.0009383397151804312,7.980242705275455e-10,1401000648626.4463
20,60314.0,27.452473,2.1164460643225996e+16,0.11137579270188859,8.910916890626165e-08,85865072383359.34,2878191895.18,2.8957850057274284,1.2971024144093452e-15,0.0009509187746763475,7.856300444672599e-10,733110018231.9547
21,45708.0,39.900208,1.5349000564827746e+16,0.18508178357926514,1.5428389912657577e-07,71198135124946.39,6536476503.72,2.8957850057274284,2.5995313396125202e-15,0.0012055580836308638,1.0146705432199803e-09,463759780565.1234
22,89684.0,14.817619,2.2172513824765904e+16,0.05059729425401815,4.0160486764190815e-08,75711840501700.42,2545459191.33,2.8957850057274284,6.682877330512363e-16,0.0006799874089493583,5.640190952654629e-10,1017506943969.6344
23,75107.0,44.621,4.303238158164045e+16,0.14049992586115684,1.1392756027752048e-07,135497779562302.38,3594997866.7,2.8957850057274284,1.0369168138032437e-15,0.0010744687673147387,9.107059116449199e-10,1036215010704.4369
24,2352.0,17.2348,1.6652269054647922e+16,0.0352581856509938,2.7606120341323025e-08,34066469807544.938,851305148.57,2.8957850057274284,1.0349820762227886e-15,0.0005495781932026064,4.4781323407239564e-10,531002619106.52167
25,27004.0,52.790096,4.729247524164189e+16,0.8286604185201072,6.55470261844367e-07,742362778173215.9,15940409601.14,2.8957850057274284,1.1162472619643592e-15,0.001430337582405714,1.153165127032759e-09,1281380596525.381
26,61188.0,45.592594,7.1757867185000296e+16,0.3952086110232665,3.423214141005053e-07,622016089283623.6,7604116261.1,2.8957850057274284,6.353671839556892e-16,0.001273805336001826,1.0658059525056937e-09,2004833375358.369
27,96844.0,15.2885,2.379697500235591e+16,0.050520349388748796,4.032394087963518e-08,78636327403888.02,1943426262.36,2.8957850057274284,6.424556061636587e-16,0.0006221863142157421,5.129878431335642e-10,968450283951.9885
28,48852.0,35.729794,1.918781376316499e+16,0.14124851663733207,1.1572268839910259e-07,75854068219941.03,5561220124.65,2.8957850057274284,1.862108650887095e-15,0.001095317055902335,9.305504469411704e-10,588213290014.2717
29,68664.0,27.157133,3.64852899202057e+16,0.1184114005609877,9.40692985620063e-08,159084328943163.6,4357255387.42,2.8957850057274284,7.443310183198045e-16,0.0007727191462234226,6.29704873173752e-10,1038139117146.6954
30,106489.0,20.466103,3.7798501109946424e+16,0.05224155048500809,4.181758897987741e-08,96484040170857.17,1852868118.2,2.8957850057274284,5.414527666181578e-16,0.0006321700710941334,5.275410552719115e-10,1167544262526.506
31,43187.0,30.842329,1.3056236505553204e+16,0.39419508087751526,3.0249102746438303e-07,166871451415439.88,9233131015.74,2.8957850057274284,2.3622679465772426e-15,0.0011432983334346842,9.213730353573535e-10,483983341132.5086
32,68835.0,51.178978,7.088012512598681e+16,3.165873410616095,3.163226548220615e-06,4384563980107289.5,7171494834.25,2.8957850057274284,7.220497693680881e-16,0.0013503149479048716,1.1741389303773619e-09,1870113398258.708
33,32688.0,15.971391,1.6275817159447136e+16,0.12037982548006539,9.584111491427932e-08,122674351232131.23,3930726623.62,2.8957850057274284,9.812957987629866e-16,0.0009475844289166661,8.328202370583508e-10,965646067282.8552
34,35656.0,57.024952,5.93321433829444e+16,0.8931498014067546,7.664874492726054e-07,929286044458465.9,8886510677.4,2.8957850057274284,9.61113972100195e-16,0.001516250089697409,1.2354332611773838e-09,1577596553283.0083
35,58077.0,25.93423,3.5840638570969296e+16,0.10256801201462458,8.21349034064254e-08,141747144509746.22,3266920133.85,2.8957850057274284,7.235984355760495e-16,0.0008155362846870908,6.888578594473519e-10,1127056450913.7593
36,24410.0,136.5774,9.409271389463462e+16,6.198653779379998,6.0558299351914154e-06,4270458777184935.0,17572167678.21,2.8957850057274284,1.4515194040735173e-15,0.0018153203611473675,1.5739786707198869e-09,1250634580600.7732
37,66104.0,16.471329,1.6954497832810994e+16,0.033603722830894404,2.597033300827476e-08,34589452126830.84,1135805538.22,2.8957850057274284,9.715020263309747e-16,0.0005350326131571442,4.24168185176418e-10,550727223058.686
38,39297.0,43.640766,3.1071177890260784e+16,0.1225132878999409,1.0173647204805059e-07,87226520319551.62,4884023143.47,2.8957850057274284,1.4045417317017497e-15,0.0010425420937226536,9.057561995023688e-10,742264946773.4252
39,40024.0,23.95767,1.8819008546741204e+16,0.11311484900308492,9.116522683042286e-08,88852935621552.36,3188808632.55,2.8957850057274284,1.2730569700574705e-15,0.0009424708842666409,7.949809876720537e-10,740321059020.7085
40,38226.0,29.41115,2.0821209595101004e+16,0.4707953164121825,3.8309136869847116e-07,333292916441891.8,5603497788.03,2.8957850057274284,1.4125572227523281e-15,0.0010082368378713851,8.098283192196054e-10,713767075507.8254
41,35762.0,67.88899,4.8859293827002536e+16,1.768251488055348,1.5588411435357082e-06,1272599857722595.2,17165150299.91,2.8957850057274284,1.3894795581855205e-15,0.0015412412392933356,1.3148956959902818e-09,1109221960275.541
42,67232.0,11.37556,7836348654868129.0,0.024516583537393173,1.807899343674383e-08,16888882518769.459,1036324050.48,2.8957850057274284,1.4516403622410582e-15,0.0004701029557063221,3.6366123879057784e-10,323842576945.55426
43,50853.0,36.155186,6.18747120072073e+16,1.9000842442637689,1.6858399351206007e-06,3251737258473869.5,6116780398.44,2.8957850057274284,5.843289581014707e-16,0.0010972625718577787,9.166060247324205e-10,1877816522088.6338
44,104965.0,14.876874,2.1306501205490852e+16,0.055047259587146895,4.2992970242218194e-08,78838101522706.53,2169427370.36,2.8957850057274284,6.982316738219842e-16,0.0006992206531993356,5.698338520457954e-10,1001416405778.2397
45,16792.0,42.62575,1.292476490786466e+16,0.15221856571344566,1.234681844866474e-07,46154945694999.695,4687846281.53,2.8957850057274284,3.2979903544754167e-15,0.001078357901118975,8.889980605750019e-10,326974243467.8831
46,56659.0,13.45616,1.2088302508362e+16,0.19137948095928892,1.469499102402795e-07,171925204495873.25,3370238982.74,2.8957850057274284,1.1131554650201544e-15,0.0007046055021752417,5.947929912073331e-10,632980319745.7997
47,25094.0,23.92001,1.0676399997313908e+16,0.20217160459738245,1.5993305627202177e-07,90236789983801.94,4370485104.33,2.8957850057274284,2.2404565214883363e-15,0.0010078989767660505,8.2822879877796e-10,449863216312.9427
48,47905.0,30.38066,2.530699100632937e+16,0.7264254271072804,5.676580472335379e-07,605110019024370.0,9111682531.17,2.8957850057274284,1.2004848775740145e-15,0.0010445712507166451,8.415747181905199e-10,870124455734.5482
49,25227.0,60.445667,3.3700980712701096e+16,6.485897523117479,6.8196458290211835e-06,3616158414318399.0,10546492409.75,2.8957850057274284,1.7935877746495214e-15,0.0013623967768259136,1.1542523326138314e-09,759593032513.9146
50,56617.0,66.13465,6.225526697787892e+16,0.5734806000812546,4.844952162395626e-07,539840883178375.0,11445344803.77,2.8957850057274284,1.0623141335736225e-15,0.0013647688560806325,1.1709013258810635e-09,1284713073984.5784
51,95056.0,24.223263,2.6354181330507852e+16,0.0833441015526796,6.601802195817285e-08,90675874887193.33,2780106849.25,2.8957850057274284,9.19143064860031e-16,0.0008324104550414896,6.797460632593189e-10,905637530070.7412
52,30287.0,29.006044,1.8491237818628776e+16,0.10912976973006665,8.813137165782842e-08,69569794666617.016,3312676795.59,2.8957850057274284,1.568637226155742e-15,0.0008617996180541886,7.247032511443422e-10,549393832866.12427
53,139086.0,6.040882,1.4867385020995584e+16,0.017022150107833797,1.3203324572796822e-08,41893693592814.19,362541377.45,2.8957850057274284,4.0631772106992064e-16,0.0003211829996853787,2.589060838064081e-10,790472536712.4915
54,111513.0,1.3788731,3221212248485977.5,0.0012908754253980338,9.286491294710706e-10,3015639170538.3857,49131810.85,2.8957850057274284,4.280603057585209e-16,0.00011529492530897488,8.763717215795394e-11,269342715869.60812
55,37973.0,25.551237,1.2144337132886394e+16,0.38374505760988986,3.19878308290519e-07,182391535591541.56,5818030444.19,2.8957850057274284,2.1039630834035595e-15,0.0010363378120653221,8.438632007049993e-10,492564636822.83295
56,38924.0,22.161821,2.6604631025132404e+16,0.3489001277617613,2.688236673067768e-07,418844605040498.0,5024197722.33,2.8957850057274284,8.330061401364505e-16,0.0008697361043386087,7.208869710509167e-10,1044093269463.9462
57,59559.0,47.914616,2.8595849606512316e+16,0.15590209239714722,1.284175616702644e-07,93043692294839.83,6030091380.55,2.8957850057274284,1.6755793815997725e-15,0.0011875490660544232,1.0188350344800186e-09,708739364482.1539
58,72414.0,9.984797,1.4002000196610174e+16,0.10755715368263434,8.38330484001724e-08,150830836822328.66,3237630851.66,2.8957850057274284,7.1309790457061115e-16,0.0007186168325559632,5.877039016290874e-10,1007739369236.6482
59,50702.0,18.643717,1.9948740800146532e+16,0.17103227298790527,1.32786862240915e-07,183004198266666.75,4347872752.55,2.8957850057274284,9.345811440821896e-16,0.0010463573158068925,8.493685416066193e-10,1119600285574.4253
60,44089.0,20.931713,9816215840944930.0,0.0927347678128267,7.547337038568369e-08,43489249867443.695,3011647449.56,2.8957850057274284,2.1323607120261802e-15,0.0007559287478308531,6.053120517639186e-10,354503224322.00775
61,60773.0,33.63156,2.3742290094313296e+16,0.24421870865978146,2.0403082574517833e-07,172406853189656.2,8996534459.82,2.8957850057274284,1.4165255275039944e-15,0.0013392054965750536,1.1492215792884527e-09,945415716534.8207
62,16609.0,87.31956,2.9923162694263e+17,0.45684542261116406,3.656708890932541e-07,1565543837706374.2,11329229101.54,2.8957850057274284,2.918126031401797e-16,0.0016267688557285304,1.3277329756711425e-09,5574703896346.349
63,15965.0,1.2406169,279195044420489.4,0.0704093187549542,5.4595736040804995e-08,15845288644226.783,2787857291.77,2.8957850057274284,4.443549141694416e-15,0.0008197740521573414,6.641223269769071e-10,184486325236.12527
64,113300.0,14.086752,4.2976521307328376e+16,0.08371382380200049,6.507778707791801e-08,255398045791152.38,2387998980.52,2.8957850057274284,3.277778557102043e-16,0.0007122853103788011,5.89722983489823e-10,2173073311604.5168
65,41217.0,19.542616,2.2034698146780964e+16,0.0505469913824051,3.924344932993605e-08,56992763780408.67,3053079681.62,2.8957850057274284,8.869019157793623e-16,0.0006828158120443051,5.513306546404223e-10,769888755335.7948
66,94203.0,6.3396087,8182430671211090.0,0.010849436735152857,8.400387832055383e-09,14003192958435.912,347714824.48,2.8957850057274284,7.74783063216797e-16,0.00030712826337421,2.428290435580168e-10,396405494589.7424
67,40496.0,62.841568,2.3370946577128172e+16,0.3893836298337824,3.0354821295337964e-07,144812809426613.6,10574231969.82,2.8957850057274284,2.688875599993862e-15,0.0013422064728051575,1.0996640994233577e-09,499170163472.12994
68,21225.0,72.591354,2.2848730775817404e+16,4.399067307716567,4.894208673174923e-06,1384642922884669.8,13004898850.39,2.8957850057274284,3.1770409793102858e-15,0.0013958965161374568,1.1914995043033543e-09,439370006628.1476
69,5371.0,203.38625,6.087904526189593e+16,8.940706876450975,8.063180839052612e-06,2676197130360597.5,41105733100.83,2.8957850057274284,3.3408252236061108e-15,0.0029132456596851286,2.4247947866255724e-09,872013788419.7816
70,78974.0,22.114082,3.014537366207966e+16,2.541124196268244,2.785674505391158e-06,3463998117500788.5,4528590773.11,2.8957850057274284,7.335812867304959e-16,0.0008287807190101662,6.978039601334853e-10,1129773528853.1763
71,44569.0,19.51769,1.1446595592576572e+16,0.19492304358520912,1.5891170779867518e-07,114317076026623.31,4324637945.1,2.8957850057274284,1.7051087235629913e-15,0.0007493357068275357,5.955496771323215e-10,439465059601.4344
72,50232.0,34.50769,1.725443511280803e+16,0.10623323037213149,8.609673844025227e-08,53118431870691.15,4672546698.55,2.8957850057274284,1.9999315987102245e-15,0.000979881498010404,8.224885602751433e-10,489957505867.87024
73,56423.0,31.019192,3.889723744828214e+16,0.4692110453925144,3.8426500064639086e-07,588378106237884.0,8286275661.3,2.8957850057274284,7.97465168091775e-16,0.0009465243529864605,7.581824429871913e-10,1186916232656.7363
74,83963.0,22.648209,6.8017343269641416e+16,0.1189949633218393,9.954175274691915e-08,357366945334173.3,3711625821.4,2.8957850057274284,3.3297697192046476e-16,0.0008309014481190045,6.808784015540376e-10,2495372107346.4336
75,12158.0,11.360843,4290960557918772.5,0.09795671592903794,7.398420523603351e-08,36997994289222.67,5775845566.76,2.8957850057274284,2.647622332261731e-15,0.0009210153042941062,7.169708903554955e-10,347865061066.821
76,44090.0,20.624372,3.811520222494983e+16,0.07124850743551692,5.715094294273088e-08,131671949532842.45,2297029070.71,2.8957850057274284,5.411061937512033e-16,0.0007552868831462418,6.28865919764038e-10,1395820066132.0044
77,88961.0,20.847683,3.3046129013990396e+16,0.08584902427250028,6.933492507229332e-08,136081210167779.19,3618532789.55,2.8957850057274284,6.308661141876537e-16,0.0008557454055012957,7.099839019283652e-10,1356461198749.297
78,72273.0,42.65989,2.830224157413601e+16,0.12019862541222162,9.518345718441992e-08,79744475039569.48,3426679373.12,2.8957850057274284,1.5072972184289714e-15,0.0010048440590542367,8.374856111348631e-10,666652898160.0374
79,65841.0,42.185234,3.2593308151440332e+16,0.15113950535085963,1.2256314754272224e-07,116773951562218.02,4568987402.87,2.8957850057274284,1.2942912638383346e-15,0.001056768047967211,8.891039058508742e-10,816483953413.4475
80,7257.0,8.04891,1397191745960843.2,0.15845653492394624,1.1894602015609278e-07,27506104887406.344,6862245696.77,2.8957850057274284,5.7607769465205336e-15,0.001115876485895584,8.659465195605451e-10,193702428727.00793
81,72142.0,33.35249,1.8831176394217816e+16,0.1284148845656271,1.0493495573631913e-07,72504431989888.7,4077783451.88,2.8957850057274284,1.7711315162573172e-15,0.0010113278804451786,8.550829695174394e-10,571006653747.6987
82,69253.0,12.593466,1.522237350344159e+16,0.01887115385390047,1.4247400347741777e-08,22810539402336.43,574617039.88,2.8957850057274284,8.272997635455978e-16,0.0003878658794419645,3.102643714881514e-10,468833543212.52234
83,45874.0,41.74667,1.8967672925448496e+16,0.19233838274705353,1.584987208307035e-07,87389282425540.45,7043314270.81,2.8957850057274284,2.200937888589878e-15,0.001278282662041082,1.091308722059387e-09,580789975340.952
84,98877.0,2.20863,6735827058166572.0,0.0012768088772730775,8.623003454518265e-10,3893981238887.128,62033046.48,2.8957850057274284,3.2789291959659784e-16,0.00012157856775461653,8.773636507022807e-11,370787414086.8701
85,38271.0,10.061923,1.0871112003684236e+16,0.1542288457246791,1.2018450940870844e-07,166632069841115.16,1384404598.99,2.8957850057274284,9.25565204055482e-16,0.0004496549895798164,3.500462716488219e-10,485816653013.31085
86,3603.0,22.447845,2.445561507849331e+16,0.07075287668031059,5.432379286935516e-08,77081123724338.86,2586576800.88,2.8957850057274284,9.17901468760891e-16,0.0007438081180233839,5.814256156731946e-10,810335469914.3013
87,62337.0,10.7449255,1.5670228013895816e+16,0.029927344433315076,2.271907029229911e-08,43645561909241.984,1137903699.66,2.8957850057274284,6.856904373358047e-16,0.0005219593604778248,4.1505622347264e-10,761217208316.126
88,102415.0,7.090861,7384406480954017.0,0.013044413583855604,9.977815848846905e-09,13584422569962.652,407917204.86,2.8957850057274284,9.602479249062014e-16,0.00027980224919958165,2.232554693876231e-10,291385424474.5316
89,32810.0,53.47668,2.317122092036289e+16,0.2156656493738382,1.6540715965759227e-07,93447020394211.58,8945314505.29,2.8957850057274284,2.307892198852787e-15,0.0013590270338229554,1.1061664789856923e-09,588860707834.8391
90,54979.0,59.919727,5.5459452772212424e+16,0.27435121951143515,2.2223028579189084e-07,253929202672991.5,5783391458.49,2.8957850057274284,1.0804240576643838e-15,0.001009229616744364,8.401286771871355e-10,934105094740.3699
91,95898.0,11.199437,1.586491130617556e+16,0.028923981530625337,2.1739182731820474e-08,40973166919447.02,979982641.1,2.8957850057274284,7.059249676133089e-16,0.0004977273699975776,3.900368905485576e-10,705071208460.532
92,33042.0,19.36692,1.2219375923664704e+16,0.07569570480536286,5.804192279803409e-08,47759492620586.11,1909588218.49,2.8957850057274284,1.584935279918263e-15,0.0006640720798408754,5.306094439166767e-10,418990029596.11224
93,36696.0,33.87133,1.8124925899462224e+16,0.33267711836936936,2.82078279295697e-07,178019230980638.84,4681914858.47,2.8957850057274284,1.8687706745882466e-15,0.0009521083582150751,8.047861962760607e-10,509483785871.6168
94,47506.0,8.345732,6848593382457225.0,0.8485305954295308,7.5997621760713e-07,696312920265253.4,6130434531.86,2.8957850057274284,1.2186052717595584e-15,0.0009535096870032526,7.467789137754937e-10,782459840852.706
95,76422.0,11.835424,1.5880112065604424e+16,0.8711008795562725,8.11076469463282e-07,1168794593907255.8,3913333912.37,2.8957850057274284,7.452985187450265e-16,0.0008420278646357882,7.015056480425202e-10,1129786043387.876
96,28353.0,38.406986,8.054734146815147e+16,0.48568675107908155,4.1604620171327645e-07,1018584915403772.2,5524334896.19,2.8957850057274284,4.768249988137247e-16,0.0007987346129219213,6.751044472942381e-10,1675110606425.971
97,22386.0,14.585876,1.0718660580609032e+16,0.08717213378059802,7.192799429100616e-08,64059814719504.87,2789544813.19,2.8957850057274284,1.3607927865900606e-15,0.0007072301301176362,5.794513887801213e-10,519719193904.4938
98,94032.0,10.853884,1.2555273209141192e+16,0.025377061873177207,1.91318626632424e-08,29355016606315.324,696289365.16,2.8957850057274284,8.644880775750502e-16,0.00046948360047353323,3.71344577068915e-10,543077010142.7746
99,85089.0,15.5823145,2.2616549868409532e+16,0.048378036285160055,3.846938508434496e-08,70217057304230.91,1516849855.83,2.8957850057274284,6.88978406992357e-16,0.000636417988163667,5.211266250878749e-10,923712531052.8447
100,90619.0,4.013772,5890287043024163.0,0.0043583847478270155,3.273900106975294e-09,6396012829986.258,171840496.14,2.8957850057274284,6.81422139648269e-16,0.00020875933983255222,1.7048293778548347e-10,306358316946.24414
101,17790.0,31.614521,9827029899999776.0,0.32232913393044077,2.51988131881503e-07,100192504475252.8,14704867300.05,2.8957850057274284,3.2170982811399325e-15,0.0013717182289982594,1.1019442145239283e-09,426383687759.8315
102,118133.0,19.32861,3.804493805202049e+16,0.07771935418598903,6.245677186460542e-08,152976753912929.7,2523228364.95,2.8957850057274284,5.08046825403452e-16,0.000780131015646226,6.474144705718759e-10,1535549434890.5842
103,49735.0,21.710562,1.2919478586951404e+16,0.12459089300333676,9.555226797170616e-08,74141303863334.48,4080779068.48,2.8957850057274284,1.6804518738029828e-15,0.0008692684536012933,6.950086388844233e-10,517282563786.8918
104,105154.0,8.3483,1.175162377831242e+16,0.022738525178581718,1.6730700853742848e-08,32008264337934.258,860863601.23,2.8957850057274284,7.103954447049912e-16,0.0004265219941708427,3.281549863036014e-10,600400801201.5986
105,67365.0,18.813679,1.7377098565298686e+16,0.10861593715559886,8.511143480704334e-08,100322209479343.69,2837109248.28,2.8957850057274284,1.082670903275539e-15,0.000736983655791204,6.067427597216965e-10,680708841035.1804
106,68761.0,14.509516,1.4304449205737518e+16,0.04789944392548387,3.9092634993476084e-08,47222468524460.54,937477098.01,2.8957850057274284,1.0143358748954996e-15,0.0005993251475541184,5.065297174855601e-10,590854728090.7943
107,69004.0,25.978643,4.330527057517888e+16,0.2495795228159215,1.8712051733659074e-07,416038234389976.06,4150923711.75,2.8957850057274284,5.998956398367381e-16,0.0008319370132774524,6.72379819369399e-10,1386802900424.2546
108,90687.0,3.1006446,4993893894053940.0,0.002033573631164841,1.6107643595235253e-09,3275270871025.7217,64558047.46,2.8957850057274284,6.208871605565813e-16,0.00011363134222451198,1.0278486531414027e-10,183014482249.3181
109,861.0,38.197056,8.703561199391038e+16,0.17079662303775073,1.412110738886527e-07,389176291821648.44,5786827819.41,2.8957850057274284,4.3886697783744582e-16,0.0011746611707103448,1.0381111095751096e-09,2676576798962.153
110,6928.0,20.743368,2.632222624824363e+16,0.06392796262359617,5.252654654451737e-08,81121170668502.86,2242087422.2,2.8957850057274284,7.880552277140356e-16,0.0007126239051268174,6.046783896455265e-10,904281679843.6489
111,73594.0,28.316174,3.68715472554871e+16,0.08996595931700417,7.292085543508186e-08,117148034206250.8,4079218164.63,2.8957850057274284,7.679681518053485e-16,0.0008596149277282464,7.335162584280137e-10,1119336688256.4773
112,34333.0,32.907524,9875404384683550.0,0.10349962274276939,8.149433899492067e-08,31059785240817.207,2815385494.89,2.8957850057274284,3.3322710360133268e-15,0.0007815563078888946,6.156583541649166e-10,234541638252.79214
113,20924.0,65.80697,2.1195944082634612e+16,1.162281536526816,9.154324819807232e-07,374362388307819.5,12933583865.87,2.8957850057274284,3.1046963392356873e-15,0.001388059496629092,1.1176342415154508e-09,447083819144.3882
114,113954.0,21.797853,3.0574559688644276e+16,0.060458812604959146,4.7935416907100625e-08,84802002045563.05,1484089238.74,2.8957850057274284,7.129408639724731e-16,0.0007242136951176016,5.875975761686809e-10,1015811733784.3658
115,170190.0,0.9427116,4853876337464534.0,0.00038434174680216623,3.6088706926035196e-10,1978916256363.8972,19495399.37,2.8957850057274284,1.9421829780122374e-16,5.130837786257235e-05,5.153900150283808e-11,264178908184.4639
116,92876.0,20.415842,3.949198269418412e+16,0.07044265940335166,5.83778195403383e-08,136262824040736.11,3086667572.8,2.8957850057274284,5.169616870871006e-16,0.0007966271088588336,6.731008843655507e-10,1540979010161.3728
117,73426.0,15.706011,3.604177183294318e+16,0.0934353033708913,7.498576385719345e-08,214413060403147.0,3969394374.62,2.8957850057274284,4.357724440629267e-16,0.0007519032629837045,6.375865334966265e-10,1725449310133.8176
118,86279.0,23.365644,2.319439150487885e+16,0.060028846053427475,4.690205680450135e-08,59588880021851.664,1604452408.12,2.8957850057274284,1.007383357958976e-15,0.0006908260184271909,5.503585853076545e-10,685762786300.986
119,29781.0,17.242804,5064111184957383.0,0.14779986084646238,1.171180621739192e-07,43407958963502.4,5403201666.79,2.8957850057274284,3.4049023353236477e-15,0.0011086467507057875,9.160415764051044e-10,325603098568.8777
120,10052.0,7.1778345,1042537496107307.4,0.05386365561332135,4.1260921983808664e-08,7823373561245.853,2781764755.33,2.8957850057274284,6.884965314725901e-15,0.0006645224496320184,5.332534948258167e-10,96517908116.50209
121,36875.0,110.214424,1.0485313073734283e+17,0.8958231021042755,8.275089979236233e-07,852246497631486.2,14549358170.16,2.8957850057274284,1.051131456208849e-15,0.0017916748324905635,1.571030692471247e-09,1704520230944.9067
122,9764.0,22.643545,1.291873573228331e+16,0.08491207390658098,6.686900554977661e-08,48444563043429.33,3412631839.25,2.8957850057274284,1.752767876767914e-15,0.0008792890430490018,7.176170350601833e-10,501657438331.4245
123,143347.0,0.75414246,4029444800595307.5,0.0,0.0,0.0,1239586.5,2.8957850057274284,1.8715790817846256e-16,0.0,0.0,0.0
124,42856.0,13.626131,1.6229953751201402e+16,0.06351582259140638,5.1210424388135004e-08,75653086200920.77,2034017006.7,2.8957850057274284,8.395668409709019e-16,0.0007151286594208808,5.981134483458166e-10,851782877220.2142
125,73468.0,27.710356,2.4065415466799556e+16,0.12881972261521743,1.046446234915026e-07,111875146788192.9,5556704256.84,2.8957850057274284,1.1514596969343402e-15,0.0009981656879498322,8.619047881484537e-10,866869844083.4362
126,6580.0,23.697586,3.1256478996327316e+16,0.20181171000652637,1.6349966903509193e-07,266184221254936.7,5697992816.45,2.8957850057274284,7.581655631392296e-16,0.0009649665125537759,8.004867276172226e-10,1272764893934.6106
127,143823.0,3.5307229,5712911141993947.0,0.003734260435214319,2.546629051661147e-09,6042246489364.273,90192549.0,2.8957850057274284,6.180251735488556e-16,0.00017784680653188615,1.2751028343779679e-10,287766282254.5644
128,21708.0,0.18529563,152375303598822.7,2.1010742146364016,2.089499030037893e-06,1727789378189219.5,16195738951.67,2.8957850057274284,1.2160476509228209e-15,0.0014868309755328563,1.2467076298725645e-09,1222674929230.4019
129,71705.0,6.8347573,1.6541431251461436e+16,0.08346587123848428,8.598439040411003e-08,202003510927113.72,4343948947.1,2.8957850057274284,4.1319020078121406e-16,0.0006624018171404526,5.822721802468397e-10,1603140190372.5134
130,51467.0,23.153465,2.0547233843254044e+16,0.08879744247449697,7.063815325063254e-08,78802106518673.9,3714492179.67,2.8957850057274284,1.1268409741490153e-15,0.0008925093010451129,7.447206579584734e-10,792045480702.4846
131,107297.0,3.5185773,6075359943134028.0,0.0016979601491064562,1.3451387015159083e-09,2931786968249.7085,56477721.89,2.8957850057274284,5.791553641157451e-16,0.00012815225479618388,9.65467291959574e-11,221274398436.8458
132,5877.0,44.311474,1.6059358203293368e+16,0.5950886059124275,4.677735668229877e-07,215671929239956.16,7901843405.72,2.8957850057274284,2.7592306889893543e-15,0.0013687305723440659,1.1094312652439468e-09,496055142401.0878
133,63950.0,18.311108,1.1964823658782926e+16,0.18986719731293103,1.769631907437912e-07,124062811187425.86,3084061611.62,2.8957850057274284,1.5304118574751e-15,0.000829017386197662,7.112702063053372e-10,541695610987.613
134,11278.0,0.29752982,262747214276746.53,0.19490271988665667,1.510516015814225e-07,172117694640423.22,8720341256.54,2.8957850057274284,1.13238049285888e-15,0.0014096243547728157,1.1423453538469729e-09,1244832778083.2644
135,61594.0,0.13584347,206995707065340.6,0.04502712837337054,3.482048392679402e-08,68611485519088.22,2630563525.95,2.8957850057274284,6.562622574443992e-16,0.0006389064172180053,5.068360593723862e-10,973553499337.3219
136,57210.0,13.755636,1.6008947175166938e+16,0.05233422526519816,4.1280133609784454e-08,60907096387534.84,2674485669.86,2.8957850057274284,8.592467605451113e-16,0.0006489745565648411,5.307637144056554e-10,755283099529.0896
137,11055.0,63.416924,2.459238579863346e+16,0.22217362946756997,1.7941770838812857e-07,86156490500061.45,10146076850.12,2.8957850057274284,2.5787219068238565e-15,0.0013845843785473418,1.1732343081004675e-09,536926597196.6313
138,60138.0,17.101557,1.6602161347773538e+16,0.40479932901113974,3.3663290025554285e-07,392978474048497.9,4621787215.08,2.8957850057274284,1.0300801589483068e-15,0.0006796893110504609,5.639436430648134e-10,659841183373.9342
139,31184.0,1.8752611,619651562500069.2,0.06828723192678907,5.214943771661888e-08,22564479134260.004,2509389819.61,2.8957850057274284,3.0263154545015617e-15,0.0007708777930273722,6.203663120202395e-10,254724864151.45932
140,202421.0,0.6858625,4490535455048800.0,0.00011682091617128515,1.06513945149382e-10,764859524989.9792,1096766.4,2.8957850057274284,1.527351263263874e-16,1.4813411540978987e-05,1.350644179196134e-11,96987588233.78625
141,6578.0,81.49095,5.23058150161016e+16,0.28676538764311843,2.3254365707646176e-07,184063350827074.9,8086729004.79,2.8957850057274284,1.5579711352344701e-15,0.0015097402512117002,1.258418464149765e-09,969042504747.3608
142,22252.0,0.6897471,303105870800419.7,0.010371805082120397,7.930768576475338e-09,4557837229309.586,534933782.19,2.8957850057274284,2.275597955851421e-15,0.00033720880654992486,2.591060084765563e-10,148184702698.83737
143,43335.0,19.658989,1.7503356419892664e+16,0.14481882488266884,1.1219462866914133e-07,128939260723497.7,3965526115.53,2.8957850057274284,1.123155383938674e-15,0.0009370170883309797,7.553154141794409e-10,834271999876.8597
144,48853.0,0.71417195,4365775398464902.5,5.115349694156866e-06,3.4832089104653613e-12,31270435431.264153,1468573.9,2.8957850057274284,1.6358421696432614e-16,1.497798625793286e-05,1.0199000716227396e-11,91561316463.6733
145,17371.0,57.80336,2.0448904988104176e+16,0.21680850103610125,1.709380410296639e-07,76699631964310.05,5551725861.14,2.8957850057274284,2.826721530254367e-15,0.0011138543136505806,9.006939278605644e-10,394044585477.91534
146,92326.0,19.775942,2.0406982134514004e+16,0.08476399230350481,6.952383663377968e-08,87468767686904.89,2960313603.39,2.8957850057274284,9.690772437416537e-16,0.0008351774234795947,7.251057909249917e-10,861827505364.7268
147,39438.0,31.096596,1.6304711421711312e+16,0.19965106623043744,1.576554562416532e-07,104681972905467.03,5304140951.29,2.8957850057274284,1.907215356083632e-15,0.0011286427062370933,9.442486018279644e-10,591775177688.7444
148,14779.0,145.65317,3.4365283050525956e+16,1.5119913251010977,1.20834744832499e-06,356737926521194.4,43103824217.74,2.8957850057274284,4.238381211231455e-15,0.0023745623287139183,1.9653746957302732e-09,560252183645.3671
149,63562.0,13.65464,1.4643029080022594e+16,0.17717582257391953,1.3491106132994082e-07,190000668067911.53,3677843988.79,2.8957850057274284,9.32501050525738e-16,0.0008351835023163154,6.688327830009493e-10,895638135576.8386
150,58511.0,71.633446,1.005687889857392e+17,0.35002536265902306,2.772811518653818e-07,491413282517668.1,10761113310.86,2.8957850057274284,7.12283072337261e-16,0.0015063373956108888,1.2435718055503497e-09,2114801620468.1736
151,40025.0,20.678293,1.753642930253939e+16,0.09672601513232203,7.745583816033766e-08,82029446341838.78,4580829640.73,2.8957850057274284,1.1791621112403793e-15,0.0009033225229917538,7.591809130922966e-10,766071530267.8225
152,40372.0,105.51809,4.7142645519812904e+16,0.27906271682566386,2.2054717475780927e-07,124677718646235.9,7293799436.18,2.8957850057274284,2.2382725626981058e-15,0.0014994527214562416,1.2366520553120795e-09,669915159773.3655
153,16793.0,54.09697,4.326575049521175e+16,0.19768225189721217,1.5845119197605555e-07,158102588516813.06,8288734986.69,2.8957850057274284,1.2503416531740724e-15,0.0013788215290528646,1.1805758919375535e-09,1102755815222.6936
154,56569.0,34.788254,6.0186060735539864e+16,0.28008426099135975,2.2956967435129058e-07,484564943762189.8,7518955662.03,2.8957850057274284,5.780118116196554e-16,0.0011039607799097353,9.001862526535118e-10,1909927717249.083
155,4970.0,0.41555268,99381995919501.53,0.016369202619063352,1.1478148955650906e-08,3914796140631.912,564724284.02,2.8957850057274284,4.181367823771558e-15,0.0003651016533361405,2.6051296217264366e-10,87316320573.49643
156,59326.0,18.995676,8404847523682112.0,0.07789831029507494,6.273668495850389e-08,34466971345614.727,3062878324.01,2.8957850057274284,2.2600857358180973e-15,0.00077224354665086,6.5768293034798e-10,341687722024.1055
157,34507.0,73.63233,4.2401424136080776e+16,0.3711812151371009,2.974798225094637e-07,213745947389876.97,17184517106.87,2.8957850057274284,1.736553229054017e-15,0.0016243735884080997,1.3429744050004105e-09,935400977770.761
158,27735.0,131.86967,4.573280311562492e+16,0.46640047447903243,3.65651262287846e-07,161749104797059.34,11655568225.64,2.8957850057274284,2.883481024913294e-15,0.0017718596610597915,1.4501799856103703e-09,614486325989.633
159,41726.0,41.276398,1.6360399233202854e+16,3.313274092935126,2.7369788179946284e-06,1313256232519289.0,9769561444.03,2.8957850057274284,2.5229456452524096e-15,0.0012043027282147712,9.817076618813427e-10,477339942095.4573
160,104228.0,6.7032485,8196541336369347.0,0.014249369651849558,1.1273048630086438e-08,17423723343777.541,421112469.07,2.8957850057274284,8.178142737176996e-16,0.0003597081102503819,2.776894933366099e-10,439840831604.9386
161,81046.0,21.39,4.13666820746381e+16,0.158499243890579,1.196897881100015e-07,306525845305848.8,5242259201.3,2.8957850057274284,5.1708280498314865e-16,0.0008250380002768978,6.486738850568834e-10,1595562630058.4202
162,26349.0,8.15375,8580115061545453.0,0.010482090171294176,8.062190317927159e-09,11030205703535.025,309362285.7,2.8957850057274284,9.50307768778493e-16,0.0002844280442856798,2.3635479718254544e-10,299300977673.0312
163,111972.0,3.7511098,6121027514190308.0,0.005828468142046576,4.143194581937539e-09,9510842328062.152,149725716.27,2.8957850057274284,6.128235482202694e-16,0.00021443064152050254,1.579688703719323e-10,349906008251.87115
164,46156.0,4.610657,3346977971902788.0,0.0175158941491472,1.3910461731302352e-08,12715175272282.584,725223777.32,2.8957850057274284,1.3775582148151393e-15,0.0003978534703974786,3.222196897980358e-10,288810640536.7909
165,84841.0,45.82433,1.3153783503872638e+17,0.1775249001918784,1.4748057891264928e-07,509581722999674.25,4304041649.68,2.8957850057274284,3.4837375867185854e-16,0.0008753943071879969,7.448053419169028e-10,2512802085109.2617
166,172535.0,1.7938187,5966531687940858.0,0.0012426896252272323,7.70619322133072e-10,4133387073729.1514,31205513.31,2.8957850057274284,3.00646806858588e-16,9.156068477288348e-05,6.333091885349615e-11,304545675138.1694
167,44391.0,10.415282,1.6257097854668562e+16,0.7525841986256137,8.663387955285079e-07,1174700306812040.5,7052519782.13,2.8957850057274284,6.406605959506503e-16,0.0007213612853258755,6.201053667318416e-10,1125964808644.8594
168,39139.0,276.08585,1.778131105599246e+17,0.8553785578704931,8.484915835756459e-07,550906618652186.8,12256550225.4,2.8957850057274284,1.5526743170434366e-15,0.0017696999156194082,1.52799137142036e-09,1139775351594.1619
169,42103.0,18.27276,1.6057240238433002e+16,0.2586968662000048,1.959391980915029e-07,227330612863258.5,3652694486.15,2.8957850057274284,1.1379763725689396e-15,0.0008387703236482473,6.824007204515663e-10,737071826680.1571
170,113666.0,1.4877112,4087038130528391.5,0.00016979323526182432,1.2264392274910818e-10,466455738735.3499,4862909.2,2.8957850057274284,3.64007174018624e-16,5.2472400493854235e-05,2.78838979208349e-11,144152105340.5655
171,11931.0,29.378386,1.2252971665157768e+16,0.1887175970923177,1.4487396870737145e-07,78709271839808.66,7501237849.58,2.8957850057274284,2.3976539571653146e-15,0.0011244624829036228,8.926412362414963e-10,468984475238.0557
172,107990.0,3.061384,6993634821230212.0,0.002141028397670503,1.7147019407967845e-09,4891111587174.676,81017724.67,2.8957850057274284,4.377386120743274e-16,0.000147460217360312,1.2519883287626214e-10,336868197807.6758
173,45377.0,36.20499,3.590642144670338e+16,24.945841819863762,2.5801659686936034e-05,2.474012310808058e+16,11518947489.56,2.8957850057274284,1.0083151854533817e-15,0.0010494284148206317,8.758725997174152e-10,1040774184461.7402
174,32122.0,21.119188,2.1016529915505496e+16,0.1665079764353568,1.3838612161298702e-07,165698599203906.9,5115937668.61,2.8957850057274284,1.0048846353278695e-15,0.000705522544661334,5.898640518983344e-10,702093076018.7603
175,132002.0,10.378363,1.434286014746411e+16,0.04031814916960861,3.093971927714276e-08,55719536399362.07,1015294788.4,2.8957850057274284,7.235908942356205e-16,0.0005381741381050148,4.2245052293856566e-10,743754713322.5408
176,112550.0,6.667208,9044450935037512.0,0.009068122021767449,6.579189685339462e-09,12301428828800.43,281045341.74,2.8957850057274284,7.371600606701006e-16,0.00029419101235403686,2.2829866004276907e-10,399087020648.6885
177,20722.0,26.397131,2.005981957394017e+16,0.14370508673862745,1.1019499686684911e-07,109204978065013.52,7362666219.91,2.8957850057274284,1.315920659340958e-15,0.0010950705557870133,8.820690903403698e-10,832170654069.2573
178,12159.0,46.93513,1.4900278967057494e+16,0.1465808367641981,1.1445745326400824e-07,46534341313452.61,4925623901.63,2.8957850057274284,3.1499497495159146e-15,0.001110598133133868,9.150665538088065e-10,352576460403.70807
179,84524.0,21.754152,3.0276937499241856e+16,0.06317592792625573,5.004734112989202e-08,87926829842866.45,2290100091.73,2.8957850057274284,7.18505694327398e-16,0.0007198167548965779,5.782927978998925e-10,1001824704493.6885
180,138454.0,8.052556,1.7323725494835918e+16,0.011396755564953221,8.759714733503095e-09,24518210731970.48,211334822.02,2.8957850057274284,4.648281919729339e-16,0.0002855588904879373,2.2704041304776332e-10,614332124038.993
181,32423.0,52.977764,8.127705332894962e+16,3.432117467190132,3.4091527208861683e-06,5265461834365676.0,22693849727.23,2.8957850057274284,6.518169868386475e-16,0.001259106347414842,1.1132797613977624e-09,1931686919547.1343
182,34081.0,39.463615,3.823559611656383e+16,0.5672507252959145,4.547795833060205e-07,549599159358373.2,14934029955.3,2.8957850057274284,1.0321171632761384e-15,0.0013251759965246521,1.066404537983252e-09,1283939501905.2766
183,83137.0,23.649515,2.2881522724241524e+16,0.08403222699423528,6.775149013239367e-08,81303371825477.88,3817221948.72,2.8957850057274284,1.0335638622050637e-15,0.0008818275118191861,7.421912098979849e-10,853191122547.4208
184,57038.0,9.681132,1.1541458589501682e+16,0.0545337776865361,4.1436027941313465e-08,65012989896041.83,2169556971.28,2.8957850057274284,8.388135628547098e-16,0.0007004938524639144,5.614083904038934e-10,835100770283.1414
185,3599.0,142.76236,2.274668185679415e+16,1.146181846610281,8.970132478669143e-07,182624004078364.2,106090124669.96,2.8957850057274284,6.2761839682282565e-15,0.0029386489901644594,2.3851235902425515e-09,468222251776.0309
186,9260.0,721.17456,1.3547953115766274e+17,5.361769056816623,4.271576061038707e-06,1007259543366559.6,60648008833.27,2.8957850057274284,5.3231255957089305e-15,0.004194619257025424,3.460210398195286e-09,787999302591.4668
187,854.0,76.07021,1.5397261405264744e+16,3.1154981767427685,2.9886949379693094e-06,630603488999624.2,19021150825.75,2.8957850057274284,4.940502599636941e-15,0.0017977718802980832,1.5621197968871638e-09,363884411361.34503
188,100598.0,26.643953,2.761340628070791e+16,0.06805156221685792,5.25905265588316e-08,70527651641292.47,1768467147.27,2.8957850057274284,9.648919343433114e-16,0.0007123163716689768,5.787926861859071e-10,738234351760.6113
189,100882.0,19.499546,2.7376534624779588e+16,0.05132019808346008,4.044181434125314e-08,72051379031203.7,2045577125.69,2.8957850057274284,7.122722531269602e-16,0.0006592323181466901,5.387110645766288e-10,925534183386.453
190,107611.0,5.945241,6834282788260759.0,0.007497193435512963,5.643592776805852e-09,8618311697808.01,329874713.54,2.8957850057274284,8.699143983641026e-16,0.00025566171180162975,2.0944810223050793e-10,293892953470.37415
191,109444.0,2.640689,4868035141457086.0,0.0027171554423276144,1.9855497104875483e-09,5008998855242.778,47403702.08,2.8957850057274284,5.424547940320737e-16,0.00013917889602845513,1.099412534428796e-10,256572340330.77032
192,59040.0,21.209618,1.5186105760755072e+16,0.11513042139747968,9.032717628500204e-08,82433486337303.45,5250941241.07,2.8957850057274284,1.396646272200427e-15,0.0009103682523794052,7.72975838327445e-10,651824495937.0514
193,43256.0,104.05238,1.1170171236542227e+17,0.49065963122880124,4.3672190660357206e-07,526730104557375.06,10046010436.01,2.8957850057274284,9.31520008033555e-16,0.0014693504067059796,1.25664744765805e-09,1577368595450.5564
194,62336.0,51.14944,5.50205863772869e+16,0.18286769414539655,1.4714096360044898e-07,196707681674365.78,5777470614.73,2.8957850057274284,9.296418553095438e-16,0.0012899104562411248,1.0845958478405533e-09,1387534832768.0684
195,104762.0,14.355171,2.579392599060009e+16,0.0616699302263115,4.818912103573036e-08,110810913788693.3,1836536208.8,2.8957850057274284,5.56532999483342e-16,0.0006424602679550284,5.41448425945395e-10,1154397436542.7693
196,3602.0,12.632175,3.326872108338773e+16,0.26673776286377054,2.125365544258803e-07,702493769689036.1,2535841260.27,2.8957850057274284,3.797012505631814e-16,0.0006056279050251681,5.271643106294585e-10,1595011615386.7998
197,88304.0,3.6663556,3331617217664026.5,0.005566062871867557,4.076945415307899e-09,5057881155476.144,208897502.96,2.8957850057274284,1.100473241812178e-15,0.00019818227575175244,1.5160164365076255e-10,180088227702.29333
198,84396.0,34.06993,3.5233439310750584e+16,0.15987988373699882,1.290940593494707e-07,165339881257678.16,3897512875.3,2.8957850057274284,9.669771292978609e-16,0.0010927634339918653,9.099709238197998e-10,1130081985274.3984
199,54282.0,34.966255,1.6088489594096988e+16,0.20546306089938174,1.629647667170642e-07,94536584408339.39,5170733975.01,2.8957850057274284,2.173370893239688e-15,0.001100130294295241,8.86147782576146e-10,506186172694.7836
200,89935.0,13.391033,1.2988309658704362e+16,0.05301247438040754,4.166576160350874e-08,51418171624762.99,2228145790.88,2.8957850057274284,1.031006601465322e-15,0.000621131855056546,5.084498931307047e-10,602451870020.7739
201,10767.0,14.448672,2.935400942743242e+16,0.2153148970176733,1.8908233992187605e-07,437435047104912.0,4937658896.74,2.8957850057274284,4.922214130822339e-16,0.0007724240904602763,6.282453914762723e-10,1569261454156.2617
202,26737.0,9.479288,6352960799587049.0,0.4232635498611468,3.377598902661493e-07,283668640531010.75,3767484769.85,2.8957850057274284,1.492105539296916e-15,0.000766302623584809,5.962602107380382e-10,513571328168.8457
203,34707.0,34.565483,2.52886788043773e+16,0.4192279686778546,3.324694939016915e-07,306714112622288.9,5126241293.8,2.8957850057274284,1.3668362537791792e-15,0.0010928285534921316,9.083469772815053e-10,799531436534.9609
204,32925.0,25.631186,1.5021638075761274e+16,0.22641355880169944,1.8313822896705883e-07,132693919655696.88,6190723477.78,2.8957850057274284,1.706284352660457e-15,0.0010615537850898493,8.676097593086612e-10,622143538639.7719
205,28352.0,23.2705,2.6303007461107584e+16,0.9706413194994142,8.466664237337298e-07,1097130954163099.5,8440746217.67,2.8957850057274284,8.847087176022916e-16,0.0011674924920306573,9.682592344558751e-10,1319634890899.1843
206,36970.0,60.700245,3.2538919269455988e+16,0.39664428609453684,3.145158957570289e-07,212624782715805.16,11147500047.34,2.8957850057274284,1.8654659208973426e-15,0.0013973091912563027,1.1493703914973268e-09,749040320492.243
207,36697.0,6.5598035,6209606378684390.0,0.011219073404242403,8.882856180591689e-09,10620139730391.621,336156208.58,2.8957850057274284,1.0563960257638433e-15,0.00030747441445393413,2.5545124048018054e-10,291059798555.7642
208,33043.0,16.566925,1.406761627576486e+16,0.07043585553950833,5.614432269572815e-08,59809807057435.81,3185820416.34,2.8957850057274284,1.1776639819598188e-15,0.0007851923395262316,6.539844125888562e-10,666737160645.3884
209,115944.0,13.814696,2.193205557356694e+16,0.032468191929064645,2.4862470320280276e-08,51546135344670.875,1102213667.34,2.8957850057274284,6.298860566744969e-16,0.0005252111532287104,4.222139238142839e-10,833819303766.7463
210,8235.0,0.42460844,72653652781733.34,0.02107074396257384,1.503175568353813e-08,3605360542785.3574,587305880.94,2.8957850057274284,5.844282066252221e-15,0.00041072521330745993,2.969597299533753e-10,70278129743.11946
211,11503.0,95.23482,1.4681649269953074e+16,0.5990092566733721,4.736978838683985e-07,92344835806207.73,8079498841.23,2.8957850057274284,6.486656795085283e-15,0.0015578984900224454,1.3189424249233805e-09,240169711337.71277
212,108411.0,14.553863,2.1962699886093736e+16,0.055208742790729945,4.3456259346984746e-08,83313485155201.95,1970777577.42,2.8957850057274284,6.626627452672684e-16,0.0006772081361167267,5.61630337571331e-10,1021949914875.012
213,37327.0,18.178354,1.2098202805108538e+16,0.0878457070618771,7.111589491171185e-08,58463773980457.445,3226116568.09,2.8957850057274284,1.502566479735658e-15,0.0007844353518569319,6.524964332975619e-10,522063657373.04034
214,130614.0,0.6011513,3584267030550061.0,9.703987796933393e-05,9.072544115119736e-11,578584518163.8712,4872519.4,2.8957850057274284,1.6771945139024536e-16,4.0593350331576156e-05,2.6349725012534573e-11,242031261103.54715
215,92575.0,24.69237,3.1306195116325776e+16,0.0665175480844576,5.082169599906325e-08,84334202791858.84,1543357867.39,2.8957850057274284,7.887374977460372e-16,0.0006947404720145618,5.403650883264835e-10,880825970617.4878
216,24292.0,33.878445,2.4797869377350864e+16,0.14293416011049642,1.1347275071939292e-07,104622943348829.77,6506258494.91,2.8957850057274284,1.3661837024975573e-15,0.000958285647389041,7.868567867138626e-10,701432498160.5133
217,119153.0,1.6318921,4463503530439584.0,0.0010745262710913858,9.05915758943193e-10,2939012821108.995,26665199.6,2.8957850057274284,3.656078882588639e-16,8.755042436194118e-05,7.28823717515438e-11,239465359401.5243
218,37423.0,53.66178,3.0329833507699916e+16,0.5361839244409561,4.3978389419175384e-07,303053107030727.5,10375478178.54,2.8957850057274284,1.7692738071370137e-15,0.0013746305926697195,1.1311003567340762e-09,776946217778.528
219,55255.0,17.465992,1.9883179823364e+16,0.7116312805187055,6.976639998586499e-07,810116752514498.6,6237842186.35,2.8957850057274284,8.784305204279422e-16,0.0009123289072250255,7.719167548485409e-10,1038589718832.3661
220,39676.0,17.929075,8981593584306907.0,0.37419300745318756,2.6429973330520216e-07,187452476774962.25,3961055428.6,2.8957850057274284,1.9962019915181403e-15,0.0008614295912138693,6.865943764698767e-10,431534281036.73004
221,49803.0,22.069904,2.6205191554792636e+16,0.13109329518114232,1.0226119735439294e-07,155656540770218.5,5267015170.46,2.8957850057274284,8.421958661837625e-16,0.0009450217358363639,7.708574591288817e-10,1122092584137.863
222,6929.0,24.123041,2.6618046958248784e+16,0.40333641405182025,3.143905802989896e-07,445052827676370.7,8820972761.81,2.8957850057274284,9.06266377763843e-16,0.0010346978857546972,8.516187451843376e-10,1141714964983.8618
223,71235.0,21.602545,2.243863888240116e+16,0.09097720780753532,7.445995726042957e-08,94498343251799.84,2936424765.81,2.8957850057274284,9.627386542123589e-16,0.0007698021877930222,6.391893920269804e-10,799596218999.6589
224,89449.0,18.080097,2.432277203469544e+16,0.05250028974140486,4.232246128325791e-08,70627529218214.38,2170367129.64,2.8957850057274284,7.433403139333576e-16,0.0006512716673407105,5.696629192085742e-10,876141997323.5822
225,111209.0,1.3029861,4277528595668914.5,1.1272792660528225e-05,9.182412513434246e-12,37007066275.27043,9253179.5,2.8957850057274284,3.046118970003614e-16,2.3634877773400235e-06,1.9670232042298002e-12,7759013356.386469
226,20724.0,35.93372,6.308484297785668e+16,4.142504826003559,3.8531168951415405e-06,7272535837743713.0,5780283387.28,2.8957850057274284,5.69609407011016e-16,0.0010905039047297588,9.26800983102107e-10,1914476641901.1562
227,103393.0,17.97952,3.040681093517283e+16,0.052384798929358656,4.1841336596419706e-08,88592725329822.64,2221050636.5,2.8957850057274284,5.912991019785747e-16,0.000674172214998464,5.62598311481223e-10,1140154302184.0952
228,111923.0,1.4481194,4265898508544387.0,0.00016415549884035978,1.4369607888477064e-10,483572485578.5032,6684900.78,2.8957850057274284,3.394641004935976e-16,5.340643199548195e-05,5.036345356949354e-11,157325714023.44565
229,60920.0,15.646238,1.6231402755712542e+16,0.04521028386153228,3.50565851244725e-08,46901135343628.375,1441662994.29,2.8957850057274284,9.63948602316174e-16,0.0005898825621411921,4.56921312219184e-10,611943998594.7626
230,41974.0,32.467945,2.1295978643371096e+16,0.3097266390033962,2.4863337489772213e-07,203152120945733.84,11094233229.39,2.8957850057274284,1.5246045060298957e-15,0.0016648175431366453,1.3965396645109353e-09,1091966825856.9348
231,53944.0,26.070871,1.8168938695772132e+16,0.11205017784509878,8.893819344837889e-08,78088408021272.66,2707926001.75,2.8957850057274284,1.4349143577696493e-15,0.0008696354986791282,7.25793370785556e-10,606053939017.5459
232,21091.0,191.20566,3.927869311848885e+16,0.45236366788804155,3.458759159207432e-07,92927446232127.2,6496990475.22,2.8957850057274284,4.867923161883349e-15,0.001391253084055925,1.1322861348845255e-09,285800132374.658
233,81017.0,37.30636,4.356022576370936e+16,0.16620504945675052,1.347072901668115e-07,194066895762667.1,5324600471.0,2.8957850057274284,8.564317412486979e-16,0.001122548566144557,9.50111402274145e-10,1310727419453.0137
234,48228.0,39.69726,6.596489487778599e+16,0.4796726104642614,3.926602595061748e-07,797071468535314.2,8888967882.12,2.8957850057274284,6.017937279146374e-16,0.0013271802765681864,1.0895546610599533e-09,2205374059259.7915
235,36791.0,96.256226,4.205750415471489e+16,3.5989614507815664,3.4687206657954226e-06,1572504371498052.0,14921871510.55,2.8957850057274284,2.288681364588515e-15,0.0018556263793132056,1.5416390439071228e-09,810784064581.5854
236,95006.0,18.561995,3.139982474347372e+16,0.0630514009821708,5.084135251372255e-08,106658952373958.17,2454569051.59,2.8957850057274284,5.91149637032863e-16,0.000758590809357778,6.326582675433041e-10,1283246680426.5442
237,46781.0,33.307247,2.432803413994258e+16,0.3355734136281066,2.6928016485825984e-07,245107062231881.6,8217627419.89,2.8957850057274284,1.3690891260841764e-15,0.0010413893398406287,8.622319683375399e-10,760643934715.3214
238,71887.0,23.179003,3.029740020082235e+16,0.2161580749070425,1.863549524958672e-07,282541388950077.0,6099572866.13,2.8957850057274284,7.650492400787201e-16,0.0009038219946146781,7.56955335916251e-10,1181390618101.495
239,81071.0,39.59983,7.976629873885758e+16,0.2414109705251345,1.9672659971678515e-07,486276319715145.75,7416737727.33,2.8957850057274284,4.964481319315525e-16,0.0014154264684869081,1.206713724315076e-09,2851106444856.276
240,64827.0,26.643,3.1884658416310776e+16,0.22891178216965158,1.8402424884502723e-07,273947152420833.97,5407224285.87,2.8957850057274284,8.356056273875785e-16,0.0009363754620591394,7.818209740381562e-10,1120594968928.8303
241,85543.0,14.024597,1.4632756843470644e+16,0.0623843960527656,5.274519316202604e-08,65089620633440.58,2989043480.71,2.8957850057274284,9.584384644687092e-16,0.0006934142320676009,5.834548869779999e-10,723483309334.8157
242,219804.0,0.8880778,5349575843726455.0,0.00010435234262604222,7.232185741703354e-11,628594444482.8391,6795195.0,2.8957850057274284,1.6600901191848043e-16,2.731386821219638e-05,2.044396731212591e-11,164532442525.5238
243,65322.0,9.022589,7019854022271580.0,0.18175429040006882,1.453979116682919e-07,141410473926058.25,2034325771.25,2.8957850057274284,1.2852958154648846e-15,0.0004918803138810481,3.8378709223773587e-10,382698136851.1946
244,47034.0,43.560425,4.212626255066776e+16,0.13098944554805256,1.0144402318003911e-07,126676812141379.7,4268952998.16,2.8957850057274284,1.0340443790285761e-15,0.0009966124257971669,8.205019244610671e-10,963800438365.5425
245,53615.0,24.477535,1.773255340162981e+16,0.18197418747730396,1.4636663158854725e-07,131829736824377.42,3628503181.13,2.8957850057274284,1.3803728343911405e-15,0.0008454737412098867,7.131444475795439e-10,612496653183.4214
246,64913.0,54.00838,8.760411351935726e+16,0.43201910186667947,3.4762400034522034e-07,700755150264817.4,8769988155.74,2.8957850057274284,6.165050684299904e-16,0.0009016203730643951,7.508561894625114e-10,1462470333553.7656
247,11056.0,33.350193,5.8047246958552984e+16,0.18509024168698507,1.5570795983275254e-07,322156425566193.3,4178727562.34,2.8957850057274284,5.745353095524543e-16,0.0009145195018404347,7.673471348223632e-10,1591755087346.7078
248,67566.0,35.421207,5.220369265348584e+16,0.08421506082420858,6.698553009444303e-08,124115961154615.67,3709683151.4,2.8957850057274284,6.785191851296135e-16,0.0008510744204683142,7.151601920738596e-10,1254311505290.3604
249,2350.0,0.6197862,112493375562604.3,0.016312569781126107,1.2246480412500661e-08,2960788799072.017,1183198952.09,2.8957850057274284,5.509535089513599e-15,0.00038163974822499273,2.9602395832317404e-10,69268956822.03291
250,70382.0,16.166666,2.46578989428985e+16,0.4120534264129394,3.6117223559140074e-07,628476628858747.0,4290690206.29,2.8957850057274284,6.556384239159199e-16,0.0006927841489721644,5.573331747253231e-10,1056655808600.0892
251,45788.0,10.989108,5228945888415942.0,0.16452104816676263,1.3638197809775187e-07,78284029820206.94,2670229981.88,2.8957850057274284,2.101591455429852e-15,0.0007559099686572302,6.65170620981841e-10,359684546063.5065
252,65370.0,36.33692,3.4123080404048892e+16,0.1925493228744461,1.5287592759998253e-07,180818187842830.22,7825661545.42,2.8957850057274284,1.064878069908613e-15,0.0013265027184313403,1.1192314685928777e-09,1245685075048.2444
253,31282.0,54.197712,6.4517473512896104e+16,0.6369180279875019,5.730983312371172e-07,758193297912090.2,13331990158.62,2.8957850057274284,8.400470298820159e-16,0.0016657038502750725,1.4507854435750832e-09,1982869757314.6821
254,94663.0,10.493474,1.534927565695398e+16,0.0781176966599844,6.136996233316039e-08,114266262985967.62,2745922102.69,2.8957850057274284,6.836462015877563e-16,0.0007542948583658635,6.132535281921614e-10,1103340962933.7908
255,20393.0,72.71883,4.149311341391299e+16,0.3476969561053965,2.8028082978748463e-07,198394683101385.78,10956306108.59,2.8957850057274284,1.7525517855118762e-15,0.0015134541812552975,1.2569366175210845e-09,863571732240.2863
256,62687.0,38.511177,6.171937653120535e+16,0.17018119009434315,1.3317820835258344e-07,272738403969356.72,7677978158.89,2.8957850057274284,6.239722298641291e-16,0.0012633970421748416,1.0453509178829157e-09,2024764856041.6675
257,17372.0,80.83384,6.070302023960735e+16,2.996135701969151,2.9287726091415416e-06,2249979540217854.0,6811503159.71,2.8957850057274284,1.3316279763499764e-15,0.0013103703176250779,1.089962542927952e-09,984036338149.6638
258,49403.0,188.51178,9.317248254124982e+16,1.2960524788745105,1.0968527449826232e-06,640577617804462.4,10956179924.47,2.8957850057274284,2.023255953457514e-15,0.0018745874564808206,1.5355906949780578e-09,926520173227.3983
259,16459.0,78.1691,3.069898284479133e+16,0.3143933866513473,2.4375955813797467e-07,123470235468050.12,12245012330.11,2.8957850057274284,2.5463091202470538e-15,0.0015540051386856513,1.2696330564031574e-09,610297126271.4855
260,81470.0,18.9124,3.336608710311993e+16,0.07017175685754462,5.724637288395326e-08,123800096840580.08,2643646887.1,2.8957850057274284,5.6681504011993e-16,0.0007580120410593486,6.566280278217418e-10,1337318150377.527
261,49050.0,51.872433,2.6074361466793388e+16,0.14579564398132802,1.1523355744203651e-07,73286100180669.5,4341531337.08,2.8957850057274284,1.9894037699086653e-15,0.0010649571845495927,8.695930678020573e-10,535314751413.4275
262,30863.0,27.417824,1.5186370611133338e+16,18.518191121236452,1.746122289366688e-05,1.0256981495500722e+16,9243260119.52,2.8957850057274284,1.805423079817347e-15,0.0012316165734771564,1.0452003038704841e-09,682176154301.6045
263,128017.0,4.515828,7623440345710719.0,0.0077657294596074075,5.8911664768656754e-09,13109794101158.285,251126917.72,2.8957850057274284,5.923609020618627e-16,0.00024565695011634586,1.8586152805356521e-10,414708245026.42633
264,24041.0,8.077895,7760781847645736.0,0.010095246469295079,7.633229827236636e-09,9698938343023.146,223903782.81,2.8957850057274284,1.0408609800635565e-15,0.000282310041328306,2.1196445457353404e-10,271227423004.23993
265,48105.0,43.03035,3.635053890776905e+16,0.35440724210846625,3.066798840616905e-07,299390877449496.2,8117106306.19,2.8957850057274284,1.1837609920771573e-15,0.0012884152517836775,1.0717870495064432e-09,1088408268566.8517
266,1670.0,61.90942,7.764441211972414e+16,0.45490546696180534,3.7024561790057745e-07,570524930653493.0,14451863971.32,2.8957850057274284,7.973454664649723e-16,0.0016195075231283263,1.374176188865173e-09,2031124012416.357
267,93490.0,14.805475,1.5052117554833798e+16,0.045626737285502116,3.5800126676132016e-08,46386827390873.73,1931687570.46,2.8957850057274284,9.836140958947938e-16,0.0006072546739385459,5.056820953883833e-10,617370853542.035
268,60512.0,4.488295,5734718303796405.0,0.008561127297383187,6.694316008029702e-09,10938597711031.564,237756715.0,2.8957850057274284,7.826530898699473e-16,0.0002649738001587429,2.0888972177950386e-10,338558428489.4005
269,115374.0,6.0642695,6766116247687704.0,0.013009960772851761,9.911589296448481e-09,14515665401574.25,606725743.02,2.8957850057274284,8.962703681114617e-16,0.00033911162904813846,2.686052089155841e-10,378358630513.1154
270,42287.0,69.8148,9.426007961323877e+16,0.6681044746081766,5.292636221329236e-07,902037690669138.6,4958836711.64,2.8957850057274284,7.406613731545646e-16,0.000928318028950096,7.631158667788804e-10,1253363632284.8584
271,27736.0,10.114823,1.2699099522309758e+16,0.03216818836763211,2.5115712180775362e-08,40386967278910.1,1226947615.09,2.8957850057274284,7.964992306919317e-16,0.0005267696253580068,4.2025566063393194e-10,661356100620.9554
272,52939.0,47.418316,5.5649428819998104e+16,0.2256147290554756,1.788293319186201e-07,264778082910322.0,8385956992.87,2.8957850057274284,8.520898957180278e-16,0.0012174531413396326,1.0118563022790446e-09,1428784858801.4592
273,37608.0,41.044437,2.075424194104428e+16,0.3781173106996816,3.0261714477598537e-07,191196145493680.47,7294312194.86,2.8957850057274284,1.9776408657369055e-15,0.0011162087208082994,9.207934014833487e-10,564414267598.7732
274,66407.0,11.633802,1.0830037594490176e+16,0.40369226676809505,3.207532834003279e-07,375801687677289.56,5018770213.46,2.8957850057274284,1.0742162156407233e-15,0.0007279639924659771,5.854419360136936e-10,677669897239.2427
275,9518.0,1.3850995,433439841718140.2,0.09223256670182901,7.078133227856357e-08,28862380726076.773,3970631170.5,2.8957850057274284,3.195598020037832e-15,0.0007967042129803083,6.829753821113576e-10,249313026226.8958
276,42583.0,32.780125,2.6012511332377936e+16,0.26081779299891505,2.0733330014316138e-07,206970711553725.94,6713250864.74,2.8957850057274284,1.260167639377378e-15,0.0011650076888025283,9.827661630972318e-10,924486276586.2911
277,4012.0,0.2060401,59980621075846.94,0.007219780575964075,4.953664641290083e-09,2101760399930.2131,178931138.43,2.8957850057274284,3.435111145972586e-15,0.00023782658699730358,1.6770703693543889e-10,69234029669.21104
278,59108.0,13.531851,1.062126982011668e+16,0.1288084939667314,1.0544223614402691e-07,101102928900379.25,4323376153.92,2.8957850057274284,1.274033258657141e-15,0.0007627138067072989,6.179184111143316e-10,598660828926.2527
279,64597.0,33.832764,2.4909835976773844e+16,0.15705225073534868,1.2761667396728428e-07,115631871093969.6,5662909452.73,2.8957850057274284,1.3582090235979865e-15,0.0011978585542171,1.0201607092469182e-09,881939770245.2988
280,72788.0,12.998606,3.3933149940646628e+16,0.06676465791548221,5.1865977761599886e-08,174290623762427.88,3185967046.43,2.8957850057274284,3.8306511546190692e-16,0.0007786224278698495,6.199343347201242e-10,2032611157847.0735
281,73739.0,19.506453,3.7730878476861256e+16,0.12157351196960492,9.77716889568931e-08,235156817394243.88,4963708405.77,2.8957850057274284,5.169891024923387e-16,0.0010346986342079144,8.675825229932819e-10,2001393509495.198
282,35406.0,6.7588043,6136865305950797.0,0.004246185957898116,2.962151773697566e-09,3855455807122.63,140111312.61,2.8957850057274284,1.1013447359592724e-15,0.0001794209167890016,1.2743855020325767e-10,162910768019.17593
283,62981.0,25.517859,3.1892853331621476e+16,0.10048879478595468,8.024670291251403e-08,125593389068411.31,3239210449.28,2.8957850057274284,8.001121359279345e-16,0.000921284604991773,7.518286528408489e-10,1151444358387.7253
284,23030.0,0.76363003,612846211236684.4,0.013198052931412177,1.0089600159626444e-08,10592009765143.951,1391543647.96,2.8957850057274284,1.2460385917358345e-15,0.000345302019702418,2.7974680736805915e-10,277119843632.91974
285,91752.0,4.5746226,6054955147133925.0,0.011351094705991568,8.789198004040946e-09,15024270923605.436,409909593.38,2.8957850057274284,7.555171737589779e-16,0.00030171669302914486,2.397781838421561e-10,399351204060.647
286,15507.0,41.84051,3.318431215632598e+16,0.20184945911433913,1.6533014657542136e-07,160089718309738.28,4589441401.18,2.8957850057274284,1.2608521099637702e-15,0.0010304165260153551,8.539473905843953e-10,817238213643.4412
287,54702.0,35.733692,2.74850001706244e+16,0.19409432270501836,1.58593236154001e-07,149289989197440.28,6865460312.37,2.8957850057274284,1.3001161280032185e-15,0.0011991151478576742,1.0085454640440712e-09,922313877991.2941
288,67652.0,12.751028,1.3796650219722472e+16,0.04358046980660663,3.203114196240173e-08,47154197946465.8,1625551010.86,2.8957850057274284,9.24211877298466e-16,0.000581827656685078,4.4150282087537704e-10,629539254987.5032
289,84295.0,28.294724,2.087291011952716e+16,0.07185279690828222,5.617611847489486e-08,53005534590237.18,2715698810.57,2.8957850057274284,1.3555715919808198e-15,0.0007830501041148823,6.31186340616814e-10,577653079149.1843
290,127691.0,4.4692564,1.202086964073104e+16,0.014750578467717082,1.2102910831783445e-08,39674336179459.58,522404565.11,2.8957850057274284,3.717914371899141e-16,0.000368392135055361,3.1189680553078625e-10,990856964968.7312
291,104607.0,8.438004,6751956983772452.0,0.014859829577216854,1.1761554537073545e-08,11890599967902.1,515713770.54,2.8957850057274284,1.2497123456621193e-15,0.0003724157557130744,3.0080934799297913e-10,298001181636.5326
292,109343.0,16.744946,2.9419321857255644e+16,0.06414878055071925,5.153917656840065e-08,112703476127786.31,2314050334.61,2.8957850057274284,5.691819166073067e-16,0.0007203691051767099,6.070177198841636e-10,1265621911304.872
293,77527.0,2.8632727,6823122670991846.0,0.0009297543576947408,6.064782754277352e-10,2215586394003.0747,18223461.4,2.8957850057274284,4.1964256515173856e-16,0.00010804781187945638,7.500965813048118e-11,257475815973.02307
294,38539.0,21.69492,1.120371833455859e+16,0.23067694898163124,1.7690787094666802e-07,119126485032696.06,5886644111.14,2.8957850057274284,1.936403553905905e-15,0.0010763926874619962,8.511171667857314e-10,555872088383.0298
295,199934.0,2.0113485,1.0524127056637698e+16,0.0021294175272842434,1.567929439119879e-09,11141908333523.828,53956398.2,2.8957850057274284,1.9111784656109956e-16,0.00012411118360464371,9.386512001569929e-11,649396096899.6472
296,77794.0,19.540924,1.773997268179392e+16,0.06219370470760362,4.869702049141811e-08,56461742673603.67,2696868222.25,2.8957850057274284,1.1015193963660581e-15,0.000767902970014939,6.332215443342243e-10,697130683806.6323
297,109827.0,27.147263,4.824198197581887e+16,0.10636987175174788,8.877720500697568e-08,189024338689980.88,4259220201.53,2.8957850057274284,5.627310879061203e-16,0.000948904044650374,8.309291301852982e-10,1686247774547.4736
298,49900.0,43.14292,3.0188328057887756e+16,0.1234015369877346,9.506467523548118e-08,86347564824849.64,6128156976.37,2.8957850057274284,1.4291258501388718e-15,0.001084376939747232,8.750689555155571e-10,758769383145.5504
299,51160.0,11.762972,1.354336962640084e+16,0.04754186130789996,3.606509038100685e-08,54737612264993.375,2629479366.45,2.8957850057274284,8.685410148645568e-16,0.0007009290296527063,5.445340404235258e-10,807018917537.258
300,89964.0,22.805569,2.063109752466158e+16,0.07215037337055952,5.6450144766298596e-08,65270960327662.05,2884323122.52,2.8957850057274284,1.105397760479739e-15,0.0007760715146273396,6.301664928797805e-10,702074440869.617
301,36616.0,61.982357,7.025390085970988e+16,9.671384591449602,1.0764565215790867e-05,1.0962030602737906e+16,16871098410.53,2.8957850057274284,8.82262141198005e-16,0.0016275398049623087,1.4071746385265217e-09,1844734947769.9531
302,57141.0,10.452175,9221385785141014.0,0.04730869467529438,3.9112901834757354e-08,41737889443329.83,1902343881.43,2.8957850057274284,1.1334711770591177e-15,0.0006127891995040637,5.06396610936335e-10,540630597324.9313
303,857.0,54.608593,8.754485229592603e+16,1.06544289579546,8.374020125675736e-07,1708046954115028.5,12351689236.41,2.8957850057274284,6.237784583313672e-16,0.0015424263751000694,1.2917267760611375e-09,2472715039288.344
304,58589.0,23.907742,1.6539937091886458e+16,0.4035718473444727,3.21622008871384e-07,279200476863686.4,4262618539.28,2.8957850057274284,1.4454554371750158e-15,0.0008542021261226802,7.0531919950742e-10,590957081175.8297
305,86686.0,15.756058,2.6898761838291692e+16,0.053083817778718706,4.239474858414302e-08,90624759816004.03,2093903725.11,2.8957850057274284,5.857540244685347e-16,0.000684096778701563,5.664477525588245e-10,1167890872490.8147
306,43102.0,39.213432,4.450440874004949e+16,6.94223032199691,7.0539272926860135e-06,7878929235719941.0,7739391189.9,2.8957850057274284,8.811134247181192e-16,0.0012287978419748909,1.0487976284722465e-09,1394596663157.1875
307,3601.0,21.26425,2.7994885278178188e+16,0.13646231314455376,1.0491221688318815e-07,179655844964041.06,3943380604.64,2.8957850057274284,7.595762507580386e-16,0.0008275353347931267,6.928102559544923e-10,1089469732587.4349
308,12393.0,15.715563,3.298112064650993e+16,0.03269074207891067,2.4648600708148928e-08,68605706873402.61,682349970.02,2.8957850057274284,4.76501789264187e-16,0.0004766090093036182,3.7011078306692767e-10,1000225014977.5867
309,44895.0,33.6383,5.1363950399102744e+16,0.13478224284223625,1.0844728439722243e-07,205805538211753.97,4684871977.61,2.8957850057274284,6.549009517108251e-16,0.0010040290557670939,8.374093969020566e-10,1533100621008.76
310,120352.0,9.919009,1.3269580856239176e+16,0.025712691678868665,1.8845988371786026e-08,34398259066434.56,952055854.13,2.8957850057274284,7.47499797277788e-16,0.0004471023761827524,3.5041254054904147e-10,598130431353.9485
311,105903.0,2.2344825,4039613217309621.0,0.0014957813401216752,1.0693791342833725e-09,2704150993243.678,68390350.43,2.8957850057274284,5.531426846573602e-16,9.440567643275862e-05,7.51223976429584e-11,170671472390.95724
312,69967.0,35.18531,3.906205747900486e+16,0.315180334254883,2.470227812519501e-07,349907172422701.56,5470846809.56,2.8957850057274284,9.007541402270337e-16,0.0009928152374308553,8.180974647634656e-10,1102204467448.3735
313,95580.0,15.616161,1.9298674704556852e+16,0.057835909194037353,4.6891854961520296e-08,71474442263883.92,2464784416.83,2.8957850057274284,8.091830780645612e-16,0.0006710286008475288,5.651857875693102e-10,829266724722.573
314,35548.0,27.721947,8276750412628034.0,0.30460002035265266,2.545454626293223e-07,90942326097814.31,5814952084.55,2.8957850057274284,3.349375735397792e-15,0.0011165775419078763,9.280212548805852e-10,333368851427.254
315,66254.0,7.5918856,4712704455914593.0,0.01859532086817744,1.4628357078625987e-08,11543147003508.78,631101096.41,2.8957850057274284,1.6109403148487157e-15,0.00038572464799568196,3.130026096467389e-10,239440682215.4088
316,41796.0,30.12056,4.249711053794319e+16,0.11040312270109015,8.95541087842435e-08,155767811394022.34,4564087146.7,2.8957850057274284,7.08767246025047e-16,0.0009686509483680972,8.269157720887999e-10,1366670022917.3206
317,73812.0,13.177187,9254311424373436.0,0.04651434070751681,3.6993903528497386e-08,32666926150988.918,2232304108.89,2.8957850057274284,1.4238970784249529e-15,0.0006473440553209237,5.477571818550248e-10,454628403365.3506
318,57358.0,71.979256,7.552657575785099e+16,0.2562882182185957,2.0538625924359293e-07,268918749717716.06,7900820069.66,2.8957850057274284,9.530321648736705e-16,0.0014683173113696905,1.2171605553154665e-09,1540679701575.7844
319,94519.0,13.85931,2.1984102972963348e+16,0.05821352090155926,4.440943287952175e-08,92340241896503.72,1598631503.46,2.8957850057274284,6.304241759167777e-16,0.0006223253052106322,5.034816749582389e-10,987153299293.4989
320,48305.0,21.56681,1.215600137375926e+16,0.13557291602665053,1.0934083711957907e-07,76414850108315.16,4325830341.37,2.8957850057274284,1.7741697567224309e-15,0.0010860020457868086,9.137302194186215e-10,612118452403.9397
321,19144.0,17.43358,7170589247854543.0,0.4634934663213108,3.587071711100158e-07,190639057844368.34,3471787114.9,2.8957850057274284,2.4312618387974416e-15,0.0007446012373869492,5.898645736560072e-10,306261228430.7667
322,31082.0,21.73558,6.750129454808162e+16,0.1547651853160528,1.3828442888617885e-07,480633613632915.06,3378172526.76,2.8957850057274284,3.2200241707242523e-16,0.0007893626575830622,6.745861285251268e-10,2451418423376.3613
323,58712.0,23.323618,4.48080514251124e+16,0.08102559583794082,6.273397649077795e-08,155661915962473.12,3286503448.44,2.8957850057274284,5.205229251930474e-16,0.0007992812212541782,6.46435654037344e-10,1535535098589.072
324,90248.0,8.843618,8583306340413831.0,0.012300898553113107,8.928053997575636e-09,11938821932802.057,399531102.1,2.8957850057274284,1.0303276673652566e-15,0.0003029113417744047,2.3490953203637416e-10,293995154521.0918
325,3019.0,6.0169096,4171864727952343.5,0.6426173281466577,5.459736926977506e-07,445563045332444.1,2731357473.89,2.8957850057274284,1.442259035794109e-15,0.0006593178605898666,5.251506656315115e-10,457142471793.8034
326,53447.0,28.76663,1.5915388665321084e+16,0.20582712223224947,1.6451829419243053e-07,113875648561920.55,6012253326.4,2.8957850057274284,1.807472667172822e-15,0.0010065415301590225,8.156476374192844e-10,556877870653.1786
327,23766.0,47.314342,5.932915632643672e+16,0.2893309392687585,2.3692117425093722e-07,362802478072102.2,6672314323.73,2.8957850057274284,7.974888727503615e-16,0.0010751377042136335,9.110362575632378e-10,1348153862643.5288
328,87185.0,5.9275827,8760581630568240.0,0.009924149905475455,7.812011515579473e-09,14667247976297.96,171917353.26,2.8957850057274284,6.766197668105648e-16,0.0002684645903655945,2.2579350473386521e-10,396773200450.6414
329,156933.0,1.2734001,6000581827760235.0,0.0006358288753123397,4.909256296982803e-10,2996185719448.6274,24967579.18,2.8957850057274284,2.1221277145308203e-16,7.616862433429153e-05,6.582956433265698e-11,358925732003.5123
330,99394.0,14.206074,1.764593612238059e+16,0.049915449134006834,3.9615593738347173e-08,62001987807371.84,1530845403.87,2.8957850057274284,8.050620778334472e-16,0.000760505357783316,6.353291842899071e-10,944654305205.8289
331,52512.0,22.518732,1.6728673595270474e+16,0.15047929579606004,1.2377272479768694e-07,111787778380170.11,2909762980.51,2.8957850057274284,1.3461158095861522e-15,0.0008028571217899429,6.616794386171017e-10,596425000042.7318
332,78594.0,17.701366,1.9835219234968804e+16,0.06773341787523399,5.488009546045636e-08,75898503713725.88,4308706878.41,2.8957850057274284,8.924209906786967e-16,0.0007968122301901204,6.762437184998752e-10,892865854246.8115
333,72317.0,15.392903,2.599172318941322e+16,0.3779609734359634,2.8832636998451126e-07,638206905997440.8,7570847754.89,2.8957850057274284,5.922232584513573e-16,0.0009166274396278086,7.440135209054842e-10,1547773456288.6921
334,32310.0,22.50852,1.1148050801650224e+16,0.17780372188326493,1.3797119543817385e-07,88062872382418.97,14580508042.49,2.8957850057274284,2.0190543082803416e-15,0.001310230542638847,1.1061406152652307e-09,648932788615.6711
335,24291.0,36.805542,1.4767438660723482e+16,0.24883724147337113,1.9316506864084345e-07,99840635411961.73,7078382991.0,2.8957850057274284,2.492344329006127e-15,0.001079347777649392,8.679290763739104e-10,433065273159.83014
336,68204.0,28.307266,6.596009595938196e+16,0.09655954580474452,7.644681826331893e-08,224997953072376.75,4076937966.48,2.8957850057274284,4.291574411509579e-16,0.0008874781408867258,7.353113501893638e-10,2067954684664.437
337,55466.0,20.485254,1.351863864129825e+16,0.17354492355171494,1.3884690044584522e-07,114525849156049.72,3297005175.13,2.8957850057274284,1.5153340912168002e-15,0.0008213494201688051,6.730987679793249e-10,542025303152.3026
338,61047.0,13.951728,1.690444398125577e+16,0.05528596548986135,4.298512473912158e-08,66986577330994.48,2727515245.6,2.8957850057274284,8.253290090741912e-16,0.0006568463424817764,5.363272370945257e-10,795859996752.7988
339,78191.0,26.705282,2.2852480363765724e+16,0.0849007100788676,6.765984304524125e-08,72651987346439.11,2931750786.64,2.8957850057274284,1.168594462172394e-15,0.000776364361577772,6.388444620933296e-10,664357385482.1509
340,114988.0,4.2283444,8552544829900184.0,0.003153716151403398,2.1449682292718698e-09,6378926646953.791,97019405.38,2.8957850057274284,4.943960521805705e-16,0.00014941935090744156,1.0573386988833348e-10,302226019500.7958
341,60921.0,19.245024,2.3690221967794276e+16,0.06597546832249189,5.343627659596596e-08,81214421399994.75,2205638698.16,2.8957850057274284,8.123614893166763e-16,0.0007630436824998148,6.372154968220414e-10,939290811460.8615
342,16145.0,91.17572,2.6381207997738036e+16,1.1381378297248264,8.955061720669969e-07,329314107045875.8,19259858600.38,2.8957850057274284,3.4560858626268193e-15,0.0020648831182970093,1.6955033105314934e-09,597462910463.5676
343,48634.0,11.995744,1.6617809504554886e+16,0.1925170268077651,1.5772670130484893e-07,266695527836766.66,3351991936.44,2.8957850057274284,7.218607239848313e-16,0.0007366188737061026,6.137238400389321e-10,1020444594408.4657
344,72016.0,16.710152,1.1025532774161448e+16,0.07750239054745851,6.229363101773958e-08,51136886549976.58,2109716903.24,2.8957850057274284,1.5155868058512845e-15,0.0007228958884250992,5.89794300116615e-10,476974255538.6383
345,71749.0,34.726406,3.9857035037633336e+16,0.1612089961613958,1.2102429502799483e-07,185026708735319.5,4389911959.79,2.8957850057274284,8.712741920519437e-16,0.0008466671768252422,7.07708832067366e-10,971757438185.1604
346,88060.0,13.3288765,1.2880175490283084e+16,0.03465191840952761,2.5949419383570348e-08,33485402178472.184,1366524916.64,2.8957850057274284,1.0348365602670104e-15,0.0005108270571894915,4.0546844233870695e-10,493630662853.35626
347,70652.0,23.112383,1.0975043303130762e+16,0.07237919294855867,5.716115649170833e-08,34369661356688.668,3147692258.62,2.8957850057274284,2.1059035815746546e-15,0.0007955458684129445,6.562708377583536e-10,377769369582.4802
348,33911.0,2.901354,1278485736145287.5,0.028588927974132403,2.0868102274654815e-08,12597751472799.69,1938973636.47,2.8957850057274284,2.269367516565151e-15,0.0005117850150499699,3.987886203828823e-10,225518789404.6324
349,80916.0,13.790754,1.3239085121438136e+16,0.04873937362342869,3.755311369288712e-08,46789661839095.17,2211520392.83,2.8957850057274284,1.0416697130882966e-15,0.0006698493765839017,5.256365991245607e-10,643053520868.8766
350,57422.0,28.966019,1.4053319826537758e+16,0.09663066380487123,7.608186938789746e-08,46881886789499.84,3829256728.09,2.8957850057274284,2.061151340575176e-15,0.0008656586632296101,7.040757521231271e-10,419987919464.4888
351,43599.0,37.183647,3.335455244048136e+16,0.1643332117138769,1.3495319525655638e-07,147410519678804.84,6720175626.19,2.8957850057274284,1.1147997583343793e-15,0.0012367362421159477,1.0564925192828873e-09,1109379718527.8848
352,57691.0,30.785812,2.692298414404252e+16,0.14902885905163896,1.2187563691219236e-07,130329568999252.75,4954846408.97,2.8957850057274284,1.1434769576541254e-15,0.00108117910103904,9.484630718140173e-10,945518922617.4779
353,84269.0,16.884125,2.043719058540234e+16,0.07261068034692042,5.7217176506826504e-08,87890744281136.31,4095123657.31,2.8957850057274284,8.261470640715077e-16,0.0008184680165035961,6.726393829809708e-10,990704987160.4374
354,853.0,190.96773,2.5927059696572268e+16,7.290920897676517,6.239825862874663e-06,989864315594290.9,48388448461.1,2.8957850057274284,7.365576052005897e-15,0.0031314914318468106,2.6223188837252733e-09,425152277260.6494
355,114647.0,11.726579,1.3068170012297114e+16,0.04165853958727969,3.177521585531318e-08,46424526521381.95,1450139327.36,2.8957850057274284,8.973390297926427e-16,0.0005622262984693709,4.4648990530174703e-10,626548361101.9242
356,51579.0,71.50387,7.134564849891289e+16,0.31419924230787183,2.5325580772764653e-07,313503992166048.94,10074457517.31,2.8957850057274284,1.0022176755613838e-15,0.0014920622326417997,1.2589362571813362e-09,1488760644543.6453
357,48186.0,61.482307,4.331396811081788e+16,5.700396890499812,6.041749708572594e-06,4015900202543054.5,10756053421.75,2.8957850057274284,1.419456809930201e-15,0.0015313785361836562,1.3388199070801767e-09,1078848278771.4822
358,53024.0,52.616783,4.7871609190113096e+16,0.1901698343428338,1.5228072689987555e-07,173019623594408.8,7895779731.84,2.8957850057274284,1.0991229225456436e-15,0.0011713056645472743,9.90444693216136e-10,1065673038493.6842
359,109672.0,4.0333056,7259444109075787.0,0.004118462855987477,3.1445355289048746e-09,7412716487028.836,158621978.86,2.8957850057274284,5.555942768341649e-16,0.0001792048297609996,1.2579556211702016e-10,322546212646.6236
360,65616.0,20.837797,2.250379117670946e+16,0.07255812349022411,5.896733273360318e-08,78359188315247.58,2418253395.32,2.8957850057274284,9.259682884707133e-16,0.0007727508186770195,6.529751858872826e-10,834532703007.8528
361,41311.0,46.34281,2.566979109380229e+16,0.49396767622100846,3.9725446023242655e-07,273614117393491.12,9718360195.46,2.8957850057274284,1.80534425974308e-15,0.0012635456359424923,1.027822274677472e-09,699891795774.3463
362,95737.0,11.010195,1.435739393764908e+16,0.03259037332468015,2.5952233618581932e-08,42498141803799.4,1181067199.64,2.8957850057274284,7.6686584263236e-16,0.0005212292585273307,4.252823170960525e-10,679687670972.7324
363,45623.0,71.18766,6.1976209796323304e+16,0.30901068638244533,2.490636337013162e-07,269025714970042.56,6283125243.26,2.8957850057274284,1.1486288082789979e-15,0.001408239506638043,1.1666000603138548e-09,1226017923708.55
364,70018.0,35.955086,5.529005119709432e+16,0.24397615867330533,2.035812601073474e-07,375175136666825.4,7252919172.54,2.8957850057274284,6.502993797533246e-16,0.0012013819980459576,1.0373984704033227e-09,1847429100273.2815
365,65112.0,107.12108,1.2780077267775642e+17,0.1940607585569637,1.5362572789570245e-07,231524130358016.25,5236096763.16,2.8957850057274284,8.381880465629165e-16,0.0012399445332984295,1.023270954567131e-09,1479315457173.316
366,160455.0,3.1267672,9036174342352856.0,0.006776780211376704,4.8385782608960795e-09,19584498478110.79,190439137.77,2.8957850057274284,3.4602776369029717e-16,0.00023180175208909132,1.8318986309520897e-10,669893506859.0602
367,86118.0,13.620883,1.6626636271414466e+16,0.03886494625502562,3.0116505555215613e-08,47441368161695.75,1427057621.2,2.8957850057274284,8.19220603473347e-16,0.0005260029813737938,4.225724789383118e-10,642077334412.2894
368,28748.0,15.544091,1.192385999924614e+16,0.11125055734726048,8.63493752210019e-08,85340215175454.0,3223313474.1,2.8957850057274284,1.303612337026998e-15,0.0008803948376919054,7.08621121323154e-10,675350188614.9089
369,1671.0,12.220908,2.051913028794135e+16,0.03609467190574447,2.868593883973946e-08,60603620903984.15,1778243492.43,2.8957850057274284,5.95586061811887e-16,0.000572371828101484,4.803243727567956e-10,961022872765.3887
370,24040.0,30.10785,3.188638350449612e+16,0.11334591884389718,9.165047638968353e-08,120041498709672.02,4460937342.81,2.8957850057274284,9.442227901371964e-16,0.0009442329447051387,7.948965780896882e-10,1000010754419.4531
371,49986.0,37.457737,1.6581007070856996e+16,0.1419303971220831,1.1147679099719106e-07,62826777769591.41,5560532389.054,2.8957850057274284,2.259074906604209e-15,0.0010005280686165362,8.275823537464285e-10,442892825594.928
372,55735.0,13.79484,1.5209176526178472e+16,0.25458876646112316,1.9696868650785943e-07,280690859095810.25,4616899852.8,2.8957850057274284,9.07007685541418e-16,0.0008518716280655598,6.730595694441574e-10,939211036075.2389
373,46507.0,24.694988,9852999313138230.0,0.03805575127504064,2.9569394186971536e-08,15183781064154.992,1095261541.67,2.8957850057274284,2.506342202528229e-15,0.0005514618161719697,4.5529379240478094e-10,220026545304.026
374,52195.0,32.088783,1.5910721637419108e+16,0.1177744516242471,9.449380258230569e-08,58396621517029.125,3693520189.45,2.8957850057274284,2.01680248899164e-15,0.0009403874117076939,7.671132636982525e-10,466276403783.034
375,157348.0,4.670516,1.0156547085634712e+16,0.006360605452388955,4.788591849961224e-09,13831831166049.598,172681270.93,2.8957850057274284,4.598527393828477e-16,0.00024072496501575588,1.8255884161532925e-10,523482724793.21204
376,32524.0,57.682724,2.414358226494717e+16,0.9911699249530036,9.056557696145179e-07,414862387942087.4,13701636895.24,2.8957850057274284,2.3891534970660338e-15,0.0015643495833585312,1.2645596876280642e-09,654771485080.2213
377,79008.0,10.770877,1.7657213895510542e+16,0.058143426701721776,4.470623905683203e-08,95317300707290.62,2426786169.66,2.8957850057274284,6.099986704436176e-16,0.0005813793059438315,4.57537787578058e-10,953082906756.2183
378,97508.0,12.925681,1.6700009720463916e+16,0.06112184750080902,4.82537250733175e-08,78969568210465.95,2661893914.33,2.8957850057274284,7.7399242373859725e-16,0.0007194310988510925,5.936973121160396e-10,929506642165.8774
379,163808.0,2.2000713,5892833845009190.0,0.003959702241863732,3.3071529739454843e-09,10605959628223.578,69882911.91,2.8957850057274284,3.733469087819782e-16,0.00015775285644282873,1.3064394968984948e-10,422536929413.68634
380,113480.0,8.951761,1.0880999837090056e+16,0.0429639035082002,3.158402740941244e-08,52223269485577.12,1340997613.4,2.8957850057274284,8.226965475623057e-16,0.0005088928562802396,4.003748458471273e-10,618566903906.57
381,29878.0,42.65654,1.5493786041874788e+16,0.11521251819116206,9.544706027234754e-08,41847700404192.93,3566586507.16,2.8957850057274284,2.7531385734069714e-15,0.000987183621284352,8.409760531319649e-10,358566630397.6577
382,19897.0,2.5493793,1532675803131200.0,0.10204344963486403,7.687568670782401e-08,61348080343867.78,7222273156.67,2.8957850057274284,1.6633519592282413e-15,0.0009940536314966845,7.736200670259156e-10,597620741648.6307
383,67604.0,19.076637,3.4604013173681184e+16,0.13410798175260766,1.1241099268514387e-07,243264804339623.94,3514995749.35,2.8957850057274284,5.512839480280034e-16,0.00078686053395879,6.803036651552984e-10,1427323499574.8872
384,75353.0,19.749447,1.2184089086136392e+16,0.07132237962233297,5.714189403400046e-08,44001142267616.086,2906154597.04,2.8957850057274284,1.620921093105911e-15,0.0007822334636744454,6.417587915253301e-10,482585776075.9822
385,14234.0,142.97005,3.436232667988e+16,1.9781031308976964,1.6607058002596297e-06,475429825969845.25,18682511903.86,2.8957850057274284,4.1606626737447475e-15,0.0018848820009782549,1.5317871050323256e-09,453024469604.93256
386,4013.0,23.187243,1.0563449566365344e+16,0.20817557291535949,1.6280940352488934e-07,94838880389557.8,9031398107.54,2.8957850057274284,2.1950446068138167e-15,0.0012699394758043986,1.0193000414818332e-09,578548368384.9868
387,103414.0,12.920274,1.7983223705077022e+16,0.03763901036315645,2.901878310404567e-08,52388265403532.06,1843635579.53,2.8957850057274284,7.184626189325748e-16,0.0005728312239554678,4.487627559294243e-10,797301361073.6315
388,47356.0,65.43335,3.444464503529516e+16,0.25646806472784034,2.1291402694485134e-07,135006865038081.7,9179066001.52,2.8957850057274284,1.8996668403158447e-15,0.0013023767777429335,1.0854979630570666e-09,685581676798.8623
389,9519.0,58.762924,1.1969604901883418e+17,1.954984836199897,2.18081551946098e-06,3982170131371617.5,8833526056.03,2.8957850057274284,4.909345336098241e-16,0.00116893594112903,1.0812869369548776e-09,2381042401995.8135
390,101934.0,11.127323,1.527467765492353e+16,0.048499853564332465,3.89570437396621e-08,66576626696840.96,2091380936.73,2.8957850057274284,7.284816905064637e-16,0.0007031878967908773,5.820267067362892e-10,965278751621.0581
391,55885.0,12.276955,5.35621410422903e+16,0.11506955250142543,9.238643049635825e-08,502027709701190.44,4326114505.26,2.8957850057274284,2.2920956408943133e-16,0.0006305681548365726,5.593634482829018e-10,2751055163608.016
392,5372.0,88.13614,4.3080422068975064e+16,0.39496867601921326,3.213110556300813e-07,193058344362845.66,10245273090.85,2.8957850057274284,2.045851358161888e-15,0.001472851628486404,1.228105969888532e-09,719921133375.8381
393,27249.0,15.108612,1.5814442449217292e+16,0.04112616433365536,3.2305029303215795e-08,43047459224688.91,1648392385.36,2.8957850057274284,9.55367983949872e-16,0.0006057434363024568,4.951804072373204e-10,634042009444.4363
394,9763.0,172.25272,5.2312799085145496e+16,10.944492068802264,1.0513863993923932e-05,3323819877469692.0,40358423715.59,2.8957850057274284,3.2927452365842167e-15,0.0026520048965708873,2.2238578129333547e-09,805408468018.008
395,24842.0,46.6443,1.9465088878659884e+16,2.2108079604470987,1.7425027352424019e-06,922590186662712.5,8030054251.55,2.8957850057274284,2.3963055237388328e-15,0.0011946803643241596,9.286163476020294e-10,498550937052.53455
396,7578.0,1.3206503,295006474871488.25,0.0088873239327699,6.47728937528352e-09,1985247801365.3271,757127103.29,2.8957850057274284,4.4766824205309605e-15,0.00026406908989162444,1.8686854838973171e-10,58987675489.454155
397,67187.0,22.754847,3.3023808852309796e+16,0.2508644458747134,1.9933240644741283e-07,364076256298587.8,5713510104.91,2.8957850057274284,6.890436866857183e-16,0.0009916706833993508,8.105882228619948e-10,1439198562531.2964
398,50166.0,66.71785,5.560190200120537e+16,0.30103809093189,2.4252704311969535e-07,250881742001951.5,6801707199.0,2.8957850057274284,1.1999202832765262e-15,0.0012575248460367971,1.0319367648248704e-09,1048006991433.6099
399,37509.0,37.185997,1.5982753697010288e+16,0.1707645186088611,1.3505818931744364e-07,73395564494719.8,5039575712.76,2.8957850057274284,2.326632675754489e-15,0.0009899118995274124,8.295218594900264e-10,425469782937.00793
400,82636.0,14.098434,1.8159524670561396e+16,0.047104280144254156,3.780742825920517e-08,60672790848162.19,1717783686.06,2.8957850057274284,7.763658055904473e-16,0.0006271394125655515,5.24061958257683e-10,807788555407.325
401,77069.0,15.882092,1.3409749429233926e+16,0.055239851129889106,4.378160541590906e-08,46640742426123.555,1745988054.75,2.8957850057274284,1.1843690356641745e-15,0.0006734729989224951,5.727324973315617e-10,568634419376.5778
402,10236.0,129.7247,3.8116090222281736e+16,1.4809602819751309,1.108370873254513e-06,435140075277721.9,20519807374.59,2.8957850057274284,3.403410455885796e-15,0.00170980259319835,1.3366427112756624e-09,502379191508.16754
403,81169.0,14.93748,3.8584819759881416e+16,0.15612404205688127,1.2615232702167983e-07,403282081244554.56,3418061300.56,2.8957850057274284,3.871335953610247e-16,0.0008125927252802893,6.515984853554659e-10,2098998214098.415
404,31854.0,0.1706888,123715322529301.0,0.12476121091105946,1.1683150559341531e-07,90426984354028.31,1364651146.03,2.8957850057274284,1.3796900538296193e-15,0.00043528035877047103,3.6812148722281635e-10,315491408785.80597
405,74953.0,21.94037,1.9438710922491516e+16,0.0932733987321596,7.27525708055924e-08,82638288903639.14,2830507727.54,2.8957850057274284,1.1286947003576223e-15,0.0008265054181891002,6.810451054178694e-10,732266588943.1617
406,32211.0,58.72389,2.3874305303374504e+16,1.3325038414154464,1.3278426185075125e-06,541731883359084.2,10548101207.4,2.8957850057274284,2.4597109425294858e-15,0.0014263313477561438,1.2649616661214816e-09,579877628340.0812
407,74279.0,31.562056,3.662402626163342e+16,0.16722496989037988,1.3571592280752908e-07,194044763397737.2,4210485877.28,2.8957850057274284,8.617855332051179e-16,0.0009239979612818964,7.741482990361233e-10,1072190151354.0156
408,104285.0,7.45151,1.6461420246311598e+16,0.02261021651437127,1.7007732265233825e-08,49949107751738.92,663441084.3,2.8957850057274284,4.526650731530659e-16,0.00039485454022508866,3.2192308266309333e-10,872288505659.837
409,76724.0,30.886742,2.7609296927514676e+16,0.07401198110070141,5.7935473407573855e-08,66158443075765.95,2420177196.42,2.8957850057274284,1.1187080236447134e-15,0.0007861187752938895,6.447512238719144e-10,702702366192.6914
410,53508.0,55.23289,2.7612237674887012e+16,0.23881971577782346,1.9523557757840454e-07,119391665971239.7,7864141150.93,2.8957850057274284,2.0003047435099267e-15,0.001376897538490904,1.1754693638460384e-09,688343885079.6641
411,71599.0,21.554106,1.8116177655402464e+16,0.1582954956304651,1.3038026312702792e-07,133047008346877.88,4587953057.74,2.8957850057274284,1.1897711763481357e-15,0.0009683039997845378,8.133070392795361e-10,813857335791.7733
412,67418.0,34.771015,1.1916677559669458e+17,0.1374917741270648,1.0682984342588088e-07,471210040713259.2,8528970032.42,2.8957850057274284,2.917844745390969e-16,0.0011663404262386662,9.480981889667748e-10,3997266914495.773
413,856.0,15.358638,5968629626913208.0,0.22339705266590895,1.7148742794806864e-07,86815918645053.97,3615351587.88,2.8957850057274284,2.5732268477082597e-15,0.0008642966673817119,6.991417548333054e-10,335880479465.4862
414,39843.0,28.437578,1.5850256194727578e+16,0.7335857803261665,6.015897721265988e-07,408878792665777.8,6553300594.49,2.8957850057274284,1.794139959041133e-15,0.0009206867377995501,7.220243760674727e-10,513163275339.79315
415,72645.0,10.810293,2.4698541623360544e+16,0.05915877856128167,4.454511140481558e-08,135161512706730.95,4174847275.12,2.8957850057274284,4.3768952697090966e-16,0.0006899875546686323,5.380130058062698e-10,1576431493446.4749
416,39517.0,33.519146,2.3432320244134908e+16,0.1272131846909101,9.782367002015188e-08,88931265819054.16,8320464313.08,2.8957850057274284,1.4304663665728885e-15,0.001012802233698482,8.357118207567842e-10,708022402599.338
417,72191.0,19.300598,1.2933241600508616e+16,0.1073003680829367,8.466594580592147e-08,71901481199708.11,3219056752.05,2.8957850057274284,1.4923248630290013e-15,0.0008974722436391841,7.383497117122614e-10,601392006441.2563
418,50618.0,9.770871,7124497461420987.0,0.09812218847927759,7.408093480253108e-08,71546465277218.88,3963255190.58,2.8957850057274284,1.371447046322786e-15,0.0008005313228903427,6.421208712143691e-10,583712892916.1208
419,3600.0,30.707998,1.6290302687899648e+16,0.16605970757170146,1.315401459672537e-07,88093105275280.98,4059964298.46,2.8957850057274284,1.8850477236871565e-15,0.0009804397037272397,8.011824462220454e-10,520113995739.8522
420,18425.0,0.16829132,65294534866682.914,0.014629073762312338,1.0905297743011745e-08,5675863537350.466,359458636.31,2.8957850057274284,2.577418161314938e-15,0.0003505579519231316,2.621314908232246e-10,136011283378.35767
421,108815.0,17.481716,2.8972830078697532e+16,0.05391982031463368,4.414801657456374e-08,89362496899605.56,1651019776.69,2.8957850057274284,6.033830990108746e-16,0.0006676597720021022,6.476226602859685e-10,1106527135242.2637
422,37239.0,18.476261,1.1412445801319126e+16,1.9993399686553002,1.5623663810973474e-06,1234955439885250.2,5807968040.47,2.8957850057274284,1.618957173743107e-15,0.0008600098845322187,6.640527487745839e-10,531212250997.2481
423,58558.0,73.252205,9.706709712746187e+16,1.346425747950064,1.436072661281478e-06,1784159792202628.8,12822810446.35,2.8957850057274284,7.54655358692866e-16,0.001612533250550362,1.3621900396030919e-09,2136781024577.1274
424,25373.0,57.006897,4.683085139848701e+16,1.237034941329864,1.0800618406819129e-06,1016217380015526.1,17289740125.06,2.8957850057274284,1.2172936279745228e-15,0.001545212850100759,1.2841087056913052e-09,1269383831961.6172
425,73792.0,53.389446,5.844056279467086e+16,0.7067052871152335,6.61595577974355e-07,773565897443170.9,8487874859.87,2.8957850057274284,9.135683067868834e-16,0.0012695614358693237,1.105133197686606e-09,1389673247679.2085
426,9.0,59.917706,3.1809794936143616e+17,0.34556952363694354,2.7449811811730515e-07,1834598888527542.8,6986451261.75,2.8957850057274284,1.8836244031211595e-16,0.0013709825084359361,1.1451584115939087e-09,7278428258649.774
427,97176.0,4.131884,8927045922615389.0,0.004968033167262915,3.911308386636375e-09,10733568568050.898,118862824.84,2.8957850057274284,4.628500890235666e-16,0.00019710652059112357,1.6691547156024047e-10,425853910943.2636
428,48035.0,16.248323,9981909844398898.0,1.127915398391844,9.894959334146285e-07,692917651800536.8,7921668077.3,2.8957850057274284,1.6277769738741272e-15,0.0009832734153532535,7.684704362710598e-10,604059051783.3976
429,12392.0,32.236,6088248241730240.0,0.4077967759048719,3.1195090389958025e-07,77018488766785.5,8655608609.85,2.8957850057274284,5.294790672142294e-15,0.0011353798939885906,9.116275735157663e-10,214433386377.71136
430,108591.0,9.579125,8829674629653210.0,0.0313481656602911,2.3506659711484214e-08,28895551839738.836,1108294468.86,2.8957850057274284,1.0848785942609784e-15,0.0004912898496454531,3.8049385016581935e-10,452852376518.7945
431,38797.0,12.031543,1.0618836223936248e+16,0.036064721786519656,2.7884384494724565e-08,31830113071355.664,1052755791.69,2.8957850057274284,1.1330378156581157e-15,0.0005477016776333219,4.4623500342072344e-10,483392231101.4782
432,19145.0,31.94188,2.8566743784517024e+16,0.18351659234044276,1.4584412939136364e-07,164125326173571.75,5625220167.56,2.8957850057274284,1.1181491401659953e-15,0.0009666528652936415,7.908870260337993e-10,864511566990.193
433,22385.0,42.687874,3.651163975901233e+16,0.7634885251453101,6.007789792033416e-07,653024275470949.6,9198078209.68,2.8957850057274284,1.1691579529638398e-15,0.0012069669256243886,9.653689996752632e-10,1032338635309.8846
434,93422.0,27.769457,3.037097607768864e+16,0.10825219883105612,8.931653407205821e-08,118393562432826.81,3488552621.37,2.8957850057274284,9.143419338570488e-16,0.0009290343473356582,7.786477361467281e-10,1016068839166.7996
435,86386.0,13.264492,2.1075540009118132e+16,0.09641884562080287,8.213017003962087e-08,153196913874592.06,3547006609.03,2.8957850057274284,6.293785115001202e-16,0.0007053648272242059,6.17007935449698e-10,1120732300731.038
436,48719.0,64.57053,5.037606725302157e+16,0.1276362623781308,1.0418967259560553e-07,99578134754121.16,3373610794.28,2.8957850057274284,1.2817699657991277e-15,0.0010103349311594127,8.654167767624069e-10,788234205916.592
437,44011.0,22.74066,2.6501470676179388e+16,0.9030970851428824,9.994990766539075e-07,1052449705490393.9,7678239154.38,2.8957850057274284,8.580904915756332e-16,0.0013095180123652613,1.1740605817136426e-09,1526083816592.2488
438,31083.0,13.337055,1.1711959398998862e+16,0.0674703315991628,5.240452353059987e-08,59249195892675.305,2601619953.57,2.8957850057274284,1.1387552283642694e-15,0.0007020627921311528,5.678516937642315e-10,616517733261.7913
439,53238.0,22.565329,2.3439989042226956e+16,0.24460765276078653,1.9393887198627715e-07,254088947710786.44,7950335481.91,2.8957850057274284,9.626851343381064e-16,0.0008701718600359471,7.56755525540065e-10,903900796841.7765
440,21390.0,0.22242174,104885252182129.02,0.06543999944867895,5.166474177190022e-08,30858902753719.465,5770821031.11,2.8957850057274284,2.1206197761127906e-15,0.0007707393384265417,6.316647318136424e-10,363450038101.2894
441,23683.0,107.4064,3.151162645641029e+16,0.40695079504690634,3.1579708919501434e-07,119394015995855.88,13219697993.9,2.8957850057274284,3.4084689391889746e-15,0.0016482769768015888,1.365552274723607e-09,483582806887.4193
442,60195.0,40.56189,2.5904459862668176e+16,0.13684313419443758,1.1052336213529005e-07,87393547914594.8,4303687804.49,2.8957850057274284,1.565826510764471e-15,0.0010281578376492063,8.723973468225249e-10,656623087283.94
443,62635.0,23.204348,2.1713494841503196e+16,0.46245162586145494,5.0035404105797e-07,432739631063431.25,3165512613.58,2.8957850057274284,1.0686602119732096e-15,0.0007775338873570621,6.638786376258019e-10,727578213023.7616
444,69049.0,20.696321,1.6695920297541658e+16,0.08458446244675946,6.45368890390935e-08,68235095668524.92,2329492027.12,2.8957850057274284,1.2396034858316478e-15,0.0007045005682684857,5.688890469031254e-10,568327353319.6283
445,63669.0,7.413116,9318553912370016.0,0.020015514400183988,1.567161938355187e-08,25160222775676.637,596504344.95,2.8957850057274284,7.955221453577017e-16,0.00038847374214098085,3.067032249597627e-10,488325490884.111
446,19748.0,12.566125,1.1264418517387626e+16,0.05167916057431741,3.94465191458273e-08,46325792027087.875,2039331087.32,2.8957850057274284,1.1155591369943397e-15,0.0006775054555863257,5.409049107837609e-10,607323657813.1881
447,33829.0,30.01077,3.783533319000771e+16,0.13034495595185952,1.0480414256859273e-07,164329167098194.53,4839300432.97,2.8957850057274284,7.931942834832978e-16,0.0009530438338415096,8.187501736382139e-10,1201526351975.503
448,16278.0,32.617977,7704319300933314.0,0.22188186296010542,1.761168993085812e-07,52408177224804.0,8626365688.48,2.8957850057274284,4.233726008220948e-15,0.001352490554036897,1.1182328112292866e-09,319456325565.3916
449,118424.0,2.6837468,5029260063799889.0,0.002200421845116357,1.5611343969995757e-09,4123523765042.424,83991870.18,2.8957850057274284,5.336265705003687e-16,0.000134364285327392,9.577724382798136e-11,251794593364.04828
450,14376.0,32.614082,1.1054103987194798e+16,0.07318402722271332,5.682847707562879e-08,24804740698253.223,2681467078.98,2.8957850057274284,2.950404848532322e-15,0.0007636689229929594,6.239223000159997e-10,258835299627.7261
451,45450.0,42.220413,1.4495866555941594e+16,0.4303112116980661,3.3769100839379203e-07,147742133699656.12,8385519190.59,2.8957850057274284,2.912582896446064e-15,0.0012485247633607565,1.0215403218215782e-09,428665829523.41284
452,92964.0,17.443966,1.9856731613210052e+16,0.05140241088026582,4.008293764797598e-08,58512145524784.15,1692742750.6,2.8957850057274284,8.784913015793134e-16,0.0006050989719383324,4.83982415860888e-10,688793356121.4685
453,75891.0,18.210533,1.6290251587582922e+16,0.02693866920850527,1.9758097674947806e-08,24098015079581.918,565425385.27,2.8957850057274284,1.117879174676516e-15,0.00045432958698984346,3.6189057459727766e-10,406421013363.3755
454,31473.0,43.56697,1.4566570682915612e+16,0.6661966486790506,5.154588513495557e-07,222742150112915.62,25433061921.99,2.8957850057274284,2.990887213494764e-15,0.001533837097765,1.3009134375321755e-09,512836823416.272
455,85657.0,33.902683,3.1198076357285464e+16,0.1012917913772024,8.351040789485044e-08,93211178647784.0,3169267198.41,2.8957850057274284,1.0866914553237495e-15,0.0009277826039834879,8.009992610943767e-10,853768196518.1927
456,55115.0,11.459392,2.586355674592398e+16,0.06078213899444169,4.608450411040487e-08,137183744217963.86,5558815003.07,2.8957850057274284,4.4307100189559064e-16,0.000753048743264274,6.016976941451524e-10,1699611890741.0
457,17955.0,59.170666,3.851953896638949e+16,0.5707978906462294,4.768538662724414e-07,371583980323634.7,7610211928.47,2.8957850057274284,1.536120825631631e-15,0.00145382886897065,1.2162259228878528e-09,946428721433.9773
458,30617.0,55.006447,4.2763697865535736e+16,11.349723311596607,1.0650077232482194e-05,8823622775609285.0,16373467711.31,2.8957850057274284,1.2862883647938917e-15,0.0016659507896628748,1.4547240634819107e-09,1295161205885.4458
459,37687.0,39.855335,4.451760799183698e+16,1.3661291376817744,1.3704561579011073e-06,1525938783792521.5,7279705436.4,2.8957850057274284,8.952712600216103e-16,0.0013072326789989165,1.1507319354106173e-09,1460152623426.5156
460,40306.0,38.9708,2.5481783639696776e+16,0.19300058707589882,1.5585654821992596e-07,126197029627375.16,6416028782.6,2.8957850057274284,1.5293591905116629e-15,0.0011039563475412405,9.054880791223889e-10,721842425501.0365
461,52651.0,32.48434,2.062578934976956e+16,0.10028155135811473,8.138966374699891e-08,63673331641664.01,3323513737.41,2.8957850057274284,1.5749380277833066e-15,0.0009356197525053731,8.031888688353766e-10,594067662346.206
462,74322.0,6.813855,6421605372177511.0,0.004626814303299307,3.312759018765446e-09,4360464903660.9336,91601850.58,2.8957850057274284,1.0610827986288234e-15,0.00018471946246835058,1.4189924291963372e-10,174085813762.18045
463,11693.0,38.687218,3.958318282161276e+16,1.228970900309105,1.0002176953221534e-06,1257432876909818.8,17926038644.61,2.8957850057274284,9.773650131761625e-16,0.0012768192685161204,1.0370766157469052e-09,1306389374801.555
464,53387.0,48.308857,2.8190565280455852e+16,0.20950764828205165,1.733226429112394e-07,122257892287742.61,7280350011.77,2.8957850057274284,1.713653363080729e-15,0.0014021529243542004,1.197348158436145e-09,818224358882.8682
465,16460.0,45.14384,2.27563351594059e+17,0.18904848117363965,1.4696880239940832e-07,952965144073694.4,8169795890.13,2.8957850057274284,1.983792191658798e-16,0.0012892627278690719,1.0446867355698109e-09,6498980756603.454
466,43674.0,11.949398,1.498894641455763e+16,0.13639455358498487,1.0710221777549865e-07,171089008410536.44,3698102561.2,2.8957850057274284,7.972140048745824e-16,0.0008581423958482971,6.931719680452983e-10,1076426644039.3253
467,77379.0,22.481169,4.989856415004847e+16,0.15925744773289024,1.2741628222133876e-07,353483307388179.6,5791250687.11,2.8957850057274284,4.505373928676095e-16,0.000836589916354946,6.926881999643011e-10,1856871215572.5068
468,39956.0,22.107504,2.1362368326886492e+16,0.24989990037998475,2.0873889309305674e-07,241476998795046.06,6849305112.99,2.8957850057274284,1.0348807614264232e-15,0.0010666828634791313,8.79151150093579e-10,1030730208965.2085
469,105209.0,2.7954257,5879281856386672.0,0.0015912355414362033,1.2708229288880351e-09,3346653873863.824,48592797.32,2.8957850057274284,4.754706047922035e-16,9.256103746074372e-05,7.855082183543446e-11,194672470869.56296
470,41062.0,49.348114,2.643237391245704e+16,0.29362331492925475,2.48641182104403e-07,157273715660646.94,10497662687.18,2.8957850057274284,1.8669573214815655e-15,0.001521863087691628,1.31484859897913e-09,815156870583.3724
471,8914.0,20.969505,1.9066384064179988e+16,0.07066390353980158,5.8309776533352485e-08,64250688052198.875,2814018799.06,2.8957850057274284,1.0998155145419213e-15,0.0007781614826536105,6.79242269448013e-10,707538193783.0898
472,26124.0,83.64228,2.4471876484823964e+16,0.4545074580220488,3.5855394772257444e-07,132978804190259.89,10630192348.36,2.8957850057274284,3.41789400791844e-15,0.0013512054295539146,1.102404032710598e-09,395332747716.4289
473,17567.0,0.8629598,483823352222340.5,0.04581647093269109,3.484115920699931e-08,25687266722797.543,2435137116.87,2.8957850057274284,1.7836257717536292e-15,0.000612469745728511,4.872997407449617e-10,343384669266.3235
474,40137.0,0.6633059,526132419937528.5,0.03035811910707609,2.3265317372870027e-08,24079976780784.953,2238159700.22,2.8957850057274284,1.2607204476750532e-15,0.0005519356843464718,4.506956274400711e-10,437793870452.66003
475,171560.0,1.8024297,5930934344635221.0,0.0007501267745803797,6.530099856095007e-10,2468308556050.3228,10690212.46,2.8957850057274284,3.0390316183998453e-16,4.61943189043375e-05,4.2707961684016334e-11,152003416564.1896
476,40564.0,19.63109,7918935859019143.0,0.2817920739389289,2.2754117254735108e-07,113671393646626.73,5644590258.19,2.8957850057274284,2.4790060621139507e-15,0.0009226906435734295,7.338391351745041e-10,372201850441.0647
477,23923.0,113.530914,3.233559071192478e+16,0.24362329039359032,1.9004959552557296e-07,69388175682788.32,8100143804.49,2.8957850057274284,3.5110202566403668e-15,0.001414499651657472,1.150928628843704e-09,402874249723.3501
478,168362.0,4.43997,1.3851325513490084e+16,0.005659460499945125,4.127635363752929e-09,17655756596436.297,152310529.08,2.8957850057274284,3.205447735435734e-16,0.0002218552262145214,1.6664591296194189e-10,692119306023.7603
479,26347.0,23.138618,1.471683315847291e+16,0.3754664319798536,2.975203145156076e-07,238807556961899.03,8939393743.18,2.8957850057274284,1.5722552366287052e-15,0.0013002779581751773,1.0630987981378163e-09,827014550743.8646
480,40633.0,61.904823,2.2426940107927056e+16,0.24182727709333895,1.891601599417198e-07,87609423579732.92,4527087903.18,2.8957850057274284,2.7602884166136888e-15,0.0010510999785078709,8.577339485025543e-10,380793533089.327
481,30288.0,35.321064,5.789595407308944e+16,0.20943917278704954,1.749421224164665e-07,343298852174579.56,6180972892.46,2.8957850057274284,6.100782786204666e-16,0.0012237739300886511,1.0262585489920774e-09,2005929358533.9534
482,49846.0,15.779213,1.5952344660831914e+16,0.19726874657012158,1.5915278016627687e-07,199433205958806.88,4966654964.2,2.8957850057274284,9.891469458243962e-16,0.0008414160268450647,6.984127016111547e-10,850648157381.5037
483,112724.0,21.646774,4.619968732180159e+16,0.08377108596774485,6.709026718362703e-08,178788672081926.53,2355994026.98,2.8957850057274284,4.685480628736833e-16,0.000835878568021189,6.891386905162832e-10,1783976147280.6152
484,78260.0,19.857346,1.387528266998899e+16,0.06291804865656787,4.8832247259063173e-08,43963866578846.95,2127465355.46,2.8957850057274284,1.431130916197454e-15,0.0006883533929488207,5.444601153553545e-10,480985621341.88995
485,41879.0,14.385932,1.2069523539360818e+16,0.3993396412383451,3.1536515519229045e-07,335038369438011.4,4873570826.4,2.8957850057274284,1.1919221130051217e-15,0.0009326710191469112,7.678793576812016e-10,782493259392.1122
486,126652.0,13.621469,2.2778976732630612e+16,0.04013157391811986,3.190675847045875e-08,67111424511166.74,1522418019.29,2.8957850057274284,5.9798423607358125e-16,0.0005790351676645383,4.802516474500718e-10,968311759297.4285
487,32687.0,16.40249,1.2736308600168014e+16,0.3576937779622902,2.785119510185664e-07,277744314460042.62,4690062593.79,2.8957850057274284,1.2878527456364886e-15,0.000851997776791056,7.031671551017705e-10,661564592441.023
488,38634.0,11.062007,5163676441745478.0,0.10549506857269503,8.857564427990457e-08,49244445452723.82,1812642066.38,2.8957850057274284,2.1422734605463988e-15,0.000592915133860707,4.718874598808092e-10,276769116912.59094
489,27494.0,56.234776,1.6548703272371094e+16,0.641007546660769,4.93842056623147e-07,188634941571379.88,9187317955.58,2.8957850057274284,3.3981379129497616e-15,0.0011092024840420696,9.009902855418484e-10,326414793176.8972
490,166856.0,0.6299457,3452077783608691.0,3.6696506496289633e-06,3.35336297832673e-12,20109541951.297302,4449745.5,2.8957850057274284,1.8248305498535872e-16,1.27735006367291e-06,1.2686663463555587e-12,6999828360.914915
491,0.0,38.366302,4269459700034763.5,0.22925771111588816,1.7400953859063443e-07,25512142362104.547,8228680791.71,2.8957850057274284,8.986219497443108e-15,0.0013348730955288891,1.0782354645198942e-09,148546682607.59787
492,18802.0,38.871956,1.1389418302282576e+16,0.10777408937468001,8.886879613282064e-08,31577628510276.63,5808821808.39,2.8957850057274284,3.412988703049882e-15,0.001012174141900552,8.883787977995662e-10,296565336121.9927
493,64418.0,41.446644,6.2851899493142104e+16,0.24382219422324464,1.9095578194720707e-07,369744967662924.56,5518359641.91,2.8957850057274284,6.594334353335228e-16,0.0010792196525174263,9.073229250492949e-10,1636586188523.467
494,121512.0,10.428868,1.5815279640016916e+16,0.031326280089003795,2.5007088371982455e-08,47506007333594.51,1384345487.22,2.8957850057274284,6.59417236835456e-16,0.000547236899420059,4.70461901826871e-10,829879579803.2965
495,89724.0,13.21602,9063234016759830.0,0.01829211827227033,1.3778912140106728e-08,12544302185062.863,495824715.37,2.8957850057274284,1.4582013413270357e-15,0.00034447411680532577,2.611166226166482e-10,236232204046.55313
496,19637.0,16.77835,2.9698482182526908e+16,0.7787778378153529,7.646186061195754e-07,1378474029955632.8,6457554215.6,2.8957850057274284,5.64956481509063e-16,0.0010173824890065374,8.465609547160589e-10,1800815677499.607
497,70797.0,28.45596,2.523297723923939e+16,0.7066768575688372,7.46683668286171e-07,626637128479646.8,4304770417.64,2.8957850057274284,1.127728992508605e-15,0.0008668886473376692,7.426269075489898e-10,768702989012.7211
498,82595.0,25.029139,3.759292904648631e+16,0.08444975827748945,6.85074002628265e-08,126840710378354.62,3407908311.72,2.8957850057274284,6.657937977923908e-16,0.0007942051912087644,6.733540063603227e-10,1192869614950.0857
499,84179.0,19.686033,3.549433095087704e+16,0.14036826486204648,1.1915997541953646e-07,253086929602009.84,5054317994.2,2.8957850057274284,5.546247097105396e-16,0.000869313235612408,7.627715286134185e-10,1567390021382.3962
500,59949.0,43.127697,2.7941089076137804e+16,0.161059100905568,1.28254453824474e-07,104345165588719.98,4636522725.7,2.8957850057274284,1.5435224046736185e-15,0.0010638286959817613,9.001590583977424e-10,689221415096.1486
501,43814.0,86.53635,4.473603509767354e+16,0.6395809204061191,4.919482016289026e-07,330639257411371.0,9568716345.78,2.8957850057274284,1.934376835387011e-15,0.0013710807552925375,1.1339431770951938e-09,708797133118.1833
502,70944.0,7.171523,8573458750188514.0,0.4160494521977617,3.467238911705959e-07,497381492948713.7,2337743783.14,2.8957850057274284,8.364795596459027e-16,0.0005129681668784891,4.0248721807658623e-10,613246505504.137
503,71545.0,14.389303,1.1074084998195932e+16,0.12081260098848012,9.43720013903855e-08,92978027650092.5,2839868575.75,2.8957850057274284,1.2993672165550604e-15,0.0007230739031478363,5.781770870930336e-10,556481565746.1958
504,68038.0,16.592564,2.0403264162024344e+16,0.3595296189221979,2.897197702201576e-07,442100316077825.6,4078830742.69,2.8957850057274284,8.132308569960573e-16,0.0008032839648776853,6.517063383225674e-10,987768673516.504
505,59686.0,32.700607,3.864809754035983e+16,0.09280748029272402,7.195333693462935e-08,109687032746157.31,3848729094.83,2.8957850057274284,8.461116867615818e-16,0.0008565884752756824,7.087459995369062e-10,1012382276096.6696
506,13831.0,60.46941,3.959476912778704e+16,0.350679076302695,2.775073598839673e-07,229621176461798.16,8200148510.24,2.8957850057274284,1.527207035981009e-15,0.0014914837864132204,1.2378213644594463e-09,976608770961.5339
507,92999.0,2.5470273,3969426082805775.0,0.0017007943534224597,1.2401780027159095e-09,2650610563916.569,39672706.49,2.8957850057274284,6.416613502472988e-16,0.0001146321686359185,8.456874957248306e-11,178649015702.34644
508,43872.0,17.872458,2.8519936336395076e+16,0.20595716661563704,1.5705864779799074e-07,328655704766646.06,14928249643.58,2.8957850057274284,6.266654241157077e-16,0.0010545653203407254,8.589075751260054e-10,1682820337229.9192
509,21834.0,35.13672,2.978753150998899e+16,0.19760429108962924,1.6579630037935436e-07,167521158700680.3,5283293423.166,2.8957850057274284,1.1795781059674985e-15,0.0011092879962475092,9.582827952071571e-10,940410805045.9813
510,86621.0,15.513345,1.7914020870333572e+16,0.16428958551727532,1.304820730006125e-07,189713247770543.5,3349244441.51,2.8957850057274284,8.659889989126227e-16,0.000800625268308994,6.712599466551902e-10,924521292203.8241
511,63847.0,9.894304,5957834361646662.0,0.1424831289447461,1.1617784627159877e-07,85795916679125.72,2972773814.64,2.8957850057274284,1.6607215641465657e-15,0.0007063170906578049,5.898551269447598e-10,425307351880.3718
512,47573.0,15.797545,8554718583559815.0,0.10672555057157114,8.819538712165438e-08,57794236434539.195,2725671244.5,2.8957850057274284,1.846646952286568e-15,0.0007403551873328022,6.054816370921116e-10,400918641441.4918
513,54095.0,113.20822,1.1076936844198862e+17,1.767752012225226,1.5204494558034692e-06,1729669223279394.8,13625781460.46,2.8957850057274284,1.02201738253377e-15,0.0017657360562991122,1.471433561519498e-09,1727696697214.2158
514,4636.0,0.12698409,31722188079416.38,0.618080645879992,4.585555569876983e-07,154404150132920.28,31745520408.27,2.8957850057274284,4.003005394271536e-15,0.002352545265949195,1.8415733965766015e-09,587694752876.3722
515,63809.0,43.02153,5.846103099477667e+16,0.6632224456873256,5.493291282864843e-07,901238704289650.5,12270590220.47,2.8957850057274284,7.359009799851777e-16,0.0013022663568151836,1.122371274118015e-09,1769621718456.4878
516,93336.0,74.71937,1.629322478846566e+17,0.17824364046439403,1.387858333909841e-07,388676149330598.7,5118616263.97,2.8957850057274284,4.58591659846831e-16,0.001013969203104317,8.130803540586184e-10,2211050247714.887
517,42020.0,157.30444,1.4539986724759056e+17,0.6544295377789382,5.261485348249995e-07,604903255851898.8,12223639326.81,2.8957850057274284,1.0818747154159229e-15,0.002179874908380363,1.7919305178842919e-09,2014905124705.0525
518,27591.0,15.525724,1.051263310325831e+16,0.2045829783841273,1.6233720147822262e-07,138525313919283.62,4986693944.68,2.8957850057274284,1.4768634886713512e-15,0.0007740870863895183,6.247102987919006e-10,524142611911.897
519,34844.0,28.285133,1.7805964198492122e+16,0.07888503989400086,6.337445463728137e-08,49659451703805.04,2345694966.5,2.8957850057274284,1.5885201545218929e-15,0.000762429821279565,6.25851782512061e-10,479962321604.31
520,84206.0,21.925552,3.757150725835498e+16,0.0876917790024602,6.777792351080302e-08,150268157959671.62,1967053975.71,2.8957850057274284,5.83568602910502e-16,0.0008522758227613497,6.805287075781254e-10,1460455237842.9749
521,41218.0,11.9142885,1.7721796949411484e+16,0.02415249108964212,1.800372710062782e-08,35925396880653.66,756818753.75,2.8957850057274284,6.722957346825744e-16,0.00041037934177005133,3.305080257928735e-10,610414912068.1432
522,136274.0,4.300935,6804503387850969.0,0.008729263929991696,6.549453878012833e-09,13810556538304.754,255522395.36,2.8957850057274284,6.32071843432257e-16,0.00027467935787772534,2.0469255111732753e-10,434569836849.827
523,37156.0,87.50589,3.416289968125918e+16,1.448262367596613,1.3786604867576376e-06,565411562311359.9,9956720569.87,2.8957850057274284,2.5614304059793643e-15,0.001653536677754652,1.4816699316134617e-09,645552061026.0037
524,122381.0,13.887535,2.208047455011943e+16,0.036566920392701895,2.816796067765631e-08,58139544210495.055,1190568640.49,2.8957850057274284,6.289509298578406e-16,0.0005459457342924392,4.232217418774727e-10,868025959379.434
525,63217.0,34.995605,2.5881127210476236e+16,0.270030176668691,2.186725034947773e-07,199701801212745.56,8146895236.08,2.8957850057274284,1.3521669560757917e-15,0.0010484073892230948,9.012600818960062e-10,775353505358.3497
526,29989.0,26.145239,4.141160053436279e+16,0.09664625967898073,7.734326674194975e-08,153078589144518.56,3198821023.29,2.8957850057274284,6.313506037590851e-16,0.0008347819658263919,6.792401691666614e-10,1322216151938.509
527,90217.0,11.118386,1.0400036764590566e+16,0.03929680245358359,3.1345803769239736e-08,36757870274347.57,2383866249.89,2.8957850057274284,1.0690717976935645e-15,0.0005948141740002542,4.909482400555139e-10,556383748297.8389
528,27921.0,32.293076,1.1288146148405576e+16,0.8800402629129743,7.219935889470877e-07,307620838109163.75,5323086777.23,2.8957850057274284,2.8607953489830852e-15,0.000794885291515588,6.428896873560888e-10,277854650385.3002
529,46846.0,12.316193,1.784138060039075e+16,0.28480685733718386,2.3817112533742545e-07,412574530080349.3,14335572304.89,2.8957850057274284,6.903161406539503e-16,0.0011063869136856725,9.360266130569358e-10,1602724966908.017
530,143532.0,1.7938112,5358726067876803.0,0.0008867973803611092,6.279280029181764e-10,2649166333149.1836,35480982.26,2.8957850057274284,3.3474582900460355e-16,8.919100651719124e-05,6.414952409733516e-11,266443966702.76257
531,36480.0,80.71409,1.8853062347229612e+16,0.2716800695487817,2.1449892375975065e-07,63458576931275.055,6776574607.64,2.8957850057274284,4.281219067408465e-15,0.0014839830499936983,1.219233820460935e-09,346626282520.97186
532,28159.0,39.051727,2.0109037033324964e+16,1.7440756933457704,1.7145779922700615e-06,898082758450401.1,8370509598.61,2.8957850057274284,1.9419988602777427e-15,0.0012799833286255228,1.1145398167431083e-09,659106117313.818
533,138073.0,2.7684228,8895678537522761.0,0.0022058642945852933,1.5445188681055495e-09,7088028483954.899,67421193.9,2.8957850057274284,3.112098518761157e-16,0.00014398166596522172,9.777480197436784e-11,462651375260.88654
534,56504.0,24.940538,8.969863988407173e+16,0.10332670337600164,8.129127503719718e-08,371614467840760.7,4180966675.64,2.8957850057274284,2.780481179227872e-16,0.0009224033136036232,7.385670006199546e-10,3317423331237.116
535,3014.0,121.93141,1.926399070495786e+16,5.296990500710315,4.967685071216606e-06,836873581384268.4,35124412283.67,2.8957850057274284,6.3294990050332215e-15,0.002204412756816871,1.8854194910407714e-09,348276025490.1566
536,71626.0,23.686136,3.8569901618218e+16,0.10707008191187048,8.754249983658488e-08,174350199019180.94,3722833910.53,2.8957850057274284,6.141093185680349e-16,0.000957503967529731,8.10283376689614e-10,1559175115209.8057
537,8911.0,36.695297,7097695072134832.0,0.11454538386539874,8.922824516932406e-08,22155651352194.625,4906449744.56,2.8957850057274284,5.1700300769560746e-15,0.0009649494595768835,7.935069186398347e-10,186642910237.18967
538,91097.0,17.814663,2.6144265962776676e+16,0.06737014096599324,5.5316768911677156e-08,98870401498175.06,2643344255.59,2.8957850057274284,6.81398476643556e-16,0.0008146301515039489,6.927862507742486e-10,1195526816432.9744
539,29176.0,19.638187,1.5034437063031654e+16,0.0911487256099661,7.147407598602828e-08,69780870227917.52,3093425244.61,2.8957850057274284,1.306213655866674e-15,0.0008020759519954282,6.548093574467473e-10,614046521710.3016
540,41528.0,54.397434,4.715932635565224e+16,0.23275687037481113,1.9097613623854305e-07,201786305058543.1,6660005844.58,2.8957850057274284,1.1534819982321532e-15,0.0013747531500990359,1.1592670390362088e-09,1191828873104.224
541,65061.0,28.145971,3.002958774609534e+16,0.11894201439639276,9.533852313255217e-08,126901987428815.72,5648143766.13,2.8957850057274284,9.3727463853245e-16,0.001030983544353184,8.696256097113866e-10,1099980200005.6887
542,102679.0,16.202612,2.4673036934068704e+16,0.06884340927104812,5.367036316520707e-08,104833466333192.34,2733993647.85,2.8957850057274284,6.566930549853519e-16,0.0007562547466167925,6.3289020622333e-10,1151610696771.662
543,89515.0,20.260963,1.6153796018907968e+16,0.049496762825742203,4.039630563343125e-08,39463109936250.625,1714721831.06,2.8957850057274284,1.2542539831680805e-15,0.0006269910568564753,5.253610855939422e-10,499891621051.7254
544,51522.0,18.206799,1.2700059416470148e+16,0.08741421924024206,7.123029114521887e-08,60975341035808.77,4380687275.22,2.8957850057274284,1.433599513431284e-15,0.0007987250816779796,6.730877003373223e-10,557146590937.5565
545,92363.0,4.4692783,6271726509698207.0,0.00733407684395585,5.448615506763393e-09,10291890788363.227,172797148.2,2.8957850057274284,7.126073327797356e-16,0.000230194822712493,1.780277820450625e-10,323031790613.98376
546,25855.0,5.675276,1.117382342115722e+16,0.014715623848655325,1.135895984318736e-08,28973001915157.008,705600414.9,2.8957850057274284,5.079081515870455e-16,0.00031728415869127446,2.5190803938851244e-10,624688061610.8761
547,145090.0,3.3623078,8268338531463050.0,0.004568677227543752,3.4515917231818047e-09,11234952956513.316,190764892.32,2.8957850057274284,4.0664854096208044e-16,0.00021567451612755563,1.6675759817480973e-10,530370810177.4969
548,5.0,182.03053,6.520906293637612e+17,4.8830746861065775,4.268231330338327e-06,1.7492709850888686e+16,26527692238.015,2.8957850057274284,2.791491271352964e-16,0.002362590380332889,1.9724866367193496e-09,8463542066487.645
549,113726.0,8.70867,9790198692135112.0,0.020977423547918903,1.5983170095821965e-08,23582607284832.24,789134383.61,2.8957850057274284,8.895294440751288e-16,0.0004063092174075319,3.304190513754005e-10,456768710821.0163
550,22722.0,40.278633,2.39678298627104e+16,0.21001851497133744,1.6523937569011993e-07,124971670087515.45,7032783868.12,2.8957850057274284,1.6805289936852504e-15,0.001191337501991828,9.60328795730078e-10,708906247061.725
551,51312.0,20.908669,2.5372088631242028e+16,0.06373596956146681,5.3017805960889415e-08,77341827388040.81,2285800398.12,2.8957850057274284,8.240815056216547e-16,0.0007748217992468403,7.067200533905684e-10,940224715590.8992
552,96378.0,18.640003,1.8201559278602144e+16,0.10098029544180594,7.875936573441506e-08,98605071761779.69,2583416995.7,2.8957850057274284,1.0240882506101162e-15,0.0007373668933138716,6.041076925786942e-10,720022803576.3265
553,58800.0,22.418825,8.793003580575278e+16,0.0706445350970235,5.781977357886904e-08,277078593573125.97,2942941023.18,2.8957850057274284,2.54962082007173e-16,0.0008032002057111005,6.885355055028906e-10,3150273167633.2314
554,25618.0,29.984089,1.9487746569005436e+16,0.10230421495666127,8.412195503747364e-08,66491218526481.5,4754002127.98,2.8957850057274284,1.5386124246755458e-15,0.00096315241010367,8.259164771967693e-10,625987672175.9701
555,59756.0,59.428753,4.979485646836127e+16,0.2111878467926392,1.7114443036094e-07,176952535398172.3,7548670199.9,2.8957850057274284,1.1934717200713276e-15,0.0014186286609088577,1.2083560865002153e-09,1188657122788.0237
556,68315.0,7.8467164,6988062444101336.0,0.014365382811887172,1.0809902691160818e-08,12793401342106.31,348233926.84,2.8957850057274284,1.1228743965537198e-15,0.0003277824100784928,2.6483224770097096e-10,291913691401.7357
557,61807.0,26.566696,2.028379338354597e+16,0.1215442268921317,9.81045970513541e-08,92799570757418.62,5368145015.3,2.8957850057274284,1.3097498824628469e-15,0.001021247934295288,8.823702322101204e-10,779727448705.6556
558,90947.0,30.939451,4.590516703108518e+16,0.10405715759213024,8.565778487158503e-08,154390625743381.56,4288805739.04,2.8957850057274284,6.739862416587878e-16,0.000930085094216008,7.925759292545036e-10,1379976380418.2708
559,15123.0,34.79278,2.234714721404089e+16,2.9174241637038625,2.586398188622145e-06,1873840126373642.2,12882050944.64,2.8957850057274284,1.5569226651954673e-15,0.001307882638119947,1.1238761042557558e-09,840043418570.02
560,45953.0,20.042566,2.5782126054488216e+16,0.09621132604690688,7.716703131827798e-08,123763221536145.55,3133572672.69,2.8957850057274284,7.773822049291758e-16,0.0007500786528255352,6.351739431210459e-10,964877569964.2776
561,82893.0,15.461685,2.3997003716968244e+16,0.18141489550120632,1.5602240612875143e-07,281561415955366.7,3364101339.61,2.8957850057274284,6.443173148765679e-16,0.0007929507620533142,6.660915246425468e-10,1230683614649.1267
562,71774.0,18.19869,4.8273875372725336e+16,0.14087275862928997,1.0839275252705758e-07,373679313922175.8,3364691129.68,2.8957850057274284,3.7698837848602124e-16,0.0007376234642741264,5.750433544782396e-10,1956621228581.1287
563,72065.0,62.344303,5.835495463250373e+16,0.2542108639910776,2.058654262152836e-07,237944170059755.28,8365457873.936,2.8957850057274284,1.0683634901718216e-15,0.0013915220589306534,1.1553103057997085e-09,1302479981515.3354
564,94121.0,26.298435,2.4884111611413772e+16,0.06767387894185045,5.306772247275019e-08,64034394319141.445,1914161042.75,2.8957850057274284,1.0568364027083657e-15,0.0007455020015887007,6.239322463993649e-10,705409086664.8755
565,51942.0,21.90043,2.217038893693582e+16,0.07846318685444725,6.053721616730432e-08,79430375101975.88,3089405242.62,2.8957850057274284,9.878234460521317e-16,0.0008120302541810592,6.662910349236548e-10,822039866968.4995
566,96804.0,17.41664,3.5376718055760636e+16,0.08836149096683682,6.701817417256064e-08,179480057744801.88,3624076303.56,2.8957850057274284,4.92319269767986e-16,0.0008069272750919657,6.428807181589955e-10,1639032482868.778
567,7892.0,3.6398742,1.7522219292688966e+16,0.008457249724351615,6.581300353037331e-09,40712886253904.69,197738383.92,2.8957850057274284,2.077290632653316e-16,0.0002667769840310327,2.1208912486346887e-10,1284254498804.914
568,6577.0,0.108692974,42650299863933.45,0.034925071669372296,2.6185292183583793e-08,13704333634923.775,1451246682.84,2.8957850057274284,2.548469163095251e-15,0.0005569364470854361,4.399480120666532e-10,218537644147.51923
569,47192.0,13.188159,6870509855137873.0,0.08471774241726455,6.809334678786483e-08,44134597117220.67,3164771090.46,2.8957850057274284,1.919531341642381e-15,0.0008223677835890884,6.705495246172411e-10,428421128506.0122
570,72107.0,11.315389,1.0602812003380348e+16,0.08275108082278616,6.53617231800825e-08,77539901901784.78,4611408597.3,2.8957850057274284,1.0672064162217033e-15,0.0008373171925183069,6.804954076685198e-10,784587854599.5935
571,174636.0,1.2212293,4999719096350376.0,0.0003498297399535283,2.3514470683212854e-10,1432204772123.4182,25176030.84,2.8957850057274284,2.442595826816462e-16,6.530497432485391e-05,4.644369555820386e-11,267358904031.08005
572,28013.0,86.68296,2.9865832878296016e+16,0.25739315859440226,1.9646555786825847e-07,88682493751911.1,6146246712.97,2.8957850057274284,2.9024122767054626e-15,0.0012456116883164377,9.957367415846525e-10,429164284589.6226
573,68869.0,9.065529,1.0164268377085804e+16,0.05912574674404539,4.793206363504824e-08,66291769393940.99,1953261092.59,2.8957850057274284,8.919017743015534e-16,0.0006398351309962333,5.297763584708457e-10,717382955648.1003
574,129331.0,3.2597532,6440344910164162.0,0.004342160003446612,3.0838855583556984e-09,8578872804639.256,180301984.29,2.8957850057274284,5.061457492525676e-16,0.00019888878819065506,1.5598616813555738e-10,392947660796.0392
575,41629.0,25.64416,1.0063107774575702e+16,0.17545706861262034,1.3998925148778204e-07,68851675830283.47,3376497490.58,2.8957850057274284,2.548334031042538e-15,0.0008055472884268181,6.457518363071517e-10,316107417086.63055
576,87915.0,19.762514,2.770989045475158e+16,0.06970655948745619,5.5614481824625315e-08,97738634233227.38,3021077765.93,2.8957850057274284,7.131935087318688e-16,0.000793454997153568,6.709866332122461e-10,1112538164522.0137
577,33828.0,21.17743,9553118975818758.0,0.11107534764602409,8.588768222364083e-08,50105986011659.49,4649955160.12,2.8957850057274284,2.216807940276382e-15,0.0008169256431328873,6.686238559747958e-10,368514397792.63715
578,101740.0,8.806223,8660266384400781.0,0.017784492807585466,1.326973602760593e-08,17489728028139.861,688328109.41,2.8957850057274284,1.0168535942337895e-15,0.0004073356889499649,3.1547416492351174e-10,400584401982.5655
579,18682.0,131.85548,1.0898612831215592e+17,4.543251300456258,4.1986213944448365e-06,3755258174979871.5,21379786757.81,2.8957850057274284,1.209837270504207e-15,0.0017506350914101604,1.5449975187332919e-09,1447000463690.933
580,5878.0,4.046848,1878044985771843.0,0.11608719767753689,8.818873729732596e-08,53873281010456.26,6734439340.13,2.8957850057274284,2.1548195227798644e-15,0.0010645135120842938,8.501708402646709e-10,494015160355.98126
581,11277.0,73.029785,1.3636162830385406e+16,0.2633725947126305,2.04367024791997e-07,49177080099065.5,7155326280.33,2.8957850057274284,5.355596431957239e-15,0.001409109069304713,1.1494400591599538e-09,263109643754.42017
582,102232.0,20.828257,3.8378271493284824e+16,0.08880159558338516,7.269879347001828e-08,163626353579948.53,3727791321.52,2.8957850057274284,5.427096163943806e-16,0.0008945596073306163,7.595116586722223e-10,1648320907364.4836
583,75974.0,17.578457,1.5712161867841918e+16,0.09226422041218146,7.581393732167516e-08,82468578768115.97,2809810099.97,2.8957850057274284,1.1187802892979246e-15,0.0008078601990225013,6.713080349331375e-10,722090125067.7762
584,43470.0,42.59862,2.264299213186492e+16,0.18365467232755203,1.4307883961490013e-07,97620329026926.0,8022943639.76,2.8957850057274284,1.881315850481263e-15,0.0011813833354080974,9.695938592834953e-10,627955872006.2266
585,36049.0,36.070473,2.5137739525598404e+16,0.11366467430268214,9.176276819722081e-08,79213626499513.94,2515695090.9,2.8957850057274284,1.4349131497392005e-15,0.00093372128575048,7.626456934907939e-10,650716237369.6182
586,64519.0,20.938793,2.683392736578647e+16,0.14886360094895276,1.1615287731539661e-07,190774848162146.72,4587936546.5,2.8957850057274284,7.803104150418613e-16,0.0009100703537613579,7.624458972519704e-10,1166292716613.9841
587,17954.0,19.00868,9886112798334250.0,0.18775827905861173,1.416012582210638e-07,97650101195588.28,4115576632.21,2.8957850057274284,1.9227658421217738e-15,0.0008268771124532424,6.600322451361756e-10,430045663563.8913
588,11692.0,70.148,3.768970852043887e+16,0.5347528098861885,4.1867419297462246e-07,287316495624908.9,23615466040.45,2.8957850057274284,1.861197731522896e-15,0.001921111034870534,1.5735479333953738e-09,1032190724463.5502
589,61700.0,19.478289,1.0860784486849266e+16,0.06297968618980804,5.071315901869672e-08,35116472435381.883,2426554366.98,2.8957850057274284,1.7934513868298557e-15,0.0007186438003786604,5.898774590846112e-10,400704365702.90936
590,33737.0,41.082672,2.426246994003412e+16,0.30244326974749103,2.2955926953006286e-07,178615956158210.25,8988208858.78,2.8957850057274284,1.6932600885869342e-15,0.0012180830282000467,9.569415101680826e-10,719371487233.5802
591,33250.0,30.46431,3.2378519079119396e+16,0.441996092731876,3.377776412443016e-07,469768687405533.6,10477069477.37,2.8957850057274284,9.408802769996405e-16,0.0012569276350897682,9.97107213307432e-10,1335906029508.841
592,114786.0,10.091004,8809384879507165.0,0.03112688610634074,2.344322996106819e-08,27173581519870.55,1326797179.4,2.8957850057274284,1.145483383689388e-15,0.000499897189717363,4.021580301773307e-10,436407194408.43176
593,148083.0,7.2416887,2.082779312357752e+16,0.014470611516130704,1.1052131372821997e-08,41618870337470.98,325095652.44,2.8957850057274284,3.4769351976145033e-16,0.0003462910962979,2.70595812689823e-10,995966495249.861
594,76263.0,23.334682,2.755975889921636e+16,0.0727770811679306,5.908807691111155e-08,85954409422715.36,3400808160.45,2.8957850057274284,8.466939818063323e-16,0.0008005352594998158,6.777548766666322e-10,945483582854.7622
595,48990.0,21.310762,1.4787977100631068e+16,0.16589491303052517,1.3196322529203205e-07,115117900289374.39,4572821035.47,2.8957850057274284,1.4410870300232326e-15,0.0009775180905623152,8.116839115127848e-10,678319955836.7797
596,56101.0,17.027267,1.0948608902483002e+16,0.11760464811400845,9.205534708108338e-08,75620315187071.05,4393865111.78,2.8957850057274284,1.555199126360102e-15,0.0009768353004456303,8.034114651061581e-10,628109470927.9349
597,58799.0,15.018422,1.1897839427587822e+16,0.07277444311815634,5.8958736309215704e-08,57653103545229.17,2140270017.39,2.8957850057274284,1.2622814496198698e-15,0.0006372499609703492,5.271006014277956e-10,504839836759.26953
598,45064.0,22.764154,1.8133293142249364e+16,0.41184712012489677,3.1920723927104626e-07,328065982993083.75,6796140256.56,2.8957850057274284,1.2553789221529234e-15,0.001050296671101625,8.413286781957053e-10,836637171906.9564
599,49591.0,19.59928,1.931974930005885e+16,0.09081779086178858,7.054833268587752e-08,89522520798464.58,3648836389.39,2.8957850057274284,1.0144686504777937e-15,0.0007834220596236256,6.335681167466926e-10,772248663627.6538
600,29393.0,30.682802,4.2117657918812136e+16,0.1632515270650303,1.2588970486446886e-07,224092049078459.25,7384093211.96,2.8957850057274284,7.285020942794475e-16,0.0012625031874244495,1.0410983030275478e-09,1733012433784.6633
601,73849.0,18.611391,1.1497557888329142e+16,0.07624539984905107,6.165395238000194e-08,47102116036531.96,2765495917.99,2.8957850057274284,1.6187255746624174e-15,0.0007666207123339134,6.552134854587446e-10,473595230923.43243
602,106030.0,25.258623,4.300466809330667e+16,0.09165923109340951,7.720998909986857e-08,156056599398144.97,3576157935.83,2.8957850057274284,5.873460747376702e-16,0.0008843942760838471,7.630133161660713e-10,1505746465537.9697
603,67039.0,16.042875,1.2739708234048434e+16,0.04631362325647293,3.621736945277858e-08,36777824894172.98,1426275895.33,2.8957850057274284,1.2592811942995245e-15,0.0006196396639348569,5.089967531114706e-10,492058220784.85944
604,131135.0,6.503769,1.2983638512109544e+16,0.014123378049734452,1.0446859982548854e-08,28194856731168.465,299355597.96,2.8957850057274284,5.009203694275748e-16,0.0003041690567688372,2.2825165496623293e-10,607220379391.6895
605,62709.0,48.06961,4.113769446251539e+16,0.1664576919874323,1.314121543473692e-07,142453530908914.94,7161491312.76,2.8957850057274284,1.1685052025412109e-15,0.0012018322957023,9.865844335024144e-10,1028521133743.0171
606,79352.0,4.36906,5570109441884875.0,0.004810520373283559,3.7430275770691e-09,6132926751201.931,116513949.03,2.8957850057274284,7.843759706311173e-16,0.00015214355229581172,1.1609088803493571e-10,193967635410.0896
607,13449.0,68.39026,4.2632265282957624e+16,0.21238248419248276,1.707833713923767e-07,132392337849680.34,5696007289.73,2.8957850057274284,1.6041901490826764e-15,0.001090953164611997,8.854182545405358e-10,680064744965.4497
608,70840.0,14.427286,1.1033529837180204e+16,0.0649598580182722,5.2988242774607066e-08,49679235003977.6,2887136261.21,2.8957850057274284,1.3075857148982093e-15,0.0007245624827618823,6.083683442427541e-10,554122360397.832
609,63170.0,17.820433,8840912541477820.0,0.05648260487386141,4.413063572946047e-08,28021640652876.254,2154437270.16,2.8957850057274284,2.015678010204724e-15,0.0006813458771868158,5.557396602228323e-10,338023173213.8678
610,70342.0,12.245974,6165245679035160.0,0.08799795739689123,6.822312279242764e-08,44302644004070.54,2875408886.92,2.8957850057274284,1.9862913235789258e-15,0.0006451341121008915,5.142855758436081e-10,324793299171.4833
611,81506.0,13.141512,1.2111799191428476e+16,0.026926052716269744,2.055071422954005e-08,24816242112572.465,825465699.24,2.8957850057274284,1.0850173283338657e-15,0.00048032118189803865,3.7997146986113785e-10,442685263502.29974
612,63740.0,18.31373,1.198294799086172e+16,0.10947742344073351,9.016567818261357e-08,71632718799712.31,3663022766.1,2.8957850057274284,1.5283159047311378e-15,0.0009245078934310687,8.004584023002932e-10,604919369463.546
613,27391.0,36.54201,1.5534120470941712e+16,0.21626636398589558,1.7713315567385463e-07,91935494297369.86,2890919421.34,2.8957850057274284,2.352370709906355e-15,0.0008713372374889003,7.287353439291105e-10,370408130750.61084
614,47297.0,45.327286,2.79975047821001e+16,0.3327142498965553,2.6071179469956325e-07,205509079068878.16,12301691207.62,2.8957850057274284,1.6189759177746264e-15,0.001381226928862991,1.176303442978153e-09,853148532784.5798
615,1.0,203.8096,2.9178994795290524e+16,0.8356737335020517,6.490744341939564e-07,119641663201426.08,17191385531.41,2.8957850057274284,6.984805385855676e-15,0.002370150430531696,1.9942129652626085e-09,339329487308.4484
616,28996.0,65.08477,8.441079415028397e+16,4.641803517434545,3.824378618046866e-06,6020123005677540.0,28163892275.63,2.8957850057274284,7.710479525180614e-16,0.0018525980156062537,1.5962245278765924e-09,2402701426747.9785
617,38635.0,13.190405,1.1978103768063812e+16,0.1461706426827749,1.1017146440476034e-07,132736419078781.52,1679877698.48,2.8957850057274284,1.1012097787271174e-15,0.000556278414424777,4.41252575006255e-10,505152083799.8518
618,34414.0,25.875343,9009337513750998.0,0.1651793631081023,1.278524826851296e-07,57512537420173.47,5408955699.27,2.8957850057274284,2.872058346188755e-15,0.001102626722699585,9.120841882028871e-10,383915154148.1669
619,44735.0,18.921236,8705438194409742.0,0.17933231787445805,1.4112663792249342e-07,82508690738614.33,6260633801.8,2.8957850057274284,2.1734961040962192e-15,0.001114908609614773,9.189413678724274e-10,512956341404.79535
620,85504.0,33.16649,4.662458734223099e+16,0.1253286246249754,1.0228906127185555e-07,176183714505479.72,3806511623.66,2.8957850057274284,7.113519258959511e-16,0.0010178067456721354,8.707302587024062e-10,1430806199603.9485
621,69517.0,22.103962,2.1779214711091228e+16,0.11743870346245562,9.464845174127269e-08,115713315925036.16,3588651341.97,2.8957850057274284,1.0149108814627457e-15,0.0008668613422686668,7.110877000497899e-10,854125577035.1957
622,19636.0,76.828255,3.91785404529455e+16,0.6903227746536148,5.596086835834307e-07,352029845690966.56,24735536623.9,2.8957850057274284,1.9609779770196604e-15,0.0017811678078820299,1.4572879228149923e-09,908305870211.2963
623,1665.0,11.945862,981332309952640.2,0.1217441507454101,9.075454368899519e-08,10001075575309.32,10385012416.98,2.8957850057274284,1.2173105765341116e-14,0.0009677280669182849,7.386563636356651e-10,79497219984.20238
624,29510.0,95.134766,3.920815853907236e+16,0.36695503694615733,2.9943403144762085e-07,151234210901365.88,14659547014.5,2.8957850057274284,2.426402298521486e-15,0.001828021176690939,1.563239979067192e-09,753387506187.5902
625,50039.0,10.197347,6752420250945338.0,0.15448464471947074,1.1924777965612003e-07,102295748439652.97,4069369316.31,2.8957850057274284,1.5101765916557656e-15,0.0007393718814293139,5.797449495543496e-10,489592995623.55334
626,52003.0,129.52318,1.079694108578469e+17,0.19034860509020482,1.535339767666245e-07,158672963010963.53,4441246188.42,2.8957850057274284,1.1996284778336978e-15,0.0011561294195293304,9.643714962588202e-10,963739558448.1968
627,63127.0,30.267435,1.0757867940394456e+17,0.1510868899878972,1.228249120116692e-07,537003816152476.6,4371910592.55,2.8957850057274284,2.813516132350867e-16,0.0010185636950078574,8.662462156341541e-10,3620251838246.203
628,100969.0,34.27462,7.548747346930138e+16,4.144841546869712,4.191528712325291e-06,9128726045796728.0,5085616207.06,2.8957850057274284,4.540438091882691e-16,0.0009381342604215394,7.945294921646092e-10,2066175645250.4397
629,113516.0,7.12578,9164041712406252.0,0.01093724405717269,7.971841343379245e-09,14065738874719.39,363159213.09,2.8957850057274284,7.775804850771402e-16,0.00027009903001210634,2.048327365962634e-10,347358293058.6421
630,62108.0,35.76473,6.889637918383983e+16,0.6744442161879579,5.750211152148969e-07,1299234314276472.8,10902569894.96,2.8957850057274284,5.191089927174125e-16,0.0010412487830896637,8.754580307174279e-10,2005838461088.823
631,7259.0,56.71728,6.963044852280049e+16,0.3814808147554895,3.062767115696199e-07,468334874914102.06,6560070008.01,2.8957850057274284,8.1454710120713825e-16,0.0013218180595597877,1.1313996720447959e-09,1622764426514.9143
632,49458.0,29.390364,2.7113547493603828e+16,0.15501762617945009,1.1975556800937896e-07,143008700734779.75,6864519617.11,2.8957850057274284,1.0839733903109979e-15,0.001095681766944602,8.927456421864845e-10,1010801350603.4912
633,79899.0,18.183062,2.0770045003495816e+16,0.060333474466042696,4.638217830056009e-08,68917379255318.625,2632914116.42,2.8957850057274284,8.75446442072687e-16,0.000694208250546373,5.613859225409605e-10,792976265804.2009
634,13655.0,1.0846274,270314263344824.56,0.0861051303014301,6.50611956348274e-08,21459392292358.844,6887666335.48,2.8957850057274284,4.012468252984499e-15,0.0008514787203879116,6.713601017751228e-10,212208213673.6101
635,77481.0,24.930264,3.3481575406051732e+16,0.16722263561935677,1.3231535858422992e-07,224581548117108.03,6246518465.75,2.8957850057274284,7.445965041266816e-16,0.0010006415170637066,8.24746953582794e-10,1343870823349.263
636,104322.0,0.60617095,4174735307357155.5,9.145003227668343e-05,5.856584139246126e-11,629821799616.7942,4369734.8,2.8957850057274284,1.4519985229524422e-16,8.573844717643467e-06,5.50242257568374e-12,59048577406.33038
637,73019.0,28.534407,1.987078436658172e+16,0.07833854241720796,6.225116298981754e-08,54553377750750.34,3446867881.74,2.8957850057274284,1.43599801968505e-15,0.0008231205562758023,6.842156429656486e-10,573204520474.4315
638,66222.0,28.038322,1.894359095968402e+16,0.13771421859126967,1.118390511206674e-07,93044149586609.55,3720594756.4,2.8957850057274284,1.4800954085036726e-15,0.0008571596507389819,7.084819053649202e-10,579124592789.2864
639,59434.0,18.100657,2.7598615406525132e+16,0.566922610572072,4.3530110232516167e-07,864403932655142.5,3899439461.95,2.8957850057274284,6.55853807641396e-16,0.0008736904796553587,6.921487265695242e-10,1332142116849.7205
640,46427.0,53.385666,3.217931959256806e+16,0.23414254337944856,1.8913509121045165e-07,141134283753695.34,5455404598.21,2.8957850057274284,1.6590054319336706e-15,0.0010727475732696036,8.703682355763255e-10,646620892626.766
641,13830.0,104.875854,1.0256985664008101e+17,3.7081773617870186,3.518987113825573e-06,3626642414701942.0,32823096611.93,2.8957850057274284,1.0224822129566854e-15,0.0017153543461800999,1.4844523264231592e-09,1677637346100.9695
642,81399.0,14.488186,2.617297535189782e+16,0.09995555479940435,7.83280516914455e-08,180570174351025.16,2691615568.92,2.8957850057274284,5.535551768648822e-16,0.0007660225980954821,6.294937174556168e-10,1383823384028.1855
643,14944.0,15.3595,8161144746909765.0,0.09124458875357838,7.18463414687822e-08,48482066225476.61,6763382732.86,2.8957850057274284,1.8820276415040804e-15,0.0009495015866400745,7.735282521422382e-10,504509905009.28613
644,67339.0,23.491451,2.264906663207688e+16,0.39375916727823146,3.0221554804890245e-07,379639283102426.06,4766637397.46,2.8957850057274284,1.0371928954780896e-15,0.0007656219485451067,6.218514247713329e-10,738167366825.4318
645,56734.0,28.2755,3.938398910653513e+16,0.15647408076980746,1.2968119310982475e-07,217947463086176.9,5773024505.11,2.8957850057274284,7.179440336405167e-16,0.0009833274800842967,8.350443622486226e-10,1369643640741.8643
646,121395.0,11.850464,1.4341755620303924e+16,0.02693110213293566,2.080610278511155e-08,32592756315365.29,574488270.43,2.8957850057274284,8.262910283607852e-16,0.0004518022170159642,3.7157953563746293e-10,546783398958.42706
647,95412.0,5.645436,5475219347714129.0,0.004686891246163302,3.276619252758179e-09,4545575865464.65,115251974.98,2.8957850057274284,1.0310885539876929e-15,0.0001763742704799375,1.3115088421765797e-10,171056375126.86685
648,55542.0,27.499378,1.2730213310957416e+16,0.28895280433618525,2.2894821632763706e-07,133764146810847.11,4300893169.46,2.8957850057274284,2.160166316799276e-15,0.0009981498066647684,8.403982519306146e-10,462070813206.51715
649,76562.0,10.249833,2.2850526738917236e+16,0.2801610403136829,2.2786029161578726e-07,624578697320305.6,3511954596.07,2.8957850057274284,4.485600317713151e-16,0.0008023637355407677,6.282194871483457e-10,1788754411248.6348
650,162704.0,2.8593628,6247784376752906.0,0.0015325842657584138,1.144174053790453e-09,3348737708856.9316,40830760.99,2.8957850057274284,4.576602884438957e-16,0.00010526103875806563,8.487074878995909e-11,229998191706.7063
651,67927.0,13.072041,1.4707060446133706e+16,0.12529335341657905,9.718539201355955e-08,140964744694146.94,3087113863.53,2.8957850057274284,8.888275837226513e-16,0.0007638817467324671,6.519497986239953e-10,859426238250.981
652,29988.0,7.420478,7840385521578975.0,1.1793768210333027,1.5093197178832344e-06,1246115001232446.8,4719831534.13,2.8957850057274284,9.46443000739789e-16,0.000896219195297049,7.649055105503485e-10,946934146690.8389
653,43413.0,54.895008,4.019244676664829e+16,0.4048073428172163,3.2499685781501716e-07,296387561814897.9,12468059266.89,2.8957850057274284,1.365804085496778e-15,0.001359065230966626,1.1463302801563426e-09,995066016713.7362
654,32019.0,82.736565,5.73871629259484e+16,0.8908388763842877,7.953969683053501e-07,617897488732266.4,17840023969.18,2.8957850057274284,1.441726002499237e-15,0.001836141283380362,1.57870080598324e-09,1273571594184.6125
655,120693.0,5.355203,9167157017379432.0,0.012968616520403257,1.008890041312309e-08,22199969625935.293,314405667.32,2.8957850057274284,5.841727145992383e-16,0.0003127821319692553,2.5103983399904764e-10,535427492850.01117
656,116470.0,8.130353,7419016815882217.0,0.021453022502531147,1.650268979544869e-08,19576066955245.14,745324050.0,2.8957850057274284,1.095880114814539e-15,0.0004303163139893442,3.495359972158159e-10,392667325715.7958
657,71444.0,7.388499,7465312184383592.0,0.01748083180331529,1.3030934073584864e-08,17662568087841.637,672995028.84,2.8957850057274284,9.897106534212629e-16,0.00035998844213994103,2.8391341595867645e-10,363730996423.5726
658,24549.0,53.015633,4.309588510898059e+16,0.3724164989801035,3.03733215957572e-07,302733698430712.44,11871748134.43,2.8957850057274284,1.23017853945764e-15,0.0013092096468422093,1.1057914238732152e-09,1064243607614.3976
659,39049.0,96.72311,6.298889659455639e+16,3.133539727680035,3.0301896298895576e-06,2040652020822863.5,9789673130.59,2.8957850057274284,1.5355580940333377e-15,0.001806316100248286,1.5552522527569507e-09,1176325472326.3306
660,63920.0,48.76554,5.8052828065026264e+16,0.318783096627836,2.523098637720229e-07,379494624658568.6,12296206700.59,2.8957850057274284,8.400200580301899e-16,0.0014165712427209097,1.1799933668162777e-09,1686354068785.8179
661,26573.0,32.24968,1.1666626457831488e+16,0.1772458209316583,1.3597884237825007e-07,64120350466154.92,4787365838.31,2.8957850057274284,2.76426781268476e-15,0.001013493132039176,8.340192019193741e-10,366640716716.5303
662,54341.0,13.92049,2.970874423661343e+16,0.04402060784799375,3.457437101033074e-08,93947625385047.83,1555065803.24,2.8957850057274284,4.6856541256443315e-16,0.0006130964068983727,5.175245966555601e-10,1308454253042.1296
663,3015.0,94.0236,5.4517421438084e+16,0.3853172883167367,3.040043842710631e-07,223417365369367.4,11279049421.09,2.8957850057274284,1.7246523683586829e-15,0.0014660191254453256,1.2150493319366058e-09,850037463979.1941
664,71274.0,33.96193,4.1957181471861304e+16,0.2773469819082909,2.2467679547315053e-07,342639468681526.44,6155385068.25,2.8957850057274284,8.094425985877212e-16,0.0010500718285771453,8.887567733199422e-10,1297277695057.3928
665,122532.0,10.136551,1.3396532133658266e+16,0.021145393138036324,1.641713174762346e-08,27945889943486.754,798834757.66,2.8957850057274284,7.566548490957828e-16,0.00046050671618367905,3.636778662264246e-10,608608689594.7255
666,175951.0,2.712902,7213958155503613.0,0.0031288088362887642,2.3814950465244387e-09,8319908357012.933,132969157.15,2.8957850057274284,3.760628966124922e-16,0.00018039139226854443,1.440539649424941e-10,479684100435.0019
667,78506.0,6.6335707,1.2481635742428342e+16,0.07600723451046415,5.852260959066946e-08,143014171078170.97,5261071252.68,2.8957850057274284,5.314664549495511e-16,0.0008392613328778263,6.842146458634368e-10,1579142625205.7476
668,57564.0,47.710865,4.2326021951525224e+16,0.2929662003123055,2.302987640359075e-07,259900838634419.66,5449048504.92,2.8957850057274284,1.1272229895510114e-15,0.001430732081186376,1.1853478016480198e-09,1269253816191.4678
669,29177.0,27.950014,6.047762556098392e+16,0.09874066172406466,8.195452484152129e-08,213652872137801.44,3993892266.73,2.8957850057274284,4.621546190138698e-16,0.0009134218732994759,8.041278793035641e-10,1976442159657.53
670,59898.0,28.526045,2.757768994388961e+16,0.2043194326264562,1.575259840469921e-07,197526785170669.5,7710563921.47,2.8957850057274284,1.0343884878697217e-15,0.0013642805001407902,1.1019956056088925e-09,1318924674955.0227
671,66169.0,24.431952,2.4436477211474492e+16,0.074921394622439,6.045951348529388e-08,74935271334157.77,2589095616.53,2.8957850057274284,9.998148173554096e-16,0.0007547794148467757,6.278416162781921e-10,754919212783.0509
672,59218.0,27.24313,2.558809613374086e+16,0.12624058974411734,9.984843639517485e-08,118571410346484.23,3574843119.54,2.8957850057274284,1.0646798361866706e-15,0.0009923075410775337,8.302257964844459e-10,932024358263.0902
673,69459.0,19.40037,2.4002972461925028e+16,0.2146140799507116,1.737720262159633e-07,265529773452687.1,4659490209.48,2.8957850057274284,8.082486463197025e-16,0.000821203562962254,6.998711967241482e-10,1016028380253.4539
674,13037.0,13.110439,4585801749284717.0,0.06589672445764586,5.184078466738308e-08,23049519111450.453,6490182268.29,2.8957850057274284,2.8589197084337403e-15,0.0008229153159579118,6.737874236145215e-10,287841352637.6178
675,25854.0,28.950365,1.1164632507358668e+16,0.2819606111458287,2.228695987357172e-07,108737371877468.06,9529556033.94,2.8957850057274284,2.5930423577237016e-15,0.0011558882285284,9.38538279067594e-10,445765270700.435
676,44467.0,24.749653,1.5110155862456286e+16,0.30903881946309847,2.489903544887058e-07,188674351500479.9,5778076596.37,2.8957850057274284,1.6379482266953089e-15,0.0008624287335757686,6.995087636517934e-10,526529910726.0474
677,109004.0,13.1993685,1.6793110480471312e+16,0.04225100952438885,3.366133841880234e-08,53754531578878.766,1920419913.64,2.8957850057274284,7.859990271218385e-16,0.0006095724851381899,5.046623062745079e-10,775538472827.7781
678,90872.0,14.761682,1.7356117561867448e+16,0.05590422056131026,4.322271457456109e-08,65729652235203.836,1777109192.44,2.8957850057274284,8.505175162233519e-16,0.0006148913326535598,5.007252776732496e-10,722961398119.0305
679,25619.0,17.454601,2.9119709019918356e+16,0.29766250828034346,2.4562498210759967e-07,496593742089128.25,2780729207.23,2.8957850057274284,5.9940849642627845e-16,0.0007138684624881526,5.948105599865205e-10,1190954860907.5342
680,40432.0,29.448078,1.1121717719905764e+16,0.17873382596245474,1.393891552785114e-07,67502780974472.625,4484102942.86,2.8957850057274284,2.64779944444135e-15,0.001027686931861349,8.389235462123371e-10,388128690795.9818
681,4.0,35.325497,3.2110031290446536e+16,0.1449584083404794,1.1377238271739725e-07,131763723738299.28,4965145439.18,2.8957850057274284,1.1001389777689234e-15,0.0010036083040572117,8.290874898251284e-10,912255927966.9597
682,15122.0,52.26882,1.289815189948646e+16,0.4396060460325227,3.1329760144924707e-07,108479693202565.4,9286453160.68,2.8957850057274284,4.052427076942789e-15,0.0010757787352072337,8.61861702695168e-10,265465291486.21155
683,65967.0,16.388437,1.5256777231835604e+16,0.07470547292878903,5.659263462427795e-08,69546885921669.01,4380380204.19,2.8957850057274284,1.0741742342414894e-15,0.0008104452620256742,6.630658603668479e-10,754482127937.0537
684,86923.0,20.10279,2.122612390613662e+16,0.09392015685186828,7.658791239827392e-08,99168368501165.39,3321852599.11,2.8957850057274284,9.470777655353336e-16,0.0008617355152898103,7.210297128205526e-10,909888867259.7188
685,96363.0,20.249323,2.716330573595538e+16,0.0858639042807427,6.9624934591178e-08,115181504273531.61,4157445401.72,2.8957850057274284,7.454660782761976e-16,0.0008143433335815704,6.978399558155526e-10,1092394888664.3418
686,79935.0,8.073191,7644381987877219.0,0.01614754473511795,1.224122318398942e-08,15289864951984.572,556213892.48,2.8957850057274284,1.0560946604712851e-15,0.00040162172161354687,3.1133051239606445e-10,380289510633.7552
687,46913.0,36.05994,1.5041954923563216e+16,0.19166116684988652,1.4760521849671344e-07,79949069032103.81,5383504955.035,2.8957850057274284,2.3972907898767943e-15,0.0010432583456794783,8.681779398420014e-10,435182227406.4196
688,24718.0,16.428106,1.1357297460928676e+16,0.05112677414365847,3.889227376277719e-08,35345643750244.016,3953948901.56,2.8957850057274284,1.4464802085633397e-15,0.0006444267931856018,5.023617052033025e-10,445513730067.31537
689,191060.0,0.431076,7182548617596830.0,0.00011254280896270448,6.967193251452469e-11,1875177919753.2156,5062780.7,2.8957850057274284,6.001713638859174e-17,9.685721174095425e-06,5.982600423293744e-12,161382594320.78668
690,35844.0,35.708252,1.4712216196895836e+16,1.8289654822007015,1.5210338505007884e-06,753555105155989.2,7424889504.92,2.8957850057274284,2.4271157738651343e-15,0.0013637739732292242,1.1104674382019777e-09,561890779135.5337
691,127053.0,8.882238,1.311290358906498e+16,0.015340593431594406,1.1687570353232446e-08,22647414161559.39,390491855.93,2.8957850057274284,6.77366224777784e-16,0.0003469679656502374,2.7546425063553797e-10,512230980757.9546
692,38449.0,22.710743,3.2180446333486484e+16,0.0972548973440935,7.539570884007786e-08,137807292550945.5,3510453813.49,2.8957850057274284,7.057311376184222e-16,0.0008942492810147225,7.340960889705662e-10,1267124593697.932
693,35970.0,78.79434,3.64915817869351e+16,5.935579269661908,6.378662876137337e-06,2748911614358392.0,5700537982.13,2.8957850057274284,2.1592470411411526e-15,0.0013135629447454346,1.109865725487856e-09,608343056499.5575
694,67090.0,8.445354,9154983452284426.0,0.14721800177229002,1.1093568462328157e-07,159588143978771.56,2924232448.79,2.8957850057274284,9.224870852052329e-16,0.0007014107352576987,5.517732066999717e-10,760347485083.3823
695,78083.0,20.086351,3.5610842767005196e+16,0.0845542839947679,6.837997110651138e-08,149905242252033.9,3254810200.26,2.8957850057274284,5.640515483281617e-16,0.0008543893935538543,7.184450480994542e-10,1514736367777.4639
696,100475.0,19.795437,3.202214891294625e+16,0.07628943673918477,6.243916097700594e-08,123409839537615.02,2779943298.22,2.8957850057274284,6.181795311056372e-16,0.0007526475485424718,6.203215226974734e-10,1217522597676.9783
697,96583.0,7.0637455,7013387430267026.0,0.005526998907046633,3.995102784389236e-09,5487596440412.59,222133595.84,2.8957850057274284,1.0071802777521812e-15,0.0002240576320307761,1.6986574442373782e-10,222460305250.24435
698,64866.0,17.092596,1.0486089807243118e+16,0.044680603022127494,3.539786811238186e-08,27410980516464.977,1532172379.49,2.8957850057274284,1.6300257116044849e-15,0.0006028496621512866,4.925010007108944e-10,369840584635.8601
699,25737.0,110.83092,7.196229482729773e+16,3.7620937871847344,3.6333682575083724e-06,2442719976350759.5,30210478964.4,2.8957850057274284,1.5401248704753382e-15,0.002027909079657375,1.7330010380621106e-09,1316717312039.438
700,108667.0,12.404437,1.935451755763762e+16,0.05090190292839829,4.050563009991674e-08,79421724173765.44,1729841101.91,2.8957850057274284,6.40906546136305e-16,0.0006303346071933485,5.135126464395526e-10,983504710621.7136
701,72865.0,6.7249413,7962634243287728.0,0.014188069135482482,1.0801484500590287e-08,16799314686111.316,461472175.72,2.8957850057274284,8.44562376536249e-16,0.0003239862041839724,2.531480785926507e-10,383614299174.34503
702,54525.0,6.11905,5437718069144016.0,1.450647808669603,1.4561911547236434e-06,1289123932827297.0,5877544768.03,2.8957850057274284,1.1252973990546068e-15,0.000761731780750462,6.782121944569015e-10,676915970294.0873
703,57087.0,38.9402,3.618341303191715e+16,0.13493121710360173,1.1131467178606934e-07,125378707848416.42,6856974378.08,2.8957850057274284,1.0761892463171206e-15,0.001139455696001762,9.949838181023017e-10,1058787476181.4882
704,34194.0,10.523528,4882006378793143.0,0.03552216518009286,2.7990907125771772e-08,16479210868993.46,899218409.25,2.8957850057274284,2.155574405988685e-15,0.000555516492378076,4.657711831869164e-10,257711582970.51703
705,42370.0,59.71126,5.507399975734622e+16,0.7088834319306576,5.566352901828123e-07,653830549851666.0,5334883216.85,2.8957850057274284,1.0842005349726796e-15,0.0012475334730948108,1.0339239501975112e-09,1150648272947.2615
706,62575.0,86.03283,1.3493791109994293e+17,0.13303860858729988,1.0565376348230293e-07,208663970933109.78,4024641052.14,2.8957850057274284,6.375734535884363e-16,0.0010560550323671964,8.82621641734696e-10,1656366064840.7368
707,92264.0,61.273743,7.950948013776045e+16,0.10430403555948387,8.210669793636438e-08,135346059136701.36,2903013402.06,2.8957850057274284,7.706470083043598e-16,0.0009088700777337906,7.478752352284997e-10,1179359769051.1516
708,57950.0,26.006567,2.295959978412977e+16,0.19914346156793336,1.6356556004793922e-07,175811523959543.66,5156648295.32,2.8957850057274284,1.1327099446209149e-15,0.0009686447809934507,8.314500003963269e-10,855156949573.3773
709,81666.0,10.190581,1.3954012454315876e+16,0.029474180818371352,2.1840597802816577e-08,40359140094201.88,890703577.1,2.8957850057274284,7.30297542256251e-16,0.0004660043897871038,3.7101037265795877e-10,638102092398.3741
710,64280.0,30.321005,2.1956032175321612e+16,0.17780475463194723,1.422074453046518e-07,128751897030596.38,4557174716.56,2.8957850057274284,1.3809874551960505e-15,0.0010687211793063412,8.978515373915509e-10,773881888126.653
711,61380.0,107.43173,9.284651361925346e+16,0.2198125019416848,1.8402558133707885e-07,189970174130220.3,7279783181.12,2.8957850057274284,1.1570895428616506e-15,0.0012111882696690568,9.998573591916027e-10,1046754140283.3977
712,123853.0,5.3236265,9875119379177312.0,0.010945181831858438,8.399676906694441e-09,20302885113447.516,208154558.43,2.8957850057274284,5.39094900586762e-16,0.00026336240066117964,2.1376973087628654e-10,488526974331.4778
713,13228.0,29.474607,1.0580988873876206e+16,0.17064533936830287,1.3956617552646316e-07,61259389726039.164,5462445072.66,2.8957850057274284,2.78561931699701e-15,0.0009010329933880885,7.18674568774635e-10,323458768357.27576
714,21833.0,38.68155,1.4700674051048588e+16,1.2004261336559978,1.3624211944702099e-06,456214223919085.75,5652195642.25,2.8957850057274284,2.6312773050866245e-15,0.001136727569949765,9.882913746931684e-10,432005994865.04626
715,117943.0,6.829538,8745296283087701.0,0.01193948438927203,8.846106660146979e-09,15288637159861.225,328521205.13,2.8957850057274284,7.809384358089119e-16,0.00033749857312473174,2.580881002966467e-10,432170524140.1569
716,123599.0,13.552015,3.2503259641513716e+16,0.02799330989869435,2.1700990597946528e-08,67139375204544.74,853506416.03,2.8957850057274284,4.1694325890598174e-16,0.0004419262387351558,5.69269845353629e-10,1059919375827.6053
717,146028.0,0.4616988,5531030263111245.0,0.0001429161728743857,7.844726296108457e-11,1712098184479.2876,1821812.1,2.8957850057274284,8.347428562798914e-17,2.9574486407319795e-05,1.6233554715834743e-11,354294573290.76434
718,94068.0,5.194645,7612350883757607.0,0.009674621443241755,7.667704070291694e-09,14177410216382.77,326057775.6,2.8957850057274284,6.823969466625296e-16,0.0002589956860695271,2.1057764671433928e-10,379538166658.31305
719,46975.0,18.997885,5728715665953756.0,0.09345176116021524,7.331880637601114e-08,28179903613980.914,4461990370.37,2.8957850057274284,3.316255528775157e-15,0.0008215057600227184,6.589312498424825e-10,247720886673.08987
720,95224.0,14.99595,1.3901854173457848e+16,0.04551739601722317,3.5071937443652744e-08,42196473166886.23,1512702485.1,2.8957850057274284,1.0787014316860737e-15,0.000614329202693123,4.949085337173335e-10,569508099876.0615
721,130518.0,1.0320361,5404034755337484.0,0.0012111797352130763,8.777928548514003e-10,6342081816761.948,40043194.74,2.8957850057274284,1.9097510410729196e-16,9.737367560750331e-05,6.861266358161261e-11,509876279752.1382
722,89490.0,24.333033,3.5166103607661044e+16,0.06230987182884211,4.8722030161909614e-08,90050237819228.77,1799032387.11,2.8957850057274284,6.919456665281215e-16,0.0007006081403290215,5.582457094160173e-10,1012519008673.5632
723,87721.0,8.233745,6977559284854905.0,0.024712613324578973,1.8921889947323577e-08,20942320238961.133,858793175.24,2.8957850057274284,1.1800322525201185e-15,0.0004335553485098088,3.361515527454004e-10,367409744592.90643
724,123585.0,9.528122,1.602474051262003e+16,0.025204151009393116,1.8877515053590305e-08,42389253597552.06,908557119.24,2.8957850057274284,5.945882239089162e-16,0.00046163324645002974,3.624848164623712e-10,776391505730.1007
725,109479.0,23.334034,5.036038541612383e+16,0.08695654825200179,6.88378255377623e-08,187672876641329.12,3273405481.02,2.8957850057274284,4.633410528373193e-16,0.0008689756175908675,7.164115184126038e-10,1875455697848.487
726,100716.0,9.7433,1.2297227618630828e+16,0.02956127108996628,2.2695051117205447e-08,37309913406070.47,764020313.93,2.8957850057274284,7.923167970997367e-16,0.00047284691686140816,3.732715638409979e-10,596790221527.8749
727,100758.0,22.20786,3.869689690723641e+16,0.06232475433496396,4.954391226860891e-08,108600044906124.94,2245371337.51,2.8957850057274284,5.738925282106297e-16,0.0006955404839247214,5.67836353670344e-10,1211969924218.014
728,30193.0,42.923767,2.073279797850971e+16,1.7986509250248404,1.9338037356891135e-06,868774314761321.9,6990501040.13,2.8957850057274284,2.0703316091003258e-15,0.0011432646409980536,9.5280896846141e-10,552213295673.3756
729,116894.0,9.049288,1.2726384164748864e+16,0.022160649850496372,1.6927193966139814e-08,31165429074409.094,970882284.48,2.8957850057274284,7.110651291720278e-16,0.0004652328057076608,3.915942259063193e-10,654275939883.8516
730,19363.0,45.82241,1.085105640583686e+16,3.360132104801604,2.7993226695462727e-06,795701993855529.1,12436216837.34,2.8957850057274284,4.222852438160012e-15,0.0012233916606889975,1.00739791294099e-09,289707414266.66
731,17178.0,29.35582,1.1559572180453144e+16,0.11752378710368311,9.228442922290642e-08,46277865852332.96,5347129018.78,2.8957850057274284,2.539524780133276e-15,0.0009227330479144641,7.464074255824911e-10,363348708046.8805
732,94395.0,21.066378,2.3133105821193884e+16,0.08002729993607455,6.434562852382103e-08,87878419252024.95,3197301319.49,2.8957850057274284,9.106593019904657e-16,0.0008457671999783793,6.947379070003279e-10,928741625028.9773
733,27392.0,88.8874,2.008108401248625e+17,0.2646955542744227,2.1476247559057798e-07,597989553425603.2,8163961940.6,2.8957850057274284,4.426424387484787e-16,0.0014756117601324946,1.248893089481142e-09,3333642757582.4395
734,57767.0,20.35828,1.6380706080835832e+16,0.22190484724642287,1.9302991082504418e-07,178549370607753.97,6462725984.05,2.8957850057274284,1.2428206635010456e-15,0.0010210024343434872,9.088126210532296e-10,821520324153.0497
735,118617.0,2.5271223,4009900623930092.0,0.0012113501365698233,8.46817658616326e-10,1922104707171.923,36612789.66,2.8957850057274284,6.302206805123202e-16,0.00010473341182478394,8.133538280772614e-11,166185298361.90692
736,61107.0,42.46044,1.0731514129036008e+17,0.1839488071261975,1.4799190896168894e-07,464914923795916.4,4441198627.08,2.8957850057274284,3.9566122254003073e-16,0.0011005105942137312,9.05294345315148e-10,2781446680947.835
737,70712.0,8.240753,9467537975426428.0,2.5995892552914164,1.7938211810637587e-06,2986585084516183.5,5894068132.07,2.8957850057274284,8.704219641251376e-16,0.001067738837388908,8.750216679953934e-10,1226691054909.3208
738,48559.0,31.585983,1.6383962752924958e+16,0.08186384111801047,6.439171534056209e-08,42463586575375.86,4074469956.875,2.8957850057274284,1.927859790474749e-15,0.000864060180559201,7.364837224303851e-10,448196588169.1117
739,2.0,12.65794,1.2416081755711246e+16,0.10997057742613951,8.298615674949211e-08,107869343672487.12,5464890542.91,2.8957850057274284,1.0194794339347438e-15,0.0008508948032322597,6.726232564375443e-10,834636555588.1581
740,26469.0,53.36187,3.869526172201128e+16,0.2546732448891253,2.0324746650286225e-07,184675834347232.84,11841154856.37,2.8957850057274284,1.3790285328305668e-15,0.0013498513249598778,1.1400892566503184e-09,978842201465.6938
741,121969.0,2.0657516,5269170772405471.0,0.0005245728869079283,3.410176690394013e-10,1338042833267.8606,15069030.65,2.8957850057274284,3.920449135598897e-16,7.726481252193679e-05,5.947706291605067e-11,197081532879.3537
742,18554.0,31.874012,1.5904838307768602e+16,1.9053439489629032,1.4819575369917007e-06,950749075106713.5,36992598591.92,2.8957850057274284,2.004045019711478e-15,0.0013838081869018688,1.1424135362246104e-09,690507535155.6201
743,56178.0,20.946598,1.6894284391569314e+16,0.1366488998781253,1.0651768436169643e-07,110212903132820.44,3760626079.02,2.8957850057274284,1.2398629923888872e-15,0.0008580801562972783,6.995192280770711e-10,692076593595.2208
744,17180.0,5.8247633,7065017736640303.0,0.008349331887371983,6.423002812004385e-09,10127137333353.875,227125706.16,2.8957850057274284,8.24451334324591e-16,0.00025246202063974524,1.9112152073981192e-10,306218220686.81323
745,25465.0,74.82743,3.1712420501151896e+16,0.34676526202769425,2.8360919278178644e-07,146961693119947.56,10816241022.13,2.8957850057274284,2.3595622414656756e-15,0.0016818305863019385,1.434217277953985e-09,712772291718.5035
746,82927.0,10.986973,4.251674423060679e+16,0.22281389437143567,1.8557718742196165e-07,862232150567382.8,3691708414.19,2.8957850057274284,2.584152008537554e-16,0.0007185318719738574,5.599732375481869e-10,2780532529046.135
747,858.0,27.343681,3.4385697592767084e+16,0.06019919475023097,4.811160528944247e-08,75702730221638.19,1895271053.48,2.8957850057274284,7.952050682185855e-16,0.0006916236111089322,5.773070960079693e-10,869742458581.538
748,71969.0,27.172302,2.085630330585045e+16,0.08608066619443551,6.848877881980693e-08,66071858134096.055,2509009225.73,2.8957850057274284,1.3028340450139999e-15,0.0008540264866893726,7.062018448683994e-10,655514407193.8921
749,6275.0,9.581351,1.0445321538356966e+16,0.0641296308330827,5.0294274404577705e-08,69912334303135.3,2420567295.25,2.8957850057274284,9.172863625897659e-16,0.0006487208762440005,5.271731978156653e-10,707217399823.184
750,83316.0,12.385325,9151951139852490.0,0.06096772867323608,4.838429012087242e-08,45051193563773.27,2369810874.27,2.8957850057274284,1.3532988551553418e-15,0.00069288092932868,5.663932536567618e-10,511994026071.3114
751,76853.0,9.681473,5270319805957910.0,0.0201406531684121,1.4985564030982377e-08,10964001376485.916,634515298.77,2.8957850057274284,1.836980175103499e-15,0.00040565677036457563,3.018643189113973e-10,220828061109.43475
752,10514.0,1.2021166,908787119082645.9,0.004513456897461524,3.1464397055782795e-09,3412124490209.8145,457962219.02,2.8957850057274284,1.3227702888366737e-15,0.00019204819293116497,1.3728294462570057e-10,145186352121.70065
753,78628.0,11.429687,5657538071882918.0,0.07482164710491078,5.793705146735606e-08,37035687599933.5,1865419147.87,2.8957850057274284,2.020258079535295e-15,0.0006279793997556436,5.104609083851017e-10,310841177232.21436
754,26470.0,21.887537,2.3169904139201347e+17,0.9607184765954864,8.103356101592877e-07,1.0170059339009672e+16,8655138169.65,2.8957850057274284,9.446537572405532e-17,0.0008374541889347286,6.923740852175946e-10,8865197248365.715
755,55317.0,12.808542,2.105893499759455e+16,0.27581921021713973,1.9454968775721554e-07,453483216048369.4,2209525254.83,2.8957850057274284,6.082236353102875e-16,0.0005243451636517203,4.331657773426415e-10,862092712632.2931
756,73303.0,18.901808,1.0170131652340508e+16,0.03898132638480532,3.071236596701004e-08,20973931240668.87,1557359422.88,2.8957850057274284,1.8585607980453256e-15,0.0005750043012239045,4.741111470823091e-10,309381485840.3581
757,24936.0,133.54973,5.54740732691587e+16,0.9605994607981008,7.589263609629301e-07,399015144924876.94,17953830798.18,2.8957850057274284,2.4074260664440545e-15,0.0023029235131755304,1.942929607236275e-09,956591583548.4485
758,15508.0,15.447661,2.1191027849770264e+16,0.43265142670355927,3.795707920112205e-07,593509168314734.6,4695743760.53,2.8957850057274284,7.2897176623584455e-16,0.000773467680629761,6.36608409522397e-10,1061039283625.0405
759,72757.0,27.620827,6.091914487205426e+16,0.23233471302268863,1.8586239118197708e-07,512426077663652.9,5915345750.41,2.8957850057274284,4.534014234443176e-16,0.0010716186358091634,8.790882223491365e-10,2363509641563.2876
760,77619.0,5.8780584,3751569276924157.5,0.036251381972659,2.7156191584843374e-08,23136818588714.562,2444804316.45,2.8957850057274284,1.5668265640610298e-15,0.000514122591219671,4.299539306635413e-10,328129866452.56116
761,58836.0,24.1142,1.7247181610393786e+16,0.07889960845073113,6.07813437441522e-08,56431309184576.73,2069004010.6299999,2.8957850057274284,1.398153074788051e-15,0.0006689362280493857,5.625643959964993e-10,478442768615.15405
762,12681.0,26.150595,9267780692684400.0,0.1364431311604405,1.0230446762117271e-07,48355496944453.3,8740638837.84,2.8957850057274284,2.821667437668458e-15,0.0010971425029890091,8.49057036044173e-10,388827715251.7935
763,63038.0,14.782186,7482759846469906.0,0.022094571230798322,1.685703590215692e-08,11184297804856.932,610806436.22,2.8957850057274284,1.975499187906411e-15,0.00039832301821202375,3.048043681645536e-10,201631577805.99112
764,49243.0,26.559372,3.5774016243671976e+16,0.1037013821766143,8.476826569395562e-08,139680069637092.16,2968937344.88,2.8957850057274284,7.424207508347083e-16,0.00085522633252751,7.221239038486605e-10,1151942926657.1196
765,143087.0,7.525007,1.018596619207593e+16,0.013647478826879701,1.065292082322293e-08,18473439019746.918,383253283.93,2.8957850057274284,7.387622203040497e-16,0.0003363291799451755,2.722416858318035e-10,455260394618.9259
766,86013.0,13.369149,1.602561345989454e+16,0.07185950663227954,5.626600870037175e-08,86138068826044.2,2376114863.79,2.8957850057274284,8.3423633257206855e-16,0.0006926174856603432,5.592579946412294e-10,830241334041.2849
767,44137.0,52.752018,6.733606472760219e+16,0.8674166314647735,7.515113141211602e-07,1107226313922448.4,13993002374.03,2.8957850057274284,7.834140324861612e-16,0.0012546639753434799,1.0534887118303142e-09,1601533701613.448
768,181520.0,0.96473,4751635619215816.0,0.00014707641028160752,9.650163002424536e-11,724403211095.8357,3161597.1,2.8957850057274284,2.0303114070838912e-16,2.515583295663208e-05,1.61149865934737e-11,123901352614.48914
769,77029.0,118.74773,1.4787200590818163e+17,0.22491187005512342,1.8405043986368886e-07,280074148597294.34,5156235477.96,2.8957850057274284,8.03044019526821e-16,0.0013045512094377613,1.0999919139390672e-09,1624507720269.736
770,43524.0,20.367088,1.1030399205380398e+16,0.2635467853577424,2.0182518523794175e-07,142731560436651.53,6449651580.83,2.8957850057274284,1.8464506697151413e-15,0.0010563689411973473,8.588837666585018e-10,572107859973.4902
771,126232.0,0.4483503,5486119688690634.0,0.0003216796996708152,2.7702237992933354e-10,3936148439771.6465,6408094.2,2.8957850057274284,8.17244838686717e-17,5.988800973831553e-05,5.808072542448678e-11,732803768263.0508
772,36566.0,66.83632,2.937626840512399e+16,0.32908584879015185,2.715295428616323e-07,144641629317526.0,11455650307.55,2.8957850057274284,2.2751807369904746e-15,0.0014416461337775947,1.1743956812939623e-09,633640268809.8314
773,12852.0,19.624714,2.368824001825286e+16,0.16315777430899664,1.2966341606173953e-07,196941495232768.38,5597313291.59,2.8957850057274284,8.284580865812855e-16,0.000995592340074718,8.223565262654054e-10,1201741350830.5876
774,51739.0,47.55707,3.5455435169571064e+16,0.41757055980376373,3.205253622030258e-07,311313247679973.56,15551997436.24,2.8957850057274284,1.3413195966302772e-15,0.0014454820667376778,1.1837078068426435e-09,1077656712366.7484
775,68259.0,37.094666,3.621265680608271e+16,0.14727093015968556,1.2733711233804008e-07,143769232249867.66,3268679052.78,2.8957850057274284,1.024356379004181e-15,0.0008730569781760246,7.245410678784098e-10,852298083040.9425
776,23145.0,34.929573,3.837633212877414e+16,0.13379926269978037,1.0565324659233269e-07,147002224846890.44,4680196584.33,2.8957850057274284,9.101852903188264e-16,0.0010714193057427509,8.786865326846177e-10,1177144167389.748
777,54639.0,32.943226,2.0127847377869732e+16,0.07610702642197661,6.017741104808776e-08,46500321862984.65,2920158568.19,2.8957850057274284,1.6366989167565226e-15,0.0008065970997103491,6.578495985575022e-10,492819474279.8498
778,38151.0,3.9646385,2377250558302338.0,0.07646343945645677,5.963032114732754e-08,45848506525268.04,1666691957.13,2.8957850057274284,1.667741116372378e-15,0.0007596704360753988,6.162015542915992e-10,455508608990.7119
779,3016.0,1.9468503,2036499551126404.2,0.02353966791109792,1.723675359053578e-08,24623630863973.227,1292525721.58,2.8957850057274284,9.55978752326845e-16,0.00041933497292588866,3.189796679194187e-10,438644658058.8015
780,14012.0,52.666363,1.8598330047360084e+16,0.31602183491299796,2.513245132009712e-07,111598334365414.19,9579166817.89,2.8957850057274284,2.8317791364002413e-15,0.0013750894031293967,1.1554199915285165e-09,485592038395.131
781,6925.0,9.978935,8630330048920653.0,0.09654159825247728,6.996062571780866e-08,83494466731087.06,2725237478.63,2.8957850057274284,1.1562634271731021e-15,0.0005145050769848338,4.129101598487685e-10,444972196554.4866
782,14575.0,17.220356,1.5053585169125738e+16,0.13182579760301316,1.033438979992586e-07,115238667058038.2,4198394396.75,2.8957850057274284,1.1439371954608006e-15,0.0008532808444761096,6.973867071349078e-10,745915814139.0718
783,63247.0,6.8607306,5815172463295162.0,0.07141179374219016,5.2597083407207226e-08,60528815476896.58,2264003489.12,2.8957850057274284,1.1797983023382893e-15,0.0005490369363649073,4.4079900095553145e-10,465365084249.3578
784,41151.0,93.37691,5.430475627396576e+16,0.2868317753017731,2.3178749965410168e-07,166811363209509.75,13321442281.85,2.8957850057274284,1.7194978194712165e-15,0.0016440778342687401,1.4021414429631503e-09,956138365313.1531
785,95823.0,23.886309,3.667649396642331e+16,0.08299255972470146,6.713107534958912e-08,127431832017288.2,3035487918.89,2.8957850057274284,6.512702392400838e-16,0.0008453492023644415,7.032069624004272e-10,1298000663059.3367
786,49196.0,127.24181,8.403380516803394e+16,0.16745082886708673,1.2840163655373955e-07,110588888418378.81,3859459487.09,2.8957850057274284,1.5141740844124264e-15,0.0011987484547265669,9.55267961602382e-10,791684699313.6459
787,60366.0,14.47998,1.9518638557109172e+16,0.10835169599984039,8.313240114707359e-08,146055284003890.62,5491311432.0,2.8957850057274284,7.418539954840258e-16,0.0009088312700539651,7.39609906201653e-10,1225081047734.9983
788,31914.0,17.855785,7860763918923027.0,0.3461592349723797,2.6799746957802634e-07,152391845246393.84,5182658123.76,2.8957850057274284,2.271507602081294e-15,0.0008133148294058971,6.529926218255109e-10,358050674653.55975
789,46372.0,66.87909,4.250693134858917e+16,0.2791183543981933,2.2245540713876354e-07,177401706998931.72,7446016749.7,2.8957850057274284,1.5733690454279233e-15,0.0014608523250566646,1.208489099172338e-09,928486758590.9214
790,87473.0,1.9332843,3845907053454193.0,0.0026724174553839943,2.142192333418506e-09,5316274042796.193,83575666.23,2.8957850057274284,5.026861734122318e-16,0.00012571234534456495,1.006508863769395e-10,250081167920.79245
791,69173.0,73.28573,7.0310121767049624e+16,0.6662707859123477,5.484412627210719e-07,639218304673024.6,11773295010.46,2.8957850057274284,1.042321192997064e-15,0.0017003953837427845,1.4741777826349795e-09,1631354514488.4856
792,8913.0,29.871262,2.379207275338296e+16,0.08461913505249814,6.908475118952284e-08,67398043560977.57,2988808386.89,2.8957850057274284,1.2555132253347977e-15,0.0008073627527953178,6.909581936917308e-10,643053961124.1648
793,39383.0,104.660385,1.183605230349121e+17,0.5899242971861758,4.718294305700921e-07,667145915486157.4,9514358614.48,2.8957850057274284,8.84250781564466e-16,0.001185797723458921,9.602988847832793e-10,1341019706378.9316
794,11.0,104.35879,6.32326113306887e+17,0.7691914658778636,6.565171543322829e-07,4660650530802212.0,10091207850.88,2.8957850057274284,1.6503950699463128e-16,0.0015070734185021989,1.272951729455691e-09,9131591859100.887
795,118943.0,1.9118072,4624747152720576.0,0.0022226096277067208,1.60827101371678e-09,5376592130914.663,53938066.4,2.8957850057274284,4.1338631861751645e-16,0.0001044638014800473,7.886724762462107e-11,252702609581.76965
796,45283.0,9.829469,1.0442565370025032e+16,0.030869655333188677,2.4309176562020743e-08,32795097453073.473,959530950.98,2.8957850057274284,9.412887208937277e-16,0.0005055909220538706,4.1053451324003364e-10,537126293804.75946
797,236721.0,0.75915414,4928038436770143.0,0.0005184872591078278,3.212244503546374e-10,3365752759853.1914,8055910.8,2.8957850057274284,1.540479340290115e-16,5.287511459015508e-05,3.244735924118897e-11,343238063680.862
798,27845.0,2.9787323,2677714957707296.5,0.1721259264575589,1.3356125675898256e-07,154731651409101.66,10183078126.61,2.8957850057274284,1.112415752627546e-15,0.0011525766442803595,9.426834896788663e-10,1036102411852.7203
799,123733.0,17.140923,4.500725452846474e+16,0.05414026320284339,4.436993137082613e-08,142157140908249.0,2269133890.07,2.8957850057274284,3.8084800282939413e-16,0.0006962505197653762,5.933316108015365e-10,1828158516239.537
800,31344.0,21.479656,1.2305364101993246e+16,0.6800652691980069,5.750242783746292e-07,389598918651282.4,7508011252.14,2.8957850057274284,1.7455522503816593e-15,0.0008455226623497057,7.008133229179618e-10,484386910884.41205
801,40229.0,63.271954,2.807781678326668e+16,1.6207699803279025,1.5084665195721452e-06,719239405115663.0,9908647426.18,2.8957850057274284,2.2534499205688847e-15,0.0015779938114656373,1.3178455348971953e-09,700256880378.008
802,107105.0,6.3221374,6556190188608740.0,0.003577049169812861,2.6183291055068368e-09,3709475638934.7246,89925909.7,2.8957850057274284,9.643004882598734e-16,0.00016388914774444026,1.2183953873542966e-10,169956512248.77643
803,85935.0,19.77104,2.187241779275284e+16,0.07864592753364566,6.646442121131706e-08,87004860883112.97,3219003181.17,2.8957850057274284,9.039256742137988e-16,0.0007540541211943667,6.379421078025832e-10,834199251891.1637
804,66696.0,39.31286,3.2553519777646516e+16,0.15025531377701518,1.19750737932392e-07,124420846734034.27,4356415188.19,2.8957850057274284,1.2076377690806544e-15,0.0011731942749199976,9.697760346993897e-10,971478621286.5155
805,20233.0,17.139036,8249699816476651.0,0.06915923087101808,5.3526452246367114e-08,33289088967681.973,2518737323.23,2.8957850057274284,2.077534502015357e-15,0.0007456321386428156,5.91360494190684e-10,358902409524.1254
806,121592.0,3.505517,7320908547089245.0,0.002983123720071201,2.064093339590396e-09,6229944381754.223,92548028.06,2.8957850057274284,4.788363326016107e-16,0.000131248399403372,9.059883525311858e-11,274098664757.27515
807,30409.0,26.636822,1.588731587145147e+16,0.3759926897877419,3.341241053390319e-07,224257782253998.7,8876629005.87,2.8957850057274284,1.6766093288209073e-15,0.0011189944577904409,9.504423761427608e-10,667415144694.0745
808,85365.0,19.932518,3.0919277872142376e+16,0.08371468159611074,6.732580106194767e-08,129858029088350.56,3639835340.28,2.8957850057274284,6.446631154331966e-16,0.0008158716110606379,6.890476776140688e-10,1265578240058.5981
809,94444.0,10.007184,1.012571037791976e+16,0.04921986233098632,3.8679455337058505e-08,49802828728306.586,1733532143.3,2.8957850057274284,9.88294512335824e-16,0.0006030081233552898,4.862820583923606e-10,610150229338.1011
810,56834.0,75.57646,3.1064355582119644e+16,0.10442487199513954,8.457949227409691e-08,42921980670626.04,4678787563.12,2.8957850057274284,2.432899655690946e-15,0.0009628845573640345,8.198220901517073e-10,395776519229.5094
811,29295.0,99.90486,4.804214760128253e+16,4.558051527017083,3.67451150888996e-06,2191871188600894.2,19014408792.24,2.8957850057274284,2.0795252707922855e-15,0.0015423821365185392,1.2818953009309316e-09,741699155178.2882
812,68626.0,41.05415,8.571552157374186e+16,17.181564941377534,1.809417053271853e-05,3.5872787535566876e+16,8369150034.76,2.8957850057274284,4.789581775417505e-16,0.0012228113144584177,1.0855788374291538e-09,2553064905863.9907
813,83268.0,1.9251528,6405110300342675.0,0.0009102955929873608,6.375515381237485e-10,3028613458110.903,17241344.2,2.8957850057274284,3.005651284251895e-16,6.90563611491508e-05,4.796046043851853e-11,229755066766.96494
814,53181.0,43.70638,6.009406618971522e+16,0.18711718906168234,1.5098366452450201e-07,257276689231782.5,5284623203.49,2.8957850057274284,7.272994285662121e-16,0.0012477342201599813,1.0492554910200416e-09,1715571566747.6147
815,45000.0,30.658281,1.8735933249375584e+16,0.39850779288475696,3.2784652831998816e-07,243536661655778.97,7127965278.38,2.8957850057274284,1.6363359429144932e-15,0.0011251423984521924,9.231753075382509e-10,687598658040.9587
816,152309.0,1.0324674,4598389242006591.0,0.0006738748949855006,5.700900353730748e-10,3001294827865.4097,7753225.2299999995,2.8957850057274284,2.2452805660041603e-16,3.906448562690254e-05,3.4322769983668347e-11,173984873954.635
817,106561.0,20.640722,5.154526152473749e+16,0.0816520416074634,6.699224488230727e-08,203906425302634.66,3054578279.62,2.8957850057274284,4.0043878698906492e-16,0.0008420038697959975,7.252719837325234e-10,2102703077609.1895
818,36200.0,20.720615,1.5243528900932394e+16,0.6452854035124551,5.026047200352676e-07,474716927938284.25,10669269427.24,2.8957850057274284,1.3593056525600572e-15,0.001231402707772983,9.901188941874884e-10,905905677250.5968
819,11058.0,25.227415,2.6575074718157772e+16,0.156937628819457,1.299352267019167e-07,165321306680354.7,4326846359.76,2.8957850057274284,9.492885821601486e-16,0.0010417316515388695,8.920220201620549e-10,1097381419218.5505
820,7890.0,0.15277019,42830414139596.55,0.022817891392257622,1.8086744566715628e-08,6397188732453.166,1417395376.81,2.8957850057274284,3.566862311956133e-15,0.00046994477674333564,3.77487238761935e-10,131752990623.74216
821,111798.0,1.1239727,5206007143352514.0,0.0011814550747296457,1.2878545986406969e-09,5472253515225.605,40415730.0,2.8957850057274284,2.158991851240901e-16,6.216499953566124e-05,6.938548412859701e-11,287935313419.23
822,38448.0,37.57959,1.9340672575672344e+16,0.14455465767245543,1.0933280872073301e-07,74396349277130.55,4175311051.68,2.8957850057274284,1.9430342896797433e-15,0.0009358744571372198,7.443201673544341e-10,481656171539.5529
823,69609.0,35.391205,5.9606948965971496e+16,3.222296671943992,3.6919416680927494e-06,5427090523698906.0,7742010936.41,2.8957850057274284,5.937429379283309e-16,0.000992993805307151,8.577378585254827e-10,1672430511379.0046
824,88677.0,17.602842,2.669202062210629e+16,0.0471909864971069,3.847132332110912e-08,71557921428728.2,2051334659.245,2.8957850057274284,6.594795594238885e-16,0.0006442678578365086,5.346544941054885e-10,976933778507.6028
825,63393.0,14.929344,2.1324099646256824e+16,0.2021705680623065,1.5992255457296751e-07,288767231761889.25,4605050457.05,2.8957850057274284,7.001160305786067e-16,0.0008248830295761897,6.588943102439166e-10,1178209030429.5276
826,68712.0,23.231842,2.9581834491975164e+16,0.15029941881932013,1.237842622926856e-07,191380973224300.75,5530279065.82,2.8957850057274284,7.853414907821973e-16,0.0009112734094899944,7.589807806234068e-10,1160353069570.2444
827,59485.0,54.547226,7.549987468498814e+16,0.17059892073348296,1.415878554178375e-07,236129278815611.78,5321020823.7,2.8957850057274284,7.224810137445934e-16,0.001126319614292717,9.690686041053284e-10,1558960848611.1523
828,53137.0,36.72677,3.9533539334839e+16,0.25245646322777543,1.9847223802390893e-07,271749939331708.03,9191181751.94,2.8957850057274284,9.2900283197347e-16,0.0011949778226402674,9.987039210960012e-10,1286301592969.0867
829,44834.0,205.3418,1.162620715035411e+17,0.3029953900117509,2.3864168835850585e-07,171552366341336.78,8685425006.32,2.8957850057274284,1.7661976717294746e-15,0.001513389886754808,1.235142703067919e-09,856863255443.4775
830,98332.0,15.771561,2.7277390034853e+16,0.04372064811847927,3.4406189984182234e-08,75616178468594.27,1562572075.32,2.8957850057274284,5.781917177504257e-16,0.0005735932318413901,4.774890151001322e-10,992046780042.2203
831,17956.0,16.490467,3.985025473806285e+16,0.05166055009208868,4.135032873958918e-08,124840981221343.84,1833050144.55,2.8957850057274284,4.138108302793151e-16,0.0006704449392097104,5.54115625207355e-10,1620172528488.855
832,52431.0,33.217407,1.9152108778737876e+16,0.1672196474784612,1.3486242791673523e-07,96413572511836.61,4867988021.27,2.8957850057274284,1.7343994535409604e-15,0.001076896339234667,9.032761049942652e-10,620904450261.4833
833,105695.0,3.4029312,7727639295152715.0,0.0036270997572311167,3.0836564214806503e-09,8236698588386.992,129681011.64,2.8957850057274284,4.4035844195452325e-16,0.00017154455829017037,2.0617586022642143e-10,389556647372.9284
834,38364.0,71.318794,2.652163133538425e+16,0.27794108135665707,2.1711992538881707e-07,103359163542492.03,8061936346.82,2.8957850057274284,2.6890802114743564e-15,0.0014054134533167788,1.1407035809238942e-09,522637237565.4147
835,52118.0,20.041674,1.2071761087656644e+16,0.01891241841134227,1.4654905422904233e-08,11391573211475.383,655154550.5,2.8957850057274284,1.6602112860312137e-15,0.00041305810947560003,3.2850626345143026e-10,248798519171.03165
836,89569.0,16.490387,1.954765952073869e+16,0.044567346512627934,3.524826983812055e-08,52830010318837.984,1199387779.57,2.8957850057274284,8.435990499274279e-16,0.0006297540269958283,5.051126998754991e-10,746508696340.9976
837,46725.0,15.767955,3.178291279969468e+16,0.05444289767949589,4.3756943019002275e-08,109738635701973.88,2095319183.11,2.8957850057274284,4.961142202218632e-16,0.0006575832536403946,5.651542446008735e-10,1325467456559.3425
838,56886.0,35.57662,4.7932459905476984e+16,0.941016985478848,1.0455521207790234e-06,1267834294737322.0,9834540713.5,2.8957850057274284,7.422239557526829e-16,0.0013280613835326281,1.1694023952706892e-09,1789300080170.3477
839,157443.0,1.01655,5086034384790819.0,0.0001315413517906524,1.0847647123957707e-10,658131757640.1785,2966550.2,2.8957850057274284,1.9987084692936248e-16,2.0349173825365307e-05,1.6802398359413202e-11,101811615540.69478
840,64680.0,17.017395,9588505121989766.0,0.03859786976877463,3.0029811881228085e-08,21748091995031.523,2043463368.92,2.8957850057274284,1.7747703926207657e-15,0.0005845782308585295,4.722985336615304e-10,329382456056.9186
841,42770.0,44.13287,5.791692825903538e+16,2.2991086524860505,2.1482853148099927e-06,3017191288165988.0,10848463408.99,2.8957850057274284,7.620029467483889e-16,0.001281523200363444,1.033874321298124e-09,1681782473193.7673
842,15320.0,1.116745,573947953620240.1,0.18316336932041494,1.383624556257439e-07,94136298796628.08,8232429801.05,2.8957850057274284,1.9457252054929503e-15,0.0012065307558277703,9.439600271101401e-10,620093090443.414
843,38061.0,38.383076,2.9889886631776948e+16,0.19982011701343486,1.6447584813554557e-07,155605054797587.66,5981947628.26,2.8957850057274284,1.2841492667019237e-15,0.0010877116346755494,9.113537280677416e-10,847028973095.2505
844,22875.0,88.37773,3.38307147129708e+16,0.7579196747570747,6.382165425532657e-07,290129247402645.56,17419567679.29,2.8957850057274284,2.6123518450562237e-15,0.0015830776789680266,1.272917481050997e-09,605997114042.6359
845,104415.0,9.155627,1.1281233258581752e+16,0.018181261758612215,1.4423514633194347e-08,22402294767385.855,559433288.64,2.8957850057274284,8.115803290420593e-16,0.0003792312229636479,2.9845362791827186e-10,467275030447.41077
846,68471.0,24.893896,1.4309231115003444e+16,0.09916022740887317,8.01705122667462e-08,56998173825819.195,3338428252.22,2.8957850057274284,1.739708849478179e-15,0.000906515193164982,7.575928221944352e-10,521072933230.6891
847,17179.0,26.177135,2.136943725162874e+16,0.3163280445751669,2.487146343818435e-07,258231173865262.47,6622605242.89,2.8957850057274284,1.224980082150026e-15,0.0008880862851832186,7.375508841455114e-10,724980183861.0243
848,91294.0,20.531942,3.916662919721356e+16,0.0618598277083742,4.972654799196116e-08,118003495921496.83,2293913863.49,2.8957850057274284,5.242202972488811e-16,0.0007068380389595796,6.027538804100844e-10,1348360684752.3457
849,125809.0,8.458278,1.2296659145653314e+16,0.026354714689294838,2.055114629066615e-08,38314529673203.12,964962410.74,2.8957850057274284,6.878517083227338e-16,0.0004400711069024072,3.6602346186671777e-10,639776134270.9784
850,128530.0,5.7839737,1.1248120372572792e+16,0.00765570610352659,5.956070903982903e-09,14888087023892.814,179096931.67,2.8957850057274284,5.142169098850981e-16,0.00023711965911422662,2.0495260933469535e-10,461127696417.473
851,27393.0,31.875175,4.931640614943402e+16,0.11329050708319269,9.404662705847818e-08,175279999566749.4,3707725829.45,2.8957850057274284,6.463401834962343e-16,0.0009746818710971848,8.402059593042789e-10,1508001352824.543
852,62370.0,20.414547,2.1511465528710496e+16,0.06639946414747655,5.55096286815054e-08,69967253455748.51,3388720669.14,2.8957850057274284,9.490077267284982e-16,0.0007496320228740539,6.661864344834757e-10,789911400888.4315
853,45535.0,26.90798,2.010986012609674e+16,0.1432566237805935,1.0975972348015931e-07,107063802870546.19,4293283505.03,2.8957850057274284,1.3380490879238529e-15,0.0010170458496617267,8.312049963178742e-10,760096067357.1385
854,60719.0,62.085987,5.550260205185201e+16,0.19506634925895197,1.591330356690439e-07,174382183158772.8,7579567863.67,2.8957850057274284,1.1186139875387756e-15,0.0013216272679439597,1.1296969007116785e-09,1181486449004.5068
855,21552.0,74.87609,2.3043593306310636e+16,0.8623312801825425,7.659383550584501e-07,265387940473877.78,13957118212.16,2.8957850057274284,3.2493235323457436e-15,0.0015332312976482343,1.2508116710237526e-09,471861691329.1388
856,3.0,17.966827,2.9988877676795524e+16,4.699622995627688,4.7457092800137515e-06,7844257594450823.0,24415478956.4,2.8957850057274284,5.991163521902048e-16,0.0017123210179544924,1.4824245221533954e-09,2858077586590.179
857,85581.0,12.08533,8265357692493060.0,0.04440675154296549,3.532477154595272e-08,30370514124502.836,1655398344.26,2.8957850057274284,1.4621666054424236e-15,0.0006362788339093665,5.95288274288961e-10,435161650896.02814
858,17181.0,5.1002626,5945866263915909.0,0.015188382693584593,1.1536425850234358e-08,17706557356719.02,516704057.36,2.8957850057274284,8.577829324807248e-16,0.0003522160165138913,2.7058559461060815e-10,410612059504.6998
859,56179.0,10.370158,2.5159053919062956e+16,0.020353864291645297,1.595365520206519e-08,49380536841848.914,509091446.92,2.8957850057274284,4.1218394115140215e-16,0.00039862176370280937,3.331857083463973e-10,967096783511.9729
860,26258.0,81.03368,3.7849041215765544e+16,1.0501269274718192,8.301030136670678e-07,490491081728808.56,22185923956.36,2.8957850057274284,2.1409704816048666e-15,0.00206791637878593,1.661340446369142e-09,965878042949.8611
861,33486.0,12.879307,9485305732082952.0,0.09195238988408883,7.154535350481059e-08,67720765631743.55,3646520083.81,2.8957850057274284,1.3578167498004024e-15,0.0008072802155451191,6.366407008031224e-10,594542831839.2659
862,59160.0,66.43653,3.97499353474363e+16,0.23344938853580735,1.923790917957615e-07,139676140538900.5,6203572005.2,2.8957850057274284,1.6713619637191402e-15,0.0015078980111559864,1.2890355162809701e-09,902197156503.7825
863,83794.0,22.324013,4.2350962238090536e+16,0.07300095698519198,5.9459018118092595e-08,138490367866401.84,2467369084.96,2.8957850057274284,5.271193810071626e-16,0.0007262003067328675,6.266313600822537e-10,1377677112431.9556
864,39601.0,0.83074045,535595204557580.94,0.02268297689398313,1.7940577122598463e-08,14624174914689.393,3495713035.9,2.8957850057274284,1.5510602838317394e-15,0.0004932028561016761,4.3586656755856447e-10,317977876967.66223
865,123481.0,2.1670802,1.1482325545393398e+16,0.005016650633293993,3.6317762399250866e-09,26580841686886.152,158757968.22,2.8957850057274284,1.8873182017291023e-16,0.0001948005948669519,1.4506050205725946e-10,1032155545834.7281
866,35147.0,11.142888,1.7050571548309586e+16,5.452951469151146,5.888255227111297e-06,8343971434893853.0,4937587662.75,2.8957850057274284,6.535199109559889e-16,0.000884786329067198,7.994375130868014e-10,1353878151582.108
867,6274.0,95.57379,1.6558022472784212e+16,0.7082654101175406,5.489006817477187e-07,122705969674551.61,75471909226.68,2.8957850057274284,5.772053405356285e-15,0.002743320392739883,2.285552487906982e-09,475276335834.6906
868,46620.0,108.07532,3.145832726142645e+17,0.33246356183021125,2.6454340486204245e-07,967727648694842.9,20390908667.12,2.8957850057274284,3.4355075240290897e-16,0.00168884126305775,1.3995237491347483e-09,4915842131753.253
869,152408.0,5.8396797,1.4067469565259606e+16,0.008023730862515496,6.394747241725308e-09,19328729571978.23,158920839.54,2.8957850057274284,4.151194124081428e-16,0.00022714506104146116,1.8394528793016826e-10,547180050491.432
870,79698.0,22.47659,4.391991943361311e+16,0.07450397549728055,5.944836908184749e-08,145582964378691.22,2609041710.67,2.8957850057274284,5.117630061679497e-16,0.0007620832444230124,6.336073399776655e-10,1489133124587.1902
871,42942.0,27.657972,3.658589662362582e+16,0.23167168672393176,1.833404287301822e-07,306454731427987.4,12954353872.95,2.8957850057274284,7.559736005523915e-16,0.001218394602570143,1.0329017190782487e-09,1611689352220.5793
872,103103.0,11.738509,1.6212410260680076e+16,0.017909035360149598,1.33401556423611e-08,24734711080578.6,562807933.02,2.8957850057274284,7.240446553754799e-16,0.0003886740403503997,3.057660409724916e-10,536809487460.1878
873,33985.0,35.26722,1.5548363338001786e+16,0.43487796391472383,3.3709233582078383e-07,191725931066768.38,12156821830.21,2.8957850057274284,2.268227158919249e-15,0.0012174782185512963,1.003303577269306e-09,536753214405.2948
874,28014.0,5.8086324,9519998024021958.0,0.00867111790488291,6.71061368751067e-09,14211439050704.385,224764311.43,2.8957850057274284,6.101505888281687e-16,0.00024640919621484283,2.058276431598837e-10,403849804829.4711
875,86074.0,6.2337713,6723905174391313.0,0.008161361323301083,5.62463494928938e-09,8803053078290.07,191990265.87,2.8957850057274284,9.271057723630549e-16,0.00026208918809768724,1.9480665853914236e-10,282696102117.51874
876,23559.0,123.87622,7.341821224093374e+16,0.617019421674634,4.581244717890246e-07,365691355913883.0,20797811922.34,2.8957850057274284,1.6872682706231001e-15,0.0018904416418870122,1.4966195522245908e-09,1120415570423.12
877,50914.0,25.340504,1.303108571643537e+16,0.10224034834904296,8.185273246741853e-08,52576015970897.43,4434180128.95,2.8957850057274284,1.944619546784153e-15,0.0008588322368438705,7.043404640967879e-10,441645379048.11993
878,124817.0,1.1840928,3916848529895695.0,0.0015753922119348944,1.136515525957611e-09,5211223874789.476,69867836.1,2.8957850057274284,3.023075288621212e-16,0.00011288532609484183,8.957154259566595e-11,373412222049.97565
879,48794.0,43.506145,4.1234680044135304e+16,0.34088019707935,2.6753143614941993e-07,323082770490209.7,7687946609.45,2.8957850057274284,1.0550862757618937e-15,0.0011450286470243583,9.40663764815701e-10,1085246461193.4374
880,29394.0,8.8634615,7565833882959884.0,5.435840737196086,6.484861589015181e-06,4640023317284312.0,3782705455.39,2.8957850057274284,1.1715115130881596e-15,0.0007446185968538359,6.433556023479273e-10,635605018418.4586
881,36387.0,10.455863,7721940453562808.0,0.11507315690800776,9.047388681555058e-08,84984669887806.06,7298711155.4,2.8957850057274284,1.3540460539521248e-15,0.0010314015477966103,8.601228291945831e-10,761718218362.0748
882,107419.0,13.903955,1.6944596094402116e+16,0.05571078367092952,4.4271218036986286e-08,67894115552482.266,2417480117.04,2.8957850057274284,8.205539348673743e-16,0.0006870777717612136,5.750562734804003e-10,837334077097.8882
883,47669.0,34.785164,3.1918360394458068e+16,0.4060058388052334,3.16282534559668e-07,372545050678492.94,12926486596.22,2.8957850057274284,1.0898167565662204e-15,0.001495260599551375,1.2530045842933944e-09,1372029371490.5076
884,98650.0,18.953604,2.6132994759919372e+16,0.04939636753543502,3.821824752675621e-08,68107100579002.01,2439500240.98,2.8957850057274284,7.252748555657108e-16,0.0006557852201193318,5.29060527068601e-10,904188550157.061
885,95994.0,19.517561,3.670111294373488e+16,0.06014458627793015,4.72901755240243e-08,113096777509265.7,2239002320.69,2.8957850057274284,5.317975242309859e-16,0.0007155293821262075,5.812540948610278e-10,1345492127216.8574
886,70541.0,30.103788,1.5530457117726016e+16,0.08392999078488099,6.617495573238543e-08,43299239377308.055,1875592545.81,2.8957850057274284,1.9383710197197226e-15,0.0008006354080048589,6.498068892696139e-10,413045490187.23267
887,27922.0,31.494095,1.919691099619309e+16,2.580911966506222,2.935371489954085e-06,1573169107098636.2,6531676735.51,2.8957850057274284,1.6405813938630829e-15,0.0012423097254596325,1.0678943698050355e-09,757237483069.5607
888,60062.0,56.727543,1.4587008516895734e+17,0.22311839767022768,1.8520838567506143e-07,573730113269975.5,7937942786.05,2.8957850057274284,3.8889086089374685e-16,0.0012139400358938852,1.0399546784130667e-09,3121544263354.5435
889,86168.0,27.503042,3.2456957452096404e+16,0.08875946198748073,6.891002350675144e-08,104747034208020.7,2925052101.51,2.8957850057274284,8.473696907848512e-16,0.0008905202879353516,7.126721752970025e-10,1050922988655.0856
890,66308.0,53.187557,9.933732671441378e+16,0.1947415719704487,1.5775050953439868e-07,363714903463360.56,5536549420.8,2.8957850057274284,5.354236796900084e-16,0.0012267464408074978,1.0327937960384315e-09,2291169567841.5664
891,50316.0,30.701355,2.48693355246203e+16,0.1554154710260709,1.216552192745366e-07,125892798368810.16,5262936468.53,2.8957850057274284,1.234506445482071e-15,0.001109207283330877,9.137795330864791e-10,898502626203.5715
892,58752.0,61.78352,6.7705398760348856e+16,0.4305470726761976,3.614076440164071e-07,471814510417063.56,8698889738.17,2.8957850057274284,9.125346151300278e-16,0.0011594798590696211,9.637639890790917e-10,1270614659263.535
893,14574.0,113.63737,3.795612279258657e+16,3.1380088665144763,2.914423405591829e-06,1048129236549990.9,12596630979.72,2.8957850057274284,2.9939140681196023e-15,0.0018927137915746577,1.5995884946069243e-09,632187079692.4445
894,42195.0,75.24123,2.386326189803289e+16,0.30070785101479997,2.3692569009507588e-07,95371516435348.36,6133345978.57,2.8957850057274284,3.1530153053469333e-15,0.0014952470734058885,1.2086214621760833e-09,474227661017.1301
895,6924.0,52.14139,1.4457088046289394e+16,0.09630511513495692,7.476161478986608e-08,26702232694872.72,6383242757.76,2.8957850057274284,3.606631559069933e-15,0.0009201624129986991,7.440038138411984e-10,255130694091.74356
896,3017.0,31.262487,9930352865765772.0,0.6175048387618997,4.918577308291065e-07,196146933071046.5,9602458061.09,2.8957850057274284,3.1481748355363418e-15,0.0014656177907619635,1.1915801226025247e-09,465545234088.71356
897,14013.0,22.084335,1.1638402087232756e+16,0.08820873262382037,7.137376059213325e-08,46485832508935.73,2877260107.26,2.8957850057274284,1.8975401291751517e-15,0.0008158435215388753,7.028542997772271e-10,429947967368.4251
898,35224.0,0.6807669,805718487939865.5,0.012805433149677272,1.0021316819028287e-08,15155810652329.016,876889900.67,2.8957850057274284,8.449190507476709e-16,0.00037784506963896134,3.1850627049775516e-10,447196769092.3826
899,53084.0,51.67865,8.456202556282475e+16,13.25940987944586,1.3698822946237524e-05,2.1696436674984196e+16,11209517702.08,2.8957850057274284,6.111330665986201e-16,0.0014090348796141354,1.2415829933515305e-09,2305610605324.292
900,40836.0,21.117613,1.3635365517500282e+16,0.12482934155305878,9.781143412668868e-08,80600667290609.17,3985322679.28,2.8957850057274284,1.5487383138278648e-15,0.0009899303548520143,8.12835678478722e-10,639185035982.8062
901,56379.0,13.137689,3.0119516410069772e+16,0.1309117965333356,1.0113529265024534e-07,300128889027401.75,3283082384.0,2.8957850057274284,4.3618525679939913e-16,0.0005353407161094938,4.0668199533259074e-10,1227324187978.449
902,156259.0,1.3679172,3789941609341290.5,0.0025150313218695185,1.912099849200548e-09,6968127789861.782,90439672.19,2.8957850057274284,3.6093358183366583e-16,0.00015149686089703428,1.2352257896655711e-10,419736119114.7094
903,45282.0,14.798571,6839166074112558.0,0.09114147810210613,7.623908232980696e-08,42121074053731.05,2994476487.74,2.8957850057274284,2.1637975799440207e-15,0.0007584834385477375,6.42026976093854e-10,350533453580.88446
904,93253.0,16.246962,2.0139691435828576e+16,0.028258694094505085,2.188726760251933e-08,35029403001176.69,980503633.99,2.8957850057274284,8.067135512859249e-16,0.0005030661071977064,4.1691582939659964e-10,623599425590.1669
905,8912.0,34.570362,1.4219413716493966e+16,0.4164446518609643,3.253171982342268e-07,171291200098869.38,5921756444.92,2.8957850057274284,2.431208676339428e-15,0.0010015200736435918,8.316601780804906e-10,411943278826.8672
906,177724.0,0.6561264,4575249795580452.0,4.0795125631541775e-05,2.7432505372196506e-11,284469410476.99097,1487109.0,2.8957850057274284,1.434077764745867e-16,3.714979416894453e-05,2.4981218033745023e-11,259050067452.42886
907,30109.0,9.211319,7200349400866792.0,0.04452643121606065,3.526445193587363e-08,34805641008556.836,2487184599.35,2.8957850057274284,1.2792877799640005e-15,0.0005834364452458652,4.765599169816728e-10,456063486561.4704
908,67517.0,29.799938,2.799025118963828e+16,0.09489520638316404,7.482199672678278e-08,89132422468708.73,3588994049.93,2.8957850057274284,1.0646541825616646e-15,0.0008609601385665851,7.296606074412301e-10,808675861766.7089
909,22721.0,31.68417,1.524416617873011e+16,0.4163617465807732,3.405652664948985e-07,200323620765310.22,5365245276.58,2.8957850057274284,2.0784455921379492e-15,0.0010155072223033527,8.149094026484038e-10,488589754836.3403
910,32598.0,36.996674,4.11235215407704e+16,5.5500494767100585,5.881214211030336e-06,6169137777299321.0,18995124764.53,2.8957850057274284,8.996475159191075e-16,0.0013979196131166023,1.2809253419428115e-09,1553852579349.863
911,47810.0,28.71865,3.1960054667969532e+16,0.12393139805890498,9.75935678147202e-08,137919235654896.6,5359546212.81,2.8957850057274284,8.985795017673083e-16,0.000968392920630498,8.081163791766104e-10,1077693090846.032
912,74414.0,42.07559,6.042114774262354e+16,0.17505687357220762,1.434581339392556e-07,251384168860570.4,4210962090.0,2.8957850057274284,6.963719090413465e-16,0.0010925917888869952,9.210189329315381e-10,1568977402306.622
913,73049.0,8.93453,1.6384332048076728e+16,0.061295937344602695,4.607454820717403e-08,112405799818465.77,2776950508.43,2.8957850057274284,5.453093829997653e-16,0.0005944691152127024,4.664547369151136e-10,1090150167493.007
914,90797.0,22.391762,2.2718164174115716e+16,0.1207927278130897,9.966480237492511e-08,122553509701337.72,3839832324.73,2.8957850057274284,9.856325462033765e-16,0.001043919003253286,9.082534653823948e-10,1059136092121.1733
915,56455.0,28.83867,1.608472978773871e+16,0.17374248794062724,1.3860736185360108e-07,96904641274179.45,4733614854.0,2.8957850057274284,1.792922254869556e-15,0.0009897733262773701,8.177551789100896e-10,552044754639.6155
916,37781.0,25.419498,4.65887642606952e+16,0.10967646285328186,8.772454506625132e-08,201014625576730.22,4326210957.76,2.8957850057274284,5.456143429295733e-16,0.0008853123024605647,7.530142360656328e-10,1622597195130.625
917,73637.0,17.287075,4.021465467741664e+16,0.07558488851268357,5.8158215845266966e-08,175831954819922.1,3526559768.84,2.8957850057274284,4.298700346594773e-16,0.0008258049472088368,6.754473716115228e-10,1921057251322.485
918,53555.0,11.6544895,6217318120107309.0,0.09105056317771384,7.179009204136779e-08,48572725239554.734,2642659891.19,2.8957850057274284,1.8745203759653925e-15,0.0006565387136974373,5.348970284460255e-10,350243572764.2143
919,116912.0,5.917579,7187699361919134.0,0.010926902263252927,8.439743480728137e-09,13272199395282.395,389213032.27,2.8957850057274284,8.232925032106506e-16,0.0003265353518582006,2.6210226485841234e-10,396621310876.49664
920,60865.0,10.043658,9716757257041040.0,0.034870318465300164,2.6582291888877575e-08,33735360164895.848,1649845353.55,2.8957850057274284,1.0336429875020373e-15,0.0005446466316877645,4.228770503066024e-10,526919486005.50146
921,97354.0,22.57109,3.961969394180698e+16,0.09089907314393593,7.443513359164016e-08,159557799714443.0,3815556115.37,2.8957850057274284,5.696936991273128e-16,0.0008669449649173458,7.577448654518726e-10,1521773834334.7986
922,29617.0,24.298855,1.5550104775711668e+16,0.31714537592767583,2.4995263317793103e-07,202957868788789.62,6633431914.58,2.8957850057274284,1.5626168022966221e-15,0.0011739701186467457,9.625371103563759e-10,751284714794.65
923,62811.0,15.431842,3.926000861245655e+16,0.15344815509120105,1.1944786083376414e-07,390386053100214.56,5170700136.66,2.8957850057274284,3.930677181538807e-16,0.0008887886424123646,7.124054735534437e-10,2261159086242.7827
924,67712.0,27.306759,4.55103674285491e+16,0.20158412301678322,1.6195688430602202e-07,335966912303860.25,5282547941.85,2.8957850057274284,6.000118334107362e-16,0.0009051682378063774,7.586281813415585e-10,1508583976854.2488
925,36287.0,42.991207,4.463409469524848e+16,0.15515598164861868,1.2665585846865198e-07,161085190686520.62,5057265607.18,2.8957850057274284,9.631920910132548e-16,0.0011815999724817507,1.0131496733633283e-09,1226754230548.8992
