,id,sfr,sfrd,snr,snr_solar,snrd,mass,z,halo_volume,snr_err,snr_solar_err,snrd_err
0,64288.0,1.8529516,969291266435404.1,0.01023469009564297,7.00886774621553e-09,5353834241746.877,1862353174.2,2.1032696525957713,1.911656139040932e-15,0.00039682289604315153,2.83272747737231e-10,207580687728.8274
1,145286.0,16.341616,1.875600589589041e+16,0.0393265575726476,2.6815603861598336e-08,45136854623046.586,2467809413.95,2.1032696525957713,8.712737717565219e-16,0.00044077531499136044,3.261779924464068e-10,505897605643.21844
2,108988.0,9.112341,5579828107650057.0,0.002162294938137453,1.4903683786544304e-09,1324054276815.2334,370989689.78000003,2.1032696525957713,1.6330863288614208e-15,0.0002642846191122798,1.8054562698543617e-10,161831382971.98145
3,84439.0,25.828686,1.3596149639157332e+16,0.21627319421206226,1.6546967223375038e-07,113845617676630.31,4945614886.97,2.1032696525957713,1.899705923036665e-15,0.0005734645955505302,4.373132971020375e-10,301870194010.7928
4,36221.0,0.2891003,79142315088706.14,0.008016030461845567,5.5980884224410535e-09,2194419060001.1433,1194451079.11,2.1032696525957713,3.652916896302109e-15,0.00045937890115989544,3.1633425049773716e-10,125756734741.1955
5,141680.0,23.205252,2.5248205113997656e+16,0.04555582592373103,3.4341268564493166e-08,49566487666668.42,3427675495.32,2.1032696525957713,9.190852139875465e-16,0.000532421358747232,3.826443098093775e-10,579294880000.5897
6,84297.0,18.364534,6.589113711880093e+16,0.03615827739301803,2.5756093017213154e-08,129734302742611.98,3470847609.83,2.1032696525957713,2.7871023028315576e-16,0.00047455075677943416,3.343651749583579e-10,1702667161866.6963
7,111727.0,13.980547,7730810477482809.0,0.030794356729303418,2.4387932590551617e-08,17028327693490.256,969841637.79,2.1032696525957713,1.808419316541328e-15,0.0003248570588891835,2.4082575168776797e-10,179635915143.0019
8,245300.0,0.37280285,5129495372430127.0,0.0,0.0,0.0,3214963.7,2.1032696525957713,7.267827006994308e-17,0.0,0.0,0.0
9,95452.0,12.2835,1.1251107212740336e+16,0.03947875402730192,3.0243291547032835e-08,36160678486309.14,2065699649.34,2.1032696525957713,1.0917592169142802e-15,0.0003684289570173608,2.6974927185591684e-10,337463564593.18823
10,171396.0,9.625498,4832491230030308.0,0.005186292789879769,3.156434414695979e-09,2603783661215.596,890834543.98,2.1032696525957713,1.991829377813404e-15,0.00029988226901387667,2.016305795670614e-10,150556203434.99615
11,86078.0,11.941873,1.1961625062315338e+16,0.004533608608855757,3.196247465163554e-09,4541107275083.029,750686847.57,2.1032696525957713,9.983487141410604e-16,0.0002527944862006004,1.9002312512794462e-10,253212612607.10364
12,114368.0,25.93018,1.7846240532031164e+16,0.04242651239824793,3.009556488065879e-08,29199710345024.016,4740792161.28,2.1032696525957713,1.4529771664491157e-15,0.0006236789988295908,4.3946426521259945e-10,429242119718.77014
13,54881.0,9.20609,3214236970674085.5,0.013108957155290058,8.938210922561902e-09,4576893636225.14,1674682537.13,2.1032696525957713,2.8641603229612875e-15,0.00048335214104981266,3.3199581506086556e-10,168758758779.9797
14,37312.0,44.852337,3.8172851447618344e+16,2.944366811519173,2.7081865123368806e-06,2505886747961852.5,5461753391.14,2.1032696525957713,1.1749800001592073e-15,0.0006468735359132739,5.136110399652435e-10,550540039682.0575
15,53768.0,60.071796,2.071166025778406e+17,0.05373121447161213,3.9252108400944205e-08,185255433244273.38,6979722080.06,2.1032696525957713,2.9003853506829913e-16,0.0009785034798961343,7.154897736887076e-10,3373701634735.2373
16,31963.0,27.107836,4.147258610505896e+16,0.48929357102330623,3.3064633195772506e-07,748575790222275.6,6602720261.25,2.1032696525957713,6.536326413629001e-16,0.0006602290499166566,4.2319780266733464e-10,1010091920348.4117
17,21114.0,38.818752,9152589504379962.0,0.16898776900248422,1.1261692245806025e-07,39843518950344.48,3939442932.79,2.1032696525957713,4.241286248162154e-15,0.0006976008837177333,4.661974996147176e-10,164478614010.08234
18,18723.0,1.5004343,367978861721318.9,0.0027766101525597397,1.7590376764958127e-09,680958735336.0227,220628500.42,2.1032696525957713,4.077501335216159e-15,0.00027103500142092277,1.6922190218511006e-10,66470855344.68733
19,104466.0,21.48396,2.9660898450599616e+16,0.03628906797716216,2.4602362725765017e-08,50100929257805.04,4089741082.99,2.1032696525957713,7.24319259437864e-16,0.0005935860985712056,4.1623210407325837e-10,819508926259.7837
20,7501.0,23.330465,2.367711069113254e+16,0.025901614711308148,1.735395812182694e-08,26286462725826.94,3628506407.79,2.1032696525957713,9.85359459789899e-16,0.0004963911882410875,3.367261556196737e-10,503766603455.4836
21,140101.0,16.824621,9543884148043160.0,0.048926435523094336,3.6202184697124766e-08,27753863365428.305,2931068086.87,2.1032696525957713,1.7628693662893692e-15,0.00044293693843145673,3.360233648641361e-10,251259081870.4771
22,234190.0,3.3911078,6349300307008179.0,8.173777608225604e-05,4.2807472188259535e-11,153040751689.8266,60193369.83,2.1032696525957713,5.340915748239204e-16,9.424554063489586e-05,6.7172160636403e-11,176459515703.77567
23,67237.0,46.03558,1.7544914905761954e+16,0.057135023006497136,3.5983170236461026e-08,21775094759048.19,6894356629.87,2.1032696525957713,2.6238702351803018e-15,0.0007311564738142819,4.849057437683915e-10,278655729239.61304
24,150691.0,10.905908,8081392997626025.0,0.0050877314902420265,3.3695927471643084e-09,3770062762224.2305,766919356.63,2.1032696525957713,1.3495084329154268e-15,0.00033357209981940586,2.2639190621104441e-10,247180448586.57855
25,96243.0,16.838472,1.1376895456470422e+16,0.07927202255909724,5.3293199847870544e-08,53560056594078.98,3443014943.57,2.1032696525957713,1.4800586033708692e-15,0.000558103366565658,3.884467159858379e-10,377081938035.8076
26,52621.0,8.257038,5944109783761337.0,0.023251007896251504,1.749281682082473e-08,16738029244678.377,500735755.76,2.1032696525957713,1.3891126342513613e-15,0.00023930093346309292,1.593004744941881e-10,172268920145.6008
27,78874.0,20.876368,7517403728857405.0,0.09521238366843628,6.708223631836846e-08,34285174893568.88,6237590417.35,2.1032696525957713,2.7770715466379597e-15,0.000627250945501485,4.2436568687529115e-10,225867765726.40396
28,106789.0,2.011443,3176311349841465.5,0.0003903971027801944,2.885546385422374e-10,616484160130.79,411280604.33,2.1032696525957713,6.332638014533412e-16,0.00011213965594283722,8.379053466255321e-11,177082055985.95178
29,146343.0,15.147511,2.9724544339856748e+16,0.009344360869030474,6.304339266073332e-09,18336799291917.902,2827479839.02,2.1032696525957713,5.09596070735697e-16,0.0003869231287163678,2.657463986061577e-10,759274160332.0687
30,162644.0,19.29302,3.4891307083046348e+16,0.015941572462002465,1.0888798281879187e-08,28830234984381.047,2050390534.6,2.1032696525957713,5.529463242543429e-16,0.0004221643363789461,3.021106158595579e-10,763481585573.8647
31,61288.0,0.6920304,231265301701573.5,0.004607637187467972,3.527381808442136e-09,1539797390824.4062,329994668.85,2.1032696525957713,2.992365888476436e-15,0.0003196881529121397,2.4152938144310113e-10,106834580003.48648
32,112798.0,20.20018,1.6605493339731504e+16,0.023517723704559255,1.612146439912242e-08,19332669527781.652,4351228096.05,2.1032696525957713,1.2164757521336382e-15,0.000559974154956368,3.882804940559916e-10,460324962478.04456
33,40472.0,4.06293,4356527251453719.0,0.013886544611657272,9.351921451357955e-09,14890020263507.545,2535567803.46,2.1032696525957713,9.326075026029622e-16,0.0004594372469562217,3.130914662449098e-10,492637305269.2643
34,101101.0,27.013292,2.9750886402861612e+16,0.02967826913257192,2.1259104076540007e-08,32685938966516.98,4306581573.7,2.1032696525957713,9.079827617304775e-16,0.0007144660847097565,5.208795787929963e-10,786871860153.0413
35,19975.0,31.59187,6264224950086185.0,0.022197036858939093,1.5383536861980437e-08,4401361239766.717,10612444585.98,2.1032696525957713,5.0432208695770654e-15,0.0006552024372372376,4.759854410401739e-10,129917458342.88321
36,155769.0,8.478963,7988551265977214.0,0.005244154204745018,3.773631000713066e-09,4940839429455.646,907611248.81,2.1032696525957713,1.0613893205031333e-15,0.0002601429882872783,1.8602755964957433e-10,245096670243.4522
37,144048.0,13.661522,8743877268546240.0,0.004969537190354056,3.952382905718383e-09,3180686842500.563,746355058.33,2.1032696525957713,1.5624100819831577e-15,0.000319540317617665,2.557620141932244e-10,204517572756.61868
38,105764.0,14.011396,1.2593998014416892e+16,0.04394525854333144,3.4575738530950626e-08,39499739985776.805,3690381151.5,2.1032696525957713,1.1125455144554216e-15,0.0003707545126728022,2.5829264528119073e-10,333248849467.77423
39,90619.0,0.30808654,409333067426023.4,4.260559959856168e-05,3.356627810776709e-11,56607084402.98691,22758397.3,2.1032696525957713,7.52654902613454e-16,8.330544593812101e-05,6.851647688329619e-11,110682127557.87329
40,76089.0,27.011597,2.135335020549662e+16,0.06046487920013614,4.232111974930011e-08,47799015389336.49,3377733397.24,2.1032696525957713,1.2649816885898717e-15,0.0005851315891054681,4.090708584794298e-10,462561311664.3126
41,90854.0,44.654774,2.673363102300287e+16,0.08099783430946367,6.099801849961808e-08,48491259100124.98,5789128578.15,2.1032696525957713,1.6703594794727637e-15,0.0006532477864149334,4.904736932258153e-10,391082155932.76135
42,17839.0,15.918174,2.074305257824284e+16,0.12446778176593415,8.131787174885169e-08,162194592260897.97,1612459843.28,2.1032696525957713,7.673978523631762e-16,0.0005124345524240341,3.604419685995847e-10,667756041857.5696
43,158387.0,15.393751,8104566663482430.0,0.10848639517679579,7.671074208945933e-08,57116372857482.25,2912782229.83,2.1032696525957713,1.8993922363994103e-15,0.00047845019856848175,3.4951540814677383e-10,251896469512.50974
44,132661.0,9.377506,8314030854071764.0,0.06329461178485427,5.224022673146185e-08,56116557566134.6,1433791971.0,2.1032696525957713,1.1279133027762826e-15,0.0003749565455691567,2.5249052190663773e-10,332433835691.2951
45,60891.0,13.462495,1.6610556256397418e+16,0.034345396227491456,2.4706353098169262e-08,42376701806389.266,2306310520.93,2.1032696525957713,8.104782761152284e-16,0.00040682374627300775,3.19389719076152e-10,501955151991.2278
46,101806.0,17.614115,1.8008191151890128e+16,0.021237362474729644,1.5200497724034737e-08,21712500628439.734,4938512813.07,2.1032696525957713,9.781168386893336e-16,0.0005234725392998555,3.648055820719176e-10,535184058380.28845
47,64617.0,39.831017,2.7512643676699424e+16,0.026288555735490732,1.9916971248924662e-08,18158403204357.285,3801497559.08,2.1032696525957713,1.4477349929746322e-15,0.000671078949108001,5.037480580527255e-10,463537147588.83356
48,56545.0,22.60899,1.0658794459704134e+16,0.015186251419188617,1.0656512803401311e-08,7159414573164.112,1320463913.75,2.1032696525957713,2.1211582684583992e-15,0.0005217306099129722,3.7337337968196956e-10,245964960593.04053
49,167976.0,15.663277,3.1598548058858344e+16,0.06595634404310742,5.096034168753231e-08,133058025279941.42,1908264298.87,2.1032696525957713,4.956960987835311e-16,0.00046047752141953986,3.2838843051774147e-10,928951271857.0515
50,65538.0,16.968933,9714664017638156.0,0.06653006496368394,4.472070714824319e-08,38088265667253.76,4486220005.93,2.1032696525957713,1.746733903425876e-15,0.000564643752030792,4.0418682700514784e-10,323256880125.4467
51,196902.0,4.0882,3281007436179253.5,0.00048633239352614306,2.732821646137953e-10,390308742139.35974,268189062.65,2.1032696525957713,1.2460197300743473e-15,0.00012583242659013378,7.461257927929854e-11,100987507302.65373
52,32915.0,0.23140562,600421900951551.9,4.691231631794646e-05,3.3721618122617665e-11,121722117819.18658,135852324.03,2.1032696525957713,3.8540502875272723e-16,4.934094484244632e-06,3.6527909263670585e-12,12802361453.903881
53,23079.0,6.916096,1544795489921150.0,0.01425395230010251,1.0024017396542e-08,3183796353715.964,2909418662.55,2.1032696525957713,4.477030160382598e-15,0.00046691034852191176,3.351461743907104e-10,104290195016.69173
54,121950.0,39.73916,4.3944125005435576e+16,6.864874428872771,7.118196560765153e-06,7591275206848944.0,4261739346.42,2.1032696525957713,9.043110994947457e-16,0.000627159072957171,5.078706649067309e-10,693521370364.2205
55,152849.0,10.992614,8431946122167541.0,0.05601925176864863,4.718429070172204e-08,42969880750600.72,1257352029.36,2.1032696525957713,1.3036864610769365e-15,0.00030778236181346584,2.2407656260539892e-10,236086184065.4662
56,173433.0,15.837058,9420158028425666.0,0.007048348646090369,5.359147271204407e-09,4192480578502.103,1298152926.0,2.1032696525957713,1.6811881448497052e-15,0.00034982111435762005,2.6395579289128705e-10,208079693774.4843
57,25668.0,32.70739,2.635546886159593e+16,0.03458430868303821,2.292817387383011e-08,27867881558132.133,5112653197.4,2.1032696525957713,1.2410096049423661e-15,0.0006033988835311686,4.1708644344157744e-10,486216126876.1422
58,154238.0,9.188496,9523041172982074.0,0.009629022272953888,6.802334010625234e-09,9979606625600.24,1353445563.68,2.1032696525957713,9.648699226533625e-16,0.00027307845249986793,1.9469425050361908e-10,283021002197.7995
59,92459.0,25.64952,1.5711860589408426e+16,0.10484631600891123,6.070795912143248e-08,64224620984918.01,11596248706.77,2.1032696525957713,1.6324941183153497e-15,0.0005717622075929691,3.486367232393647e-10,350238448750.43005
60,228139.0,6.5289807,7907407588496529.0,0.001966936179928371,1.802425690882114e-09,2382204327124.7495,334715990.54,2.1032696525957713,8.256790391705842e-16,0.00019787276598022768,1.5625486416569334e-10,239648527567.07492
61,61459.0,7.371472,2941802295895347.5,0.009950549406083507,7.57219214805207e-09,3971058845266.8,2412736460.67,2.1032696525957713,2.505767301319094e-15,0.0003855532118232523,3.075384667817635e-10,153866327340.2475
62,94886.0,46.603832,2.29716937517306e+16,0.039862263146333475,3.0012583164749266e-08,19648678272818.203,7853400004.99,2.1032696525957713,2.028750361365454e-15,0.0007380920280300826,5.448150722649562e-10,363816091957.8634
63,66634.0,0.19831173,126086237413812.8,0.0004062902413669451,2.8460657373671163e-10,258318596847.03445,61753440.4,2.1032696525957713,1.5728261392172757e-15,0.00011275004680221867,6.694539089958338e-11,71686274783.25688
64,196878.0,7.720817,8580371665562293.0,0.005617907588293403,3.92247322336967e-09,6243346408850.269,572717661.55,2.1032696525957713,8.99823142975012e-16,0.00032231216573238674,2.370506224835222e-10,358195016708.23035
65,123613.0,15.378676,1.3888920505659606e+16,0.005617526159269583,3.5951423657327924e-09,5073347943903.53,799922687.62,2.1032696525957713,1.1072621514201433e-15,0.0003700577960653672,2.3989452561003736e-10,334209740295.6847
66,73770.0,16.289053,1.0247101355539546e+16,0.010044695967595729,6.718830135510171e-09,6318907407664.08,3246231798.08,2.1032696525957713,1.5896254399000549e-15,0.00040778607145331206,2.7445022180395163e-10,256529658633.89236
67,46802.0,16.30555,2.047021615243378e+16,0.1067064941202112,7.69074936348831e-08,133960829258082.52,2915368399.31,2.1032696525957713,7.965499669656089e-16,0.00038928289859548287,2.773544720881047e-10,488711210520.068
68,107025.0,22.151634,7179349441378976.0,0.011040362656484119,7.468331184334593e-09,3578183960174.25,2881942610.84,2.1032696525957713,3.085465358786773e-15,0.0004900113919494312,3.32329381696247e-10,158812799681.57126
69,58476.0,82.822044,5.3722074926809496e+16,0.06872931603919191,4.9379403258543137e-08,44580902469949.15,5710863981.96,2.1032696525957713,1.5416761938706958e-15,0.0009922309344960053,7.521755381728123e-10,643605277451.165
70,148075.0,12.514405,9773209982206038.0,0.00932875193254084,6.9583307739045045e-09,7285352480492.04,1665412126.19,2.1032696525957713,1.2804805199913665e-15,0.0004173685808995247,3.1188295421865677e-10,325946841348.5422
71,49630.0,1.2273017,248975073240857.25,0.0045214421210376405,2.87938952649178e-09,917236880906.8248,2225029044.72,2.1032696525957713,4.929415961302738e-15,0.0002728988340476373,1.7649450493795723e-10,55361291518.09621
72,68407.0,0.16976906,215785310795071.12,1.884880373503377e-07,1.8054321511488565e-13,239578105.22597933,8752656.6,2.1032696525957713,7.867498458281424e-16,2.484163500373879e-07,2.37945533060507e-13,315750109.5864873
73,77414.0,4.807113,3564055672660089.5,0.0033233117095971296,2.1090873773886253e-09,2463946229391.1855,428136019.39,2.1032696525957713,1.3487760690371413e-15,0.0002956261500382412,1.9153365600877365e-10,219181046301.6901
74,228721.0,0.46081313,4897926141309710.0,0.0,0.0,0.0,2735390.4,2.1032696525957713,9.408331540842268e-17,0.0,0.0,0.0
75,112236.0,21.494278,1.2678237931916312e+16,0.026407999713860535,1.889755144592752e-08,15576559662915.951,3169675397.52,2.1032696525957713,1.6953679301040809e-15,0.00047582042639214117,3.4857691498667604e-10,280659093488.29663
76,96697.0,53.438663,1.6641069404656532e+16,0.07806020320947278,5.040638102955211e-08,24308341309931.9,4001501817.67,2.1032696525957713,3.211251735122666e-15,0.0008000950109873242,5.707253186604284e-10,249153625122.68494
77,111174.0,73.288864,9.351758589326648e+16,0.07902240465460561,5.7390952821293395e-08,100833661643050.44,4928911951.89,2.1032696525957713,7.83690717633003e-16,0.001136830479210771,8.342189232853033e-10,1450611132213.4365
78,21615.0,0.32903495,80440197046010.64,0.0036600234110441515,2.597500468742816e-09,894777300640.5659,2092292468.87,2.1032696525957713,4.090429438055661e-15,0.0003046497641855893,2.1638788639896883e-10,74478674867.54669
79,97275.0,13.508663,5576194099544628.0,0.003926684155981546,2.644587095558708e-09,1620882319838.7341,963302345.76,2.1032696525957713,2.4225596811816802e-15,0.00035514165273778256,2.4203748782496907e-10,146597689830.5147
80,179332.0,17.156357,2.554902223741158e+16,0.02964190585665084,2.3135255919733137e-08,44142338136868.62,2090989939.82,2.1032696525957713,6.715073806181846e-16,0.000400528949590831,2.8813254497312597e-10,596462468099.9144
81,56127.0,3.3152692,1403788247373876.0,0.01338247241597651,9.752185218090853e-09,5666555674680.326,5405920519.81,2.1032696525957713,2.361659036683068e-15,0.0004927650929758292,3.839868767341221e-10,208652089620.82608
82,62962.0,55.2507,3.6738653921172456e+16,0.11468409765451562,8.932511121179472e-08,76258570008908.39,6813512799.23,2.1032696525957713,1.5038847127754746e-15,0.0007358870494424656,5.572969954837677e-10,489324110545.9201
83,152319.0,11.482965,6374842342211551.0,0.005996084974480291,4.024843047769179e-09,3328765382705.2007,1184242582.98,2.1032696525957713,1.8012939589053973e-15,0.0003556717025418774,2.646670676289998e-10,197453447719.33307
84,24747.0,26.784567,9477835777486448.0,0.09690861665210829,6.382048263893769e-08,34291536393030.766,6122571227.49,2.1032696525957713,2.8260214281855125e-15,0.0006788401180620766,4.980409926259219e-10,240210534602.32806
85,67785.0,48.881264,2.7152246868016636e+16,0.06757976408889398,5.0030097938233335e-08,37538768183735.48,6607218608.51,2.1032696525957713,1.800265894664451e-15,0.0008734566504977128,6.346417677932573e-10,485182023992.35876
86,3606.0,46.244846,4980109146096875.0,0.025277805238583282,1.790180057954547e-08,2722167764639.6333,3136188346.62,2.1032696525957713,9.285910136376041e-15,0.000656758635946042,4.6481521119983687e-10,70726361369.07
87,36514.0,14.180146,8051432576406633.0,0.08304600663790326,5.9518108610199285e-08,47153204429975.25,4768193404.61,2.1032696525957713,1.7611953978913678e-15,0.0005666006752668369,3.844520529254667e-10,321713692839.08685
88,97790.0,22.237328,1.8303738052873948e+16,0.024822322728011107,1.6675821439646792e-08,20431469692645.39,2957164902.68,2.1032696525957713,1.2149063724449676e-15,0.0005102496343923158,3.5239473277959754e-10,419990911205.32324
89,7504.0,39.742523,9.903155745274722e+16,0.06160130623765098,4.552481925810936e-08,153499899788400.66,5541757201.95,2.1032696525957713,4.013117032816847e-16,0.0007470799811385425,5.509215016947097e-10,1861595301182.033
90,129694.0,20.319473,2.194783563141231e+16,0.2536415484232729,2.1528826561465501e-07,273967883620352.78,4511962774.18,2.1032696525957713,9.258075985824426e-16,0.0004352375487516635,3.1359409245623696e-10,470116630515.9742
91,121653.0,1.2388061,623465329597296.1,0.0047280882498994614,3.232732368242062e-09,2379548420926.1406,1152714024.02,2.1032696525957713,1.986968707305922e-15,0.0002905588730221479,1.994681299687645e-10,146232234032.5676
92,33224.0,36.875748,3.175134181293209e+16,0.08862064145033774,6.488235858474886e-08,76305551235759.9,7310358267.16,2.1032696525957713,1.1613917993532098e-15,0.0006421954988034818,4.3956177938180574e-10,552953360925.3369
93,146125.0,17.243355,1.9155910086079844e+16,0.022216296174230467,1.5881224032832913e-08,24680427443457.406,2511310998.6,2.1032696525957713,9.001584849017613e-16,0.0003254055062125099,2.1411798057040768e-10,361498015816.6515
94,81508.0,5.4517326,4495948696582418.0,0.026230122545836877,1.973664077873029e-08,21631524127055.023,3217409973.36,2.1032696525957713,1.2125878135896252e-15,0.0004722246252958115,2.9270524479264364e-10,389435404185.6023
95,14664.0,33.608566,6.1976684040742776e+16,0.4446118466832915,3.212290667789729e-07,819897163796322.8,7125339896.66,2.1032696525957713,5.422775761592232e-16,0.0007153345175408543,5.141354941070792e-10,1319129812830.0593
96,100402.0,35.75542,1.3898372141589076e+16,0.05905328522112256,4.9301521096074106e-08,22954408987128.766,4749341804.42,2.1032696525957713,2.5726336606721405e-15,0.0006773605078660077,5.007995087413244e-10,263294583376.1021
97,151073.0,16.841915,1.4222747390651822e+16,0.016926199092306513,1.2041146959941199e-08,14293924056365.068,1474978036.57,2.1032696525957713,1.184153422500471e-15,0.0004719806212853027,3.470213711889589e-10,398580633486.38
98,104383.0,20.171904,1.4839297608636232e+16,0.10754043155340465,7.880744668712021e-08,79111246453589.39,2984646559.86,2.1032696525957713,1.3593570620391277e-15,0.0005007418055142542,3.435350287368971e-10,368366648835.522
99,15582.0,0.15170544,137932249335125.27,0.0006907174111353694,4.250068272179737e-10,628007843178.4385,51020284.56,2.1032696525957713,1.0998547528316666e-15,0.0001041175972734225,6.387122717929546e-11,94664860978.56392
100,44017.0,1.6374773,508153362186756.2,0.0021401134692840503,1.5342809200268848e-09,664134919536.1996,1315927251.96,2.1032696525957713,3.222407686044583e-15,0.00021886153570711302,1.603382932193819e-10,67918636321.20352
101,126992.0,5.8340573,6411697810687270.0,0.0018031056152027806,1.1684250592976395e-09,1981634346552.2002,329720310.41,2.1032696525957713,9.099083382057656e-16,0.00018376678790771268,1.149131140306863e-10,201961868236.1782
102,138580.0,22.505085,1.9930734117995108e+16,0.029421907694627165,2.0218779856315518e-08,26056343244462.684,2607545367.83,2.1032696525957713,1.1291648800673406e-15,0.00041635119291996974,3.032859015942537e-10,368724887099.87115
103,86484.0,37.285095,2.7132942777962868e+16,0.0194704002813595,1.3683459613830476e-08,14168912716949.213,6553078621.85,2.1032696525957713,1.3741633299828656e-15,0.0005610433900114255,4.046131734298636e-10,408279989554.38666
104,57792.0,24.663824,2.4136072512701704e+16,0.02697822470402998,2.0720255912781608e-08,26400950141406.62,4515190176.45,2.1032696525957713,1.0218656737553538e-15,0.0005025291752422202,3.613510368891708e-10,491776158206.2217
105,20774.0,40.510197,1.4250692560260472e+16,0.1904103210082048,1.5120414789882222e-07,66982615389118.76,5550463829.33,2.1032696525957713,2.842682685679913e-15,0.0007916717030019084,5.61120154608331e-10,278494573801.7032
106,78614.0,16.726547,8318356870545357.0,0.07508979416640443,4.952137516332511e-08,37343254720292.66,3665336644.05,2.1032696525957713,2.010799399485658e-15,0.0004229115579677782,2.796599457407938e-10,210320113520.99802
107,166409.0,30.521362,2.703371912382701e+16,0.009271499564958024,6.969922630882429e-09,8212055382579.569,1119400803.55,2.1032696525957713,1.1290108423557249e-15,0.000535428179903608,4.1580103977721553e-10,474245383495.5352
108,132385.0,20.941717,1.318974191934149e+16,0.015898172012746407,1.1474062347676754e-08,10013161090727.324,2833800092.59,2.1032696525957713,1.5877275786034134e-15,0.0004596666315632847,3.23629308469687e-10,289512280165.60223
109,147997.0,33.203014,3.437370983870918e+16,0.0476609635569279,3.465971255025391e-08,49341428219110.836,2268045243.23,2.1032696525957713,9.659421155236836e-16,0.0006376200327066847,4.742283732444488e-10,660101700153.1196
110,119932.0,35.296333,3.863779520867765e+16,0.2507809793637416,1.7254793427512863e-07,274522118852625.97,5911554239.69,2.1032696525957713,9.135183001351177e-16,0.0007003036863362501,4.973372295855918e-10,766600610226.0554
111,143572.0,98.891754,3.50304767278563e+17,0.09185245320126771,6.576173606749682e-08,325369415963996.2,4334206874.21,2.1032696525957713,2.8230205020693054e-16,0.0006321986411053424,4.677491607210634e-10,2239440488093.9893
112,70298.0,0.12034853,180370744740528.34,0.00022764809160978608,1.6965575746749357e-10,341184523171.30206,22830992.85,2.1032696525957713,6.672286582456978e-16,7.50270034755771e-05,5.631056215315672e-11,112445714896.06105
113,73640.0,59.26196,2.4263679181431204e+16,0.05087844075847474,4.321136500654203e-08,20831207132114.504,4918541373.72,2.1032696525957713,2.4424144235039464e-15,0.0007228774243971509,5.048238477706084e-10,295968373524.4626
114,68551.0,39.298103,2.0138144601026704e+16,0.09957628233311781,6.959494627188337e-08,51027439478617.77,5882255665.13,2.1032696525957713,1.9514262003062813e-15,0.0007257136715713309,5.249337536833342e-10,371888863364.358
115,52209.0,0.10243949,92043028291984.47,0.00029442144757682755,1.398385669877553e-10,264540965882.2097,87950202.7,2.1032696525957713,1.1129521909582902e-15,8.326406748292697e-05,3.834681374643593e-11,74813696544.53328
116,59245.0,79.70666,4.199966831683095e+16,0.20694534635818307,1.5282399208497383e-07,109045290653947.72,9216213507.85,2.1032696525957713,1.8977926063301397e-15,0.0010196508618954118,7.324538673027609e-10,537282555793.6827
117,85417.0,33.38747,4.522481241024785e+16,0.028732576150411034,2.261081849955788e-08,38919551749967.88,2956258317.96,2.1032696525957713,7.382555774279888e-16,0.0005942904899896881,4.5201981922954865e-10,804992888858.5424
118,132355.0,36.699604,3.3181227033061348e+16,0.0659529657497901,4.216143079341991e-08,59630080205974.55,4542760448.59,2.1032696525957713,1.1060351675190609e-15,0.0006383772702395941,4.548742479312117e-10,577176286059.27
119,118953.0,20.03746,2.156487902083862e+16,0.35326538896805953,2.9213315369010925e-07,380194165096060.2,5870532374.87,2.1032696525957713,9.29170990509029e-16,0.0005794418951724627,4.1607330247547737e-10,623611693747.5914
120,184950.0,3.0313885,5370022597138729.0,0.00023818087351092922,2.2309187235407965e-10,421930964295.7118,38006085.86,2.1032696525957713,5.645020007206661e-16,7.5035491698206e-05,7.133533606026535e-11,132923340577.02657
121,88705.0,35.41105,1.93762163208292e+16,0.04058956048469964,2.9089280095477173e-08,22209793392709.93,5834180102.87,2.1032696525957713,1.8275523669672056e-15,0.0008068752549665243,5.822604293464111e-10,441505956026.5959
122,147112.0,10.349562,6760971617704070.0,0.00439937798554895,3.1118181672213237e-09,2873944781030.2075,1406682642.04,2.1032696525957713,1.5307802761512797e-15,0.0002589519704965304,1.7480863976728592e-10,169163383230.6704
123,66152.0,6.434835,3928468967042565.0,0.11959042775182963,9.12674027678206e-08,73009997020655.33,2303032960.33,2.1032696525957713,1.638000720887527e-15,0.0003087776651132823,2.4962389731237166e-10,188508870097.42926
124,129291.0,13.870342,1.1414210743498368e+16,0.009257443368050103,6.268521843970386e-09,7618154588324.152,2459421731.54,2.1032696525957713,1.2151818738672462e-15,0.0003608338921713045,2.4362199709340365e-10,296938178499.13403
125,53613.0,0.42709738,137750855461348.78,0.00048754964594217544,2.800273766903349e-10,157248402714.18283,85718696.86,2.1032696525957713,3.1005061897407845e-15,9.433055367718037e-05,6.15543397097279e-11,30424242979.84285
126,140152.0,17.119509,9805374848093242.0,0.010083660366465495,7.3176384033907724e-09,5775520181919.67,1415908770.19,2.1032696525957713,1.7459311107651402e-15,0.00041717932601780303,3.123213242719816e-10,238943749524.5603
127,114213.0,16.112917,1.2843784292468844e+16,0.11585601244826774,8.458781760270877e-08,92350108479497.3,3140265817.86,2.1032696525957713,1.2545303341358717e-15,0.0004959592174442558,3.485414900631943e-10,395334575776.4204
128,53159.0,0.16602711,65434823384043.305,0.0016929534755003937,1.3995995409307645e-09,667229054741.5452,161768822.77,2.1032696525957713,2.537289800960734e-15,0.0002121822758114289,1.78300102485779e-10,83625558157.00949
129,68178.0,75.99838,2.5711546984663018e+17,0.0345124671883994,2.4525431140373623e-08,116761557505722.08,4709818361.84,2.1032696525957713,2.9558073672242733e-16,0.0008128777069486004,6.043111589651907e-10,2750103798922.3027
130,153065.0,27.036358,2.8411843929490696e+16,0.027665180580030774,2.132883708835022e-08,29072658119152.414,3347870977.24,2.1032696525957713,9.515875867506444e-16,0.0005639418662013209,4.1886374223558744e-10,592632642599.9261
131,52620.0,7.3390417,3961719980106727.5,0.03430911817912793,2.3268009468705972e-08,18520554119496.836,3168279975.94,2.1032696525957713,1.8524887515654977e-15,0.00046883520738719587,3.2172831421815625e-10,253083969870.79868
132,54031.0,33.727898,1.832440756063284e+16,0.040542162645515925,2.918029108540862e-08,22026605740621.555,8133330455.45,2.1032696525957713,1.840599642220313e-15,0.0006251067150992905,4.868224181445237e-10,339621230364.48334
133,16176.0,71.64932,4.515454922611833e+16,0.20368167843109045,1.4544034396971732e-07,128363456557230.1,9981954552.79,2.1032696525957713,1.5867575078915093e-15,0.0008606177576757593,6.451897405599325e-10,542375097263.1931
134,35062.0,0.8305929,428785938158753.75,0.010074096899688686,6.669174650958482e-09,5200659781988.512,1615350461.95,2.1032696525957713,1.9370805478524838e-15,0.0002800735010672204,1.950195438532572e-10,144585366559.8572
135,90000.0,27.514275,1.3174280994311958e+16,0.05212836257509832,3.983987281749118e-08,24959905225113.89,5781465435.21,2.1032696525957713,2.088483994828969e-15,0.0005996232453249097,4.3929440281374605e-10,287109332324.0977
136,102009.0,17.095427,8166036044900219.0,0.062323202143504314,3.973161966321709e-08,29770155208024.86,3385561647.84,2.1032696525957713,2.0934792481936552e-15,0.000471829535345983,3.180704291485394e-10,225380564795.70935
137,109312.0,41.745537,4.2983468220316824e+16,0.07719517881075566,6.307280822722834e-08,79484341408131.61,3558072066.08,2.1032696525957713,9.711998293396973e-16,0.0007297684748546893,5.359072412836115e-10,751409187696.0552
138,82283.0,3.110049,1081211695315514.4,0.012761297812375482,8.573345039780362e-09,4436478152641.537,1933279477.91,2.1032696525957713,2.876447797850022e-15,0.0004781257887858134,3.1936889300479507e-10,166220916347.99863
139,118265.0,15.681908,9559772496833944.0,0.023467777902937994,1.8061239533920504e-08,14306079193827.307,3370063845.21,2.1032696525957713,1.6404059830078192e-15,0.0004480780856108302,3.1634705925358844e-10,273150726254.5106
140,97722.0,14.322797,1.4430742140251606e+16,0.019347019324536082,1.3192078597751335e-08,19492830000651.758,6919220513.0,2.1032696525957713,9.925197790104977e-16,0.000544540006405509,3.865337026527074e-10,548643984655.2917
141,53017.0,53.510315,3.753585189789094e+16,0.48396328480715833,4.075045463306547e-07,339485465232980.0,4627448373.04,2.1032696525957713,1.425578807843885e-15,0.0008167299784334983,5.942880173625229e-10,572911138928.0264
142,70464.0,12.522742,9779870153364286.0,0.006617577499671535,4.43757146516039e-09,5168121221104.188,843966852.38,2.1032696525957713,1.2804609676430277e-15,0.00034078408728719403,2.3693757642533804e-10,266141722316.20828
143,142371.0,9.965406,7237045979019951.0,0.004796408234338235,3.2782201613977985e-09,3483232587418.486,1125299805.38,2.1032696525957713,1.3769991276674916e-15,0.0002626126114963752,1.8868302273241535e-10,190713709413.3215
144,25317.0,0.7846385,462014485763884.94,0.0023975413257302605,1.5596868902389924e-09,1411731418614.979,151182986.34,2.1032696525957713,1.698298482357529e-15,0.00022876767084940562,1.498514553703505e-10,134704042443.60916
145,97541.0,50.09151,6.058026609945168e+16,0.032880548661808465,2.1650389758102515e-08,39765468987226.12,10739898026.84,2.1032696525957713,8.268618351356727e-16,0.0007253683870975155,5.012858696161705e-10,877254646755.4595
146,173551.0,10.275351,9435124067043444.0,0.0028002350341245126,1.9657446992979893e-09,2571256686398.9766,397488423.99,2.1032696525957713,1.0890530879070726e-15,0.00024460031507112385,1.6443314886287224e-10,224599073991.14346
147,162127.0,13.1465025,1.119870255801852e+16,0.020045187155232402,1.2807250587173492e-08,17075270679122.533,1512128178.87,2.1032696525957713,1.1739308577837718e-15,0.00035236125777163367,2.41503162730289e-10,300155035056.1921
148,78114.0,22.483412,2.3811544164074736e+16,0.04893104111092467,3.284365954817193e-08,51821478270599.64,3560085079.82,2.1032696525957713,9.442231820446768e-16,0.00047291791362305487,3.429920925143649e-10,500853953404.28986
149,62834.0,2.1453612,841014380413085.6,0.004644791546368882,3.454185058373395e-09,1820829277847.182,518733588.67,2.1032696525957713,2.5509209473282148e-15,0.0002807368592787773,2.0521723736092888e-10,110053139660.33157
150,190208.0,17.564163,1.9353146978898772e+16,0.009029397898419443,6.8236237333715625e-09,9949080104703.604,1807751984.24,2.1032696525957713,9.075610813657672e-16,0.0003625738514718673,2.694498797942217e-10,399503525345.3558
151,32914.0,31.283113,2.2906100473706064e+16,0.07264251970359717,5.958139561391521e-08,53190258111261.79,5667199343.78,2.1032696525957713,1.365710983233917e-15,0.0006620942298045026,5.292982987669913e-10,484798202498.67615
152,202393.0,14.1603565,1.4677259251866396e+16,0.009005707048836856,5.966377030838878e-09,9334446989533.008,1157448062.19,2.1032696525957713,9.647820657115759e-16,0.0003610480226806793,2.3208646968582464e-10,374227543724.48663
153,138479.0,7.4367003,4214089671972701.5,0.0041497644001277055,3.0988490470855354e-09,2351510561706.8037,601808965.58,2.1032696525957713,1.7647228414384284e-15,0.0002784438884144974,1.9059218058689147e-10,157783353780.09692
154,129795.0,49.46552,4.384775803587911e+16,0.060637087739565554,4.2543432666605584e-08,53750579215680.8,3833085216.64,2.1032696525957713,1.1281197081849444e-15,0.0008002575666337507,5.852255871875085e-10,709372915682.2391
155,35304.0,9.646715,4481366882926106.0,0.07534406977724757,6.229607273615038e-08,35000973815918.785,1955570335.08,2.1032696525957713,2.152627814686126e-15,0.0004116853185118257,3.164510588805753e-10,191247792908.34045
156,143493.0,13.095109,9935869069660430.0,0.006988938115378616,5.183181903811835e-09,5302832840136.057,1519778618.56,2.1032696525957713,1.3179631201045549e-15,0.00037097733776388265,2.886356904758108e-10,281477783486.4247
157,106594.0,15.779237,8973362613548810.0,0.006792331845839829,4.926340554369336e-09,3862674516155.382,1173704056.78,2.1032696525957713,1.7584530659861058e-15,0.0003268728370203049,2.4922608068166743e-10,185886585967.5368
158,62307.0,0.84891546,1440925246553420.8,0.00020767127808148504,1.3787354727459555e-10,352495391674.9588,20708183.8,2.1032696525957713,5.891460795974938e-16,7.501362321808247e-05,4.9818563585311806e-11,127326016103.3949
159,128509.0,13.106896,7017511968994889.0,0.02254356370440329,1.3759479123415011e-08,12069961348548.795,2296230612.08,2.1032696525957713,1.867741167797009e-15,0.0003396678719944851,2.391294207424683e-10,181860248010.2324
160,123612.0,10.346503,7973698906051381.0,0.044928504957926364,3.1124376551037756e-08,34624874784605.145,1254735735.48,2.1032696525957713,1.297578842881546e-15,0.0003595775713396947,2.4349912404394177e-10,277114237267.6001
161,91784.0,33.88878,5.901728902757522e+16,0.06600141320351131,4.4544009394902944e-08,114941419527644.45,11255980750.4,2.1032696525957713,5.742178361355401e-16,0.0006950185748209421,4.711301045647707e-10,1210374410342.9204
162,105579.0,31.098194,2.4283541000626864e+16,0.021461582435098596,1.3941286882923544e-08,16758632896850.861,6482124626.3,2.1032696525957713,1.2806284717371829e-15,0.0005812427850809614,3.79912408707634e-10,453873077093.5468
163,139729.0,9.044034,8823679286514036.0,0.029975548252243498,2.115994671926452e-08,29245204542046.5,2028974826.33,2.1032696525957713,1.024973110006701e-15,0.0003237740696964691,2.4853696960027567e-10,315885428149.77106
164,100760.0,21.471869,1.8134480176452624e+16,0.11124575542552097,8.358624496310001e-08,93954743598640.92,3046446962.47,2.1032696525957713,1.1840355384369349e-15,0.0005950046733336898,4.04944609550518e-10,502522647351.5866
165,115497.0,20.79021,4.7232507749601e+16,0.05110256128591543,3.514719261523288e-08,116098015458307.58,3806619759.71,2.1032696525957713,4.4016739721332335e-16,0.0005267856875195767,3.7096992224013183e-10,1196784884238.6538
166,67905.0,17.427078,1.3597894579404352e+16,0.036847977287426274,2.694775395169697e-08,28751515923593.637,1956652911.54,2.1032696525957713,1.281601199232373e-15,0.0003851777878644329,2.6514274112620116e-10,300544184957.9563
167,43118.0,21.851242,9181195211288502.0,0.11206852082243464,7.654318807073638e-08,47087619399900.59,3722064854.07,2.1032696525957713,2.3799997165002404e-15,0.000526090434356879,3.4432307230506485e-10,221046427320.7933
168,85370.0,52.695683,2.84682895322967e+16,0.08732525323809794,5.999517936803997e-08,47176551306172.5,12505441642.13,2.1032696525957713,1.851030879119654e-15,0.0008142989999300744,5.681767437742182e-10,439916486059.56976
169,66767.0,0.20759627,253881803528693.0,1.2237256086258502e-05,6.840499118260979e-12,14965666991.135166,42087439.84,2.1032696525957713,8.176886532025051e-16,3.948510084177812e-06,2.2782617470822006e-12,4828867404.131559
170,125962.0,55.74995,8.997750567490888e+16,0.04185016320708517,2.954851850551237e-08,67543976227088.43,5240791209.85,2.1032696525957713,6.195987495077498e-16,0.0008359982430964015,6.095792389220611e-10,1349257473099.4436
171,99508.0,18.847326,1.6360169451385928e+16,0.021042542560163906,1.4972129868995845e-08,18265697848717.734,2146939948.57,2.1032696525957713,1.1520251092755873e-15,0.0004459861872964603,3.234050827864409e-10,387132349551.7419
172,166609.0,17.74629,1.5327781202612842e+16,0.01599516811107762,1.1388886488917575e-08,13815306585523.393,2022196137.47,2.1032696525957713,1.1577859681983773e-15,0.0004346978521392004,3.0742545181735736e-10,375456141358.86505
173,92544.0,21.561829,1.0015640261826802e+16,0.018402158912790224,1.2834662629410766e-08,8547948493213.479,2985293327.11,2.1032696525957713,2.1528158396602827e-15,0.0005064153057277254,3.455902434673029e-10,235233918479.36166
174,110547.0,31.975819,3.857792954481708e+16,0.10767543597278816,7.478020852979236e-08,129907396044044.53,6334080157.25,2.1032696525957713,8.288630151302646e-16,0.0007267764704858471,4.962925425444511e-10,876835444722.5836
175,43335.0,1.2205914,486138004394364.94,0.0011800062247719692,7.652477966492579e-10,469973712155.9054,240097064.7,2.1032696525957713,2.5107919746381968e-15,0.00019365127113837638,1.2054245703307833e-10,77127564965.3458
176,64444.0,1.9616876,825433250221124.8,0.005326951016507101,3.905436522892323e-09,2241459084170.273,1245313239.21,2.1032696525957713,2.37655509936689e-15,0.0003418686827494526,2.583857671484192e-10,143850518273.4984
177,35605.0,0.6097138,241314424664158.16,0.0009437105022734175,5.214797135671873e-10,373504678597.7839,63882186.1,2.1032696525957713,2.526636361869168e-15,0.00012045459119075825,6.365775107893069e-11,47673892851.620224
178,132185.0,33.660942,4.155412062407225e+16,0.13696038990956094,7.78577051600999e-08,169076330752177.5,4577388961.35,2.1032696525957713,8.100506398515929e-16,0.0006669503498764786,4.715235704233271e-10,823344019577.1819
179,24746.0,76.82783,2.273682654870033e+16,0.8637158216122478,6.989438698453732e-07,255612540707786.12,25957679536.54,2.1032696525957713,3.3790040943243066e-15,0.0009817673356764915,7.490306351225769e-10,290549318163.1713
180,106017.0,27.056845,1.6275421527123992e+16,0.11609040905380953,7.886058498766778e-08,69831510015561.74,4764529235.47,2.1032696525957713,1.6624358978910685e-15,0.0005821582449917647,4.086150899678016e-10,350183875198.0022
181,116534.0,23.51112,6.067214738737483e+16,0.12023230488655319,8.398660532507091e-08,310268167692595.8,4471973628.76,2.1032696525957713,3.8751092572820967e-16,0.0005210969391156808,3.7791530544493207e-10,1344728379300.3684
182,144654.0,15.078328,1.0951901072714568e+16,0.011027639445632937,7.345146628400813e-09,8009748579161.883,1900584865.95,2.1032696525957713,1.3767772279797124e-15,0.0004049751596815695,2.8720710764428405e-10,294147194950.21826
183,168270.0,13.094845,1.727165439247072e+16,0.0061893483020065716,4.142764434360746e-09,8163539529248.57,1254498547.6,2.1032696525957713,7.58169698306867e-16,0.00029509105550637395,1.9795326641430955e-10,389215047983.8047
184,3607.0,1.1775894,504588724487547.0,0.004030818820187729,2.513840954130813e-09,1727177339672.8308,190327123.59,2.1032696525957713,2.3337608290711267e-15,0.0002754935469715733,1.742948014059381e-10,118047035300.19572
185,158186.0,11.845661,2.143677835701459e+16,0.06086717325572218,3.9338741271396813e-08,110149708175923.89,1907525160.15,2.1032696525957713,5.525858784710453e-16,0.0003470510334549164,2.557497766103487e-10,628049045363.184
186,125284.0,81.344376,7.394844516899834e+16,0.14394462063334718,1.1997119055579222e-07,130856998476174.2,4886563984.72,2.1032696525957713,1.1000146901547333e-15,0.0011000060756220975,8.417416705430023e-10,999992168711.279
187,122143.0,9.608619,1.0986965021271232e+16,0.048116445983131945,2.2647809145083884e-08,55018698208822.46,1119608713.45,2.1032696525957713,8.745471548691839e-16,0.00021870946023373297,1.3981215326163315e-10,250083096167.00757
188,177182.0,11.992364,1.167485408415565e+16,0.004705980568581102,3.413776114399202e-09,4581384993071.941,1157645146.44,2.1032696525957713,1.0271960500367413e-15,0.00031273864182039334,2.4022304570575783e-10,304458571281.7014
189,110393.0,30.35813,3.162452591456426e+16,0.040327176887137675,2.930263672410043e-08,42009433734176.06,7690476074.93,2.1032696525957713,9.599552601045937e-16,0.0007060092694925124,5.396250590272289e-10,735460597836.1823
190,14665.0,20.482906,2.978594881123886e+16,0.05060258699465369,3.63107609316228e-08,73585557925179.95,5604636877.31,2.1032696525957713,6.876700866507691e-16,0.0004957716011673222,3.5608523272363874e-10,720943968323.4296
191,29637.0,34.591732,1.5797707885559234e+16,0.19253400014533767,1.6513077930682407e-07,87928407063695.55,5930658505.32,2.1032696525957713,2.1896677828573145e-15,0.0006299944059839177,4.685690791010191e-10,287712323721.4703
192,30552.0,0.30523765,220142757717936.4,0.0,0.0,0.0,34332618.55,2.1032696525957713,1.3865441369236124e-15,0.0,0.0,0.0
193,273578.0,0.95967025,5513702044921588.0,0.0,0.0,0.0,9861867.94,2.1032696525957713,1.7405188785707184e-16,0.0,0.0,0.0
194,192260.0,9.931911,2.5359638530535376e+16,0.022060507535556887,1.7622487335173588e-08,56328182653053.83,1319552625.23,2.1032696525957713,3.916424513717358e-16,0.00026885980537855924,1.637682905000154e-10,686493010236.4342
195,52210.0,16.89982,9027847779811272.0,0.006861049032148607,4.573783846116836e-09,3665157751506.1753,1251589018.9,2.1032696525957713,1.871965546183953e-15,0.0003467515725148193,4.28947337037615e-10,185233950070.11786
196,155244.0,9.324857,1.0755694082438316e+16,0.014028078850064426,8.913594548297672e-09,16180593941077.707,2351782616.01,2.1032696525957713,8.669693400099062e-16,0.00044750979161997754,3.0691483535643234e-10,516177182938.05426
197,166524.0,9.005077,6978598802653598.0,0.024691020179398733,2.200586023557541e-08,19134619710664.086,745886047.87,2.1032696525957713,1.290384682463167e-15,0.00018493999273251212,1.291251270129935e-10,143321596455.62988
198,39139.0,1.0891967,363479907193314.4,0.005119960995605199,3.5920268403893577e-09,1708601345850.54,996493747.73,2.1032696525957713,2.9965802192766546e-15,0.0002785946483591809,2.002858669925198e-10,92970862774.51
199,256164.0,1.9757376,7259640580292815.0,0.00025938734517259236,1.6592639166988204e-10,953091593250.7289,47198135.52,2.1032696525957713,2.7215363875773437e-16,0.0001257160114756717,8.280734003957206e-11,461930298082.77356
200,93811.0,48.173855,5.23452502406821e+16,0.030291804008560526,2.101534727258853e-08,32914784608161.367,7045078057.57,2.1032696525957713,9.203099570352205e-16,0.0007372024765761755,5.299679245008426e-10,801037162469.7771
201,16808.0,17.752298,8855798162552304.0,0.017379029110596123,1.1177949344553137e-08,8669591624958.084,1191463781.41,2.1032696525957713,2.0045960481650884e-15,0.0004686441384874579,3.4757077230615715e-10,233784826083.2562
202,98509.0,41.571766,3.7228434358594216e+16,0.04194300432778615,2.912403095167794e-08,37560886478077.94,5375434755.83,2.1032696525957713,1.1166670507701089e-15,0.0007820225276666871,5.499417844174704e-10,700318440601.7583
203,57394.0,0.11713527,177132265959775.7,0.0006076272199494076,3.9791126477004847e-10,918855493554.3972,2015089200.04,2.1032696525957713,6.6128702958386935e-16,8.71783932172962e-05,5.234185018380331e-11,131831397437.44148
204,128658.0,11.1132765,5821018396247680.0,0.06279723771905492,3.7265799175357965e-08,32892538577273.535,2789539028.49,2.1032696525957713,1.909163610814869e-15,0.0003792691038116132,2.689749386370518e-10,198657203428.32935
205,94201.0,37.541904,2.87409849099277e+16,0.03265153049539373,2.2836891620694854e-08,24997057827811.7,7920029451.36,2.1032696525957713,1.3062149441869785e-15,0.0006662257085056777,4.611200845132196e-10,510042938545.88654
206,1326.0,84.05878,6930391755457370.0,0.06130746541089944,4.130971765559775e-08,5054614792549.753,31629268846.24,2.1032696525957713,1.2129008426371787e-14,0.0010299110402879083,7.085724214815247e-10,84913045162.7521
207,98020.0,15.25673,8514384146122976.0,0.08631999221479902,6.44960701698379e-08,48172942249560.92,2858058221.8,2.1032696525957713,1.791877103283759e-15,0.0005365261437415466,3.7347565855157866e-10,299421284394.06885
208,150940.0,7.9150286,6974543097671862.0,0.003560260791367972,2.5463329020104806e-09,3137220796441.247,579650263.07,2.1032696525957713,1.1348454643060528e-15,0.00030498582290115024,2.26331511378658e-10,268746567258.51758
209,134547.0,22.184446,1.4900943575166416e+16,0.017147527015765014,1.0914020084994389e-08,11517724288249.354,1769753304.76,2.1032696525957713,1.4887947120994478e-15,0.0004038975240319694,3.034423854847903e-10,271291616466.3205
210,35302.0,70.45893,2.282893885176188e+16,0.058842869727527926,4.081125407948307e-08,19065294844413.977,8748130701.84,2.1032696525957713,3.086386557759874e-15,0.0009410347247259092,6.732717883671126e-10,304898530082.0259
211,112849.0,15.000343,1.2013693223278552e+16,0.016580766007945526,1.2847247207090602e-08,13279445425109.45,1074125483.06,2.1032696525957713,1.2486037991160213e-15,0.00043382316589211825,3.1457950268311377e-10,347446616932.65204
212,98597.0,1.2138009,6177474632573614.0,0.0012086670781065179,7.205938057867651e-10,6151346744124.086,70846338.81,2.1032696525957713,1.964882046782789e-16,7.674902928905849e-05,4.9666876140106716e-11,390603748528.94586
213,22398.0,25.356884,1.1146803172864114e+16,0.05394078797348054,5.060927634009623e-08,23712193758885.49,3274334024.47,2.1032696525957713,2.2748122135796788e-15,0.0004514155186558303,3.812827336568998e-10,198440783797.91888
214,27818.0,36.38676,2.392416026913727e+16,0.04014625874073134,2.720908896877056e-08,26396016801702.312,4960267191.25,2.1032696525957713,1.5209210936000865e-15,0.0006992109922698429,5.09361372562135e-10,459728644182.8353
215,50719.0,1.6641641,4786336770745292.0,8.764537629000897e-06,5.423092624102115e-12,25207867861.26906,25898450.3,2.1032696525957713,3.4769055745754995e-16,1.4662104911187179e-06,9.182427404753898e-13,4216998304.0098224
216,193805.0,10.809444,1.5588111179424492e+16,0.009264946343602174,6.879322703303712e-09,13360817973197.617,1187169677.03,2.1032696525957713,6.934415514220806e-16,0.00035478782515635407,2.6096324817706976e-10,511633351691.6749
217,128090.0,23.39711,1.100162054810191e+16,0.02787594774757615,2.0809054623417495e-08,13107627375242.023,2263884247.56,2.1032696525957713,2.126696689610574e-15,0.0005660363151117954,4.266425971208329e-10,266157519253.69482
218,131891.0,17.059782,1.111306388490274e+16,0.006082118261558288,4.552197068050421e-09,3962006595174.0093,2049882442.16,2.1032696525957713,1.535110584865436e-15,0.0003481084521008298,2.663687163208039e-10,226764413933.9604
219,134311.0,6.899104,7054220111510848.0,0.03023846578179465,2.422109618518645e-08,30918332794978.652,2012807135.9,2.1032696525957713,9.780108773104862e-16,0.0003584107232390819,2.631095912215367e-10,366469056279.52264
220,38010.0,8.483716,5251979585141406.0,0.002692022568738081,2.2549918167177123e-09,1666539470881.9023,696870764.52,2.1032696525957713,1.6153368196635101e-15,0.0002198222680768147,1.8181245649092155e-10,136084478110.64305
221,28160.0,16.269487,2.0535716825960304e+17,0.015072621589771245,1.242255830125725e-08,190250060614940.03,166788161.48,2.1032696525957713,7.92253181999124e-17,0.0004334056283931598,3.6291906085650853e-10,5470544495631.184
222,91600.0,115.247284,2.2865980067888403e+17,0.2237838697665749,1.402434382430179e-07,444005040986253.2,16235494991.99,2.1032696525957713,5.040120023626116e-16,0.0013409591860477927,9.814123744159031e-10,2660569946274.8887
223,60489.0,6.4438467,3169095242740324.5,0.030975667066376805,2.3046947007289454e-08,15233888034729.766,4523720660.74,2.1032696525957713,2.0333395516469204e-15,0.0003531007392161539,2.5384363176848063e-10,173655570182.63724
224,171512.0,8.466364,7738981791602218.0,0.05167377256407371,4.667603352325848e-08,47234253686323.984,709889252.83,2.1032696525957713,1.0939893939519389e-15,0.0002582086933056309,1.796620570589486e-10,236024859777.54782
225,99723.0,3.662213,2173242207047079.2,0.005093869329600146,3.5129040229503906e-09,3022820306811.659,1020333556.31,2.1032696525957713,1.6851379878987713e-15,0.00028243679058907213,1.8991837261142895e-10,167604547887.05322
226,165078.0,10.072266,2.5605432032509064e+16,0.017495202532971172,1.1456191519050115e-08,44475813024891.69,1396442764.01,2.1032696525957713,3.9336442311194326e-16,0.00034867740990087207,2.3031214766255216e-10,886397928776.7104
227,130412.0,23.01955,3.3352349769990012e+16,0.02397387611108749,1.5656338664394214e-08,34735044837948.523,3788011693.21,2.1032696525957713,6.901927497987765e-16,0.0005403820376965596,3.5021222379908245e-10,782943660092.2079
228,33223.0,0.32521495,842157525536572.6,8.551831055606853e-08,6.902880601543082e-14,221453192.13021058,15714053.66,2.1032696525957713,3.8616878688199384e-16,2.484163500373879e-07,2.0051710477312943e-13,643284383.6063308
229,68705.0,17.429693,2.2568769918399668e+16,0.1053968600102863,8.102677804480585e-08,136472712611400.0,2931111125.04,2.1032696525957713,7.722925557316295e-16,0.0005132048656153518,3.7290436759849306e-10,664521316185.8959
230,62652.0,0.5391949,445348859696954.2,8.88983499669498e-06,6.048842136677281e-12,7342572933.594487,33046312.3,2.1032696525957713,1.2107247795961689e-15,2.8833749170723927e-06,1.6604320627056717e-12,2381527962.1468782
231,129974.0,11.614642,1.2874291485880448e+16,0.01068117333151993,7.557189880573487e-09,11839584800048.105,1929433087.13,2.1032696525957713,9.021577624475929e-16,0.0003959651575733816,2.766912188676293e-10,438908995804.80365
232,16175.0,18.532951,6551400158423984.0,0.011190104945453623,7.287466588707236e-09,3955703293686.2495,1429914194.7,2.1032696525957713,2.828853459083824e-15,0.00044065435987175887,2.940619793675458e-10,155771363290.933
233,35061.0,4.0088987,1476382677411756.5,0.008895732880585329,5.979249352534676e-09,3276088250316.319,1146725478.4,2.1032696525957713,2.7153520298869884e-15,0.00040399671201960414,2.8716610395994655e-10,148782444255.0892
234,134343.0,18.738615,4.317638230575786e+16,0.04653725787139536,3.0141532872458404e-08,107228332366986.83,4077304356.85,2.1032696525957713,4.34001507289347e-16,0.0004664985413786843,3.0779546430030687e-10,1074877698679.6769
235,20773.0,17.024233,2988063828066681.0,0.01805852624002016,1.3033101155943769e-08,3169601182384.971,2272506239.79,2.1032696525957713,5.697412766117153e-15,0.0005634409115130058,4.0297096013261596e-10,98894170853.09702
236,99344.0,28.504568,3.858728290010111e+16,0.21047431146605938,1.5229167296449593e-07,284923869035476.3,9508305895.31,2.1032696525957713,7.387036831226411e-16,0.0006126817963688302,4.537841402301622e-10,829401301722.1027
237,115722.0,37.669373,4.279530621614615e+16,0.06618221325158187,4.9359927920539955e-08,75188086676243.11,7412814049.167,2.1032696525957713,8.802220694424614e-16,0.000853323806902426,6.371855828039752e-10,969441504054.6837
238,81909.0,0.22452186,2628194309598787.0,1.7282036617386093e-05,1.4534008707712738e-11,202299011312.71585,913587908.85,2.1032696525957713,8.542818131064094e-17,2.799215263813934e-06,2.643513644164989e-12,32766883490.533394
239,74378.0,30.901823,1.8992993809902176e+16,0.05663373623308442,4.269982434065639e-08,34808438379399.33,7056479646.17,2.1032696525957713,1.6270116922740766e-15,0.0005886256080544458,4.3865481117161335e-10,361783268583.4746
240,138803.0,22.327852,2.010336726121593e+16,0.14120546342584567,1.0012584775162795e-07,127137410734358.55,4998262913.26,2.1032696525957713,1.1106523454444182e-15,0.00045438241143735703,3.6162866569260176e-10,409113088628.5931
241,85625.0,21.678059,1.5966727999736316e+16,0.018793656506748205,1.3038709996532577e-08,13842254122646.457,5968494967.62,2.1032696525957713,1.3577020288914552e-15,0.0005839570515247933,4.1095774937164026e-10,430106930017.3221
242,157302.0,6.9908566,4122035792022067.0,0.007769613138711233,5.712232071830386e-09,4581215905348.798,806609952.7,2.1032696525957713,1.6959718335125449e-15,0.0002700000140827614,1.9835275968997768e-10,159200765453.49313
243,119437.0,42.152313,4.819145328261228e+16,0.0412485603102103,2.829075993392202e-08,47158220408083.3,4167815611.26,2.1032696525957713,8.746844124580233e-16,0.0008232775038561566,5.756560324658199e-10,941228049946.1471
244,236857.0,0.53962696,4410897585155671.0,1.1262284474522571e-07,9.397571374531215e-14,920576380.9874847,7131569.8,2.1032696525957713,1.2233948977098167e-16,6.915524703399712e-07,5.77051104858436e-13,5652732994.346721
245,14663.0,25.223427,1.528789375574344e+16,0.060547808637572184,3.9993999469236695e-08,36697965966095.266,4014286362.85,2.1032696525957713,1.6498954926687613e-15,0.0005240141685228433,3.6496919262927587e-10,317604460919.6627
246,28883.0,19.473196,1.7157240525868762e+16,0.21171909665589733,1.7786473159546788e-07,186539254534534.9,4958282471.33,2.1032696525957713,1.1349841468177454e-15,0.0005088020824615187,4.137468248582242e-10,448290034612.45844
247,112031.0,39.82322,3.283525066493324e+16,0.08212272170068399,5.447095499207314e-08,67712258133031.72,8616537300.85,2.1032696525957713,1.2128191255908284e-15,0.0008043670166777771,5.598781590684579e-10,663220920337.9171
248,108391.0,2.9303975,4961417429872102.0,1.9989014656281937e-06,1.2757592201551207e-12,3384313756.8076034,43462365.29,2.1032696525957713,5.906371599286177e-16,1.0090591268268335e-06,6.428734021799844e-13,1708424723.8165386
249,165703.0,10.496517,8730450664240368.0,0.013880916630985401,1.0917343501884028e-08,11545416238667.709,842853397.32,2.1032696525957713,1.2022881067289437e-15,0.00026207822839660757,1.9401874290857105e-10,217982883578.24802
250,125387.0,12.175949,1.108495892357168e+16,0.005797088585978307,3.984858699360202e-09,5277657524015.234,1444372811.17,2.1032696525957713,1.098420759512999e-15,0.00031682677673482493,2.1125169157027e-10,288438445824.07086
251,137937.0,20.750628,2.9797065638941348e+16,0.04488441684703351,3.438895591755701e-08,64452213926087.56,2034442946.66,2.1032696525957713,6.963983719551668e-16,0.00041318579736305866,2.9606687159045595e-10,593318155243.5608
252,87581.0,67.0776,3.781415718706032e+16,0.0909236635912625,6.929152858555293e-08,51257076983425.06,5502342865.22,2.1032696525957713,1.7738753152206546e-15,0.00098649555058075,7.518563658167647e-10,556124515695.1962
253,122909.0,26.51983,1.7961892664554374e+16,0.035380069067340605,2.4442378361889827e-08,23962936529083.797,3128111528.95,2.1032696525957713,1.4764496423215845e-15,0.000541239367646974,4.023344426265356e-10,366581664645.14404
254,102426.0,127.34397,6.264271549377159e+16,2.299463404655539,1.989234349098509e-06,1131146075045220.5,7666906345.94,2.1032696525957713,2.0328615864786624e-15,0.0014085321262534423,1.115497763099793e-09,692881470938.3691
255,109916.0,21.435436,8784847655580037.0,0.022146146593301073,1.6172385531306043e-08,9076116948602.9,3526081113.88,2.1032696525957713,2.4400464117763555e-15,0.00048226425216645166,3.2244386800735277e-10,197645524215.81314
256,99925.0,34.039597,2.3023403124073636e+16,0.04638175847916991,3.315360677869543e-08,31371285713792.363,5225401804.95,2.1032696525957713,1.4784780866911745e-15,0.0005828844502714754,4.0149252712647725e-10,394246256010.44073
257,21113.0,1.5482075,392614745740544.0,0.002037001060433583,1.379627174987792e-09,516569422002.7676,584044856.46,2.1032696525957713,3.9433248923949465e-15,0.000256753116772704,1.7601723810301487e-10,65110819873.8266
258,26029.0,3.5458724,1075191279368017.4,0.003214269212915723,2.1092699353114797e-09,974641452768.6012,457363451.57,2.1032696525957713,3.297899144126443e-15,0.0002627745888776014,1.7766647137458319e-10,79679389027.28508
259,35606.0,23.80975,1.3187609386093498e+16,0.15160705853342588,9.702935562784691e-08,83971258333810.03,4964294649.85,2.1032696525957713,1.8054636972420252e-15,0.000513409616049748,3.574202730861216e-10,284364408342.31
260,39140.0,45.550106,4.3000930116065784e+16,0.0827459551566291,6.07983058475025e-08,78115142807292.72,11758234869.52,2.1032696525957713,1.0592818777885412e-15,0.0008958570606302293,6.518607915389553e-10,845721124296.4967
261,115444.0,13.336848,7839353022246298.0,0.01576538330113518,1.1550900888387205e-08,9266837653741.379,3432647983.39,2.1032696525957713,1.7012689646904616e-15,0.0005502268526276081,3.8312738642870944e-10,323421436614.3565
262,122295.0,17.364801,1.3200649488164808e+16,0.12038213050682317,7.739125252712501e-08,91513994860009.31,3558988977.51,2.1032696525957713,1.3154505023081333e-15,0.0004348695795021298,2.7635411754319953e-10,330586045418.73157
263,87233.0,56.081043,2.811016432581888e+16,0.10064146631861064,7.471087804110281e-08,50445712220571.77,8971294765.82,2.1032696525957713,1.9950450075629823e-15,0.0007959964381090032,5.629535154604914e-10,398986707112.60834
264,81976.0,15.984982,1.0396176362852868e+16,0.009628396541293023,7.383227200765189e-09,6262034485541.794,2312256880.09,2.1032696525957713,1.5375828037235681e-15,0.00039230467887666604,3.028612378905402e-10,255143773672.95004
265,162292.0,12.507011,2.7012771646126332e+16,0.013583709707158432,9.15330040596493e-09,29338236643970.355,1579994004.57,2.1032696525957713,4.630036178384354e-16,0.00036607121855777077,2.527411028243219e-10,790644402017.4177
266,79210.0,43.83886,5.2043795754469256e+16,0.08401384597139355,5.529861746086314e-08,99737982244124.19,12606762888.18,2.1032696525957713,8.4234555463290435e-16,0.0007992055573005494,5.542201641253194e-10,948785866922.3281
267,21617.0,12.237965,5925037076686361.0,0.06220876578885344,5.840269170663329e-08,30118507757936.445,1459622307.39,2.1032696525957713,2.0654663998903127e-15,0.0003879947224703456,2.8350536932538834e-10,187848479399.59238
268,128713.0,34.881016,2.813926298659866e+16,0.0332690609283954,2.2143954340188663e-08,26838864291719.375,3601190209.92,2.1032696525957713,1.239585273310538e-15,0.0006406109797047601,4.454812065603838e-10,516794603403.0333
269,43603.0,31.408577,2.4518440933544804e+16,0.020291866800478828,1.414778611295989e-08,15840416379860.154,4322908472.81,2.1032696525957713,1.281018523369016e-15,0.0005719967524591363,4.2876304153354444e-10,446517159607.3512
270,131111.0,20.916693,2.2481574479426156e+16,0.017038818558954973,1.1471700468450295e-08,18313577030297.04,6384275256.19,2.1032696525957713,9.30392709778479e-16,0.0004509962642395776,2.8861430049046824e-10,484737530184.3854
271,32247.0,18.661823,2912307371202485.5,0.016380423276410677,1.1812848473333625e-08,2556279065089.5996,7304276674.54,2.1032696525957713,6.407916686450088e-15,0.0005788106344852946,4.294239059051851e-10,90327428212.23367
272,58846.0,8.517999,3454882751247877.5,0.06230179702947174,4.7745018599371645e-08,25269479830752.29,1563267032.39,2.1032696525957713,2.4654958252702968e-15,0.0003367603249043573,2.592270599353918e-10,136589290256.6313
273,92072.0,15.058314,8171249941684410.0,0.007875129759946491,5.723878147889959e-09,4273363777094.828,928193229.49,2.1032696525957713,1.842840949361035e-15,0.000352648987631179,2.6898456471280124e-10,191361597295.44342
274,38009.0,31.006136,4.2177827414087624e+16,0.1382980939813973,1.0542373507035942e-07,188127702840645.66,5291950134.24,2.1032696525957713,7.351288082146162e-16,0.0006893000097364519,4.772534787009942e-10,937658818473.6396
275,69206.0,28.135693,1.4676723142475998e+16,0.10863074840324712,7.027197946954444e-08,56666221765869.58,11053747079.03,2.1032696525957713,1.917028258070244e-15,0.0007029020728284946,4.736499245171319e-10,366662343066.3789
276,79611.0,23.372019,1.1789737480246428e+16,0.01616989825422495,1.1531310702560307e-08,8156713183384.248,3238887030.35,2.1032696525957713,1.9824036827927303e-15,0.0005215054651897267,3.9235141774835074e-10,263067239894.87897
277,51179.0,11.001499,8050040364046680.0,0.3342287637690807,2.799321095367371e-07,244562585440995.06,2523157784.97,2.1032696525957713,1.366638985952817e-15,0.0004657937504246771,3.4589317884169876e-10,340831598697.5353
278,42305.0,45.684097,2.4610637704342744e+16,0.47951402837503887,5.48805248876074e-07,258320658641627.7,9458873364.83,2.1032696525957713,1.856274410635799e-15,0.0007018901631440684,5.544839126630935e-10,378117674371.0331
279,171375.0,7.5965014,6928904699798565.0,0.013860471233068708,9.555634822864854e-09,12642383540959.076,919189769.59,2.1032696525957713,1.0963495284068264e-15,0.0002928283626614744,2.2232412935263336e-10,267093983327.56293
280,83667.0,32.73514,1.6523800353258658e+16,0.02614259494527161,1.984581997995323e-08,13196064522460.482,6795925889.5,2.1032696525957713,1.9810902637506332e-15,0.0005279784779664495,3.797120104792018e-10,266509046875.46738
281,53894.0,79.2527,5.5644805737144584e+16,0.11224938841658912,7.875101323426858e-08,78812398978891.42,14078135239.68,2.1032696525957713,1.4242605208179644e-15,0.0010001666216564202,7.068753978904995e-10,702235726566.3843
282,170747.0,10.456058,1.088586231628873e+16,0.004833399506511518,3.4566828790759397e-09,5032080115422.301,1025085291.23,2.1032696525957713,9.605172007691477e-16,0.00028707787124191575,2.090451301799739e-10,298878428217.66656
283,46548.0,24.447,9212603734427104.0,0.03883072692187747,2.5932085669383365e-08,14632965183908.352,3484490784.49,2.1032696525957713,2.6536471886490258e-15,0.0005286676393710633,3.8679743409540753e-10,199223032222.38388
284,131673.0,16.672865,1.2862117118144644e+16,0.02575187843910143,1.7109849132580976e-08,19866032412302.652,1583437692.14,2.1032696525957713,1.2962768762600925e-15,0.0004281874253817503,3.250116060572539e-10,330320962460.6744
285,53442.0,1.3365556,672189322619634.2,0.0006300617885508062,3.8996490283464257e-10,316874813778.4029,91539829.98,2.1032696525957713,1.9883618424512e-15,0.00014418841343048061,9.385439925509869e-11,72516184102.95428
286,124584.0,28.571465,2.4803829859667904e+16,0.06322367683679742,4.587829200983677e-08,54886556337329.914,6327710563.08,2.1032696525957713,1.1518973143118689e-15,0.0005847445909234082,4.2979042601204276e-10,507636039825.93567
287,102244.0,0.11374775,395647162815073.75,3.7982884477793296e-05,2.1720912848061004e-11,132115320779.28244,6235665.5,2.1032696525957713,2.874979544669853e-16,8.41728573258467e-05,4.7884975104458284e-11,292777238996.01746
288,157863.0,15.71346,1.5527026305808812e+16,0.10947789808354928,9.022891169538683e-08,108178988169882.75,1812760955.91,2.1032696525957713,1.0120070443959666e-15,0.00037499069504603945,2.5455897552307e-10,370541585775.0861
289,45289.0,0.71082246,292345682215150.3,0.0014665886551884287,9.777360546832644e-10,603175736639.021,194577909.54,2.1032696525957713,2.431445043463559e-15,0.0002210856731027468,1.3643005944177155e-10,90927686684.54597
290,131944.0,18.180353,2.798443143239566e+16,0.19632792555663336,1.3667380035638484e-07,302201248292818.4,3028217540.5,2.1032696525957713,6.49659545305389e-16,0.000461733857935742,3.183657125659458e-10,710732046149.945
291,49255.0,4.980257,2723052753529798.0,0.0007947514282170331,5.9443482271578e-10,434545860781.5082,1277447559.16,2.1032696525957713,1.8289241710592156e-15,0.0001351034407615575,1.025666860695153e-10,73870444111.03867
292,40947.0,27.966425,1.839213502093336e+16,0.01982788120741984,1.4023225092383463e-08,13039817150239.719,5395650684.57,2.1032696525957713,1.5205643590681279e-15,0.0005471111576997042,3.885491304897089e-10,359807958431.3019
293,171417.0,16.100489,1.5257919751875952e+16,0.010524941400698087,8.102168724244268e-09,9974151175473.51,1813359576.58,2.1032696525957713,1.0552217642919805e-15,0.0003829263955342271,3.089538905471723e-10,362887128082.6531
294,90507.0,10.073046,5811805575612128.0,0.003051738181873269,1.964776720184387e-09,1760749328526.7915,1094997802.32,2.1032696525957713,1.7332042286942913e-15,0.00021696564165879072,1.418860715024744e-10,125181809544.88075
295,91135.0,3.6811695,4752653345528009.0,0.022872568049014438,1.7030860256485372e-08,29530122712079.816,5311392192.16,2.1032696525957713,7.745503895132143e-16,0.00042338491923333416,2.9150622724472985e-10,546620239258.3148
296,71987.0,51.016315,1.919863845291797e+16,0.0887180281346392,6.196802513284363e-08,33386679269420.816,9783798573.34,2.1032696525957713,2.6572881782794405e-15,0.0007968089000445712,5.458886188609523e-10,299857917766.56104
297,122788.0,23.084024,1.359961362650571e+16,0.01028075751959405,7.400979389916667e-09,6056757264429.819,3306199704.71,2.1032696525957713,1.6974029287868244e-15,0.0004263944752316507,3.13250323920959e-10,251204041185.67496
298,59692.0,0.2788307,190525245872313.3,0.0002767187372921712,1.8843576276631402e-10,189082140022.8418,17635789.09,2.1032696525957713,1.4634842680474346e-15,8.32651985510085e-05,5.624736830757235e-11,56895178423.81733
299,102659.0,56.721706,1.8026567452842336e+16,0.03779218539286055,2.6973387145150643e-08,12010629214409.092,5045874896.69,2.1032696525957713,3.1465616595275e-15,0.0008835603185496909,6.540966582916575e-10,280801844729.26227
300,24368.0,17.91591,3477922316399327.0,0.01964150312321451,1.4318769565224379e-08,3812902723883.6772,3041619523.36,2.1032696525957713,5.151325524299876e-15,0.0006255876473030238,4.6045781120873064e-10,121442072404.85901
301,89457.0,47.05149,3.2592609199271664e+16,0.5329988895545154,5.09448369366102e-07,369208807434070.2,10371733322.16,2.1032696525957713,1.4436245258035814e-15,0.0009864232798646648,7.851620608023285e-10,683296288081.2659
302,95632.0,115.72322,1.7564711999323158e+17,0.12270479949494084,9.460320993430587e-08,186243907148740.72,18156100860.79,2.1032696525957713,6.588392682126488e-16,0.000989073082416003,7.557750508082281e-10,1501235779554.0007
303,123296.0,24.643503,2.614920723788599e+16,0.17451270210734,1.2495086700883253e-07,185175330514022.2,5667990177.51,2.1032696525957713,9.424187424043789e-16,0.0006967057505686763,4.638035352828045e-10,739274081913.0796
304,12292.0,20.597847,2581216154734013.0,0.01833371864932334,1.2664921073257774e-08,2297487244855.3315,2139645222.32,2.1032696525957713,7.979900080132014e-15,0.000573682280657697,4.071210772836469e-10,71890910274.18057
305,115075.0,21.747662,1.4874576250934862e+16,0.043613787180415926,3.098278996982929e-08,29830176825772.91,4957040257.37,2.1032696525957713,1.462069347934074e-15,0.0005449529781133688,4.0379893895277453e-10,372727175276.1902
306,22399.0,20.356598,1.4900062773716206e+16,0.028031940739886643,1.83282941381404e-08,20518049071529.715,3296427790.52,2.1032696525957713,1.3662088750330069e-15,0.0005487839210415412,3.758369988796614e-10,401683762322.42145
307,96059.0,14.079685,8528053934459644.0,0.1169952928802987,8.324727843288108e-08,70863955249076.22,3592293082.19,2.1032696525957713,1.6509845163042017e-15,0.0004663516366541725,3.489535496241904e-10,282468813031.7056
308,17840.0,8.338611,1.0122233867024426e+16,0.005064135445003177,3.8791653144653906e-09,6147350357105.034,797343570.06,2.1032696525957713,8.237915769922093e-16,0.00023186658541443194,1.8304046254312864e-10,281462680476.7934
309,58290.0,13.744495,1.7930798587062884e+16,0.0143324959923395,1.0155700786223933e-08,18697893148385.992,3731408065.18,2.1032696525957713,7.665299977167045e-16,0.00042477825671096217,2.9125782931912245e-10,554157381937.1287
310,107924.0,38.049507,5.943282871925812e+16,0.030830747285941592,2.352877225776815e-08,48157221136455.164,4525566465.09,2.1032696525957713,6.40210264595243e-16,0.0007300881449000896,5.938748908505851e-10,1140388065101.814
311,37311.0,3.2799315,958969644684371.2,0.0026607321359946737,1.971315166815625e-09,777931292484.3401,602477794.71,2.1032696525957713,3.420266239062796e-15,0.00019488151160540167,1.4789016685693848e-10,56978462489.166374
312,135475.0,10.899117,5916045756261646.0,0.004121610281913982,2.869332277557375e-09,2237211970224.8887,561714044.73,2.1032696525957713,1.8422976171988165e-15,0.0003387950746303539,2.3627191494740894e-10,183898123445.16098
313,124749.0,13.072225,8146740440919557.0,0.016186332963595403,1.0168014444926552e-08,10087483450193.977,2183515306.65,2.1032696525957713,1.6045957392162212e-15,0.00031743074552355365,2.0367251698493681e-10,197825993030.8711
314,81191.0,108.86123,7.493654750404906e+16,0.20085977176074843,1.3803719430126823e-07,138265366174916.22,9629529422.93,2.1032696525957713,1.452712109456576e-15,0.0011157882273001053,8.115286297262271e-10,768072503861.4116
315,52794.0,23.688425,9483330802386590.0,0.04325856872762988,2.8570090211042712e-08,17317965094002.227,3699311081.48,2.1032696525957713,2.4979013696367666e-15,0.0004885593208579294,3.542843514357041e-10,195587915038.04388
316,17420.0,6.971874,1376236093611375.8,0.004325455346596324,2.823556184004409e-09,853837543433.8264,697277911.61,2.1032696525957713,5.065899690005319e-15,0.0002736022701066542,1.8591355183005467e-10,54008623709.31922
317,203409.0,2.9733362,4229767641485217.0,0.00022018407507445789,1.534637361158822e-10,313226427580.0004,18322436.1,2.1032696525957713,7.02954973421651e-16,7.501308677826128e-05,5.228256653295209e-11,106711083375.84297
318,85509.0,83.67676,6.9926468314464696e+16,0.07258874323229154,5.182671598667271e-08,60660504226258.86,10782838152.98,2.1032696525957713,1.1966392986372369e-15,0.0010803168026797796,7.740733091150751e-10,902792348462.9594
319,72645.0,127.03534,9.001959880461067e+16,0.11837336228554486,8.472307286660361e-08,83881560690887.9,14155196513.45,2.1032696525957713,1.4111964692903456e-15,0.0012954948116037663,9.442627882044283e-10,918011658755.9471
320,68082.0,101.5639,4.939774104770138e+16,0.0644117869027296,4.6259898926222235e-08,31328028658221.67,9239802907.02,2.1032696525957713,2.0560434110119306e-15,0.0010621586763558011,7.680827714808116e-10,516603234477.93085
321,123346.0,23.804619,1.9552858642706668e+16,0.016448744761424404,1.1849093132586088e-08,13510822465593.473,3259220571.64,2.1032696525957713,1.2174495522617232e-15,0.0005339726631321655,3.898967786632396e-10,438599416411.27966
322,19089.0,10.799902,8989663920180155.0,0.03020069968196631,2.097305741039948e-08,25138574432913.266,1508884948.78,2.1032696525957713,1.201368827121133e-15,0.00032803600176677545,2.259416071402485e-10,273051867470.92102
323,79922.0,14.747776,6011592925385970.0,0.06872598656112892,4.884501543261098e-08,28014573492372.945,4461455847.27,2.1032696525957713,2.453222662120478e-15,0.000621088457164623,4.316725616777691e-10,253172476658.8355
324,40471.0,167.4947,6.977020365515672e+16,0.19316308971537663,1.3552845062030474e-07,80462415277027.48,20500521847.31,2.1032696525957713,2.4006623347102765e-15,0.0015096832262028533,1.0837742011258372e-09,628861129020.483
325,23878.0,5.6791325,1529529041473648.8,0.004474292738401709,3.162112157133808e-09,1205036276832.7864,683001656.67,2.1032696525957713,3.7129942263328e-15,0.00031766726973348543,2.2725842627819088e-10,85555551764.8178
326,162320.0,17.474442,1.4839108807823382e+16,0.011250867725301846,8.228123766639482e-09,9554116254938.639,1125539573.24,2.1032696525957713,1.1775937643092982e-15,0.00042831187358325566,3.242189635778868e-10,363717851235.80054
327,81091.0,1.3119985,986167325371089.0,0.0013188883489038859,8.478238220550826e-10,991346099482.3063,122858515.15,2.1032696525957713,1.3304015112306654e-15,0.00018834811099428822,1.2164713830360202e-10,141572382024.77686
328,140579.0,7.6306195,4056932880503479.0,0.0031431620833628337,2.4233943442858942e-09,1671109089471.2412,557916487.67,2.1032696525957713,1.880883841256209e-15,0.0002578159531379287,1.952305611175227e-10,137071703995.14838
329,98693.0,12.233479,1.0414889114623054e+16,0.014459341377181445,1.0259569451207262e-08,12309861905499.305,1761214548.39,2.1032696525957713,1.1746144260742585e-15,0.00043655694053285814,2.969408129054403e-10,371659781152.09973
330,158904.0,13.889099,1.2106548023882788e+16,0.006029796253429817,4.067159982588406e-09,5255921778394.451,1824801917.89,2.1032696525957713,1.1472385830048948e-15,0.0003332095313128075,2.2270315774489108e-10,290444844035.886
331,19976.0,29.104307,5.507260629453439e+16,0.5918743435622955,4.6102373139591476e-07,1119973847817173.2,8121988231.95,2.1032696525957713,5.284715752210263e-16,0.0006646056878070025,4.792201482053263e-10,1257599687417.5112
332,77512.0,46.43206,5.08145524806904e+16,0.18668523747002178,1.4603991121309697e-07,204305533650468.5,7921398382.39,2.1032696525957713,9.1375516920363e-16,0.0008740396186332934,6.157592217249853e-10,956535895052.7742
333,119478.0,18.976683,9965287569742334.0,0.006341562480396409,5.013298620893026e-09,3330165432949.409,1986758784.2,2.1032696525957713,1.904278513509136e-15,0.0003725746556447273,2.8321621032467356e-10,195651346692.0131
334,116935.0,9.898717,7922222880564527.0,0.027746037490291784,1.6961297911134962e-08,22205937703905.543,1829489453.64,2.1032696525957713,1.2494873155215534e-15,0.00022994683869391393,1.6110826460680476e-10,184032951625.38797
335,15584.0,30.88241,9489704749879556.0,0.023040668052196223,1.5364819006036877e-08,7080054213881.774,3183856701.51,2.1032696525957713,3.2543067264966238e-15,0.0005940576794704365,4.1152685924940587e-10,182545079304.7896
336,193761.0,12.473715,1.4166920409008098e+16,0.0035432222700206052,2.33147256291671e-09,4024185889352.684,649201100.51,2.1032696525957713,8.804817589056641e-16,0.00030891283467772527,1.9270038175618085e-10,350845240748.2783
337,127612.0,21.61399,1.1415697210310494e+16,0.02294960493440727,1.8149455443844307e-08,12121118822921.68,3294236557.03,2.1032696525957713,1.893356980463581e-15,0.0004182168120802566,3.097583123635498e-10,220886402509.18655
338,101648.0,28.13155,1.2170206659488752e+16,0.05311679945805068,3.9831007301172444e-08,22979267992524.3,3682099286.98,2.1032696525957713,2.3115096388331793e-15,0.0005895561618858437,4.257443872787229e-10,255052434989.3882
339,82449.0,15.488312,1.8006354490231108e+16,0.9754451404144935,9.00677957319071e-07,1134030034007361.8,1935662435.04,2.1032696525957713,8.601581185354755e-16,0.0004952201925147999,3.953370437724381e-10,575731579861.1224
340,14662.0,107.28937,1.3506956426794702e+16,0.4553566692811604,3.265278464232733e-07,57326114326433.26,27466094216.785,2.1032696525957713,7.943267647414818e-15,0.0011317172384187814,7.965778419894827e-10,142475022705.1842
341,89318.0,14.069815,9749422005427402.0,0.00616410466080723,4.844656200164543e-09,4271304038029.7554,849050966.5,2.1032696525957713,1.4431435004216126e-15,0.0002988489218005409,2.2644784252689535e-10,207081916464.46286
342,142643.0,66.51006,8.864519449482702e+16,0.7899264443960599,6.940174198058977e-07,1052820931150804.8,6979908286.76,2.1032696525957713,7.502951556373567e-16,0.00075254636091298,5.745054340774791e-10,1003000426243.8707
343,117267.0,33.376602,3.996767789468072e+16,0.05859544787195513,4.2123801526104955e-08,70166639091686.37,5160209558.66,2.1032696525957713,8.350898465492807e-16,0.0006105109571413239,4.312462667273474e-10,731072183028.0284
344,155320.0,13.5803995,1.1652854201143894e+16,0.008265096617464582,5.577282670138962e-09,7091983254372.035,1933546982.68,2.1032696525957713,1.165414006352786e-15,0.00040818989650746,2.8182635299530353e-10,350253124024.91895
345,111296.0,29.33699,1.5590605587590564e+16,0.08542559532961459,7.236862087098675e-08,45397866784190.87,3193016188.53,2.1032696525957713,1.8817094586339194e-15,0.0005776081192941131,4.0155037892645363e-10,306959247424.6498
346,39623.0,0.14206418,97182140576574.5,7.92992652993786e-05,5.206587641322281e-11,54246414176.62979,19221655.55,2.1032696525957713,1.4618342337094417e-15,7.501362321808247e-05,4.925050069120425e-11,51314726039.58212
347,88379.0,15.41025,1.474875937892221e+16,0.033579856655732813,2.2316352165184404e-08,32138429019263.33,1763259046.5,2.1032696525957713,1.044850594147135e-15,0.0003208439105955111,2.208100176451396e-10,307071568311.0672
348,94686.0,11.191201,1.1600126200304014e+16,0.0718640044816731,4.540670914755348e-08,74489906958745.64,3007253624.46,2.1032696525957713,9.647482110760746e-16,0.0004514410829102191,3.2723273520819076e-10,467936688275.05194
349,130892.0,11.604425,6479358484950535.0,0.0037460753429046077,3.0788530457123317e-09,2091630137496.0803,723882916.6,2.1032696525957713,1.7909836331719177e-15,0.000262135103788039,2.09672539993238e-10,146363762869.1141
350,66007.0,34.380363,1.3934849205603356e+16,0.2091736194601225,1.692268367012995e-07,84781037505830.48,4709206393.55,2.1032696525957713,2.4672217469117125e-15,0.0006096612173288444,4.403629360616848e-10,247104346454.45782
351,137057.0,9.378076,6432315413437972.0,0.04289249405223046,2.8386794878179992e-08,29419472673601.547,1476690362.52,2.1032696525957713,1.4579627081731625e-15,0.00038260995852692077,2.8098563773553765e-10,262427808600.35422
352,93527.0,0.33652616,638957347319934.5,7.1329169169297575e-06,6.623788892171949e-12,13543166070.343307,44231761.29,2.1032696525957713,5.2668016325586885e-16,2.799215263813934e-06,1.88430301167525e-12,5314829490.652441
353,48728.0,0.19212435,57807046095726.92,0.008204147532582121,5.513406970979457e-09,2468492591345.756,733300036.64,2.1032696525957713,3.3235455359861706e-15,0.0004236862578540962,2.9498108525946363e-10,127480202472.5017
354,87785.0,68.0186,2.147614799746704e+16,0.6029222043666526,4.967065086828101e-07,190366259992668.12,6792685864.06,2.1032696525957713,3.1671694573916293e-15,0.000867056739763228,6.379337847139469e-10,273763924358.28357
355,106224.0,10.552778,4275360596808292.0,0.08749493040357494,5.776244231781814e-08,35447763410537.78,1092090099.57,2.1032696525957713,2.4682778823096285e-15,0.0003324171879480307,2.3961661645199e-10,134675755242.34726
356,120083.0,15.348875,1.053600854097981e+16,0.004726628574276292,3.4012914067626163e-09,3244524372542.889,1029733562.32,2.1032696525957713,1.456801685410613e-15,0.00028444083790587083,2.1588193258881514e-10,195250211991.4136
357,96323.0,27.803364,2.079055008372574e+16,0.04236316408852123,2.989205067594365e-08,31677946765272.445,3569646915.17,2.1032696525957713,1.3373077618453054e-15,0.0007072417374803097,4.972307782947496e-10,528854881171.41486
358,19090.0,32.53481,2.314748810508113e+16,0.03471851231841383,2.4102063369317644e-08,24701123225142.445,5853906066.03,2.1032696525957713,1.4055438694818145e-15,0.0007056919788918145,4.944771448408704e-10,502077519040.3583
359,80011.0,20.090355,9200488057036834.0,0.026799457614258726,1.871744777540697e-08,12272958328265.096,3691900748.52,2.1032696525957713,2.183618398877681e-15,0.0006604347092179727,4.921949420876395e-10,302449690640.7354
360,90302.0,42.134075,3.092274778663521e+16,0.06189663189235742,4.6009014589213896e-08,45426746329415.55,9049772236.33,2.1032696525957713,1.3625592166233792e-15,0.0008430602084138019,6.395372487926053e-10,618732894782.3848
361,37797.0,0.36347282,118131076344566.03,0.002924374845388319,2.1667877132600483e-09,950441213515.4866,327667649.0,2.1032696525957713,3.076860308457856e-15,0.00021216219523506879,1.5373226626458638e-10,68954120098.29135
362,21616.0,44.608463,1.4177308881952212e+16,0.14857974074800281,1.2258278754992214e-07,47221104169960.24,8580916177.99,2.1032696525957713,3.1464690070191536e-15,0.0008293028087077913,5.819119062643868e-10,263566177469.97662
363,58847.0,25.459463,1.530888046934795e+16,0.055378083694602495,4.075474115231601e-08,33299070915290.566,3366779138.06,2.1032696525957713,1.6630519162375034e-15,0.0005627782936237466,3.9437409040340086e-10,338400917090.41705
364,43602.0,20.165674,1.0651179529577576e+16,0.06725725528935345,4.8803186887439685e-08,35524183359977.68,3681316549.98,2.1032696525957713,1.8932808280999624e-15,0.0004522912360322125,3.154333336008104e-10,238892841103.83026
365,113886.0,19.765566,1.424533085124717e+16,0.031876249637836966,2.2978297538950965e-08,22973676665162.81,4186317397.75,2.1032696525957713,1.3875118946970289e-15,0.00039704240523651417,2.8574066807300565e-10,286154235328.70734
366,52390.0,0.4115377,397513746145316.2,5.7597670088663184e-05,2.1685198631526983e-11,55634916573.10261,21482361.55,2.1032696525957713,1.035279167049376e-15,7.501308677826128e-05,2.8242005002051997e-11,72456868799.99165
367,155410.0,5.99841,2766243051822168.0,0.0023161927462336555,1.6542353383274333e-09,1068141739385.8966,843483625.81,2.1032696525957713,2.1684320168644444e-15,0.00022652872742368708,1.4853877034250456e-10,104466603362.20636
368,76214.0,51.36323,2.4845873293499384e+16,0.15267084044284976,1.0687052279764437e-07,73851281495636.2,5281950842.15,2.1032696525957713,2.0672740858514545e-15,0.0008156154264794427,5.664725246985273e-10,394536666454.42065
369,36774.0,3.5228355,996979503703004.0,0.007767304754134373,5.702050036338708e-09,2198184853901.6003,960869870.3,2.1032696525957713,3.533508449186171e-15,0.000381206522889375,2.8181839987337945e-10,107883291740.01935
370,97224.0,51.69138,2.5878185723787004e+16,0.09811123086211541,6.9489415757156e-08,49117292938187.49,7491679764.26,2.1032696525957713,1.997488562441444e-15,0.0008069368741367842,5.79742705004598e-10,403975716962.55426
371,43801.0,1.7323446,970259042282895.9,0.002929044884015533,2.0050442965091664e-09,1640512103636.0356,615232838.56,2.1032696525957713,1.7854454578686677e-15,0.00021388377791917073,1.461140490406034e-10,119792949695.8643
372,37538.0,13.394752,3508533966851961.0,0.009228243594098014,6.280352861297391e-09,2417185932541.1104,1959374365.7,2.1032696525957713,3.817763238592348e-15,0.0004343881820761429,2.98785792926728e-10,113780806961.80276
373,38008.0,113.884605,3.2776178000497304e+16,0.08314226038058879,6.47737202485291e-08,23928480285793.44,6861624386.14,2.1032696525957713,3.474615160995039e-15,0.0010386244446015096,7.707594344978263e-10,298917835926.34607
374,160561.0,13.692054,2.7612305607759656e+16,0.02655227916486589,1.724069396969307e-08,53547089931344.58,1718159368.55,2.1032696525957713,4.95867827717807e-16,0.0004269668788447876,3.187263251301719e-10,861049769673.2401
375,129193.0,8.70295,4382844784917199.0,0.004316260839909733,3.033542855668939e-09,2173688382966.776,717226381.66,2.1032696525957713,1.9856851946821603e-15,0.0002566042758429873,1.8986963975861876e-10,129227068082.18953
376,42304.0,30.736856,1.0441384815970842e+16,0.014125443202786265,9.78663050769596e-09,4798447446167.918,5293363506.48,2.1032696525957713,2.943752820314197e-15,0.0004988651923480546,3.532407204030941e-10,169465720391.16006
377,60012.0,0.11347653,81012670707944.89,0.0001861950832095971,1.4943751650381924e-10,132927583910.94165,46285313.0,2.1032696525957713,1.4007257014040322e-15,4.423935532468751e-05,3.55110147786442e-11,31583168125.168064
378,48253.0,18.230465,1.5808951787262864e+16,0.00894426302118972,6.421377715852322e-09,7756215920690.249,2124132824.32,2.1032696525957713,1.153173546565442e-15,0.0004327295206937467,3.0286444946896845e-10,375250994945.7027
379,57240.0,32.643505,2.8083908160350668e+16,0.09480082919619051,6.410175875444527e-08,81559188594205.94,8023810091.9,2.1032696525957713,1.1623562081749949e-15,0.0005443435944256077,3.3829670986917367e-10,468310480554.2156
380,42860.0,5.9064407,3210891895373711.5,0.01842049979056165,1.2793398663060627e-08,10013853772585.502,4642358851.47,2.1032696525957713,1.8395015754065297e-15,0.0005560859455983333,3.9011340212300465e-10,302302511198.1425
381,61974.0,0.20967217,343974671458774.3,6.005305657436355e-06,4.472290382344129e-12,9851918070.606075,16270271.540000001,2.1032696525957713,6.095570034584055e-16,1.2687859165625133e-06,9.448942944094175e-13,2081488538.9945188
382,119098.0,101.16867,1.338749821511971e+17,0.4628635387518928,3.3189030727341323e-07,612500371793457.1,9726549189.44,2.1032696525957713,7.556951147581935e-16,0.001282280640971259,9.301763223311402e-10,1696822721133.4583
383,40069.0,15.92312,3285614023055830.0,0.010541755061267678,7.349728571231278e-09,2175210527642.8772,1275353656.33,2.1032696525957713,4.846314840472493e-15,0.0004367580014815197,2.9973624945487204e-10,90121673035.78192
384,89218.0,71.21944,2.4267905844058256e+16,0.04121409414178346,3.038305385969646e-08,14043634098793.166,2845468521.96,2.1032696525957713,2.9347171716276186e-15,0.0008694216056861424,6.449733793154633e-10,296253967534.4435
385,76621.0,35.470135,1.1387607093142956e+16,0.04129510708743897,3.014059862793575e-08,13257701285349.434,4201675019.5,2.1032696525957713,3.114801442469712e-15,0.0006205753266806358,4.5861112116838363e-10,199234313372.0217
386,73888.0,8.903748,1.113974957261096e+16,0.004414524763816196,2.9106443395870566e-09,5523146022439.311,922130503.32,2.1032696525957713,7.992772137258305e-16,0.00027807080693773256,1.8790854390401925e-10,347902832912.6331
387,14667.0,24.124762,3.2330086941268396e+16,0.0415422093735706,3.502102070262719e-08,55671564377709.195,3028793949.3,2.1032696525957713,7.46201581326571e-16,0.0005731964357987104,4.267284893644474e-10,768152266281.3202
388,41813.0,27.418615,2.4557524062325692e+16,0.016986412141306785,1.1921336426960085e-08,15213905767768.455,2469304180.94,2.1032696525957713,1.1165056758333214e-15,0.0005342115056176498,3.7370904690873263e-10,478467344305.1982
389,117752.0,11.090689,5221247609544896.0,0.028354025269932956,2.0040288938723786e-08,13348439097121.291,894684340.63,2.1032696525957713,2.124145382365175e-15,0.00030954116946537563,2.1686740561301581e-10,145725039366.51944
390,128144.0,14.076791,1.6008097457483264e+16,0.02582025844382429,2.048310835094119e-08,29362744218206.008,3138203301.65,2.1032696525957713,8.793544040687708e-16,0.0004326210566923017,3.164712079807498e-10,491975766187.7453
391,115768.0,11.471183,5611724250172965.0,0.03759471023373566,3.408506391920681e-08,18391402795760.484,1555406017.98,2.1032696525957713,2.044145878986558e-15,0.00020813949791676222,1.552913505179406e-10,101822232970.94292
392,119717.0,35.577507,3.3206657307057336e+16,0.05824877273205443,4.407103934202149e-08,54367132432016.59,6955524861.75,2.1032696525957713,1.071396818746908e-15,0.0006412994801053863,4.2980331017259234e-10,598563920374.0048
393,3610.0,7.557463,3890159817528176.5,0.003639096878082694,2.5265363115005926e-09,1873203804928.92,776923785.3,2.1032696525957713,1.9427127301937027e-15,0.00023637719617746245,1.5875414508804723e-10,121673777344.26743
394,5832.0,0.8953246,156820365865255.34,0.0011503034277655139,7.867241504341995e-10,201481121370.11,292974274.83,2.1032696525957713,5.7092367758489305e-15,0.00017245084651625254,1.1274343149212506e-10,30205586716.205177
395,32600.0,27.967941,1.331036651943373e+16,0.032091935408737275,2.2609123795702334e-08,15273037890357.623,6891283056.62,2.1032696525957713,2.1012149409383697e-15,0.0006637128260929262,4.783299491886517e-10,315870981669.54895
396,53767.0,58.11437,2.3277422124072628e+16,0.10624332832567636,8.264410670057557e-08,42555237221073.05,11941860052.13,2.1032696525957713,2.4965981924562138e-15,0.0008614688508105597,6.268505692388133e-10,345057067418.2159
397,44183.0,0.26289737,184890965955330.1,0.0055134208438449624,3.860647289221235e-09,3877489172055.035,636082187.39,2.1032696525957713,1.4219048975249357e-15,0.00026517157656017165,2.2487142565149353e-10,186490374301.22598
398,13437.0,15.454951,2.8586733842761228e+16,0.8281169639537184,6.492889698954824e-07,1531752461668784.5,3790535392.76,2.1032696525957713,5.406336759214457e-16,0.00037665615704791206,2.6812222376980617e-10,696693849871.5354
399,111879.0,21.885405,1.0104501360261654e+16,0.02417696857334002,2.5248846998122046e-08,11162517295719.111,2847409126.31,2.1032696525957713,2.165906482636495e-15,0.0004975925371237733,3.888981708011595e-10,229738698837.11157
400,103807.0,12.742605,1.0957605716266306e+16,0.009949921502749773,7.051886142240905e-09,8556124649153.918,2238140536.55,2.1032696525957713,1.162900484827986e-15,0.0004141854701655932,2.894578806160802e-10,356165876245.9444
401,72284.0,15.866315,9274010938542652.0,0.049182740541355005,3.5690193192784423e-08,28747776264875.082,2615483620.82,2.1032696525957713,1.7108363474168257e-15,0.0004651632087402276,3.380808987005514e-10,271892287910.86462
402,19560.0,4.040531,1991726395035631.0,0.004351834590879105,2.9585383669356982e-09,2145179388917.6943,492581913.88,2.1032696525957713,2.0286576560269546e-15,0.00027711819860752677,1.909814975760232e-10,136601756232.37079
403,107336.0,12.9155655,8192858114951862.0,0.07918856612892188,5.31153935238055e-08,50232464588619.04,1720960964.96,2.1032696525957713,1.5764419838333653e-15,0.0004446095275238986,3.1870486143119724e-10,282033549019.5211
404,106833.0,26.275919,6.864030523720059e+16,0.5075433052923081,3.790393834066807e-07,1325850007239012.8,7193064125.71,2.1032696525957713,3.828059754279675e-16,0.00046756646045594626,3.347922077730627e-10,1221418918378.2168
405,45835.0,50.68633,1.3966138926539114e+16,0.7893915261244245,6.766048472993878e-07,217509370303323.28,6328330019.96,2.1032696525957713,3.629229973051711e-15,0.0007575635299948474,5.453989601389738e-10,208739466944.78415
406,143250.0,17.398796,1.5115110721418586e+16,0.18039708075366107,1.5413833001679265e-07,156718996499084.0,2901433441.21,2.1032696525957713,1.1510862421500732e-15,0.00037813309142528103,2.6571019973775176e-10,328501095381.85394
407,22770.0,10.5394335,2508992651269733.0,0.00725434366427738,5.1162385235009895e-09,1726951922364.432,1040831349.36,2.1032696525957713,4.200663359721791e-15,0.0003540750031205169,2.557928218651879e-10,84290259132.7783
408,163381.0,41.051437,5.036698518145421e+16,0.030170602550577755,2.1189273984652646e-08,37017030404574.98,2289604469.47,2.1032696525957713,8.150465399528357e-16,0.0007027131891375914,4.964449626976895e-10,862175538072.041
409,50971.0,8.849544,9326985758961084.0,0.008894643575775693,7.80575396412749e-09,9374518502003.559,865059641.67,2.1032696525957713,9.48810712131476e-16,0.0002745035129172469,2.2574607549681777e-10,289313252271.976
410,111965.0,29.1357,5.325610519067315e+16,0.028934428174723352,1.9970097654141285e-08,52888207611454.125,5254322781.37,2.1032696525957713,5.470865714960806e-16,0.0005961343666661174,4.224054935668914e-10,1089652712615.3162
411,154578.0,11.167532,9874327813798702.0,0.006717248078928653,4.26026591915979e-09,5939388357065.025,1587163239.18,2.1032696525957713,1.1309663007535696e-15,0.0002762073422263408,1.767197874264461e-10,244222433544.043
412,94508.0,37.223213,2.1763596286727056e+16,0.4265183602986921,3.063857726486793e-07,249375931153969.12,4854052925.07,2.1032696525957713,1.7103429281447058e-15,0.0006585499245978288,4.876310349430393e-10,385039698040.08295
413,88590.0,79.16328,7.083556005585059e+16,0.09306815381683063,6.443624222516624e-08,83277686308339.5,6396612339.81,2.1032696525957713,1.1175641152209905e-15,0.0008936489325267094,6.11266842741534e-10,799639967278.2949
414,27815.0,91.93676,2.0560780710881336e+16,0.7698845261539883,5.484434629199484e-07,172177341413303.44,19677632870.86,2.1032696525957713,4.471462503918663e-15,0.0010633748419102537,7.824894081412128e-10,237813655147.1341
415,96781.0,52.275185,3.4338739904009652e+16,0.0988760798738331,6.577388738931388e-08,64950128622512.53,6039059612.77,2.1032696525957713,1.5223384767795733e-15,0.0008049334764033322,5.874131010358291e-10,528748033818.4229
416,67376.0,17.985449,7145735311703854.0,0.012487612402592939,8.44536865865739e-09,4961409242776.167,3219865663.22,2.1032696525957713,2.5169486715442704e-15,0.00046585791909182627,3.19098374782657e-10,185088366862.08615
417,103718.0,13.186338,1.247044033143482e+16,0.10951439296549029,8.151917865002357e-08,103568762070974.67,3786072424.86,2.1032696525957713,1.0574075693831421e-15,0.0005321428287937118,3.6160120842846203e-10,503252335430.27026
418,94376.0,20.446007,9627112082546870.0,0.01889948061998481,1.2861383242499782e-08,8898921839873.975,2091766857.8,2.1032696525957713,2.1237944281407986e-15,0.0005700975355359863,3.9745793980571457e-10,268433483006.66663
419,97849.0,18.718838,6692799677275693.0,0.15504086516400511,8.389425812654304e-08,55433860388887.26,2160292496.82,2.1032696525957713,2.7968621358198953e-15,0.0004184686923366244,3.053402546935827e-10,149620779293.0598
420,175005.0,6.157933,8781578286717430.0,0.0023998422901020887,1.4990561247359823e-09,3422317674828.02,397683138.07,2.1032696525957713,7.012330584485225e-16,0.00022577911141883917,1.3821328640754256e-10,321974425903.9573
421,31093.0,16.611092,6140535756670779.0,0.010092801570564781,7.153005470088221e-09,3730953324985.2593,2136799109.2,2.1032696525957713,2.7051535335421696e-15,0.00042795017018937374,2.9565315635868867e-10,158198107753.61398
422,203253.0,8.917454,1.0393714106011292e+16,0.024643904713392402,2.391655361821316e-08,28723635697676.13,923054192.98,2.1032696525957713,8.579660657437667e-16,0.00025494803129744035,1.7823903127570632e-10,297153980182.68604
423,127184.0,43.318382,4.6137488786058216e+16,0.09795370324893571,7.284161062073343e-08,104328409246694.52,6361732591.68,2.1032696525957713,9.388976977240666e-16,0.0008558264576507556,5.946342669075143e-10,911522586246.9578
424,93199.0,30.163595,1.7864935237153984e+16,0.025677023754161244,1.7948390258303122e-08,15207682189439.125,5544534158.59,2.1032696525957713,1.6884245366458594e-15,0.0006587364181932724,4.737752651945238e-10,390148569803.3538
425,11720.0,0.32585192,695319488805153.8,0.0022499994378913585,1.6863439366772998e-09,4801163850642.656,243509860.47,2.1032696525957713,4.686362531847745e-16,0.00017788343208239972,1.4071841102493696e-10,379576763158.0641
426,115856.0,10.791476,7146628304132573.0,0.001867151833375694,1.3033350938041623e-09,1236516685995.1096,519949205.28,2.1032696525957713,1.5100094115374345e-15,0.00025353860660947547,1.687004398790296e-10,167905315471.73077
427,94420.0,22.929068,1.0115048273502742e+16,0.06268210282586181,4.3342364120922115e-08,27651908746062.195,4231596762.25,2.1032696525957713,2.2668273427883396e-15,0.0005962284820885651,3.880060643205499e-10,263023332582.16602
428,64618.0,21.661562,2.529326572433774e+16,0.05572493383327819,4.3642220772203124e-08,65067586488741.836,2831062345.84,2.1032696525957713,8.564161795507792e-16,0.00048225333684447737,3.6931528264021083e-10,563106289161.2305
429,28159.0,21.476564,1.1228855520119098e+16,0.007446822026416473,5.8376626184972126e-09,3893513348721.4756,1054835513.58,2.1032696525957713,1.912622703312885e-15,0.00033528612297065266,2.6459062045041074e-10,175301758360.33844
430,191053.0,12.636183,1.5052581809259292e+16,0.005364006423792309,3.6516239440566393e-09,6389757533546.807,957891412.44,2.1032696525957713,8.394694784005165e-16,0.0003350418859824439,2.4030183252362493e-10,399111456226.8733
431,69095.0,42.92395,9.436655015429608e+16,0.1604765324860332,1.3060840321796694e-07,352801099419572.9,10084608031.58,2.1032696525957713,4.548640374138534e-16,0.000826681982128782,6.273843518711698e-10,1817426558557.8354
432,25000.0,2.4781854,702781199292572.0,0.0008080578426939576,4.426529220255505e-10,229154711260.19385,117440526.9,2.1032696525957713,3.5262545476381146e-15,0.0001736487403472859,8.670239184636969e-11,49244527869.8317
433,2645.0,14.80649,4349512982735896.5,0.049299857338098836,3.013022400225966e-08,14482187847294.56,1665103100.94,2.1032696525957713,3.40417192885042e-15,0.0002894748407961307,2.1620074105809527e-10,85035317500.51343
434,15071.0,1.6284453,987387012328086.6,0.0030601162905278087,1.99430698966361e-09,1855462434925.361,990554271.35,2.1032696525957713,1.6492472350435414e-15,0.00022945839152743809,1.4328654228392285e-10,139129165507.66885
435,56880.0,22.49798,1.1163131075887686e+16,0.42593218626509166,2.8641711463343284e-07,211340610344423.22,3819448628.95,2.1032696525957713,2.0153825881876042e-15,0.0005048583347501695,3.483602876655403e-10,250502479136.81696
436,152811.0,8.459812,1.873707407732354e+16,0.19597775169696413,1.3432902311317712e-07,434058067845164.44,1187146736.47,2.1032696525957713,4.515012303995985e-16,0.00032056874777482874,2.2519350196445413e-10,710006365854.4436
437,209386.0,6.1818333,6924045428769959.0,0.0017688342282660744,1.167674026337687e-09,1981206538273.6138,213372232.73,2.1032696525957713,8.928065772523663e-16,0.0002132714565907593,1.4750442793659509e-10,238877559848.52545
438,139012.0,30.390303,3.231494408344346e+16,0.05678993988225721,4.275578740322472e-08,60386490118155.695,5030388637.87,2.1032696525957713,9.404411445530073e-16,0.0006705100614962324,5.019154255529785e-10,712973975436.7367
439,25319.0,12.799031,3.727497137968112e+16,0.03503335020796644,2.784937389307702e-08,102028593128362.19,3722042825.73,2.1032696525957713,3.43367963173725e-16,0.0004388288704207365,3.08469315121519e-10,1278013435978.9229
440,117143.0,23.146566,1.372689304646002e+16,0.03575340396202361,2.6955802069117667e-08,21203281395330.004,4313974868.23,2.1032696525957713,1.6862203210630525e-15,0.0005418449276825326,3.8424946158818633e-10,321336969383.0605
441,44582.0,17.445814,3929284545631097.5,0.006749336287905049,4.696361691765394e-09,1520139029874.586,912550880.55,2.1032696525957713,4.439946712283205e-15,0.000336307845232025,2.382075842953082e-10,75745919270.07193
442,131157.0,10.664492,8595790590600243.0,0.01934068016588619,1.2189175035265572e-08,15588969130994.074,1133394205.27,2.1032696525957713,1.240664472638729e-15,0.0003722573939461439,2.7401535901594346e-10,300046791179.8923
443,204044.0,2.4489758,4185346035948065.0,0.00035500876289339855,1.617146852566772e-10,606716701121.633,21738146.19,2.1032696525957713,5.851310211785768e-16,8.321181761663633e-05,3.773488580509484e-11,142210572683.41412
444,67238.0,4.1944513,4371017899993984.5,0.0038213727298188147,2.409201235373044e-09,3982234483110.3213,1218838062.72,2.1032696525957713,9.596051528422642e-16,0.00021101010650309302,1.3174705010069295e-10,219892635922.2854
445,87877.0,73.16358,8.794421048770158e+16,0.30076010748182863,1.9944813443467863e-07,361520174363880.06,9709360826.26,2.1032696525957713,8.319317393864312e-16,0.0006085092499574163,4.313703925847439e-10,731441320421.5599
446,145794.0,23.704699,1.6231496519380522e+16,0.028352221062723643,2.1813711822896823e-08,19413829194637.99,3013635008.08,2.1032696525957713,1.4604136452665608e-15,0.0005264904675234977,3.693689569116237e-10,360507770678.4919
447,80419.0,21.498314,1.2889324151452572e+16,0.09416467350719535,7.870261686497052e-08,56456473770451.914,2356234365.65,2.1032696525957713,1.6679163117778546e-15,0.0004896877466668196,3.513534912692518e-10,293592516128.61487
448,88789.0,38.13022,1.4873897089161968e+16,0.026341735080880956,1.823646665412594e-08,10275426072626.67,2665273574.39,2.1032696525957713,2.5635662107534693e-15,0.0005790511945033237,4.0606916415799417e-10,225877214356.45392
449,105677.0,13.376156,5676872079742691.0,0.04997675949231099,3.525533494028942e-08,21210254321040.797,1676687354.98,2.1032696525957713,2.3562546085425064e-15,0.0004931835973275625,3.6151776704989555e-10,209308279139.08167
450,166883.0,16.87191,1.8507263630072704e+16,0.008203948416763088,5.785784228651795e-09,8999137392064.803,1644140400.19,2.1032696525957713,9.116372002495606e-16,0.00035748437861058763,2.684592583750693e-10,392134479058.91327
451,140217.0,17.304974,3.716632305593684e+16,0.037726722819468796,2.3054594905829054e-08,81026620909696.9,4285303105.85,2.1032696525957713,4.656089862307688e-16,0.00046981717306045234,3.5024779591385296e-10,1009038027516.9299
452,82370.0,7.4731455,9190757260817734.0,0.00828961882196785,5.967250174728051e-09,10194887062939.209,1226755276.39,2.1032696525957713,8.131153166083169e-16,0.0003562789147157067,2.581355977801422e-10,438165297638.0085
453,52007.0,28.257277,7840111933015529.0,0.03942950647955862,2.9021706377449716e-08,10939898570669.094,4703010429.5,2.1032696525957713,3.604193057627871e-15,0.0006412356305314033,4.75472006532449e-10,177913785493.34363
454,103366.0,13.917484,9361246956676414.0,0.010653500140122231,6.898856903052468e-09,7165809981507.504,1430075147.57,2.1032696525957713,1.486712621129399e-15,0.00039310639716960336,2.6061686104147607e-10,264413170092.66754
455,102164.0,0.16546974,151098444556091.56,0.007087009816436835,4.525171116922148e-09,6471492369646.304,809738477.45,2.1032696525957713,1.0951121335903193e-15,0.00021373398479130517,1.3477363897509802e-10,195170867197.47998
456,54658.0,0.24545898,167395653953027.66,0.003923984291697496,2.744024254835306e-09,2676039461298.6265,806655602.47,2.1032696525957713,1.4663402197340048e-15,0.0002572859981276381,1.8174820080524307e-10,175461325185.713
457,86738.0,1.3066288,672178775751205.2,0.007237631660678089,5.567501020430467e-09,3723308707884.566,1458999741.26,2.1032696525957713,1.9438709568592876e-15,0.0003359144635701629,2.494106531068134e-10,172806976916.25577
458,79030.0,10.45236,4629472325415353.0,0.0128268680695078,1.0380488602389216e-08,5681169683166.311,1805407594.08,2.1032696525957713,2.2577864744147104e-15,0.0004073751624087908,2.847400304434707e-10,180431217488.97684
459,147334.0,8.119083,1.244514544756631e+16,0.006125944521427618,4.498709697300722e-09,9390010001485.229,845813245.51,2.1032696525957713,6.523895629992587e-16,0.0003128767468036117,2.3715394325594856e-10,479585763704.1431
460,84132.0,40.749607,2.4775079682673736e+16,0.10368890975535514,6.779135216359602e-08,63041123351164.83,5439072763.746,2.1032696525957713,1.6447820762610069e-15,0.0006620296892813264,4.753490838069063e-10,402502981298.4601
461,127536.0,20.162516,1.4410055782728096e+16,0.01207979666554451,8.455923644044021e-09,8633374118314.859,2366698708.63,2.1032696525957713,1.399197636983946e-15,0.0004394771613930507,3.184016819634734e-10,314092269581.27936
462,9172.0,0.6777439,154536414341535.72,0.01182680851573392,7.260685472117554e-09,2696700894136.355,1891304808.81,2.1032696525957713,4.38565824687857e-15,0.00043417921331851696,2.7761477006327744e-10,98999782672.88333
463,94593.0,18.488638,1.0747864296347464e+16,0.13152451458102538,1.1097979273695263e-07,76458181200791.2,2729778852.84,2.1032696525957713,1.7202150576355108e-15,0.0003697034733270322,2.560562637153139e-10,214917008013.63824
464,55725.0,16.77193,4498332041125678.5,0.13890960168212957,9.316836508280702e-08,37256386836024.766,6764175374.27,2.1032696525957713,3.7284775438237625e-15,0.0006883636633638992,4.714979409468164e-10,184623255812.32916
465,50496.0,11.342331,3641669732638950.0,0.01828508003820458,1.1994329211094322e-08,5870770526271.035,4446023703.81,2.1032696525957713,3.114596279377794e-15,0.0005830787276623324,4.017423699004972e-10,187208445448.60712
466,155605.0,12.078291,1.1779615281768488e+16,0.036584486984327605,2.8446949728544804e-08,35679814466818.67,1791582185.92,2.1032696525957713,1.0253553033004209e-15,0.0003640081129939262,2.590029351111172e-10,355006807710.70703
467,195755.0,10.580044,1.0504816442817532e+16,0.0035561055100532778,2.568926043881849e-09,3530820442183.577,957869192.72,2.1032696525957713,1.0071612443293954e-15,0.000296538048711441,2.3252303920398767e-10,294429566646.88464
468,59850.0,26.65818,7118636053167351.0,0.05422716121728812,4.19577451242218e-08,14480486848776.08,2756194017.14,2.1032696525957713,3.744843787615574e-15,0.0005694679426579798,4.121126752324553e-10,152067208929.04663
469,75913.0,2.6743953,4970807665239873.0,1.0633909661699774e-06,5.660053702145034e-13,1976488653.6349201,9477992.04,2.1032696525957713,5.380202735868565e-16,6.915524703399712e-07,3.680889009310645e-13,1285365076.913461
470,273944.0,2.4866123,4280743713659345.0,1.1332810057568526e-06,1.1099886051426293e-12,1950961772.851838,20116793.5,2.1032696525957713,5.808832451392769e-16,9.78002882647405e-07,9.026553981663585e-13,1683647946.1770525
471,146963.0,12.271327,5962253792258220.0,0.04513846537102359,3.385981678620978e-08,21931367841073.89,1885653812.5,2.1032696525957713,2.05816918024085e-15,0.0004713924645236549,3.3570375699344786e-10,229034847596.198
472,92635.0,30.259748,5.756162827809772e+16,0.03573305146492545,2.4938104303278414e-08,67973223890237.74,6115653104.12,2.1032696525957713,5.256930511730134e-16,0.0006721167037178428,5.084030127871243e-10,1278534502630.584
473,162837.0,13.508699,1.2970812066623466e+16,0.005038175499613919,4.418648126623273e-09,4837566338857.57,1857250962.73,2.1032696525957713,1.0414690252710257e-15,0.00030924598973403993,2.429830635053613e-10,296932488850.12555
474,29276.0,3.457591,745283222411199.2,0.0011329825739466723,9.027284032165067e-10,244214224194.4495,147793780.26,2.1032696525957713,4.6392980494230475e-15,0.00013330007414839095,9.99819885514806e-11,28732811026.22161
475,65537.0,25.916145,1.3798207419135934e+16,0.012263490267440951,8.93271700894879e-09,6529296019631.974,3604542078.64,2.1032696525957713,1.8782254979047785e-15,0.0004386327890592387,3.3551824286022224e-10,233535744003.34134
476,25667.0,2.8269546,1018233921251167.5,0.006764005596299844,4.378641365915069e-09,2436310771204.1895,1241457333.12,2.1032696525957713,2.7763311956120504e-15,0.0003545819470743125,2.418193740955552e-10,127716011560.4089
477,147456.0,14.258625,9180201356815468.0,0.01603733179213702,1.2006585519356857e-08,10325394985692.95,1513190365.75,2.1032696525957713,1.5531930559904617e-15,0.0003587782295104766,2.776715163278656e-10,230993969569.1505
478,93102.0,15.23516,7262528668776797.0,0.06508254518409239,4.744050564242326e-08,31024541274028.773,2906464803.68,2.1032696525957713,2.0977762284780083e-15,0.0003922156450126808,2.740339945164374e-10,186967341744.18762
479,35872.0,18.309364,9143672284095504.0,0.010735288559924514,8.32133732470984e-09,5361188977790.234,2086788943.41,2.1032696525957713,2.0024081606519617e-15,0.00041030409454084527,3.3080979966691004e-10,204905324800.14206
480,45079.0,13.310554,5361986165912379.0,0.011506637924728592,7.779005364372181e-09,4635301683803.502,1708101225.49,2.1032696525957713,2.4823924546129667e-15,0.00040202290328212703,2.757110649574586e-10,161949776529.1133
481,82789.0,21.102686,1.5371388091303136e+16,0.08105973018804483,5.4882367083323454e-08,59044643477932.51,2689962291.81,2.1032696525957713,1.3728549350685856e-15,0.0005488706577589052,4.15378372815516e-10,399802370766.4965
482,168731.0,9.115599,8266640742179625.0,0.007834835552408045,5.1001035372357115e-09,7105157958990.2705,1155972840.7,2.1032696525957713,1.1026968855061838e-15,0.000260157131543027,1.576644452623525e-10,235928055082.52078
483,148949.0,12.561058,1.7348617283599672e+16,0.08027756088959209,5.31431116889324e-08,110874790987702.05,2013748709.32,2.1032696525957713,7.240379907322331e-16,0.0003373312040737131,2.238103625204709e-10,465902629960.84467
484,62092.0,0.3744286,296861360538839.3,3.787004086948638e-07,2.778378854261935e-13,300248214.3772451,33365995.939999998,2.1032696525957713,1.2612911270108268e-15,3.7708219853216615e-07,2.7396287885358085e-13,298965235.2711186
485,171834.0,22.157772,1.9976367803848244e+16,0.019540803559420755,1.4207366464349801e-08,17617036545268.895,2800094231.11,2.1032696525957713,1.1091992407013818e-15,0.0005164846428573803,3.78551912734881e-10,465637393089.8029
486,111035.0,0.18395068,663012528805388.2,1.1123570806597669e-05,5.416382084599551e-12,40092631404.396614,14513327.65,2.1032696525957713,2.7744676308220173e-16,1.2687859165625133e-06,6.178078449040236e-13,4573078822.284182
487,87659.0,24.669865,2.278953708115336e+16,0.02562637495409548,2.018645295953847e-08,23673142202922.418,3936820283.18,2.1032696525957713,1.0825083858505246e-15,0.0005502552916950028,4.350193571487787e-10,508315038375.1239
488,44018.0,0.12555744,404554551819976.8,7.265431104484594e-06,2.9544135239310756e-12,23409709725.315235,234071104.58,2.1032696525957713,3.103597263586641e-16,1.2687859165625133e-06,5.159388640478331e-13,4088113916.869013
489,29639.0,17.98347,1.1806092783119464e+16,0.1444126010180333,1.0778208298786518e-07,94806428718735.23,2430216651.86,2.1032696525957713,1.5232363772130476e-15,0.0003758635816207177,2.554497208900303e-10,246753286123.85648
490,55890.0,24.848143,8216767706982118.0,0.023860618280489618,1.5776770184814713e-08,7890213677366.324,3019105563.07,2.1032696525957713,3.024077579664998e-15,0.0006382835851541862,4.312965333712459e-10,211067199282.92783
491,104727.0,6.3560877,3808737301259350.5,0.01092359132274139,7.110658920270969e-09,6545707312162.812,778823255.08,2.1032696525957713,1.6688175626862933e-15,0.00022095476577596116,1.6308542712474497e-10,132401989717.97168
492,87041.0,20.301683,1.2867461032312642e+16,0.08117315524761423,5.6925228631115536e-08,51448562762926.63,3934110656.74,2.1032696525957713,1.577753602596395e-15,0.0005011499758798302,4.022994116679762e-10,317635133302.8959
493,54190.0,2.430955,646700415169300.8,0.01455099502397447,9.735111658204511e-09,3870962038840.999,1537310776.46,2.1032696525957713,3.7590125860110915e-15,0.0004749839165670063,3.2699728140064765e-10,126358692794.65211
494,3609.0,10.370922,2.47072463603719e+16,0.022948202366569925,1.607496215416188e-08,54670827665902.086,2515789597.53,2.1032696525957713,4.1975223983818703e-16,0.00039103309882787356,2.7847508936836385e-10,931580731954.2009
495,82896.0,33.533028,8755749683496827.0,0.03807592599674475,2.5013388394196466e-08,9941937751486.28,3807098511.19,2.1032696525957713,3.829829450607107e-15,0.0006360600871295399,4.580543151458234e-10,166080525342.6393
496,117196.0,39.82736,4.14178703709719e+16,0.04018302817065424,2.99476763451491e-08,41787742192434.29,6074760331.36,2.1032696525957713,9.615984511824001e-16,0.0006293437863648358,4.5264876166289555e-10,654476705521.9176
497,189157.0,10.549859,1.115154778612481e+16,0.002497345680177655,1.965367263886842e-09,2639776483360.9136,801668916.76,2.1032696525957713,9.460443700135101e-16,0.00021783644062794386,1.6793673898779237e-10,230260279044.66364
498,84867.0,11.43459,1.028409036854733e+16,0.004268416900402588,3.2661889397094645e-09,3838947013786.6685,1602968361.27,2.1032696525957713,1.1118717932478829e-15,0.00023845077279505865,1.901571120449154e-10,214458873984.49182
499,104290.0,23.381033,2.9725560370271468e+16,0.015621761938368598,1.1893957917273123e-08,19860783207867.027,2461631473.49,2.1032696525957713,7.865632374548393e-16,0.0005228027137780816,3.9696911130286436e-10,664667109881.4207
500,101713.0,46.509827,4.5277289334949176e+16,0.19788672371649138,1.9155075586801885e-07,192642609598542.03,6807203265.98,2.1032696525957713,1.0272219844243069e-15,0.0006730184265168569,4.99250180700884e-10,655183043900.7216
501,163165.0,19.134989,2.143950274526853e+16,0.021239948763082547,1.3677990543874947e-08,23797972385323.613,2161998584.87,2.1032696525957713,8.925108584536968e-16,0.0004717673941441808,3.4094782025583585e-10,528584486872.835
502,0.0,14.338756,1616266490297465.8,0.008861043842688465,6.1882278839236244e-09,998818044744.8896,2212985147.03,2.1032696525957713,8.871529593712621e-15,0.0004333077784267626,3.242482214860788e-10,48842510623.40523
503,71288.0,1.3550382,496783045955963.94,0.0053372091636914,3.8940637188914234e-09,1956723452698.7478,428112662.14,2.1032696525957713,2.7276256930074743e-15,0.0003262457369601579,2.3109139343878214e-10,119607957131.55203
504,125214.0,8.348259,1.3430829569264072e+16,0.007916794892266476,5.122986676288904e-09,12736682334945.688,1444745019.07,2.1032696525957713,6.215743381261173e-16,0.0002687413055412794,1.817585834098952e-10,432355856825.53046
505,84664.0,18.65112,2.0492569382148108e+16,0.016528999327812065,1.2273711947727013e-08,18160928970628.477,2467064045.04,2.1032696525957713,9.10140629620009e-16,0.00047876900516659153,3.5034025742655227e-10,526038492937.604
506,58680.0,0.38560835,262270892761012.9,0.00037110337364170244,1.6903341612937807e-10,252405356656.9112,55793052.22,2.1032696525957713,1.470267424419739e-15,6.256771822519298e-05,3.2057087966805684e-11,42555331898.131516
507,134130.0,10.702274,1.1278087293000792e+16,0.010678425611569465,6.708805555301744e-09,11252955792301.32,1452958690.15,2.1032696525957713,9.489440648896072e-16,0.0003674159603305052,2.4075682973802016e-10,387184001591.54535
508,91196.0,12.861736,5982253517999714.0,0.0559322506820726,3.679736238924846e-08,26015220916715.344,2758968299.68,2.1032696525957713,2.1499817687934727e-15,0.0005310683246500582,3.579979593149468e-10,247010617651.927
509,5833.0,35.041725,5.409091445689425e+16,0.2707704813461905,1.9226292628892058e-07,417965238410748.0,7896295231.86,2.1032696525957713,6.478301458172834e-16,0.0006765881070586243,5.168355385953793e-10,1044391205668.6722
510,80950.0,9.427514,4511997845299735.0,0.005503430635309437,3.5068968752353385e-09,2633935857138.2373,842123067.86,2.1032696525957713,2.0894322921321617e-15,0.0002134907796618177,1.3385257623615042e-10,102176452649.7104
511,162961.0,34.355797,3.0114961091980396e+16,0.05494730958582572,4.3593206933867124e-08,48164683540484.97,3717414303.9,2.1032696525957713,1.1408215635765486e-15,0.0006154508449074318,4.4061946264866055e-10,539480374983.4058
512,33754.0,10.409629,6326447986680902.0,0.02441380713235021,1.616051274390947e-08,14837481814161.947,1716324000.89,2.1032696525957713,1.645414460359974e-15,0.00033560942039088086,2.3229975332934017e-10,203966495054.05356
513,154931.0,11.20754,1.367605589138785e+16,0.006214214463043034,4.37431134323063e-09,7582925808665.173,1260607814.7,2.1032696525957713,8.195008918512584e-16,0.00030308952559557985,2.150335134866159e-10,369846486574.16156
514,13436.0,16.985325,9743372415118262.0,0.0063616398993494834,4.342035048903491e-09,3649257621519.604,1866696743.02,2.1032696525957713,1.7432696069016919e-15,0.00038037132210894055,2.683035774534633e-10,218194202780.242
515,82189.0,47.653526,2.1878862897084044e+16,0.04382606304630113,2.9662868685505296e-08,20121583966504.05,2553860312.63,2.1032696525957713,2.1780622797518024e-15,0.0007144309407782042,5.055531790997085e-10,328012172755.5082
516,120826.0,57.81391,8.333745871633957e+16,0.04517007191872089,3.346491531862273e-08,65111648801136.12,6494039268.21,2.1032696525957713,6.937325770489893e-16,0.0008162930601824234,6.206113853420681e-10,1176668196345.6062
517,50970.0,0.29622978,218676876713300.22,0.000366071688738529,1.6325544607476046e-10,270234186267.51474,44463674.0,2.1032696525957713,1.3546461082319954e-15,0.00012575349774669468,5.3323216479327104e-11,92831254585.61333
518,109666.0,18.594854,1.905868266342709e+16,0.037695530610323234,3.319598857718576e-08,38635805138972.99,2027116213.06,2.1032696525957713,9.756631309929329e-16,0.00045046951779233163,3.3353058155641144e-10,461705996140.1724
519,157117.0,9.866099,6312470311113710.0,0.009730058322263075,6.298816921258019e-09,6225429552722.969,893534406.03,2.1032696525957713,1.5629537271058188e-15,0.00024338537940903489,1.736148536633369e-10,155721423602.04156
520,29970.0,23.854387,8250511062768115.0,0.015188596070964023,1.102709996234811e-08,5253276049868.94,1299017133.35,2.1032696525957713,2.891261743487276e-15,0.0005177514815334173,3.7153251912927853e-10,179074579705.44543
521,93265.0,31.940187,1.217270642524565e+16,0.18899364488927564,1.1441785946570927e-07,72027260061886.31,7545160936.38,2.1032696525957713,2.6239182876995603e-15,0.000689131704885336,4.834777889961173e-10,262634590458.04016
522,151261.0,11.273415,7841547348443744.0,0.022528260516002246,1.669561750676955e-08,15670178159351.652,1290440276.59,2.1032696525957713,1.4376518433236718e-15,0.0002720343916713389,1.763687706298437e-10,189221328470.20132
523,22771.0,35.239594,1.2255720134673902e+16,0.15070863999881076,1.0891026163404202e-07,52413853397480.85,5730334954.15,2.1032696525957713,2.8753589028440755e-15,0.0006284370115175085,4.3205319772080857e-10,218559502570.58652
524,152017.0,9.976776,7578687822972877.0,0.0033762948190562735,2.4813629700262555e-09,2564744806533.5127,490865537.1,2.1032696525957713,1.3164252484127825e-15,0.00029245462199438004,2.1269939820098729e-10,222158168378.33624
525,163202.0,17.904123,1.851843794025904e+16,0.015374104051555065,1.0825697215225563e-08,15901610582423.252,2959973759.16,2.1032696525957713,9.668268488821338e-16,0.0004207621964405518,2.9949018245902835e-10,435199122704.38727
526,94020.0,44.25159,3.5014931000963056e+16,0.1076001276460575,7.86279209012187e-08,85140693141681.94,8449738141.73,2.1032696525957713,1.2637920091512646e-15,0.0007468911491362301,5.103679833790318e-10,590992144061.6056
527,169565.0,16.626547,2.289056887136347e+16,0.01044543957662223,7.557120916552336e-09,14380740271587.172,1720989460.08,2.1032696525957713,7.263492267682399e-16,0.00044174193094843,3.227576593590321e-10,608167414060.4254
528,119644.0,47.526173,3.330330213832184e+16,0.03723958154228963,2.7096793978512003e-08,26095116802431.05,4243140643.52,2.1032696525957713,1.4270708893251764e-15,0.0007337436652844663,5.427398053343936e-10,514160628440.4232
529,192912.0,7.2663455,5455899632920500.0,0.000909264750875216,5.92316369079821e-10,682716947677.1564,355613332.71,2.1032696525957713,1.331832692844165e-15,0.000154333616662746,1.0322041976803823e-10,115880633875.38744
530,126786.0,65.630394,7.384748392268622e+16,0.23492520040148407,2.0347738888508018e-07,264338424658587.84,5142714822.95,2.1032696525957713,8.887289114509437e-16,0.0008596247537451648,6.438062900875484e-10,967251928759.3972
531,132994.0,15.699742,7895384052347365.0,0.07184675246786841,4.679999045966277e-08,36131657682512.04,4473643470.11,2.1032696525957713,1.9884709718879772e-15,0.0005707820483529948,3.878016734721624e-10,287045703167.12195
532,85418.0,7.5800962,7628603917977628.0,0.01586142150817314,1.526786464939353e-08,15962924357337.87,968193952.41,2.1032696525957713,9.936413374584419e-16,0.0001817439792785836,1.4667561340630788e-10,182907023316.33307
533,4703.0,20.179354,3965722699307959.0,0.023796391652805646,1.603321747532416e-08,4676556570599.524,5926638917.98,2.1032696525957713,5.088443022887458e-15,0.00061150561292414,4.1948551796009316e-10,120175387672.34512
534,84207.0,90.680244,3.606324467205638e+16,0.06463645090010013,4.635386206250607e-08,25705710976512.92,5256524219.58,2.1032696525957713,2.5144782402306583e-15,0.0009798227005052029,7.345487893948139e-10,389672372116.1817
535,100941.0,43.626205,7.983821626538462e+16,0.03949457064410304,2.8725346048311366e-08,72277111254403.39,7187321660.545,2.1032696525957713,5.464326113572626e-16,0.000690971387060556,5.07612209676954e-10,1264513450879.6597
536,104127.0,25.217503,1.4848329818018694e+16,0.02893405938671023,2.1178715403793466e-08,17036677134449.56,3833934263.16,2.1032696525957713,1.6983393626802486e-15,0.0005497675102708897,4.1482068709350776e-10,323708866644.45526
537,196491.0,1.7615981,4220721041223238.0,8.633780994457272e-06,5.1784440079459295e-12,20686205956.182117,18154881.2,2.1032696525957713,4.173689952012224e-16,1.2928760130164359e-06,7.865474407128838e-13,3097681015.7954187
538,11721.0,14.312707,3.657343089508838e+16,0.3591076800819475,2.724977719643941e-07,917632137748129.4,3683342401.67,2.1032696525957713,3.913416556695565e-16,0.00041762581484941513,3.266278561572537e-10,1067164225425.7047
539,207102.0,10.908528,9798946601885220.0,0.004599795383210871,3.25413148493866e-09,4131918563135.3276,944445202.58,2.1032696525957713,1.11323476320417e-15,0.0003033698943370456,2.1979489995490584e-10,272512056184.69067
540,101512.0,4.260529,5089161485364156.0,0.0010902918655726946,6.153446063443539e-10,1302343293538.993,2791904210.41,2.1032696525957713,8.371770108401535e-16,0.00013406191881447347,7.500697329916217e-11,160135690634.8096
541,89912.0,11.341771,7848683192961713.0,0.01911851066617626,1.4676637836223506e-08,13230308859178.768,2872432861.72,2.1032696525957713,1.4450539945567818e-15,0.00042731283870520913,3.082021475878895e-10,295707177942.6982
542,80200.0,26.831997,1.2651901713734742e+16,0.03511529288544619,2.4676098765798977e-08,16557665619732.814,5406058565.03,2.1032696525957713,2.120787657627116e-15,0.0007222643980742943,5.212974953953419e-10,340564221729.96497
543,14011.0,0.59014285,275454936106495.9,0.0012679506704701188,8.716347280025605e-10,591828352949.6887,51718176.14,2.1032696525957713,2.1424297503670073e-15,0.0001464039805367197,1.1842170700732443e-10,68335487084.9978
544,39350.0,11.539649,3505550768712508.0,0.006004186033458098,4.557819845388982e-09,1823970466093.201,1164435706.65,2.1032696525957713,3.291821959331713e-15,0.0003751900922149566,2.8009509713559424e-10,113976423041.76305
545,2644.0,78.29223,5679529803989284.0,0.059163978710548716,3.964686832043447e-08,4291914796770.368,17787771336.87,2.1032696525957713,1.3784984444488307e-14,0.0010989489301991776,7.45160925669896e-10,79720723271.36893
546,69094.0,3.5651574,2462955132453371.5,0.005924200782259782,4.590206172182194e-09,4092677849889.8843,1023707847.26,2.1032696525957713,1.4475121178714753e-15,0.0002773631721927929,2.0986381664587727e-10,191613713466.2799
547,8444.0,39.21553,4.754630922566073e+16,0.0863899860005115,6.5402141322047e-08,104742304601794.77,8993358436.4,2.1032696525957713,8.247859957726308e-16,0.0006464824961056986,4.729945911628884e-10,783818468571.4703
548,113741.0,36.717873,1.6621212627904164e+16,0.02188439077055336,1.567761915514604e-08,9906486474026.176,4986792382.24,2.1032696525957713,2.2090971231760184e-15,0.0005985491248557894,4.48087816486089e-10,270947401350.67285
549,171450.0,9.381298,1.3554236171161588e+16,0.0032345785882560195,2.086137950318351e-09,4673366318755.095,902365104.29,2.1032696525957713,6.9213033339052615e-16,0.00024917016726712284,1.7848002143105353e-10,360004691669.1507
550,56881.0,20.538132,1.4894155008234228e+16,0.055748978752429304,4.9892546085123585e-08,40428892515124.47,2986764482.71,2.1032696525957713,1.3789390528462678e-15,0.0004652276754897506,3.8602215723608686e-10,337380883172.0838
551,47047.0,0.1159934,53931402768311.88,0.0007681490026555789,4.931670614899408e-10,357152676344.4739,95440971.26,2.1032696525957713,2.1507580749995525e-15,0.00016511998869174756,1.0443003304043407e-10,76772925142.58347
552,157444.0,19.607742,1.2403258147919742e+16,0.014532656297750073,1.0522931252837802e-08,9192914086486.133,2488124346.97,2.1032696525957713,1.5808541405943874e-15,0.00047785774250930387,3.433023450951183e-10,302278199005.52844
553,107736.0,22.817965,4.2142275575688984e+16,0.05998846545105553,4.717459443071058e-08,110792107990396.16,5037067016.38,2.1032696525957713,5.414507092531856e-16,0.0005926047864761557,4.4157905487672457e-10,1094475963090.9453
554,61605.0,43.87901,2.4745172985214744e+16,0.05674317890951726,3.891096015886175e-08,31999805324846.516,10530964682.51,2.1032696525957713,1.7732351285730649e-15,0.0008649334942682511,6.235591729739586e-10,487771463767.62195
555,103153.0,0.15153542,181185729903848.88,0.00046427857714272797,2.2527440993838317e-10,555122049210.1819,533923346.75,2.1032696525957713,8.363540554789628e-16,6.256643192083258e-05,3.130043153467747e-11,74808547302.3767
556,116824.0,17.985876,1.0971126884042818e+16,0.01575386818606432,1.1143461376554011e-08,9609634069744.344,3254109660.02,2.1032696525957713,1.6393827352557494e-15,0.0004060713974816418,2.7725426964236944e-10,247697739367.9172
557,141277.0,16.412136,2.3594172138327516e+16,0.010731877663429699,7.533776436418249e-09,15428203188081.82,3124641218.58,2.1032696525957713,6.956012655913166e-16,0.00042920481114150827,3.024472444427322e-10,617027070496.558
558,140695.0,21.560993,3.5338706517156784e+16,0.06218183979287398,4.704569807388049e-08,101916724667423.0,3726571624.08,2.1032696525957713,6.101240007053522e-16,0.0004318621700784362,3.1458684191117664e-10,707826883681.2991
559,103067.0,23.347576,1.6380806266040344e+16,0.04459952304922387,3.190651767103981e-08,31291306070794.547,5104076808.82,2.1032696525957713,1.4253007831734586e-15,0.0005472391389587903,3.9874724072699043e-10,383946424094.6758
560,80701.0,38.27737,1.7367366183957978e+16,0.3041294037090653,2.385868471204148e-07,137990847373372.98,5106606285.14,2.1032696525957713,2.203982434328835e-15,0.0006808323641223007,5.024781202285957e-10,308910068210.0628
561,173742.0,10.108909,8492155567913157.0,0.10173431599915161,6.200924844560648e-08,85463588410978.06,989061563.31,2.1032696525957713,1.1903819847808253e-15,0.000287795924871239,2.0198568577650445e-10,241767708643.73282
562,122333.0,22.105867,1.3943385633285906e+16,0.08243817915362475,5.596738490426518e-08,51998291803931.555,4320396752.06,2.1032696525957713,1.5854016794334704e-15,0.0006162324183324414,4.192207815447805e-10,388691664911.4732
563,81250.0,11.1399975,7922729260943227.0,0.08382661694684888,5.624770539181481e-08,59617211846832.016,3925930282.07,2.1032696525957713,1.4060808003268493e-15,0.0004355419231621399,3.0998783312838837e-10,309755970681.6965
564,95116.0,12.421238,1.1264491358740828e+16,0.06664937579838541,5.0404499876305337e-08,60442551519130.58,2647937838.05,2.1032696525957713,1.1026896469996029e-15,0.0004170755444630718,3.3870646066851715e-10,378234751362.6579
565,12906.0,2.7254338,354072498697040.3,0.05389014999109308,3.766245336000461e-08,7001094674361.422,5305952729.93,2.1032696525957713,7.697389122367277e-15,0.0009241323457036627,6.659939184998578e-10,120057896387.00926
566,107436.0,25.504671,1.4182162930233026e+16,0.2766034810440896,2.055118762655453e-07,153808517476539.94,6599083266.21,2.1032696525957713,1.7983625717365055e-15,0.0006452414919720293,4.709800643441606e-10,358793884010.2648
567,79031.0,14.721625,1.903321500787958e+16,0.01687283497154592,1.1349310617005797e-08,21814459735654.402,2202535985.11,2.1032696525957713,7.734702200287959e-16,0.000381413776559229,2.4557363604762685e-10,493120183146.8433
568,56304.0,20.965658,1.3212333546823374e+16,0.03410425275330023,3.202174743896906e-08,21492135507589.22,2716923922.09,2.1032696525957713,1.586824759282644e-15,0.0004224652849303119,3.1783553824439383e-10,266233106371.04996
569,40285.0,10.607497,4897518293642616.0,0.003616328029069168,2.4175814466022343e-09,1669671240838.3235,1609823215.64,2.1032696525957713,2.1658922670629756e-15,0.00024093904008794676,1.7629669319756493e-10,111242393609.29451
570,77703.0,5.7929373,7805519856614829.0,0.008109910372456978,5.279531290195597e-09,10927455825834.592,5283949605.9,2.1032696525957713,7.421590626139712e-16,0.000339429475110525,2.2759647988402424e-10,457354079750.79443
571,6714.0,1.6826572,253227404508723.34,0.004707466071014524,3.327183744424038e-09,708438661764.1938,247383595.06,2.1032696525957713,6.644846371444109e-15,0.00028707828927769134,2.0683313820457874e-10,43203149212.20689
572,83310.0,23.845068,1.513259537398351e+16,0.008867390742031332,6.291362811763515e-09,5627437762902.062,1832866486.01,2.1032696525957713,1.57574212557056e-15,0.00039520941227803034,2.799928554667144e-10,250808432334.65567
573,10075.0,54.828003,7.208048008793542e+16,0.6145641770689747,4.4042061624695837e-07,807946277524983.9,11211338459.77,2.1032696525957713,7.606498032908762e-16,0.0008278790284135188,5.864165393370291e-10,1088383938090.5405
574,42042.0,15.870519,2951582162421857.0,0.02631782705901712,1.8726490007898002e-08,4894561349953.219,4337589023.87,2.1032696525957713,5.376953148062729e-15,0.0006916537621063861,4.871256159463593e-10,128633027489.84955
575,43117.0,66.043625,2.2026902808227004e+16,0.1360959028379017,9.751938676269231e-08,45390773513845.83,8768111265.15,2.1032696525957713,2.9983164485264288e-15,0.0009660464053364574,6.976970656823926e-10,322196279786.02344
576,124095.0,17.15903,1.985544141655035e+16,0.024037480415717658,1.6174786304600015e-08,27814788143371.645,2394569230.67,2.1032696525957713,8.641978609298115e-16,0.0004965065749617343,3.54900668651441e-10,574528817309.8818
577,115498.0,19.643824,3.0629758569808876e+16,0.011523863637095885,8.383778685348861e-09,17968658291565.156,2018849660.74,2.1032696525957713,6.41331336491908e-16,0.0004271805309706612,3.084241149284397e-10,666083982902.4185
578,184645.0,3.6474411,7343676338927110.0,0.0007270639235659672,3.8404867588729087e-10,1463854243562.3982,177393770.17,2.1032696525957713,4.966778125372667e-16,0.0001469778203259716,8.547059867006223e-11,295921856414.6019
579,62308.0,23.491968,1.6223947132624716e+16,0.011053443155935112,7.951399550561155e-09,7633693243382.748,1295991021.35,2.1032696525957713,1.4479810497385085e-15,0.0004799015095651995,3.5133641597806596e-10,331428031915.1035
580,70611.0,41.382595,2.448452484047695e+16,0.05789662146478881,4.268521550948599e-08,34255253118716.03,5948709008.74,2.1032696525957713,1.6901530770810696e-15,0.0007745967148662411,5.766006642956219e-10,458299739455.54456
581,59851.0,33.236954,1.677265143635157e+16,0.12727913146338302,9.274128242903059e-08,64229968460915.27,6832194147.57,2.1032696525957713,1.981615973248281e-15,0.0007327750078549694,5.168526791233968e-10,369786587183.085
582,75912.0,20.912155,2.253560465835554e+16,0.2549550012744294,2.207601251953356e-07,274747634301250.8,5335862346.55,2.1032696525957713,9.279606789803346e-16,0.0005524131647859159,3.8997210597807383e-10,595298030723.587
583,145640.0,17.653786,1.0266840689935866e+16,0.1773835734759435,1.3003803128133947e-07,103160245053896.38,2162709456.02,2.1032696525957713,1.7194954643939525e-15,0.0005665726014942928,4.129309257971029e-10,329499328859.22736
584,18267.0,41.437893,1.161350816368665e+16,1.6551566211858746,1.554408788343182e-06,463879158438923.7,4402627919.77,2.1032696525957713,3.568077140512015e-15,0.0006867048579631206,5.502779050450424e-10,192457962908.44183
585,47273.0,3.4714117,3551605669774078.5,0.0008321351951056618,6.52452552235293e-10,851358563133.2139,162793593.52,2.1032696525957713,9.774203621599749e-16,8.729285768345763e-05,7.768513761465483e-11,89309432320.96321
586,160516.0,10.75124,1.1367511547220856e+16,0.004288168831312736,3.246442053778843e-09,4533970844886.737,950092105.96,2.1032696525957713,9.457865914927068e-16,0.000208601398591968,1.614319029665579e-10,220558633912.0526
587,72751.0,0.11608054,89498632776982.0,0.00041233836942144623,2.58132775108115e-10,317914788341.86646,109008463.37,2.1032696525957713,1.2970090871584192e-15,0.0001223339466906205,8.026464172375633e-11,94320038233.99458
588,107384.0,26.780422,1.0320252658883412e+16,0.021279041401701383,1.4626523094852534e-08,8200209974450.696,3478053151.87,2.1032696525957713,2.594938601328534e-15,0.0005340897247847803,3.9096989911990993e-10,205819792619.11697
589,76453.0,42.268734,5.561457613638761e+16,0.06123306853077749,3.996695810481401e-08,80566670198108.25,4938146491.56,2.1032696525957713,7.6002977881808105e-16,0.0007351169604556533,5.053328979584494e-10,967221260196.9761
590,237539.0,2.6748981,5610751440546296.0,0.0003229051403739115,2.6341165262352096e-10,677311962467.9265,53804370.1,2.1032696525957713,4.767450720895873e-16,9.519908733000363e-05,6.626047309998191e-11,199685519375.6766
591,150662.0,15.970943,3.062397655496434e+16,0.07684077627584361,5.182461444412451e-08,147340713139900.06,2156477242.92,2.1032696525957713,5.215176079871642e-16,0.0004059656401545366,2.922694309475901e-10,778431320318.0062
592,26715.0,10.4661455,3566990646976956.5,0.017377480538239228,1.20631732350448e-08,5922458325075.207,3054943179.98,2.1032696525957713,2.9341667909530725e-15,0.0004914816994254871,3.4289025474207985e-10,167502986176.8167
593,136316.0,13.355064,1.07346979890993e+16,0.03573429111430052,2.445049014718251e-08,28722949060114.637,1324338666.12,2.1032696525957713,1.2441024436422513e-15,0.0004214826859463882,2.900928084729763e-10,338784549536.3306
594,85231.0,46.228264,1.6725342914775818e+16,0.039159194307349064,2.7871565515788226e-08,14167760075454.06,5654465642.78,2.1032696525957713,2.7639650939031066e-15,0.0008417087147980053,6.307732573579143e-10,304529430076.6275
595,44404.0,311.4027,1.1231781241919808e+17,0.4648594868204576,3.275447164814778e-07,167667141749203.97,31776572067.03,2.1032696525957713,2.772513934279342e-15,0.0017313762969937098,1.2332536503078247e-09,624478844123.0127
596,114630.0,13.255566,1.2411054012710404e+16,0.03210298340666301,2.6646691545772952e-08,30057702630671.555,2419866122.04,2.1032696525957713,1.0680451464013222e-15,0.00028245652951626893,2.1289677057130076e-10,264461226632.58167
597,70777.0,14.537771,6618378127307440.0,0.008421759025305295,5.736565499758922e-09,3834039326010.4727,1341751919.43,2.1032696525957713,2.196576067483532e-15,0.0003833939534514074,2.5835043391824966e-10,174541623723.79657
598,8441.0,3.4140072,491693617490151.94,0.024995291663758194,1.770497177431647e-08,3599882676982.844,2712002720.05,2.1032696525957713,6.943362855566004e-15,0.0006318973977924848,4.4911276204497117e-10,91007399575.25584
599,31408.0,99.3104,2.884249790436092e+16,0.190694622085503,1.3262636686588477e-07,55383013640807.19,18781094200.64,2.1032696525957713,3.4431969217542872e-15,0.001088193310930878,7.730276692045498e-10,316041555467.13556
600,128033.0,13.57591,1.154949604861496e+16,0.7210652363349793,4.224924315367814e-07,613435128683414.8,1526673454.67,2.1032696525957713,1.1754547508268165e-15,0.0003960116351137764,2.680932803934035e-10,336900790809.02203
601,68969.0,3.361552,928041769803297.4,0.02166150490627833,1.4538709195309807e-08,5980208353113.488,3765983728.88,2.1032696525957713,3.6221990317445475e-15,0.0006170375152687023,4.2570256491198053e-10,170348870909.92365
602,89124.0,19.562082,7746454582566021.0,0.016217040246954872,1.0829780419412772e-08,6421840258960.226,2350938274.43,2.1032696525957713,2.525294867670939e-15,0.0004714354437288888,3.001244996682087e-10,186685305452.54315
603,69358.0,0.15770032,186136697062230.1,0.0021932890165468574,1.5281577634346131e-09,2588780880361.555,354511874.81,2.1032696525957713,8.47228528758501e-16,0.00019517587927475236,1.3535216845891925e-10,230369814813.43204
604,137813.0,12.77512,4887988159340376.0,0.06565116502752534,5.404725282078213e-08,25119303560471.047,1766587831.45,2.1032696525957713,2.6135742525456474e-15,0.0004516648652339624,3.1757513801572225e-10,172815011777.08508
605,91043.0,38.993652,1.7275811988330266e+16,0.0616332593486801,4.3608236735099295e-08,27306101022181.668,5709650191.18,2.1032696525957713,2.2571241239682417e-15,0.0006673592753116912,4.892626988139479e-10,295667955618.85596
606,3608.0,2.6788652,1741441148219351.8,0.009630741688967914,6.121270188811714e-09,6260624784345.35,869949479.3,2.1032696525957713,1.53830360718143e-15,0.00039823680674605825,2.651848428737873e-10,258880499848.6164
607,141346.0,19.860785,2.1129054897321964e+16,0.019883760126160048,1.357674753914684e-08,21153497168959.695,2370180699.79,2.1032696525957713,9.39975076808442e-16,0.00043383392064927253,2.957161066035338e-10,461537684724.8938
608,122581.0,14.604639,6535711710256212.0,0.015403645635757952,1.1304058547442643e-08,6893274606942.372,2375806053.0,2.1032696525957713,2.2345904543313266e-15,0.0004546594530584578,3.2424470842406573e-10,203464331541.01562
609,97634.0,13.812328,7791142172794133.0,0.10676519527133434,7.420713460854086e-08,60223216206934.39,3788107849.08,2.1032696525957713,1.7728245350510005e-15,0.0005165402073471421,3.502630016585153e-10,291365669379.278
610,63674.0,2.0896502,1696549973692456.2,0.006430083841258981,4.595776621940118e-09,5220471144753.421,2428436482.19,2.1032696525957713,1.2317056570116709e-15,0.0003225485627727425,2.29601246335778e-10,261871463313.15927
611,116012.0,25.492037,3.78689064740564e+16,0.022035679584943287,1.5728721550083745e-08,32734421705667.984,3820501762.58,2.1032696525957713,6.731653848379364e-16,0.0006195571850573048,4.958654884545586e-10,920363998226.769
612,138125.0,7.606713,7952612127116639.0,0.0018666412941880654,1.0581348774262265e-09,1951522844773.6501,318981181.7,2.1032696525957713,9.56504966973405e-16,0.0002649433306489333,1.7097271432251075e-10,276991066222.34607
613,134663.0,16.286585,1.0226077409222276e+16,0.016230316235612708,9.843415578046328e-09,10190747182514.484,982997083.52,2.1032696525957713,1.5926522309827345e-15,0.0003667897328233811,2.577932144285019e-10,230301208065.4018
614,160876.0,22.85832,4.52031563174424e+16,0.01452935270397911,1.0594842470152967e-08,28732321599716.082,2302107590.34,2.1032696525957713,5.05679732615922e-16,0.0005145504463145762,3.798704361696554e-10,1017542157864.95
615,82190.0,15.68116,4.176671479866603e+16,0.030870124826057,2.0406866470411893e-08,82222469473504.67,4175756980.19,2.1032696525957713,3.7544633509219243e-16,0.00044160677291778147,2.957711142515253e-10,1176218094682.8074
616,73529.0,38.612568,1.5834429813877266e+16,0.17902880670086932,1.3826641730028669e-07,73417004390050.28,7615648786.73,2.1032696525957713,2.4385196343577853e-15,0.0006940656990836578,4.738623035403643e-10,284625839917.1958
617,80529.0,23.115349,8237352419074061.0,0.013066750504244625,8.978559426239793e-09,4656448357131.734,1883109579.32,2.1032696525957713,2.8061624444372544e-15,0.00046471306920457193,3.261894593534926e-10,165604478858.944
618,78481.0,30.161459,1.5717980891917212e+16,0.08992174478517576,6.331487678172592e-08,46860739273297.38,3708278751.19,2.1032696525957713,1.918914344495111e-15,0.0007045218756175659,5.13024346585955e-10,367146078009.508
619,102799.0,8.915921,6184297649500502.0,0.07636605132503642,5.446017209843459e-08,52969333365678.92,1936812743.04,2.1032696525957713,1.4417030850253672e-15,0.0003812790273110053,2.8744973519258764e-10,264464320893.29724
620,34344.0,16.908379,2.366133254788056e+16,0.021724194457115004,1.704906184242593e-08,30400512632501.418,3504217021.27,2.1032696525957713,7.145996095437385e-16,0.00035192719737587506,2.937873392842707e-10,492481653608.2009
621,109406.0,9.851027,9169855769025926.0,0.509844351187633,4.3719665159945845e-07,474590026506190.44,3159500158.12,2.1032696525957713,1.074283745364343e-15,0.0005182236803680791,3.7946293100400233e-10,482389948283.4711
622,50323.0,0.12590267,38369225365408.94,0.0021949403837989217,1.6779240917102467e-09,668914823248.9272,117788968.25,2.1032696525957713,3.2813451092892068e-15,0.00022213480098367777,1.7348103511489395e-10,67696262838.929436
623,114148.0,7.905497,9349024392050422.0,0.0035715952960634592,2.7754024107542497e-09,4223761205833.0835,931322620.05,2.1032696525957713,8.455959326325143e-16,0.00023171653306497197,1.8419999104842333e-10,274027492473.374
624,10073.0,27.776438,1.4199651215211102e+16,0.06881636255405282,4.774131947712429e-08,35179757252066.086,4463801389.01,2.1032696525957713,1.956135230296715e-15,0.0006084734879642467,4.435304686194993e-10,311059009898.7946
625,31689.0,0.3257675,119689029019265.28,0.010937847797387098,7.392760169350982e-09,4018634094652.693,1413350094.48,2.1032696525957713,2.7217824613445907e-15,0.00039668083878353775,2.8034937069243315e-10,145743035829.3855
626,123830.0,34.51045,1.4384254546179102e+17,0.026167865726471843,1.8252256854276e-08,109069931438102.64,4378556642.22,2.1032696525957713,2.3991823760632093e-16,0.0006221999450583292,4.3764471958360704e-10,2593383276177.9863
627,74573.0,35.864506,2.8826765368259016e+16,0.033896014558517644,2.5438987999732205e-08,27244553670904.598,5331871233.65,2.1032696525957713,1.2441391027343705e-15,0.0006672030822065002,5.165583370805458e-10,536276916897.8938
628,150853.0,13.139013,1.7035221472303494e+16,0.02736215372785152,1.9080180908250143e-08,35476055066934.27,1210292244.52,2.1032696525957713,7.712851295395193e-16,0.00031396062209485643,2.190127186259252e-10,407061681951.9138
629,29973.0,12.591068,1.1351196007381356e+16,0.31934294812473757,2.543191480322729e-07,287896499148357.56,1589729685.22,2.1032696525957713,1.109228313193816e-15,0.000396701404740927,2.8060003323173057e-10,357637287132.258
630,132616.0,8.1447525,4364992963038246.0,0.2482764916539719,1.9921127943892755e-07,133058081133516.48,1878850248.2,2.1032696525957713,1.8659256885332657e-15,0.0004010046076674569,2.5816926400795953e-10,214909205726.55365
631,45837.0,21.35609,1.6580353831635942e+16,0.039657195024247964,3.020536938645044e-08,30788890919275.184,2196436988.76,2.1032696525957713,1.2880358415060945e-15,0.000460075370177549,3.1016145333636785e-10,357191434703.8549
632,133224.0,10.666632,9548998860455144.0,0.08829697732335987,5.206191768239443e-08,79045357132635.4,969849584.77,2.1032696525957713,1.1170419177839954e-15,0.00031766122206726443,2.3491626832072904e-10,284377172431.8507
633,71610.0,8.033227,5813154526121460.0,0.018312302783297856,1.1970305223776531e-08,13251492309184.658,1388727399.52,2.1032696525957713,1.3819049474605612e-15,0.00034876758461040375,2.4346354072948314e-10,252381746842.51022
634,108219.0,22.88098,2.980202795305455e+16,0.1256370690581482,9.404333079967223e-08,163639819798399.25,2713635893.95,2.1032696525957713,7.677658727131964e-16,0.0004950154924743906,3.6998486829422074e-10,644747976000.8904
635,23494.0,36.571354,5987335655195899.0,0.10583878385673541,8.32568015846362e-08,17327559824227.564,7045427433.12,2.1032696525957713,6.1081182192053716e-15,0.0006600192247987348,4.6106029453659055e-10,108056065896.60919
636,84566.0,51.723564,4.237204342048762e+16,0.05223554598377851,3.6892138620593606e-08,42791460049379.82,5816682419.46,2.1032696525957713,1.2207002500849598e-15,0.0007265901985154265,5.485087147156803e-10,595224092454.1929
637,86623.0,23.695639,3.8732833899347096e+16,0.07272932066005977,5.349304808996678e-08,118883170727678.98,4259413140.45,2.1032696525957713,6.117713736510105e-16,0.000472123336355115,3.829713800213538e-10,771731657755.6001
638,77183.0,40.73911,3.4657601885262604e+16,0.06698743084112109,4.579472687885468e-08,56987590288745.555,8994086163.53,2.1032696525957713,1.175474002352235e-15,0.000724241373894255,5.126838184327071e-10,616127087834.3369
639,22397.0,29.003887,1.5523705364254034e+16,0.019949979781486625,1.2884315656303456e-08,10677796674308.635,5222922216.39,2.1032696525957713,1.86836108515602e-15,0.0005556606201607841,3.5760771223857077e-10,297405370180.0275
640,80778.0,7.468012,4958469631830014.0,0.0020264866509439724,1.541619870513758e-09,1345508351889.9807,439913834.17,2.1032696525957713,1.506112279494549e-15,0.00018968450564929454,1.6181760444397273e-10,125943137329.01283
641,119970.0,14.515911,1.0962807230860212e+16,0.043602781883580695,3.259784219161233e-08,32929996093179.348,3772324301.66,2.1032696525957713,1.3241052856551038e-15,0.0005962413972798614,4.126669134616802e-10,450297573568.60767
642,96950.0,36.588192,2.3552035298710804e+16,0.09518433734283821,7.00242401376281e-08,61270720154276.07,4486540925.45,2.1032696525957713,1.5535044651534966e-15,0.0005890588795611336,4.3049227940987307e-10,379180680052.2653
643,16807.0,0.21989639,205982153860495.03,4.678402748710033e-06,3.3471951293345833e-12,4382370601.018747,17615038.84,2.1032696525957713,1.0675506876626245e-15,2.7848026486063526e-06,1.992406033051209e-12,2608590562.293214
644,1329.0,12.127695,2.2440866045036656e+16,0.12786809754736367,8.868403799624064e-08,236604799881104.25,1870743236.53,2.1032696525957713,5.404290090971036e-16,0.0004482806458788249,3.1262236314531547e-10,829490346248.7491
645,114279.0,39.020706,3.791700505480269e+16,0.06908380516700817,5.112258432312549e-08,67129769249240.46,6592538365.2,2.1032696525957713,1.0291083365788542e-15,0.000748659174615471,5.412154321724622e-10,727483344566.3239
646,155801.0,59.677216,5.1746105965433576e+16,0.03250663882246985,2.38984557033659e-08,28186502149959.57,2719249817.05,2.1032696525957713,1.1532696980109848e-15,0.0007897479095117132,5.933613349211249e-10,684790306095.5919
647,227955.0,2.6555223,5716956290532501.0,0.0013758148402608153,9.060303383496362e-10,2961930805716.4634,48809238.93,2.1032696525957713,4.644993183519081e-16,0.00021116132982535157,1.3881103982712614e-10,454599870188.3437
648,119773.0,14.123481,1.039061966926787e+16,0.01860725131561325,1.423587937653157e-08,13689321457721.469,2681852977.46,2.1032696525957713,1.3592530041083825e-15,0.000416660845383432,3.265874519373887e-10,306536637494.3165
649,92905.0,15.254549,7485507808367344.0,0.7999481052942061,6.645222517785143e-07,392539811466628.25,4209017666.01,2.1032696525957713,2.0378776417744668e-15,0.0006480628841894419,4.6505622649471106e-10,318008731684.76685
650,11722.0,19.604204,2.7053840082453696e+16,0.030334233136402405,2.2015555401902043e-08,41861301397195.14,2911235145.22,2.1032696525957713,7.24636648263279e-16,0.0004874072744924402,3.46469996503048e-10,672622997554.1517
651,105117.0,55.16267,6.7462925988837576e+16,0.2634956133388692,2.3379365285733416e-07,322250265642752.5,7030238015.54,2.1032696525957713,8.176738436919742e-16,0.0008049238646580626,5.854505400366501e-10,984407011264.6106
652,27076.0,3.881335,1185985984711031.8,0.004318459579717364,2.9724313759624274e-09,1319554363920.1165,455263312.04,2.1032696525957713,3.2726651495343737e-15,0.0002594412887325291,1.820563708154993e-10,79275231922.04425
653,42589.0,0.15615192,84850835740612.31,0.002360370499447263,1.4447306743403884e-09,1282593320245.9937,137982485.51,2.1032696525957713,1.8403109248959433e-15,0.00021631162908339926,1.3432519487262762e-10,117540805826.40141
654,91416.0,34.685287,1.5618652797967024e+16,0.18371820180774748,1.431399979794936e-07,82727607434877.08,7108230210.65,2.1032696525957713,2.2207604873907405e-15,0.0006795755951033346,5.143351497898838e-10,306010305461.52905
655,68815.0,43.25733,1.5536984103432752e+16,0.51138018593103,3.4299260237192295e-07,183675363681043.12,4562311780.22,2.1032696525957713,2.7841522982856562e-15,0.0006192518971624236,4.474299372301018e-10,222420266859.58536
656,19087.0,3.0537858,1357811151102898.5,0.0017553807286635708,1.4903931410940409e-09,780498595484.5057,128376092.51,2.1032696525957713,2.2490504644327937e-15,0.00014049446745943362,1.1550645701538826e-10,62468348167.930534
657,32599.0,57.9719,4.392027889013469e+16,1.4837415885246645,1.1059323831467427e-06,1124102269701264.4,29097658122.55,2.1032696525957713,1.3199346967949598e-15,0.0008705857026536053,6.223140499801309e-10,659567253416.0553
658,97136.0,7.1674447,4.783452131967039e+16,0.16132839443693542,1.3716533560838819e-07,1076683092254870.2,2198017666.82,2.1032696525957713,1.4983832809993275e-16,0.00031962136386376623,2.475932413475543e-10,2133108183445.5525
659,26422.0,1.0621955,433667923766029.4,0.002746188615485556,1.6785235742500353e-09,1121200301778.2769,665829012.05,2.1032696525957713,2.449329179746001e-15,0.00023959424916241302,1.559658413524095e-10,97820354709.22667
660,127267.0,16.018188,1.266656009507256e+16,0.01748875996512818,1.2802026733944112e-08,13829431211981.979,2081425421.84,2.1032696525957713,1.2646044292823638e-15,0.0004507633655152034,3.400051051911501e-10,356446138474.307
661,148882.0,10.031604,5.131267947542777e+16,0.13126964102165023,8.685000689593667e-08,671457626776176.9,1740240698.39,2.1032696525957713,1.9549951595889392e-16,0.0002641132597449848,2.1021522863209866e-10,1350966310323.3347
662,37054.0,14.453953,1.3115932372948344e+16,0.09351825591419771,6.842229595537642e-08,84861153222699.27,2055750869.72,2.1032696525957713,1.102014907442747e-15,0.00037321891502206526,2.6232524721198387e-10,338669570167.72943
663,123232.0,18.534143,8604599368258931.0,0.03292355560349192,2.1729137659345262e-08,15284980036392.531,1699805764.93,2.1032696525957713,2.153980935866655e-15,0.0004183259552463405,2.90538343064734e-10,194210611747.14014
664,34091.0,26.635048,5.027773022997826e+16,0.8716440005445005,5.946165715069525e-07,1645361476951549.5,7886772001.61,2.1032696525957713,5.297583617670706e-16,0.0005702800259831303,3.9977504784872125e-10,1076490844015.9302
665,71891.0,5.273285,1584244090631791.5,0.009582766173670338,6.191862139486211e-09,2878934228387.7046,1338352538.34,2.1032696525957713,3.328581139221438e-15,0.0004324151012050797,2.883757616912809e-10,129909737248.05232
666,122979.0,16.102362,1.0442167631932444e+16,0.03090337104959487,1.9045609719131603e-08,20040425180583.92,2089584712.73,2.1032696525957713,1.5420516666250905e-15,0.00040620822664837875,2.759125536952804e-10,263420633328.97238
667,58105.0,60.372807,2.29594430561558e+16,0.022511572466547253,1.5665823543651923e-08,8561025929276.676,3228627778.85,2.1032696525957713,2.6295414419389876e-15,0.0007493452635007672,5.29423670310878e-10,284971840165.4892
668,95845.0,29.024029,3.978957902959649e+16,0.04413530226777331,3.131295068935962e-08,60505903490473.195,4842305796.45,2.1032696525957713,7.294379510376624e-16,0.0005548421001938104,3.7690936905351257e-10,760643313669.8187
669,165597.0,11.438309,9317638521645892.0,0.019433176678246795,1.5936546086705853e-08,15830252147864.068,1136015023.64,2.1032696525957713,1.227597418962708e-15,0.00029783046300297614,2.0214676613027485e-10,242612487125.16528
670,41499.0,12.698978,4417759222676356.0,0.07549196378694732,8.248973396299409e-08,26262374756278.5,1291824775.09,2.1032696525957713,2.8745292262231386e-15,0.00029876343490327963,2.3019671627204914e-10,103934735530.87743
671,158776.0,9.441026,9116418755843234.0,0.018017953369160983,1.2711555976188785e-08,17398448858898.17,2096668465.6,2.1032696525957713,1.0356068816988806e-15,0.00042232368347211663,2.9791459181957497e-10,407803087190.1004
672,151903.0,62.132282,1.4849101476589696e+17,2.292164239893774,2.1137750281617893e-06,5478082939106073.0,6082494748.54,2.1032696525957713,4.1842452284371856e-16,0.0008345831637017582,6.851609238583747e-10,1994584729474.5552
673,92185.0,16.663761,1.3319647484526244e+16,0.06257357670498397,4.935369834020896e-08,50016198837486.305,2896391179.87,2.1032696525957713,1.2510662177327662e-15,0.00043402587708944864,3.319979391067697e-10,346924783786.4316
674,115235.0,22.997929,1.7542684977819184e+16,0.050145820618470276,3.506956178939193e-08,38250937032810.83,3591306488.72,2.1032696525957713,1.3109697306357822e-15,0.0004735726529552524,3.348934122303976e-10,361238434334.8518
675,65807.0,40.004353,2.9694702516829984e+16,0.06544954498685039,5.057051226549437e-08,48582332233854.734,10043143525.87,2.1032696525957713,1.347188205617714e-15,0.0007706976864140829,5.808022792166584e-10,572078706746.6211
676,83790.0,57.5987,2.033800276865069e+16,0.23807527485166632,1.6516046076320771e-07,84063973650107.78,10582149224.94,2.1032696525957713,2.832072581324629e-15,0.0007555865800260902,5.518010813278229e-10,266796333190.2617
677,102718.0,38.504845,2.7486853505705324e+16,0.10238956267120732,7.738793622537647e-08,73091241106325.95,6122464086.72,2.1032696525957713,1.400845862259488e-15,0.0006582256615133982,4.762549431555425e-10,469877292889.10925
678,121196.0,9.1226015,8337835617252849.0,0.03888213992183674,2.778037977986042e-08,35537329030024.96,2084495863.87,2.1032696525957713,1.0941210547642958e-15,0.00039630679408019767,3.0494561905994775e-10,362214758919.49927
679,152916.0,13.788396,1.0075770056777506e+16,0.04621583705630359,2.6616373303719867e-08,33771886676362.64,1419181896.43,2.1032696525957713,1.3684706898134484e-15,0.0004128643884826915,2.7993271699498953e-10,301697648006.6034
680,64828.0,10.935551,3996402549588785.0,0.056424660214276265,3.3161973595915555e-08,20620420126979.844,2792071217.03,2.1032696525957713,2.736348719706734e-15,0.0005133120014208039,3.257031989855741e-10,187590126113.684
681,132240.0,27.462006,1.8552881638975812e+16,0.019777153568154873,1.3137111094073563e-08,13361121154289.514,4117553390.66,2.1032696525957713,1.4802016492310249e-15,0.0005194746648842605,3.473046142146877e-10,350948578630.5746
682,44184.0,32.631557,4.037865368709034e+16,0.17687633599367297,1.2499367609856849e-07,218868756907001.2,6170072212.33,2.1032696525957713,8.081388065306595e-16,0.0006899494725009228,4.84639691776193e-10,853751195865.5671
683,75391.0,30.703321,3.45705503018416e+16,0.08203931067391933,5.899205478338086e-08,92372552023969.61,9524116509.99,2.1032696525957713,8.881351535316581e-16,0.000588869770618,4.2259581446884653e-10,663040718832.4512
684,117674.0,5.8304653,7593684429418511.0,0.01238989433964722,9.364036730062484e-09,16136782038496.936,2599481168.69,2.1032696525957713,7.678045294340036e-16,0.00043771584336686883,3.140147114176124e-10,570087602491.1398
685,31094.0,0.17237668,141447701621034.2,0.0008987154579923614,6.407904492047089e-10,737461911578.2635,247503513.08,2.1032696525957713,1.2186601692675822e-15,0.0001358908617927998,1.0010374221737929e-10,111508413271.9875
686,7497.0,13.952552,3595553671524545.5,0.007107240676421591,4.862322353031183e-09,1831526254732.1985,1457257221.91,2.1032696525957713,3.880501662511409e-15,0.0004069195336176801,2.8578406987196144e-10,104862610303.41298
687,75122.0,31.173935,1.2451794880473318e+16,0.015142270575521007,1.0323645376498487e-08,6048272290008.118,3256126739.38,2.1032696525957713,2.5035695897052084e-15,0.0005212236431894783,3.514021521954887e-10,208192192992.2673
688,4705.0,27.94876,1.7699347469316466e+16,0.06325297226404554,4.0319108612908336e-08,40056744362482.59,3814313192.13,2.1032696525957713,1.5790842034403745e-15,0.0005391324029607563,3.654627598747719e-10,341420933593.1171
689,60331.0,31.115047,4.594087796789254e+16,0.11629750785325176,8.221355619582651e-08,171711442899516.22,6837667492.88,2.1032696525957713,6.772845530236902e-16,0.0006014916549815197,4.408545620090385e-10,888092977015.6451
690,34843.0,32.53819,7734832446577803.0,0.0715732488333568,4.839152006308672e-08,17014071384524.926,9352278715.57,2.1032696525957713,4.206709094829351e-15,0.0007284030425667748,5.313623025788795e-10,173152701113.10684
691,71524.0,100.178116,2.6704050967553948e+16,0.201877750724656,1.448095861391023e-07,53813686659533.15,16841725895.59,2.1032696525957713,3.7514201917049506e-15,0.0011685400995863073,8.195420838512862e-10,311492725387.0827
692,190884.0,5.4794292,7144665474838201.0,0.0007388975312502248,5.287376319822386e-10,963453580341.2993,201860204.48,2.1032696525957713,7.66925928064405e-16,0.00012046638194715402,8.988719679374178e-11,157076945163.65012
693,93435.0,15.290438,1.098571489761945e+16,0.06633407621556417,4.997405068478714e-08,47659017308800.92,1972300379.06,2.1032696525957713,1.3918473346976592e-15,0.00045613189298529733,3.2403622920676477e-10,327716899414.38837
694,46108.0,19.592974,1.8698837706573304e+16,0.06587768001655739,5.78473174292088e-08,62871315355962.49,2886653321.1,2.1032696525957713,1.047817747148657e-15,0.0004136978508414763,2.971024657138125e-10,394818518742.6337
695,139639.0,15.360423,1.4695303202204258e+16,0.06207731824358539,4.1839294192259806e-08,59389315878163.84,3622349110.57,2.1032696525957713,1.0452607059986334e-15,0.0005095344801920375,3.615293901635237e-10,487471189979.56824
696,140310.0,26.30893,2.05829027353141e+16,0.02296026636663069,1.7281608816842707e-08,17963061568876.547,3362692649.06,2.1032696525957713,1.2781933791516077e-15,0.0005633648181545491,4.0241588133876457e-10,440750849866.3002
697,107166.0,22.287344,1.6761511456000392e+16,0.07797369837046711,5.726177296149354e-08,58641219810817.45,3321169743.08,2.1032696525957713,1.3296738816487481e-15,0.0005461566527227865,3.613508888959114e-10,410744815146.3814
698,126006.0,18.490717,8.200713298528101e+16,0.10117740421168862,7.329018191137696e-08,448726182023849.06,2990584281.35,2.1032696525957713,2.2547693507732787e-16,0.0005608433257205311,3.8361940775975665e-10,2487364508162.1694
699,78330.0,11.898446,8206630404955336.0,0.06134404246812906,4.126199928644632e-08,42310389447648.82,1740387142.96,2.1032696525957713,1.4498576654329977e-15,0.00039927954573668376,2.69671160963409e-10,275392236945.85187
700,129578.0,29.079842,3.5524190020103564e+16,0.05144867284506365,3.931860891033824e-08,62850149957148.44,3179602420.48,2.1032696525957713,8.185926824381744e-16,0.0005422793455076201,3.8546395250816656e-10,662453204312.1173
701,141897.0,13.808768,1.5807025122691552e+16,0.021919449963511122,1.634818352895856e-08,25091398178954.176,1348952824.13,2.1032696525957713,8.735842381990663e-16,0.0003198350635935603,2.341564409939535e-10,366118171102.66876
702,8442.0,0.7997432,869022486881333.6,1.24066988627102e-06,7.57533378922919e-13,1348145292.0962918,33610836.1,2.1032696525957713,9.202790630539876e-16,7.876774744038125e-07,5.288002803209101e-13,855911544.6893568
703,40948.0,52.85514,4.907947599041431e+16,0.09430948430136307,6.872772818567524e-08,87572562865921.92,7025609861.99,2.1032696525957713,1.076929590901156e-15,0.0008353052958068493,6.135015930583801e-10,775635940236.2417
704,38853.0,1.1513987,848884698516483.4,0.0008593898043354493,6.178230441105643e-10,633597080630.2261,100188041.61,2.1032696525957713,1.3563664205659405e-15,0.00014016492535275565,9.446694187188584e-11,103338539813.06334
705,63338.0,16.155107,8052506115425756.0,0.035815124366370896,2.5710749910711684e-08,17852033291078.52,1920802073.35,2.1032696525957713,2.006221015970733e-15,0.00044805029316179683,3.2132170872889663e-10,223330475353.9343
706,127434.0,20.865753,2.393997748056947e+16,0.03626174401876169,2.774709938125011e-08,41604313787061.96,4096606092.8,2.1032696525957713,8.715861582131972e-16,0.0005388426380120572,4.1429518290426085e-10,618232211393.4396
707,97336.0,30.587584,3.1602567660446116e+16,0.05133714381214705,3.8938976736082875e-08,53040657307796.19,6167958508.41,2.1032696525957713,9.678828735895257e-16,0.0006139116909283579,4.362737111555765e-10,634283039487.6011
708,113043.0,9.44959,4781528232405256.0,0.0015182097085033241,9.560682429619212e-10,768219846990.229,606242750.0,2.1032696525957713,1.976269832719688e-15,0.00016751036250300206,9.598648224622106e-11,84760876136.27078
709,117825.0,25.422096,1.8916903536704748e+16,0.017051599618812405,1.221998377951691e-08,12688311189430.87,3610850448.82,2.1032696525957713,1.3438825202376873e-15,0.000544543683262959,4.1266909063449805e-10,405201849910.6958
710,76862.0,42.332447,2.697966534055373e+16,0.1005853827817347,6.943573175042168e-08,64105908302506.055,6196214782.7,2.1032696525957713,1.5690501148051369e-15,0.0007013582448042067,4.833361350598501e-10,446995438951.4892
711,30320.0,35.542477,1.1075363492586882e+16,0.0406048327011864,2.758748215776847e-08,12652840197978.264,7633608918.38,2.1032696525957713,3.209147674818058e-15,0.0006500974567822481,4.75300910927924e-10,202576360659.0978
712,164426.0,15.321289,1.5568171345102284e+16,0.05983625065009738,4.140858027210609e-08,60800432833634.555,2566648948.9,2.1032696525957713,9.841418532960872e-16,0.00044903751809294783,3.639414773391326e-10,456273164878.6521
713,1330.0,7.945928,8782959581960988.0,0.010644457544598692,7.640653532334526e-09,11765754784854.584,1178230127.7,2.1032696525957713,9.04698231370649e-16,0.00028997570566021607,1.8363528387158764e-10,320522021161.56775
714,51593.0,0.67652047,556147447162630.56,0.0023406840304062895,1.6676874525551904e-09,1924207035634.5537,2023580774.07,2.1032696525957713,1.2164408439731084e-15,0.0001716995943363771,1.243882321689155e-10,141149152617.71072
715,125075.0,26.465319,1.3484788177865176e+16,0.025474590382705057,1.9915796026207708e-08,12979985437872.826,2278254336.17,2.1032696525957713,1.9626054670582018e-15,0.0005346007258375524,3.917391340726111e-10,272393374425.31366
716,110253.0,7.1775517,5456379993164238.0,0.021625571293168597,1.4792994168447227e-08,16439774936736.715,1862827314.63,2.1032696525957713,1.315442052971393e-15,0.0003898349782928373,2.661000297321262e-10,296352832427.8949
717,147280.0,16.267445,9527158647410554.0,0.021474981885972466,1.795305921698464e-08,12576994074848.73,1814894550.25,2.1032696525957713,1.7074812755869694e-15,0.0003683056675805799,2.5693137894928686e-10,215701145802.59155
718,100469.0,27.858122,1.764152885716208e+16,0.0782246540042785,6.58535824788758e-08,49536809802110.79,4980391607.87,2.1032696525957713,1.5791217544442134e-15,0.0006163654259001349,4.447624472176328e-10,390321660863.3642
719,236638.0,2.67205,5645352372361711.0,3.5829957568736454e-05,2.2462973269361282e-11,75699457705.61397,73461952.75,2.1032696525957713,4.733185501549407e-16,8.419639780282228e-05,4.6087940263801287e-11,177885269392.59113
720,32248.0,27.018604,2.8246843680729788e+16,0.032812051330624335,2.3660053071709424e-08,34303655539724.684,4658829257.74,2.1032696525957713,9.565176309745466e-16,0.0006222510936474137,4.6283846207104575e-10,650538028257.1833
721,111232.0,11.850762,9819154386609674.0,0.18890159950902732,1.58075130629714e-07,156517696453329.3,1656856820.37,2.1032696525957713,1.2069025023336853e-15,0.000313561007250848,2.3180273536395776e-10,259806410745.31006
722,74139.0,5.9932814,2700793557048069.5,0.007415389958074143,5.285482169463296e-09,3341648103118.5356,683533342.44,2.1032696525957713,2.219081641527083e-15,0.0003460448192732608,2.543499344283975e-10,155940553424.2204
723,112489.0,19.265974,3.4896538191731356e+16,0.026762260783016537,1.9301335026850702e-08,48474593369201.62,5424082809.65,2.1032696525957713,5.520884018393843e-16,0.0007026004339426185,5.229691620432448e-10,1272623064715.317
724,180274.0,8.750244,1.0198722129479392e+16,0.0017466530933906807,1.2309556010534206e-09,2035786608474.823,194371866.0,2.1032696525957713,8.579745470961928e-16,0.0002049628643708384,1.549732395888025e-10,238891544119.26715
725,77782.0,78.111626,4.619000854782463e+16,0.05774619735866805,4.250286099653426e-08,34147251647293.14,10527639610.79,2.1032696525957713,1.6910935601824813e-15,0.000955075592320302,7.061137732367205e-10,564768038154.697
726,127135.0,0.4826705,366173557876945.44,0.0014553231776654118,1.0198677816894036e-09,1104067610982.0796,550509050.72,2.1032696525957713,1.3181467902775328e-15,0.0002098585297777254,1.6934783347850912e-10,159207253187.2874
727,71609.0,7.283338,3611735229903739.5,0.10057756557089503,8.185507727374148e-08,49875419335249.17,1583406510.46,2.1032696525957713,2.016575838587735e-15,0.00024832920111256637,1.9549977641457997e-10,123143993080.11064
728,62517.0,9.617559,3532346541588109.5,0.029991496336769355,2.162565518472953e-08,11015306312364.674,2946134235.19,2.1032696525957713,2.7227110609810205e-15,0.0004277592607044019,2.901909420495075e-10,157107842559.78888
729,172473.0,9.721821,8165187982945115.0,0.0070080512203774285,4.6637360240987944e-09,5885940052639.277,1115167126.46,2.1032696525957713,1.1906426429258301e-15,0.0002763433132565871,1.7273384068375835e-10,232095931469.00385
730,191963.0,11.175501,1.5240336361788664e+16,0.007835244107839527,5.3463990864519e-09,10685136682480.465,1253205336.81,2.1032696525957713,7.332844062431442e-16,0.00040495575855796647,2.844322383361817e-10,552249243417.9629
731,34345.0,15.881848,1.5507644563003056e+16,0.014233498994248474,9.831373232234895e-09,13898133472292.822,2992506553.64,2.1032696525957713,1.0241302562408278e-15,0.0005244314377932973,3.667071846847406e-10,512074938317.1972
732,56303.0,17.251574,5502816996172426.0,0.23889473547181553,1.8448016201958012e-07,76201395342269.77,2819885071.29,2.1032696525957713,3.135044107772367e-15,0.0005106332386676619,3.766071617386455e-10,162879124220.8381
733,10072.0,7.9289856,1109698144690282.6,0.004133480199755877,3.209052547997003e-09,578499639195.0964,663352877.84,2.1032696525957713,7.145173341001651e-15,0.00034906978886446727,2.692991721066079e-10,48853928687.96836
734,29972.0,12.981559,1.3018571575533084e+16,0.5245807623518133,3.9916218783273474e-07,526076429019410.7,1859707826.58,2.1032696525957713,9.971569403510717e-16,0.00038363481851676933,2.8603953259012155e-10,384728624946.14136
735,105445.0,22.325247,1.1707504645268666e+16,0.01738349810622233,1.148609894553816e-08,9116019403038.049,3941860419.87,2.1032696525957713,1.9069176290288525e-15,0.0005711337892786255,3.716074617188942e-10,299506271578.9618
736,116874.0,17.412338,1.0525977616921344e+16,0.05386334466386399,3.857994302591599e-08,32561070219539.277,2325836302.37,2.1032696525957713,1.654225254289757e-15,0.0003970692694146206,2.6998116730417736e-10,240033374164.09027
737,123479.0,32.58245,3.3684870295317356e+16,0.06591242039484525,4.70132525913251e-08,68142553179726.9,5480517157.97,2.1032696525957713,9.672725385120273e-16,0.0006876386956061504,4.753638864632562e-10,710904805241.2998
738,56736.0,78.05188,3.761518246765457e+16,0.3093867223649491,2.2146393675766683e-07,149101315878965.94,15422747180.31,2.1032696525957713,2.075010006055855e-15,0.0010148367963260531,7.36952593780269e-10,489075615714.75903
739,65666.0,0.2792602,1898322621314246.5,0.0,0.0,0.0,5586860.9,2.1032696525957713,1.4710892493429943e-16,0.0,0.0,0.0
740,149848.0,19.483973,1.2523457029969074e+16,0.011468091037182084,8.590784867052681e-09,7371194022898.887,1879517679.18,2.1032696525957713,1.555798287435663e-15,0.000356376269801942,2.4381725238723693e-10,229063287111.1701
741,139994.0,5.998093,3021318770712129.5,0.024434466814511033,1.609604417761931e-08,12307964087756.691,1987605150.79,2.1032696525957713,1.985256589984459e-15,0.00031905034054247825,2.2577101386091758e-10,160709876069.45853
742,82677.0,72.57404,2.599362000761661e+16,0.06908209282781415,4.9226177447359234e-08,24742920062009.742,6603476459.87,2.1032696525957713,2.791994342409194e-15,0.0010067459225252208,7.294701717191758e-10,360583081144.9661
743,27816.0,11.189556,5418736922242601.0,0.06996279512178352,4.832879129995848e-08,33880699208235.156,1600770866.5,2.1032696525957713,2.06497494906416e-15,0.00027187005017730145,2.296373882002922e-10,131657795800.62802
744,150264.0,20.149958,1.845325825191017e+17,0.02403883921044835,1.9292938297044508e-08,220146815207529.34,2994234669.03,2.1032696525957713,1.0919458084273111e-16,0.0005318401928547194,4.313917306645089e-10,4870573143375.21
745,130582.0,10.10702,7165918104307203.0,0.009779876474753322,5.964988982843031e-09,6933972020271.349,768516703.44,2.1032696525957713,1.4104291805853873e-15,0.0002784650772815213,1.8344737913923424e-10,197432867324.78592
746,160772.0,26.824993,3.2110153010900364e+16,0.027652722032955164,2.049269330618326e-08,33100964300198.93,2597373507.3,2.1032696525957713,8.35405330858865e-16,0.0005677413329076485,4.3580626794558807e-10,679599844453.906
747,1328.0,20.375666,5.499193983471253e+16,0.035806713482250285,2.8256434706216487e-08,96638835437069.77,2124775987.08,2.1032696525957713,3.705209538205503e-16,0.00040882939246144256,2.890914332137983e-10,1103390748204.3396
748,41255.0,0.46212766,157999665837948.38,0.007953693632988257,5.5215670882533974e-09,2719337198274.525,639731226.74,2.1032696525957713,2.924864793536836e-15,0.00039068038881555226,2.7781888839625054e-10,133572119189.52657
749,49073.0,33.836246,9312384437817112.0,0.13137004831181653,9.193970806782415e-08,36155559144895.76,7825253593.03,2.1032696525957713,3.633467478274711e-15,0.0006990397816749309,4.745845113651395e-10,192389167057.2645
750,123036.0,17.057999,1.1703111366071286e+16,0.07463814625646462,5.637608105012457e-08,51207561789429.24,2384573843.87,2.1032696525957713,1.4575610251350054e-15,0.0004292646235297365,3.090450802529796e-10,294508851517.88153
751,39878.0,2.4942794,984398329817824.8,0.003787016847315418,2.533326013765587e-09,1494593211766.5977,395225638.42,2.1032696525957713,2.5338110848497656e-15,0.0002600321245331718,1.7569901786198852e-10,102624906050.79565
752,97962.0,16.491468,8987573471744835.0,0.023944139177836866,1.736383804585906e-08,13049154270468.39,3791872897.28,2.1032696525957713,1.8349188523293785e-15,0.0004580473513426429,3.239861715953827e-10,249628124296.15866
753,72453.0,1.6280923,1157745757860293.2,0.006132803690927092,3.9651906875982364e-09,4361071824343.614,919770514.96,2.1032696525957713,1.4062606482868789e-15,0.0002844136414894512,1.7849244693242042e-10,202248169168.30234
754,82073.0,14.277826,6945751856005802.0,0.2162971343982753,1.6884994246931354e-07,105222337258876.61,3504225823.11,2.1032696525957713,2.0556199380567205e-15,0.0005578380334728059,4.1867871917069967e-10,271372165226.30045
755,59398.0,0.25496188,72047015182454.56,0.0027723386592683067,1.8424180002378404e-09,783406231061.7158,1331033710.25,2.1032696525957713,3.5388264087599594e-15,0.0002569791262612695,1.8829278492076502e-10,72617047737.9583
756,39880.0,42.113804,3.6033688198263e+16,0.1278426322325949,1.0885469845976041e-07,109385548460892.56,7695981285.94,2.1032696525957713,1.168734206953317e-15,0.0007253213751683699,5.21918918964885e-10,620604215101.3567
757,145994.0,5.4084764,4246452230180034.0,0.0009619310976107328,6.697377130617312e-10,755257886440.7405,315233159.85,2.1032696525957713,1.2736458829234728e-15,0.00016455552854485484,1.1646392827198792e-10,129200377240.76103
758,157197.0,7.788364,3711181980384788.0,0.002169659427601288,1.353756576142281e-09,1033850109122.5159,478448600.43,2.1032696525957713,2.0986208817473498e-15,0.00025086450356948256,1.6491541450056293e-10,119537790627.81851
759,223935.0,9.955775,1.1721343774856274e+16,0.005119894934682314,3.801807842096267e-09,6027863086555.966,1061536375.84,2.1032696525957713,8.493714706462549e-16,0.00033353544496502895,2.4700241224593387e-10,392685010612.91156
760,33453.0,172.38861,5.573456194014317e+16,0.3521324536360724,2.726915729324088e-07,113847127419347.88,20812624630.03,2.1032696525957713,3.0930288854721584e-15,0.0018761716056991749,1.479522364215317e-09,606580693284.658
761,90410.0,14.736086,1.1584329007975152e+16,0.03766455088835167,2.6860891526119857e-08,29608849285236.832,2866599366.07,2.1032696525957713,1.272070742280804e-15,0.0005095774813205803,3.5843002136803344e-10,400588948698.6513
762,74009.0,68.135765,2.4919525368201988e+16,0.05947683875112082,4.2225073551279995e-08,21752666783428.855,5008241888.15,2.1032696525957713,2.734232052707679e-15,0.0009573727930723217,6.969148417394333e-10,350143211920.96564
763,47470.0,35.96799,4.146163908578509e+16,0.02274818008296362,1.5648590879639634e-08,26222672783724.703,6957573086.68,2.1032696525957713,8.67500436381239e-16,0.0006753336179863629,4.725517685275895e-10,778482165154.2953
764,38261.0,18.695238,9840901648633272.0,0.013579280030503935,9.26515605928563e-09,7147935706378.227,2165412503.42,2.1032696525957713,1.8997484852006866e-15,0.0004240965125018298,2.818344180721724e-10,223238242222.9061
765,157477.0,19.402819,2.1985757732892656e+16,0.03877195655178892,2.5496910433465403e-08,43933350281619.97,3556671251.51,2.1032696525957713,8.82517638724439e-16,0.0005218880515603688,3.8428245795555553e-10,591362742975.5264
766,94795.0,9.940761,4559022231089812.0,0.005205793098796057,3.55760669943753e-09,2387475814765.6045,1254498201.64,2.1032696525957713,2.180458987940427e-15,0.0003092119155993658,1.9807776630113592e-10,141810470781.39948
767,34089.0,12.865447,4594207687806500.0,0.008056609150908134,5.818237734898142e-09,2876987927333.916,2276064501.88,2.1032696525957713,2.800362516075671e-15,0.0003562526941779534,2.620734866796165e-10,127216634322.47098
768,37798.0,18.876692,2.313851945440377e+16,0.15370812837988126,1.076402115058841e-07,188411111375757.72,4610151639.62,2.1032696525957713,8.158124393912917e-16,0.0004573654877561282,2.9237467319080254e-10,560625783173.1344
769,29640.0,9.248312,4431509410835528.5,0.1589143538375898,9.939329757913132e-08,76146917896814.72,2024154290.23,2.1032696525957713,2.0869440054413196e-15,0.0003871548473110624,2.6529381258925185e-10,185512810263.0583
770,106132.0,24.340837,1.4789010263303614e+16,0.2202717723872686,1.6252198560943706e-07,133832764360214.61,4089053641.71,2.1032696525957713,1.6458732914938602e-15,0.0005808098888069401,4.270301679877929e-10,352888580067.8945
771,49871.0,12.593846,1.4256253732372616e+16,0.01591284007000707,1.18959158837394e-08,18013360306350.168,3520200330.38,2.1032696525957713,8.833909831025469e-16,0.0004693507633031217,3.3295666293194284e-10,531305811674.3738
772,47469.0,56.2416,2.8224797280412344e+16,0.060995080172779895,4.212513532782156e-08,30610327106256.062,7095350951.58,2.1032696525957713,1.992630786369933e-15,0.0009453061954210597,6.627762890218942e-10,474401079159.8615
773,104211.0,20.037422,2.9524418622438904e+16,0.022882069410086765,1.671820271032277e-08,33715903982613.395,3166806257.18,2.1032696525957713,6.786728726563755e-16,0.0004756965413043198,3.5293300703974233e-10,700921696549.3384
774,31095.0,18.483418,1.265042528658788e+16,0.42042103877527187,3.429820346604559e-07,287744666053445.44,4463148955.13,2.1032696525957713,1.461090641719083e-15,0.00043646379383470386,3.198725106296487e-10,298724652237.29816
775,117992.0,36.55416,4.0664483379549304e+16,0.029967243708154213,2.2507569635089588e-08,33336902932556.527,3772995914.28,2.1032696525957713,8.989210476084288e-16,0.0006743530828252013,5.122786706782247e-10,750180546577.8241
776,90211.0,8.562577,3355100148074166.5,0.003840651449582731,2.6797404229784817e-09,1504893941064.2712,667498655.57,2.1032696525957713,2.552107723197155e-15,0.0002895568929716145,2.218084830261097e-10,113457943150.17075
777,66008.0,17.976099,8713572321816096.0,0.005454058559125829,3.5188172039432246e-09,2643751222240.3203,949304075.06,2.1032696525957713,2.062999919676273e-15,0.0004530328203299504,2.9436224060589424e-10,219599048942.78452
778,114080.0,40.93349,1.6717760228426626e+16,0.031275201464929236,2.2666332299988242e-08,12773191809113.373,5498489532.22,2.1032696525957713,2.4485032349248145e-15,0.0007137185557531091,5.30516889904433e-10,291491775699.05273
779,78257.0,45.575222,3.0621209450482516e+16,0.03250811691473174,2.374434410711803e-08,21841645815499.793,8964604568.71,2.1032696525957713,1.4883547324836916e-15,0.0007005971475568214,5.132401147597921e-10,470719199036.44214
780,77880.0,9.964955,3902710891304484.0,0.01345664364532579,9.297503787136328e-09,5270208416898.6455,1695379039.74,2.1032696525957713,2.553341837901092e-15,0.00035402790050801584,2.431892358782744e-10,138652762921.48773
781,131398.0,13.715792,7509619439584607.0,0.015157284613155641,9.719131308499368e-09,8298860115571.179,2044264023.7,2.1032696525957713,1.826429702642653e-15,0.00038560336523840196,2.6515520444091305e-10,211124120835.57016
782,118395.0,18.066284,4.151083767137732e+16,0.10038030387865272,7.33000296401253e-08,230643473760861.97,4051459525.98,2.1032696525957713,4.352184878325671e-16,0.0004394618791637019,3.256570262614361e-10,1009750025446.454
783,113273.0,14.905778,1.6030924566459604e+16,0.249428270397569,1.8155078300543948e-07,268256094212990.28,2635188648.94,2.1032696525957713,9.298139940840549e-16,0.00044809760805446843,3.215892971256774e-10,481921772424.90564
784,86824.0,45.231148,5.998613161567912e+16,0.03960936605480458,3.0593285066699956e-08,52530451921696.09,5372773860.65,2.1032696525957713,7.540267522131319e-16,0.0007385609615137973,5.386916305752108e-10,979489068983.3733
785,113124.0,21.260021,1.553460190376085e+17,0.034455471039779084,2.2334432082769706e-08,251764580105320.25,5115656011.07,2.1032696525957713,1.3685591128571535e-16,0.00046635107698113153,3.336152855953125e-10,3407606383969.2397
786,93434.0,12.272029,6725386948046015.0,0.015418157313842818,1.0680690670524663e-08,8449546033621.555,1782858534.29,2.1032696525957713,1.8247320332349797e-15,0.00038746338278520674,2.699029565800647e-10,212339880995.17908
787,113443.0,27.1485,2.1512614109142016e+16,0.42578152362727834,2.7990651664565297e-07,337391517490696.44,3949569108.45,2.1032696525957713,1.261980522788393e-15,0.0005123780001169806,3.499349942448388e-10,406011020665.2495
788,107262.0,22.300598,3.9544588326107544e+16,0.011957879072649384,8.379121332480028e-09,21204337443385.89,4891706834.84,2.1032696525957713,5.639355204837733e-16,0.000465075045950022,3.489623096272479e-10,824695428922.5414
789,77063.0,21.523115,8620527472473177.0,0.0704440888721515,5.207138941643669e-08,28214559249240.832,5436777217.16,2.1032696525957713,2.49672831143187e-15,0.0005474963648227763,3.9032231415793327e-10,219285519500.03244
790,8443.0,23.419842,2.421647317826889e+16,0.1304064165029451,9.379934959920355e-08,134842220008048.36,4359494718.7,2.1032696525957713,9.671037490717781e-16,0.00039154085706996514,2.728078027746195e-10,404859207138.5974
791,137768.0,13.307937,1.0396499854331564e+16,0.06057888095540674,4.55687895302159e-08,47325767098871.55,2117419033.43,2.1032696525957713,1.2800401275873077e-15,0.000458284646716682,3.459460461105001e-10,358023656321.2146
792,100574.0,22.981821,1.0187030943021466e+16,0.15449249057283862,1.1707795802428026e-07,68481073885744.7,3427445740.66,2.1032696525957713,2.2559881410533547e-15,0.0006558792539291375,4.5528366621129e-10,290728147898.374
793,133970.0,33.959793,1.805908441246285e+16,0.017568384546572335,1.2734312891248193e-08,9342487438517.592,1950547885.66,2.1032696525957713,1.8804825440964124e-15,0.0005994153374149978,4.376344668269416e-10,318756129535.3698
794,130186.0,38.4655,3.9320763844157496e+16,0.02425801814136617,1.8361427036261635e-08,24797384738634.562,3707301061.7,2.1032696525957713,9.782490531580917e-16,0.0006720088693551202,5.017619982192436e-10,686950697458.5531
795,125915.0,15.322001,1.1492997243381374e+16,0.16282836762476738,1.442057317213481e-07,122137179096629.77,1727173467.16,2.1032696525957713,1.3331597211357278e-15,0.0003265388189940252,2.2527908423985961e-10,244936007154.375
796,143452.0,10.808654,5952751206250465.0,0.05062970591947001,4.980517248335257e-08,27883771927959.89,1510159038.01,2.1032696525957713,1.815740928102417e-15,0.00036567057700728913,2.804588930507633e-10,201389180222.66638
797,73333.0,7.2419596,1.1232821169063594e+16,0.003890085015658704,2.730017553509633e-09,6033812907952.176,437083748.65,2.1032696525957713,6.447142254828325e-16,0.0002291128754293461,1.6730755295053118e-10,355371211574.8049
798,22046.0,2.2013273,1602085089004724.0,0.004376616400909214,2.6610453132492986e-09,3185220060728.894,918633597.47,2.1032696525957713,1.3740389415692945e-15,0.00028041707773256765,1.747542279581974e-10,204082336569.22586
799,115653.0,29.533371,2.093963392232343e+16,0.1594440136407149,1.38652172515109e-07,113048364060523.73,3343966261.11,2.1032696525957713,1.4104053160411229e-15,0.0005488072271808267,3.751621803800846e-10,389113130061.9865
800,30845.0,48.79964,1.0781323538695988e+16,0.03396949296329932,2.3447548537051123e-08,7504893357467.118,5374817067.18,2.1032696525957713,4.5263125464002505e-15,0.0007111019243200478,4.900087143974882e-10,157104026076.49863
801,134699.0,27.129955,1.9806463938471372e+16,0.01909366567047762,1.3683642214489715e-08,13939499735828.674,3255969622.38,2.1032696525957713,1.3697525759408138e-15,0.0005727386487897714,4.3202420626380985e-10,418132923310.1724
802,153312.0,22.269297,1.912500195697069e+16,0.019559181118471856,1.29267767739408e-08,16797538654566.344,1656480302.26,2.1032696525957713,1.1644075671261974e-15,0.0004541236255495935,3.459529687489257e-10,390004014376.5022
803,30321.0,92.60543,3.455764672590688e+16,0.3110179938572082,2.3770222633852507e-07,116062848119356.25,10367466419.88,2.1032696525957713,2.6797377360356068e-15,0.001088076766864122,7.98232066814318e-10,406038528409.80566
804,46338.0,1.2155213,337474752602575.75,0.002393592129799637,1.5934884507689795e-09,664551836183.8702,607312532.63,2.1032696525957713,3.601814033867737e-15,0.0002434906286550142,1.6380294304342005e-10,67602221093.44901
805,208453.0,20.539534,2.6060230265490484e+16,0.00810720927919987,6.05467178579011e-09,10286296691369.422,1616088766.31,2.1032696525957713,7.881562745513761e-16,0.0004048575664335776,3.170207553672436e-10,513676766278.39484
806,112095.0,26.315035,1.099457312444098e+16,0.025734286613327738,1.7935770424041858e-08,10751933104993.188,3891211317.12,2.1032696525957713,2.3934567265282518e-15,0.0005253155662562338,3.627716884629342e-10,219479867939.04254
807,139776.0,9.757154,7009965398990884.0,0.004507238095742281,2.8925044626461546e-09,3238196619236.198,1209360156.68,2.1032696525957713,1.391897597868969e-15,0.00029462211556229717,2.0172715850474435e-10,211669390056.69037
808,90941.0,18.04594,6733117144340087.0,0.06538274841062376,4.293271753421894e-08,24394944473252.453,2791200419.84,2.1032696525957713,2.6801761521659498e-15,0.00046096904832510275,3.232930990868396e-10,171992071473.57706
809,100075.0,24.368273,1.3128903272938086e+16,0.030974021189491226,2.17058567869392e-08,16687884618280.705,4522846832.9,2.1032696525957713,1.8560783405441818e-15,0.0006565533049821217,4.5978366927820835e-10,353731461997.24927
810,142485.0,10.409371,1.3328680608416274e+16,0.006831633698613931,5.124415610235005e-09,8747566361360.225,1993688908.87,2.1032696525957713,7.8097534976020795e-16,0.00028035423379909973,1.956901799194115e-10,358979619376.1816
811,74708.0,25.77201,1.374159704882612e+16,0.19960953714202065,1.3493057807653812e-07,106431505594958.98,3818242297.56,2.1032696525957713,1.875474146740577e-15,0.0005127638288664513,3.495388144372837e-10,273404903905.28366
