,id,sfr,sfrd,snr,snr_solar,snrd,mass,z,halo_volume,snr_err,snr_solar_err,snrd_err
0,146633.0,1.0818537,2692153639124040.0,0.0002483007067307858,1.862896948358437e-10,617887290326.1837,5427562.3,0.524565820433923,4.018543682937829e-16,3.861972991265049e-05,2.8926228932570467e-11,96103795204.77635
1,263184.0,1.8754878,1240851382125036.8,0.0002936605830759862,1.9212881142163855e-10,194290328300.44626,6463510.460000001,0.524565820433923,1.5114524003576544e-15,5.1431352944109935e-05,2.7669683488043907e-11,34027768874.45463
2,248057.0,3.633767,4207247324573146.5,0.0007782726215081713,6.704665452960687e-10,901099438854.7155,64002586.839999996,0.524565820433923,8.636922718510897e-16,0.00010505694740989463,8.400293515164892e-11,121637012201.96587
3,103463.0,6.659909,2679221820783276.5,0.005062397130802249,4.0580702965801185e-09,2036557084836.45,109504988.63,0.524565820433923,2.48576245099891e-15,0.00021243041499455166,1.7722539811806278e-10,85458855856.95686
4,332088.0,5.2940235,5111063690295909.0,0.004089923684224238,3.3767803197146303e-09,3948577190584.7744,140453464.9,0.524565820433923,1.0357968166296706e-15,0.00018599352981789091,1.512774051020339e-10,179565651131.3544
5,348830.0,9.982719,5089971302963784.0,0.011023559399911441,7.97714121838757e-09,5620673185538.5205,593919131.29,0.524565820433923,1.9612525112248217e-15,0.00028448600976683786,2.067653836331248e-10,145053229065.9368
6,341896.0,0.73962396,4700985951618896.0,1.9760115019326863e-08,1.4813833715629622e-14,125593582.86368811,2254809.35,0.524565820433923,1.5733379499789674e-16,1.697860260915211e-07,1.2728579541654038e-13,1079145304.3752666
7,226053.0,5.309916,2883776499556729.5,0.002882074096283087,2.1506873316378127e-09,1565233338689.7957,89400160.17,0.524565820433923,1.8413063567222346e-15,0.00015943571371086158,1.2117212162816795e-10,86588368702.90175
8,317123.0,0.85720664,598349244011578.2,0.0008160245367232304,6.745586760108324e-10,569603222675.9738,10221744.1,0.524565820433923,1.4326192413195609e-15,8.576166593426687e-05,7.070268236936684e-11,59863544660.52911
9,230036.0,5.4240723,2985843296446468.5,0.003802187030339527,2.8772828489888973e-09,2093027900158.1494,152644806.84,0.524565820433923,1.8165964390881906e-15,0.00015895299031670198,1.3017644998395581e-10,87500441427.97379
10,126753.0,5.6229696,3948992645936331.5,0.002309894105025252,1.8767511756357873e-09,1622230864210.3281,84995026.98,0.524565820433923,1.4238997395414896e-15,0.0001538220548960489,1.2393334853116772e-10,108028712011.40973
11,48224.0,0.45950085,667696789623264.4,0.0024298169122473133,1.7533429710488382e-09,3530746355920.4385,50669569.2,0.524565820433923,6.881878977720785e-16,0.0001373634476397192,1.1301303655468184e-10,199601661238.7635
12,213213.0,5.670811,2759975459966298.0,0.003753357142381936,2.8701088756154614e-09,1826753458273.1418,136689783.94,0.524565820433923,2.0546599352985718e-15,0.00019167906550373,1.4790809829853689e-10,93289922196.23744
13,280176.0,21.1454,1.1459077691348172e+16,0.05151133904150474,4.0677251717290335e-08,27914933558219.71,4305554731.28,0.524565820433923,1.845296852814358e-15,0.000672872684898069,5.546698613910089e-10,364641972846.71893
14,237443.0,3.918128,5572551548532096.0,0.0031348997888836715,2.302541796382023e-09,4458606424556.993,78234873.29,0.524565820433923,7.031120243350824e-16,0.0001682173860638649,1.3128814552804432e-10,239246919753.56897
15,41586.0,1.098728,923953167334770.8,0.0036680717525641136,2.790301268825997e-09,3084591012327.7246,115451968.09,0.524565820433923,1.189159839312401e-15,0.00016318769329446242,1.2774908038847675e-10,137229401716.77948
16,106201.0,0.23431167,401165650861167.5,0.0028920382668843982,2.3914774116959005e-09,4951466624133.926,60793635.93,0.524565820433923,5.840771000633075e-16,0.00013707661734071043,1.0680978255849978e-10,234689251343.44907
17,323665.0,0.24459855,587530699796233.1,0.00047015323739606164,3.4903723114117815e-10,1129317653676.903,6859652.8,0.524565820433923,4.1631620285515536e-16,6.209721264732577e-05,4.446290481098739e-11,149158769755.90744
18,53998.0,2.5695834,6567267906518230.0,0.0022927058181598345,2.0428876951605052e-09,5859632086154.006,65863501.89,0.524565820433923,3.9127129219893765e-16,0.00012422675744680855,1.0966612198041582e-10,317495200705.00543
19,220239.0,0.20940791,270591015974914.97,0.0003409735627266153,2.470103527307247e-10,440596454827.2376,7029197.5,0.524565820433923,7.738908449917386e-16,5.2922492838578906e-05,3.663804384390336e-11,68384957880.13084
20,56932.0,3.4630268,7305006002109524.0,0.005298008539337449,3.787114959719762e-09,11175768024402.113,327113403.54,0.524565820433923,4.740621430016559e-16,0.00023030525488417758,1.8763794534331587e-10,485812373512.75507
21,145213.0,0.66549534,487099086153659.56,0.0003281578334437479,2.0605913280449407e-10,240190082750.4133,13277499.45,0.524565820433923,1.3662422265150049e-15,6.0013066213633686e-05,3.851581272948991e-11,43925641477.73
22,329887.0,0.36937386,1549709663464230.2,0.00042529983558894897,3.0574279028928956e-10,1784347341422.4348,6192304.35,0.524565820433923,2.3835036246357233e-16,4.226554235886992e-05,3.00882052283735e-11,177325269917.8482
23,170330.0,8.288353,6394171754031961.0,0.01634715133884975,1.289890273418578e-08,12611250190449.035,604833543.48,0.524565820433923,1.2962355906022745e-15,0.00035570475715199733,2.862279959406712e-10,274413663481.28503
24,172344.0,17.76547,6187388877130377.0,0.018837598544895636,1.4392027792331152e-08,6560791676692.743,581640134.5,0.524565820433923,2.8712386360043e-15,0.00039865342560286735,3.229657997323942e-10,138843710377.77798
25,111429.0,11.817071,2592749992969429.5,0.008676990889645539,6.233989002867198e-09,1903793932364.8198,325949685.79,0.524565820433923,4.557736392650077e-15,0.00026232172798326973,2.0033969647783875e-10,57555265461.66569
26,137114.0,4.492078,2639558338056162.5,0.007742587024595842,6.304181443066549e-09,4549567068714.614,231584275.6,0.524565820433923,1.7018294065468848e-15,0.00025575264069110855,2.0065688828547998e-10,150281009193.53967
27,179621.0,12.936194,5135708298105979.0,0.013840407224662008,1.0219492738976511e-08,5494683693895.022,480454299.29,0.524565820433923,2.518872422090405e-15,0.00035805699227290993,2.769247424496082e-10,142149713154.49133
28,292509.0,0.25311852,685729383665390.0,0.0015317451330760397,1.153655560204126e-09,4149687055837.295,27830447.34,0.524565820433923,3.691230477058167e-16,9.376597578390621e-05,7.595129440116235e-11,254023628073.84415
29,211086.0,0.9292623,1258056070787795.5,0.0011501427136842823,8.721917971319013e-10,1557088911519.235,32521243.05,0.524565820433923,7.386493508338585e-16,0.00011785386825992932,8.888584291796386e-11,159553200888.73636
30,25419.0,3.0200963,1.1632759576943782e+16,0.0035827147062535967,3.0856990635015368e-09,13799844332986.62,172318225.35,0.524565820433923,2.5961993626910796e-16,0.0001799201732394712,1.5353274026904405e-10,693013702356.7238
31,325245.0,1.5628353,1642993577155708.5,0.0002221039034820941,1.5169762764673086e-10,233495677300.2837,7050076.8,0.524565820433923,9.512120569001397e-16,4.318930967782005e-05,3.1326811838046674e-11,45404501934.687065
32,199527.0,0.15530248,310093901093512.8,0.00017630998647875275,1.4188070958338124e-10,352039783968.2981,8054683.35,0.524565820433923,5.008240389518868e-16,2.3811005381659866e-05,1.9200609287778505e-11,47543655115.85865
33,115651.0,2.9257681,1423698131199724.2,0.009242548019901133,6.677009536196897e-09,4497485068436.201,428608611.71999997,0.524565820433923,2.0550480722584844e-15,0.00028274629611335053,2.1191740104974584e-10,137586219967.4065
34,305914.0,5.497591,2690705772443593.5,0.007757482906757245,6.4038505829336826e-09,3796772811372.1494,261432275.66,0.524565820433923,2.043178059936038e-15,0.0002714823154635338,2.243884659113902e-10,132872567881.83824
35,110085.0,24.41087,4460253580682221.5,0.014245782858328962,1.0368979954621532e-08,2602930743700.7847,541455129.39,0.524565820433923,5.4729780624415115e-15,0.00036625354512478855,2.750913642553567e-10,66920338606.54683
36,175053.0,7.761603,7214430277997143.0,0.017388823666591207,1.381214597077945e-08,16162957053975.693,423517581.41,0.524565820433923,1.0758442040352994e-15,0.00036670589442716096,2.9649896181388965e-10,340854087470.76263
37,329180.0,2.4811642,3609643372302970.0,0.0011740893911487804,1.009280053807318e-09,1708086868757.5874,31909514.4,0.524565820433923,6.873710070745867e-16,7.992450773400428e-05,6.632624805439644e-11,116275645774.11928
38,44802.0,21.660727,1.2435096946220648e+16,0.030932399270661815,2.5467953446243795e-08,17757824273852.145,2013947996.88,0.524565820433923,1.7419025435570297e-15,0.0005300036356687016,4.494570096365039e-10,304267100148.1027
39,337589.0,4.376069,4302781499977976.0,0.0007123341953095229,6.369227554306981e-10,700404494851.3182,31564352.5,0.524565820433923,1.0170325869492558e-15,9.893745113068749e-05,9.228308492635102e-11,97280512345.69135
40,129257.0,0.41638327,514498023523568.06,0.00012845073624184747,1.4514614228700173e-10,158718312377.3865,15162660.76,0.524565820433923,8.093000380222576e-16,3.721234476856713e-05,3.153035598777783e-11,45980900803.4962
41,130381.0,16.061941,1.0077935593160734e+16,0.01726507537114251,1.3818837251194619e-08,10832832569951.531,1881274392.47,0.524565820433923,1.5937729360862594e-15,0.00040662467505687494,3.391071872781875e-10,255133379322.77905
42,269348.0,3.9901507,2995775173587719.0,0.0016661818978835365,1.3906922140359098e-09,1250956853424.2996,78159278.27,0.524565820433923,1.3319259519803764e-15,0.00011355751052531363,1.0085658387482052e-10,85258125916.43736
43,189186.0,28.906994,7385171536069789.0,0.035467524002812764,2.7042687876957535e-08,9061258625523.111,1176767963.86,0.524565820433923,3.914193984366626e-15,0.0005377807486691158,4.2686015474904925e-10,137392462105.10353
44,172896.0,6.5242624,3683900541777003.0,0.002886445837341145,2.1084392827673244e-09,1629820925656.0588,76619934.12,0.524565820433923,1.7710202341274097e-15,0.00014390959600505608,1.1521109324510874e-10,81258019096.52435
45,1.0,11.985009,4226499642240498.5,0.01603798502436834,1.2374122162290166e-08,5655776976700.748,389702180.64,0.524565820433923,2.8356820098171495e-15,0.00036665953287892255,2.8983996906438146e-10,129302062646.49734
46,70238.0,11.185356,3852341146221313.0,0.004058681388117881,3.0396324631904563e-09,1397847803042.5806,91233210.16,0.524565820433923,2.903521670444867e-15,0.0001824018572286873,1.3593241448224258e-10,62820904381.519684
47,301610.0,1.8937236,1206179494282154.0,0.0021172283641124026,1.6263203221437901e-09,1348537578295.444,57434577.76,0.524565820433923,1.5700180686018304e-15,0.00011360815265070397,8.996340431617399e-11,72361047890.28128
48,275629.0,0.4041227,226349812334003.6,0.0032875154769321747,2.549759310504524e-09,1841343015991.7522,134444299.96,0.524565820433923,1.7853900378042873e-15,0.00017799141712848088,1.4470549851068105e-10,99693295783.91661
49,100193.0,1.2467599,1826659175188678.8,0.00032586364004098193,2.1741670099675537e-10,477430985662.308,3014926.4000000004,0.524565820433923,6.825355911680788e-16,5.6555717517988956e-05,3.726291226421334e-11,82861199107.87442
50,268204.0,4.777518,2468399142853847.0,0.007478240731604419,5.7933009662079524e-09,3863780944822.62,207023567.47,0.524565820433923,1.935472232613263e-15,0.00024223290942211075,2.0380212148707503e-10,125154422440.38258
51,280472.0,0.73275685,2025748951387180.2,2.0278574718350103e-06,1.3793445124027768e-12,5606129983.134829,2890665.2,0.524565820433923,3.617214509716158e-16,1.0100681945165807e-06,6.812139886662786e-13,2792392300.217331
52,14372.0,1.2631861,1838823869965498.0,0.00013900032244787717,9.198903893442075e-11,202343194601.37946,1511053.1,0.524565820433923,6.869532860826422e-16,1.609609114038837e-05,1.0652233955503199e-11,23431129112.397858
53,182284.0,6.2495756,5871543709552340.0,0.00388443515990405,3.133960207510458e-09,3649468746053.502,149615558.86,0.524565820433923,1.0643837309484122e-15,0.0001925961161924303,1.6272518805441737e-10,180946129288.1833
54,225410.0,10.704687,4768937068401329.0,0.00890500855895949,6.827070785907088e-09,3967180489373.768,307333725.42,0.524565820433923,2.244669377360538e-15,0.0003112827744792077,2.505139923837962e-10,138676447239.2985
55,157290.0,1.2373956,1620388466454931.8,0.000728172743727487,5.226035990625675e-10,953553346660.4073,14475537.25,0.524565820433923,7.636413277534371e-16,6.675474704531254e-05,5.3714769168989194e-11,87416362393.1917
56,183666.0,5.2155375,7815957556462960.0,0.0031437642406340334,2.604543087525548e-09,4711216796412.951,176637539.29,0.524565820433923,6.672934777757729e-16,0.00016293389198745095,1.4813816221834317e-10,244171264089.89236
57,317491.0,3.7131133,6326557788691133.0,0.003344390780736006,2.5697882638613976e-09,5698312933863.935,96667718.69,0.524565820433923,5.86908935952071e-16,0.00016136141740335908,1.292668534312324e-10,274934333963.7555
58,297208.0,2.482734,2423017843361880.5,0.0016352281411002789,1.1109408192607028e-09,1595896686416.4482,65419048.62,0.524565820433923,1.0246453639628444e-15,0.00012012212231462353,9.267277595416791e-11,117232875431.21056
59,91913.0,9.072971,7664496184698749.0,0.010918787997340638,8.534127005427668e-09,9223771237354.535,308255142.98,0.524565820433923,1.1837661317012726e-15,0.0002860716540921331,2.3935563968298717e-10,241662306794.5014
60,263003.0,1.234578,4867422597462658.0,0.0005899692155034181,4.703735888567819e-10,2326000861305.3647,14356176.4,0.524565820433923,2.536410133452505e-16,7.786648502573335e-05,6.209868083846762e-11,306994850709.50745
61,214605.0,4.9579124,5552370324628833.0,0.002565959944586693,1.8639126102557244e-09,2873620730069.6562,65905007.45,0.524565820433923,8.929361894339114e-16,0.0001470381273765799,1.192759913299022e-10,164668124236.06287
62,142218.0,0.48934114,1800911805623173.5,0.0001083541329469649,7.673940776077772e-11,398773414416.4784,1411975.1,0.524565820433923,2.717185475002604e-16,2.3775895326106618e-05,1.683874972448637e-11,87501922650.62006
63,294086.0,0.30200353,711897177424975.6,3.505893528875411e-06,2.9002228942795052e-12,8264260048.744769,3971853.0,0.524565820433923,4.242235249371067e-16,8.065612003330058e-07,6.792768074938577e-13,1901264670.441326
64,368278.0,10.026704,6681976467745530.0,0.012500110349683088,9.85417495707516e-09,8330299089392.16,473193336.27,0.524565820433923,1.5005596096304373e-15,0.0003281044595658068,2.6736418044948586e-10,218654732181.29166
65,190378.0,6.9395075,3670892136904249.5,0.008042259450227848,6.277539056897016e-09,4254230862750.0293,310092789.75,0.524565820433923,1.8904144391047816e-15,0.0002616987107804203,2.1640205471022656e-10,138434570413.22086
66,353688.0,12.667763,1.1988241673702222e+16,0.025340292481120727,1.9582675436681238e-08,23980994146004.67,1199117091.9,0.524565820433923,1.0566823179573029e-15,0.00048299396711936227,3.9090403639757215e-10,457085312123.94006
67,304816.0,1.9216484,873234073809654.0,0.004727141645307887,3.7736104157153806e-09,2148104281931.8438,131160246.33,0.524565820433923,2.2006108758633683e-15,0.00017389276725161118,1.415392216874935e-10,79020225319.65703
68,360042.0,3.0462081,1814350546395095.5,0.0052391122825873,4.298428131040753e-09,3120465155528.121,205526570.16,0.524565820433923,1.6789523425076058e-15,0.00019764693479244698,1.6590451542423353e-10,117720396099.65976
69,41583.0,4.6652064,3448415187611321.5,0.0022560833516646903,1.7486122902678772e-09,1667645850438.1655,67745562.15,0.524565820433923,1.3528551946877185e-15,0.00014323263520099776,1.21204109524619e-10,105874328430.29468
70,136269.0,0.7813232,2504780447619740.0,0.00017217733004637687,1.2787875813154232e-10,551969287259.7864,3924314.4,0.524565820433923,3.119328086190074e-16,3.065146721996067e-05,2.1324449796393244e-11,98263043748.62398
71,376808.0,1.2702712,1884953136686540.8,3.1203671450480598e-06,3.0769042769377227e-12,4630307164.070134,2094340.0999999999,0.524565820433923,6.739006796916672e-16,1.1614195736411412e-06,1.2042651859625076e-12,1723428405.165774
72,198859.0,14.20614,1.2254257489142786e+16,0.0220035630656998,1.7313199136317765e-08,18980337198259.16,1002918451.54,0.524565820433923,1.15928198934832e-15,0.0004793181814502734,3.9116844442470876e-10,413461250890.0598
73,257288.0,3.1551335,1810700628969117.0,0.005717784237454793,4.37487778679719e-09,3281381125416.4355,188271999.69,0.524565820433923,1.742493181656598e-15,0.0001864179199861992,1.439931038037786e-10,106983443004.90787
74,205796.0,1.2508925,3072348886722688.5,0.0002613299181375165,2.0882252642332905e-10,641859059077.5228,4979626.6,0.524565820433923,4.071453295573935e-16,6.26686474526764e-05,4.680951214672589e-11,153922059036.76532
75,286861.0,2.2139938,1091774590076071.5,0.0026645008284679446,1.979262430693745e-09,1313930644140.8928,108986399.83,0.524565820433923,2.0278854446005523e-15,0.00015602853301275785,1.232501619300963e-10,76941492641.11511
76,4.0,2.3923104,3690806186414470.0,0.0008955409115166802,8.945443733778656e-10,1381621689398.2556,24497225.12,0.524565820433923,6.481809878844038e-16,0.00010614977770909479,1.0588053564024696e-10,163765645233.68198
77,20167.0,14.706241,3695871527939673.5,0.019448423985558575,1.490742183430352e-08,4887644400192.065,631237922.55,0.524565820433923,3.979099622058087e-15,0.00040714989876827464,3.186860154261018e-10,102322117423.56096
78,334967.0,3.7285495,2499445144972624.0,0.006788317087244782,5.047436015892961e-09,4550570184531.189,253473098.60999998,0.524565820433923,1.4917508821906305e-15,0.0002488882211461081,1.9578601480412067e-10,166843019245.02078
79,274149.0,12.180361,5117983891481579.0,0.015555809341547357,1.21001790918083e-08,6536290806897.927,750117140.99,0.524565820433923,2.379913899352655e-15,0.00036444315391247385,2.9011088535262193e-10,153132915443.53925
80,304308.0,2.6798031,4360898760488353.5,0.001884111482645273,1.438766367788972e-09,3066053408658.8843,54360902.99,0.524565820433923,6.145070654426069e-16,0.00011988897069737995,9.890525389888876e-11,195097790472.154
81,151784.0,10.598454,3728013126277309.5,0.012780136203582235,1.0344148839562672e-08,4495421268287.473,469741237.28,0.524565820433923,2.842922929990679e-15,0.00034778686020067013,3.0512655733859067e-10,122334255540.93736
82,147286.0,3.710951,3945342862110659.0,0.0009891002398044729,6.901773208241356e-10,1051573995728.9972,41379892.71,0.524565820433923,9.405902426474374e-16,9.49138843608471e-05,7.252168303464106e-11,100908854948.03477
83,206153.0,0.8077102,960533678234904.6,2.36554227537679e-05,2.455434351958763e-11,28131166633.6247,963390.56,0.524565820433923,8.408973243751995e-16,1.1323119905490066e-05,1.1753405498897628e-11,13465520197.609535
84,290378.0,23.816515,5392278680592627.0,0.029153520687166177,2.2821104741872175e-08,6600625996944.654,683566058.44,0.524565820433923,4.416781181157813e-15,0.0004974375460490704,4.0410128559506305e-10,112624448811.53754
85,347302.0,0.61599344,657388432428464.6,0.0014709588333153244,1.1172828561029586e-09,1569807823927.4175,48520893.14,0.524565820433923,9.370311517719486e-16,0.00011675317433679603,8.183456404496814e-11,124599031863.57567
86,146632.0,16.63179,6160582856224615.0,0.03100263131764116,2.3827852153062995e-08,11483687504069.766,1104050187.23,0.524565820433923,2.699710463790831e-15,0.0005244688622249091,4.193605734838523e-10,194268559261.89575
87,261826.0,0.3500581,1668462190218804.2,0.00010940943363954111,5.649918561324692e-11,521472016447.6345,3220427.2,0.524565820433923,2.098088299825919e-16,4.118090296072439e-05,2.9205015679932906e-11,196278216527.5943
88,277589.0,15.04915,1.6315407099522748e+16,0.042630187481661704,3.41116057745167e-08,46217152695819.305,1246598799.79,0.524565820433923,9.22388875018645e-16,0.0005907569511919457,4.875392710938729e-10,640464089704.0354
89,251760.0,20.049053,1.220476245201071e+16,0.029018123732080202,2.2189656623396346e-08,17664640167946.75,1162590064.07,0.524565820433923,1.6427237382811134e-15,0.0004932657023409496,3.8897646548687464e-10,300273071391.22797
90,273476.0,4.1135693,4277367919998847.0,0.003454494517986582,2.772692818028368e-09,3592049374504.9307,226672772.5,0.524565820433923,9.617057444993202e-16,0.00019069854920692302,1.6124487784781282e-10,198291993468.54666
91,308157.0,4.8066974,3901017201859799.0,0.005937067835404699,4.440084503066638e-09,4818402705051.134,210562752.02,0.524565820433923,1.23216513828968e-15,0.00022152579208916125,1.7040243233967017e-10,179785797540.62225
92,242053.0,1.2009021,820212678983670.8,0.004106856429978253,3.0802707431427633e-09,2804971125151.482,95553626.2,0.524565820433923,1.4641350112851744e-15,0.00017824279881460502,1.341318534974995e-10,121739318738.20076
93,126752.0,20.079876,6317556349793227.0,0.018242297956401036,1.4440860697039992e-08,5739415188085.892,503219670.29,0.524565820433923,3.178424518628506e-15,0.0003909925672889774,3.101407676157324e-10,123014583167.66672
94,270531.0,0.5847544,363128034669916.9,0.0005415194394093199,4.080577583763464e-10,336279452994.7298,9969909.0,0.524565820433923,1.6103256817710078e-15,6.831409257596916e-05,5.077507939253438e-11,42422531882.39445
95,297677.0,1.1550031,1059219209002069.8,0.00023822387416363262,1.767827409656834e-10,218468074723.7921,18893130.0,0.524565820433923,1.0904287707245905e-15,5.2137964981596365e-05,4.141557800952762e-11,47814186842.255325
96,97105.0,0.64040154,235172827952421.12,0.002122620480085855,1.8219739298120962e-09,779483854725.7651,55182081.6,0.524565820433923,2.7231102571491065e-15,0.0001317498087887965,1.1405594052926424e-10,48382105881.65047
97,145212.0,6.2095265,4455196011916161.5,0.005127173584820783,3.800080457534822e-09,3678632067597.3345,227341750.2,0.524565820433923,1.3937717854369572e-15,0.00020476722931463872,1.5674884932561254e-10,146915895022.54327
98,272768.0,3.88899,3182163334632091.5,0.001619309354264013,1.2246418456005384e-09,1324998741206.7683,88782281.01,0.524565820433923,1.2221214284242984e-15,0.00011908788425444406,1.0048934520327902e-10,97443577605.8571
99,186718.0,4.7630157,2567353646537672.5,0.0035322569850966957,2.997625256225637e-09,1903951912481.8687,95487075.13,0.524565820433923,1.8552238435960673e-15,0.00016237635184843645,1.4313425441452653e-10,87523859942.25621
100,295928.0,10.332214,6645858260732158.0,0.008169602076720408,5.973976203064158e-09,5254828969712.292,457026024.16,0.524565820433923,1.5546846764772448e-15,0.00027936660247288356,2.1126154302200246e-10,179693417385.38226
101,237673.0,0.24526532,2367565847289277.0,0.00040061426499356966,3.034891509578329e-10,3867161699565.4814,10812155.6,0.524565820433923,1.0359387481485016e-16,6.660760387058659e-05,4.4302317083640224e-11,642968553784.0159
102,111428.0,17.417774,4804162347915961.0,0.011993983536874482,9.108141563685764e-09,3308174977432.6094,467486377.87,0.524565820433923,3.625558992101049e-15,0.0003377381330214809,2.6495443527100743e-10,93154775238.05458
103,115650.0,6.7807894,2599849259187917.5,0.005718566400229516,4.386235003642158e-09,2192578141308.0935,142235014.18,0.524565820433923,2.6081471362374412e-15,0.00021694107372597214,1.782171274751225e-10,83178234353.34831
104,353213.0,0.7580676,617001162430480.8,0.00041249302469073724,3.0003540723919186e-10,335733483041.15607,13200543.84,0.524565820433923,1.2286323692062957e-15,5.632176035226843e-05,4.23166392584921e-11,45841019465.124985
105,271478.0,0.17015423,225308937347231.8,0.0007662705736877525,6.110424770986386e-10,1014653639101.6621,11878333.7,0.524565820433923,7.552040855697132e-16,6.3673520943707e-05,5.395304044605813e-11,84312998513.07448
106,7313.0,98.4084,1.5852836736457132e+16,0.19070698716658127,1.464743587532236e-07,30721429593951.723,7662002092.99,0.524565820433923,6.2076208590282105e-15,0.0013014817738669557,1.0388651074065128e-09,209658708774.73337
107,258722.0,9.193267,6080684456165414.0,0.011333623188383468,8.327760419309638e-09,7496376027547.035,859783784.71,0.524565820433923,1.5118802934558842e-15,0.0003227126577248434,2.410650054013441e-10,213451196580.6372
108,245745.0,7.497089,4381523042725627.5,0.0051555020471058645,4.030518962015917e-09,3013029592714.3843,212717941.3,0.524565820433923,1.711069170900962e-15,0.00022988063144890376,1.7532447349566367e-10,134349116539.72488
109,244813.0,5.5988793,5192952654914846.0,0.004019829450444201,3.393194676521825e-09,3728386146311.299,126567780.88,0.524565820433923,1.0781687552458169e-15,0.00019246235074618255,1.5889725588601592e-10,178508558896.5172
110,242356.0,0.4449752,2234124518815524.8,0.00011524412161464885,9.701995860231083e-11,578615881848.3483,4326838.4,0.524565820433923,1.9917206773949843e-16,1.6122830022341253e-05,1.3514235851503748e-11,80949252600.1621
111,130380.0,0.55577195,304862818529148.0,0.0002465044978394185,1.722104407325604e-10,135217432242.5545,5909087.5,0.524565820433923,1.823023065526315e-15,3.714354497640417e-05,2.5860501623972014e-11,20374698312.26774
112,128054.0,5.861415,7147026321408417.0,0.007109126022253895,5.5908355922204705e-09,8668403585696.987,241609181.17,0.524565820433923,8.201194086053023e-16,0.0002583452692366822,2.0292766747080685e-10,315009334648.0179
113,240574.0,5.0351377,3595732526177938.5,0.0014937825932337895,1.1609697006832854e-09,1066751889929.2795,71114368.33,0.524565820433923,1.4003093009123425e-15,0.00013517892690775163,1.0260524607228188e-10,96535048949.31328
114,281495.0,0.35802868,373558839050250.44,0.0007639291014244323,6.382046793773976e-10,797065945233.2477,13803174.85,0.524565820433923,9.58426471477064e-16,6.34513705658664e-05,5.4382115797549875e-11,66203691628.09048
115,280697.0,1.2296096,2404157353242206.0,0.0004593222066361177,3.7684966729876894e-10,898075991429.8475,7422372.9,0.524565820433923,5.11451381641792e-16,5.636832191940096e-05,4.542205921996265e-11,110212473644.03436
116,359468.0,16.411123,6535083600260656.0,0.014807293856659506,1.102801727771246e-08,5896421789471.439,533797506.34,0.524565820433923,2.5112338271151468e-15,0.0003498101869936286,2.682910567118366e-10,139298134334.02307
117,0.0,46.10936,6546056983873843.0,0.06084573013965602,4.8886015208961956e-08,8638151054787.975,3269386113.75,0.524565820433923,7.043837246389701e-15,0.0007524386133146875,6.312604797799213e-10,106822259940.82242
118,336124.0,6.185656,8605702663497413.0,0.006719224809725069,5.255066647356853e-09,9348022399190.795,612143217.74,0.524565820433923,7.187856984924121e-16,0.00024275068179943027,2.0245316668916226e-10,337723305163.9422
119,231004.0,4.0538745,1780963443102537.8,0.0015081219100955838,9.968036414940786e-10,662553808614.9946,30206569.44,0.524565820433923,2.2762255540394048e-15,8.646055683166213e-05,5.83817162109755e-11,37984178096.15952
120,348900.0,2.7657795,3081804365451209.0,3.271573953853845e-05,2.2139548546048206e-11,36453921554.06189,9036846.46,0.524565820433923,8.9745459867796e-16,3.48153498225188e-05,2.8633731883294627e-11,38793438546.98085
121,311778.0,10.338844,8058109548554267.0,0.019724754719592456,1.52084486365994e-08,15373501558669.307,765532725.57,0.524565820433923,1.2830359202370148e-15,0.00041873235097010617,3.2991507873085956e-10,326360583024.63885
122,302850.0,5.4197283,5010572935444818.0,0.01288542158531816,1.0207155538933386e-08,11912653381017.574,623551805.84,0.524565820433923,1.0816583991145634e-15,0.00034239951094723977,2.743060336264706e-10,316550503585.536
123,157291.0,4.455884,7178177458681398.0,0.004883517342435854,3.6750516857249336e-09,7867070620903.223,169510412.22,0.524565820433923,6.207542270511835e-16,0.00020730594599501057,1.5911794148922195e-10,333958170498.1566
124,319858.0,18.28342,9168861958671696.0,0.028702804171822704,2.2833329655385022e-08,14394027445534.176,1957848611.35,0.524565820433923,1.9940773546828203e-15,0.0005157604989464141,4.169543481890342e-10,258646184279.2711
125,182285.0,1.553609,3237499647018158.0,0.0025770401358487624,2.0219447252023023e-09,5370184216338.855,74286075.76,0.524565820433923,4.798792801200532e-16,0.00011977029410305907,9.657656015792855e-11,249584216416.04462
126,14373.0,10.114199,4790721612552237.0,0.01361410546742284,1.1094675348260721e-08,6448497730601.126,429522037.82,0.524565820433923,2.1112057468544288e-15,0.00033327061977820476,2.789053827980635e-10,157857954050.5506
127,133876.0,1.0799903,986326600206358.9,0.001171650621325917,9.434486908194961e-10,1070037549376.1931,29888831.95,0.524565820433923,1.0949621553084392e-15,9.241612544069221e-05,7.930728439267823e-11,84401205094.30717
128,282983.0,3.9066248,3009273136871383.0,0.006419051891804392,5.122226539073988e-09,4944595760051.077,216574488.71,0.524565820433923,1.2981954851933302e-15,0.00023186022262144902,1.9394821325105605e-10,178601932656.4827
129,210264.0,0.47630602,1236418753016078.0,4.654192734073558e-05,2.702164814703881e-11,120815839710.77501,1722394.1,0.524565820433923,3.852303427444102e-16,2.824798166735689e-05,1.6400417109740964e-11,73327509629.99467
130,325825.0,0.8484218,745311013923763.9,0.001437112577702864,1.2143076348995123e-09,1262456754895.1658,50300282.65,0.524565820433923,1.138345984629154e-15,0.00011783122608152312,9.702223356397225e-11,103510907643.69827
131,322951.0,9.628197,4489005606028627.5,0.010211438745906933,7.891744834069301e-09,4760933513927.287,527950386.34,0.524565820433923,2.1448396025769183e-15,0.00028827815479498547,2.2753527201072014e-10,134405460645.46439
132,219938.0,1.6438661,1890575711630027.2,0.00021542371616036478,1.4458638390647958e-10,247754269938.3281,8781143.2,0.524565820433923,8.695055637749002e-16,4.839811236283792e-05,4.264596147386855e-11,55661647698.63088
133,272946.0,1.1661748,803506905362639.2,0.000896549020878364,6.125294300065544e-10,617731860842.7129,20902302.29,0.524565820433923,1.451356288560683e-15,8.186609837110891e-05,5.987533200201666e-11,56406617049.41929
134,340425.0,2.6516259,2798729358887773.5,0.0009096130269406673,6.884113260548977e-10,960075357434.7048,39560572.839999996,0.524565820433923,9.47439198284527e-16,8.784356579214257e-05,6.583272851006873e-11,92716837081.6785
135,91912.0,2.799541,2237802071534770.0,0.0028065478251963253,2.085134574984532e-09,2243402949657.0117,57439312.54,0.524565820433923,1.2510226152753394e-15,0.00015178741862782448,1.1888056218609e-10,121330675220.78117
136,147999.0,3.8920653,1738757279414510.8,0.002127686912405388,1.6040140964337516e-09,950531612935.6444,101973517.52,0.524565820433923,2.2384178321373123e-15,0.00012344683257191921,9.468857041876379e-11,55149146329.86472
137,116925.0,8.521305,1980992237850508.5,0.010000143866892719,7.304869008082402e-09,2324785625875.7134,359870876.34,0.524565820433923,4.301533765344841e-15,0.0003054827488831742,2.3165311182041103e-10,71017168653.72195
138,289937.0,2.2490819,2031425703541230.0,0.002969799646970622,2.2281012988768477e-09,2682395575378.4653,115158142.35,0.524565820433923,1.1071445517694034e-15,0.0001566198113879159,1.1986919132615243e-10,141462838919.82404
139,41582.0,1.9178603,2642494278844680.5,0.0036852332265025958,3.0559157887010237e-09,5077641847657.742,114387176.74,0.524565820433923,7.257765193113318e-16,0.00017249198768650378,1.5382798472623994e-10,237665428815.71368
140,319797.0,2.5377376,1826150987614088.0,0.008793883105042056,7.002950610452519e-09,6328060993081.157,293261862.96,0.524565820433923,1.389664719517863e-15,0.0002998525815833188,2.4134396667181913e-10,215773328179.00934
141,256625.0,2.5173562,2600354410882508.5,0.0006220093071153814,4.485481354781813e-10,642517195368.4802,18906392.8,0.524565820433923,9.680819620067326e-16,5.83045391680126e-05,4.4950677145210814e-11,60226862451.969864
142,136268.0,1.991806,1475866163522649.0,0.00012436707789752525,7.553991024499967e-11,92152128332.34915,5948811.1,0.524565820433923,1.3495844333512516e-15,1.829275585758197e-05,1.1084286004098175e-11,13554361924.698473
143,310657.0,0.58855414,1073341409649404.0,0.0009185147409981467,6.645473806902793e-10,1675087880422.875,23698257.8,0.524565820433923,5.483382404786238e-16,9.885767986864392e-05,6.795905050865643e-11,180285948655.25842
144,265976.0,0.13490175,156676442928010.56,1.3330450376592516e-05,1.0525564873717834e-11,15482138279.398706,12859155.3,0.524565820433923,8.610212708363849e-16,1.9018263251424549e-06,1.5489351405654022e-12,2208802952.4462795
145,315719.0,0.9661673,912246652235334.4,0.0018916203933015234,1.4540710997832483e-09,1786051309218.8086,49803793.17,0.524565820433923,1.0591075315349642e-15,0.00013725673713035867,1.0720671865104414e-10,129596601896.9127
146,166381.0,9.564777,6474797707773586.0,0.004968259669172636,3.777818089097381e-09,3363222824492.7134,252108259.42,0.524565820433923,1.4772317888042449e-15,0.00022062608736736193,1.723555377354634e-10,149351028754.9046
147,293942.0,15.157077,5245291928572566.0,0.034363658265748075,2.6764887040029717e-08,11891964350220.979,1073076709.65,0.524565820433923,2.8896536563456418e-15,0.000547547272913575,4.440633645881841e-10,189485432522.74136
148,195561.0,18.949268,7029516287065146.0,0.02874921617779262,2.1712822581270636e-08,10664954623162.752,859121051.06,0.524565820433923,2.6956716829674498e-15,0.0005115968001621858,4.074094334185454e-10,189784536223.27243
149,208379.0,1.9317847,1521149489876441.5,0.0012065645651158456,8.491850290445902e-10,950087798463.7517,32722124.8,0.524565820433923,1.269950595162684e-15,0.00010578887657509314,7.991800978691649e-11,83301568563.41432
150,291978.0,2.8120978,1862495317052275.8,0.010503400499463402,8.642177565718106e-09,6956562550340.575,418810021.59,0.524565820433923,1.5098549640654325e-15,0.0003172913629749458,2.6697185261136885e-10,210146915118.65994
151,248500.0,0.35327515,1691517844859576.5,0.00018402582587635704,1.0843607567962009e-10,881134629437.93,7221791.4,0.524565820433923,2.0885097433265775e-16,3.6046491890675395e-05,2.282352116990817e-11,172594319973.15253
152,241039.0,7.161403,5157284748565403.0,0.003998922060207742,2.826379995980696e-09,2879823932797.963,148278305.44,0.524565820433923,1.3885994954984946e-15,0.0002027825479415923,1.4702161585540542e-10,146033862606.86722
153,274148.0,1.6478909,6055840219550707.0,0.0021660155478967257,1.7193983395470302e-09,7959898359245.234,79553604.9,0.524565820433923,2.7211598064954556e-16,0.0001479277232080313,1.1822516520308735e-10,543620124238.66205
154,194528.0,5.5957956,6441019476155720.0,0.004370365037026493,3.263818258017276e-09,5030492236242.092,262819042.79,0.524565820433923,8.687748299341913e-16,0.00019933392886549,1.570395476745299e-10,229442569003.2817
155,331406.0,3.6826818,3432049330480448.5,0.0012284977019411147,9.071107854989484e-10,1144889769038.36,71841662.06,0.524565820433923,1.0730270591665609e-15,0.00010346356173998814,7.374610094882519e-11,96422136661.07368
156,316547.0,5.72773,3572924715993886.5,0.004673982676848726,3.914706090696774e-09,2915603254385.2583,187846911.19,0.524565820433923,1.6030928315842525e-15,0.00020494401717161475,1.7488170645087404e-10,127842887906.29756
157,284324.0,14.69118,7326421179133106.0,0.04128099122652643,3.2486560052664204e-08,20586632824431.477,1280716837.4,0.524565820433923,2.005232792491234e-15,0.0005803422940294631,4.774117735795236e-10,289413925506.60675
158,340391.0,0.109433696,139588555421334.69,0.001544350237358731,1.144505964106755e-09,1969901653486.1494,52878666.06,0.524565820433923,7.839732682216308e-16,0.00011814665063045894,9.071566697669689e-11,150702396905.0162
159,345022.0,0.2655592,1380881757687702.8,0.00015062644812283938,1.2441571483014403e-10,783242736226.5062,2187830.9000000004,0.524565820433923,1.9231132464569663e-16,2.3775895326106618e-05,1.963861625623569e-11,123632320508.9974
160,236121.0,1.8587004,3940870291553693.0,0.0006406601221203567,5.277950597105691e-10,1358346101527.3223,14187005.0,0.524565820433923,4.716471902116842e-16,8.686427366280646e-05,7.121164476745248e-11,184172142791.35242
161,161323.0,8.45316,5421262040782588.0,0.0046751124440345595,3.8054106307483814e-09,2998288170250.518,162786264.92,0.524565820433923,1.559260544207109e-15,0.00021808760275752063,1.8580852043393375e-10,139866043277.85333
162,275264.0,13.288054,1.154811199366685e+16,0.022563660951698775,1.6700111081055388e-08,19609168028467.15,903070174.02,0.524565820433923,1.1506689584658825e-15,0.00045464708716315877,3.5071811300115593e-10,395115453335.34705
163,188757.0,2.3491807,974339355737389.8,0.0033961774544003743,2.5839189214722674e-09,1408588684936.1182,126424225.53,0.524565820433923,2.4110497909859306e-15,0.00016792604701905146,1.2954871697222882e-10,69648518934.31154
164,248952.0,6.125763,4843620167565382.0,0.0011819114190893924,9.136462955515331e-10,934533377438.4026,53863415.14,0.524565820433923,1.2647075509802165e-15,9.41578136449504e-05,7.174371836141854e-11,74450266049.23251
165,217590.0,12.644454,7108324496274650.0,0.01558571477207531,1.2112896848885042e-08,8761811155016.469,481195270.14,0.524565820433923,1.778823407207527e-15,0.0003547461656322275,2.7333347959162436e-10,199427421628.72888
166,344858.0,0.38618517,1819965776567881.2,0.00044543988211932507,2.791334591459978e-10,2099214066080.2766,9960863.3,0.524565820433923,2.1219364395317028e-16,6.273231202682702e-05,4.1344023106904155e-11,295637092884.2318
167,272338.0,14.232421,8375730413749961.0,0.01431534528467245,1.07937425008634e-08,8424531067775.688,730869889.97,0.524565820433923,1.6992453549645585e-15,0.00037512706014651445,2.952914218462951e-10,220760974305.7609
168,349678.0,2.2076318,3274953137801613.0,0.004344500974937607,3.3646291907429977e-09,6444932121404.5205,198154631.46,0.524565820433923,6.740956914827561e-16,0.00021229863241577267,1.7588545194849124e-10,314938420610.2783
169,91914.0,4.8198895,4189090428580946.5,0.0016657167365415866,1.330430516522365e-09,1447717429574.568,59855195.75,0.524565820433923,1.1505813928282129e-15,0.00012932515168035413,1.0340169516060791e-10,112399828892.12514
170,202163.0,1.8187084,1436364001766401.0,0.0022186195753395913,1.5988006588152263e-09,1752202437527.67,105907530.61,0.524565820433923,1.2661890702937433e-15,0.00013407874242421926,1.027890573019395e-10,105891565146.04436
171,349098.0,6.5161433,4493316797475608.5,0.007607651621194869,5.470139318447569e-09,5245984817254.932,307025680.95,0.524565820433923,1.4501855964531226e-15,0.0002489576313102461,1.858072005293987e-10,171672944428.04355
172,84850.0,1.3558623,1878053745316728.8,0.0019491282796193442,1.4635687032590738e-09,2699807838629.2334,608687402.32,0.524565820433923,7.219507446903962e-16,0.00010865230749541447,8.007420343946712e-11,150498227606.93915
173,56930.0,5.4592853,3884536437890333.5,0.004366754607322854,3.4689009699051574e-09,3107149829204.039,74999879.3,0.524565820433923,1.405389133887209e-15,0.00018241439226690892,1.5026857425012197e-10,129796358793.78357
174,222728.0,0.7654425,783044928088490.9,0.0006562756460797899,4.453112100694486e-10,671367628647.1904,16720566.5,0.524565820433923,9.775205387876522e-16,7.419369203425396e-05,5.265932126493055e-11,75899880452.91714
175,70240.0,0.40229374,1179833550863995.5,0.0006119003092941079,5.003897667364582e-10,1794560647871.9863,51084944.72,0.524565820433923,3.40974995757155e-16,9.228345908538316e-05,8.098119018470989e-11,270645825159.29745
176,97106.0,1.0887064,763447694598994.2,0.0022849486931235175,2.0620020885975183e-09,1602304176812.1638,56018706.05,0.524565820433923,1.4260392790521818e-15,0.00012569235981119636,1.1560332448318167e-10,88140881992.21124
177,299841.0,0.7398863,1397096480339284.8,2.3641282521913077e-07,1.732337873579249e-13,446408490.08923954,1364703.9,0.524565820433923,5.295885505490062e-16,5.9790046255103e-07,4.3811735465182596e-13,1128990537.9019375
178,330750.0,2.9861252,1562808034237631.8,0.02372948003854198,1.890819926898201e-08,12418977627768.223,1059698692.99,0.524565820433923,1.91074344038466e-15,0.00045659627514811325,3.6512710519673197e-10,238962628628.04535
179,355985.0,0.34391692,642083101715369.6,4.3393162242816535e-05,4.4944726460626526e-11,81013798931.74754,3314823.86,0.524565820433923,5.356268045073949e-16,3.044918591910717e-05,3.181033617756081e-11,56847763522.795815
180,351049.0,7.2384243,4144931991954319.5,0.008674852447523937,6.927395542204496e-09,4967472469833.689,473008383.95,0.524565820433923,1.746331258040041e-15,0.00025391650652601544,2.021546760629972e-10,145399966562.46844
181,266766.0,1.9529784,2229739130044779.5,0.0011931234385531115,1.023216920470194e-09,1362203503077.8892,242733836.69,0.524565820433923,8.758775292070954e-16,8.324196594758066e-05,6.900842734812379e-11,95038362295.85318
182,245995.0,2.806925,2121804365866827.5,0.010098674731156797,7.874376779914252e-09,7633767248514.834,256228530.10999998,0.524565820433923,1.3228952891013956e-15,0.00030675768498130936,2.563840439753774e-10,231883571971.65692
183,311387.0,3.7161458,3660096246098725.0,0.00041171718426698825,2.848327973687453e-10,405507372878.088,22968881.12,0.524565820433923,1.0153136830653068e-15,5.5361788475113455e-05,4.364910431048456e-11,54526782607.68843
184,350066.0,0.6495319,958196393235036.0,0.0005565491286288374,4.54994092624984e-10,821027216231.0337,6537606.3100000005,0.524565820433923,6.778692808549075e-16,4.9685178739649766e-05,4.0589014913735685e-11,73296106112.06392
185,164217.0,0.29532272,834434600985866.6,0.00031415977083048543,2.338625369823865e-10,887658704412.4049,4139915.4000000004,0.524565820433923,3.539195518151842e-16,3.8109324981791176e-05,2.876735332838639e-11,107677930722.77556
186,159475.0,12.452124,3630243284183830.5,0.015043685068165814,1.166477490874274e-08,4385776811095.4824,412976889.54,0.524565820433923,3.430107302794597e-15,0.00033994132859319667,2.7434780723518717e-10,99105158697.58293
187,218925.0,7.830444,8180950650515109.0,0.00731348494699637,5.610473956433115e-09,7640851455506.534,188516585.68,0.524565820433923,9.571557554264138e-16,0.00025177172895008825,2.0038535255657026e-10,263041545247.69452
188,228757.0,6.9357157,3632699651845038.5,0.0011937801783741817,1.1103291917860628e-09,625262774014.7131,64264471.18,0.524565820433923,1.909245565203104e-15,0.00011403547718596816,1.0347065610612065e-10,59728030413.854675
189,86942.0,13.181685,4780134100657589.0,0.007860877108517876,5.955644986073649e-09,2850625449440.2593,219178586.14,0.524565820433923,2.7575973230932236e-15,0.00025853700783086436,2.0500511758180564e-10,93754445460.82634
190,118068.0,5.9814525,4189833172776469.0,0.003517069773975176,2.777524792549521e-09,2463604886935.177,102840206.06,0.524565820433923,1.4276111370888502e-15,0.00016363129587611673,1.2423827306116471e-10,114618954437.26341
191,367936.0,5.3318577,5309073820056229.0,0.005455597279539145,4.272922555217845e-09,5432284640599.328,300409810.86,0.524565820433923,1.0042914980495656e-15,0.00022133253676369732,1.76378780796309e-10,220386747466.79346
192,121812.0,16.966488,5317382629376222.0,0.011551681187975381,9.011691274985457e-09,3620354954368.422,435289401.82,0.524565820433923,3.1907592856431933e-15,0.00032857914932835227,2.601413418206985e-10,102978357159.93765
193,151783.0,0.8821847,812378939114994.9,6.110107597000897e-05,6.156231623381175e-11,56266252719.300835,992507.75,0.524565820433923,1.085927585667166e-15,2.540896262428411e-05,2.5600769993266158e-11,23398395030.80078
194,343755.0,6.072527,2755815288384620.5,0.01593144394507083,1.2510895179609071e-08,7229958267763.781,494922874.28,0.524565820433923,2.2035319368445554e-15,0.0003625009694073627,2.8379594402062056e-10,164509060815.54776
195,239577.0,0.147598,331899887007298.06,0.000431881220813071,3.892964171484848e-10,971160370658.3573,7480172.92,0.524565820433923,4.447063882150538e-16,6.217643808574063e-05,5.2699763984206145e-11,139814582685.22324
196,259726.0,1.2080188,1884451123200507.5,0.00036724100888530507,2.2230462133473654e-10,572878279443.3337,8075757.9,0.524565820433923,6.410454403021763e-16,7.131696075081321e-05,4.823289308208091e-11,111251022575.24176
197,176291.0,2.559583,3933622717846242.0,0.0009774605386663681,6.997613698203166e-10,1502182574542.9043,28680227.75,0.524565820433923,6.506935676336129e-16,8.613837529778197e-05,5.726830457018617e-11,132379325050.10414
198,231679.0,10.2702465,1.0261025431799908e+16,0.021296764616463074,1.6500610769702053e-08,21277643466939.574,982579845.74,0.524565820433923,1.000898649775442e-15,0.0004498602484617869,3.6792688903780644e-10,449456344618.6244
199,181647.0,1.9414101,2440510326321086.0,0.0016140418732510944,1.1334154610047728e-09,2028981851276.0007,38649236.88,0.524565820433923,7.954934994790831e-16,0.0001181185157146547,8.38720634450899e-11,148484576922.37943
200,348663.0,0.32545444,561469479168180.56,5.363600052610895e-05,3.9040598491342936e-11,92532083077.61494,4407438.0,0.524565820433923,5.796476069939939e-16,3.2514291415966635e-05,2.2916055986520525e-11,56093203911.56818
201,148801.0,0.37924686,243962888363166.94,0.002090925134755139,1.6208612623236971e-09,1345055659065.9912,42133870.38,0.524565820433923,1.5545268485075781e-15,0.0001098147679814157,9.152616674610343e-11,70641924317.25656
202,189607.0,4.2825336,1379674187662266.0,0.001117935316795227,8.538668412582608e-10,360157477820.70245,43978046.75,0.524565820433923,3.1040180633199845e-15,7.749570748486795e-05,6.239650320159295e-11,24966255319.397327
203,303452.0,0.3888829,311924513735233.6,4.4377809729522344e-05,3.513274039855701e-11,35595616882.39822,2041521.7999999998,0.524565820433923,1.246721186941049e-15,2.8254308578382337e-05,2.217565979140715e-11,22662892773.72996
204,197226.0,3.6797683,4681694907913548.0,0.002312159006508696,1.9444906557569235e-09,2941713217937.7188,75743232.82,0.524565820433923,7.859906235624252e-16,0.0001418117574348882,1.2454988141254338e-10,180424235587.11218
205,271783.0,1.0878298,664298458161362.1,0.003589626974992102,2.752245663536861e-09,2192055838938.856,124449805.28,0.524565820433923,1.637561831787e-15,0.0001814437289484129,1.5152435887475601e-10,110801146818.62807
206,287964.0,3.2355075,5424532007990761.0,0.0011595368153672488,7.675045005687418e-10,1944036467046.7659,29553806.48,0.524565820433923,5.964583664054049e-16,9.25648359214275e-05,6.178517089795546e-11,155190774637.42438
207,268856.0,5.712796,4242902637698093.0,0.001053902013620384,7.619958945788735e-10,782734694791.3523,48632358.44,0.524565820433923,1.3464357982768537e-15,0.00011507580294650087,9.189394146001465e-11,85466981116.94072
208,263657.0,1.7979001,3045970773960674.0,0.00016639456001722491,1.8475279891414357e-10,281902741291.6393,5493462.3100000005,0.524565820433923,5.902552038154297e-16,4.964845086477712e-05,5.0571349875685485e-11,84113533508.63803
209,81219.0,0.1328728,212920797899219.53,0.0002964624793218417,2.6471938975885407e-10,475063576927.6135,10256383.65,0.524565820433923,6.240480089826258e-16,6.936667799373491e-05,6.883803597363599e-11,111155996005.53514
210,271629.0,2.1161222,4874125234994075.0,0.0031995908169184734,2.535508776841165e-09,7369709718275.078,125908098.2,0.524565820433923,4.3415425291233255e-16,0.0001672289989183913,1.3147504341076844e-10,385183371570.37897
211,311300.0,1.5470332,1199134048701053.0,0.000946997748121601,7.151529634315797e-10,734035471130.0542,14650947.6,0.524565820433923,1.290125321414903e-15,9.893076961112082e-05,7.551702614514244e-11,76683069442.13893
212,83722.0,24.011091,7121539018424166.0,0.02217633450737922,1.6424020927102226e-08,6577361748365.677,1318597426.46,0.524565820433923,3.371615452485874e-15,0.0004389647229106164,3.355959131452507e-10,130194184092.66397
213,386030.0,7.328632,4456563786298489.0,0.017419677413900294,1.3911956564082109e-08,10592959713598.63,462349279.73,0.524565820433923,1.6444580065321985e-15,0.00038457304325273606,3.1230866421800974e-10,233860057067.50537
214,249530.0,5.284996,2958311140131229.5,0.015704381756414823,1.2062582977955378e-08,8790630588722.418,561113283.58,0.524565820433923,1.7864909232520954e-15,0.00037996622519291057,2.97045060881806e-10,212688584222.54227
215,372070.0,1.7664566,2085831698973160.8,0.0003930952140536719,2.794881424088756e-10,464166772162.8648,19553648.21,0.524565820433923,8.468835720876297e-16,7.05458665451081e-05,5.4396264278646655e-11,83300549060.3713
216,352312.0,12.381469,1.1873064416064852e+16,0.016630926638506897,1.2576915436202819e-08,15948031956292.207,759770152.8,0.524565820433923,1.0428199971059914e-15,0.000393306091708214,3.395579642101603e-10,377156261674.79285
217,243467.0,0.35241428,3602406231799861.5,5.0484293168156573e-05,4.1824892516480056e-11,516054378718.6444,1207039.4,0.524565820433923,9.782746789884497e-17,2.824798166735689e-05,2.340270058074069e-11,288753069808.22314
218,312995.0,0.18544546,156620062478569.78,0.0008056602479449809,6.897483260579754e-10,680429482445.3666,24373417.28,0.524565820433923,1.1840466480810809e-15,7.284935007917307e-05,6.64114652771579e-11,61525743261.243965
219,48223.0,5.9464164,4119627938492606.0,0.0007187355269958968,5.254683183465236e-10,497934009027.6057,21337319.6,0.524565820433923,1.4434353026006096e-15,7.445985743989543e-05,5.277613963402524e-11,51585171365.659775
220,240021.0,3.5946722,2441520999019595.5,0.001960163037820787,1.4524576482972076e-09,1331353445340.9946,48200701.11,0.524565820433923,1.4723085328545026e-15,0.00011529502039664104,8.720554052284568e-11,78309007809.05466
221,126754.0,0.66028696,2400980192745562.0,0.0005376796660598951,4.099441723879678e-10,1955147241211.3916,5324647.600000001,0.524565820433923,2.7500724995359102e-16,7.222124097753229e-05,5.345813000581775e-11,262615771001.38278
222,88614.0,16.06649,7528557162694871.0,0.02310506342066855,1.76265965926664e-08,10826745027083.916,824404777.53,0.524565820433923,2.134072924306382e-15,0.0004291977988270856,3.525162340614043e-10,201116744389.87778
223,194805.0,0.22901176,220901713355193.47,0.0007175311508527777,4.1954033174343364e-10,692121053561.19,13222259.3,0.524565820433923,1.036713371397741e-15,8.578877131405841e-05,5.239592607889507e-11,82750713631.09203
224,327703.0,5.3142953,3021797001416988.5,0.01200670982912065,9.375543471196298e-09,6827215596867.69,492585316.24,0.524565820433923,1.7586539722913246e-15,0.0003093486457516511,2.467943370615557e-10,175900802901.32645
225,376609.0,3.9924068,3605743401781132.5,0.0023128267763832273,1.9896990547124814e-09,2088830198467.3877,120413803.08,0.524565820433923,1.107235417258995e-15,0.00013174524779150499,1.1225342594591817e-10,118985760153.55936
226,185175.0,4.445601,5236107578070879.0,0.003448637512869455,2.5183997969583397e-09,4061866329244.4062,140819483.87,0.524565820433923,8.4902781956169765e-16,0.00019573647801100433,1.5223430028201074e-10,230541889795.8507
227,108832.0,12.400912,1729875674318419.0,0.006957564440922861,5.576315655577987e-09,970551317423.6934,233577917.82,0.524565820433923,7.168672398891343e-15,0.000266334999310737,2.1079283728773845e-10,37152625268.79126
228,297574.0,6.542631,3548256887720390.5,0.003084628677916369,2.328226086489047e-09,1672882813118.545,165117681.38,0.524565820433923,1.8439000351531402e-15,0.0001502469100802365,1.1809588917370473e-10,81483218838.248
229,7315.0,57.20197,1.8176247137153812e+16,0.11951336107606139,9.482983116876159e-08,37976041508891.92,4051256127.06,0.524565820433923,3.1470726365221047e-15,0.001047063652484811,8.610091506901794e-10,332710354484.20496
230,212523.0,0.42915633,978691772312583.8,0.00032863971999040273,2.5711227412606156e-10,749463464769.8625,6621874.95,0.524565820433923,4.384999875762029e-16,4.349419904682666e-05,3.609695897709203e-11,99188598127.9947
231,233577.0,0.35501343,2126471164618559.2,4.175085285647676e-06,3.702949538565186e-12,25008063694.246788,2361511.0,0.524565820433923,1.6694956221693295e-16,1.1614195736411412e-06,1.0273012416546994e-12,6956709309.198438
232,162784.0,2.5723622,1420439535984970.0,0.0014451730773712094,1.2045950047329656e-09,798013971531.3542,28729967.8,0.524565820433923,1.810962124632962e-15,9.357625281597718e-05,7.973738617033916e-11,51672120329.37619
233,318840.0,3.7104166,4981049061054266.0,0.0033974420792741386,2.4977885587511605e-09,4560896390705.75,106608095.96,0.524565820433923,7.4490665611205e-16,0.00016871547650104029,1.3127253207750937e-10,226492104905.64047
234,137113.0,0.66403705,2136285438453264.8,4.5726861869197656e-05,3.0283755957080947e-11,147108702981.75497,7548149.4,0.524565820433923,3.1083723085281287e-16,4.723027248869739e-05,3.000240969172401e-11,151945352103.14557
235,354102.0,4.24726,3873964507881473.0,0.0044509130575330425,3.755540960437387e-09,4059718315466.7285,167326824.31,0.524565820433923,1.0963600702482089e-15,0.00018521322234051283,1.712734499478057e-10,168934666052.35062
236,153090.0,6.7912316,1241787678738861.2,0.007214791071993646,5.776778782493756e-09,1319236213042.2488,174065235.72,0.524565820433923,5.468915271326464e-15,0.00023982032116320724,1.9771817906140403e-10,43851533487.926895
237,302750.0,9.51144,4987179109513807.0,0.019065046106081368,1.5203478618928186e-08,9996467376355.898,633034265.12,0.524565820433923,1.907178344939622e-15,0.0004008285505352863,3.2997218810818757e-10,210168362911.00812
238,100194.0,0.18415853,7909547482321610.0,0.00013469453691053012,1.5851141612161806e-10,5785085465784.065,849746.6,0.524565820433923,2.328306776229704e-17,2.3775895326106618e-05,2.7979982886788387e-11,1021166779603.1427
239,265343.0,30.718624,6657172256324075.0,0.05969090543290722,4.663413591432502e-08,12935886698662.479,2353709529.64,0.524565820433923,4.614365201504048e-15,0.0007774059326783276,6.205168117188478e-10,168475163696.39163
240,316117.0,5.9490666,4233531890760710.0,0.006871547136209319,5.101926422615516e-09,4889996346655.051,482421872.53000003,0.524565820433923,1.4052254130843529e-15,0.00025002446578730787,2.067428137066977e-10,177924810823.42865
241,196772.0,1.1610761,1208971138282244.2,0.0001960359538824639,1.8276940032884218e-10,204122546583.74924,6637539.3,0.524565820433923,9.603836379830412e-16,2.638168070545204e-05,2.5712580226880472e-11,27469939784.540455
242,227854.0,15.3612175,5000326153323079.0,0.015514391427755318,1.2017650788167118e-08,5050186758249.878,622053271.63,0.524565820433923,3.0720431085862985e-15,0.00034592894896045385,2.72429075088823e-10,112605499575.70238
243,216039.0,0.49255443,1876008787149259.0,0.00010071811562438868,7.805543582108771e-11,383608507868.80194,11114034.2,0.524565820433923,2.6255443651118217e-16,1.9702474961741983e-05,1.5223259325586807e-11,75041485581.23053
244,190057.0,11.96465,4296385209566207.0,0.010736102125285942,8.407163953612303e-09,3855226051699.869,580548411.02,0.524565820433923,2.784817798310975e-15,0.0003322411872698287,2.6545366627644995e-10,119304461308.50534
245,128052.0,4.4448247,1965964451262621.8,0.003027509205844252,2.2044792329772033e-09,1339079913446.3347,67911224.86,0.524565820433923,2.2608876254834384e-15,0.00016732443341080093,1.2538430131882832e-10,74008292815.97862
246,179213.0,10.415443,9900806345570656.0,0.01617580256841916,1.2339030062737108e-08,15376541229605.166,611552961.96,0.524565820433923,1.0519792667856369e-15,0.0004015124081338332,3.0975957075138675e-10,381673309361.57117
247,303757.0,0.3622989,368116737958488.9,0.000471087716604043,3.419091986848295e-10,478652498057.80084,14146156.04,0.524565820433923,9.841956712135569e-16,6.564725597014341e-05,4.2166633089985886e-11,66701427257.03867
248,351760.0,5.603874,4578286128845716.0,0.004939196315725632,3.601114969645788e-09,4035253822611.3804,438905717.46,0.524565820433923,1.2240113095362296e-15,0.00020213437280330843,1.5287018032864e-10,165140935568.5577
249,329757.0,23.77869,1.43034415241287e+16,0.05078843076359252,3.847788631668489e-08,30550436105996.785,2532292096.7,0.524565820433923,1.6624453604321278e-15,0.0006747758290404146,5.26347213109993e-10,405893537977.70337
250,317710.0,3.286398,3342106328281066.5,0.0012630607452905035,9.010230083961466e-10,1284471116961.1204,78551912.59,0.524565820433923,9.833313716533612e-16,0.00010806009615273765,7.80790661020469e-11,109891842432.57361
251,316288.0,19.157537,1.171836030920154e+16,0.03900487568762676,3.03703517981871e-08,23858661325995.38,1493753422.68,0.524565820433923,1.6348308547021753e-15,0.0005616596598165992,4.5096779725220146e-10,343558269775.2052
252,207267.0,30.113665,1.0355371699938314e+16,0.03239173112401747,2.5637583897106214e-08,11138744347247.72,809774542.83,0.524565820433923,2.908023571976599e-15,0.000499631643673449,4.047414386982697e-10,171811414628.19943
253,267465.0,0.3749506,464551548798511.94,0.0011727875410387702,8.622404584590554e-10,1453045464125.565,33079304.84,0.524565820433923,8.071237755417017e-16,8.610416201113591e-05,6.289844257854867e-11,106680244864.98003
254,14374.0,1.02982,1301757511116875.0,0.002041169404227022,1.578177577135034e-09,2580167022794.7437,41644821.74,0.524565820433923,7.910997180392225e-16,0.0001439599212559747,1.1346088641964888e-10,181974431254.74252
255,230035.0,13.738543,9315014583568266.0,0.025864857545597555,2.03221859133801e-08,17536905131727.355,1291520703.15,0.524565820433923,1.474881534188348e-15,0.00048716254605928803,3.907043245302337e-10,330306221053.4636
256,293511.0,3.4950566,6528583018762374.0,0.003836952440602458,2.981895352128654e-09,7167226575820.275,135614635.78,0.524565820433923,5.353468876715853e-16,0.0001826079385723904,1.4209360040538722e-10,341102083112.1621
257,278888.0,2.2453413,1404278122461532.0,0.0018736572460437398,1.4049198983076568e-09,1171820016676.6394,81195687.59,0.524565820433923,1.598929203614014e-15,0.00012095910449436846,9.029988201181246e-11,75650068946.74763
258,258443.0,2.5172582,2120699392601830.2,0.0011302069430180449,9.124203826722639e-10,952158653241.3477,35922174.79,0.524565820433923,1.1869943513831266e-15,8.335809949252197e-05,6.977153661525029e-11,70226197281.72273
259,260823.0,7.9553123,2439930576693575.5,0.01351799451262307,1.0188766390504658e-08,4146030589763.8984,546338007.14,0.524565820433923,3.2604666608098688e-15,0.0003278683447085948,2.582885054117702e-10,100558717146.07732
260,248736.0,2.0873656,2902199214122692.0,6.593238569221095e-06,6.216718291010737e-12,9167005432.166212,3294992.0,0.524565820433923,7.192358091210466e-16,1.1338894538588147e-05,1.0907562635863672e-11,15765197442.60929
261,242536.0,20.213785,1.0811346209789196e+16,0.03740425909192473,2.8813093114336337e-08,20005674086444.15,1840070284.23,0.524565820433923,1.869682517584842e-15,0.0005895294285253555,4.830819971328238e-10,315309911164.42523
262,114402.0,41.401905,5911460355981069.0,0.052401232819121,3.991156852535629e-08,7481969982172.751,1536560015.85,0.524565820433923,7.0036678767727125e-15,0.0006692566998829785,5.335813757050141e-10,95558029258.1452
263,244327.0,0.7661128,448412767311226.75,0.005487251724189563,4.075797716865216e-09,3211738180822.9053,258255265.53,0.524565820433923,1.7084990790823522e-15,0.00022701215159921475,1.7949575513137188e-10,132872270391.35701
264,252408.0,4.1576858,1252200732977259.2,0.016724859245757367,1.4182931255296853e-08,5037148551840.754,497657196.64,0.524565820433923,3.3203029598254564e-15,0.0003803373892124486,3.6103599492099037e-10,114549001646.65768
265,56931.0,10.744529,5729989648148985.0,0.008341656307686789,6.44120849507353e-09,4448552774296.759,412215663.83,0.524565820433923,1.875139338771914e-15,0.00026044690676340645,2.0396571684808158e-10,138894695118.48706
266,321545.0,2.1585064,1041642542651333.6,0.011723347222110762,9.113276739410323e-09,5657401436856.479,508770741.06,0.524565820433923,2.072214134520532e-15,0.0003321326875798412,2.5874401992329047e-10,160279134307.07773
267,91915.0,9.958928,1.0794267225966766e+16,0.013181842417133487,1.0036644634261866e-08,14287514638234.41,1025861484.94,0.524565820433923,9.226126972327248e-16,0.00032948883318417737,2.6443062639445444e-10,357125838580.4172
268,317325.0,15.7938595,7249267871144984.0,0.030763087336407553,2.3807159213846733e-08,14120035742058.26,1169146526.44,0.524565820433923,2.1786833899276842e-15,0.0005136457249186827,4.073242860852807e-10,235759691974.2119
269,160020.0,9.968419,4959266542119795.0,0.0016422681707738828,1.2326934788842498e-09,817024805288.3004,109224570.57000001,0.524565820433923,2.01005913179635e-15,0.00015359318070170983,1.1301204631526239e-10,76412269804.44434
270,273623.0,0.5739933,5758862160403019.0,0.00020076487834463143,1.7663004371678115e-10,2014269610876.666,8042586.0,0.524565820433923,9.967130381183331e-17,5.071264780826784e-05,4.507450063783625e-11,508798880608.67395
271,106199.0,0.6037936,603651826917368.2,0.0002131003083431339,1.7934365190753303e-10,213050271562.97662,6978698.9,0.524565820433923,1.0002348590301726e-15,3.064896638332031e-05,2.7640007833861597e-11,30641769886.961887
272,86943.0,15.562849,5537161646502565.0,0.015301036739681265,1.1743207388445843e-08,5444010527037.161,601161314.87,0.524565820433923,2.810618507016127e-15,0.0003595187575691474,2.8377071195065706e-10,127914463194.37636
273,104940.0,9.73146,6355606240232308.0,0.009656410812678639,7.936153268791117e-09,6306591695316.745,339423846.9,0.524565820433923,1.5311615654220105e-15,0.00029798926346312043,2.440602305004476e-10,194616473004.91782
274,115652.0,5.5597477,2895818529450432.0,0.006198082775679831,4.91454614291598e-09,3228298102246.8374,186125852.99,0.524565820433923,1.9199226897187953e-15,0.0002296873844600284,1.846386270582661e-10,119633663214.67346
275,315449.0,0.8805725,1243100080504017.5,0.0002737824155075873,2.230346133846929e-10,386497355706.7319,15255862.95,0.524565820433923,7.083681465477583e-16,6.575258827305843e-05,5.734829944651977e-11,92822621391.86319
276,121813.0,2.4728422,1883212484710257.8,0.0027705354701749872,2.2526742587127707e-09,2109923142999.638,87628501.86,0.524565820433923,1.313097815608662e-15,0.00015965562208986828,1.3857486574121207e-10,121586998464.28645
277,223732.0,2.5930994,4102541898008448.0,0.0009303190391283598,6.605323718483685e-10,1471857514038.6277,20923224.6,0.524565820433923,6.320713997482398e-16,8.490174060787852e-05,6.543844393562373e-11,134323022116.9566
278,352645.0,6.052124,6717460495515355.0,0.009916609157204322,7.962312273560117e-09,11006785429873.19,410194791.61,0.524565820433923,9.009541632645938e-16,0.0002992421102835808,2.469741457246605e-10,332139105944.39294
279,342601.0,6.084438,3961945863873804.5,0.00330456400105758,2.547692523250745e-09,2151801641482.147,211846853.5,0.524565820433923,1.5357196208761222e-15,0.0001693772273230263,1.364746342782757e-10,110291764864.21214
280,118069.0,0.2891022,197055366250794.7,0.0007522930229935937,4.443120367559721e-10,512771529147.54755,26027564.3,0.524565820433923,1.467111530634777e-15,8.535643997554054e-05,5.820714745428166e-11,58179925788.334076
281,44801.0,12.806196,4744240917509148.0,0.008981305314812619,6.739739417214538e-09,3327254726319.6978,170281400.48,0.524565820433923,2.69931401517518e-15,0.0002608044429690033,1.9879356695125793e-10,96618785922.19942
282,336012.0,2.266438,1306681468285124.0,0.0020097240780066875,1.269515788987458e-09,1158676835235.619,96684211.94,0.524565820433923,1.7344992295440228e-15,0.00010660489507057943,6.72056513659403e-11,61461483092.503
283,338889.0,14.530105,1.9934271783328788e+16,0.027166440160801424,2.054301696858105e-08,37270425888247.46,1646138243.55,0.524565820433923,7.28900717213641e-16,0.0005069699389305788,4.0320548061440864e-10,695526739044.1952
284,253359.0,6.276193,2418084854550240.5,0.006808039037531827,5.234460945381077e-09,2622993920971.281,235920476.58,0.524565820433923,2.595522232476561e-15,0.00023282613000342634,1.8589478497350885e-10,89702999685.45113
285,2.0,7.508417,9476375579559772.0,0.00721138965651957,5.428936696566791e-09,9101497271093.492,275487993.12,0.524565820433923,7.92330035567122e-16,0.0002561021059869342,2.0513797203962893e-10,323226552687.2591
286,231678.0,0.23516776,145700499764388.1,0.0027377640204960772,2.1753028099193454e-09,1696208638561.8457,60252484.37,0.524565820433923,1.6140490964704253e-15,0.0001539501400397531,1.182796111639173e-10,95381324134.69243
287,221711.0,0.13655485,274686146548697.75,0.0013936715748476432,1.0187054510896598e-09,2803432279771.4917,64166538.83,0.524565820433923,4.971304585824494e-16,0.00010947312906346166,8.834319394307976e-11,220210061913.3669
288,351699.0,5.0398664,3502757429683868.0,0.0030303959514243854,2.6302116402904595e-09,2106155419861.0662,261331140.77,0.524565820433923,1.4388282663509644e-15,0.000159416296742123,1.3780645237587954e-10,110795916698.5378
289,14371.0,16.818258,4213351617785712.5,0.00850811857945933,7.070186040708868e-09,2131474923329.018,188174741.71,0.524565820433923,3.991657835772719e-15,0.00025527959766004864,2.110917114915786e-10,63953276599.07772
290,148800.0,1.4551126,1543172265825609.8,0.001604971873440061,1.2540312154834573e-09,1702100636420.0767,58782648.86,0.524565820433923,9.42935945794427e-16,0.0001246970596573488,1.0262409928987916e-10,132243404457.64964
291,169687.0,1.8345792,1888817606589282.5,0.0002907617519655816,2.0343292672275582e-10,299357976169.8685,15795441.4,0.524565820433923,9.712844657948614e-16,4.653142936749431e-05,2.7866903641756335e-11,47907107553.104744
292,140247.0,7.9810143,5378197409193005.0,0.0039095923812418314,3.0941807058028296e-09,2634572352012.3916,184268538.0,0.524565820433923,1.4839571129088669e-15,0.00018675920519632244,1.4539694858448802e-10,125852158105.9949
293,234151.0,0.7600695,1457645547319776.5,0.00033883907790752197,2.5561228580408025e-10,649818566815.0587,9893650.41,0.524565820433923,5.214364365860865e-16,6.374717675810179e-05,4.905034136272917e-11,122253015488.25972
294,334105.0,0.6918722,1897719936700756.0,0.003303351611699066,2.702581100042695e-09,9060685212462.49,93835477.71,0.524565820433923,3.6458077223072283e-16,0.00014756906651166733,1.8689661348287948e-10,404763711505.5511
295,183665.0,3.908216,1804076691982685.8,0.0020036511721264047,1.464606823359237e-09,924908034381.1691,67237228.92,0.524565820433923,2.1663247562412987e-15,0.00012940585159802392,1.1228614070731065e-10,59735204163.27177
296,271628.0,8.201607,3900067289789036.5,0.013517035253668597,1.0244046352812943e-08,6427685092416.419,584412890.51,0.524565820433923,2.102939870158918e-15,0.00035275129338680503,2.766010242372257e-10,167741977976.8348
297,309683.0,14.251042,1.5687661366508354e+16,0.02366088653535175,1.7623100795619285e-08,26046093724092.27,1329854792.76,0.524565820433923,9.084236118472446e-16,0.00045639914816217694,3.4518592245646544e-10,502407843884.7563
298,308481.0,5.887982,4442706371941114.5,0.007740875024846715,6.287002319117799e-09,5840784635089.975,253420743.56,0.524565820433923,1.3253142357520722e-15,0.0002402566553661015,2.0285498647894186e-10,181282784780.29306
299,81218.0,3.5038266,4319324024999714.5,0.001229479653332003,8.971844276256823e-10,1515634650666.0005,26428431.8,0.524565820433923,8.111979049777892e-16,9.284252310911503e-05,6.692503775085643e-11,114451137680.95479
300,376477.0,5.4028,3926764402861338.0,0.0026198036751489255,1.9111806019023444e-09,1904077851125.3625,127657658.76,0.524565820433923,1.3758910506734529e-15,0.00012054448757881584,9.224111661710926e-11,87611942471.61745
301,300739.0,12.972716,7628602069216916.0,0.013183454048885157,1.0047985200239512e-08,7752526520795.756,622462237.94,0.524565820433923,1.7005364655665757e-15,0.0003346156842975116,2.555295883123178e-10,196770660949.05887
302,184210.0,2.295886,3478221812408188.0,0.00045499808067369306,4.0124428117519327e-10,689313079483.5195,8494005.04,0.524565820433923,6.600746369336394e-16,5.842253071584675e-05,4.765266559272913e-11,88508976783.66675
303,249981.0,5.2670975,5058416270515693.0,0.005400266492151275,4.235703464879698e-09,5186309136866.883,154024537.76,0.524565820433923,1.0412542618725668e-15,0.00021517193088507112,1.7373407584466515e-10,206646866921.92844
304,214606.0,1.4842151,4257120839609221.5,0.0008425067154336386,6.028648764731161e-10,2416531738413.9663,22088990.9,0.524565820433923,3.4864293402022435e-16,8.181854456236957e-05,6.018902169778971e-11,234677191414.47845
305,48222.0,17.524004,4787959103716220.0,0.01095720201340089,8.06852724431124e-09,2993758454478.8096,937083457.28,0.524565820433923,3.660015388685877e-15,0.0003377481011859274,2.60252162115477e-10,92280513964.50421
306,108833.0,0.3445725,878486663095569.8,0.0002857550052704031,1.551568864201472e-10,728531618288.904,10063904.2,0.524565820433923,3.922341846213256e-16,7.425327710138177e-05,3.7247695562787634e-11,189308530497.0755
307,185174.0,7.9481654,3619820932017227.0,0.018237684499399,1.4616898162192096e-08,8305961033781.534,529535781.49,0.524565820433923,2.1957344159482233e-15,0.0004087132225448822,3.407596747510257e-10,186139644019.00595
308,306999.0,0.40768993,643061341060480.9,0.00020091053621988975,1.5219996884054623e-10,316902109538.8415,12557108.7,0.524565820433923,6.33982956163518e-16,6.336940637168718e-05,3.768569379441972e-11,99954432143.03513
309,7314.0,15.738102,4254842806359608.0,0.004951326422727723,3.887761808256884e-09,1338605863126.399,135421497.27,0.524565820433923,3.6988680231562605e-15,0.0001911728423102998,1.594212535010834e-10,51684147991.6256
310,276158.0,6.836503,9735037743204488.0,0.014070047749032505,1.1023513806979911e-08,20035454659424.676,1135632584.56,0.524565820433923,7.02257472475872e-16,0.000328721338685732,2.580241312458144e-10,468092333039.612
311,162785.0,0.7904812,729227795643794.0,0.00017964528764833886,1.3425402410180779e-10,165724797894.74237,5868389.0,0.524565820433923,1.0839976269721437e-15,3.0086600748646504e-05,2.4665076095352604e-11,27755227502.375023
312,221376.0,1.178176,573577637801906.8,0.0011745098376796529,8.639127876628104e-10,571792820657.8613,43256432.7,0.524565820433923,2.0540828692608475e-15,9.458702299610359e-05,6.884507266223861e-11,46048299419.458336
313,120375.0,4.740829,2373026378917846.5,0.0047072850225850895,4.155024033152403e-09,2356235909727.8784,92568059.0,0.524565820433923,1.997798693734675e-15,0.00018787716530052628,1.6191234088377442e-10,94042090371.63281
314,369904.0,0.6653306,2479723065212614.0,0.0005989507625729823,3.944100782120368e-10,2232321827492.841,46808611.86,0.524565820433923,2.683084290071536e-16,7.632736342723998e-05,4.871781451112963e-11,284476204156.8398
315,227855.0,1.5242546,986822461653750.9,0.005006807637641767,3.623330015404082e-09,3241473070184.2397,131565890.95,0.524565820433923,1.544608740913337e-15,0.00018513793242257338,1.3195928151252286e-10,119860730758.97534
316,372416.0,2.5122252,3490299343158428.5,0.0027076331594514526,2.1209059169361126e-09,3761784667213.507,87803774.19,0.524565820433923,7.197735646727213e-16,0.00015583977750476344,1.318187967838692e-10,216512227113.56906
317,346681.0,0.50637245,697009462375217.6,8.155792847346154e-05,4.560817182832099e-11,112262521149.64763,1788230.6,0.524565820433923,7.264929349372406e-16,2.824798166735689e-05,1.579661016166309e-11,38882665348.69626
318,339317.0,4.4790287,4369503926791595.0,0.0011878884702656188,9.645221066907355e-10,1158841276327.6294,25217737.0,0.524565820433923,1.0250657225724994e-15,9.557947081507897e-05,7.718975848269494e-11,93242285553.37238
319,325415.0,1.6039952,810224600209938.1,0.0018348809507587277,1.3892345976740624e-09,926851704270.2631,62250883.19,0.524565820433923,1.9796920503085034e-15,0.00012298856738967158,9.827048341258179e-11,62125100401.60326
320,216038.0,0.3263854,514765659971174.5,2.2573009962814494e-05,1.9720041392483354e-11,35601501694.144714,7904234.36,0.524565820433923,6.340465679437061e-16,1.1391493423288976e-05,9.848280934809592e-12,17966335596.189793
321,60019.0,6.980253,2638312830140520.0,0.0017297062855104813,1.2949753604572096e-09,653773765139.6023,33466159.25,0.524565820433923,2.6457260565375116e-15,0.00013771918846038758,1.0263023485694596e-10,52053457356.28506
322,192375.0,9.2335005,1.5399667509080476e+16,0.015359728046609058,1.1959153454933719e-08,25617013281980.938,1061066037.97,0.524565820433923,5.995908999045226e-16,0.0003405860208652104,2.717154075665864e-10,568030670444.539
323,217180.0,1.7348017,3521322686153504.0,0.0002284651144086107,1.1447454230884001e-10,463741412267.2906,12504606.85,0.524565820433923,4.926562699923989e-16,5.6721770089384765e-05,2.912139388763058e-11,115134574640.16425
324,281156.0,0.1265545,735910089892072.5,4.212194075706447e-07,3.541860197906571e-13,2449376451.170039,1189260.4,0.524565820433923,1.7197005685648403e-16,1.697860260915211e-07,1.427660637582157e-13,987299935.7859979
325,248327.0,0.45782462,359502958483127.75,0.00014165424810860884,1.1584126277865564e-10,111232815038.97252,7117965.0600000005,0.524565820433923,1.2734933307134013e-15,4.729908487572051e-05,4.598055492433364e-11,37141211292.58205
326,53997.0,1.1623169,1518559168890199.5,0.0005705443574343213,4.642809022924931e-10,745412344293.0717,17969367.8,0.524565820433923,7.654077126605807e-16,4.961240271738916e-05,4.414485836326859e-11,64818268612.599846
327,308023.0,1.3917613,1202717474424631.0,0.0011242879557366117,8.467546350940677e-10,971575205209.0894,48907800.56,0.524565820433923,1.1571805761496945e-15,0.00010294092469922046,8.023708574356452e-11,88958393202.32756
328,65010.0,25.597206,2.7796040774746336e+16,0.07851449808978052,6.498013417697451e-08,85259000154637.3,3597546452.45,0.524565820433923,9.208939577918574e-16,0.0008133793768579791,6.907057136624906e-10,883249770482.0657
329,334397.0,4.967638,2467566993161212.0,0.0022376796922765592,1.5352504417526428e-09,1111519106249.0415,83353543.02,0.524565820433923,2.013172494918136e-15,0.0001506262660272205,1.0910442488153385e-10,74820347688.75858
330,253732.0,16.729858,9855340917509866.0,0.023892418930301574,1.8556588942244254e-08,14074712044901.303,728052823.31,0.524565820433923,1.6975422910308725e-15,0.0004685202888661463,3.8317732991890085e-10,275999185022.73444
331,359318.0,9.371347,9224257042609738.0,0.013633714912079712,1.11033082845812e-08,13419724058311.434,580554363.12,0.524565820433923,1.015945995076981e-15,0.0003495810620579981,2.9357408682484455e-10,344094138617.58405
332,308240.0,5.9665055,5368758190105363.0,0.004038463533580721,3.1165751682462396e-09,3633874831985.547,153684760.78,0.524565820433923,1.1113380950917638e-15,0.00020355868998765613,1.700663235884999e-10,183165402937.8415
333,306868.0,2.977145,965438034432473.6,0.013872485311628236,1.0433461171522323e-08,4498613588505.674,484770497.04,0.524565820433923,3.0837245828522752e-15,0.0003506478045982765,2.659980454020299e-10,113709183546.45882
334,134921.0,0.46506387,1788865406919201.8,2.2047354118974882e-06,1.9534372794590474e-12,8480501634.653266,2797050.1,0.524565820433923,2.599770045310098e-16,7.099387061575649e-07,6.044192046705033e-13,2730775006.1905346
335,119301.0,6.231313,3281966288511567.0,0.009630282550467434,7.704043360207017e-09,5072167403479.06,336709151.9,0.524565820433923,1.8986523480794244e-15,0.00027611699355363175,2.3090091636076716e-10,145427884063.62912
336,209423.0,1.360525,2937384653780046.5,0.0003774817885206042,2.4709002247640366e-10,814986283002.4203,13694467.84,0.524565820433923,4.631756342327092e-16,5.6562068880030516e-05,3.901372878587194e-11,122117971455.32173
337,361998.0,5.9618163,3273114097628424.5,0.003351132397741516,2.3715424354408385e-09,1839814939294.1042,187781256.01,0.524565820433923,1.8214508025613003e-15,0.00016420499973745576,1.1851474582094515e-10,90150664243.3344
338,339161.0,0.37081704,365792864558326.9,0.00044659068134070523,3.259218404167512e-10,440539853866.1317,39210146.64,0.524565820433923,1.013735028559782e-15,8.581715211758765e-05,6.151931665264106e-11,84654421224.35925
339,340161.0,0.94373566,553113042794651.06,0.0005995235181593752,4.3729863211319973e-10,351374109733.3191,13586773.24,0.524565820433923,1.7062256482539168e-15,5.3754387214432184e-05,4.0139342651710716e-11,31504852402.988007
340,79241.0,2.130202,905980354714462.0,0.001229680586227212,8.468394724617628e-10,522986295992.40686,55379425.24,0.524565820433923,2.3512673193353915e-15,0.00010668065522785005,8.308843298750717e-11,45371555310.01229
341,214226.0,4.2318573,2883970928277378.0,0.002372162556061545,1.6380805426165296e-09,1616606459964.9077,65472872.699999996,0.524565820433923,1.4673716917554805e-15,0.0001534438274149314,1.1112664726355032e-10,104570524480.65144
342,163346.0,20.520285,6432414952479492.0,0.030403579627728442,2.348900263863015e-08,9530493373084.305,1256367892.95,0.524565820433923,3.1901370094430993e-15,0.0005318957439746137,4.2088369845997337e-10,166731316680.1781
343,164755.0,4.7009716,5194462050773279.0,0.0024047671952892487,1.8483471875406667e-09,2657210678931.6694,75170425.39,0.524565820433923,9.049968127691269e-16,0.0001189439866442786,9.245457870041855e-11,131430282367.8809
344,101629.0,18.792255,4161446497738487.5,0.00793334556455812,5.915067034297019e-09,1756797846505.3582,157090703.16,0.524565820433923,4.515798775789269e-15,0.00025863409949328556,1.981145758637182e-10,57273167458.19385
345,287647.0,7.2690554,5483055316556119.0,0.005350727708273328,4.031453072269933e-09,4036058936666.27,176549948.98,0.524565820433923,1.3257308161840065e-15,0.00022371902686684806,1.7738499247395932e-10,168751472120.71497
346,298333.0,30.762798,7.668190735957405e+16,0.07608944392731971,5.972530004276887e-08,189666872638705.84,5331222605.85,0.524565820433923,4.0117413688926893e-16,0.0008325826953258852,6.764352653609766e-10,2075364832293.9934
347,230296.0,13.413485,1.0158598573790744e+16,0.02888554175479171,2.2332662842829103e-08,21876240460506.727,2334989351.09,0.524565820433923,1.320407032777817e-15,0.000509125144233048,4.019459009702617e-10,385581969494.64276
348,173364.0,6.237929,4717865880445960.0,0.0003429370441381391,3.0561773591649654e-10,259369893386.14087,21048595.41,0.524565820433923,1.322192948691953e-15,7.009224525700781e-05,7.407375128557177e-11,53012115460.417595
349,81225.0,14.087618,6405799597313714.0,0.02225862442670079,1.736478563394093e-08,10121248843439.473,1471626468.61,0.524565820433923,2.199197428203604e-15,0.00044056062851210504,3.4920872984784494e-10,200327911838.26242
350,275070.0,4.217871,1.1474032610718376e+16,0.006158060463736976,5.240033883828385e-09,16752002747284.967,176157252.82,0.524565820433923,3.6760144781703943e-16,0.0002312335196846008,2.021685650139834e-10,629033212621.32
351,72742.0,5.1486654,2596018194475005.5,0.0029061915454624675,1.9987199067343266e-09,1465336265326.1565,122230303.77,0.524565820433923,1.9832932646457117e-15,0.000148925059426492,1.1103708797625346e-10,75089782273.37218
352,145964.0,5.24019,3169385869366841.5,0.003907806373139251,3.2137744535994147e-09,2363530005448.1284,136772912.84,0.524565820433923,1.6533770944863997e-15,0.00020305621152040044,1.7997938445705533e-10,122813006299.37494
353,227009.0,10.076677,4831306531767545.0,0.029365529579941863,2.3286825955673607e-08,14079430636546.768,1109290301.89,0.524565820433923,2.085704339756191e-15,0.0004981095665631308,4.087129718496482e-10,238820794044.7386
354,149696.0,3.1296237,2016536280642395.5,0.007006494094925512,5.881011062304235e-09,4514552194413.661,238331276.13,0.524565820433923,1.551979862719363e-15,0.0002554305943705973,2.2939570391061637e-10,164583704019.8669
355,190377.0,0.5687853,2467288498912943.5,0.0,0.0,0.0,2133884.0,0.524565820433923,2.305305197388144e-16,0.0,0.0,0.0
356,328394.0,11.964223,6110492893350312.0,0.01830243992899402,1.425263638063962e-08,9347613222947.193,1042871778.04,0.524565820433923,1.9579800204039117e-15,0.00040629018489093656,3.239538394567553e-10,207504765450.6316
357,316867.0,0.472665,561448690039542.06,0.0014033866369003536,1.09751810776733e-09,1666993724745.2256,27616198.85,0.524565820433923,8.418667785416168e-16,9.9301449960481e-05,7.97289299785635e-11,117953876422.70782
358,33424.0,0.62512213,1074753196964528.4,0.0005394579881500318,3.31915301053208e-10,927473480089.8813,13937602.28,0.524565820433923,5.816424940773001e-16,7.528130684337753e-05,5.841815300186596e-11,129428828893.94368
359,376331.0,4.959043,6863081559866375.0,0.0039948410120593586,2.866870915240641e-09,5528671496589.666,280367957.37,0.524565820433923,7.225679830179016e-16,0.00017511481858779838,1.2311030148071812e-10,242350647556.24512
360,122991.0,0.14563243,154845800149861.75,0.0003389484443406602,2.7515531667387754e-10,360391865146.24805,18370737.02,0.524565820433923,9.404997091238836e-16,7.677680089613443e-05,6.697574044151006e-11,81634050655.53435
361,95453.0,6.454662,3173386827332730.5,0.0020741947310224354,1.4889072472120342e-09,1019762496742.5951,52806174.34,0.524565820433923,2.0339978550378053e-15,0.00012588028865707479,9.570909487336021e-11,61888112785.02312
362,279685.0,5.34508,7894662636387695.0,0.012176008281035627,9.16299033992797e-09,17983917478623.168,485037596.27,0.524565820433923,6.770498305226771e-16,0.0003252045168904394,2.603815377140705e-10,480325822752.7863
363,285461.0,10.407091,4853877710550153.0,0.019810942578047722,1.5554272510119474e-08,9239843545576.266,975922516.3,0.524565820433923,2.1440777087110478e-15,0.00040827028786443944,3.259955798202226e-10,190417672925.61365
364,301349.0,3.900527,2788803092754498.5,0.002228825671969155,1.6203918172829196e-09,1593568235061.1094,56529530.23,0.524565820433923,1.398638365732538e-15,0.000125654966330412,9.962482016779483e-11,89840926295.91217
365,398763.0,6.9171476,4725661868382467.0,0.0020402982970817592,1.603618456280712e-09,1393892456862.5588,85234968.34,0.524565820433923,1.4637415440744706e-15,0.00011282460222447449,9.703863164342614e-11,77079592829.22035
366,220465.0,1.6199223,1132101168771582.2,0.006322536178071065,4.735926824125023e-09,4418576493943.483,187584282.48,0.524565820433923,1.4308988849095013e-15,0.00021846814218195386,1.7301902566794112e-10,152678952011.1836
367,20174.0,7.18898,8130859061777069.0,0.01092326171586501,8.679061400673761e-09,12354395408890.21,399483428.07,0.524565820433923,8.841599571926151e-16,0.0003086699544144725,2.50626635388151e-10,349110985974.25903
368,67834.0,8.6655245,2608069600714453.0,0.0038503666734237274,3.1027979619517216e-09,1158847831145.1843,84203724.6,0.524565820433923,3.322581766079468e-15,0.00017563103951659598,1.4282978988411112e-10,52859809594.34283
369,320335.0,26.65922,2.682593847067122e+16,0.054162180187470765,4.1420090865905654e-08,54500893617536.38,4559112741.32,0.524565820433923,9.937851765799922e-16,0.0007133229577794464,5.547927057195623e-10,717783857708.8389
370,256852.0,2.6821744,2723301252567910.0,0.002177045508740484,1.6048837801455704e-09,2210427018038.164,132535150.52,0.524565820433923,9.848981626512566e-16,0.00014138151548167462,1.0618302725637849e-10,143549374791.28644
371,133878.0,1.8314314,2227689860967411.8,0.0013115261838341277,1.0981267486979278e-09,1595295123868.9956,44752099.79,0.524565820433923,8.22121351849521e-16,0.00011005237699245575,1.0250629753591534e-10,133863907980.09521
372,101630.0,4.32611,2295255788730007.5,0.002088649701930139,1.6193147965129427e-09,1108151507701.921,50536681.69,0.524565820433923,1.884805179989847e-15,0.0001075980336726389,8.319178830877498e-11,57087085081.768776
373,201253.0,1.609412,4197372447338087.5,0.0002877747989583965,2.2469050642287572e-10,750521315975.1703,14225132.9,0.524565820433923,3.834332121326678e-16,5.1899582747076694e-05,4.8501944355653185e-11,135354948671.26807
374,315141.0,0.27250814,2042261924824629.5,9.368373351967235e-07,7.80109555730725e-13,7020954381.129448,2475117.6,0.524565820433923,1.3343447120447123e-16,4.1875446031999755e-07,3.890615861745329e-13,3138277961.759297
375,330809.0,0.128427,211200184384148.0,0.00016127776330655252,1.0424967797795147e-10,265223771850.20956,4015718.1999999997,0.524565820433923,6.080818554893238e-16,4.785914094151867e-05,4.200942225649627e-11,78705096212.75642
376,249293.0,2.013915,2064507556940695.2,3.2491619276475706e-05,2.557122677265237e-11,33307857349.25459,4477940.1,0.524565820433923,9.754941284808537e-16,2.8251085352201406e-05,2.232501103081601e-11,28960794870.38747
377,175775.0,0.8899722,2454340235390588.0,0.0003779759260023275,2.955851027344834e-10,1042371349573.0856,8727266.9,0.524565820433923,3.626115838248352e-16,5.07503484061311e-05,3.834968611941871e-11,139957879643.04745
378,336751.0,14.235988,1.5653947758821028e+16,0.02970245928385015,2.297226663834008e-08,32660939721071.613,1934563119.16,0.524565820433923,9.094183920460573e-16,0.0005312841536758365,4.2630912521212636e-10,584202121182.6665
379,327327.0,6.13554,5895795394362269.0,0.006179983185418028,4.901750450347582e-09,5938501974043.666,289539389.38,0.524565820433923,1.0406636576749224e-15,0.00023326098109837832,1.782305075867061e-10,224146369845.88855
380,196466.0,4.0807824,2013116688268017.5,0.0021657376267447113,1.7444063176145301e-09,1068393786154.7699,35605329.69,0.524565820433923,2.027096801582275e-15,0.00013198683320765506,9.87206429829248e-11,65111263115.12659
381,297080.0,15.5151205,8935450811287620.0,0.02446839024761722,1.9347587007210295e-08,14091807890823.238,1181053348.12,0.524565820433923,1.7363556498347769e-15,0.00047523117387776766,3.901704303226421e-10,273694605090.25806
382,89983.0,21.013084,4138506402196858.5,0.01429329646693746,1.0612492800597288e-08,2815050800583.028,481163389.74,0.524565820433923,5.077455960644533e-15,0.0003588951459547257,2.774746485837619e-10,70684049007.32364
383,81220.0,0.38204548,1156888551043830.8,9.376296108975509e-07,5.89786354946554e-13,2839277046.1963286,4658578.6,0.524565820433923,3.3023533654584983e-16,6.215402302141723e-07,3.91418890107464e-13,1882113031.0138018
384,340479.0,2.380754,2135119205783882.0,0.00017424440905565154,1.4091805398793554e-10,156266705537.4829,18524397.6,0.524565820433923,1.1150450024292374e-15,2.694947245064995e-05,2.1056992555377938e-11,24168954967.680965
385,65009.0,11.367663,1844241361893215.5,0.012391904558447402,1.0809800638659171e-08,2010409961952.7585,351330666.08,0.524565820433923,6.16386945596452e-15,0.00034522977273616684,3.1256016480158063e-10,56008611993.25082
386,25413.0,1.8215543,3653393819144964.5,0.0005845338678919012,4.5448471153146003e-10,1172368246193.4683,12605574.2,0.524565820433923,4.9859237469951e-16,7.960106783319048e-05,7.203664377071777e-11,159651594914.91257
387,333380.0,0.6118218,772159590663942.9,0.00038762371741943405,2.2479969053789167e-10,489206777159.99347,12331590.4,0.524565820433923,7.923514871762764e-16,6.157663501628571e-05,4.825537089510532e-11,77713787394.69269
388,356356.0,3.9689722,3173622705815559.0,0.003720736027728002,2.9812048935569296e-09,2975131027610.5176,253306865.19,0.524565820433923,1.2506124917517729e-15,0.00017905234318945013,1.505650543427256e-10,143171721352.8275
389,132233.0,4.0239024,4822583976405768.0,0.001126428364012194,9.26384582172316e-10,1350006744411.6365,25323576.5,0.524565820433923,8.343872122676816e-16,9.109048775342865e-05,7.288183279289883e-11,109170522287.68544
390,256055.0,6.503721,3177235820742001.0,0.013903848406262784,1.0972129924499697e-08,6792389341815.97,672918476.36,0.524565820433923,2.046974592676329e-15,0.0003676675689864944,2.94755478844126e-10,179615111150.83517
391,281035.0,43.34617,1.9500360813104548e+16,0.12706187090775867,1.0068105097631979e-07,57161966750220.51,5733323636.94,0.524565820433923,2.222839383098527e-15,0.001097925740966399,8.992063079416189e-10,493929408177.0071
392,153751.0,8.867359,4072673992292392.0,0.020641788400211886,1.5813675779056728e-08,9480531325273.48,988828872.13,0.524565820433923,2.1772818096370185e-15,0.00042723466093214866,3.353643848237361e-10,196223869157.00833
393,53996.0,3.0070894,4920281050058737.0,0.00289185783685953,2.231229457184595e-09,4731736048207.877,68605991.04,0.524565820433923,6.111621204979951e-16,0.00014563083004252272,1.110701775815099e-10,238285104979.76855
394,355525.0,3.1940677,4192975427239176.0,0.0014541709650586693,1.0698569989683545e-09,1908946113914.767,121889665.06,0.524565820433923,7.61766376986164e-16,0.00011926541201742707,8.537520152947343e-11,156564290077.0787
395,207968.0,1.3699821,995460754737433.0,0.0004685515270840689,3.5536353279850655e-10,340460402208.52814,6849737.7,0.524565820433923,1.3762291416112656e-15,6.117566664843025e-05,4.283512408906986e-11,44451657648.23641
396,193735.0,6.6309447,2544516486624323.5,0.00513701537585849,3.887177680544256e-09,1971245562629.1946,123905638.3,0.524565820433923,2.6059743510630288e-15,0.00022046765835228018,1.7067961289425915e-10,84600855055.36424
397,267896.0,10.015029,5476121800123122.0,0.01181637346585252,9.13220986521666e-09,6461079676828.833,330408312.73,0.524565820433923,1.828854317991033e-15,0.00032697717291520857,2.5767605668208934e-10,178787982016.18802
398,320501.0,1.6052262,1621788777121267.2,0.002104366897177489,1.55932425245519e-09,2126079562361.9622,67130247.01,0.524565820433923,9.897874634755665e-16,0.00013462764802684378,1.063225230104534e-10,136016723786.44666
399,51230.0,2.2309332,1420249750971798.2,0.0032075086038609816,2.4467554943400544e-09,2041954145410.2969,62976581.55,0.524565820433923,1.5708034438826665e-15,0.0001612934399407714,1.1862185485335123e-10,102682127779.20258
400,289012.0,1.9914167,2198757599495000.0,0.0023641015691662323,1.9518111164797606e-09,2610245405284.744,71204259.8,0.524565820433923,9.057008832885349e-16,0.0001499054294801858,1.2171482163559265e-10,165513175758.30328
401,234769.0,0.67930007,385188124266604.56,0.006133318903732225,4.788107110387347e-09,3477817401163.4106,138585305.25,0.524565820433923,1.7635540329634578e-15,0.00023255140427431905,1.8747910332042034e-10,131865199436.81119
402,112781.0,3.7105856,1369001155912275.2,0.002614052764021269,2.4102502255101017e-09,964441099421.2869,79947204.19,0.524565820433923,2.7104327735408953e-15,0.0001493039200198183,1.3751284380202677e-10,55084900639.232025
403,119300.0,42.543243,3.637766267213667e+16,0.12170177845228637,9.638748791957454e-08,104064145818323.86,5353741881.58,0.524565820433923,1.169488083482225e-15,0.0010503898675495356,8.627004822992971e-10,898162095351.9535
404,171738.0,17.016968,6869601929588674.0,0.024320179993733874,1.8758100499912778e-08,9817845071630.744,1226608958.78,0.524565820433923,2.477140331334877e-15,0.0004758272390027703,3.8015796429177126e-10,192087316565.69385
405,20170.0,0.4554115,1279283825670184.8,0.00012929866669441305,1.4690291851520838e-10,363209301879.47125,5599276.2,0.524565820433923,3.559894144377393e-16,3.364648551703451e-05,3.567712803982295e-11,94515410156.72281
406,265787.0,0.17163028,2772909216286377.0,1.5595747733208723e-06,1.1074667176133097e-12,25196948128.43738,2879623.3,0.524565820433923,6.189538373342641e-17,5.413464757102271e-07,3.8408112169601194e-13,8746152670.152597
407,220680.0,0.22421403,1837031164806618.2,0.00015688402285733455,1.2251054454010084e-10,1285382717794.9453,7398066.199999999,0.524565820433923,1.2205238228693998e-16,3.4444338118681875e-05,3.040230500347472e-11,282209470010.2182
408,271042.0,0.86710113,2045276529805750.2,0.00036521764322723014,2.94888028613557e-10,861457848594.4585,35764403.45,0.524565820433923,4.239530045760378e-16,7.53760307790338e-05,6.593422700929883e-11,177793363805.52713
409,164754.0,4.05464,3868822637439198.5,0.0035004214033530277,2.8319885429562277e-09,3340002951154.45,90317646.19,0.524565820433923,1.048029434268353e-15,0.0001650661877007065,1.358386494017166e-10,157501480686.8874
410,342841.0,1.4046785,2599596481826886.0,9.267674180234998e-05,7.922106879356452e-11,171514073815.87155,7080748.9,0.524565820433923,5.403448226752683e-16,3.482875735851002e-05,2.8626587490042736e-11,64456539411.39194
411,268423.0,1.9122576,2402848631994273.0,0.0018783474745753198,1.4806760335507048e-09,2360238840046.03,99817711.72,0.524565820433923,7.958294062047923e-16,0.00014576842257092167,1.2286520832821367e-10,183165413886.96915
412,230297.0,1.1571401,1295884556696792.5,0.0002112656523712155,1.8664547171669772e-10,236597017308.735,8438422.7,0.524565820433923,8.929345550266823e-16,3.268744842215926e-05,2.924580434753327e-11,36606768366.33622
413,356504.0,10.890882,1.0363975067881908e+16,0.016201278438560947,1.24196941637087e-08,15417451571420.79,783477656.47,0.524565820433923,1.0508402353987693e-15,0.000378674282608916,2.96469553731974e-10,360353810077.72125
414,160683.0,0.5292776,4456512456413021.5,0.0001519403339179073,1.2226457786058483e-10,1279336194724.1067,14697413.5,0.524565820433923,1.187649771377521e-16,5.14885284563413e-05,4.1013556133502944e-11,433532929464.72955
415,330668.0,7.9073124,4747602163308535.0,0.007516194889499647,5.860898223015502e-09,4512772647914.742,393353865.39,0.524565820433923,1.665538123878836e-15,0.00026421936055820493,2.0561318151880675e-10,158639034898.1446
416,275775.0,9.902291,4435031926339533.0,0.01806342514640804,1.3997140535566961e-08,8090235605413.334,426733179.19,0.524565820433923,2.2327440172844226e-15,0.00037840307155394964,3.0986018608561624e-10,169478932033.6788
417,369374.0,8.366062,9785353367505292.0,0.007826791797649432,6.1297324602752906e-09,9154596687652.049,553083055.11,0.524565820433923,8.549575764715453e-16,0.0002553266631281708,1.9969778376381634e-10,298642494264.94037
418,93647.0,2.0285218,1057594310190569.5,0.0004963869702595123,3.439619748487108e-10,258797334787.92078,26688321.34,0.524565820433923,1.918052868149865e-15,7.00522569533031e-05,4.8985146168947045e-11,36522589192.69249
419,291808.0,0.13529179,416675932556619.25,0.0001250693790351473,8.143727909253362e-11,385192628050.433,4048795.4000000004,0.524565820433923,3.2469307543126724e-16,1.829275585758197e-05,1.1888788872419503e-11,56338607878.48639
420,371893.0,1.7621323,2171809438408200.8,0.0016720810700874757,1.26572665038248e-09,2060822249157.8323,60432799.24,0.524565820433923,8.113659830539883e-16,0.0001104521039805224,8.843348359395133e-11,136131050952.83853
421,357180.0,1.3036182,1169822604339883.8,0.0006403541668938193,5.060406937459073e-10,574632035066.4207,17645974.21,0.524565820433923,1.1143725511575454e-15,6.473444853515546e-05,5.1662680728750535e-11,58090490893.65408
422,145965.0,1.8082633,2744762359952923.0,0.0007020100159475558,5.539778483830298e-10,1065580807885.0034,30409906.4,0.524565820433923,6.588050486203164e-16,6.109659086937228e-05,4.664260074733944e-11,92738498281.58127
423,81224.0,6.6335607,2488355016289374.5,0.011178906447216258,9.147656427934778e-09,4193387110267.9746,479593691.28,0.524565820433923,2.6658417535179288e-15,0.00030796333794149035,2.644600951026242e-10,115521987580.50519
424,147996.0,4.217517,4284072922599032.5,0.0027322714995145726,2.2720510412204664e-09,2775389014023.9946,66606212.45,0.524565820433923,9.844643348044004e-16,0.0001288084904768867,1.0993434929393201e-10,130841195483.71368
425,272656.0,7.5499377,5732947591313551.0,0.009762767853242618,7.799242854971143e-09,7413231562003.569,249125298.66,0.524565820433923,1.3169382032097269e-15,0.0002951800704203867,2.4714878231465015e-10,224141170558.31073
426,409177.0,3.6993933,5701344975043571.0,0.0018262547812579039,1.4149479662934856e-09,2814544893151.5464,119199176.62,0.524565820433923,6.488632622992136e-16,0.00013156780384018473,1.1345983286077461e-10,202766609676.71524
427,229814.0,2.849232,1798251640635651.0,0.0015912181432729557,1.3040346294319522e-09,1004274357704.0433,45201244.3,0.524565820433923,1.584445655777545e-15,0.00013012421689722272,1.0465500221451368e-10,82126020809.06715
428,60020.0,0.3295472,1022007760213507.5,9.568568646822295e-07,5.120775883532763e-13,2967450917.861856,1868577.9,0.524565820433923,3.224507805411911e-16,8.652178798642283e-07,4.630354880383785e-13,2683255653.504929
429,324537.0,2.5756755,3936695820755627.5,0.0034770228419770148,2.7217002301647713e-09,5314326781724.9375,138407281.12,0.524565820433923,6.542734357122906e-16,0.00018438349875803798,1.4997538517472585e-10,281814129527.21277
430,149697.0,1.23314,1554877292477360.0,0.0025679802300833713,1.9106381513357087e-09,3237989317747.718,86464370.71,0.524565820433923,7.930786602685917e-16,0.00015407949442493106,1.202342509795665e-10,194280217264.6393
431,290093.0,2.073343,5767218754645702.0,0.0006300960519811849,4.978960654664818e-10,1752677568648.363,20289528.8,0.524565820433923,3.59504830353426e-16,5.3191653649982136e-05,4.1813926364049006e-11,147958105591.20972
432,267122.0,3.849802,2499599084753509.5,0.001809189319420904,1.4842196820514845e-09,1174670273164.78,50245360.91,0.524565820433923,1.540167790699778e-15,0.00012117144067932766,1.0120497475522202e-10,78674181742.4147
433,313928.0,0.984655,864712655431550.5,0.0029994851848735536,2.3394487914387496e-09,2634113267225.1763,92313997.55,0.524565820433923,1.1387077473829616e-15,0.00017142853343567768,1.3956461690780734e-10,150546559316.61465
434,342314.0,0.54803056,499733908559533.6,0.0005800823922842744,5.031914987710445e-10,528961087832.009,17770704.36,0.524565820433923,1.0966447355547273e-15,8.031459449489163e-05,6.761902607971507e-11,73236657133.32883
435,168374.0,1.3476021,717626080211260.5,0.004204220115865289,3.003157234548444e-09,2238834446825.023,103386856.66,0.524565820433923,1.8778610994785502e-15,0.0001844084026190814,1.4098790548230125e-10,98201300761.96182
436,285779.0,1.4454978,2766686263709863.5,0.0034849215308147786,2.767630032134067e-09,6670148186605.333,185351273.7,0.524565820433923,5.224653835746901e-16,0.00017582264084352946,1.4116098050066973e-10,336524957195.35913
437,53993.0,21.054728,4944096954274406.0,0.04178533003749561,3.2546524540043584e-08,9812082254006.459,1576708752.26,0.524565820433923,4.258558882385425e-15,0.000615092324161997,5.105693913146431e-10,144436731098.44473
438,294571.0,7.245109,3590997119727943.0,0.019316904033347106,1.4529105481370173e-08,9574313753707.576,779774795.57,0.524565820433923,2.0175758315698386e-15,0.00039980743503871384,3.164689808681498e-10,198162284055.33142
439,300979.0,0.23459083,142319415881872.2,0.0010131137313154255,9.57090890812704e-10,614626558347.2097,22085156.49,0.524565820433923,1.6483403093413118e-15,8.472517795564507e-05,9.488547629489956e-11,51400294875.69944
440,173904.0,7.265915,5965444039770723.0,0.006780417490534578,5.456991417847915e-09,5566842043440.731,212010606.21,0.524565820433923,1.2180006972757152e-15,0.0002437903170930748,2.0723324505527952e-10,200156139186.42014
441,303524.0,3.633546,4391478507509987.0,0.0024761489387331724,2.000750538308097e-09,2992656442450.54,133501285.57000001,0.524565820433923,8.274083531972601e-16,0.0001468786842370758,1.2841700803158988e-10,177516559591.77737
442,205036.0,1.4549481,2690032494538440.0,0.0011181250961343537,9.377417221884105e-10,2067285315235.869,38489366.46,0.524565820433923,5.408663660955673e-16,8.749971263528069e-05,7.637510911425402e-11,161776952904.1488
443,62935.0,4.231064,5474005804120965.0,0.002178291321590924,1.4529779915959927e-09,2818198764531.8164,481808296.49,0.524565820433923,7.729374340112596e-16,0.0001285475321085485,8.541319528670096e-11,166310397778.81418
444,308946.0,4.0422125,4126338327648617.5,0.0011974405730400717,1.0852901140363223e-09,1222361499207.865,45454201.8,0.524565820433923,9.796124745552417e-16,0.00010201194586043369,8.930368453258202e-11,104135000839.7439
445,125548.0,28.553213,6480527299539407.0,0.022947747084036248,1.73887315938004e-08,5208293071642.155,499632022.37,0.524565820433923,4.406001499604727e-15,0.00042475898987219,3.326611822090117e-10,96404640332.12338
446,316199.0,4.2546697,4728249841336806.0,0.0035069499860424986,2.723347093398654e-09,3897302701331.0947,96312288.99,0.524565820433923,8.9984028821901e-16,0.00015877806388028183,1.324346841641469e-10,176451383605.5729
447,279002.0,23.47615,2.0903350340845424e+16,0.04357515803933588,3.343998686694695e-08,38799666668254.58,2625191247.5,0.524565820433923,1.1230807319019714e-15,0.0005965994272994822,4.691247149212502e-10,531216866564.10077
448,254573.0,0.16548231,232346956576152.38,2.9822031888491004e-05,2.6124449687925334e-11,41871897656.05672,2807939.6,0.524565820433923,7.122206911531578e-16,1.1366813751312344e-05,1.011614812800754e-11,15959679201.27161
449,208711.0,6.8246,4525719156790779.0,0.000977967158895125,8.458100394515928e-10,648536867468.2646,27542799.330000002,0.524565820433923,1.5079592355526045e-15,8.503125139378566e-05,7.161845239426763e-11,56388295776.858475
450,261179.0,5.823847,5706947216435809.0,0.005633171176909195,4.270448573453796e-09,5520098753928.179,240084083.36,0.524565820433923,1.0204837681392117e-15,0.00023295846668874986,1.8547215759532331e-10,228282383279.3882
451,194527.0,2.2813811,2161189166938099.5,0.0003231504105372849,2.1413191658081578e-10,306125603716.4416,3830109.54,0.524565820433923,1.0556137958215774e-15,4.4925676073761455e-05,4.6261098252243446e-11,42558818624.37776
452,260335.0,0.15230075,166647149034181.25,0.0007024173803350478,5.63653313232947e-10,768583568136.6892,14133536.5,0.524565820433923,9.139115243355372e-16,7.578012609735529e-05,5.968869645321657e-11,82918448973.98741
453,273107.0,0.2667909,176455993247866.06,0.0013819692339301541,9.819475135193342e-10,914036999804.4832,39986953.05,0.524565820433923,1.511940144901972e-15,0.00011469653372609506,8.384065277387243e-11,75860498917.78719
454,335946.0,1.9351168,1892861904031860.0,0.002993359042085094,2.2749070522693934e-09,2927996540494.184,109286241.34,0.524565820433923,1.022323285115589e-15,0.00016293814277910633,1.2425831013409933e-10,159380251972.52914
455,218260.0,14.484527,5543566636239009.0,0.019612999809490807,1.522076811540778e-08,7506352908897.5625,768393585.86,0.524565820433923,2.6128534119735805e-15,0.00042009882366791067,3.398258872678479e-10,160781627374.41714
456,278556.0,3.2369971,1571443447829885.5,0.008549034930986502,6.3761978162821244e-09,4150243115005.4336,339256108.24,0.524565820433923,2.0598877449075195e-15,0.0002675982856940308,2.0622401784107492e-10,129909159543.08221
457,175774.0,2.228022,2183738397272749.0,0.00033239165025464074,2.4229767925182856e-10,325785117738.4753,6089261.2,0.524565820433923,1.020278803900026e-15,3.1632379980010684e-05,2.3700244182049236e-11,31003662782.266563
458,20169.0,0.2562875,580619308164570.8,0.000992582563216607,9.243813182863039e-10,2248695707559.06,15944354.0,0.524565820433923,4.414036812006222e-16,9.625551190997827e-05,1.0337583325501513e-10,218066853561.71558
459,266139.0,1.2871845,2286722038630643.5,0.001923088098842341,1.3418824870284534e-09,3416423937556.028,66996472.58,0.524565820433923,5.628950428845318e-16,0.00012929103869927118,9.492563363116233e-11,229689424935.64117
460,366390.0,12.802881,7828742813244610.0,0.024912618867183975,1.960735529661035e-08,15233640452923.732,1103644850.14,0.524565820433923,1.6353687054759518e-15,0.00046242077371474733,3.683944298787156e-10,282762396128.99164
461,81221.0,2.183833,3556624574683866.0,0.0014872761253747761,1.2249047166553875e-09,2422201155879.837,36584902.3,0.524565820433923,6.140184194712516e-16,0.00010080982636859785,8.38588696689922e-11,164180459692.7369
462,261181.0,7.42498,4887022022122429.0,0.0054462951131063675,4.126273140015514e-09,3584678228995.7124,333377427.15,0.524565820433923,1.5193260775967073e-15,0.0001989813103488231,1.429623154949523e-10,130966823569.28586
463,72746.0,3.9840345,4830267036896414.0,0.002011809695273384,1.5118402460472683e-09,2439129996386.2373,61641547.18,0.524565820433923,8.248062621730034e-16,0.00014870649486580182,1.1528032291139314e-10,180292635599.0864
464,350725.0,1.8162326,1781395966223450.2,0.0008581921319851042,7.122790608381865e-10,841731396167.5214,40927693.24,0.524565820433923,1.0195558059168638e-15,9.284545420530158e-05,7.7117786102246e-11,91064612320.8604
465,152334.0,0.62197787,1514260585478934.5,0.0004088719656146829,3.9516662456998773e-10,995435258874.4232,5043663.54,0.524565820433923,4.107469189678996e-16,4.6755268647852955e-05,4.582628226871955e-11,113829870630.16032
466,212835.0,0.15385124,677723598588096.9,0.0003666604379178599,2.626215769479551e-10,1615160407193.205,13792135.3,0.524565820433923,2.2701177931610857e-16,5.459657418041552e-05,3.9124511849436885e-11,240501062741.73145
467,79239.0,4.520757,2555879545647190.5,0.0033708011373436196,2.5800847611052615e-09,1905734300556.4873,174254181.95,0.524565820433923,1.7687676274490745e-15,0.00018393780723040978,1.4033814666714531e-10,103992070171.30103
468,141152.0,0.1673248,104938042389376.2,0.0014723497837270238,1.0845498542373089e-09,923386754484.3043,27829140.54,0.524565820433923,1.5945104005193425e-15,0.00010203829840260039,7.405760835460918e-11,63993498173.08551
469,287412.0,4.8418217,3827068773810057.5,0.0015662827154161911,1.3597434175617026e-09,1238019911209.8098,73946453.07,0.524565820433923,1.2651514739254868e-15,0.00010484626997709535,1.0335725243872044e-10,82872503520.68944
470,227570.0,3.7169664,5452023238543484.0,0.008943051396294466,6.987117146306082e-09,13117612264691.494,257756725.68,0.524565820433923,6.817590896756692e-16,0.00026861056103130764,2.1773373091219607e-10,393996303238.27844
471,270409.0,3.1653404,1803876980382278.2,0.0007148452394058106,5.018127961204253e-10,407378894194.12854,36753352.38,0.524565820433923,1.7547429422427685e-15,9.722834881216226e-05,6.565398590545074e-11,55408884385.02164
472,328014.0,3.6866093,5181004622781101.0,0.005944810256057208,4.421482734420655e-09,8354584636399.873,153117694.69,0.524565820433923,7.115626347426559e-16,0.00023394167190166505,1.7451925692276882e-10,328771720828.58527
473,53995.0,25.814365,5674642254262171.0,0.05862709159900529,4.8098681705804484e-08,12887699202835.871,1777951791.13,0.524565820433923,4.549073552717983e-15,0.00070879875188405,6.023954724245372e-10,155811671029.2707
474,259163.0,6.59372,1709319281950644.5,0.005266771137491041,4.039016181022933e-09,1365328442659.768,133474396.13,0.524565820433923,3.8575122094658436e-15,0.00022415559110058975,1.7684706271740807e-10,58108848119.920525
475,95454.0,32.22681,1.2259178558994812e+16,0.05718591659493201,4.446702439631346e-08,21753700183079.125,1959193147.45,0.524565820433923,2.6287903259516946e-15,0.0007085391635075584,5.729250578331861e-10,269530497169.2817
476,320564.0,15.53936,4.2611127954762424e+16,0.04143485889984064,3.4100833893094915e-08,113620256842536.38,2154635792.72,0.524565820433923,3.646784477636257e-16,0.0006367583462985364,5.42617857747245e-10,1746081651392.9695
477,296963.0,0.10488544,75493509397498.44,0.0008947751526513148,8.005926659158916e-10,644033303338.6725,41158265.63,0.524565820433923,1.389330564138213e-15,8.890285539322454e-05,7.808057992820162e-11,63989706760.94644
478,309794.0,11.653091,1.1607290794596306e+16,0.022917549745377675,1.8456184501342088e-08,22827476777983.215,1041038388.29,0.524565820433923,1.0039458135592689e-15,0.00045219293040823155,3.74470852049355e-10,450415674133.9267
479,33423.0,22.200157,3010334673060222.0,0.021874332986722176,1.6993504709739128e-08,2966153033962.5405,640060074.28,0.524565820433923,7.374647476465446e-15,0.0004471887928048854,3.587305765958171e-10,60638667032.15162
480,37438.0,61.936623,9825720061269022.0,0.08230852458033411,6.349757154765644e-08,13057549508026.021,3410452808.93,0.524565820433923,6.303520008079764e-15,0.0008838493342140327,7.046704794120193e-10,140215202471.1791
481,205405.0,5.5271754,2316809484032188.0,0.009833459725340853,8.269941741208376e-09,4121861729323.488,246520946.0,0.524565820433923,2.3856840357803067e-15,0.00026809402917220103,2.2683176519052649e-10,112376167653.11218
482,161984.0,1.7338637,1139872198371649.5,0.0007049422317019289,5.855563511664843e-10,463441302436.3417,10788681.96,0.524565820433923,1.5211035960670765e-15,7.229181808005512e-05,6.074718864938772e-11,47525900449.49657
483,107541.0,11.905597,4387128119375039.5,0.0034893703705756564,2.6517756084390504e-09,1285808252342.706,157276421.86,0.524565820433923,2.713756397361833e-15,0.00017660187449992,1.4133423208427355e-10,65076539173.37708
484,193279.0,0.27677667,480981898914799.8,0.0008091253421859303,5.95843302651175e-10,1406096270847.8135,15407105.75,0.524565820433923,5.754409274537537e-16,0.00010051009099056931,7.586836813264597e-11,174666218885.94635
485,210670.0,8.292011,7722251739717699.0,0.005873818199956302,4.318917262673023e-09,5470217395200.999,186314185.79,0.524565820433923,1.0737814926897384e-15,0.00022730803150881036,1.6706689054009582e-10,211689280413.4867
486,255420.0,5.8007417,2403693458769566.0,0.0015399435158041784,1.2408690045197945e-09,638117045586.2759,41849425.95,0.524565820433923,2.4132618403718416e-15,9.16534399467783e-05,7.628596498593649e-11,37979069827.19128
487,158736.0,3.0100822,2848230143950926.0,0.0017847299097332055,1.307179440466312e-09,1688765020341.6143,67964308.38,0.524565820433923,1.0568254838510208e-15,0.00011554793414915686,9.541124512210446e-11,109334924180.76993
488,76888.0,4.476817,2168874074140311.5,0.0008409391897580449,6.382156694030001e-10,407408032670.2618,28228916.4,0.524565820433923,2.0641202978898165e-15,8.055326840989645e-05,5.9708914043519e-11,39025471767.43883
489,377331.0,3.2092614,4956190973464508.0,0.001251319743008696,9.670926184038267e-10,1932463218863.265,67433558.05,0.524565820433923,6.475257747698615e-16,0.00010941697485437359,8.420807514107437e-11,168977018549.20245
490,350914.0,20.93072,3.0130920385088844e+16,0.04501976228812855,3.6278059178663274e-08,64808419072981.07,3510097660.41,0.524565820433923,6.946591651530888e-16,0.0006341448378273212,5.194546075136872e-10,912886304015.8241
491,298730.0,1.6581461,1373228035321773.5,0.0023807391067479353,1.8607382841673528e-09,1971658399807.581,80627672.07,0.524565820433923,1.207480518420573e-15,0.00014280058721359787,1.1349988449601094e-10,118263263907.88156
492,340234.0,8.835087,7625686413144650.0,0.008048194812711884,6.034234417280042e-09,6946508827093.414,493800158.55,0.524565820433923,1.1585956360296518e-15,0.0002731070359530329,2.1373865573186258e-10,235722479405.26794
493,363647.0,0.9027598,4500541516050049.5,8.935885055899169e-07,6.442596540656112e-13,4454819729.093545,6326188.04,0.524565820433923,2.0058915061232836e-16,6.215402302141723e-07,3.4867444264186263e-13,3098573518.641601
494,112782.0,5.2713957,2091304713875633.8,0.004316458548035155,3.2264714042830374e-09,1712455414560.2642,152420563.59,0.524565820433923,2.520625361299444e-15,0.0001878286721816157,1.3855628569254444e-10,74516695366.73447
495,119303.0,7.87109,7535420604955604.0,0.005053073940446407,3.877471943057402e-09,4837581261198.14,273650897.6,0.524565820433923,1.044545541999825e-15,0.0002343043358503524,1.923059925841995e-10,224312226158.91617
496,156531.0,1.990062,2273041772918435.5,8.121723390399136e-05,5.276129133263667e-11,92766037110.73312,2610694.4,0.524565820433923,8.755061273884517e-16,2.7090238532883214e-05,1.9154365620693784e-11,30942374571.027527
497,79243.0,8.032506,3857374281874372.5,0.013536135816641877,1.0393575960662348e-08,6500330304773.247,536263999.79,0.524565820433923,2.0823766150317283e-15,0.00033738000432227087,2.576412677931678e-10,162016804206.73105
498,333618.0,3.7425122,4501568546619011.0,0.0010002159779712466,8.922230826324558e-10,1203079788560.512,32780182.23,0.524565820433923,8.313795871909771e-16,9.215623368517157e-05,7.833285425968404e-11,110847361548.22414
499,305606.0,0.73615086,1439924885739846.5,3.2804432596602115e-05,2.7974504440224566e-11,64166085275.54093,5613772.9,0.524565820433923,5.112425427815e-16,3.2419055881367454e-05,2.846404352177748e-11,63412281194.33526
500,314127.0,8.078519,2.0486797738319356e+16,0.012022251292010299,9.302903311133323e-09,30487943468185.637,276750085.93,0.524565820433923,3.9432804985864643e-16,0.00029649989325372656,2.3462102620979076e-10,751911747997.6683
501,228140.0,25.040012,1.2648592080032276e+16,0.05986064490296745,4.600800382112528e-08,30237720294435.1,2722027812.9,0.524565820433923,1.9796679220550928e-15,0.0007160224928133323,5.695843275043916e-10,361688182566.51324
502,318081.0,9.422559,5569312645149872.0,0.005589861393797769,4.258329912892419e-09,3303952328142.812,285751810.4,0.524565820433923,1.6918710800345876e-15,0.00021752811520174716,1.7040912221118808e-10,128572512272.80281
503,338684.0,2.7365675,5296790203689545.0,0.003942346031920266,3.0915081623127613e-09,7630646728585.944,161335281.8,0.524565820433923,5.166463829535498e-16,0.00019955135332773652,1.6303225960853547e-10,386243589255.27905
504,246194.0,0.6924565,813073995547237.2,0.0001917227162356391,1.4765431303253992e-10,225118480261.04202,2471952.0,0.524565820433923,8.51652498778963e-16,4.019383765673925e-05,3.4236472653581744e-11,47195115043.24385
505,138052.0,12.099518,5844554556069364.0,0.007183862331008698,5.783306469564553e-09,3470094867983.3335,191240385.47,0.524565820433923,2.0702207300700234e-15,0.0002509714949196663,2.1157123425404782e-10,121229341042.86426
506,98493.0,15.082031,2928401806806139.0,0.01699518784049652,1.3451678417536403e-08,3299869810579.207,482687166.53,0.524565820433923,5.150260106023229e-15,0.0003508042729701956,2.8488485426892156e-10,68113894395.33938
507,195946.0,1.2979661,2173482231777032.8,0.0002409719466290459,1.6068896895794323e-10,403514578967.0121,4875688.300000001,0.524565820433923,5.97182751725919e-16,4.982748097751957e-05,3.118465306282641e-11,83437575572.15622
508,132234.0,8.225706,3641008331067100.5,0.0195233546542791,1.505019572475486e-08,8641774571885.726,811008378.8,0.524565820433923,2.259183515130608e-15,0.00042453278266655476,3.3403661310157297e-10,187914253013.66525
509,382147.0,6.0273995,4508335241889949.0,0.008009552413078564,5.909527670786109e-09,5990933140510.56,338263108.65,0.524565820433923,1.336945718675801e-15,0.00026662393934874084,2.0733227343204908e-10,199427647378.85
510,25414.0,1.7315265,1563389965634898.5,0.0010833035788670648,7.959051765884601e-10,978111478477.022,25397088.44,0.524565820433923,1.10754612608558e-15,0.00010922502982584215,8.444491956260179e-11,98618944397.26688
511,89984.0,3.7269802,3851145979941435.0,0.00046044320005031794,3.827368513047727e-10,475783042492.4586,18265548.34,0.524565820433923,9.677587449065425e-16,6.54452812480075e-05,6.169643902021514e-11,67625615983.793175
512,326213.0,0.57656056,324910393901490.0,0.007435944015315636,6.06149403712102e-09,4190393285044.7324,272382574.83,0.524565820433923,1.7745217476016114e-15,0.00025207606660928683,2.0849857286018205e-10,142052959874.95505
513,176836.0,0.81575733,1148821463368262.8,0.00013983588396519075,1.145848075372375e-10,196929232432.74448,5846116.1,0.524565820433923,7.100819022028519e-16,3.747198003728776e-05,3.022421374097952e-11,52771349221.88594
514,145966.0,21.68154,3.9411286581569784e+16,0.044085893744915006,3.4337091774424235e-08,80136456754708.39,4410797061.26,0.524565820433923,5.501353008389001e-16,0.0006468006763434038,5.199293282756295e-10,1175712002769.3167
515,215670.0,2.229422,1861770529686420.0,0.00011672680848110832,6.575394981982888e-11,97477522000.98425,4731522.5,0.524565820433923,1.197474105670533e-15,1.610064216120186e-05,9.068841980221387e-12,13445503401.667469
516,33426.0,2.9471319,5134105087552808.0,0.0023017571742923577,1.97581128377952e-09,4009818230003.7437,72092584.05,0.524565820433923,5.740303031866382e-16,0.00015256506975537632,1.2688151493264696e-10,265778773190.95444
517,318599.0,4.2285113,3673107415084062.0,0.004612137967150279,3.4571988175551628e-09,4006345724210.4146,209603153.86,0.524565820433923,1.151208179383784e-15,0.00020580385382302127,1.590751122331013e-10,178772056617.2345
518,178180.0,0.83391947,1362503223762968.2,0.0003217557001192728,2.3820110195755156e-10,525702054512.0742,6064269.3,0.524565820433923,6.120495390072377e-16,4.8278382935752194e-05,3.639157114346258e-11,78879861610.64862
519,298980.0,1.0363551,2518932081429550.5,0.0035975175920822692,2.737984824476619e-09,8744013008864.64,247462772.9,0.524565820433923,4.114263769318644e-16,0.00017410173587759588,1.415616238043761e-10,423166198472.56067
520,296432.0,1.635016,2561081439276802.0,4.104191583158201e-06,3.772361980559798e-12,6428786560.414419,2419697.5,0.524565820433923,6.384084375160267e-16,1.1338894538588147e-05,1.0451449629335896e-11,17761191538.611977
521,247597.0,22.460987,6424490868086251.0,0.024330107566875907,1.8443800765620113e-08,6959113323156.746,1067966769.9,0.524565820433923,3.49615050611641e-15,0.0004783965858653036,3.7727909348310354e-10,136835237793.21376
522,151069.0,0.69512457,1579085007159597.0,6.928647333939809e-05,7.259260817747089e-11,157395143217.57703,3002970.5,0.524565820433923,4.402071876107328e-16,4.892693945913634e-05,5.5244212220300385e-11,111145253499.13536
523,243216.0,7.453207,5773562010537155.0,0.005109240929332626,3.963920828729582e-09,3957829070395.6562,232625762.65,0.524565820433923,1.2909200570457848e-15,0.00022749703815387823,1.8031791742776114e-10,176228602934.94507
524,225205.0,12.724451,3845390282185867.0,0.012133875355711097,9.151586286471104e-09,3666915482491.624,347217656.36,0.524565820433923,3.309014187440796e-15,0.000345864093476747,2.77723950597816e-10,104521792257.48184
525,289776.0,15.49839,1.0115108987912324e+16,0.023447487310490376,1.9110178971616043e-08,15303130817994.73,954923186.74,0.524565820433923,1.532201978102338e-15,0.0004490631257897329,3.8150712678635136e-10,293083504790.86725
526,282843.0,20.096024,1.5741996921602568e+16,0.039168639299871646,3.051100378204764e-08,30682318018825.06,2448043577.18,0.524565820433923,1.2765867062534137e-15,0.0006251068896300487,5.046484148610734e-10,489670530460.59174
527,246946.0,6.7311387,6586808531528742.0,0.009974819319619589,7.755204890645128e-09,9760937624852.098,348143979.8,0.524565820433923,1.0219120030255016e-15,0.00027596673285102714,2.2110951270848658e-10,270049409375.7508
528,229247.0,1.6530817,1334516030242907.2,0.0006486375976819723,4.773118053673919e-10,523638530342.9598,12006164.94,0.524565820433923,1.2387125089078981e-15,7.567709130747333e-05,6.007677062678309e-11,61093345520.659584
529,205035.0,0.8296729,3660484346445916.5,1.3448982933052536e-07,1.8906207105848775e-13,593363860.6498668,1492835.0,0.524565820433923,2.2665659007818365e-16,4.1875446031999755e-07,5.939568385492369e-13,1847528281.3332322
530,356930.0,2.3907795,2102376103441500.8,0.0022559342517549296,1.7597632488338291e-09,1983797444233.0408,84416898.95,0.524565820433923,1.1371797349134605e-15,0.00014165048300881242,1.1515047992855459e-10,124562968069.06433
531,178706.0,3.002805,5559540893525738.0,0.0032477186937599134,2.7594920825728085e-09,6012986154154.609,55824195.78,0.524565820433923,5.401174409017949e-16,0.00015858756806194464,1.3531953159363038e-10,293616824883.79285
532,329275.0,7.679838,8736471473481610.0,0.013133483259385764,1.0028114141210024e-08,14940458619449.004,399027913.3,0.524565820433923,8.790548934213453e-16,0.0003480850052576045,2.6614827432758067e-10,395976414968.61755
533,329088.0,4.354597,2239965532018728.5,0.005488124724188688,4.38402127458596e-09,2823041998513.8584,224523760.71,0.524565820433923,1.944046431855359e-15,0.00022026462933391977,1.7642319034520945e-10,113302144292.76959
534,246370.0,24.620527,1.2242636654793446e+16,0.04863998624592748,3.820766389096596e-08,24186390425478.742,1751388748.07,0.524565820433923,2.0110477582751874e-15,0.0006313797918868916,5.095507683667746e-10,313955642917.40454
535,243759.0,6.454069,2372813853173689.0,0.0021425216099962797,1.4396919840530751e-09,787689898717.099,79627508.7,0.524565820433923,2.7200064562028516e-15,0.00014677063645427755,1.0909514314630333e-10,53959664735.197136
536,182815.0,47.514614,3.55908784644105e+16,0.09473128658720895,7.838230793182602e-08,70958583557105.06,2750569878.905,0.524565820433923,1.3350222318202338e-15,0.0009319020554606572,8.394405203307124e-10,698042349594.476
537,213905.0,6.351495,6261036690231659.0,0.012372228126435559,9.726774898707846e-09,12196022234061.293,327231503.92,0.524565820433923,1.0144478165907368e-15,0.0003309676997931197,2.628349102237598e-10,326254041243.25055
538,355589.0,6.606188,7946659673188842.0,0.006474480085411764,5.036856621702614e-09,7788226704962.97,548486316.82,0.524565820433923,8.313163356282331e-16,0.00024524175625801047,1.96558424607129e-10,295004134704.84625
539,247120.0,0.27630594,483463191281086.06,4.0138377967592455e-06,3.3911722371739596e-12,7023167256.215585,3322747.3,0.524565820433923,5.715139125025041e-16,1.13334305030821e-06,9.761520462474982e-13,1983054175.0866725
540,98496.0,1.9405063,2374929816294678.5,0.006953112310651531,5.364143631753463e-09,8509714058960.752,279189245.99,0.524565820433923,8.170794297523882e-16,0.0002538562704579438,2.0288606443585394e-10,310687383887.35803
541,229577.0,1.9404601,2377528294794756.0,0.0022508816497343914,1.7892304810201971e-09,2757869028318.4976,51444168.42,0.524565820433923,8.161669849517031e-16,0.00012967433814094895,1.0604158613593293e-10,158882116689.17538
542,230726.0,0.83580244,1541160773089412.8,0.000270157760767151,1.9703313102666636e-10,498151864021.846,7448947.5,0.524565820433923,5.423200840523273e-16,5.60338121453941e-05,4.346242494994279e-11,103322399064.95427
543,338378.0,4.026668,5528178348507036.0,0.002040980146813764,1.6431619317854283e-09,2802044334757.3135,98455489.47,0.524565820433923,7.28389669462719e-16,0.0001344460434995569,1.1164669350164606e-10,184579832933.00705
544,76891.0,17.701624,7155965183736764.0,0.02376653758177531,1.853057202288383e-08,9607735170126.508,900926049.05,0.524565820433923,2.4736878318287754e-15,0.0004659255741538826,3.6783637855141856e-10,188352615944.03687
545,343342.0,2.2572837,4613311644239644.0,0.006256766775914537,4.618551574198124e-09,12787234064826.795,143162846.89,0.524565820433923,4.89297900092774e-16,0.00021557010727809992,1.708315829894315e-10,440570268618.0065
546,203638.0,1.0913867,2132074870404012.2,0.0003394501483151107,2.6907019264408014e-10,663131712139.7599,16184285.55,0.524565820433923,5.11889481532696e-16,7.734656195893685e-05,5.5337506766320425e-11,151100119751.13513
547,29961.0,61.63882,1.373015049482901e+16,0.13391017839065067,1.0219174992566496e-07,29828716742030.97,5917949829.65,0.524565820433923,4.489304033718651e-15,0.0011094334261654761,8.693123658491134e-10,247128155685.7473
548,268038.0,0.8767224,1707501930020141.0,4.443121852442444e-06,3.758706872114924e-12,8653410861.134766,2436119.8,0.524565820433923,5.134532410101923e-16,8.455589430888135e-07,7.193115191391559e-13,1646808074.334521
549,9.0,1.0034349,4599218094425387.0,2.2324342895789208e-05,2.17165747969304e-11,102323052339.98795,4408219.06,0.524565820433923,2.181751070287886e-16,2.82490021570434e-05,2.7523444259298924e-11,129478575909.74342
550,184681.0,0.6828965,3168130441011194.0,7.083336244004431e-07,4.839310968942452e-13,3286139726.671367,1463707.6,0.524565820433923,2.1555188863436926e-16,3.827897639461402e-07,2.6152065067240217e-13,1775859011.8198817
551,288412.0,0.448526,3289313302349508.0,8.025076574982616e-05,5.554716043882887e-11,588527557610.1218,1444732.1,0.524565820433923,1.3635855230926906e-16,1.609609114038837e-05,1.1141228979676142e-11,118042402678.79573
552,84846.0,15.61186,7065798552045722.0,0.01530102689441353,1.1217878235350365e-08,6925118062508.873,340285787.4,0.524565820433923,2.2094969004572008e-15,0.0003352635682365878,2.6046363236430386e-10,151737514620.27997
553,287122.0,2.2743328,2601344432391749.0,7.605139115059546e-05,6.842692083540664e-11,86986329768.99803,13358988.8,0.524565820433923,8.742912978689694e-16,1.977452498730438e-05,1.886426480271068e-11,22617776289.782997
554,232937.0,0.5686098,2625810975604389.5,9.620300657661524e-05,6.546114049791357e-11,444260564195.3719,4415285.6,0.524565820433923,2.1654635664287361e-16,4.0705168920613206e-05,2.6546703330510807e-11,187974388263.40457
555,81222.0,0.7811959,1395559623281067.0,0.00039844357826616803,3.352328112454929e-10,711795555998.0458,4841492.2,0.524565820433923,5.597725005566935e-16,6.392016577688214e-05,5.1667655286132687e-11,114189542561.15398
556,251123.0,1.5925114,4448345529674965.0,0.0002653006410597867,1.9008077978653414e-10,741061521241.3579,9915329.15,0.524565820433923,3.580008318545261e-16,5.483503335742024e-05,4.298244205926937e-11,153170128330.0439
557,143675.0,11.985606,3253734233293094.5,0.016016333037318968,1.2456058082655862e-08,4347956298192.0054,499358597.37,0.524565820433923,3.683646278592768e-15,0.00038524922411978723,3.0583259241737266e-10,104583663843.79358
558,238400.0,19.314175,1.2306420171581514e+16,0.04547458944769818,3.6921552456499084e-08,28975061314994.855,1752526446.39,0.524565820433923,1.5694389376206313e-15,0.000640914251340664,5.374283980679136e-10,408371575330.1817
559,167974.0,0.31945968,1000840960148120.8,0.00014152297727149102,1.0283043483708129e-10,443379873339.3201,1376275.2,0.524565820433923,3.1919125287670197e-16,1.8261625842153255e-05,1.3268876633214967e-11,57212175075.50999
560,193280.0,3.470541,6745431537301840.0,0.0021316229541341112,1.671775132241622e-09,4143076454204.906,65580414.64,0.524565820433923,5.145024422541556e-16,0.0001240962008317219,9.999049849546999e-11,241196524331.40536
561,241562.0,4.4097114,1645111268739837.5,0.0021139082241101066,1.5485452064566306e-09,788626267144.2296,83481141.1,0.524565820433923,2.6804943129335306e-15,0.00014613741011336375,1.212419344968648e-10,54518828638.52492
562,53994.0,4.136266,2474284197375440.5,0.003587394260975776,2.629453862035386e-09,2145953120444.3113,104428525.21,0.524565820433923,1.6717020641313077e-15,0.00016751728003035714,1.3065670560990813e-10,100207616910.13806
563,328868.0,0.5582164,9782917591491630.0,0.00030725755449618927,2.168284880517179e-10,5384785067223.873,23020071.2,0.524565820433923,5.706031915115898e-17,4.7903876300207574e-05,3.2839834504321034e-11,839530465529.0309
564,258607.0,1.3146726,3673448111459675.0,0.0002320141000135463,3.109130782483287e-10,648292021547.249,12092002.02,0.524565820433923,3.578851694947731e-16,3.662709419992709e-05,5.094492621843381e-11,102343146131.5751
565,33422.0,2.125385,929374932865690.9,0.001242414214850587,1.1398156375899676e-09,543275043118.37354,20280782.01,0.524565820433923,2.286897273467942e-15,0.00010926903693464886,9.841579407854974e-11,47780474533.05541
566,216835.0,17.208744,8059625688192945.0,0.02257961562243815,1.6972160671236844e-08,10575045459455.104,1014318749.64,0.524565820433923,2.135179059892344e-15,0.0004463193310137572,3.4763816004519443e-10,209031335777.64697
567,239819.0,11.243894,5608120505688259.0,0.008259936895235824,6.484128546399764e-09,4119811292943.8003,356724087.53,0.524565820433923,2.0049308834564866e-15,0.000282403977646802,2.2478534813283283e-10,140854719719.7838
568,37439.0,28.938564,5997372078336764.0,0.02858535223677485,2.203662984120155e-08,5924170714008.299,949241041.92,0.524565820433923,4.825207377832969e-15,0.0005034480590308768,4.0429873522437914e-10,104337082245.15286
569,51232.0,9.789219,1.2484403072703636e+16,0.018650860468398565,1.5502421849652315e-08,23785846423523.863,645158080.79,0.524565820433923,7.841159038996035e-16,0.000389328581025721,3.5631747896776334e-10,496519174129.0964
570,343410.0,4.435778,2439370359737835.0,0.002821267006942685,1.9833998197858066e-09,1551501250432.7905,131390810.49,0.524565820433923,1.8184110429532003e-15,0.00013962606343748344,1.0409447911424943e-10,76784654370.95178
571,107540.0,10.23744,4742535077377457.0,0.004209691936040874,2.9374273573049497e-09,1950156647719.2405,108889045.96,0.524565820433923,2.158642968996475e-15,0.0001863395116588686,1.2749898300555308e-10,86322525000.73943
572,227327.0,9.6232605,3550099951711024.5,0.006022188543742222,4.6046109904862366e-09,2221634887503.455,215657286.81,0.524565820433923,2.7107012847235258e-15,0.00023304142541588478,1.7872131297653462e-10,85970898648.70651
573,20172.0,0.3234221,652680411627316.9,3.150601588856146e-05,2.788556346941822e-11,63580563662.418495,1129832.5,0.524565820433923,4.95529043369966e-16,4.807981135537192e-05,4.2554813527998107e-11,97027231801.37625
574,261018.0,1.6668911,1387823321782744.8,0.003928202163162097,3.0455035709331663e-09,3270549932574.351,149766820.31,0.524565820433923,1.2010830729222617e-15,0.00018178444798396133,1.4054426762816078e-10,151350437019.8772
575,236406.0,6.700059,2608213225455459.0,0.007644775976785139,5.9223315828040655e-09,2975974660565.701,275651388.38,0.524565820433923,2.5688310045395172e-15,0.000249364529094924,2.1255829479802552e-10,97073154541.60228
576,277364.0,11.541924,6864551419963735.0,0.015450305061060217,1.2053630654351915e-08,9189058387992.66,1121245105.45,0.524565820433923,1.681380660422087e-15,0.0003569069101955103,2.911446545872023e-10,212270141198.07578
577,173903.0,8.455232,6731533933070884.0,0.01177581802521053,9.834868931650552e-09,9375179607889.227,334754513.26,0.524565820433923,1.2560631921441977e-15,0.0003105916179356893,2.6429727071707284e-10,247273879115.49677
578,330473.0,0.51766145,1483112359782584.2,0.0003825141448905554,2.763915033788819e-10,1095912118004.6323,11980000.1,0.524565820433923,3.4903724359487243e-16,4.6676443343939534e-05,3.159368940741387e-11,133729119744.35854
579,154641.0,0.85667276,548953943915219.75,0.005333742710806955,4.117989978874298e-09,3417850121587.306,186758639.95,0.524565820433923,1.5605548871551678e-15,0.00021580327006174384,1.6692876317872052e-10,138286241540.11334
580,296799.0,3.026129,4963349137591705.0,0.0018968965498627139,1.4639094038443537e-09,3111222242958.506,53221322.7,0.524565820433923,6.096949692860667e-16,0.00011962998978140726,8.932528507219272e-11,196212853652.85223
581,197985.0,22.303288,7785944024206282.0,0.03783740542867827,2.9722205180503186e-08,13208811216036.305,1499281465.54,0.524565820433923,2.8645579689064938e-15,0.0005725030373641111,4.600747281841243e-10,199857375406.04086
582,191514.0,3.2605083,825588854616930.4,0.01974470453795843,1.5570833216149872e-08,4999529675861.523,529652136.36,0.524565820433923,3.949312398982011e-15,0.0003896247120572908,3.0559747818637725e-10,98656341331.1446
583,288727.0,0.8773708,1883059150184670.5,0.001308303748988459,1.1448311211740465e-09,2807950008996.9097,24128267.79,0.524565820433923,4.65928433482271e-16,9.892269516065704e-05,9.33414885216826e-11,212313067956.22107
584,333330.0,1.0605019,2314939164589729.5,0.00034982673867269215,3.0503652647190766e-10,763626748970.5692,11855612.9,0.524565820433923,4.581122114230375e-16,5.4042385614831335e-05,4.555585000593389e-11,117967572719.70345
585,292634.0,0.46082085,3973940461724976.5,1.7872620675643289e-06,8.584469420279426e-13,15412655581.882038,2081971.5,0.524565820433923,1.1596068296402471e-16,9.956959691181011e-07,4.782466854700466e-13,8586496247.413468
586,286711.0,0.35084784,6086377425835872.0,0.00012173031558060677,6.878313140064524e-11,2111732096710.8752,1769769.9,0.524565820433923,5.764477216130191e-17,2.978054606628986e-05,1.6827354825217596e-11,516621801938.21875
587,138053.0,7.531566,1853121274882373.2,0.0035433728332264296,2.5897886053140283e-09,871837222443.7957,139853365.48,0.524565820433923,4.064259637015967e-15,0.0001883332357877528,1.5613205832754612e-10,46338879059.909065
588,288290.0,2.0911608,2752105328281799.0,6.230609076523674e-05,5.218819842990149e-11,81998918676.8504,3207482.84,0.524565820433923,7.598403951005605e-16,1.610719202601148e-05,1.3099549929170124e-11,21198125461.43955
589,279864.0,12.521278,5225199451354540.0,0.02825239188311343,2.2449551663515628e-08,11789881397657.473,1118411607.74,0.524565820433923,2.396325368355859e-15,0.0004999908259127782,4.124447825278701e-10,208648972512.37073
590,142969.0,13.783242,4675656486371116.0,0.007360347493765508,5.903621797586674e-09,2496833219729.4434,290860433.61,0.524565820433923,2.947873104060621e-15,0.00023977348852002864,2.0008566731019655e-10,81337791708.11209
591,251759.0,0.36765936,340592695187514.44,5.632790195032007e-05,4.296163746321724e-11,52181105737.434685,4868326.4,0.524565820433923,1.0794693051111502e-15,2.8273278926333882e-05,2.2123655777199504e-11,26191832220.206257
592,25415.0,4.678835,2918451322877194.5,0.0017429748847142402,1.4549777136655946e-09,1087191011872.8273,83000398.3,0.524565820433923,1.6031910360551458e-15,0.00011632602926895562,1.0548032278736704e-10,72559056689.33287
593,132951.0,1.1924134,846880051785234.6,0.000971974611339422,7.838795144410186e-10,690319237594.1624,15885344.1,0.524565820433923,1.408007423821563e-15,9.27201049177219e-05,7.767896570096e-11,65852000031.409164
594,200462.0,0.38574794,1611711821325542.8,0.0001917872897494362,9.090745001776255e-11,801315600205.5472,4163527.6,0.524565820433923,2.393405166456767e-16,3.719863391869561e-05,1.820123152771525e-11,155421382221.5694
595,321282.0,9.325287,6599483907572887.0,0.010750470456727243,8.684962348113699e-09,7608082923132.467,530275585.97,0.524565820433923,1.4130327659863314e-15,0.0003201220942277709,2.7460336462016653e-10,226549661079.0323
596,152333.0,8.264819,3070087948256793.5,0.007866549160826243,6.03555305546731e-09,2922144789017.4297,373625388.01,0.524565820433923,2.692046331992799e-15,0.0002692082175180264,2.1286211854055948e-10,100001331447.64407
597,377053.0,9.325337,6893265005893258.0,0.012961269545582875,1.0027734407369524e-08,9580936945283.205,526058048.96,0.524565820433923,1.352818583360351e-15,0.0003215181155998154,2.549206525397244e-10,237665359978.40622
598,72741.0,30.955055,4821866113465913.0,0.024143761731544852,1.870377703796944e-08,3760871578000.143,759280672.53,0.524565820433923,6.419725117118566e-15,0.00043966409655620594,3.4657225706960557e-10,68486436496.1385
599,176837.0,0.7865915,737930733896722.0,0.003200944036049855,2.4011495196652744e-09,3002924620574.472,108308733.76,0.524565820433923,1.0659421865333073e-15,0.00016993476013397202,1.300142292601932e-10,159422117147.497
600,144356.0,10.09425,3935409110825056.0,0.0060898472871346275,4.4798366855793355e-09,2374226960628.3643,241648074.62,0.524565820433923,2.5649811025323736e-15,0.00022195269052161754,1.663300934262376e-10,86531900879.30333
601,167321.0,0.14431809,794729063724969.9,2.685681732440933e-07,2.7223722319599504e-13,1478947877.3492897,986522.6,0.524565820433923,1.8159407600316963e-16,3.827897639461402e-07,3.8801925464874315e-13,2107941912.9259415
602,354297.0,0.11183665,90451787653299.95,0.002353101174335931,1.7333070798616546e-09,1903152568927.667,94754580.56,0.524565820433923,1.2364227717496069e-15,0.00013077945761425834,9.320141145640442e-11,105772443376.46591
603,178181.0,1.0745895,1184389567388503.8,0.0006185160465978027,4.309088893437737e-10,681715159931.1357,25003557.56,0.524565820433923,9.072939593426129e-16,7.776485338285605e-05,5.674172106592126e-11,85710758439.52626
604,320834.0,1.1098963,664517761375114.2,0.002734481236809476,2.075338807019496e-09,1637190204172.1257,67223227.68,0.524565820433923,1.6702281933040365e-15,0.00014231758134132888,1.204732058155883e-10,85208465473.09024
605,124479.0,28.375496,4647887801901222.0,0.045111212759792685,3.4355357591124e-08,7389187329631.567,1748749851.27,0.524565820433923,6.1050303297753826e-15,0.00061235895117756,4.898901160525342e-10,100303998194.8935
606,149695.0,9.706871,6503348142545512.0,0.011463115815386133,8.800095954808913e-09,7679985954874.181,468965764.54,0.524565820433923,1.492595934776541e-15,0.00031315064251560723,2.472479284266814e-10,209802690211.996
607,356987.0,8.069937,6452169118926115.0,0.00606583726309988,4.8762779576200285e-09,4849828179501.816,254934320.01,0.524565820433923,1.2507324050649097e-15,0.00024007370612745232,1.8331763892871917e-10,191946498831.6131
608,349994.0,18.41477,1.363612396052043e+16,0.03770023253329242,2.9278167609489303e-08,27916995116660.19,1539320619.58,0.524565820433923,1.3504402023122405e-15,0.00055605911333082,4.364379304911563e-10,411761374090.2623
609,257856.0,3.291247,1921061329986810.5,0.0004163583396572935,2.91638363155605e-10,243023360365.5819,17842426.11,0.524565820433923,1.7132441055500278e-15,7.082977403907655e-05,5.1590062808718e-11,41342488095.90215
610,250721.0,1.6224568,2619254360834087.5,0.00827791395795216,6.257561147606507e-09,13363660735358.598,201261776.31,0.524565820433923,6.194346086660087e-16,0.0002730314672724714,2.085043582206458e-10,440775286773.95306
611,139332.0,1.5976532,1454473246820730.5,0.0005931863414836651,4.6008059283849123e-10,540025622624.14453,12811438.1,0.524565820433923,1.0984411047038785e-15,9.176905442289351e-05,7.189521213399745e-11,83544810941.5324
612,289342.0,0.7670197,3802262742106912.0,2.8454511475731678e-05,2.0842145834642745e-11,141054432929.20395,2552521.5,0.524565820433923,2.0172716932627822e-16,2.8250575149591428e-05,2.0651742096226294e-11,140043481718.1135
613,337502.0,7.3102994,5283602852604490.0,0.011644411293722888,9.211535675837246e-09,8416132002529.772,673242986.6,0.524565820433923,1.3835823024428252e-15,0.0003272336009576249,2.737773398896475e-10,236511843480.41153
614,169688.0,4.0268497,2576801303551823.0,0.00403741744159532,3.0366848191077123e-09,2583563654358.8125,85273284.05,0.524565820433923,1.5627319399634936e-15,0.00018042486639010318,1.468852423234214e-10,115454776200.65666
615,74866.0,27.576515,6249786651559859.0,0.01884554382078139,1.3892995552559434e-08,4271048325450.33,463887369.71,0.524565820433923,4.412393020346909e-15,0.0003850621751237856,2.936307311431363e-10,87268331118.31717
616,101633.0,7.8538084,4219674766341105.5,0.011173853296718845,8.625581033835324e-09,6003460282907.064,335409921.88,0.524565820433923,1.861235482565417e-15,0.00030546207100264197,2.474294855995954e-10,164117906553.9902
617,140248.0,0.24380712,4100456241612798.5,6.865660337618119e-05,8.158730700120281e-11,1154697196053.1606,3504034.46,0.524565820433923,5.945853476639111e-17,2.7835585794074645e-05,3.278125380850434e-11,468151223427.19904
618,279529.0,1.7727951,1384351141818139.5,0.0003833070443378862,2.261490166963716e-10,299319162432.302,20425993.4,0.524565820433923,1.2805964082723238e-15,6.491583643395309e-05,4.15346664424048e-11,50691877639.67903
619,310577.0,7.2422767,2970749933679130.5,0.010088473879734869,7.959470789907516e-09,4138247453200.18,432962785.08,0.524565820433923,2.437861436230275e-15,0.0002794456679304432,2.2804015951469834e-10,114627379463.59941
620,356299.0,2.0417073,1916973628890421.8,0.0017493483011694218,1.2586176513730667e-09,1642475667832.5247,59227417.85,0.524565820433923,1.0650680161843314e-15,0.00011616466511362678,8.450785188022098e-11,109067837310.32831
621,213904.0,34.11929,8604028855237741.0,0.03647218925177861,2.9132165228838268e-08,9197371010240.686,1556272904.27,0.524565820433923,3.965501577697491e-15,0.0005703658224374642,4.652205332627609e-10,143831949442.48102
622,182814.0,10.764738,7780316683117414.0,0.009167031786003532,6.615673177089956e-09,6625559334496.66,479626837.75,0.524565820433923,1.3835860978973401e-15,0.0003037115332184731,2.2882776486334896e-10,219510396700.30566
623,374816.0,1.2573417,1635624484615858.2,0.0007696554219621134,6.083946131204401e-10,1001213316060.8469,43286325.67,0.524565820433923,7.687227183416116e-16,6.234995172045187e-05,5.046122876192442e-11,81108506660.19247
624,318532.0,0.8311787,820368426476180.0,0.002561353958406762,1.9070491741666466e-09,2528041101759.093,63590679.89,0.524565820433923,1.0131773398084743e-15,0.00013856021260025945,1.0694111991086381e-10,136758104584.5855
625,203639.0,5.306879,7227432722318828.0,0.007439801651588326,5.926896093094196e-09,10132257755311.762,323671848.59,0.524565820433923,7.342688896448637e-16,0.00026033578497251114,2.169504024632976e-10,354551021627.00244
626,76890.0,1.3933829,1173903987653531.0,0.0005112209772295773,4.288059068612402e-10,430695929842.354,10337662.89,0.524565820433923,1.1869649602138045e-15,5.933129366221373e-05,4.8473715995667274e-11,49985716218.216385
627,8.0,0.8602918,3940799735067099.0,0.00024432957622155474,2.0988964067539125e-10,1119217838927.3958,5655717.8,0.524565820433923,2.1830386161080882e-16,2.8216633598900887e-05,2.3152038552202098e-11,129253937107.19318
628,84847.0,8.651919,7098354130498516.0,0.020709029960138972,1.680612613874795e-08,16990453604127.594,708806415.23,0.524565820433923,1.2188626885810749e-15,0.0004522595988863044,3.8161175027243305e-10,371050490857.8318
629,311992.0,0.35360536,390541251866010.06,0.0004865885332098473,3.4139043032534006e-10,537415198976.1111,17784219.55,0.524565820433923,9.054238401461305e-16,6.0357804632276964e-05,5.273591809410093e-11,66662486623.431015
630,119299.0,27.726635,8139774794333347.0,0.042304082875890235,3.329998056121074e-08,12419311160209.68,1322964034.1,0.524565820433923,3.406314756926986e-15,0.0006398340891534674,5.288713087843256e-10,187837629465.1922
631,282374.0,11.894717,5636162371289766.0,0.029465859766985746,2.2940456851705173e-08,13962027852901.93,1256363037.01,0.524565820433923,2.1104283759798853e-15,0.000521797346616444,4.298193879677564e-10,247247124117.24005
632,81223.0,0.48498353,1086202462631344.2,0.0022636351536241945,1.7857378496711908e-09,5069792944031.483,42053840.28,0.524565820433923,4.464945962515303e-16,0.00011947763571462094,9.800721080965476e-11,267590328567.63593
633,358583.0,7.86597,4691900328765897.0,0.0043158445636519265,3.1985418282119148e-09,2574318555384.903,180790965.65,0.524565820433923,1.6764998079294182e-15,0.00020210248596909793,1.5832962171379172e-10,120550258946.17137
634,202527.0,3.5115957,5012011760566106.0,0.0014923982308441372,1.0652852447598068e-09,2130062263272.1829,46695402.16,0.524565820433923,7.006359657071846e-16,9.57400421377531e-05,6.972513366211661e-11,136647341592.17505
635,278236.0,3.5114334,2016818874566998.0,0.0020681891346260102,1.5464754841633456e-09,1187880391776.2253,64985409.6,0.524565820433923,1.7410752369886905e-15,0.0001380245932559461,1.0310093537045898e-10,79275490411.7005
