SN,C0,C1,C2,C3,C4,Err_C0,Err_C1,Err_C2,Err_C3,Err_C4,Std
IIP,0.0,0.0,-0.08758694395287181,0.0006736393911957289,2.225375984569108e-06,0.0,0.0,0.0,0.0,5.726315278347905e-07,1.7339471156219023e-06
II-other,0.0,0.0,0.0,-0.09565969182801548,0.0007427368610142934,0.0,0.0,0.0,0.0,0.0,0.00018120349053045415
Ib,0.0,0.0,-12.129143671033342,0.09198528616140308,4.361500495434675e-15,0.0,0.0,0.0,7.607697518796471e-31,3.4262023710799233e-15,7.518038008633568e-05
Ic,0.0,0.0,-1.514238489495171,0.07236737001239141,7.795679568769649e-05,0.0,0.0,0.0,0.0,2.7936640865653576e-06,0.00026078689439463343
Long-GRB,0.0,0.0,-4.968356006623476,0.024446530557785354,9.611131318003874e-09,0.0,0.0,0.0,0.0,4.639190926017382e-14,1.007160323948713e-05
Pair-Instab,0.0,0.0,0.0,0.0,0.0,0.0,0.0,0.0,0.0,0.0,0.0
Low-mass,0.0,0.0,0.0,0.0,0.0,0.0,0.0,0.0,0.0,0.0,0.0
