,id,sfr,sfrd,snr,snr_solar,snrd,mass,z,halo_volume,snr_err,snr_solar_err,snrd_err
0,135397.0,9.756257,5375325584101296.0,0.006874137617093279,5.241908237903784e-09,3787387704300.3916,518063800.93,0.9972942257819404,1.8150076395104825e-15,0.00028182860297512493,2.275860356407712e-10,155276813628.80414
1,63182.0,2.1533644,2686803263230443.5,0.0009607501957475513,7.026422001094468e-10,1198750551037.162,210988061.77,0.9972942257819404,8.014596488955168e-16,0.00013820609638473313,1.066078564325526e-10,172442987710.22784
2,278865.0,0.97393066,3313237572011130.5,0.001048614946674884,6.185438013382317e-10,3567307799813.668,41887558.1,0.9972942257819404,2.939513508561432e-16,0.00011983347339381058,7.733807717118239e-11,407664305827.44916
3,206445.0,7.818808,5299993763860622.0,0.005981159233490429,4.264207271265811e-09,4054340078200.751,657622614.56,0.9972942257819404,1.475248528274611e-15,0.0002558112765808135,1.9010931592449668e-10,173402156774.22137
4,277001.0,5.8136377,3033076148920415.5,0.006791454255573858,4.840938128688503e-09,3543220094204.5503,655267747.9,0.9972942257819404,1.916746370535171e-15,0.0002761077448345411,1.9823382682915206e-10,144050224421.4239
5,194659.0,9.348489,4450446597318037.0,0.010946525996592437,8.179919881100469e-09,5211208931623.949,1292297017.61,0.9972942257819404,2.1005732336241626e-15,0.0003860761067978054,2.9384733143810387e-10,183795594753.77124
6,120967.0,3.3785868,2829494945784803.5,0.0005805554734498779,3.9460445539389256e-10,486202923031.0534,146885240.58,0.9972942257819404,1.1940600229850906e-15,0.00013758922722972896,1.2486799824696945e-10,115228066078.08772
7,78473.0,27.99838,1.0001964093549578e+16,0.024262440833841867,1.838307196776195e-08,8667360827374.921,687458158.11,0.9972942257819404,2.7992881936115517e-15,0.0005439321748021296,4.2874541448394356e-10,194310888047.70966
8,221430.0,0.35785404,543672592965364.56,0.00020767151761387238,1.696515150344862e-10,315506602821.04504,20926236.51,0.9972942257819404,6.582160745829569e-16,7.65670307203909e-05,6.024002670283427e-11,116325069649.664
9,233129.0,12.957609,2.0980434423124452e+16,0.01747147718767256,1.3472063292191278e-08,28289106532777.69,1273506521.07,0.9972942257819404,6.176044184155804e-16,0.00040831082278450866,3.26655176577173e-10,661120307124.7461
10,268973.0,60.46346,2.9095681354173996e+16,0.07984015473504544,6.366180524407649e-08,38419959781309.71,5193716145.27,0.9972942257819404,2.0780905339178817e-15,0.0010062783482789922,8.294116255286863e-10,484232198672.22424
11,159265.0,3.8085477,2239374511649209.5,0.001074543903871313,8.673544764718584e-10,631817275119.7146,141427858.64,0.9972942257819404,1.7007194107943818e-15,0.00015535875688362747,1.2214213648108227e-10,91348846786.58522
12,67236.0,2.3391848,5019269387040231.0,0.000917875118444529,5.858421900395608e-10,1969516253326.608,43673468.02,0.9972942257819404,4.660408955215239e-16,0.00011834817145945595,7.155930300733011e-11,253943747419.45813
13,61259.0,0.94911534,725228553135698.0,0.0001565106963181102,1.0548065568804607e-10,119591393224.1825,25965766.0,0.9972942257819404,1.3087120410473006e-15,7.095334287251358e-05,4.877364599778119e-11,54216161116.492035
14,248388.0,2.3585722,2426800354197942.5,0.0011058575344050224,7.686878966388687e-10,1137847489335.5276,196765645.2,0.9972942257819404,9.718855512444937e-16,0.00013298511189842628,9.206073500701328e-11,136832070121.98055
15,256199.0,4.0385427,3296014770002495.5,0.0025104731287724606,1.9438231184623046e-09,2048896626035.032,241435405.67,0.9972942257819404,1.2252805226345942e-15,0.00020462829281173573,1.6972485238264382e-10,167005260453.94458
16,106788.0,14.35163,7309433864082767.0,0.006970410002023093,5.231863899185468e-09,3550102038258.2905,587397617.53,0.9972942257819404,1.9634393397443964e-15,0.0003154149301635348,2.4834631635302217e-10,160644092118.7797
17,137451.0,12.345529,5616435408928504.0,0.0417970778440755,3.092374413743374e-08,19015028679063.223,3582483422.74,0.9972942257819404,2.1981075363876148e-15,0.0007036512647449624,5.445735676890635e-10,320116851926.7933
18,278803.0,6.097204,6009527219873670.0,0.009362726045447677,6.825557959803596e-09,9228091601058.121,845930218.46,0.9972942257819404,1.0145896302518407e-15,0.0003306599672179101,2.519388956695271e-10,325905131847.08374
19,178756.0,5.3112125,7200088776276371.0,0.0037083012678943367,2.4651286809890765e-09,5027119200750.761,385386719.28,0.9972942257819404,7.376593074102025e-16,0.00019434049915850556,1.3393417710619156e-10,263455632168.192
20,19238.0,14.500664,1.2886141566610146e+16,0.019678276574493593,1.4742254624682769e-08,17487272150146.545,1103324330.59,0.9972942257819404,1.1252913779539188e-15,0.0004891184272415117,3.843615299609901e-10,434659357410.9312
21,188342.0,3.0510368,1173478279233746.2,0.001171100115434915,9.743653246254623e-10,450424114278.4662,64581829.37,0.9972942257819404,2.5999942683150944e-15,8.616086942302067e-05,6.567267052518055e-11,33138868986.375317
22,180748.0,2.8396618,2751281208867828.0,0.0012354886296445313,9.271610487757632e-10,1197035735210.0388,41104535.16,0.9972942257819404,1.032123430657436e-15,0.00010650552454251774,8.371906872232825e-11,103190685705.75563
23,245030.0,2.5373013,2144768953884873.8,0.002345576766175922,1.7024537333565268e-09,1982705099724.5762,281229501.8,0.9972942257819404,1.1830184763744005e-15,0.0002478198935056281,1.9248305300283282e-10,209481000047.54135
24,232901.0,8.587092,3763959269558867.0,0.01145228075887748,9.523100110270949e-09,5019850529139.265,502941541.78,0.9972942257819404,2.2813987572735876e-15,0.0003109900985098258,2.420709578845274e-10,136315537789.40346
25,58115.0,0.82306594,335326900381689.9,0.0003906898342666091,3.198357221185914e-10,159171707597.64175,31465290.26,0.9972942257819404,2.4545180809029498e-15,9.241878977735588e-05,8.635485055952372e-11,37652519448.28108
26,186374.0,3.1640747,3339730232212511.0,0.004648671819163468,3.3101750887684684e-09,4906745663777.965,301967940.77,0.9972942257819404,9.47404275196161e-16,0.00022396082289220988,1.6859602099870256e-10,236394144248.33432
27,248914.0,20.082409,1.8948559359923924e+16,0.025897709739219548,1.9431772950679328e-08,24435529137947.62,1709973323.81,0.9972942257819404,1.0598383031943926e-15,0.0005738508336124671,4.3583415053999696e-10,541451306187.8015
28,168523.0,0.10096997,72478319430872.44,0.0005232481173474658,3.2985622921464685e-10,375598251546.59595,83533002.39,0.9972942257819404,1.3931058389992337e-15,9.283683938812108e-05,5.4420586663603314e-11,66640191139.25496
29,217380.0,1.2509557,966716201658790.2,0.0020175254409269924,1.4073223135491344e-09,1559107593500.6477,141794810.94,0.9972942257819404,1.2940257935612153e-15,0.00018638984633545375,1.2891627423231738e-10,144038741161.7977
30,48904.0,31.5846,6067669730977535.0,0.019848985407151343,1.45390469285962e-08,3813158562894.164,2017890252.47,0.9972942257819404,5.2053920863144186e-15,0.0005162207869230769,3.849611546653209e-10,99170394537.67209
31,161983.0,3.429764,1324089269546746.2,0.003881557759831706,2.9888101941888765e-09,1498508054466.4497,205755072.44,0.9972942257819404,2.5902815458764762e-15,0.00025842611954252195,2.0129337095367235e-10,99767579301.9164
32,116431.0,3.5294824,2151219280811103.5,0.0018273113442491865,1.2867310755042149e-09,1113746139035.4875,146677265.48,0.9972942257819404,1.6406892739773284e-15,0.00012695024181268993,8.067648257037905e-11,77376163680.85318
33,146115.0,4.7889,5130641130876146.0,0.003943993083122539,2.8190251984979484e-09,4225440734231.143,255516644.28,0.9972942257819404,9.33392119589197e-16,0.0002270742514840417,1.9071328095795473e-10,243278517911.61603
34,211670.0,22.309025,1.9912484649311856e+16,0.031783917403617516,2.3281186072607103e-08,28369539565020.426,2986238079.65,0.9972942257819404,1.1203536571600553e-15,0.0006292941879563848,4.75136702321791e-10,561692447679.0305
35,196135.0,7.408238,5352341866796723.0,0.00466702035152552,3.3522498335662454e-09,3371852850929.249,263653596.22,0.9972942257819404,1.3841115131223285e-15,0.00022744456080823726,1.7507824236565373e-10,164325315302.92645
36,254739.0,24.250904,1.509148755257738e+16,0.03481497992666043,2.621430939125265e-08,21665577341216.94,2578370189.03,0.9972942257819404,1.6069260180954356e-15,0.0005874715853057032,4.4280216871998433e-10,365587201084.7068
37,205785.0,9.128997,3875082177034997.0,0.006829012094988544,5.177720230248528e-09,2898783191192.475,575766058.52,0.9972942257819404,2.355820233723408e-15,0.0002773087924398619,2.1466442673699398e-10,117712204212.44594
38,226145.0,2.853574,1081758314678624.8,0.004250763359827088,3.1018723035795046e-09,1611417334270.7073,196014864.53,0.9972942257819404,2.6379034589142555e-15,0.0002326602571945775,1.807048475825672e-10,88198927981.36707
39,165906.0,9.065228,7551462530953551.0,0.008355061802490783,6.169509602926062e-09,6959884091752.616,751870879.38,0.9972942257819404,1.200459905990595e-15,0.0002779331226157626,2.0834239852305996e-10,231522203472.8581
40,229591.0,3.5762482,2601251035324434.5,0.004928327548828899,3.574178110664748e-09,3584711245379.7544,433234981.06,0.9972942257819404,1.374818559006921e-15,0.00030268275086047967,2.2441680578949072e-10,220161961647.59216
41,178205.0,5.825505,2155132575184494.2,0.0037056277785111574,2.8608901677771053e-09,1370888727582.9216,191910799.07,0.9972942257819404,2.70308428682226e-15,0.0002507303474714913,1.9139060324494598e-10,92757132544.41257
42,196981.0,0.49098277,535163634195081.8,0.0007621294504757557,5.878957388026058e-10,830709327017.1294,26775055.9,0.9972942257819404,9.174441958083858e-16,8.23875593729332e-05,6.421132658916572e-11,89801166925.84142
43,106212.0,0.25122386,166034777083215.7,0.0005410433152368378,3.719028337010714e-10,357577525628.7852,38358462.44,0.9972942257819404,1.5130797560205598e-15,0.00011928063067605782,8.397350422760478e-11,78833009430.89018
44,255095.0,8.619124,4416948864419777.5,0.006272374284178417,4.974425859423091e-09,3214335525480.046,433380205.8,0.9972942257819404,1.9513750927547203e-15,0.00028516645302474445,2.2361661018308644e-10,146136155003.48538
45,254297.0,8.900293,4137931729537123.5,0.008379171328765637,5.547330274969772e-09,3895651402546.756,832133268.85,0.9972942257819404,2.1509037803761936e-15,0.0003389943646443892,2.363971894220982e-10,157605545974.3062
46,270877.0,13.164923,6058061215433668.0,0.025359316248177267,1.924094365968165e-08,11669516807124.473,1656861623.15,0.9972942257819404,2.173124788911131e-15,0.0005435620189537016,4.2280030026679865e-10,250129224850.47882
47,16508.0,2.0307293,686909096272399.0,0.0016014488079143835,1.0554826646991413e-09,541701817849.86304,128179863.96,0.9972942257819404,2.9563290266790978e-15,0.00021298965955901224,1.505753560562768e-10,72045316213.75977
48,240101.0,0.14942355,142917583772578.84,0.0014031462236948587,1.1104933547053828e-09,1342052628050.1812,73326392.94,0.9972942257819404,1.0455225036393976e-15,0.00013344520541229562,1.0915920464488261e-10,127634943243.95822
49,232733.0,9.803903,6597171797729942.0,0.01954624073436695,1.4212227165050977e-08,13152915540311.428,1424809094.31,0.9972942257819404,1.4860766553591162e-15,0.0005231030801253671,3.9266792997214896e-10,352002757219.1134
50,191571.0,10.236404,5517688462637204.0,0.010278797761165777,7.477991843986555e-09,5540539804463.123,564711452.31,0.9972942257819404,1.855197891166814e-15,0.0002973402084805297,2.2693957577706896e-10,160274119486.80023
51,163773.0,1.8711076,5742314000697204.0,0.001210986478265568,1.071937064117088e-09,3716442928669.293,53057816.94,0.9972942257819404,3.258455737134575e-16,0.0001524234671767092,1.3157782638862804e-10,467778234455.158
52,114795.0,4.4444027,2365396179994864.5,0.004195132873383316,2.9970125218481463e-09,2232730007402.744,248781784.31,0.9972942257819404,1.878925288536506e-15,0.00027021702383658213,2.007579077145753e-10,143814671868.64786
53,238664.0,0.74912745,728027481252638.6,0.0004282941990066357,2.8777616736535433e-10,416230838875.1705,32428924.51,0.9972942257819404,1.028982379498995e-15,9.632805641084827e-05,7.129951388644362e-11,93614874588.76584
54,168972.0,0.33048153,836800700878984.8,3.448463390258935e-05,2.3359464938236665e-11,87317333042.00682,8734075.8,0.9972942257819404,3.949345760022172e-16,4.8235896449507245e-05,3.0901917899856985e-11,122136423044.50052
55,296287.0,81.48651,2.7183350280676304e+17,0.18992157581261399,1.49041495309748e-07,633565570690450.1,5468699294.66,0.9972942257819404,2.997662508801423e-16,0.001373024499964602,1.0930851966212812e-09,4580317150223.787
56,179537.0,4.6083364,1967723681307453.5,0.0021655244137248095,1.5035484794756325e-09,924662025831.2191,245420514.01,0.9972942257819404,2.341963174899634e-15,0.00019996357247230637,1.3265032359097465e-10,85382885015.20776
57,249888.0,31.114138,1.1130936669065766e+16,0.048195020660273244,3.7258515627303234e-08,17241542180401.0,3797411552.64,0.9972942257819404,2.795284792740758e-15,0.0007310839696326285,5.711957529785707e-10,261541854887.63943
58,178404.0,4.510908,6055258756207424.0,0.0038145621181167218,3.0863227880523474e-09,5120512470399.179,109166178.96000001,0.9972942257819404,7.449570995419039e-16,0.00025141844331562867,1.997874704906009e-10,337493854975.31775
59,188871.0,2.6788805,4326599038793994.0,0.0022572454112075595,1.5665515174566466e-09,3645625785268.4287,48852368.64,0.9972942257819404,6.191654174514672e-16,0.00017416509399640083,1.2415572308706508e-10,281290086764.3381
60,293855.0,13.284407,7215519236317392.0,0.0126917891115032,9.116315242088334e-09,6893634655828.819,1047967817.73,0.9972942257819404,1.8410881552552005e-15,0.0003697799185432318,2.8305414496967047e-10,200848567456.00818
61,209022.0,6.127168,2.3700976019412776e+16,0.017113412004790794,1.3170371089216841e-08,66197722591558.99,1267625593.8,0.9972942257819404,2.585196489368799e-16,0.0003794549309497694,2.988932179412407e-10,1467799188611.8376
62,134168.0,0.36388016,709267181769864.9,0.00024644663828658184,1.763036512732407e-10,480368351476.4344,17024691.96,0.9972942257819404,5.130367925553727e-16,6.173814909592385e-05,4.514680567814917e-11,120338638459.85349
63,90266.0,10.452961,1.2731147575742888e+16,0.009823892538291466,7.655988039919535e-09,11964975825818.928,682156521.13,0.9972942257819404,8.210541066947021e-16,0.0003179873309762354,2.6602785277686853e-10,387291566272.47064
64,24315.0,30.780651,1.9490773046252176e+16,0.04808009100963073,3.5212989132430384e-08,30445039707310.36,3563458962.23,0.9972942257819404,1.5792421843380254e-15,0.0007301430554204655,5.559879767600141e-10,462337608925.0815
65,189023.0,7.6905084,3248548030806580.0,0.013774176289761339,1.02973770978118e-08,5818350482796.024,1156975437.16,0.9972942257819404,2.3673679216282137e-15,0.00041660606310762923,3.172969037872434e-10,175978587570.40964
66,229488.0,15.932619,9685100020983304.0,0.014649518340750949,1.0760173227884307e-08,8905130436458.834,1337900487.68,0.9972942257819404,1.6450649931834573e-15,0.00038429217773826903,2.911177184090317e-10,233603036555.17206
67,281563.0,1.1517557,2185194943811529.2,0.0006847906160771704,7.059847833885273e-10,1299234717762.99,37196942.07,0.9972942257819404,5.270722885671008e-16,0.00011071622874254316,9.353694756047915e-11,210058906802.967
68,160531.0,28.914846,1.0728920915895372e+16,0.04300776759454887,3.213413826161787e-08,15958132278868.875,2166643646.99,0.9972942257819404,2.6950376675031106e-15,0.0005723368860597545,4.3319247413766276e-10,212366933850.6913
69,107889.0,24.816097,1.8649737348844404e+16,0.03708568327949786,2.7511149646609634e-08,27870549207035.48,2953874083.27,0.9972942257819404,1.3306405626960577e-15,0.000635922479732173,4.971539918880936e-10,477907030313.06067
70,161254.0,5.019773,9589774878121914.0,0.005452740361069398,3.872455026349128e-09,10416915771192.188,442046057.72,0.9972942257819404,5.234505568480128e-16,0.00021850774186852026,1.6129678043663828e-10,417437213524.5724
71,148259.0,2.3637116,1092156102432393.6,0.007214897954776333,5.440951209555433e-09,3333653238295.2173,316958935.92,0.9972942257819404,2.16426167901792e-15,0.000347973699284518,2.8227072304631046e-10,160781712608.0699
72,224961.0,3.4688015,5061723259836013.0,0.003041508226004177,2.0852252778291727e-09,4438210988016.44,200212152.12,0.9972942257819404,6.853005037877912e-16,0.0001847496366562003,1.212863461510712e-10,269589232220.10284
73,81692.0,5.4887266,928384337699007.0,0.0038626557214774837,2.8980950753550464e-09,653344452198.2848,413678764.97,0.9972942257819404,5.912127528566201e-15,0.000287264446426844,2.2497612607647146e-10,48589013859.87371
74,258861.0,11.48033,7929398345327035.0,0.016571320913984357,1.1805151207318835e-08,11445716685428.977,1712873319.52,0.9972942257819404,1.4478185481456617e-15,0.0004196967950359126,3.102999946213871e-10,289882178656.60876
75,209977.0,4.288857,2440886693534332.5,0.0022081406354819127,1.534044092997266e-09,1256703381483.7488,173608871.26,0.9972942257819404,1.757089754047477e-15,0.0001598253023589435,1.2138943138973914e-10,90960238081.62561
76,190410.0,4.536943,1306233658944530.5,0.003106655186319698,2.0909389033732234e-09,894438737957.5588,411152419.57,0.9972942257819404,3.4733012496906285e-15,0.00019041593452791709,1.3750640555331213e-10,54822752430.37951
77,186909.0,1.2162962,533500206569037.7,0.0017318146107066364,1.2860562360763602e-09,759620438303.8179,87428941.25,0.9972942257819404,2.279842041340625e-15,0.00015727417869980539,1.1215567271326708e-10,68984682205.14207
78,27063.0,10.336962,4299318486586668.0,0.011242116905953422,8.280128855881416e-09,4675787822585.984,607762368.99,0.9972942257819404,2.404325716331558e-15,0.0004261319903235963,3.33685259165673e-10,177235549837.97064
79,269209.0,3.3407466,2645003403231192.5,0.002705861155355432,2.177725918364464e-09,2142339070130.6719,171142744.56,0.9972942257819404,1.2630405677054604e-15,0.00017629539995673798,1.3402166062261807e-10,139580156381.6831
80,266324.0,10.909342,7217559595378618.0,0.014979525454199009,1.063059773134536e-08,9910370183295.408,1706545829.59,0.9972942257819404,1.5115000930487945e-15,0.0004437787306900803,3.212774453976605e-10,293601523897.3288
81,170770.0,0.42510745,462396054534497.8,0.0007389446427812412,4.920467126651775e-10,803761701521.4619,28786049.34,0.9972942257819404,9.193578661218533e-16,0.0001091366979609577,7.679369884447382e-11,118709701610.89864
82,171826.0,3.7672837,2117299665441934.0,0.0009754388321840542,6.498556091857022e-10,548218949648.6205,46697758.91,0.9972942257819404,1.7792869670215873e-15,0.00012095845104383661,8.205488473378064e-11,67981417998.19583
83,212537.0,9.974493,7015488215752431.0,0.013356892303143278,1.0152557988247644e-08,9394474541390.324,912216232.21,0.9972942257819404,1.421781733964499e-15,0.00042456247358748365,3.386201393114048e-10,298612975146.07446
84,76996.0,1.7825953,617585230195980.0,0.0017765529232247911,1.2593913192418817e-09,615491831513.93,251184417.99,0.9972942257819404,2.886395614471422e-15,0.00021040336918658903,1.559978632869337e-10,72894847862.05222
85,152731.0,43.574734,1.7419580490697802e+16,0.06341127520328327,4.65038044841245e-08,25349502131702.8,3986610711.68,0.9972942257819404,2.5014801029949753e-15,0.0009068251839600355,6.858334041378292e-10,362515449503.0005
86,63183.0,11.615009,9374834177776032.0,0.012207068256580383,9.037389099524358e-09,9852703575368.271,2687955617.86,0.9972942257819404,1.2389562076238664e-15,0.00039462069333254013,2.962955049842354e-10,318510606673.7935
87,135396.0,11.026232,3942660010328588.5,0.01863834020212433,1.449164694812934e-08,6664528605403.483,1428640822.2,0.9972942257819404,2.796647941013066e-15,0.0005760878432591739,4.486447438207346e-10,205992264814.8877
88,156805.0,21.739,8739812968805275.0,0.01764523904796794,1.349802693974074e-08,7093982661074.54,874326928.7,0.9972942257819404,2.487352999153677e-15,0.0004955642391700275,4.038137834377002e-10,199233578562.69034
89,305531.0,8.76205,4790637964001550.0,0.00808317597974101,5.99545999918014e-09,4419464590849.482,612228700.84,0.9972942257819404,1.828994398207705e-15,0.0003477496033054031,2.5829140063577446e-10,190131584681.82022
90,263822.0,5.661055,4461256219118967.0,0.005191078736530351,3.980183807720985e-09,4090886291915.951,565960104.55,0.9972942257819404,1.2689374297174925e-15,0.00023680864881257558,1.7872120471148922e-10,186619641967.13547
91,94602.0,0.2596542,566532346665873.4,7.786145259814962e-05,4.830238570524865e-11,169883758688.45322,10708891.8,0.9972942257819404,4.583219325923813e-16,2.2477942837199347e-05,1.3908783115089614e-11,49044004309.5005
92,150824.0,0.1286466,588594973625964.8,0.0002679502732246992,2.2037393702524462e-10,1225949103993.1243,5426598.9,0.9972942257819404,2.185655769492711e-16,5.674259140316739e-05,4.750770193436504e-11,259613577742.56146
93,263621.0,6.706062,7196086489451420.0,0.01162729637144552,8.700880994180951e-09,12476924658228.127,892611095.57,0.9972942257819404,9.31904030034973e-16,0.00037294434921418654,2.9209204318100097e-10,400196090149.10095
94,127242.0,0.5844718,353918799546537.4,0.00047827006304767953,4.2304215786833873e-10,289609809357.5798,80342209.27,0.9972942257819404,1.6514290869794465e-15,9.270955988944916e-05,9.113731710054067e-11,56138989327.73431
95,232554.0,0.38375777,242446880563474.34,0.004614636303405863,3.358577894664432e-09,2915391593753.8257,302875973.44,0.9972942257819404,1.5828529907586477e-15,0.0002580808279979108,2.0802733635320195e-10,163047882213.12637
96,57177.0,4.5428104,5542834507774988.0,0.0021669596802883087,1.4568910899239449e-09,2643979791201.3003,271216394.41,0.9972942257819404,8.195825427635905e-16,0.00014648878245265918,9.699844808659814e-11,178735850032.5135
97,173804.0,15.489523,9122989133881086.0,0.012340842026881531,8.805852025171295e-09,7268485137610.968,1541633212.96,0.9972942257819404,1.6978561272724517e-15,0.0003787102858778156,2.6484583469478734e-10,223052047693.93555
98,77696.0,6.93298,5064733666877965.0,0.0018718400884076233,1.2483883143061267e-09,1367430962554.3298,204664277.13,0.9972942257819404,1.3688735590066417e-15,0.0001784474391449304,1.2336200036672413e-10,130360790425.68793
99,257466.0,14.067389,5125103548491635.0,0.01700481443371009,1.276086903422463e-08,6195281497913.318,1840387753.98,0.9972942257819404,2.744800932683626e-15,0.00046492325255602726,3.6756665098775004e-10,169383231774.65042
100,120966.0,2.0757713,2245283061899836.8,0.00017069832551116232,1.1940898902322882e-10,184637902530.43655,26268323.1,0.9972942257819404,9.245031663150725e-16,6.627369386750353e-05,5.250458845032845e-11,71685740278.92223
101,159264.0,10.056231,3194445030767889.0,0.009922814526998962,7.720775702990148e-09,3152064183589.5825,989181006.76,0.9972942257819404,3.148036952629189e-15,0.00034690476152907996,2.7311301963194967e-10,110197169458.04933
102,79026.0,9.46023,3675757825098223.0,0.004860498729145163,3.3084589591940948e-09,1888539310094.5012,443009931.58,0.9972942257819404,2.573681523686127e-15,0.0002913003817368741,1.9687237575397324e-10,113184315563.5132
103,253381.0,3.6029568,3181031791970049.5,0.0019656426647156893,1.4388412232259724e-09,1735455670218.786,299434931.78,0.9972942257819404,1.1326377840972937e-15,0.00016224922409447553,1.1768053351332765e-10,143248994844.179
104,9957.0,1.596593,1329531182714080.8,0.0004502047380207584,3.24015375184325e-10,374899074344.07007,44521899.61,0.9972942257819404,1.200869164076877e-15,0.0001043352754167016,6.964734847122335e-11,86883133098.77135
105,274109.0,10.778238,6366556764284910.0,0.013000918440535747,1.0739992658740588e-08,7679463492966.966,1354636409.18,0.9972942257819404,1.6929461872489264e-15,0.000423821405494399,3.574715986885081e-10,250345467969.72787
106,19239.0,0.24725987,1507092419229009.5,0.0002759116954616353,1.5118569740204632e-10,1681730337425.3723,11507696.0,0.9972942257819404,1.6406417207412662e-16,6.854770028924718e-05,3.887932742941032e-11,417810295951.00336
107,265531.0,5.9252534,3195825175334378.5,0.016937545533243115,1.2726994982697237e-08,9135378821690.68,1550068302.59,0.9972942257819404,1.854060555543387e-15,0.00045864427501156465,3.6030769152320075e-10,247372866889.53125
108,112987.0,6.983116,5585303455607610.0,0.0021455438356379384,1.6314185024407778e-09,1716069645606.0852,165950072.02,0.9972942257819404,1.250266177209941e-15,0.00014205782221744624,1.0777837466015073e-10,113622062891.00655
109,116878.0,13.628493,7164697587298434.0,0.01210996149765028,9.451836937900001e-09,6366383423647.199,510943829.37,0.9972942257819404,1.902172818034996e-15,0.0004224222896807392,3.442164450267021e-10,222073560128.52426
110,312885.0,1.6346631,4144839896176756.5,0.0006255861210367581,4.5765180085456233e-10,1586231629604.6667,123602395.92,0.9972942257819404,3.9438510073883197e-16,8.838877234137566e-05,6.544222599049833e-11,224117929850.26608
111,252218.0,1.0577247,650827578766284.6,0.0031449194896921834,2.2772526007655074e-09,1935097418913.6958,284587404.43,0.9972942257819404,1.6251995682251722e-15,0.00022102314520442443,1.6432513841970396e-10,135997541179.38675
112,297206.0,15.02414,2.026404790770791e+16,0.01937168949330804,1.4847344616350169e-08,26127874470394.723,1713424869.7,0.9972942257819404,7.414184998193382e-16,0.0004460799109263949,3.443320387141897e-10,601657378437.5375
113,151746.0,10.438082,3482497084623269.5,0.01038414661373382,7.604433161317923e-09,3464502416117.1206,808097792.92,0.9972942257819404,2.997298130151679e-15,0.00043390996088547005,3.4926787574705997e-10,144767034190.0597
114,150544.0,0.47579506,3259393015777536.0,3.6704556960050325e-05,2.5891075472275996e-11,251441401268.00977,2791222.6,0.9972942257819404,1.4597658450418503e-16,1.877857773634394e-05,1.3628004084461813e-11,128641026916.24199
115,283973.0,13.695532,1.619494909620137e+16,0.013666656188996524,1.057866295880166e-08,16160803486573.879,871391741.43,0.9972942257819404,8.45666875434167e-16,0.00037435388469324456,2.793864184659938e-10,442672990473.99786
116,122376.0,0.39859617,280608192914337.66,0.0004637586290135105,3.2796996145004677e-10,326481990120.25604,44507007.13,0.9972942257819404,1.4204723171489188e-15,0.00010705469442473001,8.595096711893033e-11,75365561955.90164
117,207315.0,5.796354,8243166704612064.0,0.004587825700083382,3.5007005965485826e-09,6524482814108.8125,326056729.61,0.9972942257819404,7.031707846884779e-16,0.0002872113045122202,2.2416917642171152e-10,408451703009.05194
118,203824.0,1.9602937,1605424278530981.2,0.004392147735345323,3.2854819704519405e-09,3597042937605.8535,703617834.26,0.9972942257819404,1.2210440107419681e-15,0.0002882392116643108,2.2314955109858877e-10,236059641690.68896
119,306077.0,5.7784247,5690572266138095.0,0.0027194899382272093,2.024302849231434e-09,2678144100504.997,265461293.72,0.9972942257819404,1.0154382423688165e-15,0.0002201712139185575,1.636136461749087e-10,216823835002.45334
120,241963.0,11.258432,5406063088353093.0,0.00922782527372955,6.623305296780696e-09,4431008296544.411,864432990.31,0.9972942257819404,2.082556532544976e-15,0.0003577291561827988,2.6906299599310136e-10,171774043389.65912
121,213400.0,11.394645,6299633655464726.0,0.010536765563144162,8.118698845819453e-09,5825347166263.161,815284386.44,0.9972942257819404,1.808778989888645e-15,0.0003915802840002621,4.59770863018097e-10,216488739746.12518
122,208238.0,7.976842,4784438148412799.0,0.004999456113716518,3.6439639584262775e-09,2998628849835.675,330716471.58,0.9972942257819404,1.6672473867482762e-15,0.000333053571559364,2.5418198629813496e-10,199762539264.7558
123,234068.0,0.6135869,566612764194551.0,0.0021140201889265527,1.2769170994428116e-09,1952177960140.2192,174990273.2,0.9972942257819404,1.0829034197142092e-15,0.00016510942128599335,1.1355773950694685e-10,152469202959.54706
124,197099.0,10.459958,1.6421743320290196e+16,0.0185790475724846,1.4124017642663991e-08,29168410654306.902,1407840181.49,0.9972942257819404,6.369578306023089e-16,0.00043515898183338087,3.3592821669299155e-10,683183345782.7081
125,272656.0,2.6590185,1366748478028574.8,0.007135608971296901,5.347538100116257e-09,3667737814282.6323,638532782.44,0.9972942257819404,1.9455068308072466e-15,0.0003049126112674624,2.343390285184246e-10,156726569364.41873
126,16510.0,2.4118245,2046796130202960.0,0.0007917128188822218,5.53793151311236e-10,671887500073.164,264354537.41,0.9972942257819404,1.1783413425551296e-15,0.00010078969074223426,6.666885688964445e-11,85535224049.49373
127,165907.0,0.33504608,2424848769769672.5,1.0690205171460807e-05,1.092063146405682e-11,77368852841.38268,6564163.64,0.9972942257819404,1.381719487734589e-16,5.238153612941731e-06,5.910191704086851e-12,37910398307.61882
128,240683.0,4.0558453,2352171637562222.5,0.005426558681288622,4.041731811923176e-09,3147111508344.303,540575198.44,0.9972942257819404,1.7242981911827892e-15,0.00029648079241838157,2.227691622519778e-10,171942877359.86627
129,144867.0,27.29628,1.1192755504190482e+16,0.03778545901929788,2.864702274115237e-08,15493811040061.514,3521270801.68,0.9972942257819404,2.4387453107307204e-15,0.0006721674882603756,5.276913466173109e-10,275620207367.60504
130,225181.0,5.2289877,2517082117428078.0,0.00908419247918728,6.315572739741161e-09,4372865218374.2827,700023622.52,0.9972942257819404,2.0774005201478737e-15,0.00033248566740967867,2.46639116223154e-10,160048899663.32138
131,257854.0,3.1748598,1554062324309904.5,0.008210191425909837,5.859537314492769e-09,4018807120358.099,731098926.1899999,0.9972942257819404,2.0429423906211905e-15,0.00034163210665897085,2.494751579760127e-10,167225521496.51755
132,27067.0,15.467341,2.2722796419817956e+16,0.023642035206077144,1.896635776410946e-08,34732094736765.668,1529077926.79,0.9972942257819404,6.80697072412706e-16,0.00048507735520050724,4.0053913799914346e-10,712618541873.8004
133,92568.0,33.00239,6529015246191210.0,0.011979344850018564,8.687506068158322e-09,2369929122259.126,1128938753.28,0.9972942257819404,5.054727053861973e-15,0.00046531623505476636,3.4040273835913184e-10,92055659998.34746
134,211911.0,31.611614,1.7904460735865838e+16,0.0343951049586387,2.6603958995781155e-08,19480998541799.574,3113735531.5,0.9972942257819404,1.7655719692621784e-15,0.0006574147545570241,5.091571549410449e-10,372352283567.20776
135,196300.0,9.01445,1.1231137929012066e+16,0.01378719196529396,9.893821183179104e-09,17177515501886.793,1423398374.45,0.9972942257819404,8.026301570666354e-16,0.00036263099695282657,2.712887570821801e-10,451803353960.8461
136,284418.0,1.7681826,907292837069149.4,0.003935749053639414,2.8620835812889984e-09,2019518190524.3967,408925206.16,0.9972942257819404,1.948855460726224e-15,0.00025684852761861287,1.9552156574469854e-10,131794549567.51923
137,105818.0,0.23218156,61522721512483.13,0.003364046346613485,2.6921743805368554e-09,891394159543.8834,190464066.37,0.9972942257819404,3.773915624862104e-15,0.0002681039077643437,2.0845964216257533e-10,71041309455.3856
138,16509.0,3.8607233,3671122090302153.5,0.0016498575447544373,1.1405463667074735e-09,1568832575595.2747,180951169.6,0.9972942257819404,1.0516466641626297e-15,0.00015014687482093985,1.007356434898068e-10,142773119468.30908
139,144384.0,2.3424566,732469111772968.5,0.0017453978978347743,1.2794665037840147e-09,545773205752.219,264961708.35,0.9972942257819404,3.1980278244498224e-15,0.0001890183844152991,1.3163398611846165e-10,59104671626.11919
140,101030.0,1.858089,2158380344109841.5,0.00043939921394591213,2.9552549383293894e-10,510411840658.9628,40582048.75,0.9972942257819404,8.608719056725438e-16,0.00012024816824760669,8.338820234156944e-11,139681835886.68112
141,4959.0,11.471611,1.0898708157583598e+16,0.015415518050917473,1.123185724193467e-08,14645652849884.074,877537294.58,0.9972942257819404,1.0525661238132852e-15,0.00036192332712787296,2.6030463341871386e-10,343848542091.2849
142,274959.0,12.434177,9997514084409742.0,0.0193027664070124,1.4363791425181236e-08,15520100688785.248,2615515221.66,0.9972942257819404,1.2437268800041024e-15,0.00044157090856356516,3.376359592534145e-10,355038486071.8847
143,163772.0,6.401937,4345202106317931.5,0.00466926240720084,3.4628120145672418e-09,3169179710253.354,396394801.61,0.9972942257819404,1.4733346903914026e-15,0.00029919051361685533,2.2314150107853775e-10,203070297311.3143
144,324155.0,12.941832,1.1320262696523958e+16,0.01203766310853121,8.949957347770768e-09,10529383215670.586,938167319.87,0.9972942257819404,1.1432448474869729e-15,0.00035016580448697453,2.574686368361039e-10,306291172233.74554
145,278363.0,7.271693,4276072623221408.0,0.004394463284452933,3.3292880637309475e-09,2584136066305.442,568918287.64,0.9972942257819404,1.7005541394481325e-15,0.00023364378545936588,1.9106582507061546e-10,137392735720.36258
146,197660.0,0.10823055,162860068588153.9,3.5545018097702745e-05,3.048209725266854e-11,53486414744.81134,2696080.7,0.9972942257819404,6.645616137722323e-16,4.925744070922462e-05,3.20193288492942e-11,74120201480.83186
147,270470.0,17.478628,1.6158528981754406e+16,0.020307370546282913,1.527985248197817e-08,18773626597885.043,2119249186.06,0.9972942257819404,1.0816967324028196e-15,0.0004911178594865967,3.838225533997856e-10,454025462752.07416
148,240756.0,0.80970657,718228574540666.1,0.003997920423119049,2.9645379427145773e-09,3546248471991.293,347027595.06,0.9972942257819404,1.127366132039285e-15,0.00029015696749171556,2.1916581466391535e-10,257375983937.75815
149,205651.0,23.087824,1.309708931387605e+16,0.036672990139045535,2.7294353384951526e-08,20803581457393.95,2888027829.47,0.9972942257819404,1.7628209937866889e-15,0.0006387292735920147,4.889281599561462e-10,362333598160.7356
150,21510.0,13.740037,4458584671750534.0,0.0034653768111967197,2.529481149170201e-09,1124500314827.4956,152415521.57,0.9972942257819404,3.0817037269823503e-15,0.0002224496649254093,1.649611058544005e-10,72183988025.10301
151,134169.0,23.088955,3.467220219645174e+16,0.0415238050221321,3.011133497302986e-08,62355432010387.75,3089256970.05,0.9972942257819404,6.659212146139036e-16,0.0005950862690538161,4.425569135033096e-10,893628639536.3495
152,169974.0,3.3458989,1228131337114925.0,0.0018504006263453446,1.2946901536739012e-09,679200138244.405,191222415.99,0.9972942257819404,2.7243819931018503e-15,0.00016068275155893896,1.127734499077444e-10,58979523416.976234
153,267113.0,8.571924,4640328623069667.0,0.009357943243197777,6.743430967625773e-09,5065832581398.533,781587934.83,0.9972942257819404,1.8472665831002083e-15,0.00032698558625846757,2.466926350682111e-10,177010502571.69604
154,212332.0,18.662039,1.012697075085268e+16,0.03409750032927847,2.567784976329582e-08,18503036485551.91,2700601152.45,0.9972942257819404,1.8428056581903997e-15,0.0005711879228023158,4.433813023374526e-10,309955594212.36615
155,208092.0,4.813952,3843388728009724.5,0.003630997082616961,2.4625290596815778e-09,2898934858254.9688,314208466.74,0.9972942257819404,1.2525280008543074e-15,0.0002573810407086748,1.7651332415516812e-10,205489250965.34674
156,242026.0,0.21016608,887787662490187.9,0.000198561311031443,1.3925525271062134e-10,838766570616.8756,74412647.83,0.9972942257819404,2.367301201398739e-16,4.7474049645253904e-05,3.2558951684847803e-11,200540808314.56293
157,327259.0,3.3556087,3336306047422409.0,0.002397537271736374,1.5979689033492178e-09,2383745786156.38,50983197.84,0.9972942257819404,1.0057856360607277e-15,0.0001419019116299521,1.0339582558447728e-10,141085641455.09857
158,211774.0,0.91181713,4564513899416403.0,0.0005167546279807422,3.6239943587536215e-10,2586849494707.1787,32206262.28,0.9972942257819404,1.997621543263524e-16,5.6990639595265525e-05,4.718061464129773e-11,285292475881.89124
159,210576.0,14.740886,5023711106144847.0,0.00942611975731595,7.28916863810653e-09,3212432584627.5117,767863960.94,0.9972942257819404,2.9342622791285525e-15,0.00030664769884370573,2.2921984216561255e-10,104505892682.08742
160,110739.0,11.345774,4.280782085744186e+16,0.018160168554646125,1.3340615410458418e-08,68518660977051.016,2466037603.87,0.9972942257819404,2.6503974677392657e-16,0.00045713004598946493,3.3294800450549186e-10,1724760348414.4114
161,294244.0,6.8904786,6939459698840204.0,0.0057773541807316295,4.1735074499307385e-09,5818422613359.993,448193175.48,0.9972942257819404,9.929416552633932e-16,0.00030563133126704743,2.31616903362209e-10,307803917427.529
162,178018.0,9.858367,2900279896879943.5,0.010598355942601504,7.403592266225976e-09,3117980764999.4395,561437671.02,0.9972942257819404,3.399108827601574e-15,0.000388013550972405,2.860115367526695e-10,114151552848.6886
163,81693.0,0.89878106,3815042166824365.5,2.0674711537492333e-05,1.860016844281493e-11,87757630654.1923,11477389.2,0.9972942257819404,2.3558876172216567e-16,6.888350322641457e-06,6.120505363496747e-12,29238874860.95377
164,129616.0,12.544093,9308256570831940.0,0.010459497693922898,8.231646773849833e-09,7761397188067.669,1078984001.13,0.9972942257819404,1.3476307732328496e-15,0.00031114186324399313,2.4763119737095554e-10,230880645814.87015
165,213628.0,0.7168711,5444604240548664.0,0.00023066996665222216,2.0245098431121203e-10,1751928175932.755,8067634.71,0.9972942257819404,1.316663375936686e-16,5.5448509922408885e-05,5.371695795341071e-11,421128975984.17914
166,250740.0,0.20606281,409583708379347.5,0.0018386143313422925,1.2459780494031326e-09,3654548222993.71,138175149.59,0.9972942257819404,5.031030428806732e-16,0.00013779537160776666,9.413345105118513e-11,273890952475.21527
167,93093.0,8.677299,1.2505067832414542e+16,0.011446272404642011,8.282208338286314e-09,16495503133906.422,817157368.58,0.9972942257819404,6.939025934355562e-16,0.00034975709604745213,2.594278286749626e-10,504043506042.80396
168,27062.0,0.42772633,945883774695276.2,0.0003303057896062087,2.347128749656088e-10,730445766750.9606,17826139.64,0.9972942257819404,4.521975547553877e-16,8.506290467154579e-05,5.730391569850831e-11,188110050081.00897
169,149515.0,0.75085634,298717494176819.8,0.007478260666206613,5.280449100266163e-09,2975119430982.383,618559240.15,0.9972942257819404,2.513600156124588e-15,0.0003370430689877861,2.4112445521277586e-10,134087781688.9666
170,255016.0,0.8038678,751102832741632.0,0.0010124924032128846,7.978671957686984e-10,946033554500.6035,120019899.41,0.9972942257819404,1.0702499910242229e-15,0.00011865404594438686,1.243678178686625e-10,110865729445.91725
171,44458.0,3.983398,4683561852516816.0,0.0050227791679612185,3.586004394007071e-09,5905635566588.957,381255815.16,0.9972942257819404,8.505061159509258e-16,0.00026202290565294315,1.9627892017671984e-10,308078802419.87805
172,181631.0,1.433642,716228798491758.1,0.0029760072181176456,2.1963925472544305e-09,1486774295211.2178,229681956.15,0.9972942257819404,2.0016536657266196e-15,0.00021850650249253823,1.5855744428144835e-10,109162991697.2766
173,227573.0,6.892646,3750207032270012.0,0.00548808930030799,3.91547740060064e-09,2986004371578.177,559199970.83,0.9972942257819404,1.837937463369285e-15,0.0002830842037280085,2.0903428185595407e-10,154022761584.6417
174,174293.0,6.949843,3852281836634795.0,0.005549200250185187,4.034835107648863e-09,3075908812851.9814,323522998.94,0.9972942257819404,1.804084772279049e-15,0.00027028121421532016,2.0387931689333954e-10,149816249418.19202
175,114271.0,4.887163,2735967989820444.0,0.002350359500450761,1.6266789414249266e-09,1315795760813.3086,111039850.9,0.9972942257819404,1.7862646851803023e-15,0.00020257035226499317,1.41158959364587e-10,113404443331.16628
176,55967.0,25.511555,4846535815225737.0,0.015603843549300334,1.0880609816018562e-08,2964326816490.1416,1041166983.82,0.9972942257819404,5.263874233602821e-15,0.0005602754972996054,4.112092709174758e-10,106437857827.79405
177,211459.0,1.154793,486021036718094.5,0.0004487718018128071,2.631565301025502e-10,188875873309.68216,95854835.98,0.9972942257819404,2.376014437148348e-15,7.60795634839659e-05,5.292526161741626e-11,32019823741.17023
178,76997.0,16.739489,8330109167909119.0,0.018064660766729634,1.296117124556942e-08,8989557343602.467,1483776739.31,0.9972942257819404,2.009516161503278e-15,0.0004367550525072685,3.2302597869057407e-10,217343388858.6101
179,270627.0,0.38122052,153624756750984.1,0.004329191541745891,3.192692532565357e-09,1744583417306.9443,355719426.26,0.9972942257819404,2.4815044662230714e-15,0.00025947007664512886,1.9958567704094886e-10,104561599697.64252
180,196005.0,15.204552,2.4421099032981572e+16,0.04361377796822736,3.294840037664684e-08,70051152507785.18,3391350760.76,0.9972942257819404,6.225990066813007e-16,0.0006439230372084843,4.974757551578066e-10,1034250023367.1252
181,241860.0,5.6411624,2995489731231663.5,0.004868399645579513,3.3657689890665237e-09,2585148257009.1055,1061771366.85,0.9972942257819404,1.883218740890328e-15,0.0002546712261844636,1.7958884610007217e-10,135231888178.88617
182,202091.0,2.9072125,1068592436155564.0,0.0017340705084166314,1.3504708170355964e-09,637385340443.6194,105655299.5,0.9972942257819404,2.720599923446185e-15,0.00014701811081346033,1.0886499423968012e-10,54038857219.121155
183,259949.0,6.803447,5431826263346924.0,0.008456953034455915,6.071975464461902e-09,6751974344835.654,563449364.72,0.9972942257819404,1.2525155758218096e-15,0.0002737772752644022,2.0587164996826345e-10,218581932671.5913
184,98420.0,14.287646,1.2688770389977364e+16,0.018207270923909776,1.3867246030468604e-08,16169765137070.316,1638458345.52,0.9972942257819404,1.126007135512954e-15,0.000434375829251808,3.316650672685861e-10,385766497877.4113
185,86001.0,5.505874,9418012507527786.0,0.011603309265885247,8.40494094994829e-09,19847913663629.117,517581643.44,0.9972942257819404,5.846110307879899e-16,0.00043609237247001334,3.2456158599319007e-10,745953034588.1602
186,256753.0,6.417859,4374516410571454.0,0.006205430669793233,4.56444766746078e-09,4229721827742.5396,574725682.02,0.9972942257819404,1.467101365648236e-15,0.00030920412661497164,2.2698333838048827e-10,210758529611.44943
187,173257.0,17.576294,1.1467175692630214e+16,0.033318081007706744,2.5312081747843637e-08,21737477118706.547,2964646333.31,0.9972942257819404,1.5327482957548149e-15,0.0005586699926857998,4.4023875459735196e-10,364489064664.5137
188,268714.0,0.68523073,1347606553603171.8,0.0003050126979645038,1.8781479185153987e-10,599852126756.1222,17466918.7,0.9972942257819404,5.084798142067949e-16,6.459093972952387e-05,4.2569383239926335e-11,127027539589.3203
189,143045.0,4.536518,2555203413026732.0,0.0016065656843828049,1.069839711326923e-09,904901539018.8181,196634517.83,0.9972942257819404,1.7754038589931e-15,0.000127333479682233,8.928964124914826e-11,71720853279.2357
190,321428.0,7.1860986,9476517167113444.0,0.013392618498520229,1.1583370425404943e-08,17661235418315.582,457808689.9,0.9972942257819404,7.583058705299526e-16,0.0002571038534564371,2.373732212963378e-10,339050327115.042
191,51681.0,3.1850533,1845713674851346.0,0.020958468582437547,1.5624640210989697e-08,12145269928935.66,2541328732.39,0.9972942257819404,1.7256486438810854e-15,0.0005263096932224715,3.9894530026045136e-10,304992383640.0265
192,183926.0,3.1646397,5525598938666741.0,0.0006555294286134321,4.4386477756248743e-10,1144582972592.8027,65102398.07,0.9972942257819404,5.727233798773656e-16,7.279309052286524e-05,5.683263064869144e-11,127099910847.8024
193,29357.0,7.9747357,1276393419234818.5,0.010558537853768288,8.392092535950105e-09,1689942932314.5554,583089604.45,0.9972942257819404,6.247866511863365e-15,0.00046469255158187566,3.9954317244718066e-10,74376197170.58994
194,33590.0,0.29882345,333994496966278.75,0.0,0.0,0.0,2802710.4,0.9972942257819404,8.946957291639756e-16,0.0,0.0,0.0
195,135788.0,17.410301,1.45230366434009e+16,0.024370886003124835,1.732990969145124e-08,20329302201927.93,1834362828.99,0.9972942257819404,1.1988058301781564e-15,0.0005421770279292387,4.020377558392629e-10,452264256880.25305
196,57174.0,1.0720897,265685426796703.5,0.0011151700475838695,9.814251385056168e-10,276361604857.52313,45644372.86,0.9972942257819404,4.0351844394549305e-15,0.00016578533609926016,1.5225389651704068e-10,41084946323.210526
197,91486.0,6.600487,4857386888756446.0,0.004468927774158624,3.034541356981589e-09,3288743872535.1064,310530575.14,0.9972942257819404,1.3588555227664417e-15,0.0002524678030352466,1.7634839638459227e-10,185794441576.2885
198,309059.0,7.791691,1.063650384756424e+16,0.01023290896375598,8.050556617432528e-09,13969031313583.29,741465493.0,0.9972942257819404,7.3254248874119455e-16,0.00032789716366460873,2.6124122315572167e-10,447615215095.67206
199,68205.0,0.5794768,460602752214297.94,0.0006199267531998437,4.0615558408489955e-10,492754789657.0179,27349617.24,0.9972942257819404,1.2580836680072534e-15,9.396894335460865e-05,6.14889584241144e-11,74692125606.75804
200,279860.0,5.5848966,6575521657511423.0,0.005882064070956348,4.5112246627031064e-09,6925399422693.568,529429168.87,0.9972942257819404,8.493465447901307e-16,0.00029149249440087177,2.263007642542144e-10,343196185572.1661
201,67234.0,0.9903629,845110006945075.9,1.5938653865668274e-07,1.1252064649529014e-13,136009899.79642892,22489385.66,0.9972942257819404,1.1718745392448822e-15,3.1851339826413124e-07,1.7403971387720596e-13,271798206.7170526
202,149223.0,1.1592139,2319542911198676.0,0.0013116194560362387,9.375003838515506e-10,2624500630504.1035,67913137.8,0.9972942257819404,4.997596269520835e-16,0.00013047695756624096,9.561349347729845e-11,261079428048.2184
203,267546.0,7.8404613,3431101979274012.0,0.003092206360439402,2.3782862768757376e-09,1353195297785.2617,333621628.7,0.9972942257819404,2.2851146212969648e-15,0.00017016747626360287,1.2866405844163036e-10,74467807731.68427
204,133406.0,0.4487802,1047057635057063.5,0.00019108547118984156,8.59152806922512e-11,445825153511.2292,9547923.24,0.9972942257819404,4.286107898688328e-16,5.9703789971841835e-05,2.6711366165428853e-11,139296049896.72076
205,230116.0,8.310022,4453505411031341.5,0.006823229399423511,4.963132689116024e-09,3656703803075.4595,234346026.44,0.9972942257819404,1.8659508034763042e-15,0.0002977197999876928,2.1440130155474968e-10,159553938631.7339
206,51679.0,3.8390713,3215292923330267.0,0.003109472245310518,2.3647250017632476e-09,2604240276975.003,275910916.78,0.9972942257819404,1.1940035920657733e-15,0.0002138157282929951,1.6818135584788287e-10,179074610590.63278
207,118881.0,2.529415,773387646596200.9,0.001685443693859685,1.219925127627796e-09,515337076701.3516,116147491.42,0.9972942257819404,3.2705655580773087e-15,0.00016210479919431573,1.234597034252053e-10,49564760686.10392
208,219202.0,13.140693,6586129022826813.0,0.012515532039295757,9.06130205536295e-09,6272797697969.554,981739669.6,0.9972942257819404,1.9952073447780595e-15,0.00040588434870445156,3.0254174720059903e-10,203429658459.68295
209,211192.0,56.60267,2.9211952633118156e+16,0.05160091489657849,3.824436156301866e-08,26630607386266.617,3728204682.83,0.9972942257819404,1.937654449563514e-15,0.0008482624326292405,6.483854522664188e-10,437777970587.2347
210,43181.0,59.631023,9177181067130922.0,0.044482453337249275,3.323284229280638e-08,6845824673947.633,3793393284.64,0.9972942257819404,6.497749424774349e-15,0.0007576994159190636,5.773037687969097e-10,116609516062.61374
211,149788.0,0.7830518,3542548993159127.5,0.0004519307144156722,2.7832079482947574e-10,2044547624219.6555,20519659.46,0.9972942257819404,2.210419112091659e-16,8.422111426165512e-05,5.060143662234288e-11,381018757035.4428
212,138562.0,7.0397267,4243085193480645.5,0.002012801040149053,1.3237468868313338e-09,1213184354284.5051,293791687.46,0.9972942257819404,1.6591056693408602e-15,0.00016544396023881528,1.1602067506521696e-10,99718760110.40567
213,240006.0,2.3443725,1270429772929804.8,0.007627061218093682,5.671159591098552e-09,4133151046356.5312,990007118.98,0.9972942257819404,1.845338128839282e-15,0.0003375210174598389,2.553729795365725e-10,182904700328.35645
214,229871.0,12.202252,4009108485564384.5,0.008313929736042815,5.617578046258915e-09,2731581535371.939,508289455.79,0.9972942257819404,3.0436322798289707e-15,0.00023383229675444101,1.716759014489879e-10,76826723879.92305
215,187090.0,5.0172143,1935123931213967.8,0.004822077437829147,3.828903830952032e-09,1859860251157.7224,426013635.92,0.9972942257819404,2.5927095516061003e-15,0.00027305190664418395,2.133791370340493e-10,105315270071.43437
216,251769.0,40.419632,6.689261407134831e+16,0.06898518774293207,5.365093526362892e-08,114167282382171.67,4224161742.41,0.9972942257819404,6.042465608667652e-16,0.000844122633994322,6.791898415419369e-10,1396983762362.6108
217,218401.0,1.7118948,1301013743553022.0,0.004190723909267409,3.0719876688092206e-09,3184885777673.4565,314293901.84,0.9972942257819404,1.3158160768731594e-15,0.0002827041422162062,2.136841276001572e-10,214850804139.7476
218,275410.0,2.258432,2637660786502384.0,0.0007661428548624568,5.080291969397647e-10,894791149403.5197,56048448.25,0.9972942257819404,8.562253385867511e-16,0.00010357914897088678,7.741283383633386e-11,120971833351.54515
219,262009.0,1.3040631,1312593305514644.5,0.002434297527750467,1.7344898551968392e-09,2450220881609.2656,149171131.88,0.9972942257819404,9.935012577934032e-16,0.00017828521963453946,1.3239283396207063e-10,179451428205.04968
220,58117.0,5.992412,4849002209948121.0,0.0030935808498473547,2.250736077027807e-09,2503295897805.927,507630666.63,0.9972942257819404,1.2358031076385326e-15,0.0002091663134625738,1.5865264044680865e-10,169255370996.97446
221,9960.0,0.14694236,253319952134115.22,0.00034552585030802257,1.5115358932725916e-10,595666163665.3157,15547791.7,0.9972942257819404,5.800662709828884e-16,8.079895124599206e-05,4.258331969520357e-11,139292621012.22153
222,289211.0,33.108395,6.9120745503173736e+16,0.060184073322126615,4.4293695869512816e-08,125646924758601.6,5099551477.05,0.9972942257819404,4.789936040038776e-16,0.0008073344156995721,6.142809055089787e-10,1685480576256.372
223,265598.0,12.583432,4713418898938202.0,0.018044060724837642,1.3630225390359146e-08,6758825162645.477,1554957963.6,0.9972942257819404,2.669703726701373e-15,0.0005145857789935422,4.0072546423621687e-10,192750144462.4168
224,219498.0,21.149565,1.1141604652328778e+16,0.020473994185134643,1.4526228130033064e-08,10785713505920.736,1721746532.86,0.9972942257819404,1.898251253743723e-15,0.0005244247823678901,3.800818826914179e-10,276267317792.427
225,31452.0,1.8352804,1039223927753070.9,0.0001663030459443309,1.0331456291793082e-10,94168773667.26468,7559017.58,0.9972942257819404,1.7660105305389768e-15,4.043859454529453e-05,2.4489044867334908e-11,22898274866.431793
226,48906.0,0.49959978,576515561509688.2,0.0007417328727858078,5.125561895318097e-10,855926204860.0265,120289167.22,0.9972942257819404,8.665850730754373e-16,0.00011568365278962398,7.815714572246919e-11,133493705792.86862
227,190545.0,18.423544,7407532738825758.0,0.020926028841345545,1.618145608817857e-08,8413703885413.098,1456058003.26,0.9972942257819404,2.487136358295799e-15,0.0004937365687962555,3.881693560832297e-10,198516083426.38956
228,118056.0,2.8460202,1232827374452022.0,0.0008462374197354853,6.098061021614022e-10,366569659742.94635,84599572.54,0.9972942257819404,2.308530990614176e-15,0.0001409589699754313,1.0100818112362571e-10,61060029321.04009
229,163291.0,0.3323179,151663419247291.88,0.001548849817808223,1.1838274989461184e-09,706864900353.9689,136403794.75,0.9972942257819404,2.1911539489832113e-15,0.0001487617478516089,1.1888581911693613e-10,67891965291.00143
230,250889.0,7.6677036,4882397300691476.0,0.011971060259962587,9.20906364466741e-09,7622552376653.727,869620055.04,0.9972942257819404,1.5704792395559557e-15,0.0004305923003079818,3.3789081077493847e-10,274178919060.22864
231,115258.0,22.774208,6974245487334602.0,0.01426563745242499,1.0580822888425418e-08,4368628653366.4077,871482180.53,0.9972942257819404,3.2654726653024348e-15,0.0004425723827647304,3.3576272339057446e-10,135530879638.74937
232,239929.0,8.6879835,3436804808445967.5,0.012369966300556461,9.683784492043353e-09,4893328775551.544,744205420.44,0.9972942257819404,2.5279246230828213e-15,0.00031310598944283397,2.3184034807347775e-10,123858910421.54535
233,72440.0,0.52677834,388956213976324.5,0.0014578889659120709,1.1283425511462867e-09,1076458406735.2085,71445272.85,0.9972942257819404,1.3543384089810804e-15,0.00019001045195003572,1.422444363079578e-10,140297617412.31848
234,138157.0,2.9122016,9504436461748466.0,0.001538439411281163,1.1118197773157588e-09,5020943479589.987,234920308.41,0.9972942257819404,3.064044471989939e-16,0.00013912292481880982,9.84018370670403e-11,454049952899.204
235,136498.0,6.6374273,2483944435855759.5,0.016971689723942425,1.2361226483176144e-08,6351366629184.347,1196395118.8,0.9972942257819404,2.6721319543982864e-15,0.0006005226503877421,4.5653398903612026e-10,224735402531.0357
236,27064.0,5.8556724,6919944841111533.0,0.008233177305476505,6.236314015195402e-09,9729562880086.783,595147550.47,0.9972942257819404,8.462021785508074e-16,0.0002630239803374412,2.0916940264374645e-10,310828767644.97577
237,285854.0,7.4936423,7276293612081216.0,0.00906168855988135,6.348979060433432e-09,8798859612358.879,645430374.19,0.9972942257819404,1.0298707967965873e-15,0.0003249250284279505,2.2598778574326233e-10,315500769066.0126
238,253885.0,11.484276,5532308393217476.0,0.011645628553904781,8.63867682698386e-09,5610036592037.715,959652501.41,0.9972942257819404,2.0758560773798408e-15,0.0003910520313603158,3.003265750493319e-10,188381090395.19937
239,206988.0,13.029372,5245104203495186.0,0.007652301799143499,6.189421068498535e-09,3080510736288.851,577562343.39,0.9972942257819404,2.484101648794242e-15,0.00028765113541365933,2.3135072839960334e-10,115796845734.26466
240,124778.0,0.16387968,635955149023147.4,0.0,0.0,0.0,1108233.0,0.9972942257819404,2.576906252771532e-16,0.0,0.0,0.0
241,235468.0,0.630478,303928360832200.6,0.005608054792765395,4.126291273585542e-09,2703420104464.1577,528374816.64,0.9972942257819404,2.074429639516557e-15,0.00029453592057546147,2.2295521940353464e-10,141984049477.86163
242,261767.0,2.648157,1479829379831408.2,0.004621706384851374,3.2096149063870535e-09,2582678025984.6636,394862582.19,0.9972942257819404,1.7895015709863086e-15,0.0002232218754597386,1.706019481908074e-10,124739692369.59471
243,242673.0,0.113580756,160144801927268.5,0.0006842357270469478,4.6278129013501003e-10,964747892499.4476,30008049.66,0.9972942257819404,7.092378561970681e-16,0.0001270542820602558,8.363857425631574e-11,179141991576.02866
244,195175.0,8.653338,4989198961842508.0,0.008683345643497226,6.300432350749649e-09,5006500274212.798,650564770.34,0.9972942257819404,1.7344142949962308e-15,0.0003060880674754851,2.2942422720668895e-10,176479211661.56573
245,96317.0,5.082322,8325654959350575.0,0.003286884595544888,2.3541045261025215e-09,5384441803118.989,460103626.0,0.9972942257819404,6.104411034103718e-16,0.0001791647131674687,1.3752264858201975e-10,293500408420.27704
246,294525.0,0.6000337,358161870633541.9,0.0011632873498016532,8.284841308620796e-10,694369621721.739,137731656.57,0.9972942257819404,1.6753142899846326e-15,0.0001436685259800764,1.1168997592094661e-10,85756163389.13593
247,50228.0,0.5734171,1114707362971060.5,0.0002151388588755892,1.769189982195602e-10,418224133967.7717,7795016.95,0.9972942257819404,5.144104354632193e-16,4.009790113616859e-05,3.280594853343698e-11,77949237363.47028
248,52910.0,26.867085,5725945484544309.0,0.008218222518462806,5.46076345813849e-09,1751477472177.293,465513129.86,0.9972942257819404,4.692165699537424e-15,0.000384932055591792,2.618885508527853e-10,82037182879.05742
249,248676.0,4.180969,2064490402889489.5,0.0013945693049026958,9.913397795104926e-10,688614277249.0974,179560948.61,0.9972942257819404,2.025182095372426e-15,0.00010740530477600907,8.27562773622943e-11,53034887589.33428
250,248311.0,19.229927,1.6919682720916438e+16,0.033937868179467444,2.622216560401643e-08,29860641791353.402,2594041196.55,0.9972942257819404,1.1365418203869505e-15,0.0005946239047963202,4.738506241750585e-10,523186999483.9897
251,238329.0,8.989007,2569714686086842.0,0.013647170929413857,1.0059284837981494e-08,3901358132311.189,1148779075.66,0.9972942257819404,3.4980564374204703e-15,0.0005138338474326667,3.898660922233149e-10,146891239928.52927
252,75505.0,15.216173,7126132177786405.0,0.010275710934269438,7.534157644425792e-09,4812384450303.571,652946436.69,0.9972942257819404,2.1352639300505664e-15,0.00033844841304220074,2.6058588327426694e-10,158504252462.21704
253,176334.0,3.1767588,2859602176842587.5,0.006060586076645992,4.687697952540673e-09,5455518101569.045,433547663.68,0.9972942257819404,1.1109093515614816e-15,0.00024591632628229144,1.8078053578686448e-10,221364889886.50085
254,229392.0,2.6062536,4920172055411218.0,0.00012129086181770059,6.629073767222962e-11,228976914944.95926,16174396.1,0.9972942257819404,5.297078172568448e-16,7.40590531870186e-05,3.5716453582656474e-11,139811138847.34085
255,24317.0,38.361027,3.624132934216729e+16,0.06304795421339959,4.948709144646743e-08,59564142352020.41,6809653155.366,0.9972942257819404,1.0584884080222305e-15,0.0008291986680028448,6.638566108419493e-10,783380017880.583
256,169213.0,0.18661651,1954582489678545.5,0.0,0.0,0.0,1425474.8,0.9972942257819404,9.547640531185324e-17,0.0,0.0,0.0
257,171613.0,0.8663133,2427836452810326.5,0.00015471321867721854,8.906650210379831e-11,433582621940.7767,13948392.0,0.9972942257819404,3.568252297213861e-16,9.266670702433064e-05,5.694520326171576e-11,259697743617.19333
258,144686.0,9.569621,6245927749026549.0,0.007252075188888102,5.113477907887332e-09,4733305285580.6045,403695131.61,0.9972942257819404,1.5321376398392474e-15,0.00029798704258350345,2.2156890903021908e-10,194491039731.10953
259,65245.0,20.98645,8000720435141163.0,0.016286601825471734,1.118444105311059e-08,6208984751783.13,1175629050.87,0.9972942257819404,2.6230700310214903e-15,0.00046189942515558667,3.428633627647335e-10,176091152616.20038
260,219857.0,4.150686,1790808486515829.8,0.0048510314789415206,4.0106501849460255e-09,2092971701748.5571,340438182.03,0.9972942257819404,2.317772129880573e-15,0.0002876842949307208,2.393259294155919e-10,124121043316.51628
261,178560.0,11.3682785,7026240877919954.0,0.013251526340881944,9.118314114562968e-09,8190194854140.6455,660156524.11,0.9972942257819404,1.617974489847758e-15,0.00038887782738980645,2.763590528380782e-10,240348552977.74045
262,209841.0,32.834408,1.6994010097413696e+16,0.04398067972817346,3.2527497776503743e-08,22762953892505.008,3886254070.29,0.9972942257819404,1.9321165405802038e-15,0.0006688246883699757,4.994084203812001e-10,346161670024.8999
263,250310.0,2.2734518,2775440051244139.5,0.0008492979524246824,6.211216633207598e-10,1036826711082.726,123144338.69,0.9972942257819404,8.191320143920549e-16,6.598413643569446e-05,4.733611840611813e-11,80553726720.9202
264,219285.0,4.4452887,3850661996379838.0,0.0021250934049118052,1.744340065385739e-09,1840829013659.1846,154051544.79,0.9972942257819404,1.1544219420398868e-15,0.00017047300133689035,1.3978393408249965e-10,147669578278.858
265,181207.0,4.290098,1986650385431343.5,0.01741175805445576,1.2859314809457537e-08,8063003653977.562,1281412869.34,0.9972942257819404,2.1594629993583548e-15,0.0005243894481151347,3.9100369708423914e-10,242833263765.55075
266,102012.0,3.344387,1268550768577058.8,0.004182418162136669,3.2069249064351594e-09,1586422197577.35,319843306.63,0.9972942257819404,2.6363840398373804e-15,0.0002976811659666713,2.342201162124876e-10,112912671852.2515
267,252584.0,15.497109,1.760667888253665e+16,0.02203274548099613,1.6512245762882753e-08,25031989810780.797,1594935030.93,0.9972942257819404,8.801835430400763e-16,0.00046295133115392846,3.6177886126515807e-10,525971355423.1376
268,289538.0,12.71366,1.8139618734945108e+16,0.012614065825854467,9.542205946463266e-09,17997519579609.69,1110492208.2,0.9972942257819404,7.008780165543249e-16,0.00036126440482275483,2.860472976197056e-10,515445478799.3102
269,109620.0,18.094614,5460791734029848.0,0.010730753672993705,7.801110935722639e-09,3238444929380.337,1680159927.29,0.9972942257819404,3.3135513825294507e-15,0.0003825945235516234,2.765090941282641e-10,115463585556.22093
270,282344.0,6.3144794,7531250096406516.0,0.007651573541425221,5.669223509080169e-09,9125996035638.385,657277145.97,0.9972942257819404,8.384370880224665e-16,0.0002812034414960364,2.0432290827460419e-10,335390031659.12115
271,129615.0,16.032894,5541928054071783.0,0.01724871659188777,1.2205420094736282e-08,5962189132998.463,1741526917.0,0.9972942257819404,2.8930173476756453e-15,0.0004569889064542671,3.2990971222981935e-10,157962725948.19678
272,170577.0,22.44936,1.853029841370347e+16,0.038698897293917595,2.8941964303637076e-08,31943098383987.555,3165804996.75,0.9972942257819404,1.2114947907907577e-15,0.0006490117337715022,4.958007793610141e-10,535711534795.6917
273,233549.0,0.91015834,1098076682202421.8,0.0008809825105548993,5.892366421956004e-10,1062876984974.377,61581735.42,0.9972942257819404,8.288659205243186e-16,0.00011247634624768475,7.627901717832458e-11,135699084088.9383
274,256453.0,8.13758,6869578722685873.0,0.006812979094515438,5.19252197395104e-09,5751377710054.699,496894809.72,0.9972942257819404,1.1845821015380057e-15,0.00030390074846263374,2.3670275954114586e-10,256546800823.73633
275,250115.0,0.87039274,1369162978164545.5,0.0010648658115974647,8.074836576026576e-10,1675076984158.198,73199362.56,0.9972942257819404,6.357115653001513e-16,0.00013496388732361865,1.0777776518286338e-10,212303652616.25443
276,27061.0,18.385044,3173559787983447.0,0.009330641128189035,7.736192213981863e-09,1610621518258.2769,584334315.35,0.9972942257819404,5.793192890083309e-15,0.00041958475724709383,3.652138021443978e-10,72427202961.82991
277,248841.0,4.7244835,4451351972437846.0,0.010364143122423246,7.780896716596349e-09,9764971965851.262,1572189228.19,0.9972942257819404,1.0613592295674093e-15,0.00037849380024058813,2.7776386729323544e-10,356612341699.6669
278,246674.0,15.132822,1.320348316716625e+16,0.017831199465138923,1.3541370566361017e-08,15557834618575.807,1663710793.71,0.9972942257819404,1.1461234742686334e-15,0.0004661084679376837,3.688297494011388e-10,406682594329.6535
279,33589.0,30.796597,1.259981320230803e+16,0.034547687205942805,2.493398837248073e-08,14134496917521.322,2849295594.12,0.9972942257819404,2.4442106010237267e-15,0.0006295200155823018,4.591167537371033e-10,257555554058.49042
280,299250.0,9.95566,6940813501768417.0,0.0074919853469209334,5.726427896143896e-09,5223207004955.97,705058696.76,0.9972942257819404,1.434365005984305e-15,0.0003079662658499138,2.587228495597894e-10,214705646446.37158
281,282972.0,19.788689,1.2978476886419396e+16,0.02694790847347937,2.0609814901704733e-08,17673874568466.73,2126103316.78,0.9972942257819404,1.5247312279537804e-15,0.0005676145098039561,4.314657229338403e-10,372271846603.2247
282,172905.0,6.838489,4328027718173790.0,0.0015789671178972752,1.0644411461303718e-09,999316289365.1492,106027359.6,0.9972942257819404,1.580047413117192e-15,0.00015472815239074895,1.0972948737086667e-10,97926271772.75267
283,117634.0,0.30181062,224479517467118.6,9.961139235809838e-05,6.338944178548497e-11,74088570146.31808,11516768.86,0.9972942257819404,1.3444906840741437e-15,6.206321273143004e-05,3.839967945906767e-11,46161132588.411064
284,35232.0,78.61675,6269748047982438.0,0.07948405728271446,5.7414281868922615e-08,6338916490366.535,8735887478.92,0.9972942257819404,1.2539060485101683e-14,0.0009713556351098014,7.270462623517365e-10,77466380855.56091
285,222023.0,0.39475062,1348569362168551.5,0.0007509731662102278,5.8179557305886e-10,2565516942726.587,1062865969.72,0.9972942257819404,2.92718069291761e-16,8.668126124592594e-05,6.56441277115364e-11,296125420120.6421
286,189342.0,7.0181327,1.3890337043436554e+16,0.005296676228094545,3.825520530628803e-09,10483218423355.186,909961833.72,0.9972942257819404,5.0525287313429155e-16,0.00023967446575597428,1.7673055041606455e-10,474365369303.44385
287,90818.0,0.49507234,962936738069813.0,0.0002891266972217048,1.7924584038272373e-10,562363711758.9056,5267260.7,0.9972942257819404,5.141275853617989e-16,5.3337674739402935e-05,3.2958869795490866e-11,103744043809.41446
288,79708.0,12.757714,6558490845385356.0,0.013729602177514325,1.057770841299691e-08,7058119518278.16,818391932.34,0.9972942257819404,1.945220981588547e-15,0.0003779146459324516,2.989902427039815e-10,194278516173.43295
289,261854.0,0.831884,1062821559545723.9,0.00043862835299008366,4.798075356875689e-10,560395043282.3483,42966467.91,0.9972942257819404,7.827127635193698e-16,6.152264273330757e-05,5.867590703843944e-11,78601813590.82318
290,86000.0,0.37566888,288923863402430.4,0.0006398523206797079,3.8632205380871115e-10,492105187147.23456,54007846.15,0.9972942257819404,1.300234863178283e-15,0.00010353067434286661,6.492947561960488e-11,79624594967.24854
291,236479.0,10.502325,1.0851505550623204e+16,0.01127484071206563,8.231794439073229e-09,11649705809844.262,1044823587.04,0.9972942257819404,9.6782192581534e-16,0.0004053544637374045,2.9364765698489966e-10,418831659962.56415
292,63181.0,12.114888,7193972551455300.0,0.009408095371898233,7.221733622152657e-09,5586645115242.462,630803500.6,0.9972942257819404,1.684033114297778e-15,0.00032492060095371726,2.6159105580819554e-10,192941931007.81473
293,200553.0,4.3262005,2307451707875991.0,0.002496647081397481,1.8273736176384584e-09,1331628659359.2292,240300598.06,0.9972942257819404,1.8748823584187884e-15,0.00018434560126797566,1.377616503060054e-10,98323823060.262
294,266294.0,20.026995,9675024630336222.0,0.023259445541262247,1.67444362592245e-08,11236618798760.188,2194081531.43,0.9972942257819404,2.0699683737450113e-15,0.0005145501204330543,3.811384142169842e-10,248578735288.65762
295,82406.0,11.868426,4508123000376533.0,0.005561310182032813,3.962388137019881e-09,2112417463263.4797,1433707260.31,0.9972942257819404,2.632675727571921e-15,0.0002759278785887897,1.9288609969938087e-10,104808911974.61452
296,230876.0,17.45027,3.0774128605686308e+16,0.02701948706033891,1.9345060155430428e-08,47649759554124.19,2938131330.15,0.9972942257819404,5.670435131922993e-16,0.0005267276437074375,3.912218923231373e-10,928901630039.1224
297,257580.0,2.7007911,1344515213271956.0,0.010883047818821984,8.225956819106315e-09,5417828635162.614,1201524959.13,0.9972942257819404,2.00874714792365e-15,0.0004216968670670118,3.2000490550188585e-10,209930287892.58047
298,235691.0,1.0919933,2738089075363668.0,0.0011355725921086532,8.277785057758726e-10,2847360793088.2964,32436877.1,0.9972942257819404,3.98815841977297e-16,0.00013652465198781634,1.0430899317028301e-10,342325047347.5127
299,57175.0,8.588424,5951342171216746.0,0.009259644673098194,7.356129275944716e-09,6416464048991.035,837613864.12,0.9972942257819404,1.4431070761713749e-15,0.0003085044495647768,2.440887713952231e-10,213777934194.081
300,165036.0,3.0872805,1883487291261428.8,0.005383445868333414,3.918034545629035e-09,3284331267016.3374,502765188.6,0.9972942257819404,1.6391299874035009e-15,0.0002970373852004194,2.1542309141468136e-10,181216491360.11957
301,24313.0,22.137413,1866314533151741.5,0.033137290188560445,2.5175626605181946e-08,2793669082660.064,2492257391.04,0.9972942257819404,1.1861565993710294e-14,0.0007446085317105079,5.823676383250494e-10,62774892632.67123
302,66360.0,8.682392,5097388149539803.0,0.010435334955635273,7.468585925385482e-09,6126532036256.104,837499873.35,0.9972942257819404,1.703302111844054e-15,0.0003391697086146695,2.602016757758546e-10,199124809542.7256
303,351439.0,2.4675472,3306779301356396.5,0.002631476512880336,2.3973201101909662e-09,3526462255635.1523,60751436.15,0.9972942257819404,7.462086142210474e-16,0.00013135743931318983,9.670466575195134e-11,176033131767.46332
304,113336.0,27.396965,9554719459601264.0,0.01723607812522824,1.224964783006384e-08,6011099808695.085,2178158270.21,0.9972942257819404,2.867375134962186e-15,0.0005042450261654123,3.6295748763494395e-10,175855966670.389
305,204007.0,2.7294488,2121384777318730.2,0.003931637158785097,3.2058468772892177e-09,3055750750330.018,255168013.73,0.9972942257819404,1.286635422853282e-15,0.00026459192818369473,2.2437986562011373e-10,205646388622.6042
306,209543.0,0.94828975,823863299315407.1,0.0006185486437310849,4.144279797322043e-10,537387993924.17975,73931700.97,0.9972942257819404,1.1510280295141022e-15,8.30375117526737e-05,5.4890357853871175e-11,72142041395.57518
307,67235.0,19.601143,8409507199681542.0,0.017769812734052044,1.3879801082903651e-08,7623808883186.221,1485003909.2,0.9972942257819404,2.330831347732513e-15,0.0005131347646309864,4.088098595937489e-10,220150962501.0732
308,51678.0,2.4449356,795978656769315.8,0.001998957282604224,1.4954335050021867e-09,650784966584.2125,119915144.11,0.9972942257819404,3.0716094950628457e-15,0.00017800717704288772,1.379249779936975e-10,57952411375.53706
309,109991.0,0.114153765,126460856427590.56,0.0006147406465168041,4.795403673788835e-10,681016772765.8019,27265271.06,0.9972942257819404,9.02680625647689e-16,0.0001401051766297017,1.1619397814598764e-10,155210129307.00027
310,133407.0,6.058194,3446020319849263.0,0.003068407862879911,2.2833889487504514e-09,1745370954622.6853,177366227.46,0.9972942257819404,1.758026197670535e-15,0.0001165326055694091,8.507360820401695e-11,66286046091.815994
311,286493.0,10.791008,1.2811582508775302e+16,0.012924686844830894,9.316951048523901e-09,15344784464308.963,1409031255.28,0.9972942257819404,8.422853299043027e-16,0.00036454666295998,2.7122420678591333e-10,432806615546.06256
312,294196.0,3.9932508,4758911237307028.0,0.0029958233346386778,2.548390444498825e-09,3570238396295.7236,241598112.7,0.9972942257819404,8.391101663538697e-16,0.00013903679367943415,1.2195601383239235e-10,165695518007.58368
313,187091.0,9.313696,1.508260444585699e+16,0.019243576990033626,1.4438323785602917e-08,31163059204860.5,1748497355.43,0.9972942257819404,6.175124484258659e-16,0.000448042163497432,3.3921901617950517e-10,725559726997.5048
314,215423.0,1.6287953,1963939400895631.5,0.0005673751754456376,4.39390099109251e-10,684119399256.4684,71875555.64,0.9972942257819404,8.293510987442927e-16,8.203563732880991e-05,6.110987147891534e-11,98915450227.31477
315,241762.0,0.12705827,413896534332944.25,0.00020099342879896333,1.8563524934271877e-10,654742769625.1989,6976657.6,0.9972942257819404,3.0698075354695413e-16,5.6222652190429807e-05,5.223971306344012e-11,183147156754.34125
316,302547.0,6.8856144,6106551745953975.0,0.008781680632938172,6.825910709905858e-09,7788090370189.596,424521272.38,0.9972942257819404,1.127578163005367e-15,0.0002644913486657825,2.0340727832914426e-10,234565866335.00067
317,301428.0,4.918173,4882249994720994.0,0.004288021657075166,3.0243695384368768e-09,4256701363009.95,360532296.32,0.9972942257819404,1.0073578791167697e-15,0.00022479872086519906,1.66193631994477e-10,223156760398.0999
318,116432.0,18.871336,2.011098743537326e+16,0.030178223238844122,2.2992138413334254e-08,32160620126645.164,2130159855.34,0.9972942257819404,9.383594943134003e-16,0.000652822427065042,4.985880774599176e-10,695706103067.3683
319,298018.0,2.8344536,1143295604769533.2,0.0008929348504030952,5.952099645109104e-10,360171177193.16327,113022455.08,0.9972942257819404,2.4791957462054376e-15,0.00011704473100147775,7.390418167480504e-11,47210766306.219246
320,177198.0,0.26886594,390380061087540.7,0.00017008691503639622,1.1549391392176633e-10,246957797191.04507,26122934.54,0.9972942257819404,6.887286693151786e-16,5.149939502273404e-05,3.3946350579709864e-11,74774577155.24065
321,35236.0,0.12410156,504267473512158.56,2.5956174280293803e-05,2.364766043998517e-11,105468895204.58104,7293937.96,0.9972942257819404,2.461026469457736e-16,4.82053739248621e-05,4.708352811716364e-11,195875072954.75656
322,104755.0,4.9656134,1105334803165993.1,0.007485921401162317,5.656727248835269e-09,1666349913279.565,543096082.54,0.9972942257819404,4.492406631707489e-15,0.0003426655290678304,2.7125420187958515e-10,76276605650.36362
323,253937.0,4.1148973,2279650295730819.0,0.01175587053054986,8.489164608736296e-09,6512744250395.073,1051682246.48,0.9972942257819404,1.805056375403768e-15,0.0004288757790057361,3.1978876570097644e-10,237596888856.06253
324,213930.0,1.9720932,2185344665243125.5,0.0015011613671282087,1.1334134488783271e-09,1663488817527.847,54844725.76,0.9972942257819404,9.024174682214713e-16,0.0001243830353122994,1.0584369231979869e-10,137833142301.0235
325,248772.0,30.082905,2.5394214249903204e+16,0.03779220889729552,2.827941359549094e-08,31901953940785.33,2715115754.23,0.9972942257819404,1.1846361814528153e-15,0.0007056508485009094,5.400112493462483e-10,595668830269.4863
326,137218.0,20.175945,5462071926265919.0,0.013113570327053252,9.480811803085604e-09,3550131819674.9326,742997555.55,0.9972942257819404,3.693826312132262e-15,0.00045102111095198243,3.461292020083923e-10,122101331475.8783
327,132318.0,10.102562,1.6314509828458904e+16,0.013974975544055116,1.0454976212947516e-08,22568025404442.95,1274573499.61,0.9972942257819404,6.192378506142532e-16,0.0003967068303088129,3.060304488382757e-10,640637244501.9299
328,291243.0,17.356365,9935773836113282.0,0.017774819118889378,1.2994007183488452e-08,10175320854516.9,1499285047.64,0.9972942257819404,1.7468558852371721e-15,0.0004255084477706241,3.1691215250708394e-10,243585318838.62442
329,128112.0,8.837554,2750229314982858.5,0.006444675739660602,4.512503874609648e-09,2005570335951.9412,360786519.71,0.9972942257819404,3.2133880443547973e-15,0.0003273979710387728,2.3357879659738533e-10,101885600655.64995
330,300148.0,12.299982,9367988179773542.0,0.01382552056132562,1.024087372390553e-08,10529878271180.762,1152251903.25,0.9972942257819404,1.3129800939071354e-15,0.0004024807987096824,3.0627768252320016e-10,306539909155.8117
331,72441.0,1.5486,1556956725728817.0,0.001726867853695583,1.3654528729322091e-09,1736186568033.2073,174237683.87,0.9972942257819404,9.946326538234996e-16,0.00018735368167208097,1.4905986601288601e-10,188364700225.62463
332,249274.0,11.469123,1.1559572617542938e+16,0.01502484636706902,1.0801779956171553e-08,15143337694395.688,888364697.84,0.9972942257819404,9.921753493372522e-16,0.00037159852874443073,2.7980102910090006e-10,374529088021.2344
333,115259.0,43.88596,3.7494214518518e+16,0.0667817294467735,5.072926996806563e-08,57055342751872.27,3761554860.47,0.9972942257819404,1.170472846639451e-15,0.0008173557256909796,6.373520736873174e-10,698312419666.7123
334,216499.0,30.401865,1.7042847220570946e+16,0.04479281037369384,3.3910538708543686e-08,25110203725293.48,2904872223.63,0.9972942257819404,1.7838489429926087e-15,0.0007281013287667403,5.753239136086823e-10,408163107995.7184
335,76347.0,6.4410644,2433603823489239.0,0.003324139519938675,2.5169572296072578e-09,1255947486805.8208,187447707.18,0.9972942257819404,2.6467185569937864e-15,0.00018531363339529183,1.4712848421052795e-10,70016372880.15088
336,78475.0,1.4683088,2942955595331394.5,0.004051626369806164,3.4578761151394546e-09,8120741696306.169,183397858.03,0.9972942257819404,4.98923192157325e-16,0.00020607728052370253,1.8362060664854272e-10,413044099298.3954
337,106211.0,0.20041664,321837913419028.56,9.302949545946036e-06,5.86385196838535e-12,14939088243.919125,1586491.2,0.9972942257819404,6.227253895319047e-16,1.495452957851229e-05,9.42616610701168e-12,24014645668.700665
338,133079.0,5.258148,1833512654128568.5,0.003721978171019906,3.1466505557106166e-09,1297851272911.166,224693730.07,0.9972942257819404,2.8678002238817882e-15,0.0002807793572227159,2.4364779344264e-10,97907572112.06973
339,197100.0,7.1458054,7080942827634293.0,0.0036399748679275487,2.5492946512332012e-09,3606934766768.3,396324656.36,0.9972942257819404,1.0091601604397331e-15,0.000168512481979355,1.192275845199579e-10,166982891898.87073
340,193882.0,2.9426298,1599557246334908.8,0.002606778914231489,1.9509285236244515e-09,1416995131991.1267,137960918.6,0.9972942257819404,1.8396526956084225e-15,0.00017250374620236272,1.3398202375263186e-10,93769735240.87442
341,245355.0,0.33334062,383537779658643.7,0.0010293479968382182,7.133391341921983e-10,1184355645595.7957,50048816.5,0.9972942257819404,8.691206907874364e-16,0.0001372928720962395,9.648190664735064e-11,157967556809.45773
342,312278.0,7.846981,1.0877677547501514e+16,0.011770669821119746,9.026422527639044e-09,16316791238853.25,673622438.8,0.9972942257819404,7.213838584323882e-16,0.0003057644411083525,2.422077922937596e-10,423858168621.6234
343,142293.0,6.9271812,2.2165901940065136e+16,0.008457362222437008,6.914378273124423e-09,27062243108950.3,628357116.48,0.9972942257819404,3.125151964819909e-16,0.00025002578498515735,2.0894744925273364e-10,800043606838.0612
344,225519.0,0.38850775,2107473877232094.5,1.931255248594756e-06,1.231614819122821e-12,10476161638.167637,3122396.9,0.9972942257819404,1.8434759936870806e-16,1.7474354673320382e-06,1.0738953919618472e-12,9479024805.943068
345,251623.0,9.8555765,7603420195663029.0,0.0050071432671262815,3.6939868055945796e-09,3862931228817.1196,612563633.23,0.9972942257819404,1.2962030568324496e-15,0.00024323534582279438,1.981447693481333e-10,187652192718.31696
346,63184.0,0.2746092,493680628641056.75,5.561799760563371e-06,6.08912331783877e-12,9998764798.013336,4980216.01,0.9972942257819404,5.562486840042932e-16,2.0324681211515163e-06,2.303243631048556e-12,3653883918.4666357
347,191572.0,3.0279548,5028528928251668.0,0.0017903037746548577,1.18558109204461e-09,2973160075312.2563,127399161.2,0.9972942257819404,6.02155191548787e-16,0.00016404720388388434,1.1365047900020881e-10,272433429431.9426
348,250975.0,0.8043419,539285974512757.06,0.0004824095790339985,4.037609983552095e-10,323440467223.74994,79473755.9,0.9972942257819404,1.4914941942013605e-15,6.285750113016136e-05,4.6925974652242093e-11,42143979758.37862
349,291442.0,11.253158,4958690646970768.0,0.008919026473603264,6.375910019389444e-09,3930158374630.5854,801336282.13,0.9972942257819404,2.2693809316123568e-15,0.00034872335648849026,2.731986453644228e-10,153664530987.6329
350,52911.0,4.1308537,2519694875748925.0,0.006271655315602135,4.703502811053061e-09,3825518623713.5938,246137762.18,0.9972942257819404,1.639426162174574e-15,0.0002660579014288144,2.0187874154584206e-10,162287212176.67337
351,299678.0,4.251016,5390629025864971.0,0.002852347106362745,2.0065667784265418e-09,3617004759191.9136,316646132.1,0.9972942257819404,7.885936835206146e-16,0.00015867820731978473,1.055422990979937e-10,201216685646.50217
352,220201.0,10.192002,6362802514642046.0,0.012233810548628111,8.892308216530177e-09,7637490703246.067,872130101.58,0.9972942257819404,1.6018102049444757e-15,0.00039451539982799456,2.8825260093342464e-10,246293473852.3968
353,224103.0,4.9098005,7136826784801734.0,0.00800007682693473,5.6682877329197334e-09,11628815178730.674,696466610.95,0.9972942257819404,6.879528743020204e-16,0.0003368374090230417,2.4378842031736814e-10,489622794824.11993
354,95778.0,0.117645174,71187587752751.39,0.0036353534620752735,2.5431720108424844e-09,2199767613023.8213,280509461.47,0.9972942257819404,1.6526079575642458e-15,0.0002671475995326195,1.8378603697386313e-10,161652131898.45966
355,110326.0,1.6089511,2070734028896750.8,0.001569876116385908,1.1810708413084963e-09,2020444185875.2424,143163358.34,0.9972942257819404,7.769955375955355e-16,0.00014877151352394493,1.1975790224939617e-10,191470229011.00345
356,99977.0,12.486979,3806178736346525.5,0.005554000618692272,4.061950750318075e-09,1692925010646.8484,329157474.94,0.9972942257819404,3.280712721333208e-15,0.00028217248778561986,2.09648710250109e-10,86009508223.8567
357,218130.0,1.6877862,2278987803917569.0,0.0011400298646298851,8.52999722993189e-10,1539362128682.7122,67701407.4,0.9972942257819404,7.405858851454596e-16,0.00010921731465468141,7.819212959586979e-11,147474205011.6576
358,177830.0,10.483122,2591314342394294.0,0.007984849872092631,5.834381131953712e-09,1973768500969.3564,666273474.43,0.9972942257819404,4.045484497382097e-15,0.00035628166345754353,2.700774541735479e-10,88068972625.67674
359,231940.0,0.34111804,202748440833588.12,0.0030364318275363767,2.226308396071528e-09,1804747174117.449,174042182.01,0.9972942257819404,1.6824693625140273e-15,0.00023786919518614032,1.8062401955410205e-10,141380996579.16183
360,90265.0,19.474102,3765041768005779.0,0.014064923885631834,1.0100748005674591e-08,2719253801444.9136,904458358.61,0.9972942257819404,5.172346868894047e-15,0.0004805460016321575,3.8342641441629193e-10,92906762406.46405
361,170139.0,0.50138927,528164845003228.75,0.00027813653668768356,1.983137283638941e-10,292989797706.2518,11309989.9,0.9972942257819404,9.493045111643789e-16,3.7207692750942925e-05,2.6485276771376023e-11,39194686545.10602
362,195688.0,0.30370757,562970524909037.8,0.0007964167680226019,5.48533453156576e-10,1476285776940.1125,54674301.89,0.9972942257819404,5.394733055501825e-16,0.00012986749409387075,9.546865138697524e-11,240730158022.23102
363,116080.0,5.0437512,3099400495249320.0,0.001588879848873928,1.1724840390115176e-09,976371513030.1267,95630005.67,0.9972942257819404,1.6273312234836801e-15,0.00017767964783868009,1.35788633239469e-10,109184685498.94568
364,216379.0,5.851525,1.1216537713860618e+16,0.006223366974686506,4.5592819480343966e-09,11929305673096.477,641078848.6,0.9972942257819404,5.216872754565869e-16,0.00026031427887582997,1.9042854384258613e-10,498985294682.52765
365,260360.0,0.3666349,1350579671820708.2,0.0002696943322738987,2.6990395963019307e-10,993477933427.4702,17289140.97,0.9972942257819404,2.7146484405895263e-16,5.9729291689973e-05,5.28176023405841e-11,220025881793.37836
366,109621.0,0.7632862,653132489712902.4,0.0028857630425139476,2.1430008063660812e-09,2469303913366.4604,162302044.97,0.9972942257819404,1.1686544644801209e-15,0.00020178381250574793,1.5254367467349274e-10,172663365125.2186
367,175888.0,5.440854,4091950901441372.0,0.006693582651395245,5.084662595836107e-09,5034101551750.719,250732587.46,0.9972942257819404,1.3296479188162992e-15,0.000264441932041418,2.0400734749853576e-10,198881168690.7567
368,103108.0,8.902604,9151453035159278.0,0.007349672106306225,5.445071364954668e-09,7555112987692.319,313898685.0,0.9972942257819404,9.728077023175208e-16,0.00028138011307793,2.2281881773540037e-10,289245358982.6621
369,95203.0,2.0850174,1639647660189552.5,0.0004883035442501207,3.544945711037235e-10,383999559807.9786,136073069.63,0.9972942257819404,1.2716252708578624e-15,7.543834513533934e-05,6.049372454633716e-11,59324351964.511696
370,122068.0,17.40402,9872452627957286.0,0.017161471038721378,1.2738905512651523e-08,9734866419128.324,1012860602.15,0.9972942257819404,1.762887162478193e-15,0.00042213606123812025,3.1233955058778047e-10,239457221212.44507
371,47604.0,14.194181,6037630429615578.0,0.013492651248702974,1.0166729011799916e-08,5739228050942.827,877631658.97,0.9972942257819404,2.3509522759748905e-15,0.00039493613485757793,3.003131257193887e-10,167989856235.5147
372,273357.0,1.9333049,1148251866145926.8,0.005135958571421304,3.5801011899330077e-09,3050410731428.178,250204417.57,0.9972942257819404,1.6836941066676253e-15,0.00027094206836478517,1.97332941182491e-10,160921195418.94394
373,153234.0,10.73503,4028682656042548.5,0.013483508409729953,9.815145726290732e-09,5060142027817.613,1082797280.92,0.9972942257819404,2.664650188790304e-15,0.0004249910614255162,3.187520073488476e-10,159492252759.2462
374,53994.0,3.0327272,1985727040823200.8,0.0018506490588448255,1.4050459009500047e-09,1211742315372.8357,79744372.26,0.9972942257819404,1.5272628803718944e-15,0.00017688647981820382,1.362161938126455e-10,115819275182.75784
375,281765.0,0.36284596,222377070793287.4,0.0013140646120656657,9.370155132137522e-10,805349573864.0173,112599721.16,0.9972942257819404,1.6316698421542152e-15,0.00013651780546579785,9.335342893872617e-11,83667542255.70534
376,234940.0,13.138814,5454409709829599.0,0.01773131289490486,1.3097520631321846e-08,7360926581500.876,1377653749.42,0.9972942257819404,2.408842514401154e-15,0.0004974675060639385,3.90191158265355e-10,206517239333.76797
377,83063.0,3.4998996,1783526745681050.2,0.000879155876857515,7.16698277196456e-10,448012285837.5863,32824153.7,0.9972942257819404,1.962347695920614e-15,0.00010827029534316569,8.995235196453989e-11,55173859132.22267
378,152732.0,1.415026,1511971533719697.8,1.4783977050332273e-06,1.0434890097250549e-12,1579684928.423061,7653877.9,0.9972942257819404,9.358813763634848e-16,1.7474354673320382e-06,1.1146165584494448e-12,1867154867.5559452
379,35233.0,5.191488,3913469466749269.5,0.0037785415039320474,2.896634091337175e-09,2848356156170.049,277003353.13,0.9972942257819404,1.3265691847373268e-15,0.00020468787240733268,1.5663528542517414e-10,154298678698.66342
380,208560.0,10.981085,8588188184916428.0,0.0156691609365328,1.262597020921359e-08,12254681829954.42,1314787552.74,0.9972942257819404,1.2786264999742617e-15,0.0003365255769443227,2.7314464137101225e-10,263193025446.52158
381,162849.0,16.641493,6522332690833106.0,0.011441188262238446,9.027561224874005e-09,4484167149231.973,1352526342.67,0.9972942257819404,2.5514633780317578e-15,0.00037483527866980876,4.17388527437973e-10,146909919184.87305
382,125974.0,10.901405,4641524868125350.0,0.007081967457795295,5.2540784913294734e-09,3015311152150.693,701206124.38,0.9972942257819404,2.3486688770888636e-15,0.00030714438770301593,2.386934303695034e-10,130773814350.41467
383,59167.0,1.752719,1897171606478407.0,0.00029512488894090544,2.295015047062176e-10,319447988903.97095,21145631.4,0.9972942257819404,9.23858966692768e-16,6.936336703215881e-05,5.414685017954708e-11,75080038764.4295
384,19237.0,0.55921423,617372116484713.4,6.669058915719124e-05,3.74000440119974e-11,73626363509.3614,15982863.2,0.9972942257819404,9.057976786903472e-16,2.238694118463814e-05,1.1606758366810958e-11,24715167317.503426
385,221674.0,18.646347,1.645525301627044e+16,0.024042759081956497,1.716147067601892e-08,21217543785001.332,1854827213.34,0.9972942257819404,1.1331546820679738e-15,0.0005271362266798105,3.853875642912326e-10,465193530081.70294
386,86614.0,6.8364663,4782943251912013.0,0.010504783764778985,7.776268495774162e-09,7349379403880.703,656659959.82,0.9972942257819404,1.4293429672758668e-15,0.0003626782235072532,2.7623963508090007e-10,253737718525.64435
387,4.0,16.829773,7267036411782334.0,0.015746450513513397,1.12688430569787e-08,6799261596578.308,1198857422.25,0.9972942257819404,2.315905968588959e-15,0.00047822526251122905,3.568156792505114e-10,206495975655.95605
388,71516.0,1.135025,1081037119387948.9,0.0025402492988203223,2.0287914421669657e-09,2419421408800.668,178662234.1,0.9972942257819404,1.0499408203879414e-15,0.00016494634339320974,1.4091142528946508e-10,157100610044.15842
389,292709.0,7.9524636,9355708016429476.0,0.008460125698560776,6.500981696036419e-09,9952949148742.545,423281773.75,0.9972942257819404,8.500119484313479e-16,0.00031293368394401584,2.430525046387227e-10,368152100122.2611
390,173576.0,0.21154357,1009100753127062.5,3.19887076257651e-06,2.0114255983313383e-12,15259187011.319216,20831965.34,0.9972942257819404,2.0963572700194302e-16,1.1443998255276277e-06,7.005033582033874e-13,5458992328.7122755
391,70577.0,10.782477,2997818196579652.5,0.004108941898368072,2.89193700227464e-09,1142396203730.956,311919371.99,0.9972942257819404,3.596774818533766e-15,0.0003080838392589995,2.2726786140270133e-10,85655581681.53285
392,265275.0,14.550826,2.0739542190705428e+16,0.018619110858757233,1.3818362186129486e-08,26538138467783.01,2569695111.75,0.9972942257819404,7.015982255635834e-16,0.0004240107468292364,3.1932170318093247e-10,604349799329.4309
393,261592.0,1.6783328,4611834494596075.0,0.00042404586026835705,3.4698869340427573e-10,1165221418348.1824,46697822.74,0.9972942257819404,3.6391869698849543e-16,7.391647524148145e-05,5.0351501236225244e-11,203112606890.3741
394,73157.0,1.7765644,1815166716512399.5,0.00041235986016594997,3.3586270024443084e-10,421319876385.5335,15946748.1,0.9972942257819404,9.787334594881904e-16,9.447874243470228e-05,7.387878862284235e-11,96531636390.67587
395,13755.0,1.4153599,1476349406370351.2,0.0003298969526575116,2.629356053263688e-10,344112596534.1431,30014093.0,0.9972942257819404,9.586889755858704e-16,9.47804842382712e-05,7.76468873216675e-11,98864685682.1831
396,57179.0,1.0953795,1436792641054441.0,0.000576741369095602,4.331740714260543e-10,756502887728.1565,57209766.31,0.9972942257819404,7.623782783270083e-16,0.00011318681180452905,8.58045214625025e-11,148465420673.98676
397,125625.0,6.8543315,6003150704464648.0,0.0038311095913443924,2.855871964429296e-09,3355356863344.056,344238633.91,0.9972942257819404,1.1417890100447276e-15,0.0002453729153014163,1.9075412639645831e-10,214902151923.67657
398,175301.0,1.0950831,520426068921957.5,0.0011230827882519933,9.287071793449994e-10,533732609483.1488,115044954.95,0.9972942257819404,2.104204930141994e-15,0.00013911630245820724,1.179722712283491e-10,66113476147.41096
399,281809.0,15.237806,1.4640655584004384e+16,0.018871970761927568,1.4067274333499309e-08,18132402008319.46,1443902533.73,0.9972942257819404,1.0407871363798785e-15,0.0004445300130530434,3.4555645569413075e-10,427109441993.32776
400,230637.0,0.151809,134780881943052.64,0.0008600900088880574,5.885284249012998e-10,763615397956.25,57684496.94,0.9972942257819404,1.1263392686816075e-15,7.914152437246345e-05,4.9294411986521104e-11,70264374663.15054
401,77698.0,0.40448558,277606958458781.06,0.005948935811926147,4.446270709650709e-09,4082879732858.058,504761579.72,0.9972942257819404,1.4570440966091916e-15,0.0003252527410906242,2.5092468012862536e-10,223227795128.1961
402,4952.0,5.1040654,2457228658911413.5,0.008077521313657403,5.856276529383944e-09,3888726987096.745,676355366.59,0.9972942257819404,2.077163385462536e-15,0.00038008308961458515,2.7666070803673977e-10,182981797327.39197
403,214657.0,8.481178,4963439535017536.0,0.009570674552950536,7.270711533306422e-09,5601045568540.239,678316438.0,0.9972942257819404,1.7087299926118745e-15,0.00031151365942127325,2.46069259508684e-10,182307129135.7799
404,150300.0,6.5560102,5690094286777532.0,0.005143885074780291,4.087800552784544e-09,4464482235834.159,256103796.41,0.9972942257819404,1.1521795368548914e-15,0.00026522494816196766,2.1176067373889363e-10,230194114439.79742
405,258545.0,22.142395,1.4186806054316494e+16,0.03521399009724759,2.510262298147871e-08,22561879503471.652,2551668504.15,0.9972942257819404,1.560773786236609e-15,0.0006183873402724723,4.5405523524986573e-10,396205616550.9731
406,171260.0,37.739906,2.075885872759033e+16,0.061386496113198144,4.4978413197111386e-08,33765680301261.297,8129889086.65,0.9972942257819404,1.818014491800572e-15,0.0008488192215002251,6.377683163848136e-10,466893539808.66766
407,117273.0,1.5884694,1174194909824734.8,0.0005286130789347041,3.807352743977061e-10,390750231985.5267,34610818.95,0.9972942257819404,1.352815777609785e-15,0.0001314837200096662,1.0045420800625117e-10,97192627544.58517
408,89625.0,5.219462,2213145248574709.0,0.0021386556941479723,1.3694335797361262e-09,906828268476.872,105953297.0,0.9972942257819404,2.358391074133699e-15,0.00020238692497247422,1.3732656050777403e-10,85815676285.50174
409,225039.0,6.8975983,7883162552834440.0,0.0035543092450907752,2.8069685696563105e-09,4062167195513.9585,207153272.57,0.9972942257819404,8.749785703099482e-16,0.00023421287518109217,1.843877103502118e-10,267678413081.73492
410,271651.0,1.2531208,1052524480364083.2,0.002967428148988216,2.2280252203503205e-09,2492409966007.727,324599561.18,0.9972942257819404,1.1905858945594573e-15,0.0002053609917717392,1.461876798905307e-10,172487338133.40466
411,139820.0,4.7604966,4265567757065381.0,0.004303109832536172,3.0393739005585757e-09,3855733571320.5444,204596643.88,0.9972942257819404,1.116028831593363e-15,0.000280243686682151,2.0505933034823288e-10,251107927276.43503
412,12.0,12.183703,1.1092084645434448e+16,0.02130847550044286,1.651863199928877e-08,19399308561287.023,872924417.43,0.9972942257819404,1.0984141745631977e-15,0.00048382146814303085,3.8323438494931996e-10,440472709973.3853
413,40133.0,0.283096,623396177605854.2,6.841767230014641e-05,4.970206019478023e-11,150660254445.84595,11676770.450000001,0.9972942257819404,4.541189217541033e-16,4.142100363519948e-05,3.029751965512479e-11,91211798608.18079
414,323863.0,5.750064,4570373336905662.0,0.00711163332431562,5.393856823879749e-09,5652601314924.823,253341566.88,0.9972942257819404,1.258116914337908e-15,0.00023319310897643842,1.8277254442902237e-10,185350905244.88956
415,224417.0,0.36558393,382518578252680.94,0.0010772124919581126,7.557715686539692e-10,1127111333640.5261,85582329.82,0.9972942257819404,9.557285600871014e-16,0.0001429010799067935,1.1128511647661186e-10,149520570876.076
416,54943.0,6.605249,1926648865026982.0,0.003341959626350484,2.520835379345725e-09,974797879848.9136,327962398.68,0.9972942257819404,3.428361607504176e-15,0.00022998772909557075,1.762460349547033e-10,67083859704.92776
417,281921.0,0.16921046,226926555112081.44,0.002239501735161424,1.618130549956344e-09,3003374696385.2637,113569145.5,0.9972942257819404,7.456617843443892e-16,0.00018762322735333824,1.455720474438147e-10,251619744088.53857
418,143750.0,5.105457,5447164023804812.0,0.001920382200024992,1.3498044769316072e-09,2048912924333.9573,55245913.339999996,0.9972942257819404,9.372688205621296e-16,0.00015002730772637078,1.1104664983449269e-10,160068599781.6416
419,80978.0,0.89694756,1002521925068741.8,9.533349759843084e-07,7.858072379021888e-13,1065546368.5738233,2111502.84,0.9972942257819404,8.946912157941058e-16,3.3151117730563105e-07,2.732553500444827e-13,370531387.20199674
420,235765.0,8.697912,4362046025307887.0,0.010283479708109786,7.56505171612631e-09,5157216098196.279,720699769.61,0.9972942257819404,1.993998217702454e-15,0.00030142790239767096,2.2832174195664222e-10,151167588677.6797
421,235882.0,13.660662,7756489183005169.0,0.01697907836024894,1.1701844815851948e-08,9640677562966.424,1410925099.76,0.9972942257819404,1.7611913944173545e-15,0.00041820811884298297,2.929537608971945e-10,237457507553.48
422,243255.0,2.3494341,2709391262031731.5,0.004634718193811825,3.2363362232487698e-09,5344804085500.099,433663498.91,0.9972942257819404,8.671446361121704e-16,0.00024037768892835453,1.6895627381030064e-10,277205991847.0858
423,246481.0,0.6307543,723897567728695.2,0.0013753596308372638,9.605465807176832e-10,1578458508353.144,143060057.66,0.9972942257819404,8.7133087348125495e-16,0.0001117013999775955,7.301622067802484e-11,128196306795.96085
424,252013.0,18.463182,1.497924133814944e+16,0.03545965150407679,2.648943660623448e-08,28768533920439.066,2687578722.38,0.9972942257819404,1.2325845871097349e-15,0.0005985717402547443,4.5578357453285523e-10,485623255811.0468
425,157544.0,15.152971,7608418863567627.0,0.012757316644391156,1.0245521180912381e-08,6405543084962.74,758010205.9,0.9972942257819404,1.9916057819265084e-15,0.00041265031223703666,3.4465266321411176e-10,207194775181.80038
426,258275.0,5.443816,2226446207403163.0,0.007413409645902999,5.568441903040068e-09,3031983040948.9883,847552585.5600001,0.9972942257819404,2.4450696279563148e-15,0.000303934425934984,2.2688158714559647e-10,124305018744.60905
427,160271.0,0.19747622,179035476605763.62,0.0017173997365411268,1.2979919562961264e-09,1557025348947.0962,190447848.37,0.9972942257819404,1.1030004988052894e-15,0.00016438075151207614,1.2582023558182134e-10,149030532343.4799
428,74669.0,28.910336,1.3144530939451274e+16,0.058478573472315436,4.6377044561746996e-08,26588186948149.78,4482912174.61,0.9972942257819404,2.1994193732109608e-15,0.0008305162531378505,6.663440905429329e-10,377607046320.3064
429,264296.0,11.98053,6736594208243026.0,0.009726429316184181,7.069030257379631e-09,5469124270653.43,1101370896.73,0.9972942257819404,1.7784253629735323e-15,0.0003751314497760023,2.7410135514877743e-10,210934604052.64432
430,228379.0,1.2220644,780309477190754.8,0.0002768200131933779,1.8267912342709522e-10,176754416355.52313,47926436.8,0.9972942257819404,1.5661278450694169e-15,9.310440488930528e-05,6.313273608965479e-11,59448789690.07701
431,161739.0,59.36419,2.53774025279328e+16,0.14284151313337162,1.1208744895047061e-07,61062849109615.93,9221264566.2,0.9972942257819404,2.3392539852988536e-15,0.0012177832605106342,9.868479594060289e-10,520586164719.11456
432,134487.0,6.1236906,1895712434312416.2,0.01405367344941524,1.0162701226927522e-08,4350599213131.8228,917103027.35,0.9972942257819404,3.230284556434368e-15,0.00046947066146099724,3.603221940965714e-10,145334150369.4663
433,166800.0,11.21424,4121295703454689.5,0.011011376579346865,7.914962636658917e-09,4046742265689.3228,715895355.83,0.9972942257819404,2.7210471674234943e-15,0.00039273581520170384,2.8759696935221523e-10,144332601030.79272
434,266232.0,17.255596,2.1647134473870664e+16,0.02016677914729581,1.5799663558962026e-08,25299211925590.004,1148018522.77,0.9972942257819404,7.971307251233875e-16,0.0004470213554508317,3.5340176232904186e-10,560788013009.5819
435,98419.0,15.505636,4195304659267946.0,0.006827051068213528,5.100675341750996e-09,1847170871000.4814,442369120.55,0.9972942257819404,3.695949939117327e-15,0.00028544120429354426,2.1736947447867325e-10,77230809127.71071
436,297888.0,5.1662793,3203164547604021.0,0.006024841622583251,4.9676985591781455e-09,3735485050215.491,316882456.95,0.9972942257819404,1.61286728272027e-15,0.00018730720099740985,1.6363900359003436e-10,116133052610.19157
437,141621.0,0.9258699,777300650539110.9,0.0006281618543855838,4.4467216356195225e-10,527364177254.0273,35787065.29,0.9972942257819404,1.1911348579958685e-15,0.00010835990230272659,8.36288637333891e-11,90971984889.30667
438,191252.0,1.1288222,540134542623129.2,0.005352346844538133,3.80377704239134e-09,2561065343005.2607,476833719.84,0.9972942257819404,2.0898907789121328e-15,0.0003137151591991523,2.3690385967991906e-10,150110791609.1447
439,101571.0,1.3788884,3660363189963619.0,0.0001645269363386433,1.400896869008625e-10,436749153543.86743,2542326.6,0.9972942257819404,3.7670808289756214e-16,5.780816913624862e-05,4.925137038681637e-11,153456142197.95847
440,179773.0,5.0564466,4548724821431592.0,0.0024360480313825273,1.8796831384204653e-09,2191442533289.9329,287073957.91,0.9972942257819404,1.1116184861691889e-15,0.00018309799181378457,1.4240296251631677e-10,164712978501.0763
441,214229.0,0.9165035,1561838280919202.2,0.0007456836336481216,6.347499182324621e-10,1270739549261.4773,57512742.77,0.9972942257819404,5.868107544787558e-16,0.00010695350897514288,1.152210805073814e-10,182262353167.24225
442,164823.0,11.1491995,4805533727018526.0,0.011208621533993164,8.15159205759938e-09,4831145842801.564,1156747992.6,0.9972942257819404,2.3200751744421204e-15,0.0004069679366530436,3.091112694649977e-10,175411530253.929
443,1.0,15.178727,3375817080083260.5,0.013964832240631022,1.0453082474765622e-08,3105841431789.345,735657874.92,0.9972942257819404,4.4963120453273e-15,0.00043341765432771345,3.2895634474731894e-10,96394033589.847
444,46095.0,3.3876207,1265098412436459.8,0.0036298355540449346,2.4070100703518943e-09,1355552939214.1406,390834229.77,0.9972942257819404,2.677752708167393e-15,0.0002111462288003217,1.4966396955328055e-10,78852026983.78615
445,108433.0,0.92729384,1661256662130693.8,0.00028784293462287824,1.9355559541519113e-10,515673643199.77167,15321400.2,0.9972942257819404,5.581881843656067e-16,6.964292775593292e-05,4.3722788999526335e-11,124766037165.55495
446,97457.0,28.902634,2.016498285453771e+16,0.04738746334005823,3.579910517891222e-08,33061602128453.363,3395005976.94,0.9972942257819404,1.4333081366095018e-15,0.0007566638747279755,5.796047702522996e-10,527914309143.5091
447,119312.0,0.59759426,539398367017435.2,0.0027450546966110282,2.0293070269824117e-09,2477731330159.579,121659909.24,0.9972942257819404,1.1078903766512214e-15,0.0002288964211786601,1.7340592609649758e-10,206605658829.29382
448,167266.0,2.1585639,1983302448280234.0,0.00041597883107684244,2.8716610874527035e-10,382204035797.80597,41162591.32,0.9972942257819404,1.0883684946144946e-15,0.00010427695775386777,7.14051315051624e-11,95810342057.72667
449,260745.0,29.798378,1.9591543895106984e+16,0.04542865803209963,3.592479654503241e-08,29867986369314.613,4177231063.55,0.9972942257819404,1.5209816112267797e-15,0.0007368762346998004,5.915248916035621e-10,484474124644.71375
450,127684.0,3.4044342,1821417412413098.8,0.001563745815399413,1.1905915322309e-09,836624733929.829,135408163.01,0.9972942257819404,1.8691125805641918e-15,0.0002002067602093336,1.500180617695982e-10,107113269843.22217
451,264710.0,9.921222,6983066982965505.0,0.017173487533108815,1.3039128830974334e-08,12087584954234.658,1460760299.13,0.9972942257819404,1.4207542365269918e-15,0.0004314699240750845,3.170770858427263e-10,303690753109.9854
452,246406.0,0.7330571,425788619164883.9,0.008283479958314086,6.07607523796337e-09,4811373484180.897,734030378.69,0.9972942257819404,1.7216455936228968e-15,0.00038545655340926205,2.8924313131985167e-10,223888444193.75378
453,270902.0,3.0668478,2375492840938273.0,0.005973343460964148,4.212602079430519e-09,4626781488140.943,587870172.1,0.9972942257819404,1.291036431323723e-15,0.00029534681812857475,2.1414302390916338e-10,228767222181.13574
454,195002.0,14.881406,6810510160735227.0,0.03096707942006312,2.3635935751232813e-08,14172156114726.97,1992848091.68,0.9972942257819404,2.185064796730805e-15,0.0006262829787396687,4.829799086303321e-10,286619865770.88464
455,220875.0,23.824886,3.015688138163111e+16,0.033468124939542286,2.530175573566191e-08,42363026369460.35,2240796346.97,0.9972942257819404,7.900314922653773e-16,0.0006233940519794327,4.872464371972877e-10,789074939521.563
456,243598.0,7.324601,4307664845183331.0,0.008428258841591981,6.1970805638425375e-09,4956736116824.843,609649043.6,0.9972942257819404,1.7003646437791218e-15,0.00032245254014164174,2.4791966964151283e-10,189637288284.81125
457,148631.0,0.30971894,691145996351923.6,0.00015158759833740424,9.868368425601563e-11,338271730128.9371,16504560.2,0.9972942257819404,4.481237562465669e-16,5.241981074094386e-05,3.485552321495271e-11,116976192425.07065
458,93655.0,16.8951,8748635047566130.0,0.015661430011766658,1.23467376782614e-08,8109815005294.187,1544640122.27,0.9972942257819404,1.9311698234229367e-15,0.00037609291701534074,3.100021118270643e-10,194748754073.18042
459,236195.0,17.191055,1.6731946003815998e+16,0.024208289987757065,1.768799377104842e-08,23561776803103.164,2105811369.45,0.9972942257819404,1.0274390675226476e-15,0.0005228663835639008,3.965159391152518e-10,508902571540.93994
460,36637.0,2.6899984,838365210473809.4,0.005128296001137342,3.78252722751163e-09,1598285321049.077,315118272.4,0.9972942257819404,3.2086236003038864e-15,0.00026992133559563506,2.1428453988856687e-10,84123714470.61319
461,156472.0,0.5280529,928454207556853.4,0.0008302319127561301,6.100997570547417e-10,1459763430229.061,41437618.04,0.9972942257819404,5.687441509792124e-16,0.00014407547210347816,1.0860470453416069e-10,253322116553.50122
462,9968.0,5.490236,9635300980535676.0,0.005624061572659601,4.200835231760976e-09,9870163320054.014,644298828.71,0.9972942257819404,5.698043072127021e-16,0.00022249572290907637,1.6976399472226026e-10,390477432502.1397
463,249080.0,3.529006,2375704998402261.5,0.0078698282162015,5.773265409539403e-09,5297919649271.512,638341082.34,0.9972942257819404,1.4854563181764446e-15,0.0003671980891965627,2.779408830757894e-10,247195481081.08444
464,44456.0,12.9358835,4836174065201456.0,0.005562008436461458,3.888083501117285e-09,2079397278960.2356,422670635.79,0.9972942257819404,2.6748175987046778e-15,0.00028819552212929253,2.1301759679972616e-10,107743990569.24693
465,137891.0,6.4920907,2582000111843880.0,0.006173482916569035,4.488729887026072e-09,2455285102693.887,623586190.55,0.9972942257819404,2.5143649956559505e-15,0.0003033564322421521,2.3012780946363885e-10,120649322101.70708
466,274261.0,5.9909763,1.200935723042758e+16,0.005951660462035169,4.23478306279649e-09,11930545711354.592,591150440.25,0.9972942257819404,4.988590300920458e-16,0.00025170824741283144,1.7911063733865006e-10,504567888379.98596
467,210450.0,4.097396,3843685618210698.0,0.006627227453697826,5.000601521407187e-09,6216870142009.568,499145572.93,0.9972942257819404,1.066007058586495e-15,0.0003382985989078347,2.5712214842888065e-10,317351180916.58057
468,236390.0,7.326537,3091794564412921.0,0.00960795059500895,7.3987874399151495e-09,4054549840503.988,629921163.16,0.9972942257819404,2.3696713502021388e-15,0.0003135456382875122,2.434772171201779e-10,132316086051.66534
469,266953.0,28.690346,1.5520138421714662e+16,0.042165018724318284,3.276458427756069e-08,22809307603178.098,2810146253.34,0.9972942257819404,1.848588280621166e-15,0.0007688731741980979,6.097832665364778e-10,415924509669.4759
470,162850.0,10.298723,3798529177882262.0,0.0013424645437337553,9.52423320420222e-10,495147868298.33826,156651682.93,0.9972942257819404,2.711239671388202e-15,0.00015268771074854786,1.0060838826376432e-10,56316567052.284645
471,143254.0,0.17031766,536605065060827.75,6.875908794136266e-05,6.256716021433145e-11,216633288986.58005,1098964.5,0.9972942257819404,3.1739853216013413e-16,3.771477672630318e-05,3.4318466816992885e-11,118824672784.79819
472,284071.0,13.790842,7965576488681622.0,0.014033400700581138,1.0135719883930325e-08,8105678150528.976,747554318.76,0.9972942257819404,1.7313049494403279e-15,0.0004472720259238082,3.3950004725440136e-10,258343872966.10922
473,209978.0,38.90446,4.375605324737118e+16,0.08059115097909524,6.098114857525503e-08,90641296486526.78,6438374902.78,0.9972942257819404,8.89121781163783e-16,0.0009295150281084365,7.235701562119017e-10,1045430499848.7184
474,266499.0,11.182901,7925327109746855.0,0.014012468700779393,1.0172203083106984e-08,9930643047699.896,1235670698.65,0.9972942257819404,1.4110333674741149e-15,0.0003530328555015572,2.727460853971232e-10,250194547938.6642
475,73955.0,1.3515642,3415555536347322.5,0.0005686928439552078,3.609178078938972e-10,1437151111025.5168,27065481.44,0.9972942257819404,3.9570845375431823e-16,9.659843930123025e-05,5.6607957884190885e-11,244115177183.46472
476,185421.0,10.401931,3951903632575018.5,0.005613228512658285,3.970112977827433e-09,2132578859602.89,437176292.52,0.9972942257819404,2.6321317438659838e-15,0.00028974735558790334,2.0601528486323521e-10,110080871241.77625
477,64301.0,4.09965,1334844069092882.0,0.010860575374407228,8.106301958527146e-09,3536198120684.3745,1029801130.39,0.9972942257819404,3.071257605980894e-15,0.00041993443544137107,3.1363508513308616e-10,136730450296.19162
478,197221.0,1.9055107,2503965856381037.5,0.0008005054849990848,5.476647622169122e-10,1051916634361.3032,66685326.9,0.9972942257819404,7.609970779529798e-16,0.00012210334605746565,8.864824861195549e-11,160451793567.87244
479,238242.0,16.185345,8695058458516403.0,0.014723834562382994,1.062806616323961e-08,7909908763356.259,892535812.07,0.9972942257819404,1.861441769163405e-15,0.0003991384856212966,3.0715933253793825e-10,214424373748.03455
480,125975.0,4.647163,2907921541882904.5,0.003557991730703141,2.5920690336242502e-09,2226382160374.599,341921523.41,0.9972942257819404,1.5981046713491869e-15,0.00017879353141372277,1.2506916190434815e-10,111878486196.26259
481,5.0,0.25049096,217136966755494.84,0.0003982490180259717,2.9072770595337953e-10,345220377563.7807,40734212.56,0.9972942257819404,1.1536080831508672e-15,7.0803278553388e-05,5.454065550942868e-11,61375504894.176834
482,141276.0,6.938383,5391945966746946.0,0.0028199503401908554,2.0828954799599178e-09,2191435650528.1938,134506670.33,0.9972942257819404,1.2868049944844025e-15,0.00021342819073427288,1.6696120741240769e-10,165859000896.86035
483,213794.0,5.470833,3758211964481522.5,0.01533495474972724,1.1446665940990367e-08,10534412294290.041,1176970149.51,0.9972942257819404,1.4557010226416934e-15,0.0005161302325409298,3.923053128379529e-10,354557855296.6163
484,60236.0,64.58299,2.977785217235309e+16,0.08921640605079147,6.658037429269644e-08,41135799855799.43,6507761265.09,0.9972942257819404,2.1688263352976594e-15,0.0010487523966722964,7.88929201397793e-10,483557571947.4842
485,19236.0,13.897484,2661569682426053.0,0.008211161353900844,6.659351934394217e-09,1572556451013.0718,607819628.52,0.9972942257819404,5.221536784012461e-15,0.00037589476190705,3.2053956312605783e-10,71989296916.95013
486,131964.0,1.838536,391972490342918.2,0.006251806705364866,4.503941052247363e-09,1332873679625.7573,451129487.84000003,0.9972942257819404,4.690472023665619e-15,0.00033849387039508206,2.4818281758477604e-10,72166269980.33942
487,276638.0,13.223354,5870083949919371.0,0.008531907797769753,6.077061840225145e-09,3787466857945.4316,718795911.16,0.9972942257819404,2.252668635204379e-15,0.0003225788614325488,2.464936030187159e-10,143198540784.62012
488,201144.0,0.14578798,553491526032471.6,1.9211792363127588e-05,2.0494810241740674e-11,72938552772.91359,1978360.64,0.9972942257819404,2.6339695034725263e-16,4.793128767306533e-05,5.126343096761243e-11,181973586291.99966
489,118509.0,4.798438,4655118816017327.0,0.00044730695792433617,3.922252898357167e-10,433946846113.0577,17946828.31,0.9972942257819404,1.0307874384407849e-15,7.554434400068919e-05,7.209451786959353e-11,73287994385.10905
490,193745.0,3.8817818,1470673730447099.5,0.0016615457894062417,1.2436614716712437e-09,629502602236.6194,158434068.45,0.9972942257819404,2.6394581746013097e-15,0.00013907006329540083,9.822373545861818e-11,52688867978.1438
491,9958.0,73.02903,9751487597770276.0,0.06575245452367832,4.9102260705670456e-08,8779854323829.8955,4115679821.62,0.9972942257819404,7.489014293234444e-15,0.0009108458350101573,6.986703420940531e-10,121624261798.11316
492,170382.0,11.829223,4553203307932113.0,0.009825982372283461,7.146741685270803e-09,3782133064966.624,770352926.85,0.9972942257819404,2.598000177016557e-15,0.00031245820722248293,2.317214734526296e-10,120268739774.02798
493,228448.0,7.367507,3633077479330359.5,0.010305653194638381,7.469927117759323e-09,5081941086887.284,855843298.99,0.9972942257819404,2.0278970217166858e-15,0.00036461168328039855,2.7566390610336147e-10,179797928285.20554
494,191083.0,1.4644238,2914360401713449.0,0.0007470141381924585,4.772467139252389e-10,1486638242200.2422,50706267.9,0.9972942257819404,5.024854850275267e-16,7.20312803682629e-05,4.636620602430906e-11,143349972316.7465
495,57178.0,0.14916861,308002461330765.6,0.00040092751113214814,3.100550272424449e-10,827832747411.9358,10911980.06,0.9972942257819404,4.843097985499764e-16,8.901245336116161e-05,7.272750813047129e-11,183792385839.9415
496,234304.0,31.074217,1.8392133759736716e+16,0.045826447904795384,3.478666823371678e-08,27123649152562.812,3436949532.73,0.9972942257819404,1.68953844104953e-15,0.000690018875477173,5.386344431757566e-10,408406733290.15106
497,224627.0,10.302766,9069319116494136.0,0.022777141593863962,1.640795256476672e-08,20050262781501.992,3173083666.12,0.9972942257819404,1.136002148304896e-15,0.0005129117232820294,3.800587484326551e-10,451505944814.7866
498,129951.0,0.22845079,356528569019127.1,1.6984821422626149e-06,1.7998837836754692e-12,2650712688.2136483,3100343.1,0.9972942257819404,6.407643309721527e-16,3.355158252763891e-07,3.6065679278585417e-13,523618137.0572739
499,214656.0,14.917793,1.2703207393577074e+16,0.0235064484015288,1.773182819061791e-08,20016854311561.945,1272414322.72,0.9972942257819404,1.1743327915391394e-15,0.00053904433235505,4.182281753994415e-10,459021783466.12585
500,4953.0,0.7723059,1217460226013464.8,3.267995496028588e-08,2.2206773999749856e-14,51516562.7403073,4260531.9,0.9972942257819404,6.3435821844372805e-16,3.654591859791541e-08,2.4833784376490557e-14,57610853.828887984
501,207550.0,7.635332,2902377920775480.5,0.011190838790195386,8.539522818343045e-09,4253913702720.5728,890692645.28,0.9972942257819404,2.6307159882059506e-15,0.0004142015877447841,3.163099830357137e-10,157448234473.70844
502,40132.0,5.386218,1933522685763833.0,0.0026880673404301022,2.0039711806257794e-09,964951508383.5178,210445891.23,0.9972942257819404,2.785701993391502e-15,0.0001974010027852594,1.5724044820153066e-10,70862211124.3601
503,319125.0,5.323899,5698956997213530.0,0.0042669652321653635,3.1598858906462738e-09,4567564367151.903,173783010.19,0.9972942257819404,9.341883089490038e-16,0.00015628829233805438,1.1889414099292163e-10,167298488795.99493
504,269584.0,2.355793,889373830233822.8,0.005915792139417552,4.4234515100661595e-09,2233367156579.9414,466007202.35,0.9972942257819404,2.6488220362641488e-15,0.00030556101893881903,2.3245485277847368e-10,115357322898.8146
505,138890.0,9.438394,1.8096322767948788e+16,0.011038178308095406,8.28706553051974e-09,21163604468457.8,1126472938.07,0.9972942257819404,5.215641940647061e-16,0.00034856597829678376,2.709995553108531e-10,668308872164.5261
506,107406.0,0.43196455,150023755601789.6,0.0003522581066480113,2.9212357596650954e-10,122341252541.46523,31614630.62,0.9972942257819404,2.8793076687572753e-15,6.867679386500014e-05,5.674927541696274e-11,23851842792.000553
507,158759.0,6.756698,5956655337518136.0,0.0018342656957264206,1.3095502967541954e-09,1617075167023.182,91253176.46000001,0.9972942257819404,1.134310719212303e-15,0.00014450452719686694,1.0623964874763898e-10,127394129976.32158
508,294300.0,2.3618546,2812703284294622.5,0.003492089251921663,2.5441078577743426e-09,4158685681976.3643,238729900.37,0.9972942257819404,8.397098311748559e-16,0.0001918857033347371,1.461654425856046e-10,228514298881.3954
509,209719.0,36.305714,2.4786439332092772e+16,0.04789440792341069,3.8341264507069885e-08,32698209332561.875,2390173249.23,0.9972942257819404,1.464741002673684e-15,0.0007140561345353047,5.670614956014196e-10,487496515241.8708
510,180593.0,7.4329863,2792482873788892.0,0.00384141098414466,2.598052405792759e-09,1443171553324.1997,405666394.63,0.9972942257819404,2.6617840237332548e-15,0.00024931974307027395,1.7337122166172755e-10,93666406007.12352
511,249953.0,26.73887,1.3748654730433306e+16,0.0360523742090335,2.788538389755334e-08,18537494112966.633,2035528936.36,0.9972942257819404,1.9448353692970578e-15,0.0006356059384529871,5.008043471821968e-10,326817348392.1782
512,143751.0,0.4496923,356474987777198.2,0.0006244655231437895,4.694919177957974e-10,495019238110.06775,46850860.0,0.9972942257819404,1.2614974834673785e-15,0.00011302075371527086,8.866078235158249e-11,89592532047.4042
513,80979.0,1.932051,2075164416745129.5,0.0010381975341642196,7.467828612997305e-10,1115100264149.4062,89565344.92,0.9972942257819404,9.31035143244408e-16,0.00010194237126641038,7.326632572677943e-11,109493580350.97208
514,307586.0,8.410877,6148272402404328.0,0.007649913191647478,6.2372480615404545e-09,5592014977391.181,496420060.64,0.9972942257819404,1.3680065633902074e-15,0.00025370573461419284,2.1044173404070724e-10,185456518560.4496
515,36633.0,5.2178006,1779657410438738.2,0.0008909789615263367,7.092155717492542e-10,303889978360.8742,81578384.97,0.9972942257819404,2.931912945376188e-15,0.00012657438553658083,1.1206694720776639e-10,43171263231.466896
516,226802.0,10.178827,3722819676038770.5,0.00750409284104407,5.306592868396362e-09,2744558334615.6235,538763538.46,0.9972942257819404,2.734171377011384e-15,0.00031343427424876136,2.204229435987376e-10,114635928414.75948
517,66359.0,28.9208,2098244458415986.8,0.034759830914919944,2.5324233761060004e-08,2521874311661.7617,3293768934.24,0.9972942257819404,1.3783332005953672e-14,0.0007708485569518928,5.841353372415629e-10,55926140110.31055
518,225945.0,4.824649,9256820059669102.0,0.0025291894801100843,1.912427074436142e-09,4852633199676.722,261643605.38,0.9972942257819404,5.211993934094539e-16,0.00017879865100966797,1.3629987456324752e-10,343052300656.0828
519,139475.0,0.12541592,286131261860186.8,8.44795649889683e-05,5.781892496164013e-11,192736652027.05655,10805766.2,0.9972942257819404,4.3831603434259607e-16,5.838115315582871e-05,4.341067497904886e-11,133194199120.25601
520,141009.0,2.8665063,1731187217188012.0,0.001026010120117803,6.704484071884479e-10,619644758727.1925,113183622.38,0.9972942257819404,1.6558037579875968e-15,0.0001429807966219235,9.472875659257685e-11,86351293703.84877
521,167053.0,47.746548,1.6917967470058404e+16,0.05970987149504675,4.6400469146043686e-08,21156915125980.805,3664654862.93,0.9972942257819404,2.8222390239549956e-15,0.0008395257535393553,6.748594661540304e-10,297467984254.1723
522,74668.0,6.0601487,969819850516968.4,0.0062651178034486615,4.524858611189775e-09,1002621538249.0166,510962678.53,0.9972942257819404,6.248736501701425e-15,0.00029760633064392723,2.3270544131831661e-10,47626641091.82617
523,216616.0,65.11215,4.962985625035951e+16,0.09989182339570343,7.587974807112763e-08,76139658047154.95,7277491963.54,0.9972942257819404,1.311955240642639e-15,0.0010609941071098917,8.15241962269169e-10,808712122366.4473
524,179338.0,30.741869,9858978275610892.0,0.052324849860686286,3.961020460717559e-08,16780682984860.408,3730654582.18,0.9972942257819404,3.118159726150238e-15,0.0007108621546808543,5.575153574263483e-10,227974900938.92767
525,69892.0,5.157745,9357712848025582.0,0.006140574077497817,4.688541176551856e-09,11140862710206.527,136216250.34,0.9972942257819404,5.511758144072834e-16,0.00031962367146793,2.5314551059593757e-10,579894224516.442
526,164311.0,1.3905268,1493974621194518.5,0.00045807947647978886,3.368879589974391e-10,492158160742.2999,10937477.81,0.9972942257819404,9.30756640891392e-16,4.517618274162376e-05,3.2571846553833354e-11,48537051208.52882
527,182102.0,1.0062993,2325918472071854.0,8.524311237428811e-06,5.1390067317314145e-12,19702739501.881153,3681912.8,0.9972942257819404,4.326459899962103e-16,4.859504647907929e-06,2.9341694825484665e-12,11232057525.716337
528,147686.0,8.630169,4690515579808631.0,0.007232309335428266,5.231136199690132e-09,3930775818622.0557,351143347.91,0.9972942257819404,1.8399190564786704e-15,0.00031603983304217447,2.457457626808741e-10,171768335095.69025
529,220696.0,7.959794,3445890937449438.0,0.002959842509914638,2.161646301669369e-09,1281351562765.6257,183820595.77,0.9972942257819404,2.3099378780373237e-15,0.00019776931339038955,1.3995308509122573e-10,85616723839.52916
530,111663.0,0.30787966,432630340223211.25,1.9538036691714544e-07,1.299142419448038e-13,274547122.1200533,2865626.2,0.9972942257819404,7.116460205753313e-16,3.654591859791541e-08,2.430047289673733e-14,51354068.65392124
531,80386.0,21.748566,1.1366261061952772e+16,0.015224753177407964,1.1503405621671307e-08,7956778355787.406,832144505.64,0.9972942257819404,1.9134318560393425e-15,0.0005130468607512755,4.056934445177997e-10,268129151885.89114
532,210307.0,5.779638,2202837974555189.8,0.005695180899996125,4.081215296601101e-09,2170648189120.645,626259539.55,0.9972942257819404,2.6237236087084703e-15,0.00026112327672601926,2.02860752396875e-10,99523926933.20215
533,207449.0,0.6840715,2073846490348797.2,0.00019050786752633343,1.0069058038339456e-10,577547920726.591,14749806.72,0.9972942257819404,3.2985638193738584e-16,5.801215669488856e-05,3.041098324450278e-11,175870954365.5292
534,200869.0,0.1963022,435217594962989.94,2.6004468016497228e-05,1.7632648005683857e-11,57653974476.25099,17681079.4,0.9972942257819404,4.510438049194522e-16,4.825721763857946e-05,3.140609897177866e-11,106990090789.95615
535,105315.0,1.1896191,473196225858399.1,0.00208447296006887,1.569794024940804e-09,829143326303.7511,113572138.45,0.9972942257819404,2.5140080055414173e-15,0.00019203346325264795,1.4013680258653123e-10,76385382556.20692
536,223467.0,1.0863438,1361881332056703.5,0.0009096853999046701,6.580226908605144e-10,1140415735952.75,60787306.65,0.9972942257819404,7.976787510255474e-16,0.00012376369139969999,9.002159629913946e-11,155154805415.81604
537,242500.0,3.337179,2800313292121670.5,0.0031421930346507785,2.108404435954471e-09,2636695520781.0864,179868633.74,0.9972942257819404,1.1917163016683645e-15,0.0002038970030196211,1.3494705317465922e-10,171095253739.64578
538,190081.0,1.5235634,756653203515337.9,0.003226874387128863,2.267845777542347e-09,1602575148735.2915,228652848.32,0.9972942257819404,2.0135557385096255e-15,0.0002631300322542124,1.8079977277967078e-10,130679288992.0065
539,147462.0,22.43387,9333275247425798.0,0.022810275763160238,1.7628471867082494e-08,9489873221484.303,1649491351.57,0.9972942257819404,2.4036438876253502e-15,0.0005554311670591829,4.4504284379050163e-10,231078809102.58887
540,69112.0,6.954431,2072751749326769.8,0.0031865772388805155,2.529318036105428e-09,949751826749.6589,128120939.86,0.9972942257819404,3.355168317797247e-15,0.00025841763055719927,2.0176635538480676e-10,77020765004.97507
541,150035.0,0.17902659,262849142950339.12,0.0,0.0,0.0,1839552.0,0.9972942257819404,6.811001473716961e-16,0.0,0.0,0.0
542,207664.0,37.437305,9755668760437588.0,0.049431638848711844,3.609041918520972e-08,12881234236642.064,6560449617.61,0.9972942257819404,3.8374924281788305e-15,0.0008752249226371352,6.427883765152016e-10,228072091090.0906
543,0.0,122.3265,4956913460189629.0,0.07585794657295902,5.995854937661064e-08,3073915107763.6187,4416021879.5,0.9972942257819404,2.467795756017099e-14,0.0011449787043682014,9.366937926724594e-10,46396817952.881996
544,164822.0,8.175745,5322941503553457.0,0.00342717465750497,2.6754108932202385e-09,2231313504073.306,201177416.39,0.9972942257819404,1.5359449271689505e-15,0.00021062431842458867,1.6775107145075565e-10,137130124068.19223
545,181012.0,3.562751,7396429451772643.0,0.0019493912735569937,1.4900047142445002e-09,4047022940633.6646,148023260.67,0.9972942257819404,4.816852541121911e-16,0.00014444893182455806,1.1184302656673259e-10,299882403688.6832
546,62176.0,3.1504788,1345402757252565.2,0.011824288883551914,8.987433534028689e-09,5049527984915.056,833770012.87,0.9972942257819404,2.341662214542777e-15,0.00037533233793796134,2.826176896974299e-10,160284577172.13803
547,269931.0,2.9597657,1285439996204550.8,0.002273653385595165,1.6009235945134305e-09,987458230004.4603,140250738.05,0.9972942257819404,2.3025312023424978e-15,0.0001596237224075524,1.2009345538290574e-10,69325324340.95052
548,226686.0,1.6465667,956080902810800.9,0.004407659882370223,3.1036329423860528e-09,2559312926478.7583,360460414.77,0.9972942257819404,1.7222043606971192e-15,0.00024000670002116041,1.6788946225295293e-10,139360174377.91748
549,85129.0,1.531136,1427627055241424.2,0.00032724601970147483,1.9419985013577163e-10,305123301552.50323,36384467.95,0.9972942257819404,1.0725041910480406e-15,9.645568182807822e-05,5.418564340160724e-11,89935016229.46823
550,258371.0,20.821558,2.913446595630576e+16,0.032933710884527685,2.4942264051607276e-08,46082338246738.7,2457964603.63,0.9972942257819404,7.14671002764458e-16,0.0006219437557381665,4.831798371456429e-10,870251840822.409
551,38728.0,10.455536,2789434801079502.5,0.006067658220984773,4.058441573602877e-09,1618791901502.8083,419633838.36,0.9972942257819404,3.748263266792879e-15,0.0003608889171485314,2.4575316637534963e-10,96281635376.51352
552,223082.0,1.1233834,697797564720735.1,0.004091884462712925,3.3686777225509706e-09,2541703049199.136,231320335.79,0.9972942257819404,1.6098987110245765e-15,0.00029560501584635163,2.603310263555973e-10,183617151701.56375
553,91995.0,30.541168,8298224308755298.0,0.03172722588417309,2.3290184257232267e-08,8620483574217.443,3538290529.94,0.9972942257819404,3.680446185068364e-15,0.0006548060431499772,4.928392568081357e-10,177914853314.94235
554,241447.0,67.52721,4.907786356023696e+16,0.08244683663717203,6.157813344628099e-08,59921246553089.86,2704220255.77,0.9972942257819404,1.375919917889636e-15,0.0010551656669396214,8.123600185263208e-10,766880145581.4504
555,129167.0,0.16730899,593815701942023.6,1.3255077291407694e-05,7.781779139396343e-12,47045129051.89995,6830067.5,0.9972942257819404,2.817523845409109e-16,5.2486334348526445e-06,3.0236395738211872e-12,18628532437.816986
556,187737.0,10.303789,6466863623527424.0,0.005864164510029943,4.30888045832061e-09,3680466685827.2383,2014576958.98,0.9972942257819404,1.593320904822125e-15,0.0002911167548341948,2.2242784940077763e-10,182710685558.15784
557,247428.0,1.7781484,2179566046904723.0,0.0018967318716689968,1.2366193482754664e-09,2324919780357.923,106525966.37,0.9972942257819404,8.158268030120996e-16,0.00017562952676150825,1.2583203692931325e-10,215277956194.95413
558,4956.0,1.429634,1460275621475909.8,0.0013157224731747516,8.717830823219313e-10,1343922606908.5383,105906394.25,0.9972942257819404,9.790165493244762e-16,0.00011266472285095943,7.782850950284779e-11,115079487602.83813
559,255418.0,8.939146,5.50776478614884e+16,0.016190412817713308,1.2105840826242106e-08,99755598119344.03,1042753025.77,0.9972942257819404,1.6230079437089511e-16,0.00035222554059199934,2.804350431433549e-10,2170202197452.478
560,168330.0,15.824483,9268309768109708.0,0.03335529552131428,2.4948797911691216e-08,19536007040380.598,3132431099.8,0.9972942257819404,1.7073752815695368e-15,0.0005684482473397343,4.2070607941617236e-10,332936908174.73804
561,93654.0,8.012632,6117464294343076.0,0.003319584775898475,2.4221645170156164e-09,2534428305031.827,180715518.09,0.9972942257819404,1.3097962839618726e-15,0.0002785248510640067,2.079720958133177e-10,212647458596.78616
562,212989.0,3.465438,2415666366757435.0,0.0036768632923081797,2.8636221826582184e-09,2563045418903.435,317688003.25,0.9972942257819404,1.4345681372596498e-15,0.00022275583048952832,1.7523011972171402e-10,155277274535.76547
563,274633.0,0.46224123,721862923675291.8,6.709273000601164e-05,5.207450797681896e-11,104775928879.16238,5611673.2,0.9972942257819404,6.403448838271755e-16,1.2353615353747746e-05,9.63252525822718e-12,19292127829.480556
564,185238.0,1.7955804,1305775700809639.8,0.0014061884560176514,1.0743192042917137e-09,1022603452692.4409,33630518.25,0.9972942257819404,1.3751063056899124e-15,0.00012433213389563463,9.49643025980198e-11,90416379723.64272
565,76998.0,16.82546,2.3727795302556656e+16,0.04229053635356369,3.198195549583424e-08,59639450560798.336,4255547597.4,0.9972942257819404,7.091033863642218e-16,0.0006273895450733723,4.893582678861576e-10,884764559213.5442
566,36636.0,1.1579124,376213978532829.25,0.0025921009800359343,1.9273980416379737e-09,842192053956.9009,270313012.04,0.9972942257819404,3.0778027029076967e-15,0.0002110567040654403,1.702043320800709e-10,68573825042.797066
567,44457.0,0.33472732,1417512588689571.5,2.7924846888760424e-06,1.5475151198049508e-12,11825692029.574018,1804495.9,0.9972942257819404,2.361371057095449e-16,1.715701329431021e-06,9.507925894600377e-13,7265699832.627663
568,137890.0,1.5979009,4377841619979085.0,0.0006125828777529178,3.355746199898788e-10,1678321113601.7783,13600765.9,0.9972942257819404,3.649974208083923e-16,9.000534430442047e-05,6.378488432980909e-11,246591726881.46017
569,293770.0,10.940856,5040517521225248.0,0.007983124988863657,6.096941556612273e-09,3677873228611.9453,852458731.38,0.9972942257819404,2.1705818805170028e-15,0.0003506804044010021,2.7377516299593424e-10,161560550905.12173
570,277640.0,7.581719,6040697310213897.0,0.0019663351232414358,1.4058561579798446e-09,1566667834819.9995,173362002.84,0.9972942257819404,1.2551065896283978e-15,0.00016821914724431757,1.280551699092329e-10,134027777906.99242
571,174484.0,15.335995,8449890451072551.0,0.018917124864546758,1.3674889712033666e-08,10423036311284.71,1247749665.17,0.9972942257819404,1.8149341803660178e-15,0.0005613881363750699,4.281340276680681e-10,309315975448.6825
572,146481.0,23.040565,3.649147562748073e+16,0.03872678427859827,2.9179789300337345e-08,61335193153170.18,3182144856.4,0.9972942257819404,6.313958151543969e-16,0.0006521886286761655,4.974524737603843e-10,1032931503539.7948
573,196726.0,0.26891518,671575671357009.9,0.0001633396280733781,2.382240398383141e-10,407916430684.88446,5717067.26,0.9972942257819404,4.0042424326750894e-16,8.062822861401962e-05,1.044306221250485e-10,201357010644.71967
574,203534.0,1.9700032,1709285996125834.0,0.0007498930456281725,4.924919153415957e-10,650649542845.6088,94652564.27,0.9972942257819404,1.1525298893602897e-15,9.989851753918005e-05,6.132208262595072e-11,86677593753.88399
575,133794.0,22.067768,1.967967217240568e+16,0.03723615624595737,2.8437058279368652e-08,33206591073502.188,3834614680.45,0.9972942257819404,1.1213483541124657e-15,0.0006244659308487684,4.856802490012145e-10,556888435746.6472
576,155534.0,13.209947,5008470313195222.0,0.01099659824695641,7.869015746618535e-09,4169292720554.882,782234564.68,0.9972942257819404,2.6375212737504547e-15,0.0003399602311006625,2.570220952818335e-10,128893834709.15176
577,94092.0,9.860827,7449321645646357.0,0.004221738731147354,3.192351315506695e-09,3189295351414.1934,186613730.07,0.9972942257819404,1.3237214700969465e-15,0.0003070212261570287,2.4776205398920306e-10,231937936410.8547
578,89111.0,38.968937,7103580022468415.0,0.03416302747329222,2.6120561308616152e-08,6227519099797.828,2877731073.23,0.9972942257819404,5.485816570904022e-15,0.0006657694398670112,5.238727414976871e-10,121361957925.85483
579,6.0,11.185091,6941201711115441.0,0.015650480951014675,1.178213803423708e-08,9712316614765.377,1113441981.51,0.9972942257819404,1.611405555624254e-15,0.0004652257162242735,3.6256213237263365e-10,288708025487.75275
580,60235.0,10.286401,4069081840925515.0,0.010884819534599403,8.383708205156285e-09,4305803507950.9097,1353818264.84,0.9972942257819404,2.5279415362312674e-15,0.000376438047986414,2.956030205388267e-10,148910899477.3745
581,41831.0,1.854183,753883451598341.1,0.0010326623450934078,7.620555930004897e-10,419865273845.4918,54887522.49,0.9972942257819404,2.4595088220451927e-15,0.00016266676886140142,1.182193403192122e-10,66137908269.886444
582,275987.0,2.4495661,1222135092576838.0,0.004976096020451731,3.793610810268258e-09,2482668898228.96,424488807.32,0.9972942257819404,2.004333330151872e-15,0.0003056511248784513,2.447936505765583e-10,152495156509.3674
583,202686.0,23.204193,4.434407606243075e+16,0.0582829669787011,4.421962400690926e-08,111380918131807.52,3124168186.43,0.9972942257819404,5.232760508378049e-16,0.0007306319691721638,5.753804215887231e-10,1396264873965.4075
584,241217.0,9.427097,6780506468935968.0,0.010909186931072784,7.676365947537499e-09,7846510177732.417,1209342403.21,0.9972942257819404,1.3903234283735369e-15,0.00034971710855371597,2.550460692265841e-10,251536514034.6019
585,209180.0,0.17999423,763461857569635.0,0.0006563808411540769,4.18871076840879e-10,2784098891728.9795,25516309.04,0.9972942257819404,2.357606057399964e-16,0.00011499917838373404,7.699940814172867e-11,487779449084.7146
586,157324.0,23.551188,9883145010101224.0,0.03538922533854737,2.665427531450131e-08,14850921567778.754,2895082348.85,0.9972942257819404,2.382964934333063e-15,0.000601052807322894,4.552562172750042e-10,252228976877.96436
587,172738.0,13.435963,7750333773699850.0,0.009455925106719278,6.549964821428344e-09,5454508598764.583,539966254.22,0.9972942257819404,1.7335979833015562e-15,0.00035170080497314547,2.553649272398966e-10,202873335318.11554
588,198947.0,3.8180761,6303173264627697.0,0.0037644733845186703,2.5877245574995843e-09,6214681785075.112,247776901.68,0.9972942257819404,6.05738719166483e-16,0.00023259494044486337,1.59026060044935e-10,383985591617.6564
589,221927.0,12.806509,8984570435817162.0,0.01869250770659988,1.3771276561891215e-08,13113968226001.46,2527637892.1,0.9972942257819404,1.4253891258892697e-15,0.0005306004581690886,3.9922933902312656e-10,372249548233.4049
590,4950.0,6.189589,1425697483754335.5,0.0015367806296419327,1.1954004349468599e-09,353978959954.0304,70707118.0,0.9972942257819404,4.3414462538720025e-15,0.00016832507927717997,1.4048463260512095e-10,38771660279.57987
591,240514.0,5.5019584,2350104690607919.5,0.005340549070270038,4.149317401130836e-09,2281160362910.6646,402953991.96,0.9972942257819404,2.341154597064681e-15,0.0002633754382537088,2.070768173719728e-10,112498097555.76442
592,237458.0,4.4611454,3950341170620994.0,0.004478682524232464,3.110930611613348e-09,3965870282016.869,336745719.7,0.9972942257819404,1.129306357936347e-15,0.0002578296485363024,1.8131528251857687e-10,228307975709.48846
593,152926.0,0.16398811,57271878933977.25,0.0011799328290907382,8.25581843245157e-10,412084572094.3429,130458557.08,0.9972942257819404,2.8633268726706993e-15,0.0001692513938380087,1.1984882178848044e-10,59110049730.418495
594,155681.0,1.6386708,635525699355111.8,0.007143365271550827,5.129719612690065e-09,2770411366304.542,613155125.7,0.9972942257819404,2.5784493084430915e-15,0.0003410712721214766,2.517698382416046e-10,132277672089.43922
595,87926.0,4.456659,1515921815093813.2,0.0007688773519198904,5.794759181627422e-10,261531777707.6785,355338877.83,0.9972942257819404,2.9399003006788967e-15,0.0001442295337111778,1.0527864837162268e-10,49059328194.86143
596,10.0,16.386877,2.2299168370339056e+16,0.02491313856923491,1.788943149202546e-08,33901656281972.29,2126563481.78,0.9972942257819404,7.348649388107578e-16,0.0005048004359805521,3.895054747552678e-10,686929542178.8359
597,251056.0,25.650223,1.5969428572788668e+16,0.036705698108856856,2.837561532935281e-08,22852394856907.625,2789110576.42,0.9972942257819404,1.606207941823733e-15,0.0006707617495646128,5.21036428051696e-10,417605798165.2185
598,184473.0,0.41687417,2771451769519561.0,0.001174859453599316,9.894508862884356e-10,7810669372042.429,28018312.96,0.9972942257819404,1.504172558890557e-16,0.00012145438920085807,1.1392304248756083e-10,807449840000.0066
599,240420.0,11.729671,7900812353580410.0,0.015160302523846286,1.1163211105439965e-08,10211599751128.656,1478906425.88,0.9972942257819404,1.4846158186106606e-15,0.00045836373162273325,3.453566830880042e-10,308742319647.1671
600,201496.0,34.537437,2.551318313145777e+16,0.047976358322782124,3.547894978333242e-08,35440661560079.82,4134792891.19,0.9972942257819404,1.3537094458987878e-15,0.0007138816613267586,5.426372839963273e-10,527352205075.8691
601,237570.0,12.654403,6110512735487749.0,0.01854066059327873,1.3472669946998346e-08,8952847691004.113,1373872913.94,0.9972942257819404,2.0709232674547252e-15,0.0004480952298060084,3.3983815820490315e-10,216374617470.37167
602,61260.0,25.018051,9781621118833188.0,0.03711322783909544,2.7437271962536752e-08,14510624077749.451,2557179372.54,0.9972942257819404,2.5576589704370297e-15,0.000615573543707558,4.810168020183006e-10,240678507503.4356
603,192570.0,1.7694365,1005952461095115.0,0.000382384076831091,2.9883113940112946e-10,217391357741.19022,52898408.71,0.9972942257819404,1.7589663214042238e-15,8.664304967649111e-05,6.378305668157041e-11,49257935539.84703
604,251419.0,17.853605,7131834730484162.0,0.016745214259962546,1.2874511824748712e-08,6689074874715.752,1667889692.26,0.9972942257819404,2.503367741219091e-15,0.0005279449931813944,4.20949369083241e-10,210893902836.78238
605,159775.0,11.701087,2579050612769573.0,0.015833282528248015,1.2343862871135133e-08,3489832782768.97,1032460012.29,0.9972942257819404,4.536974552598841e-15,0.00045644867545132197,3.458953692827761e-10,100606399740.51915
606,4964.0,7.653927,6.719206131696773e+16,0.013488891471287796,1.0538839799041674e-08,118415869766812.86,964331054.44,0.9972942257819404,1.1391118013025128e-16,0.0002975050175511987,2.3269525543225126e-10,2611727990272.928
607,139476.0,9.372528,4579644742057659.0,0.022539809485019557,1.6213222172762616e-08,11013498172003.451,1751403740.61,0.9972942257819404,2.0465622396266643e-15,0.0005777016150470143,4.2394802676739376e-10,282279035477.7576
608,177409.0,0.27679104,1791720970835373.0,2.631379043320817e-06,2.066930298915756e-12,17033416306.158714,8814220.9,0.9972942257819404,1.544833400431479e-16,1.089630952059367e-06,8.655914856974094e-13,7053388098.386714
609,111133.0,5.9978156,1464595649170291.0,0.0032274978410315935,2.4679012513162525e-09,788116809673.405,263197548.41,0.9972942257819404,4.095202388043298e-15,0.00027408730900929505,2.1564807954896755e-10,66928879952.1957
610,69891.0,7.3013644,4275491478135175.0,0.0017493456027953469,1.2760314463510983e-09,1024371858096.1041,252677352.97,0.9972942257819404,1.7077251673495578e-15,0.0001765047915502189,1.2461450329221429e-10,103356672914.85771
611,200413.0,12.185676,1.5812991647925942e+16,0.012776568577426747,9.775026742038684e-09,16579775484265.475,911879564.14,0.9972942257819404,7.706116762287859e-16,0.00037993886370779346,3.011331787330102e-10,493035435911.2954
612,99500.0,2.0977147,1775646477409341.0,0.0002838290743998645,2.160146232503396e-10,240251973323.38528,8826372.04,0.9972942257819404,1.181380824780254e-15,8.228101898914878e-05,7.081352091481258e-11,69648175476.73814
613,105316.0,0.9207259,982905337160256.1,7.67478042633274e-05,5.286657060285806e-11,81930818309.50467,22766905.89,0.9972942257819404,9.367391397630408e-16,4.8464341647031163e-05,3.42413890231213e-11,51737286924.18125
614,113859.0,12.250585,1.1451531321304666e+16,0.011547732315230725,8.799879136760278e-09,10794522734865.861,976866938.81,0.9972942257819404,1.069777015516585e-15,0.00042065380247426244,3.313829826423621e-10,393216339828.6631
615,235166.0,1.8974555,590400586054070.0,0.002453509208217512,1.878777741219801e-09,763418838766.2721,154464604.73,0.9972942257819404,3.2138442014117977e-15,0.00016097129024023404,1.3271448050606204e-10,50086836869.54133
616,318273.0,17.834854,2.225956220567827e+16,0.023046544647011082,1.6952122797546097e-08,28764238507143.64,1708305822.23,0.9972942257819404,8.012221370396244e-16,0.0005260102634767239,3.931767023557386e-10,656509898016.8468
617,268148.0,0.40131658,860068946141818.0,0.00015509414116784856,8.140430389861888e-11,332385107405.7341,18329450.1,0.9972942257819404,4.666097779721793e-16,7.386823584285114e-05,4.322618843367384e-11,158308375284.95895
618,184314.0,1.5900333,1656007080241489.2,0.0016753815284152435,1.3484820820336498e-09,1744896583713.9707,77914514.09,0.9972942257819404,9.601609310560022e-16,0.00016862996345638653,1.3376105398825066e-10,175626770473.69995
619,200713.0,5.7412157,2348452493165452.0,0.008040402027990614,6.030190465519925e-09,3288937948923.799,804077981.98,0.9972942257819404,2.4446803657763082e-15,0.0003512745154079729,2.7753671042902723e-10,143689342920.06134
620,204945.0,29.81592,3.2985445340131948e+16,0.04707748195161547,3.583171893826137e-08,52081965193965.52,3011440533.38,0.9972942257819404,9.039113976649657e-16,0.0007621594870828454,5.83748548228741e-10,843179418969.2688
621,86613.0,2.9663649,1539344112040512.8,0.001189194856345418,7.54045651850812e-10,617112244074.956,81980248.73,0.9972942257819404,1.927031699278641e-15,0.00016295306290116474,1.0896242745724363e-10,84561692971.71608
622,168080.0,18.786097,8832285671091552.0,0.02414367568945348,1.7990428071103686e-08,11351151909810.824,2441423806.85,0.9972942257819404,2.1269802290801914e-15,0.0005857364402142341,4.5424566242480217e-10,275384054917.8657
623,123161.0,6.0935407,4734936575017475.0,0.004943417212510692,3.546020918598599e-09,3841242410194.7505,358644494.08,0.9972942257819404,1.286931852931422e-15,0.00022636426747659342,1.6307469287192173e-10,175894525386.85117
624,3.0,5.6315165,1308508922319042.8,0.008614622374216792,6.802670230512935e-09,2001647378476.4597,424648326.26,0.9972942257819404,4.303766221188146e-15,0.00040059517291055166,3.2783632708664126e-10,93080142443.22937
625,218523.0,5.1344137,4125220301434645.5,0.007472851443258637,5.777658105868176e-09,6004026999876.485,499854236.71,0.9972942257819404,1.244639879769423e-15,0.0002843089013827462,2.3254569716345338e-10,228426636494.5788
626,44460.0,13.201861,4548432731748172.0,0.015825391981601048,1.1361060706903872e-08,5452316978784.981,1061687343.6899999,0.9972942257819404,2.9025076941010223e-15,0.000434351690099899,3.1753225357661935e-10,149647041757.25824
627,231336.0,6.751201,3256257814653237.5,0.014598187486094151,1.0870265431739447e-08,7041037895534.0205,1096741726.99,0.9972942257819404,2.073300513742934e-15,0.00045961751905314373,3.5495217761672313e-10,221683984548.57623
628,96318.0,20.60267,5953770406050304.0,0.028084632402902463,2.1026339328702614e-08,8115911834009.968,2743399029.33,0.9972942257819404,3.460440795476977e-15,0.0006211211856852818,4.804078021489742e-10,179491926721.3379
629,50227.0,1.8911831,1357816852649915.5,0.0011140255636379734,7.325665174260056e-10,799839362243.9103,21544704.63,0.9972942257819404,1.3928116272155312e-15,0.0001301477613094834,8.619417636520325e-11,93442471879.46803
630,62175.0,0.3314557,741432786762601.6,0.00026940367853918554,1.798923863936061e-10,602628707677.6909,13188789.4,0.9972942257819404,4.470475354175676e-16,8.305789082471438e-05,5.427084275527715e-11,185792078569.75125
631,219093.0,14.4304085,7176742666876094.0,0.0211818552750456,1.5622896894866364e-08,10534471322555.715,1582018363.3,0.9972942257819404,2.0107183954919892e-15,0.00048265704588757493,3.7081915375489303e-10,240042089916.56277
632,274052.0,18.300491,1.2573651770262634e+16,0.02727599026756069,2.1089246981993503e-08,18740415397236.11,2482152566.38,0.9972942257819404,1.4554634830337557e-15,0.0005348156215314974,4.205326404024685e-10,367453823311.82385
633,140710.0,1.4246156,1070482441297160.8,0.001767281655268766,1.3412254378142692e-09,1327968036284.1707,108982261.38,0.9972942257819404,1.330816410471635e-15,0.00017422455911069652,1.424599195360555e-10,130915547584.02188
634,76349.0,0.14845061,1633201072386656.5,0.0,0.0,0.0,4429793.8,0.9972942257819404,9.0895488932703e-17,0.0,0.0,0.0
635,189678.0,0.67844045,491978457831841.0,0.003257384542263396,2.3267404946168665e-09,2362127764740.4766,242210753.37,0.9972942257819404,1.379004383626675e-15,0.0002324873487366732,1.7778998036647981e-10,168590724944.0712
636,91996.0,2.8722522,3426332748016705.0,0.0011069968045316514,7.467128048727233e-10,1320545390588.1401,77282472.61,0.9972942257819404,8.382875836162064e-16,0.0001303355808649175,8.498105228742471e-11,155478362571.7986
637,4949.0,15.657888,3734810789647200.0,0.010463545024519889,8.351722376414702e-09,2495825800742.486,608992522.29,0.9972942257819404,4.192418005057516e-15,0.0004347730192334369,5.680902114939392e-10,103704596895.8604
638,241095.0,11.231546,4933642232115014.0,0.01141977831608339,8.673852162531367e-09,5016326388336.948,1072716614.19,0.9972942257819404,2.2765221861628833e-15,0.00043401663081219264,3.2515558899530957e-10,190648979153.47577
639,131348.0,4.657546,1534739431199709.2,0.002226172448638076,1.52881620690523e-09,733561115139.8751,220975643.98,0.9972942257819404,3.034747075182128e-15,0.00017477816257915676,1.1339218815077939e-10,57592332490.729095
640,203698.0,1.8964316,2268532029866982.5,0.0023556561699432012,1.566293791238812e-09,2817861436642.3403,165259655.66,0.9972942257819404,8.359730323539664e-16,0.00023431801399894349,1.6837048428421171e-10,280293747441.99756
641,130600.0,4.4806337,2319603648011467.5,0.0008061181266314447,4.845312909418435e-10,417323680635.2791,40758239.34,0.9972942257819404,1.931637632938336e-15,0.00013572081393635306,8.623545473937912e-11,70262046888.11098
642,134818.0,3.627848,2624046259767511.0,0.0016111542278677514,1.2359150648358705e-09,1165358423380.744,71525506.69,0.9972942257819404,1.382539650928801e-15,0.00014879349555094426,1.1997894478154575e-10,107623311527.43694
643,291761.0,9.657581,7005642961233585.0,0.008185485027398482,1.365851702649628e-08,5937779405264.846,558842124.628,0.9972942257819404,1.3785431335055434e-15,0.0002790953934638818,8.528300489415898e-10,202456772429.13742
644,200268.0,10.578365,1.828960221581523e+16,0.01923323061149372,1.550281493130642e-08,33253545061950.586,1995868914.35,0.9972942257819404,5.783813598117932e-16,0.00042028076772297355,3.322778754910946e-10,726649918074.355
645,347666.0,5.2685204,5292557791607147.0,0.0025999313611514757,2.2342165790121774e-09,2611793433144.1553,137584587.9,0.9972942257819404,9.95458265633818e-16,0.00015675575489431553,1.3802860644980678e-10,157470946101.90173
646,217996.0,4.3772836,1340375793079062.2,0.008849217824004801,6.626671345785291e-09,2709734722004.2607,657836613.76,0.9972942257819404,3.2657137070079907e-15,0.0003612052853851031,2.6555056455473965e-10,110605312587.56152
647,158109.0,27.347065,1.4161047116098864e+16,0.04579409361902478,3.444490888797107e-08,23713415585111.316,2923103835.355,0.9972942257819404,1.9311470949708744e-15,0.0007233619683154934,5.64931159061457e-10,374576317981.8279
648,147967.0,4.3676167,4002553244563335.5,0.0009009217325684598,6.285255922626753e-10,825618970590.874,121602829.81,0.9972942257819404,1.0912076450032314e-15,0.00013319155821362287,9.360848922345125e-11,122058857288.54883
649,237074.0,1.3945055,993228108310360.0,0.00379521478883085,2.9210687325159046e-09,2703118779626.1597,453328364.31,0.9972942257819404,1.4040133261756728e-15,0.00021423784963110987,1.5697905441145462e-10,152589612674.59082
650,271052.0,8.575086,7598356673444972.0,0.006109928347644884,4.706089569868195e-09,5413988248584.108,594445407.88,0.9972942257819404,1.1285448115338597e-15,0.0002898418229983588,2.2099489075807194e-10,256827925693.46075
651,142750.0,59.216797,3.78241962871631e+16,0.10788411126472872,8.145926568446896e-08,68910005394976.75,11039734402.92,0.9972942257819404,1.565579782592689e-15,0.0010772109629941,8.312750429362383e-10,688058810525.8855
652,261391.0,28.18536,3.544972938025083e+16,0.051206240201664296,4.0468725973565705e-08,64403908899127.78,3499320496.89,0.9972942257819404,7.950796943375867e-16,0.0007421449582543886,5.801942496179672e-10,933422100375.359
653,175065.0,1.6135648,1661155013327520.0,0.00011714217511610834,7.676451073369844e-11,120597147053.66257,2489495.15,0.9972942257819404,9.713511304208809e-16,5.618774809774457e-05,3.682042772107056e-11,57844940246.683754
654,97983.0,0.27921456,147045787391601.16,9.049218217383143e-05,1.1600148635438424e-10,47656877852.41305,18847548.49,0.9972942257819404,1.8988273309484007e-15,3.731600830676958e-05,4.9174367574202994e-11,19652133555.57268
655,89112.0,0.11416091,138826265013929.0,0.0003595632435281956,2.7910789442094954e-10,437249686738.7722,24131053.31,0.9972942257819404,8.223293336354312e-16,0.00011661065068125509,8.896833910670054e-11,141805291276.3451
656,109232.0,13.470501,3460608859130223.0,0.0077888320608754166,5.808305650608004e-09,2000972438377.977,385945927.62,0.9972942257819404,3.89252341086176e-15,0.0003835887235458344,2.9369741192052496e-10,98545001033.38164
657,209280.0,0.11689184,274613192417982.0,7.78680056432121e-06,4.358693419957074e-12,18293476787.519054,1786498.8,0.9972942257819404,4.256599581788547e-16,4.849330453423166e-06,2.7144325277034423e-12,11392498543.1342
658,124414.0,21.679502,1.0641791962794256e+16,0.02353960343847249,1.790571994918975e-08,11554857795114.508,2025648081.91,0.9972942257819404,2.0372040795192852e-15,0.0005733467116025268,4.37406088120929e-10,281438034297.3877
659,162202.0,2.385467,870567455172088.6,0.0011413694125577431,8.811952820606753e-10,416538591773.2906,87884439.7,0.9972942257819404,2.7401288502433794e-15,0.00013422047588968695,1.0947790093289896e-10,48983271672.70453
660,273591.0,15.736956,8117462140435256.0,0.02113564340892367,1.5574244352158616e-08,10902221826487.781,1576187069.02,0.9972942257819404,1.9386546839079175e-15,0.0004696792599275893,3.5295075435518517e-10,242270716815.23773
661,124011.0,4.623313,2959509969918044.0,0.004047214567199795,3.216517738494335e-09,2590733498256.6265,224140417.65,0.9972942257819404,1.5621886890038185e-15,0.0001644144064508568,1.4579443859315158e-10,105246189278.00656
662,108435.0,20.423521,1.109984246682321e+16,0.020477200536535903,1.5033747183397323e-08,11129016398156.627,2268734372.57,0.9972942257819404,1.8399829602126992e-15,0.0004988637123057974,3.7506648906727027e-10,271124093588.41534
663,180395.0,6.5296993,1771931433048007.8,0.004960163633773718,3.598751598149495e-09,1346014487335.6233,301608152.9,0.9972942257819404,3.685074477609929e-15,0.00027300689958809445,2.0736530305558172e-10,74084499851.18393
664,71515.0,12.869424,5406178914098130.0,0.005190992195577974,4.069377636485314e-09,2180628484303.6956,407381115.73,0.9972942257819404,2.3805027921734816e-15,0.0003127166222329636,2.3673465003582974e-10,131365786782.98566
665,46093.0,1.0050346,428824849860302.06,0.0008534266322799363,6.736718903770452e-10,364137261994.987,113592894.94,0.9972942257819404,2.343694868260105e-15,0.00015111183439286597,1.2161541623098055e-10,64475899332.85439
666,121721.0,3.73324,2073190052428836.5,0.00015982909128116685,1.0958265755334086e-10,88758312386.25311,25005876.86,0.9972942257819404,1.8007225124519285e-15,6.756474016229915e-05,3.814098487208193e-11,37520906022.49458
667,201642.0,17.800903,8957811811321592.0,0.014854220350316518,1.107701028066861e-08,7474975314569.09,1016732231.61,0.9972942257819404,1.9871932314431757e-15,0.00044473084895963036,3.392063406997655e-10,223798492226.4705
668,222985.0,34.042,9704336446546456.0,0.02918116394143222,2.2008313820521794e-08,8318660266420.536,2153757701.57,0.9972942257819404,3.5079162998429168e-15,0.0006821020555585392,5.258677458998949e-10,194446502497.53207
669,122734.0,31.379309,6980024007911428.0,0.0274288567997149,2.0425710190755854e-08,6101284096841.478,1769223154.68,0.9972942257819404,4.495587545892891e-15,0.0005969015357375147,4.5298683648332635e-10,132774977607.28429
670,198946.0,28.547064,2.0849408034515788e+16,0.04135356592260729,3.248007353430609e-08,30202663559471.016,3006313765.08,0.9972942257819404,1.3692026149011468e-15,0.0006865235489236393,5.446747646506664e-10,501403913089.37476
671,253171.0,5.919676,4831555315762467.0,0.003676329243026837,2.4818490343815667e-09,3000567614957.19,289369125.6,0.9972942257819404,1.2252112649290485e-15,0.00017914940682335176,1.289291822158778e-10,146219196600.12775
672,4951.0,8.575221,6314705375072411.0,0.0058786816971412486,4.274971966290075e-09,4329001306354.395,340144367.24,0.9972942257819404,1.3579764202224032e-15,0.0002915587605101293,2.2597556269199724e-10,214700900669.82098
673,224015.0,5.0788946,2146692030147859.8,0.005553411888323856,4.161304802290279e-09,2347255845945.9263,310090844.76,0.9972942257819404,2.3659167354574732e-15,0.0002792859675743557,2.093958560953876e-10,118045560686.37514
674,157827.0,8.484894,7503199687252692.0,0.005320404931358709,4.230005446105113e-09,4704839048906.014,179717202.72,0.9972942257819404,1.1308367568059164e-15,0.0002387650698369147,1.8903023311534056e-10,211140174211.62897
675,225427.0,5.736307,3219834536774324.0,0.004593879187825129,3.5883947582322984e-09,2578580760536.0264,391726210.41,0.9972942257819404,1.781553348311716e-15,0.0002889865010742034,2.393467614458477e-10,162210411126.93073
676,64299.0,9.372662,5055516525700316.0,0.007578108844996126,5.191361387960762e-09,4087553194538.931,498448035.14,0.9972942257819404,1.853947455685876e-15,0.0002953977989841476,2.105096937104373e-10,159334504372.38193
677,164517.0,0.7641715,439426307169578.7,0.00034832436308343306,2.3882562505525266e-10,200299132546.74966,44103322.85,0.9972942257819404,1.7390208267733481e-15,7.788820882164267e-05,5.5696257235874684e-11,44788542852.6809
678,87927.0,12.729086,2.277273691685533e+16,0.028527861984373494,2.13865448149453e-08,51037246175451.71,2821522126.43,0.9972942257819404,5.589616235621867e-16,0.0005430753854428179,4.1060724370765574e-10,971579018219.3047
679,147080.0,0.71483535,426569485259127.06,0.0004439571833200368,3.5705598531782886e-10,264926163998.35294,70291219.96000001,0.9972942257819404,1.6757770414959729e-15,5.7425318093862584e-05,4.790453743293497e-11,34267874945.10533
680,214887.0,0.17534776,413237788343051.1,0.0004507350211837334,2.710276790283214e-10,1062236228639.1584,32907451.82,0.9972942257819404,4.2432653776192003e-16,0.00011159749191454769,6.861448505245072e-11,262999086748.52316
681,282851.0,6.851906,5307301768359990.0,0.005932400888344334,4.516783342134129e-09,4595077884216.488,707901057.95,0.9972942257819404,1.2910338056992202e-15,0.00031048006382338665,2.3528018347032874e-10,240489491795.47745
682,79707.0,9.655597,2009439683435288.8,0.005669158206747139,3.992734608428988e-09,1179816377206.9753,476534770.23,0.9972942257819404,4.805119098421023e-15,0.0003171797856694624,2.3041425795005196e-10,66008725106.04132
683,263052.0,21.266048,1.2208010951583582e+16,0.026097738390838093,1.9367313239697355e-08,14981696462215.957,1712344850.61,0.9972942257819404,1.7419748462169786e-15,0.0005444305370643329,4.1689729795348723e-10,312536394108.48254
684,184472.0,23.098108,2.996871538939938e+16,0.04514792258493816,3.330607941333826e-08,58577319076118.62,4191503115.4,0.9972942257819404,7.707406773988828e-16,0.000684857476658071,5.228494456210275e-10,888570561721.6768
685,201008.0,24.594227,3.5289635673482464e+16,0.07723192814889163,5.878971923916937e-08,110818144710746.97,8951125010.32,0.9972942257819404,6.969249336422233e-16,0.0008315376910661034,6.420497540593461e-10,1193152448600.7063
686,222885.0,11.677534,5507302267070713.0,0.014572097618351515,1.006414340454556e-08,6872422400955.805,1077590499.29,0.9972942257819404,2.1203728129872885e-15,0.0003435214238136135,2.437590100238725e-10,162009917175.67023
687,61261.0,2.9141753,5215355245676894.0,0.0019314393942434763,1.483196074638301e-09,3456601453067.9453,286468500.19,0.9972942257819404,5.5876832214174e-16,0.00018844543642423668,1.6200276716103362e-10,337251467123.13916
688,207960.0,0.10187927,111823536664910.14,0.0011612268980077155,8.508010920270276e-10,1274572330618.836,125112307.84,0.9972942257819404,9.110717925626956e-16,0.0001383418932643668,1.0192183403929721e-10,151845216143.98105
689,140092.0,0.6001977,2823298348506325.5,7.4758687560360646e-06,6.586488031945613e-12,35166092626.757256,2343309.9000000004,0.9972942257819404,2.1258741582076734e-16,1.495452957851229e-05,1.3175435966919574e-11,70345318986.8984
690,139138.0,14.879023,8367570807916410.0,0.011927587696071024,8.12038762524106e-09,6707761296861.147,861623424.17,0.9972942257819404,1.7781771247066378e-15,0.00039679048571706694,2.826794683516542e-10,223144522670.95108
691,234818.0,0.6614331,472536341620086.0,8.433010405256699e-05,7.173703590988577e-11,60246514511.35601,9446914.9,0.9972942257819404,1.3997507529945389e-15,7.11151980251994e-05,6.107736375299114e-11,50805615123.306786
692,158647.0,7.9061317,3172625110572877.5,0.003227561573480829,2.635130475748444e-09,1295177374030.5117,250163324.21,0.9972942257819404,2.491984216367877e-15,0.00022050302626894808,1.828801520247412e-10,88484920899.83467
693,133793.0,8.099583,3712674702093768.0,0.014043241863162737,1.0683063961043454e-08,6437120133314.078,1417876268.09,0.9972942257819404,2.1816031971323072e-15,0.00042163609074697946,3.302691327301513e-10,193268918610.50412
694,212195.0,0.78342885,4096006046105585.0,2.531151379698632e-05,2.3215549027267348e-11,132336348793.56421,1090282.8,0.9972942257819404,1.912665267535118e-16,4.1121692201084e-05,3.7716537581886093e-11,214996805238.5778
695,173413.0,23.16188,6907561231115070.0,0.012908640965727011,9.534748550417643e-09,3849740516799.141,1200599904.97,0.9972942257819404,3.353119751681309e-15,0.0004302871964634456,3.213551635047948e-10,128324434654.53108
696,200412.0,18.893202,1.5268858423732554e+16,0.034398777572866884,2.4919493347541772e-08,27799949670234.35,2352153553.22,0.9972942257819404,1.2373683399037932e-15,0.0005770975888718528,4.254853001701902e-10,466391106238.19806
697,276911.0,6.593407,5364552722800222.0,0.010855646397251284,7.924981205811978e-09,8832412050117.762,749961349.95,0.9972942257819404,1.2290692888480613e-15,0.00032129565099888965,2.449143245202469e-10,261413781886.9612
698,69890.0,0.9318302,1927830782150900.0,0.0007637453585856783,4.786683608548934e-10,1580085955581.1216,10535404.4,0.9972942257819404,4.833568426375825e-16,9.22046689759465e-05,6.074849348129335e-11,190759002133.5043
699,212691.0,0.17215954,261458282652635.62,8.998670849438564e-06,5.9606484909906315e-12,13666259949.640553,4095795.4,0.9972942257819404,6.584589260410816e-16,5.143893165522463e-06,3.4033141590719575e-12,7812018277.965501
700,225317.0,4.1799655,1.1227616626912758e+16,0.0023658231044018725,1.728209966175949e-09,6354730636728.179,152902052.38,0.9972942257819404,3.7229321581755498e-16,0.00019700848374529733,1.4358882204497047e-10,529175594330.04224
701,152220.0,10.489914,6922216250535590.0,0.00961011888330774,7.341649688177042e-09,6341645994772.862,721058347.64,0.9972942257819404,1.515398193344273e-15,0.000342313865975137,2.548023510896462e-10,225890374872.16342
702,99978.0,7.266979,2.1944639376429284e+16,0.016436814376178343,1.3091778034062268e-08,49635476307629.66,1709530285.25,0.9972942257819404,3.3115053181532136e-16,0.0003816143347195304,2.9934248913808483e-10,1152389315600.8945
703,212026.0,0.6129436,848166602313720.8,0.0016175605409482696,1.2503702693982607e-09,2238314957612.475,117402547.58,0.9972942257819404,7.226688699224257e-16,0.000180419484401981,1.556993148059407e-10,249657196969.54428
704,210052.0,16.460926,1.0604703617855732e+16,0.011596758409314437,8.613394972787312e-09,7471036918497.52,1524966731.74,0.9972942257819404,1.5522287650061072e-15,0.00036071034690687186,2.713785394065508e-10,232382207467.62973
705,244839.0,12.507991,1.0864566244696552e+16,0.013521927751762452,9.982732433664282e-09,11745281861413.545,1093275333.61,0.9972942257819404,1.1512646449282476e-15,0.0004743925295820475,3.6276535427204024e-10,412062102030.0801
706,239621.0,1.46203,4317155227242807.0,0.0007999095118520558,5.674485378008145e-10,2362012770198.5215,73459760.03,0.9972942257819404,3.386558794027287e-16,8.762685712096427e-05,5.838195199581775e-11,258748961557.99094
707,2.0,1.1525798,5298567902122253.0,0.0006350109534550479,6.575097016670224e-10,2919232712106.3237,23735382.3,0.9972942257819404,2.1752666405168715e-16,9.477322181962202e-05,9.606021478992441e-11,435685538748.9539
708,123160.0,1.0511816,1054990070795873.1,6.120182248056607e-06,4.874263083035431e-12,6142355900.408536,16724028.35,0.9972942257819404,9.963900410996285e-16,1.8336643996155723e-06,1.552041774566248e-12,1840307835.2649102
709,95777.0,8.490624,2158160658116644.5,0.0014571030887956173,1.0188425129607362e-09,370368839917.8841,108835572.39,0.9972942257819404,3.934194596712502e-15,0.00015297949276001506,1.1764263524952926e-10,38884577007.92127
710,197344.0,30.598011,5.302021385607804e+16,0.06154009237985698,4.752719496288116e-08,106636632645919.88,6994946653.63,0.9972942257819404,5.771008597411072e-16,0.0007225701948585097,5.585862108657215e-10,1252069170686.4922
711,281975.0,13.704393,6683600525629524.0,0.017094202503609175,1.2169383374583904e-08,8336802719999.332,1431939842.08,0.9972942257819404,2.0504506436983968e-15,0.0004246278230523316,3.1335656711448447e-10,207089999633.65643
712,273490.0,28.926018,1.7868278216616248e+16,0.04586513569192193,3.3442347581010316e-08,28331967607367.08,4510895972.26,0.9972942257819404,1.6188475268479324e-15,0.0006875440466014476,5.215218126464115e-10,424712046810.3433
713,211532.0,11.832234,9323744662863430.0,0.016546994255659583,1.258922693510964e-08,13038953538075.553,1323230292.56,0.9972942257819404,1.2690431181720269e-15,0.00043106619235249436,3.246434808997632e-10,339678129276.9759
714,145725.0,8.676131,4755361256388715.0,0.005168320652587298,3.679838360462261e-09,2832740975431.0166,428369416.19,0.9972942257819404,1.8244946140198756e-15,0.0002468727283590953,1.819995251165993e-10,135310198485.68648
715,221543.0,1.682772,976438322785659.0,0.0007107511528779022,5.473072112357073e-10,412417525151.40045,71937298.65,0.9972942257819404,1.7233776683398265e-15,0.00012333080825366408,9.41361228970168e-11,71563424848.40933
716,126351.0,10.41522,5400087831478834.0,0.006088784488549587,4.394699886103136e-09,3156915650856.5063,496718368.68,0.9972942257819404,1.928713073755275e-15,0.00025794630312583156,1.8254922088793105e-10,133740112324.53601
717,62174.0,4.9587784,1087404832649306.4,0.005871030599951388,4.183786684997138e-09,1287451572149.1196,431647524.61,0.9972942257819404,4.5601952935215905e-15,0.00033529259171087594,2.468685112898494e-10,73525928195.9277
718,76348.0,0.37587953,912485576841773.4,0.00038558328763433405,2.954525110620092e-10,936042429971.0142,81369500.24,0.9972942257819404,4.1192928363971084e-16,7.405077315905307e-05,5.835933003493144e-11,179765741597.09586
719,140711.0,27.460642,1.7776944684398046e+16,0.0412589527066016,3.204691981138766e-08,26709430901194.94,2914853930.16,0.9972942257819404,1.5447335010329902e-15,0.000679812686282011,5.28584563148437e-10,440084121841.9931
720,4954.0,5.034921,4090045030817094.0,0.0016203253641803952,1.0602036853388524e-09,1316247802909.5042,91509829.72,0.9972942257819404,1.2310184758513873e-15,0.00014702419357030336,1.0603109094409355e-10,119432970710.38649
721,230566.0,7.423998,4056642391426937.5,0.005271690153920488,3.5838774211983696e-09,2880572132813.3237,1299653056.34,0.9972942257819404,1.8300844106173688e-15,0.00027046834662970844,1.9204212760526195e-10,147790093757.73407
722,91997.0,11.090728,6594365744663557.0,0.025045891993750773,1.9456637053793974e-08,14891878351730.682,2040080133.17,0.9972942257819404,1.6818490859375054e-15,0.000507376339115273,4.091587834902458e-10,301677685208.27094
723,161526.0,2.921975,3526043553199678.0,0.0007077117368668787,3.9470924073273737e-10,854019082060.3203,34549312.21,0.9972942257819404,8.286837516083654e-16,7.785940993103584e-05,4.3373843711206385e-11,93955516540.44264
724,13753.0,104.66159,8471653864737866.0,0.07635610438380669,5.763273252798131e-08,6180514616674.597,4992587581.56,0.9972942257819404,1.2354327935379887e-14,0.0011103909626178974,8.72847713468244e-10,89878702299.78267
725,36634.0,0.18480699,159121749681661.66,5.135337263502424e-05,4.774147290904661e-11,44216068373.49291,9886319.24,0.9972942257819404,1.1614187901385205e-15,4.115986831472602e-05,3.935451712256831e-11,35439299470.79378
726,167555.0,2.0013812,916357769383603.1,0.001442041618988495,1.015076282847036e-09,660257047150.5464,101306677.3,0.9972942257819404,2.1840609278036113e-15,0.0001524700163783244,1.1324866843449667e-10,69810331038.54617
727,201944.0,5.2424436,4426566450730780.5,0.00799110151933562,6.010517962172251e-09,6747453017877.927,578753197.19,0.9972942257819404,1.1843137696790989e-15,0.00034356989780895376,2.63705915395283e-10,290100399577.4256
728,270054.0,28.573963,2.240199775452174e+16,0.02635852086217769,2.0578122160797406e-08,20665090284012.023,1703053238.21,0.9972942257819404,1.2755095912922533e-15,0.0006431442679084549,6.214374360451036e-10,504225348283.63617
729,202235.0,16.500736,3.849825623022061e+16,0.03235392252962748,2.491634293391976e-08,75485699522633.78,4088056131.49,0.9972942257819404,4.2860995836604013e-16,0.0005380979622429932,4.2151030388746724e-10,1255449043448.1423
730,155930.0,4.18806,5842475400191914.0,0.0016462494517712146,1.262454839153305e-09,2296569754146.967,191141148.39000002,0.9972942257819404,7.168297191054379e-16,0.00015297385728455895,1.1501930470270563e-10,213403341417.62634
731,162636.0,0.953148,577493702801846.2,0.0009709893728907208,6.825897920527486e-10,588303441156.9924,48213847.25,0.9972942257819404,1.650490724618431e-15,0.00014273457265249356,1.0041046496296539e-10,86480081665.10095
732,243329.0,24.539312,3.732590618301709e+16,0.04114234509396138,2.9786039103815775e-08,62580210607637.086,3359294161.76,0.9972942257819404,6.574337908818175e-16,0.000680928064539747,5.054924536283318e-10,1035736334188.7501
733,54945.0,0.10965558,849789248100375.5,3.600454370833237e-05,3.013143069690005e-11,279021588560.2982,1194916.5,0.9972942257819404,1.2903855896638468e-16,1.495452957851229e-05,1.2515125181142188e-11,115891944999.23108
734,120075.0,0.39619312,932005437759933.2,4.785484257205481e-07,3.347580568289246e-13,1125738213.230473,2375324.3,0.9972942257819404,4.250974339294056e-16,3.3151117730563105e-07,2.3190137417087113e-13,779847514.583407
735,218842.0,3.8563728,1896081236212059.5,0.004686901927709187,3.5271900771182227e-09,2304431459815.1714,360081591.75,0.9972942257819404,2.033864755554545e-15,0.00023360770745137107,1.808695975435966e-10,114859017451.07756
736,175887.0,5.3925443,2724967357309421.0,0.002588615761869424,1.990121857390568e-09,1308082615419.745,193372699.45,0.9972942257819404,1.9789390450990544e-15,0.00019839724137167932,1.5720829572051122e-10,100254346824.38573
737,186760.0,2.823821,2052560929036036.8,0.0019492225856643883,1.3728271894230527e-09,1416838433218.438,185516008.58,0.9972942257819404,1.3757550190367198e-15,0.00015850093246615743,1.0859587652637823e-10,115210142992.7089
738,192771.0,0.28394505,484617037686053.6,9.329324550588086e-05,7.256747415025326e-11,159226217443.05005,20801193.98,0.9972942257819404,5.859163585246177e-16,6.440318081123477e-05,4.523136716982049e-11,109918727945.07208
739,184124.0,3.7163584,6415715340414070.0,0.0007930544551090545,5.349898076707852e-10,1369085294202.7556,78857335.43,0.9972942257819404,5.792586177553424e-16,0.00014604067718263416,1.0156978138020417e-10,252116537771.2454
740,87272.0,1.6062245,2301427010380799.5,0.002726780317822519,2.1335426128735703e-09,3906979301343.9194,181906521.87,0.9972942257819404,6.979254578811215e-16,0.0001756464372537825,1.3804607997002901e-10,251669336990.57095
741,285820.0,17.984652,8931805086412381.0,0.019686692772306655,1.4554699325500705e-08,9777097863129.432,1802343295.71,0.9972942257819404,2.013551776601056e-15,0.0004910635910883724,3.6857415356206247e-10,243879296671.13126
742,136895.0,15.106151,6524952902605753.0,0.015846271000426022,1.1977938204424129e-08,6844640435522.399,1239996762.53,0.9972942257819404,2.3151356378323175e-15,0.0004335369903305148,3.381282814191652e-10,187262026140.48108
743,4960.0,14.440303,2.0688500565915244e+16,0.022026267744966063,1.7804047191619205e-08,31556848405932.418,1681874318.51,0.9972942257819404,6.979869301785318e-16,0.00047591643258377143,3.9414471545030726e-10,681841467234.9825
744,244341.0,4.7608147,6311042400918900.0,0.003925763619926938,2.703104939176135e-09,5204080020451.915,261824015.59,0.9972942257819404,7.543626547821666e-16,0.0002680762393887435,1.8899850608427016e-10,355367856148.91614
745,219646.0,14.23766,5664544170319497.0,0.01794068748801863,1.3020636971250055e-08,7137817360562.05,1580477898.8,0.9972942257819404,2.513469675918681e-15,0.0004506568056946494,3.483339445379511e-10,179296694928.27002
746,104109.0,13.793226,4885025956995674.0,0.0058231745834240005,4.295420599392917e-09,2062342703015.503,521382849.79,0.9972942257819404,2.823572714132093e-15,0.0002761505105454482,2.1215284819869822e-10,97801805904.73338
747,73956.0,11.811422,1.4841874161997354e+16,0.01451384815730291,1.1406364265157207e-08,18237660796221.4,1252957398.3,0.9972942257819404,7.958174197597746e-16,0.00040943732509264683,3.2229009848480955e-10,514486507742.2402
748,88521.0,3.411655,1596789193471419.0,0.004683571585346919,3.4649680582589936e-09,2192096356264.558,284151038.25,0.9972942257819404,2.1365719494776037e-15,0.0002642601601432383,2.0044056502455115e-10,123684184943.01138
749,185422.0,4.9345593,2410249583312311.5,0.007016613362802218,5.0329375839772215e-09,3427213740030.9775,522618302.74,0.9972942257819404,2.047322955334206e-15,0.00027930617985505386,1.9365092520967122e-10,136425071153.2025
750,109233.0,0.4283417,631667218155845.5,0.00018931582100445248,1.3913432371470174e-10,279180378671.44965,13836097.45,0.9972942257819404,6.781129171948245e-16,6.416610502986348e-05,5.3991947310466086e-11,94624513709.75478
